,rmse,mae,r2,rmse_mean,mae_mean,r2_mean
100,3.8032199457245017e-06,2.49718400000013e-06,0.999950323014264,,,
120,4.2357485246926445e-06,2.75619733333302e-06,0.9999368808523544,,,
200,8.89395282899794e-06,5.610415999999672e-06,0.9996879352602343,,,
250,1.4846268883759658e-05,7.991242666666608e-06,0.9990691975524192,,,
aggregate,,,,7.944797545793686e-06,4.713759999999857e-06,0.999661084169818
