,rmse,mae,r2,rmse_mean,mae_mean,r2_mean
100,2.5504609605154846e-06,1.7381600000000378e-06,0.9999718164353355,,,
120,2.3890821110487647e-06,1.541168000000212e-06,0.9999750869748255,,,
200,4.29726171209327e-06,2.7567093333328374e-06,0.9999165973400683,,,
250,4.931529475617629e-06,2.993408000000126e-06,0.9998883211529422,,,
aggregate,,,,3.542083564818787e-06,2.2573613333333032e-06,0.9999379554757929
