,rmse,mae,r2,rmse_mean,mae_mean,r2_mean
100,5.625812018821307e-06,3.4285386666663517e-06,0.9998943976865099,,,
120,7.835969198510617e-06,4.01702933333347e-06,0.999788868651457,,,
200,1.5009880742734398e-05,7.48464533333352e-06,0.9991954221650148,,,
250,1.383129957997812e-05,8.78662400000004e-06,0.9993292193657056,,,
aggregate,,,,1.057574038501111e-05,5.929209333333345e-06,0.9995519769671718
