,rmse,mae,r2,rmse_mean,mae_mean,r2_mean
100,4.61996592195222e-06,3.1757653333333478e-06,0.999938822351098,,,
120,6.03956742527509e-06,3.994112000000765e-06,0.9998994602304221,,,
200,1.0433918090535533e-05,6.778122666666928e-06,0.9997151575483989,,,
250,9.490168010690025e-06,5.9245706666668505e-06,0.9997557501192567,,,
aggregate,,,,7.645904862113217e-06,4.968142666666973e-06,0.9998272975622939
