,rmse,mae,r2,rmse_mean,mae_mean,r2_mean
100,3.1403553372898e-06,2.205215999999879e-06,0.9999652744687797,,,
120,5.335905744627916e-06,3.265338666666305e-06,0.9999023910861964,,,
200,5.432639062391738e-06,3.812704000000143e-06,0.9998937410507145,,,
250,5.987634211346187e-06,4.163189333333136e-06,0.9998693902403076,,,
aggregate,,,,4.974133588913911e-06,3.361611999999866e-06,0.9999076992114996
