,rmse,mae,r2,rmse_mean,mae_mean,r2_mean
100,5.753797747188722e-06,3.2161706666665166e-06,0.9998997289384789,,,
120,6.806379774561608e-06,4.087546666666629e-06,0.9998602236363213,,,
200,1.524235418678981e-05,9.120784000000808e-06,0.9992887772089852,,,
250,2.0493383815162024e-05,1.146012799999997e-05,0.998831243263058,,,
aggregate,,,,1.207397888092554e-05,6.9711573333334815e-06,0.9994699932617109
