,rmse,mae,r2,rmse_mean,mae_mean,r2_mean
100,1.8512838020024743e-06,1.3478133333335677e-06,0.9999858031352844,,,
120,2.536793766417118e-06,1.8870880000000472e-06,0.9999734186310137,,,
200,4.584202617201734e-06,3.0280426666669356e-06,0.9999117170345239,,,
250,5.204568024341997e-06,3.376160000000076e-06,0.9998868492520672,,,
aggregate,,,,3.544212052490831e-06,2.4097760000001562e-06,0.9999394470132223
