,rmse,mae,r2,rmse_mean,mae_mean,r2_mean
100,3.5185229830461755e-06,1.9206293333334026e-06,0.9999664883134741,,,
120,4.053447162875333e-06,2.5649760000001103e-06,0.999954891881831,,,
200,5.222854288178977e-06,3.4978079999994346e-06,0.9999221350020988,,,
250,6.0314636616846245e-06,4.087397333333095e-06,0.999894148306372,,,
aggregate,,,,4.706572023946278e-06,3.017702666666511e-06,0.999934415875944
