,rmse,mae,r2,rmse_mean,mae_mean,r2_mean
100,2.3848786561259977e-06,1.7076853333335415e-06,0.9999820153810169,,,
120,3.937677605447181e-06,2.6230079999999665e-06,0.9999490917150081,,,
200,8.800722908691385e-06,6.454693333333566e-06,0.9997724401161924,,,
250,6.976788939843065e-06,4.317200000000408e-06,0.9998427595014171,,,
aggregate,,,,5.5250170275269075e-06,3.7756466666668707e-06,0.9998865766784086
