,rmse,mae,r2,rmse_mean,mae_mean,r2_mean
100,2.7655692506247887e-06,1.7466826666668305e-06,0.9999794071035736,,,
120,5.060775838632712e-06,3.2016533333331205e-06,0.9999316636639749,,,
200,5.7237082804770594e-06,3.5991893333333358e-06,0.9999113643905072,,,
250,5.862862513596009e-06,3.4963999999999823e-06,0.9999039758736419,,,
aggregate,,,,4.853228970832642e-06,3.010981333333317e-06,0.9999316027579244
