Voltage,0-2,1,3,5,10,15,20,30,40,50,60,80,100,60_pred,80_pred,100_pred
-0.996,0.00131,0.0007697,0.0007382,0.0008344,0.0008797,0.0009196,0.0009852,0.00101,0.00108,0.00114,0.00121,0.00121,0.00125,0.0012042666666666625,0.001214533333333328,0.0012570666666666605
-0.992,0.00125,0.0007542,0.000733,0.0008216,0.0008651,0.0009048,0.0009706,0.0009986,0.00107,0.00112,0.00119,0.0012,0.00123,0.0011866000000000034,0.0012013333333333303,0.001235900000000002
-0.988,0.00119,0.0007419,0.0007199,0.00081,0.0008526,0.0008918,0.0009571,0.0009844,0.00105,0.00111,0.00118,0.00119,0.00122,0.0011763666666666664,0.0011915333333333367,0.0012268999999999997
-0.984,0.00114,0.0007356,0.000709,0.0007983,0.0008413,0.0008809,0.000944,0.0009711,0.00104,0.00109,0.00117,0.00117,0.00121,0.0011626333333333344,0.0011716666666666694,0.0012145666666666627
-0.98,0.0011,0.0007226,0.0007019,0.0007871,0.0008312,0.0008671,0.0009315,0.0009598,0.00103,0.00108,0.00115,0.00116,0.0012,0.0011477999999999998,0.0011603333333333296,0.0012029666666666652
-0.976,0.00107,0.0007142,0.0006941,0.000778,0.0008206,0.000857,0.000921,0.000949,0.00102,0.00107,0.00114,0.00115,0.00119,0.0011385333333333296,0.0011516666666666652,0.001194000000000003
-0.972,0.00104,0.0007078,0.0006863,0.0007685,0.0008099,0.0008461,0.0009097,0.000938,0.00101,0.00106,0.00113,0.00114,0.00118,0.0011275000000000026,0.0011396666666666638,0.0011818000000000004
-0.968,0.00102,0.0007003,0.000679,0.0007588,0.0008002,0.0008366,0.0008993,0.0009294,0.000996,0.00105,0.00112,0.00113,0.00117,0.0011189666666666703,0.0011309000000000035,0.0011732000000000012
-0.964,0.00101,0.0006927,0.0006731,0.0007518,0.0007921,0.0008267,0.0008905,0.0009208,0.0009867,0.00104,0.00111,0.00112,0.00116,0.0011127000000000008,0.0011246333333333374,0.0011666666666666644
-0.96,0.0009896,0.0006844,0.0006673,0.0007442,0.0007836,0.0008165,0.0008816,0.000912,0.0009781,0.00104,0.0011,0.00111,0.00115,0.0011064333333333308,0.001118866666666668,0.0011611999999999992
-0.956,0.0009631,0.0006761,0.0006625,0.0007366,0.0007754,0.0008105,0.000873,0.0009048,0.0009694,0.00103,0.00109,0.00111,0.00115,0.0010959999999999972,0.0011138333333333339,0.001155433333333332
-0.952,0.0009466,0.0006724,0.0006567,0.0007277,0.0007687,0.0008027,0.0008653,0.000897,0.0009615,0.00102,0.00109,0.0011,0.00114,0.0010908666666666637,0.001104399999999996,0.00114623333333333
-0.948,0.0009344,0.0006683,0.0006508,0.0007226,0.0007612,0.000794,0.0008575,0.00089,0.000955,0.00101,0.00108,0.00109,0.00113,0.0010818000000000023,0.0010943666666666633,0.0011358000000000023
-0.944,0.000915,0.0006623,0.0006448,0.000716,0.0007547,0.0007865,0.0008501,0.0008836,0.0009481,0.00101,0.00107,0.00109,0.00113,0.0010737666666666673,0.0010917666666666638,0.001133433333333337
-0.94,0.0008999,0.0006582,0.0006395,0.000709,0.0007484,0.0007813,0.0008447,0.0008773,0.0009424,0.001,0.00107,0.00108,0.00113,0.0010711333333333335,0.0010846333333333358,0.0011324000000000039
-0.936,0.0008868,0.0006534,0.0006351,0.0007025,0.0007409,0.0007749,0.0008385,0.000872,0.0009362,0.000995,0.00106,0.00108,0.00112,0.0010622333333333365,0.001080400000000003,0.0011238666666666711
-0.932,0.0008797,0.0006479,0.0006313,0.000697,0.0007346,0.0007689,0.0008332,0.0008667,0.000931,0.0009899,0.00106,0.00107,0.00112,0.0010599333333333365,0.0010744333333333339,0.001122566666666671
-0.928,0.0008626,0.0006432,0.0006255,0.0006912,0.0007287,0.0007635,0.0008278,0.0008623,0.000926,0.0009858,0.00105,0.00107,0.00111,0.0010524999999999987,0.0010705666666666668,0.0011143666666666681
-0.924,0.0008518,0.0006399,0.0006213,0.000685,0.0007244,0.0007585,0.000822,0.0008577,0.0009219,0.0009814,0.00105,0.00106,0.00111,0.001049733333333331,0.001064100000000002,0.001111066666666667
-0.92,0.0008393,0.0006347,0.0006166,0.0006805,0.0007196,0.0007535,0.0008182,0.0008534,0.0009176,0.0009778,0.00104,0.00106,0.0011,0.0010425333333333342,0.0010613000000000033,0.001103599999999996
-0.916,0.0008287,0.0006295,0.0006132,0.000675,0.000714,0.0007496,0.0008139,0.0008502,0.0009135,0.000974,0.00104,0.00106,0.0011,0.0010405666666666686,0.0010593666666666695,0.0011009999999999948
-0.912,0.0008164,0.0006231,0.0006092,0.0006699,0.0007095,0.0007442,0.0008099,0.0008466,0.0009105,0.0009704,0.00104,0.00105,0.0011,0.0010388333333333347,0.001052466666666665,0.001100633333333328
-0.908,0.000808,0.0006181,0.0006049,0.0006653,0.0007049,0.0007404,0.0008063,0.000843,0.0009069,0.0009681,0.00103,0.00105,0.0011,0.0010327999999999984,0.0010512999999999976,0.0010999333333333277
-0.904,0.0007955,0.0006143,0.0006007,0.0006604,0.0007007,0.0007379,0.0008024,0.00084,0.0009036,0.0009649,0.00103,0.00105,0.00109,0.0010306666666666643,0.0010504666666666636,0.0010927333333333297
-0.9,0.0007988,0.0006096,0.0005976,0.0006557,0.0006969,0.0007335,0.0007992,0.0008375,0.0009012,0.0009629,0.00103,0.00105,0.00109,0.0010298333333333305,0.0010497999999999966,0.0010909999999999967
-0.896,0.000776,0.000605,0.0005934,0.0006517,0.0006923,0.0007299,0.0007967,0.0008359,0.0008988,0.0009607,0.00103,0.00105,0.00109,0.001029233333333331,0.0010493333333333303,0.0010908999999999969
-0.892,0.0007679,0.0005983,0.0005894,0.0006475,0.0006887,0.0007268,0.0007932,0.0008327,0.0008968,0.0009581,0.00102,0.00104,0.00109,0.001023033333333333,0.0010433333333333336,0.0010908999999999969
-0.888,0.0007522,0.0005943,0.0005863,0.000642,0.0006853,0.0007243,0.0007911,0.0008308,0.0008949,0.0009563,0.00102,0.00104,0.00109,0.0010208999999999997,0.0010413333333333344,0.0010902666666666636
-0.884,0.0007382,0.0005893,0.0005821,0.0006381,0.0006819,0.0007221,0.0007892,0.0008289,0.0008925,0.000955,0.00102,0.00104,0.00109,0.0010200999999999997,0.0010402666666666687,0.0010900333333333304
-0.88,0.0007219,0.0005807,0.0005781,0.0006346,0.0006782,0.0007193,0.0007871,0.000827,0.0008908,0.0009535,0.00102,0.00104,0.00109,0.0010199999999999996,0.0010401000000000021,0.001089999999999997
-0.876,0.000715,0.000576,0.000575,0.000631,0.0006759,0.0007161,0.0007843,0.0008257,0.0008898,0.0009525,0.00102,0.00104,0.00109,0.0010199999999999996,0.0010400333333333354,0.001089999999999997
-0.872,0.0006999,0.0005704,0.0005704,0.0006272,0.0006725,0.000714,0.0007828,0.0008246,0.0008885,0.0009513,0.00102,0.00104,0.00109,0.0010199999999999996,0.001040000000000002,0.001089999999999997
-0.868,0.0006907,0.0005647,0.0005677,0.0006235,0.0006697,0.0007122,0.0007817,0.0008235,0.0008881,0.000951,0.00102,0.00104,0.00109,0.0010199999999999996,0.001040000000000002,0.001089999999999997
-0.864,0.0006786,0.0005587,0.0005649,0.0006205,0.0006672,0.0007116,0.0007805,0.0008236,0.0008877,0.0009509,0.00102,0.00104,0.00109,0.0010199999999999996,0.001040000000000002,0.001089999999999997
-0.86,0.0006672,0.0005533,0.000561,0.0006177,0.0006652,0.0007103,0.0007793,0.0008231,0.0008872,0.0009505,0.00102,0.00104,0.00109,0.0010186686666666664,0.0010392333333333354,0.001089866666666664
-0.856,0.0006587,0.0005475,0.0005574,0.0006138,0.0006635,0.0007092,0.0007795,0.0008221,0.0008869,0.0009506,0.00102,0.00104,0.00109,0.0010195046666666664,0.001039666666666669,0.001089866666666664
-0.852,0.0006477,0.0005411,0.000557,0.0006117,0.0006618,0.000708,0.0007792,0.0008221,0.0008868,0.0009506,0.00102,0.00104,0.00109,0.0010195046666666664,0.001039666666666669,0.001089866666666664
-0.848,0.0006415,0.0005362,0.0005524,0.0006088,0.0006604,0.0007074,0.0007785,0.0008221,0.0008872,0.0009507,0.00102,0.00104,0.00109,0.0010199223333333329,0.0010399333333333356,0.0010899666666666637
-0.844,0.0006313,0.0005315,0.0005491,0.0006076,0.000659,0.0007071,0.0007777,0.0008222,0.0008872,0.0009512,0.00102,0.00104,0.00109,0.0010199223333333329,0.0010399333333333356,0.0010899666666666637
-0.84,0.0006203,0.0005272,0.0005477,0.0006042,0.0006576,0.0007067,0.0007777,0.0008223,0.0008875,0.0009512,0.00102,0.00104,0.00109,0.0010199999999999996,0.001040000000000002,0.001089999999999997
-0.836,0.0006122,0.000522,0.0005457,0.0006025,0.000657,0.0007067,0.0007787,0.0008235,0.0008886,0.0009525,0.00102,0.00104,0.00109,0.0010199999999999996,0.001040100000000002,0.001089999999999997
-0.832,0.0006007,0.0005181,0.0005431,0.0006008,0.0006564,0.0007068,0.0007787,0.000824,0.0008892,0.0009536,0.00102,0.00104,0.00109,0.0010199999999999996,0.0010402666666666687,0.0010900333333333304
-0.828,0.0005934,0.0005126,0.0005416,0.0005991,0.0006564,0.0007071,0.0007794,0.0008245,0.0008898,0.0009542,0.00102,0.00104,0.00109,0.0010199999999999996,0.0010411333333333348,0.0010902333333333305
-0.824,0.0005833,0.0005092,0.0005397,0.0005981,0.0006555,0.0007079,0.0007799,0.0008254,0.0008913,0.0009557,0.00102,0.00105,0.00109,0.001020133333333333,0.0010478999999999977,0.0010914999999999966
-0.82,0.0005772,0.0005067,0.0005386,0.0005971,0.0006559,0.0007083,0.0007799,0.0008268,0.0008925,0.0009572,0.00102,0.00105,0.0011,0.0010203666666666667,0.0010488666666666638,0.0010967666666666616
-0.816,0.0005681,0.0005029,0.0005379,0.0005964,0.0006558,0.000709,0.0007814,0.0008279,0.0008938,0.0009584,0.00103,0.00105,0.0011,0.0010269999999999984,0.0010493999999999968,0.0010990333333333276
-0.812,0.0005644,0.0005007,0.0005363,0.0005953,0.0006556,0.0007089,0.0007824,0.000829,0.0008945,0.0009594,0.00103,0.00105,0.0011,0.0010287666666666643,0.0010497666666666634,0.001099666666666661
-0.808,0.0005571,0.0004988,0.0005356,0.0005948,0.0006564,0.0007095,0.000784,0.0008305,0.0008967,0.0009611,0.00103,0.00105,0.0011,0.0010295333333333306,0.0010498333333333301,0.001099866666666661
-0.804,0.0005518,0.0004974,0.0005346,0.0005946,0.000657,0.0007112,0.0007849,0.0008321,0.0008984,0.0009633,0.00103,0.00105,0.0011,0.001029733333333331,0.0010499666666666635,0.0010999999999999942
-0.8,0.0005457,0.000495,0.0005345,0.0005946,0.0006577,0.0007125,0.0007863,0.0008335,0.0009003,0.000965,0.00103,0.00105,0.0011,0.0010294936666666644,0.0010504999999999976,0.0011006999999999948
-0.796,0.0005413,0.0004934,0.0005341,0.0005945,0.0006584,0.000714,0.0007875,0.0008354,0.0009021,0.000967,0.00103,0.00106,0.00111,0.0010298873333333312,0.0010562666666666684,0.001106566666666665
-0.792,0.0005364,0.0004911,0.0005342,0.0005949,0.0006594,0.0007148,0.0007897,0.0008374,0.0009038,0.000969,0.00104,0.00106,0.00111,0.001036633333333334,0.0010584333333333363,0.0011084666666666659
-0.788,0.0005331,0.0004904,0.000534,0.0005959,0.0006605,0.0007166,0.0007911,0.0008395,0.000906,0.0009716,0.00104,0.00106,0.00111,0.001038866666666668,0.0010595000000000036,0.0011097333333333328
-0.784,0.0005296,0.0004899,0.0005341,0.0005961,0.0006621,0.0007183,0.0007926,0.0008415,0.0009083,0.0009739,0.00104,0.00106,0.00111,0.001039433333333335,0.00106036666666667,0.0011105
-0.78,0.0005252,0.0004894,0.0005346,0.0005967,0.0006633,0.0007199,0.0007951,0.0008437,0.0009108,0.000976,0.00104,0.00107,0.00112,0.0010402666666666682,0.0010668333333333337,0.0011164666666666702
-0.776,0.0005227,0.0004888,0.0005349,0.0005978,0.0006648,0.0007217,0.0007966,0.0008458,0.0009128,0.0009781,0.00105,0.00107,0.00112,0.0010468999999999982,0.0010687333333333333,0.0011189333333333376
-0.772,0.0005201,0.0004893,0.0005359,0.0005994,0.0006662,0.0007235,0.0007984,0.000847,0.0009152,0.0009807,0.00105,0.00107,0.00112,0.0010486333333333301,0.0010693666666666659,0.0011197333333333383
-0.768,0.0005191,0.0004893,0.0005366,0.0006003,0.0006678,0.0007255,0.0008007,0.0008499,0.0009177,0.0009833,0.00105,0.00107,0.00112,0.00104943333333333,0.001070166666666666,0.0011204333333333385
-0.764,0.0005175,0.0004896,0.0005374,0.0006015,0.0006693,0.000727,0.0008028,0.0008521,0.0009197,0.000986,0.00105,0.00108,0.00113,0.0010503999999999973,0.0010773000000000028,0.0011273333333333367
-0.76,0.0005161,0.0004906,0.0005387,0.0006032,0.0006714,0.0007296,0.0008051,0.000855,0.0009226,0.0009885,0.00106,0.00108,0.00113,0.0010580333333333363,0.0010794333333333371,0.001129766666666669
-0.756,0.0005151,0.0004908,0.0005395,0.0006049,0.0006735,0.0007314,0.0008072,0.0008573,0.0009253,0.0009915,0.00106,0.00108,0.00113,0.001059800000000004,0.0010812000000000024,0.0011318000000000016
-0.752,0.0005135,0.0004917,0.0005414,0.0006064,0.0006752,0.0007339,0.0008096,0.0008597,0.0009278,0.0009942,0.00106,0.00109,0.00114,0.0010607666666666703,0.0010875333333333324,0.0011377333333333296
-0.748,0.0005131,0.0004931,0.0005424,0.0006078,0.0006774,0.0007361,0.0008122,0.0008621,0.0009305,0.0009969,0.00107,0.00109,0.00114,0.0010682333333333332,0.0010896999999999977,0.0011399333333333283
-0.744,0.0005134,0.0004939,0.0005438,0.00061,0.0006795,0.000738,0.0008143,0.0008648,0.0009332,0.0009997,0.00107,0.00109,0.00114,0.0010691333333333333,0.0010912666666666633,0.0011419333333333287
-0.74,0.0005136,0.0004957,0.0005453,0.000612,0.0006816,0.0007402,0.0008167,0.0008674,0.0009364,0.001,0.00107,0.0011,0.00115,0.0010698666666666664,0.0010971666666666619,0.0011473333333333316
-0.736,0.0005139,0.0004973,0.0005469,0.000614,0.000684,0.0007425,0.0008191,0.0008698,0.000939,0.00101,0.00108,0.0011,0.00115,0.0010778333333333365,0.0011000999999999947,0.0011508333333333327
-0.732,0.000515,0.000499,0.0005486,0.0006156,0.0006857,0.0007448,0.0008215,0.0008728,0.0009417,0.00101,0.00108,0.0011,0.00115,0.001079000000000004,0.0011004333333333284,0.001151033333333333
-0.728,0.0005157,0.0005007,0.0005506,0.0006184,0.0006884,0.0007474,0.0008241,0.0008755,0.0009444,0.00101,0.00108,0.00111,0.00116,0.0010795333333333374,0.0011065999999999986,0.0011568666666666638
-0.724,0.0005168,0.0005031,0.0005524,0.0006206,0.0006907,0.0007495,0.0008264,0.0008781,0.0009477,0.00102,0.00108,0.00111,0.00116,0.001081833333333336,0.001110166666666667,0.00116083333333333
-0.72,0.000518,0.0005049,0.0005545,0.0006231,0.0006934,0.0007527,0.0008292,0.0008811,0.0009509,0.00102,0.00109,0.00111,0.00116,0.0010881666666666659,0.001112066666666668,0.0011628999999999975
-0.716,0.0005196,0.0005075,0.0005567,0.0006256,0.0006959,0.0007548,0.0008317,0.0008839,0.0009537,0.00102,0.00109,0.00112,0.00117,0.0010890666666666647,0.0011173000000000044,0.0011678000000000016
-0.712,0.0005206,0.0005097,0.0005588,0.0006282,0.0006983,0.0007571,0.0008345,0.0008865,0.0009569,0.00103,0.00109,0.00112,0.00117,0.0010917999999999965,0.0011202000000000054,0.0011715666666666695
-0.708,0.0005227,0.000512,0.0005612,0.0006312,0.0007014,0.0007603,0.0008374,0.0008896,0.0009601,0.00103,0.0011,0.00112,0.00117,0.0010975666666666612,0.0011210333333333386,0.0011718666666666688
-0.704,0.0005248,0.0005151,0.0005639,0.0006345,0.0007042,0.0007633,0.0008401,0.0008926,0.0009635,0.00103,0.0011,0.00113,0.00118,0.0010990999999999948,0.0011272666666666707,0.0011781333333333334
-0.7,0.0005269,0.0005177,0.0005663,0.0006375,0.0007072,0.0007657,0.0008433,0.000896,0.0009667,0.00104,0.0011,0.00113,0.00118,0.001101366666666662,0.0011298333333333356,0.0011825666666666667
-0.696,0.0005289,0.0005207,0.0005693,0.0006409,0.0007105,0.000769,0.0008463,0.0008991,0.0009701,0.00104,0.00111,0.00113,0.00119,0.001107999999999999,0.0011312666666666684,0.0011901000000000032
-0.692,0.0005313,0.0005238,0.0005723,0.0006443,0.0007136,0.000772,0.0008492,0.0009023,0.0009735,0.00104,0.00111,0.00114,0.00119,0.0011105000000000004,0.0011376333333333304,0.0011895666666666715
-0.688,0.0005341,0.0005269,0.0005751,0.0006476,0.000717,0.0007756,0.0008528,0.0009057,0.000977,0.00105,0.00112,0.00114,0.00119,0.0011173333333333374,0.0011394333333333278,0.0011911000000000037
-0.684,0.0005367,0.0005302,0.0005784,0.0006518,0.0007207,0.0007789,0.000856,0.0009088,0.0009805,0.00105,0.00112,0.00114,0.0012,0.0011194333333333386,0.0011415999999999952,0.0011983999999999981
-0.68,0.000539,0.0005336,0.0005816,0.0006554,0.0007236,0.0007824,0.0008589,0.0009119,0.000984,0.00105,0.00112,0.00115,0.0012,0.001119733333333339,0.0011466999999999981,0.0011998666666666635
-0.676,0.0005419,0.0005367,0.0005853,0.0006595,0.0007276,0.0007859,0.0008626,0.0009157,0.000988,0.00106,0.00113,0.00115,0.00121,0.0011285666666666695,0.0011522666666666647,0.0012092999999999939
-0.672,0.0005444,0.0005404,0.0005884,0.0006633,0.0007312,0.000789,0.0008658,0.0009191,0.0009919,0.00106,0.00113,0.00116,0.00121,0.0011288000000000027,0.001156366666666663,0.0012095666666666605
-0.668,0.0005474,0.0005439,0.0005917,0.0006673,0.0007353,0.0007926,0.000869,0.0009224,0.0009953,0.00107,0.00113,0.00116,0.00121,0.0011325333333333343,0.001160866666666663,0.0012138333333333276
-0.664,0.0005501,0.0005476,0.0005956,0.0006716,0.0007388,0.0007964,0.0008723,0.0009264,0.0009994,0.00107,0.00114,0.00116,0.00122,0.0011388333333333287,0.0011619666666666635,0.0012196333333333316
-0.66,0.0005525,0.0005515,0.0005992,0.0006757,0.0007432,0.0008002,0.0008761,0.0009299,0.001,0.00107,0.00114,0.00117,0.00122,0.0011402333333333284,0.0011670666666666674,0.0012210333333333323
-0.656,0.000555,0.0005554,0.0006027,0.0006799,0.000747,0.000804,0.0008797,0.0009335,0.00101,0.00108,0.00115,0.00117,0.00123,0.0011492666666666654,0.0011724333333333352,0.0012301666666666706
-0.652,0.0005578,0.0005587,0.0006066,0.0006839,0.0007512,0.0008078,0.0008831,0.0009373,0.00101,0.00108,0.00115,0.00118,0.00123,0.0011495333333333317,0.0011769333333333336,0.0012301333333333375
-0.648,0.0005602,0.0005625,0.0006103,0.0006881,0.0007552,0.0008112,0.0008865,0.0009407,0.00102,0.00109,0.00116,0.00118,0.00124,0.0011585999999999968,0.0011826000000000009,0.0012393333333333375
-0.644,0.0005628,0.0005664,0.0006141,0.0006926,0.0007591,0.0008146,0.0008906,0.0009447,0.00102,0.00109,0.00116,0.00119,0.00124,0.0011597666666666629,0.0011886666666666708,0.0012404000000000037
-0.64,0.0005649,0.0005701,0.0006182,0.0006965,0.0007627,0.0008184,0.0008939,0.0009483,0.00102,0.00109,0.00116,0.00119,0.00124,0.0011606999999999967,0.001189566666666671,0.0012414333333333365
-0.636,0.0005676,0.0005736,0.0006218,0.0007003,0.0007672,0.0008216,0.0008973,0.0009516,0.00103,0.0011,0.00117,0.00119,0.00125,0.0011696666666666693,0.0011934333333333354,0.0012518999999999942
-0.632,0.0005696,0.0005771,0.0006255,0.0007043,0.0007709,0.0008252,0.0009007,0.0009555,0.00103,0.0011,0.00117,0.0012,0.00125,0.001170233333333336,0.0011975999999999983,0.0012514333333333266
-0.628,0.0005716,0.0005802,0.0006294,0.0007083,0.0007745,0.0008287,0.0009044,0.0009592,0.00104,0.00111,0.00118,0.0012,0.00126,0.0011802666666666662,0.0012039999999999967,0.0012621999999999976
-0.624,0.0005731,0.0005833,0.0006326,0.0007123,0.000778,0.0008324,0.0009073,0.0009627,0.00104,0.00111,0.00118,0.00121,0.00126,0.0011801666666666664,0.0012088666666666607,0.0012618666666666639
-0.62,0.0005749,0.0005864,0.0006358,0.0007156,0.0007813,0.0008353,0.0009108,0.0009664,0.00104,0.00111,0.00118,0.00121,0.00127,0.0011796666666666668,0.0012094666666666606,0.001266666666666662
-0.616,0.0005758,0.0005891,0.000639,0.000719,0.0007846,0.000838,0.0009135,0.0009695,0.00105,0.00112,0.00119,0.00122,0.00127,0.0011906000000000043,0.0012200666666666658,0.0012733666666666634
-0.612,0.0005771,0.0005916,0.0006418,0.0007219,0.0007876,0.0008413,0.0009168,0.0009725,0.00105,0.00112,0.00119,0.00122,0.00128,0.0011920333333333365,0.0012197666666666656,0.0012785333333333359
-0.608,0.0005775,0.0005937,0.0006443,0.0007241,0.0007903,0.0008437,0.0009192,0.0009755,0.00105,0.00112,0.0012,0.00122,0.00128,0.0011966999999999982,0.0012201333333333327,0.0012788666666666692
-0.604,0.000577,0.0005951,0.0006461,0.0007264,0.0007925,0.000846,0.0009214,0.0009783,0.00106,0.00113,0.0012,0.00123,0.00128,0.0012011666666666635,0.0012302000000000042,0.0012839666666666705
-0.6,0.0005766,0.0005959,0.0006476,0.0007277,0.0007944,0.000848,0.0009239,0.0009815,0.00106,0.00113,0.0012,0.00123,0.00129,0.0012007666666666633,0.0012296666666666712,0.0012877333333333406
-0.596,0.0005757,0.0005966,0.0006484,0.000729,0.0007957,0.0008499,0.0009263,0.0009834,0.00106,0.00113,0.00121,0.00123,0.00129,0.0012061333333333278,0.0012297000000000046,0.001288133333333341
-0.592,0.0005743,0.0005962,0.0006483,0.0007292,0.0007967,0.0008517,0.0009283,0.0009859,0.00107,0.00114,0.00121,0.00124,0.00129,0.0012095999999999938,0.0012381666666666708,0.0012914666666666748
-0.588,0.0005725,0.0005955,0.0006477,0.0007289,0.0007971,0.000853,0.0009301,0.0009882,0.00107,0.00114,0.00121,0.00124,0.0013,0.0012101666666666606,0.0012392000000000039,0.0012973333333333402
-0.584,0.0005702,0.0005943,0.0006469,0.0007284,0.000797,0.0008541,0.000932,0.0009901,0.00107,0.00114,0.00122,0.00124,0.0013,0.001216099999999997,0.0012395666666666703,0.0012985666666666732
-0.58,0.0005679,0.0005925,0.0006453,0.0007276,0.0007974,0.0008553,0.0009338,0.0009923,0.00107,0.00115,0.00122,0.00125,0.0013,0.0012198333333333323,0.0012490333333333265,0.0013025000000000042
-0.576,0.0005646,0.0005898,0.0006434,0.0007259,0.0007973,0.0008564,0.0009354,0.0009946,0.00108,0.00115,0.00122,0.00125,0.00131,0.0012199333333333326,0.001249866666666659,0.001307966666666664
-0.572,0.0005613,0.000587,0.0006413,0.0007242,0.0007969,0.0008571,0.0009367,0.0009963,0.00108,0.00115,0.00122,0.00125,0.00131,0.0012216,0.001251499999999993,0.0013097666666666613
-0.568,0.0005585,0.0005834,0.0006389,0.0007227,0.0007964,0.0008581,0.000938,0.0009983,0.00108,0.00115,0.00123,0.00126,0.00131,0.0012271000000000035,0.0012570666666666629,0.0013107999999999943
-0.564,0.0005554,0.0005802,0.0006367,0.0007211,0.0007961,0.0008588,0.0009395,0.001,0.00108,0.00116,0.00123,0.00126,0.00132,0.0012307666666666718,0.0012610333333333307,0.0013206999999999928
-0.56,0.0005519,0.0005763,0.0006344,0.0007193,0.0007956,0.0008595,0.0009412,0.001,0.00109,0.00116,0.00123,0.00126,0.00132,0.0012323666666666717,0.0012625333333333303,0.0013226666666666601
-0.556,0.0005488,0.0005729,0.0006323,0.0007178,0.0007955,0.0008605,0.0009427,0.00101,0.00109,0.00116,0.00124,0.00127,0.00133,0.0012379000000000036,0.001268199999999995,0.0013283333333333305
-0.552,0.0005458,0.0005696,0.00063,0.0007163,0.0007948,0.0008616,0.0009443,0.00101,0.00109,0.00117,0.00124,0.00127,0.00133,0.0012399666666666701,0.0012708999999999954,0.0013312666666666655
-0.548,0.0005428,0.0005663,0.000628,0.0007147,0.0007951,0.0008629,0.0009463,0.00101,0.00109,0.00117,0.00124,0.00127,0.00133,0.0012402666666666696,0.0012724666666666634,0.001332833333333333
-0.544,0.0005402,0.0005631,0.0006265,0.0007139,0.000795,0.0008641,0.0009478,0.00101,0.0011,0.00117,0.00124,0.00128,0.00134,0.0012413000000000014,0.0012777333333333345,0.001338100000000003
-0.54,0.0005374,0.0005601,0.0006247,0.0007128,0.0007952,0.0008651,0.0009497,0.00101,0.0011,0.00118,0.00125,0.00128,0.00134,0.001249199999999993,0.0012803000000000033,0.0013407000000000046
-0.536,0.0005348,0.0005573,0.0006232,0.0007117,0.0007957,0.0008665,0.0009523,0.00102,0.0011,0.00118,0.00125,0.00128,0.00134,0.0012498666666666592,0.0012826333333333384,0.0013430666666666708
-0.532,0.0005331,0.0005547,0.000622,0.0007113,0.0007959,0.0008685,0.0009545,0.00102,0.0011,0.00118,0.00125,0.00129,0.00135,0.0012506999999999928,0.0012873000000000077,0.00134826666666667
-0.528,0.0005304,0.0005524,0.0006211,0.0007108,0.0007966,0.0008701,0.0009567,0.00102,0.00111,0.00119,0.00126,0.00129,0.00135,0.0012591999999999972,0.0012908000000000084,0.0013535000000000018
-0.524,0.0005283,0.0005503,0.0006199,0.0007109,0.0007976,0.0008722,0.000959,0.00103,0.00111,0.00119,0.00126,0.00129,0.00136,0.0012601666666666642,0.0012926000000000085,0.0013597000000000062
-0.52,0.0005261,0.0005483,0.0006193,0.0007107,0.0007982,0.0008736,0.0009616,0.00103,0.00111,0.00119,0.00126,0.0013,0.00136,0.001261366666666664,0.0012986666666666732,0.0013619000000000049
-0.516,0.0005243,0.0005465,0.0006185,0.0007109,0.0007996,0.0008763,0.0009646,0.00103,0.00112,0.0012,0.00127,0.0013,0.00137,0.0012700333333333287,0.001302733333333338,0.0013703999999999964
-0.512,0.0005228,0.0005449,0.0006181,0.0007113,0.0008007,0.0008785,0.0009676,0.00104,0.00112,0.0012,0.00127,0.00131,0.00137,0.0012721999999999968,0.001308499999999996,0.0013702999999999957
-0.508,0.0005207,0.0005433,0.0006176,0.0007113,0.0008022,0.0008806,0.0009702,0.00104,0.00112,0.0012,0.00128,0.00131,0.00137,0.001277300000000001,0.001309299999999995,0.0013710666666666624
-0.504,0.0005191,0.000542,0.0006177,0.0007122,0.0008034,0.0008831,0.0009732,0.00104,0.00113,0.00121,0.00128,0.00131,0.00138,0.001281400000000004,0.0013122666666666601,0.0013800666666666632
-0.5,0.0005176,0.000541,0.0006174,0.0007129,0.0008051,0.0008856,0.0009765,0.00105,0.00113,0.00121,0.00129,0.00132,0.00138,0.0012867333333333405,0.0013181333333333258,0.0013824666666666645
-0.496,0.0005162,0.00054,0.0006174,0.0007135,0.0008068,0.0008884,0.0009794,0.00105,0.00114,0.00122,0.00129,0.00132,0.00139,0.0012896000000000088,0.0013215666666666604,0.0013888000000000014
-0.492,0.0005144,0.0005391,0.0006174,0.0007141,0.0008087,0.0008906,0.0009828,0.00105,0.00114,0.00122,0.00129,0.00133,0.00139,0.0012904333333333417,0.0013276666666666636,0.001390966666666669
-0.488,0.0005129,0.0005383,0.0006174,0.0007152,0.0008102,0.0008936,0.0009861,0.00106,0.00114,0.00123,0.0013,0.00133,0.0014,0.0012990000000000057,0.001332433333333333,0.0013998666666666733
-0.484,0.0005113,0.0005374,0.0006179,0.0007165,0.0008123,0.0008964,0.0009894,0.00106,0.00115,0.00123,0.0013,0.00134,0.0014,0.0013028000000000037,0.0013405666666666707,0.001404266666666673
-0.48,0.0005101,0.0005372,0.0006181,0.0007174,0.0008142,0.000899,0.0009924,0.00106,0.00115,0.00123,0.00131,0.00134,0.00141,0.0013069666666666647,0.0013409666666666705,0.0014083000000000056
-0.476,0.0005087,0.000537,0.0006188,0.0007185,0.0008163,0.0009015,0.0009954,0.00107,0.00116,0.00124,0.00131,0.00135,0.00141,0.0013113333333333275,0.0013490666666666703,0.0014128333333333384
-0.472,0.0005073,0.0005368,0.000619,0.0007201,0.0008183,0.0009043,0.000999,0.00107,0.00116,0.00124,0.00132,0.00135,0.00142,0.0013169999999999927,0.001350466666666671,0.0014191333333333298
-0.468,0.0005058,0.0005368,0.0006199,0.0007217,0.0008207,0.0009072,0.001,0.00107,0.00116,0.00125,0.00132,0.00136,0.00143,0.0013214999999999933,0.0013593000000000075,0.0014297333333333252
-0.464,0.0005045,0.0005369,0.0006209,0.0007228,0.0008228,0.0009095,0.00101,0.00108,0.00117,0.00125,0.00133,0.00136,0.00143,0.001327899999999997,0.0013612000000000075,0.0014318666666666595
-0.46,0.0005029,0.0005375,0.0006216,0.0007246,0.0008248,0.0009124,0.00101,0.00108,0.00117,0.00126,0.00133,0.00137,0.00144,0.0013295333333333316,0.0013685999999999972,0.001439133333333331
-0.456,0.0005012,0.0005372,0.0006225,0.0007261,0.0008269,0.0009155,0.00101,0.00109,0.00118,0.00126,0.00133,0.00137,0.00144,0.0013306999999999991,0.0013701999999999963,0.0014404999999999984
-0.452,0.0005001,0.000538,0.0006239,0.0007279,0.0008299,0.000919,0.00102,0.00109,0.00118,0.00127,0.00134,0.00138,0.00145,0.0013406333333333372,0.0013789999999999955,0.0014495666666666715
-0.448,0.0004989,0.0005382,0.0006252,0.0007297,0.0008323,0.0009219,0.00102,0.00109,0.00119,0.00127,0.00135,0.00138,0.00145,0.0013460333333333374,0.0013801666666666628,0.0014510000000000046
-0.444,0.0004978,0.0005387,0.0006262,0.0007318,0.000835,0.0009251,0.00102,0.0011,0.00119,0.00128,0.00135,0.00139,0.00146,0.0013510666666666704,0.0013897666666666687,0.001460200000000006
-0.44,0.0004966,0.0005397,0.0006275,0.0007341,0.0008375,0.0009284,0.00103,0.0011,0.00119,0.00128,0.00136,0.0014,0.00147,0.0013574333333333402,0.0013971666666666733,0.0014681333333333437
-0.436,0.0004959,0.0005402,0.0006292,0.000736,0.0008403,0.0009318,0.00103,0.00111,0.0012,0.00129,0.00136,0.0014,0.00147,0.0013615333333333412,0.001401533333333341,0.001472366666666674
-0.432,0.0004949,0.0005411,0.0006307,0.000738,0.0008433,0.0009353,0.00103,0.00111,0.0012,0.00129,0.00137,0.00141,0.00148,0.0013678999999999979,0.0014079000000000073,0.0014788999999999957
-0.428,0.0004942,0.0005416,0.000632,0.0007404,0.0008461,0.0009388,0.00104,0.00111,0.00121,0.0013,0.00137,0.00141,0.00148,0.0013716999999999959,0.0014117000000000042,0.0014829333333333278
-0.424,0.0004934,0.0005424,0.0006336,0.0007429,0.0008492,0.0009421,0.00104,0.00112,0.00121,0.0013,0.00138,0.00142,0.00149,0.0013771666666666624,0.0014171666666666623,0.0014889666666666622
-0.42,0.000493,0.0005436,0.0006356,0.0007454,0.0008523,0.0009461,0.00105,0.00112,0.00122,0.00131,0.00138,0.00142,0.0015,0.0013813666666666635,0.00142156666666666,0.001498466666666667
-0.416,0.0004919,0.0005443,0.0006376,0.0007479,0.0008555,0.0009498,0.00105,0.00113,0.00122,0.00131,0.00139,0.00143,0.0015,0.0013876666666666677,0.0014286333333333257,0.001500566666666668
-0.412,0.0004918,0.0005448,0.0006393,0.0007506,0.000859,0.0009537,0.00105,0.00113,0.00123,0.00132,0.00139,0.00144,0.00151,0.001391600000000003,0.001438566666666663,0.0015091000000000065
-0.408,0.0004911,0.000546,0.0006414,0.0007538,0.0008623,0.0009578,0.00106,0.00114,0.00123,0.00132,0.0014,0.00144,0.00151,0.0013973333333333396,0.0014400666666666642,0.0015110333333333398
-0.404,0.0004906,0.000547,0.0006434,0.0007563,0.0008656,0.0009617,0.00106,0.00114,0.00124,0.00133,0.0014,0.00145,0.00152,0.001401633333333341,0.0014486000000000043,0.0015214000000000037
-0.4,0.0004906,0.0005475,0.0006454,0.0007592,0.0008691,0.0009658,0.00107,0.00115,0.00124,0.00133,0.00141,0.00145,0.00153,0.0014076333333333398,0.0014503000000000048,0.0015277333333333283
-0.396,0.0004904,0.0005491,0.0006478,0.0007624,0.0008729,0.0009705,0.00107,0.00115,0.00125,0.00134,0.00141,0.00146,0.00153,0.0014114333333333374,0.0014596333333333387,0.0015317333333333262
-0.392,0.0004906,0.0005506,0.0006501,0.0007653,0.0008768,0.0009747,0.00108,0.00116,0.00125,0.00134,0.00142,0.00147,0.00154,0.0014178666666666627,0.0014664000000000092,0.0015385333333333296
-0.388,0.0004912,0.000552,0.000653,0.0007693,0.0008808,0.0009797,0.00108,0.00116,0.00126,0.00135,0.00143,0.00147,0.00155,0.0014261666666666596,0.0014699000000000097,0.0015471666666666635
-0.384,0.0004918,0.000554,0.0006559,0.0007726,0.0008851,0.0009845,0.00109,0.00117,0.00127,0.00136,0.00143,0.00148,0.00155,0.0014329666666666593,0.0014822666666666625,0.0015538999999999991
-0.38,0.0004928,0.0005557,0.0006586,0.0007764,0.0008892,0.0009893,0.00109,0.00117,0.00127,0.00136,0.00144,0.00149,0.00156,0.0014378666666666623,0.0014871999999999954,0.0015589333333333362
-0.376,0.0004938,0.0005578,0.0006621,0.0007803,0.0008938,0.0009944,0.0011,0.00118,0.00128,0.00137,0.00144,0.00149,0.00157,0.0014423666666666657,0.0014914999999999959,0.0015684333333333379
-0.372,0.0004955,0.0005601,0.0006656,0.0007847,0.0008987,0.0009995,0.0011,0.00119,0.00128,0.00137,0.00145,0.0015,0.00157,0.0014488333333333365,0.0014985666666666672,0.001570700000000005
-0.368,0.0004977,0.0005628,0.000669,0.0007889,0.0009032,0.00101,0.00111,0.00119,0.00129,0.00138,0.00146,0.00151,0.00158,0.0014566333333333372,0.0015064333333333387,0.0015781666666666752
-0.364,0.0005,0.0005654,0.0006729,0.0007933,0.0009082,0.00101,0.00111,0.0012,0.0013,0.00139,0.00146,0.00151,0.00159,0.0014613000000000059,0.0015112000000000072,0.001589366666666662
-0.36,0.0005029,0.0005686,0.0006767,0.0007977,0.000913,0.00102,0.00112,0.0012,0.0013,0.00139,0.00147,0.00152,0.0016,0.0014670333333333416,0.0015169666666666728,0.001595499999999994
-0.356,0.0005063,0.0005725,0.0006813,0.000803,0.0009186,0.00102,0.00113,0.00121,0.00131,0.0014,0.00148,0.00153,0.0016,0.0014763666666666648,0.0015268999999999949,0.0015998666666666608
-0.352,0.0005102,0.0005764,0.0006859,0.000808,0.0009243,0.00103,0.00113,0.00122,0.00132,0.00141,0.00148,0.00154,0.00161,0.001481433333333329,0.0015376333333333304,0.0016100666666666666
-0.348,0.0005147,0.0005811,0.0006907,0.0008134,0.0009296,0.00103,0.00114,0.00122,0.00132,0.00141,0.00149,0.00154,0.00162,0.0014870666666666622,0.0015388666666666638,0.0016156666666666704
-0.344,0.0005194,0.0005858,0.000696,0.0008191,0.0009359,0.00104,0.00114,0.00123,0.00133,0.00142,0.0015,0.00155,0.00162,0.0014966999999999992,0.0015475666666666637,0.001620133333333339
-0.34,0.0005254,0.000591,0.0007016,0.0008252,0.0009421,0.00105,0.00115,0.00124,0.00134,0.00143,0.0015,0.00156,0.00163,0.0015021333333333354,0.0015586000000000037,0.0016307000000000047
-0.336,0.0005315,0.0005968,0.0007076,0.0008317,0.0009482,0.00105,0.00116,0.00124,0.00134,0.00144,0.00151,0.00156,0.00164,0.001510400000000007,0.0015615666666666719,0.001639999999999993
-0.332,0.0005388,0.000603,0.0007133,0.0008378,0.0009545,0.00106,0.00116,0.00125,0.00135,0.00144,0.00152,0.00157,0.00165,0.0015169000000000072,0.001568066666666672,0.001647433333333328
-0.328,0.0005464,0.0006102,0.0007201,0.0008441,0.0009613,0.00107,0.00117,0.00126,0.00136,0.00145,0.00152,0.00158,0.00166,0.001520500000000006,0.0015777666666666748,0.0016567666666666623
-0.324,0.0005551,0.0006175,0.0007268,0.0008515,0.0009687,0.00107,0.00118,0.00127,0.00136,0.00146,0.00153,0.00159,0.00166,0.001528133333333328,0.0015868999999999963,0.0016599333333333298
-0.32,0.0005641,0.0006257,0.000734,0.0008589,0.0009761,0.00108,0.00119,0.00127,0.00137,0.00147,0.00154,0.0016,0.00167,0.0015389666666666632,0.0015970666666666603,0.0016692333333333358
-0.316,0.0005745,0.0006342,0.0007417,0.0008668,0.0009835,0.00109,0.00119,0.00128,0.00138,0.00147,0.00155,0.0016,0.00168,0.00154633333333333,0.001598899999999994,0.0016767000000000036
-0.312,0.0005859,0.0006436,0.00075,0.0008749,0.0009915,0.00109,0.0012,0.00129,0.00139,0.00148,0.00155,0.00161,0.00169,0.001549766666666664,0.001607366666666666,0.0016865333333333406
-0.308,0.0005982,0.0006541,0.0007589,0.000884,0.0009995,0.0011,0.00121,0.0013,0.0014,0.00149,0.00156,0.00162,0.0017,0.0015586666666666698,0.0016174666666666716,0.0016959999999999948
-0.304,0.0006113,0.0006651,0.0007683,0.0008926,0.00101,0.00111,0.00122,0.0013,0.00141,0.0015,0.00157,0.00163,0.0017,0.0015706000000000058,0.0016299666666666718,0.0017013666666666593
-0.3,0.0006257,0.000677,0.0007781,0.0009022,0.00102,0.00112,0.00123,0.00131,0.00141,0.00151,0.00158,0.00164,0.00171,0.0015777000000000091,0.001636466666666662,0.0017070999999999924
-0.296,0.0006411,0.00069,0.0007886,0.0009125,0.00103,0.00113,0.00123,0.00132,0.00142,0.00152,0.00159,0.00165,0.00172,0.0015862666666666646,0.0016454999999999955,0.0017155333333333318
-0.292,0.0006583,0.0007041,0.0008,0.0009238,0.00104,0.00114,0.00124,0.00133,0.00143,0.00153,0.0016,0.00166,0.00173,0.001598499999999994,0.001658899999999997,0.0017288000000000047
-0.288,0.0006766,0.0007193,0.0008126,0.0009353,0.00105,0.00115,0.00125,0.00134,0.00144,0.00153,0.0016,0.00167,0.00174,0.0016015666666666616,0.0016679333333333352,0.001737900000000003
-0.284,0.0006962,0.000736,0.0008256,0.0009476,0.00106,0.00116,0.00126,0.00135,0.00145,0.00154,0.00161,0.00168,0.00175,0.0016063333333333324,0.0016737333333333374,0.0017431333333333269
-0.28,0.0007178,0.0007539,0.0008398,0.0009612,0.00107,0.00117,0.00127,0.00136,0.00146,0.00155,0.00162,0.00168,0.00176,0.0016218333333333404,0.0016820000000000053,0.0017601666666666608
-0.276,0.0007415,0.0007739,0.0008558,0.0009757,0.00108,0.00118,0.00128,0.00137,0.00147,0.00156,0.00163,0.00169,0.00177,0.0016276333333333402,0.0016869666666666742,0.001765399999999996
-0.272,0.000767,0.0007958,0.0008728,0.0009911,0.00109,0.00119,0.00129,0.00138,0.00148,0.00157,0.00164,0.0017,0.00178,0.001636866666666662,0.0016963666666666628,0.0017753333333333351
-0.268,0.0007946,0.0008196,0.0008913,0.00101,0.00111,0.0012,0.0013,0.00139,0.00149,0.00158,0.00165,0.00171,0.00179,0.001649133333333328,0.001708166666666661,0.0017871333333333384
-0.264,0.0008243,0.0008452,0.0009114,0.00103,0.00112,0.00121,0.00131,0.0014,0.0015,0.00159,0.00166,0.00172,0.0018,0.00165643333333333,0.001715399999999999,0.0017930000000000086
-0.26,0.000857,0.0008737,0.0009334,0.00104,0.00114,0.00122,0.00132,0.00141,0.00151,0.00161,0.00167,0.00174,0.00181,0.0016693666666666687,0.0017350333333333357,0.0018057333333333292
-0.256,0.0008923,0.0009047,0.000957,0.00107,0.00115,0.00124,0.00133,0.00142,0.00152,0.00162,0.00168,0.00175,0.00182,0.0016808000000000049,0.001749366666666659,0.0018187999999999956
-0.252,0.0009308,0.0009381,0.0009828,0.00109,0.00117,0.00125,0.00135,0.00144,0.00154,0.00163,0.00169,0.00176,0.00183,0.0016912000000000064,0.0017598333333333279,0.001829066666666665
-0.248,0.0009729,0.0009753,0.00101,0.00111,0.00119,0.00126,0.00136,0.00145,0.00155,0.00164,0.0017,0.00177,0.00184,0.0016980666666666629,0.00176593333333333,0.0018347000000000003
-0.244,0.00102,0.00102,0.00104,0.00114,0.00121,0.00128,0.00137,0.00146,0.00156,0.00165,0.00171,0.00178,0.00185,0.001707133333333327,0.0017752666666666676,0.0018441000000000032
-0.24,0.00107,0.00106,0.00108,0.00116,0.00123,0.00129,0.00138,0.00147,0.00157,0.00166,0.00172,0.00179,0.00186,0.0017144666666666657,0.0017831666666666697,0.0018513333333333255
-0.236,0.00112,0.00111,0.00111,0.00119,0.00125,0.00131,0.0014,0.00149,0.00159,0.00168,0.00173,0.0018,0.00187,0.0017298333333333376,0.0017975666666666737,0.0018643333333333305
-0.232,0.00118,0.00116,0.00115,0.00122,0.00127,0.00132,0.00141,0.0015,0.0016,0.00169,0.00175,0.00182,0.00188,0.0017455999999999945,0.0018132666666666668,0.0018737999999999973
-0.228,0.00124,0.00121,0.00119,0.00126,0.00129,0.00134,0.00143,0.00151,0.00161,0.0017,0.00176,0.00183,0.0019,0.0017563999999999943,0.0018253333333333322,0.0018915666666666719
-0.224,0.00131,0.00127,0.00124,0.00129,0.00132,0.00136,0.00144,0.00153,0.00163,0.00171,0.00177,0.00184,0.00191,0.0017674666666666647,0.0018355666666666664,0.0019016333333333358
-0.22,0.00138,0.00133,0.00128,0.00133,0.00135,0.00137,0.00146,0.00154,0.00164,0.00173,0.00178,0.00185,0.00192,0.0017769000000000023,0.0018457000000000046,0.0019112333333333297
-0.216,0.00145,0.0014,0.00133,0.00137,0.00137,0.00139,0.00147,0.00156,0.00165,0.00174,0.0018,0.00187,0.00193,0.0017932000000000085,0.0018627333333333326,0.0019237333333333266
-0.212,0.00153,0.00147,0.00139,0.00141,0.0014,0.00141,0.00149,0.00157,0.00167,0.00176,0.00181,0.00188,0.00195,0.001809766666666661,0.0018784333333333302,0.0019420666666666692
-0.208,0.00162,0.00155,0.00144,0.00146,0.00143,0.00143,0.00151,0.00159,0.00169,0.00177,0.00182,0.0019,0.00196,0.0018177666666666628,0.0018937000000000055,0.001953066666666668
-0.204,0.00171,0.00163,0.0015,0.0015,0.00147,0.00146,0.00152,0.0016,0.0017,0.00179,0.00184,0.00191,0.00197,0.0018398666666666666,0.0019107000000000022,0.001971266666666677
-0.2,0.0018,0.00171,0.00157,0.00155,0.0015,0.00148,0.00154,0.00162,0.00172,0.0018,0.00185,0.00192,0.00199,0.0018468333333333368,0.0019166999999999982,0.0019821333333333384
-0.196,0.0019,0.00179,0.00163,0.0016,0.00154,0.0015,0.00156,0.00164,0.00174,0.00182,0.00187,0.00194,0.002,0.001863833333333332,0.001933866666666669,0.0019943666666666715
-0.192,0.00201,0.00188,0.0017,0.00166,0.00158,0.00153,0.00158,0.00166,0.00175,0.00184,0.00188,0.00196,0.00202,0.0018829666666666644,0.0019587666666666683,0.0020163666666666723
-0.188,0.00211,0.00197,0.00177,0.00172,0.00162,0.00156,0.0016,0.00168,0.00177,0.00185,0.0019,0.00197,0.00203,0.0018955000000000055,0.001966333333333344,0.0020232999999999926
-0.184,0.00222,0.00207,0.00185,0.00178,0.00166,0.00159,0.00163,0.0017,0.00179,0.00187,0.00192,0.00199,0.00205,0.0019144999999999978,0.001985500000000004,0.0020433666666666633
-0.18,0.00234,0.00216,0.00192,0.00184,0.00171,0.00162,0.00165,0.00173,0.00182,0.0019,0.00193,0.00201,0.00207,0.0019300666666666607,0.0020070333333333337,0.002063800000000006
-0.176,0.00245,0.00226,0.002,0.0019,0.00175,0.00165,0.00168,0.00175,0.00184,0.00192,0.00195,0.00203,0.00208,0.0019472000000000027,0.002025133333333325,0.002074933333333338
-0.172,0.00257,0.00236,0.00208,0.00197,0.00181,0.00169,0.00171,0.00178,0.00187,0.00194,0.00197,0.00205,0.0021,0.0019668000000000103,0.002045833333333331,0.0020943999999999976
-0.168,0.00269,0.00246,0.00216,0.00204,0.00186,0.00173,0.00174,0.00181,0.00189,0.00197,0.00199,0.00207,0.00212,0.0019887000000000034,0.002067466666666672,0.002114033333333338
-0.164,0.00281,0.00256,0.00224,0.00211,0.00192,0.00177,0.00178,0.00184,0.00192,0.00199,0.00202,0.0021,0.00214,0.0020163666666666758,0.002095399999999996,0.0021360333333333313
-0.16,0.00294,0.00266,0.00233,0.00219,0.00198,0.00182,0.00182,0.00188,0.00195,0.00202,0.00204,0.00212,0.00217,0.0020423000000000034,0.00212146666666667,0.0021645000000000054
-0.156,0.00306,0.00275,0.00241,0.00227,0.00205,0.00187,0.00186,0.00191,0.00199,0.00205,0.00207,0.00215,0.00219,0.002077466666666673,0.0021574333333333282,0.002194800000000013
-0.152,0.00318,0.00285,0.0025,0.00235,0.00212,0.00193,0.0019,0.00196,0.00203,0.00209,0.0021,0.00218,0.00222,0.0021146999999999963,0.002196433333333329,0.002233899999999999
-0.148,0.0033,0.00295,0.00258,0.00244,0.0022,0.00199,0.00196,0.002,0.00207,0.00213,0.00213,0.00221,0.00225,0.002149166666666667,0.0022322333333333346,0.002267666666666658
-0.144,0.00342,0.00304,0.00267,0.00252,0.00228,0.00206,0.00201,0.00206,0.00211,0.00217,0.00216,0.00225,0.00228,0.0021831333333333382,0.002272033333333322,0.0023014666666666597
-0.14,0.00353,0.00314,0.00275,0.00261,0.00236,0.00214,0.00207,0.00211,0.00216,0.00221,0.0022,0.00228,0.00231,0.0022254333333333273,0.002308233333333323,0.002336633333333335
-0.136,0.00365,0.00322,0.00283,0.0027,0.00245,0.00222,0.00214,0.00217,0.00222,0.00226,0.00224,0.00232,0.00235,0.0022667333333333418,0.002347966666666658,0.002373599999999998
-0.132,0.00376,0.00331,0.00292,0.00278,0.00254,0.0023,0.00221,0.00224,0.00228,0.00231,0.00229,0.00237,0.00239,0.00231763333333334,0.0024017999999999904,0.002419100000000003
-0.128,0.00387,0.00339,0.00299,0.00287,0.00263,0.00239,0.00229,0.00231,0.00234,0.00237,0.00233,0.00242,0.00243,0.002369500000000012,0.002460766666666656,0.002469500000000007
-0.124,0.00397,0.00347,0.00307,0.00295,0.00272,0.00248,0.00236,0.00238,0.0024,0.00243,0.00238,0.00247,0.00248,0.0024205333333333404,0.0025117666666666593,0.002517366666666675
-0.12,0.00407,0.00354,0.00314,0.00303,0.00281,0.00257,0.00245,0.00246,0.00247,0.00249,0.00244,0.00253,0.00253,0.0024741333333333313,0.0025649000000000036,0.0025619333333333407
-0.116,0.00416,0.00361,0.0032,0.0031,0.00289,0.00266,0.00253,0.00254,0.00254,0.00256,0.0025,0.00259,0.00258,0.0025331333333333274,0.0026199999999999973,0.002605433333333344
-0.112,0.00424,0.00367,0.00326,0.00317,0.00297,0.00274,0.00261,0.00262,0.00262,0.00263,0.00256,0.00265,0.00264,0.002593333333333338,0.0026813000000000084,0.002664633333333324
-0.108,0.00431,0.00373,0.00331,0.00323,0.00304,0.00282,0.00269,0.00269,0.00269,0.0027,0.00262,0.00271,0.00269,0.0026625333333333257,0.0027496666666666637,0.0027207999999999993
-0.104,0.00438,0.00378,0.00336,0.00328,0.00311,0.0029,0.00277,0.00277,0.00277,0.00277,0.00268,0.00278,0.00275,0.002714066666666672,0.0028093666666666704,0.002775400000000006
-0.1,0.00445,0.00382,0.00339,0.00332,0.00317,0.00297,0.00284,0.00285,0.00285,0.00284,0.00275,0.00285,0.00282,0.002783066666666671,0.0028752666666666746,0.0028372666666666756
-0.096,0.0045,0.00385,0.00341,0.00335,0.00322,0.00304,0.00292,0.00293,0.00292,0.00291,0.00282,0.00291,0.00288,0.0028592333333333432,0.002947099999999994,0.002906466666666668
-0.092,0.00455,0.00388,0.00341,0.00336,0.00326,0.0031,0.00299,0.003,0.00299,0.00298,0.00288,0.00298,0.00294,0.0029186333333333344,0.0030118333333333286,0.002963066666666681
-0.088,0.00458,0.00389,0.00341,0.00337,0.00329,0.00316,0.00305,0.00308,0.00306,0.00304,0.00294,0.00304,0.003,0.002975933333333346,0.003073700000000009,0.003026100000000001
-0.084,0.00462,0.00389,0.00338,0.00336,0.00331,0.00321,0.00311,0.00314,0.00313,0.0031,0.003,0.0031,0.00305,0.0030174666666666666,0.0031135000000000017,0.0030582999999999943
-0.08,0.00464,0.00388,0.00334,0.00335,0.00332,0.00325,0.00317,0.00321,0.00319,0.00316,0.00306,0.00316,0.00311,0.0030724666666666527,0.003166000000000017,0.003105333333333316
-0.076,0.00465,0.00386,0.00329,0.00333,0.00333,0.00329,0.00322,0.00326,0.00325,0.00321,0.00311,0.00321,0.00315,0.003122533333333321,0.0032175666666666835,0.0031517333333333226
-0.072,0.00466,0.00382,0.00324,0.00331,0.00334,0.00332,0.00326,0.00331,0.0033,0.00326,0.00316,0.00326,0.0032,0.0031691000000000124,0.0032648333333333457,0.0031988333333333213
-0.068,0.00466,0.00378,0.00318,0.00328,0.00333,0.00334,0.0033,0.00336,0.00335,0.0033,0.0032,0.0033,0.00323,0.003213499999999996,0.0033078999999999995,0.003236333333333321
-0.064,0.00465,0.00373,0.00312,0.00325,0.00333,0.00335,0.00333,0.00339,0.00338,0.00333,0.00324,0.00333,0.00327,0.0032460666666666725,0.003335300000000018,0.003268266666666662
-0.06,0.00464,0.00367,0.00306,0.00321,0.00332,0.00336,0.00335,0.00341,0.00341,0.00336,0.00327,0.00336,0.00329,0.003277566666666665,0.0033650333333333435,0.003291400000000006
-0.056,0.00462,0.0036,0.00301,0.00318,0.0033,0.00336,0.00336,0.00343,0.00343,0.00338,0.0033,0.00339,0.00332,0.0032975333333333284,0.0033820333333333384,0.0033032999999999977
-0.052,0.00459,0.00354,0.00297,0.00314,0.00329,0.00336,0.00337,0.00344,0.00345,0.00339,0.00332,0.00341,0.00334,0.0033191333333333285,0.0034046666666666795,0.0033268333333333383
-0.048,0.00455,0.00347,0.00293,0.00311,0.00327,0.00335,0.00337,0.00345,0.00346,0.00341,0.00334,0.00343,0.00335,0.0033428666666666736,0.00342926666666668,0.0033495999999999903
-0.044,0.00451,0.00341,0.00291,0.00309,0.00325,0.00334,0.00337,0.00345,0.00347,0.00342,0.00336,0.00344,0.00337,0.003361733333333345,0.003442100000000005,0.0033672999999999984
-0.04,0.00445,0.00336,0.0029,0.00308,0.00324,0.00333,0.00337,0.00345,0.00348,0.00343,0.00338,0.00346,0.00338,0.003377166666666683,0.0034574333333333403,0.00337910000000001
-0.036,0.00438,0.00331,0.0029,0.00307,0.00323,0.00333,0.00336,0.00345,0.00349,0.00344,0.00339,0.00347,0.0034,0.0033980000000000056,0.0034785999999999897,0.0034042333333333262
-0.032,0.0043,0.00328,0.00292,0.00308,0.00323,0.00332,0.00336,0.00345,0.00349,0.00345,0.00341,0.00349,0.00341,0.003411733333333342,0.0034938333333333262,0.003413933333333338
-0.028,0.0042,0.00326,0.00294,0.00309,0.00324,0.00333,0.00336,0.00345,0.0035,0.00346,0.00342,0.0035,0.00342,0.0034178666666666623,0.0034988666666666527,0.003417633333333326
-0.024,0.0041,0.00325,0.00297,0.00311,0.00325,0.00333,0.00337,0.00346,0.00351,0.00347,0.00343,0.00352,0.00344,0.003428100000000008,0.0035148333333333242,0.003433733333333331
-0.02,0.004,0.00326,0.003,0.00313,0.00327,0.00335,0.00338,0.00348,0.00353,0.00349,0.00345,0.00353,0.00345,0.003449099999999991,0.003535833333333341,0.003457133333333319
-0.016,0.00392,0.00328,0.00304,0.00316,0.00329,0.00337,0.0034,0.00349,0.00354,0.00351,0.00346,0.00355,0.00347,0.0034598000000000055,0.0035496000000000126,0.00346893333333332
-0.012,0.00388,0.0033,0.00307,0.00319,0.00332,0.00339,0.00342,0.00351,0.00356,0.00353,0.00348,0.00357,0.00349,0.003481300000000005,0.0035743999999999975,0.003494133333333323
-0.008,0.00388,0.00334,0.00311,0.00322,0.00335,0.00342,0.00344,0.00354,0.00358,0.00354,0.0035,0.00359,0.0035,0.0034889999999999886,0.0035757333333333247,0.003483266666666651
-0.004,0.00392,0.00338,0.00315,0.00326,0.00338,0.00344,0.00346,0.00356,0.0036,0.00356,0.00352,0.00361,0.00352,0.0035126999999999893,0.0036016333333333266,0.0035099333333333217
0.0,0.00397,0.00343,0.00319,0.00329,0.0034,0.00347,0.00349,0.00358,0.00363,0.00358,0.00353,0.00362,0.00353,0.0035230333333333423,0.0036094333333333193,0.0035118333333333386
0.004,0.00402,0.00347,0.00322,0.00332,0.00343,0.00349,0.00351,0.0036,0.00365,0.0036,0.00355,0.00364,0.00354,0.0035390000000000157,0.0036248999999999925,0.0035203666666666663
0.008,0.00407,0.00352,0.00325,0.00335,0.00346,0.00352,0.00353,0.00362,0.00367,0.00362,0.00356,0.00365,0.00355,0.003553133333333341,0.003640300000000003,0.0035358000000000147
0.012,0.00412,0.00356,0.00329,0.00338,0.00348,0.00354,0.00355,0.00364,0.00369,0.00363,0.00358,0.00367,0.00356,0.003567966666666674,0.003652466666666657,0.003539166666666673
0.016,0.00417,0.0036,0.00332,0.0034,0.0035,0.00356,0.00357,0.00366,0.0037,0.00365,0.00359,0.00367,0.00356,0.003579433333333327,0.003657066666666654,0.0035413333333333356
0.02,0.00421,0.00364,0.00334,0.00343,0.00352,0.00358,0.00359,0.00368,0.00372,0.00366,0.0036,0.00368,0.00357,0.0035967000000000126,0.003674933333333331,0.0035599333333333266
0.024,0.00425,0.00368,0.00336,0.00344,0.00354,0.0036,0.00361,0.00369,0.00373,0.00367,0.00361,0.00369,0.00357,0.0036072333333333315,0.003686499999999992,0.0035655999999999934
0.028,0.00429,0.00371,0.00339,0.00346,0.00355,0.00361,0.00362,0.0037,0.00374,0.00368,0.00361,0.00369,0.00356,0.003611433333333324,0.0036890666666666567,0.0035597666666666705
0.032,0.00432,0.00374,0.0034,0.00347,0.00356,0.00362,0.00363,0.00371,0.00375,0.00369,0.00362,0.00369,0.00356,0.0036175999999999817,0.0036884333333333237,0.0035554333333333407
0.036,0.00434,0.00377,0.00341,0.00348,0.00357,0.00363,0.00364,0.00371,0.00376,0.00369,0.00362,0.00369,0.00355,0.0036175333333333167,0.0036872666666666583,0.0035482333333333466
0.04,0.00436,0.00378,0.00342,0.00349,0.00357,0.00363,0.00364,0.00372,0.00376,0.00369,0.00361,0.00368,0.00354,0.003610299999999993,0.003679399999999998,0.00353776666666667
0.044,0.00438,0.0038,0.00342,0.00349,0.00357,0.00363,0.00365,0.00372,0.00376,0.00369,0.00361,0.00368,0.00353,0.0036033666666666674,0.0036697000000000023,0.003521900000000003
0.048,0.00439,0.00381,0.00342,0.00348,0.00356,0.00363,0.00364,0.00371,0.00375,0.00368,0.0036,0.00366,0.00352,0.0035964333333333444,0.003657133333333335,0.0035132999999999874
0.052,0.0044,0.00381,0.00341,0.00347,0.00355,0.00362,0.00364,0.0037,0.00375,0.00367,0.00359,0.00365,0.0035,0.0035928333333333294,0.0036541666666666723,0.003507099999999986
0.056,0.00439,0.00381,0.00339,0.00345,0.00353,0.0036,0.00362,0.00369,0.00373,0.00365,0.00357,0.00363,0.00347,0.003574499999999997,0.0036348666666666794,0.003482233333333318
0.06,0.00439,0.0038,0.00337,0.00343,0.00351,0.00358,0.00361,0.00367,0.00372,0.00364,0.00355,0.0036,0.00345,0.003563066666666678,0.0036196666666666825,0.0034728666666666488
0.064,0.00437,0.00378,0.00334,0.00339,0.00347,0.00356,0.00359,0.00364,0.0037,0.00361,0.00352,0.00357,0.00342,0.003536899999999993,0.0035944666666666604,0.003452599999999988
0.068,0.00434,0.00375,0.0033,0.00335,0.00344,0.00352,0.00356,0.00361,0.00367,0.00358,0.00349,0.00354,0.00338,0.0035095999999999973,0.0035682666666666625,0.0034221333333333444
0.072,0.00431,0.00371,0.00325,0.00331,0.00339,0.00348,0.00353,0.00358,0.00363,0.00355,0.00346,0.00351,0.00334,0.0034830000000000095,0.003542333333333331,0.003391533333333338
0.076,0.00427,0.00367,0.00319,0.00325,0.00334,0.00344,0.00349,0.00354,0.0036,0.00351,0.00342,0.00346,0.0033,0.003440199999999993,0.0034900666666666737,0.003340233333333329
0.08,0.00421,0.00361,0.00312,0.00319,0.00328,0.00338,0.00344,0.00349,0.00355,0.00347,0.00338,0.00342,0.00326,0.003393166666666679,0.0034436333333333255,0.003302366666666676
0.084,0.00415,0.00354,0.00304,0.00311,0.00321,0.00332,0.00339,0.00343,0.0035,0.00342,0.00333,0.00337,0.00321,0.003347466666666686,0.0034037333333333283,0.0032724333333333465
0.088,0.00408,0.00347,0.00296,0.00303,0.00313,0.00325,0.00333,0.00337,0.00344,0.00337,0.00328,0.00331,0.00316,0.0032968666666666523,0.0033444000000000095,0.003214133333333349
0.092,0.004,0.00338,0.00286,0.00294,0.00304,0.00317,0.00326,0.0033,0.00338,0.00331,0.00322,0.00325,0.0031,0.0032581333333333365,0.0033184333333333236,0.003201033333333331
0.096,0.0039,0.00328,0.00276,0.00285,0.00295,0.00309,0.00319,0.00322,0.00331,0.00324,0.00316,0.00319,0.00304,0.0031943333333333507,0.0032583000000000143,0.003143233333333343
0.1,0.0038,0.00316,0.00265,0.00274,0.00285,0.003,0.00311,0.00314,0.00323,0.00317,0.00309,0.00312,0.00298,0.0031083000000000096,0.0031656000000000093,0.003053999999999994
0.104,0.00368,0.00304,0.00253,0.00263,0.00275,0.0029,0.00302,0.00305,0.00315,0.00309,0.00302,0.00305,0.00292,0.0030480333333333435,0.0031030666666666683,0.0029973333333333397
0.108,0.00356,0.00291,0.00241,0.00251,0.00264,0.0028,0.00293,0.00296,0.00306,0.00301,0.00295,0.00297,0.00285,0.0029790333333333413,0.003029166666666669,0.0029339666666666777
0.112,0.00342,0.00277,0.00229,0.0024,0.00252,0.00269,0.00283,0.00286,0.00297,0.00293,0.00287,0.00289,0.00278,0.002903400000000009,0.002951866666666655,0.002865966666666673
0.116,0.00327,0.00263,0.00216,0.00228,0.00241,0.00258,0.00273,0.00276,0.00287,0.00284,0.00279,0.00282,0.00272,0.0028029999999999913,0.0028572000000000107,0.0027811333333333478
0.12,0.00312,0.00248,0.00204,0.00216,0.00229,0.00247,0.00263,0.00266,0.00277,0.00275,0.00271,0.00274,0.00265,0.002733566666666662,0.0027961999999999952,0.0027369000000000117
0.124,0.00296,0.00232,0.00192,0.00204,0.00218,0.00236,0.00252,0.00256,0.00268,0.00266,0.00263,0.00266,0.00258,0.0026526333333333403,0.0027101333333333305,0.0026553333333333446
0.128,0.00279,0.00217,0.00181,0.00193,0.00207,0.00225,0.00242,0.00246,0.00258,0.00257,0.00255,0.00258,0.00251,0.0025676000000000106,0.002627366666666678,0.002585633333333341
0.132,0.00262,0.00203,0.0017,0.00182,0.00196,0.00214,0.00231,0.00236,0.00248,0.00248,0.00247,0.0025,0.00245,0.0024858333333333256,0.0025405999999999914,0.002508633333333326
0.136,0.00246,0.00188,0.00159,0.00172,0.00186,0.00204,0.00222,0.00226,0.00238,0.0024,0.00239,0.00243,0.00239,0.0024115333333333353,0.0024764333333333385,0.002458266666666668
0.14,0.00229,0.00175,0.0015,0.00162,0.00177,0.00195,0.00212,0.00217,0.00229,0.00231,0.00232,0.00235,0.00233,0.002330066666666661,0.0023848666666666605,0.002379100000000008
0.144,0.00213,0.00162,0.00141,0.00154,0.00168,0.00185,0.00203,0.00208,0.00221,0.00224,0.00225,0.00228,0.00227,0.0022565999999999884,0.0023116333333333275,0.0023146
0.148,0.00197,0.00151,0.00133,0.00145,0.0016,0.00177,0.00194,0.002,0.00212,0.00216,0.00218,0.00222,0.00221,0.002186699999999996,0.0022405666666666653,0.0022415000000000048
0.152,0.00182,0.0014,0.00125,0.00138,0.00153,0.00169,0.00186,0.00192,0.00204,0.00209,0.00212,0.00216,0.00216,0.00210863333333334,0.0021616666666666715,0.002172100000000009
0.156,0.00168,0.0013,0.00119,0.00131,0.00146,0.00162,0.00179,0.00184,0.00197,0.00202,0.00206,0.0021,0.00211,0.002045566666666664,0.0020973333333333287,0.0021158333333333268
0.16,0.00155,0.00121,0.00113,0.00125,0.0014,0.00155,0.00172,0.00178,0.0019,0.00196,0.002,0.00204,0.00207,0.0019903666666666697,0.0020419333333333346,0.0020747000000000044
0.164,0.00143,0.00114,0.00107,0.0012,0.00134,0.00149,0.00165,0.00172,0.00184,0.0019,0.00195,0.00199,0.00202,0.0019415666666666698,0.0019949000000000034,0.0020289666666666747
0.168,0.00131,0.00106,0.00102,0.00115,0.00129,0.00144,0.0016,0.00166,0.00178,0.00185,0.0019,0.00195,0.00198,0.001888666666666671,0.0019458666666666694,0.001983099999999996
0.172,0.00122,0.001,0.0009788,0.0011,0.00124,0.00139,0.00154,0.00161,0.00173,0.0018,0.00186,0.0019,0.00194,0.0018452666666666558,0.0018940000000000053,0.0019371666666666712
0.176,0.00113,0.0009457,0.0009398,0.00106,0.0012,0.00134,0.00149,0.00156,0.00168,0.00176,0.00181,0.00186,0.00191,0.0018013666666666602,0.001855633333333323,0.0019065000000000028
0.18,0.00105,0.0008965,0.0009054,0.00103,0.00116,0.0013,0.00145,0.00152,0.00164,0.00172,0.00178,0.00182,0.00188,0.001768266666666668,0.0018174333333333304,0.001877699999999998
0.184,0.0009729,0.0008532,0.0008745,0.0009946,0.00113,0.00126,0.00141,0.00148,0.0016,0.00168,0.00174,0.00179,0.00185,0.0017353666666666708,0.0017910333333333375,0.001853333333333338
0.188,0.0009086,0.0008153,0.0008474,0.0009662,0.0011,0.00123,0.00137,0.00145,0.00156,0.00164,0.00171,0.00176,0.00182,0.0017006666666666633,0.0017571666666666623,0.0018201999999999962
0.192,0.0008527,0.000782,0.0008229,0.0009408,0.00107,0.0012,0.00134,0.00141,0.00153,0.00161,0.00168,0.00173,0.00179,0.0016745333333333364,0.0017286666666666702,0.0017922000000000016
0.196,0.0008021,0.000752,0.0008013,0.0009178,0.00105,0.00117,0.00131,0.00138,0.0015,0.00158,0.00165,0.0017,0.00177,0.0016476333333333307,0.001700533333333329,0.0017727333333333313
0.2,0.0007573,0.0007261,0.0007893,0.0008972,0.00102,0.00115,0.00128,0.00136,0.00147,0.00156,0.00163,0.00168,0.00175,0.0016248666666666732,0.001678433333333338,0.0017503999999999922
0.204,0.0007178,0.0007029,0.0007772,0.0008789,0.001,0.00113,0.00126,0.00133,0.00144,0.00153,0.0016,0.00165,0.00172,0.0015991333333333284,0.0016531333333333301,0.0017231000000000004
0.208,0.0006839,0.0006819,0.0007545,0.0008626,0.0009843,0.0011,0.00124,0.00131,0.00142,0.00151,0.00158,0.00163,0.0017,0.001576200000000009,0.001629333333333338,0.001700033333333326
0.212,0.0006533,0.0006642,0.0007428,0.0008469,0.0009674,0.00109,0.00122,0.00129,0.0014,0.00149,0.00156,0.00161,0.00168,0.0015587666666666707,0.0016110666666666676,0.0016836333333333352
0.216,0.000625,0.0006476,0.0007294,0.0008332,0.000952,0.00107,0.0012,0.00127,0.00138,0.00147,0.00154,0.00159,0.00167,0.0015386333333333312,0.0015906999999999944,0.001668766666666669
0.22,0.0006018,0.0006351,0.0007181,0.0008206,0.0009383,0.00105,0.00118,0.00125,0.00136,0.00145,0.00152,0.00157,0.00165,0.001518866666666672,0.0015701000000000033,0.0016487333333333302
0.224,0.0005824,0.0006203,0.0007074,0.000809,0.0009256,0.00104,0.00116,0.00124,0.00134,0.00143,0.00151,0.00156,0.00163,0.0015073000000000055,0.001558233333333337,0.0016301333333333388
0.228,0.0005604,0.0006095,0.0006977,0.0007989,0.0009136,0.00102,0.00115,0.00122,0.00132,0.00142,0.00149,0.00154,0.00162,0.0014891333333333311,0.0015397333333333327,0.0016175666666666715
0.232,0.0005432,0.0005991,0.0006893,0.0007894,0.000903,0.00101,0.00113,0.00121,0.00131,0.0014,0.00147,0.00152,0.0016,0.0014697666666666743,0.0015198666666666714,0.001598333333333328
0.236,0.0005276,0.0005896,0.0006808,0.0007808,0.000893,0.001,0.00112,0.00119,0.00129,0.00139,0.00146,0.00151,0.00159,0.0014594333333333381,0.001508766666666672,0.0015873666666666624
0.24,0.0005143,0.0005823,0.0006736,0.0007727,0.0008839,0.0009894,0.00111,0.00118,0.00128,0.00137,0.00145,0.00149,0.00157,0.0014460666666666691,0.0014896333333333288,0.0015677000000000032
0.244,0.0005013,0.000575,0.0006669,0.0007654,0.0008748,0.0009792,0.0011,0.00117,0.00127,0.00136,0.00143,0.00148,0.00156,0.0014326999999999931,0.0014817333333333304,0.0015598000000000035
0.248,0.0004893,0.000568,0.0006605,0.0007584,0.0008668,0.0009696,0.00109,0.00116,0.00126,0.00135,0.00142,0.00147,0.00155,0.0014194333333333287,0.0014684000000000088,0.0015465999999999959
0.252,0.0004786,0.0005629,0.0006547,0.0007519,0.0008593,0.0009607,0.00108,0.00115,0.00124,0.00134,0.00141,0.00146,0.00154,0.0014095666666666723,0.001457900000000005,0.0015367999999999968
0.256,0.0004691,0.0005567,0.0006494,0.0007463,0.0008523,0.0009524,0.00107,0.00114,0.00123,0.00133,0.0014,0.00144,0.00153,0.001400800000000007,0.0014431999999999987,0.0015273999999999947
0.26,0.0004614,0.0005523,0.0006445,0.0007406,0.0008457,0.0009444,0.00106,0.00113,0.00122,0.00132,0.00139,0.00143,0.00151,0.001390500000000002,0.0014315666666666596,0.001510433333333338
0.264,0.0004534,0.0005479,0.0006403,0.0007356,0.0008397,0.0009374,0.00105,0.00112,0.00121,0.00131,0.00138,0.00142,0.0015,0.0013801333333333299,0.0014205333333333278,0.0014990333333333337
0.268,0.0004462,0.0005439,0.0006357,0.0007308,0.0008333,0.0009304,0.00104,0.00111,0.0012,0.0013,0.00137,0.00141,0.00149,0.0013705999999999972,0.0014106333333333376,0.0014885333333333293
0.272,0.0004399,0.0005403,0.0006317,0.0007259,0.0008275,0.0009237,0.00103,0.0011,0.0012,0.00129,0.00136,0.0014,0.00148,0.001361433333333338,0.0014014333333333396,0.0014796666666666634
0.276,0.0004332,0.0005367,0.000628,0.0007214,0.0008221,0.0009172,0.00103,0.00109,0.00119,0.00128,0.00135,0.00139,0.00147,0.0013510666666666704,0.001390800000000002,0.001468866666666674
0.28,0.0004276,0.0005337,0.0006245,0.0007172,0.000817,0.0009107,0.00102,0.00108,0.00118,0.00127,0.00134,0.00138,0.00146,0.0013398000000000028,0.0013793666666666632,0.0014570666666666706
0.284,0.0004224,0.0005309,0.0006209,0.0007138,0.000812,0.0009051,0.00101,0.00108,0.00117,0.00126,0.00133,0.00137,0.00145,0.0013291666666666643,0.0013685333333333313,0.0014464000000000024
0.288,0.0004174,0.0005279,0.0006178,0.0007097,0.0008073,0.0008995,0.00101,0.00107,0.00116,0.00125,0.00132,0.00136,0.00144,0.0013205999999999938,0.0013599000000000057,0.0014376333333333306
0.292,0.0004124,0.0005258,0.0006146,0.0007058,0.0008027,0.000894,0.0009979,0.00106,0.00115,0.00124,0.00131,0.00135,0.00143,0.0013092333333333307,0.001350033333333337,0.001426733333333326
0.296,0.0004088,0.0005228,0.0006121,0.0007028,0.0007982,0.0008886,0.0009919,0.00106,0.00115,0.00123,0.0013,0.00135,0.00142,0.0013012000000000056,0.0013465666666666698,0.0014184666666666613
0.3,0.0004046,0.0005212,0.0006091,0.0006994,0.0007941,0.0008837,0.0009865,0.00105,0.00114,0.00123,0.0013,0.00134,0.00142,0.0012990333333333403,0.0013394666666666692,0.0014171333333333276
0.304,0.0004006,0.0005186,0.0006066,0.0006962,0.0007901,0.000879,0.0009803,0.00104,0.00113,0.00122,0.00129,0.00133,0.00141,0.001287866666666673,0.0013274333333333297,0.0014054000000000052
0.308,0.0003967,0.0005162,0.0006041,0.0006936,0.0007857,0.0008738,0.0009748,0.00104,0.00113,0.00121,0.00128,0.00132,0.0014,0.0012784000000000014,0.001317299999999993,0.0013950666666666717
0.312,0.0003927,0.0005143,0.0006016,0.0006899,0.0007821,0.000869,0.0009692,0.00103,0.00112,0.00121,0.00127,0.00131,0.00139,0.001271299999999996,0.0013106333333333289,0.0013878333333333347
0.316,0.0003898,0.0005123,0.0005992,0.0006875,0.0007786,0.0008651,0.000964,0.00102,0.00111,0.0012,0.00127,0.00131,0.00138,0.001267266666666662,0.0013064666666666644,0.0013790666666666633
0.32,0.000386,0.0005101,0.0005971,0.0006847,0.0007747,0.0008603,0.0009588,0.00102,0.00111,0.00119,0.00126,0.0013,0.00138,0.0012583666666666628,0.0012971666666666728,0.0013749999999999973
0.324,0.0003835,0.0005085,0.0005947,0.0006817,0.000771,0.0008567,0.0009539,0.00101,0.0011,0.00119,0.00125,0.00129,0.00137,0.0012513999999999928,0.001289700000000007,0.00136863333333333
0.328,0.0003797,0.0005062,0.0005927,0.0006791,0.0007678,0.0008521,0.0009491,0.00101,0.0011,0.00118,0.00125,0.00128,0.00136,0.0012475666666666612,0.0012807666666666698,0.0013588000000000066
0.332,0.0003767,0.0005037,0.0005904,0.0006765,0.0007646,0.0008483,0.0009445,0.001,0.00109,0.00117,0.00124,0.00128,0.00136,0.0012380333333333366,0.0012772333333333343,0.0013555666666666714
0.336,0.0003737,0.000502,0.0005889,0.0006737,0.0007611,0.0008442,0.00094,0.0009979,0.00108,0.00117,0.00123,0.00127,0.00135,0.0012315666666666716,0.001271199999999996,0.0013494000000000026
0.34,0.000371,0.0005,0.0005866,0.0006712,0.0007578,0.0008408,0.0009355,0.0009926,0.00108,0.00116,0.00123,0.00127,0.00134,0.0012282333333333373,0.001267333333333328,0.0013395666666666702
0.344,0.0003684,0.0004975,0.0005844,0.0006686,0.000755,0.0008369,0.0009314,0.0009879,0.00107,0.00116,0.00122,0.00126,0.00134,0.001222166666666667,0.001260999999999996,0.0013388333333333368
0.348,0.0003661,0.0004957,0.0005826,0.0006667,0.0007516,0.0008337,0.0009274,0.0009835,0.00107,0.00115,0.00122,0.00125,0.00133,0.0012171333333333312,0.0012497666666666598,0.0013266666666666635
0.352,0.000363,0.0004934,0.0005809,0.0006643,0.0007488,0.0008299,0.0009234,0.0009794,0.00106,0.00115,0.00121,0.00125,0.00132,0.0012119333333333278,0.0012489333333333262,0.0013215666666666604
0.356,0.0003597,0.0004914,0.0005791,0.0006617,0.0007458,0.0008268,0.0009192,0.000975,0.00106,0.00114,0.00121,0.00124,0.00132,0.0012071333333333282,0.0012395666666666697,0.0013156999999999937
0.36,0.0003579,0.0004897,0.0005772,0.0006598,0.0007431,0.0008238,0.0009156,0.0009707,0.00105,0.00114,0.0012,0.00124,0.00131,0.0012017666666666628,0.0012382333333333367,0.0013110999999999943
0.364,0.0003552,0.0004882,0.000576,0.0006577,0.0007409,0.0008211,0.0009128,0.0009675,0.00105,0.00113,0.0012,0.00123,0.00131,0.001198099999999998,0.0012308333333333377,0.0013067333333333293
0.368,0.0003532,0.0004863,0.0005743,0.0006558,0.0007387,0.0008182,0.0009094,0.0009636,0.00105,0.00113,0.00119,0.00123,0.0013,0.0011932000000000028,0.0012299333333333376,0.0013026000000000036
0.372,0.00035,0.0004848,0.0005728,0.0006538,0.0007361,0.0008156,0.0009061,0.0009601,0.00104,0.00112,0.00119,0.00122,0.0013,0.0011872000000000041,0.0012194333333333323,0.0012956000000000068
0.376,0.0003484,0.0004825,0.0005709,0.0006521,0.0007336,0.0008127,0.0009026,0.0009562,0.00104,0.00112,0.00118,0.00122,0.00129,0.0011823333333333347,0.0012190999999999988,0.0012914000000000083
0.38,0.0003455,0.0004806,0.0005694,0.0006503,0.0007315,0.0008104,0.0008998,0.000953,0.00103,0.00111,0.00118,0.00121,0.00129,0.001176566666666667,0.001208799999999994,0.0012851666666666732
0.384,0.000344,0.0004787,0.000568,0.0006484,0.0007293,0.0008085,0.0008969,0.0009499,0.00103,0.00111,0.00117,0.00121,0.00128,0.001172066666666669,0.0012087333333333271,0.001281566666666671
0.388,0.0003411,0.0004772,0.0005664,0.0006463,0.0007271,0.000806,0.0008938,0.0009463,0.00103,0.0011,0.00117,0.0012,0.00128,0.0011670666666666679,0.001199133333333331,0.0012778333333333355
0.392,0.0003396,0.0004756,0.0005648,0.0006447,0.0007251,0.0008039,0.0008911,0.0009437,0.00102,0.0011,0.00116,0.0012,0.00128,0.001161399999999997,0.0011978333333333318,0.0012774000000000012
0.396,0.0003375,0.0004732,0.0005635,0.000643,0.0007232,0.0008019,0.0008888,0.0009407,0.00102,0.0011,0.00116,0.00119,0.00127,0.0011603333333333294,0.0011925333333333362,0.001272099999999997
0.4,0.0003356,0.0004714,0.0005619,0.0006415,0.0007213,0.0007997,0.0008863,0.0009381,0.00102,0.00109,0.00116,0.00119,0.00127,0.0011573666666666634,0.0011889333333333382,0.001266533333333329
0.404,0.0003341,0.0004691,0.0005603,0.0006396,0.0007193,0.0007975,0.0008839,0.0009354,0.00101,0.00109,0.00115,0.00119,0.00126,0.0011511666666666658,0.0011875000000000039,0.001260566666666664
0.408,0.0003318,0.0004676,0.0005587,0.0006377,0.000717,0.0007956,0.0008817,0.0009325,0.00101,0.00109,0.00115,0.00118,0.00126,0.001150366666666666,0.001181933333333334,0.0012597666666666642
0.412,0.0003297,0.0004659,0.0005573,0.0006364,0.0007151,0.0007936,0.0008791,0.0009304,0.00101,0.00108,0.00115,0.00118,0.00126,0.0011473999999999985,0.0011789999999999997,0.0012566666666666633
0.416,0.0003277,0.0004634,0.0005553,0.0006344,0.0007128,0.0007912,0.0008771,0.0009271,0.001,0.00108,0.00114,0.00118,0.00125,0.0011403666666666616,0.0011769666666666667,0.0012496666666666593
0.42,0.0003266,0.0004618,0.0005536,0.0006326,0.0007108,0.0007889,0.0008739,0.0009239,0.0009996,0.00108,0.00114,0.00117,0.00125,0.0011401666666666615,0.0011716666666666687,0.0012496666666666591
0.424,0.0003244,0.0004598,0.000552,0.0006312,0.0007083,0.0007867,0.0008715,0.0009213,0.0009968,0.00107,0.00114,0.00117,0.00125,0.00113683333333333,0.0011670000000000014,0.0012469333333333288
0.428,0.0003224,0.0004579,0.0005508,0.000629,0.0007063,0.0007844,0.0008691,0.0009187,0.0009937,0.00107,0.00113,0.00116,0.00124,0.0011310333333333347,0.001161499999999997,0.001241200000000002
0.432,0.0003218,0.000456,0.0005491,0.0006272,0.0007042,0.0007818,0.0008661,0.0009155,0.0009907,0.00107,0.00113,0.00116,0.00124,0.0011292666666666692,0.001160199999999996,0.0012392000000000028
0.436,0.0003205,0.0004544,0.0005474,0.0006255,0.0007014,0.0007789,0.0008634,0.0009125,0.0009873,0.00106,0.00112,0.00116,0.00123,0.0011197333333333387,0.0011561666666666636,0.0012300000000000045
0.44,0.0003194,0.0004508,0.0005452,0.0006233,0.0006988,0.0007767,0.0008603,0.000909,0.0009836,0.00106,0.00112,0.00115,0.00123,0.0011187333333333384,0.001149333333333332,0.0012289000000000043
0.444,0.0003186,0.0004504,0.0005439,0.0006217,0.0006968,0.0007735,0.000857,0.0009058,0.0009803,0.00106,0.00112,0.00115,0.00123,0.0011180666666666715,0.0011483666666666653,0.0012279333333333373
0.448,0.0003174,0.0004491,0.0005423,0.0006196,0.0006942,0.0007706,0.0008544,0.0009027,0.0009772,0.00105,0.00111,0.00114,0.00122,0.0011096666666666668,0.0011400666666666617,0.0012190666666666659
0.452,0.0003156,0.0004468,0.0005398,0.0006177,0.0006917,0.0007676,0.0008507,0.0008987,0.0009732,0.00105,0.00111,0.00114,0.00122,0.0011072999999999988,0.001139066666666662,0.0012171333333333317
0.456,0.0003155,0.000445,0.0005388,0.0006157,0.0006894,0.0007643,0.0008476,0.0008956,0.0009697,0.00104,0.0011,0.00114,0.00121,0.0011002999999999948,0.0011368666666666635,0.0012090666666666613
0.46,0.0003138,0.0004435,0.0005372,0.000614,0.0006874,0.0007615,0.0008444,0.000892,0.0009661,0.00104,0.0011,0.00113,0.00121,0.0010990999999999948,0.0011294000000000033,0.0012058333333333283
0.464,0.0003121,0.000441,0.0005355,0.0006121,0.0006845,0.0007585,0.000841,0.0008887,0.0009625,0.00104,0.0011,0.00113,0.0012,0.0010970999999999954,0.0011272666666666705,0.0011991999999999975
0.468,0.0003118,0.0004401,0.000534,0.0006105,0.0006826,0.0007559,0.0008375,0.0008855,0.000959,0.00103,0.00109,0.00112,0.0012,0.0010894666666666645,0.0011203666666666722,0.0011957999999999988
0.472,0.0003125,0.0004384,0.0005325,0.0006086,0.0006803,0.0007528,0.0008345,0.0008822,0.0009556,0.00103,0.00109,0.00112,0.00119,0.0010878666666666653,0.0011194000000000052,0.0011896000000000038
0.476,0.0003113,0.0004373,0.0005314,0.0006071,0.0006782,0.0007502,0.0008314,0.000879,0.0009523,0.00103,0.00108,0.00112,0.00119,0.0010821333333333356,0.0011182333333333377,0.0011882000000000038
0.48,0.0003104,0.0004359,0.0005298,0.0006055,0.0006761,0.0007475,0.0008285,0.0008758,0.0009491,0.00102,0.00108,0.00111,0.00118,0.0010794333333333371,0.001109733333333333,0.001179066666666667
0.484,0.0003109,0.0004348,0.0005285,0.0006037,0.0006742,0.0007451,0.0008252,0.0008728,0.0009458,0.00102,0.00108,0.00111,0.00118,0.0010778666666666696,0.0011079999999999987,0.001177333333333334
0.488,0.0003094,0.0004308,0.0005271,0.0006024,0.0006724,0.0007428,0.0008225,0.0008701,0.0009428,0.00102,0.00107,0.0011,0.00117,0.0010721000000000003,0.0011020666666666623,0.0011717000000000023
0.492,0.0003098,0.0004321,0.0005266,0.0006018,0.0006708,0.0007406,0.00082,0.0008678,0.00094,0.00101,0.00107,0.0011,0.00117,0.0010689333333333327,0.0010987333333333277,0.0011680000000000026
0.496,0.0003091,0.0004313,0.0005251,0.0006002,0.0006697,0.0007384,0.0008176,0.0008651,0.000937,0.00101,0.00107,0.0011,0.00117,0.0010679333333333328,0.0010978666666666608,0.001167400000000002
0.5,0.0003094,0.0004304,0.0005241,0.0005986,0.0006678,0.0007366,0.000815,0.0008632,0.0009346,0.00101,0.00106,0.00109,0.00116,0.0010613000000000024,0.0010913666666666634,0.0011607666666666639
0.504,0.0003089,0.0004301,0.0005234,0.0005978,0.0006664,0.0007345,0.0008128,0.0008604,0.0009321,0.00101,0.00106,0.00109,0.00116,0.0010605333333333366,0.0010906666666666636,0.0011600666666666632
0.508,0.0003084,0.0004284,0.0005225,0.0005971,0.0006651,0.0007328,0.0008108,0.0008584,0.0009298,0.001,0.00106,0.00109,0.00116,0.001058166666666669,0.0010894999999999974,0.0011575666666666636
0.512,0.0003092,0.0004275,0.0005212,0.0005958,0.0006638,0.0007311,0.000809,0.0008561,0.0009275,0.001,0.00105,0.00109,0.00115,0.0010526666666666649,0.001088866666666665,0.0011523666666666654
0.516,0.0003094,0.0004271,0.0005207,0.0005949,0.0006625,0.0007294,0.0008067,0.0008544,0.0009251,0.0009985,0.00105,0.00108,0.00115,0.0010512999999999974,0.0010827000000000026,0.0011508333333333327
0.52,0.0003094,0.0004265,0.00052,0.000594,0.0006617,0.000728,0.0008049,0.0008529,0.0009233,0.0009963,0.00105,0.00108,0.00115,0.0010503666666666636,0.0010807666666666704,0.0011484999999999987
0.524,0.0003105,0.0004255,0.0005193,0.0005934,0.0006605,0.0007267,0.0008034,0.0008511,0.0009218,0.0009944,0.00105,0.00108,0.00114,0.0010496666666666634,0.0010796666666666706,0.0011408666666666617
0.528,0.0003099,0.0004257,0.0005186,0.0005933,0.0006593,0.0007252,0.0008017,0.0008493,0.0009197,0.0009926,0.00105,0.00108,0.00114,0.0010487999999999973,0.0010787666666666705,0.001140499999999995
0.532,0.0003108,0.0004248,0.000518,0.0005918,0.0006585,0.0007244,0.0008001,0.0008478,0.000918,0.0009904,0.00104,0.00107,0.00114,0.0010420666666666675,0.0010719666666666667,0.001139833333333328
0.536,0.0003117,0.0004249,0.0005173,0.000591,0.0006575,0.0007226,0.0007986,0.0008464,0.000916,0.0009887,0.00104,0.00107,0.00114,0.0010405666666666684,0.0010704999999999994,0.0011382999999999955
0.54,0.000312,0.0004244,0.0005167,0.0005902,0.0006567,0.0007215,0.0007973,0.0008453,0.0009146,0.000987,0.00104,0.00107,0.00113,0.001039900000000002,0.0010698333333333326,0.0011322333333333352
0.544,0.0003126,0.0004242,0.0005163,0.0005895,0.0006559,0.0007206,0.0007959,0.0008436,0.000913,0.0009853,0.00104,0.00107,0.00113,0.0010382000000000013,0.001068166666666667,0.0011304666666666695
0.548,0.000314,0.0004246,0.0005156,0.0005888,0.0006551,0.0007196,0.0007945,0.0008425,0.0009116,0.0009837,0.00103,0.00106,0.00113,0.0010322333333333319,0.0010622000000000032,0.0011302333333333366
0.552,0.0003133,0.0004238,0.0005151,0.0005882,0.0006543,0.0007186,0.000793,0.0008412,0.0009097,0.0009821,0.00103,0.00106,0.00113,0.0010305666666666647,0.0010605333333333368,0.001129700000000003
0.556,0.0003153,0.0004229,0.0005145,0.0005881,0.0006537,0.0007176,0.0007926,0.0008401,0.0009087,0.0009806,0.00103,0.00106,0.00113,0.001030266666666664,0.0010601666666666704,0.001128200000000004
0.56,0.000316,0.000424,0.0005145,0.0005872,0.0006529,0.0007169,0.0007908,0.0008386,0.000907,0.0009791,0.00103,0.00106,0.00112,0.001030033333333331,0.0010599666666666703,0.0011217333333333386
0.564,0.0003179,0.0004235,0.0005137,0.0005866,0.0006522,0.0007157,0.0007898,0.0008376,0.0009059,0.0009776,0.00103,0.00106,0.00112,0.0010300666666666642,0.0010596000000000036,0.0011202333333333388
0.568,0.000318,0.0004239,0.0005134,0.0005861,0.0006514,0.0007154,0.0007885,0.0008362,0.0009044,0.0009761,0.00103,0.00106,0.00112,0.0010297666666666645,0.0010587666666666696,0.0011201333333333387
0.572,0.0003188,0.0004236,0.0005136,0.0005857,0.0006511,0.0007144,0.0007878,0.0008355,0.0009037,0.0009751,0.00103,0.00105,0.00112,0.001029366666666664,0.0010526666666666653,0.0011199000000000055
0.576,0.0003193,0.0004239,0.0005131,0.0005851,0.0006503,0.0007144,0.0007866,0.0008345,0.0009021,0.0009736,0.00102,0.00105,0.00112,0.001022033333333333,0.0010504333333333303,0.0011183000000000046
0.58,0.0003203,0.0004242,0.0005129,0.0005851,0.0006496,0.0007135,0.0007857,0.0008333,0.0009013,0.0009721,0.00102,0.00105,0.00111,0.0010202333333333329,0.0010499666666666633,0.0011121333333333344
0.584,0.000321,0.0004243,0.0005129,0.0005848,0.0006494,0.0007124,0.0007847,0.0008326,0.0008999,0.0009708,0.00102,0.00105,0.00111,0.0010199999999999996,0.00104983333333333,0.0011105333333333335
0.588,0.0003226,0.0004244,0.0005125,0.0005845,0.0006492,0.0007114,0.0007836,0.0008316,0.000899,0.0009692,0.00102,0.00105,0.00111,0.0010198999999999996,0.00104963333333333,0.0011102666666666667
0.592,0.0003232,0.0004256,0.0005125,0.0005831,0.0006483,0.0007112,0.0007828,0.0008306,0.0008979,0.0009681,0.00102,0.00105,0.00111,0.0010194666666666669,0.0010485999999999976,0.0011097666666666664
0.596,0.0003247,0.0004257,0.0005128,0.000584,0.000648,0.0007102,0.0007818,0.0008294,0.0008963,0.0009665,0.00102,0.00104,0.00111,0.001018866666666667,0.0010425666666666676,0.001108966666666666
0.6,0.0003262,0.0004261,0.0005126,0.0005837,0.000647,0.0007098,0.0007809,0.0008286,0.0008951,0.0009648,0.00101,0.00104,0.0011,0.0010126333333333377,0.0010409000000000017,0.0011026333333333293
0.604,0.0003263,0.0004268,0.0005123,0.0005835,0.0006467,0.0007093,0.0007802,0.0008274,0.000894,0.0009636,0.00101,0.00104,0.0011,0.0010111666666666717,0.0010402333333333353,0.0011011666666666613
0.608,0.0003281,0.0004281,0.0005132,0.0005834,0.0006465,0.0007081,0.0007795,0.0008265,0.0008928,0.0009622,0.00101,0.00104,0.0011,0.0010105000000000055,0.001040100000000002,0.001100566666666661
0.612,0.0003292,0.0004262,0.0005125,0.0005832,0.0006459,0.0007078,0.0007786,0.0008253,0.0008916,0.0009604,0.00101,0.00104,0.0011,0.0010100666666666722,0.001039900000000002,0.0011001999999999943
0.616,0.0003304,0.000429,0.000513,0.0005836,0.0006457,0.0007072,0.0007775,0.0008243,0.0008906,0.0009589,0.00101,0.00104,0.0011,0.0010099603333333389,0.0010385000000000014,0.0011000999999999943
0.62,0.0003315,0.0004295,0.000513,0.0005836,0.0006453,0.0007065,0.0007767,0.0008231,0.0008893,0.0009576,0.00101,0.00103,0.0011,0.001009327000000005,0.0010330333333333321,0.0010992999999999945
0.624,0.0003326,0.000431,0.0005137,0.0005832,0.0006447,0.0007059,0.0007757,0.0008221,0.000888,0.0009562,0.001,0.00103,0.00109,0.001001219000000001,0.0010300999999999973,0.0010915333333333293
0.628,0.0003339,0.0004318,0.0005136,0.0005833,0.0006443,0.0007056,0.0007751,0.0008211,0.0008869,0.0009545,0.001,0.00103,0.00109,0.0010003483333333339,0.0010300999999999973,0.0010904666666666637
0.632,0.0003343,0.000433,0.0005138,0.000583,0.000644,0.0007052,0.0007741,0.00082,0.0008851,0.0009533,0.001,0.00103,0.00109,0.0009999780000000005,0.0010300333333333308,0.0010901333333333304
0.636,0.0003356,0.0004348,0.0005142,0.0005832,0.0006439,0.0007046,0.0007736,0.0008193,0.0008844,0.0009515,0.0009994,0.00103,0.00109,0.0009993683333333347,0.0010299999999999975,0.0010900666666666637
0.64,0.0003367,0.0004345,0.0005146,0.0005832,0.000644,0.0007042,0.0007725,0.0008184,0.0008831,0.0009503,0.0009983,0.00103,0.00109,0.0009986726666666684,0.0010296666666666644,0.0010896999999999975
0.644,0.0003374,0.0004361,0.0005149,0.000583,0.0006439,0.0007039,0.0007718,0.0008175,0.000882,0.0009491,0.0009967,0.00102,0.00108,0.0009969760000000001,0.0010226999999999999,0.001082733333333336
0.648,0.0003391,0.0004372,0.0005156,0.0005835,0.0006435,0.0007032,0.0007717,0.0008167,0.0008811,0.0009477,0.0009952,0.00102,0.00108,0.0009948483333333312,0.0010200666666666663,0.001080200000000004
0.652,0.0003403,0.0004381,0.0005158,0.0005833,0.000643,0.0007027,0.0007706,0.0008159,0.0008798,0.0009467,0.000994,0.00102,0.00108,0.0009938909999999974,0.001020033333333333,0.0010801000000000042
0.656,0.000342,0.0004388,0.0005159,0.000585,0.0006431,0.000703,0.0007702,0.000815,0.0008789,0.0009458,0.0009924,0.00102,0.00108,0.0009925250000000021,0.0010199999999999996,0.0010800000000000044
0.66,0.0003431,0.0004401,0.0005166,0.0005848,0.0006437,0.0007027,0.0007695,0.0008145,0.000878,0.0009442,0.0009907,0.00102,0.00108,0.0009905640000000032,0.0010195666666666667,0.0010795666666666706
0.664,0.0003438,0.0004416,0.000517,0.000584,0.000644,0.0007021,0.0007691,0.0008136,0.0008767,0.0009429,0.0009896,0.00102,0.00108,0.0009891219999999985,0.001019033333333334,0.001079033333333337
0.668,0.0003459,0.0004416,0.0005177,0.0005843,0.0006438,0.000702,0.0007687,0.0008133,0.0008762,0.0009418,0.0009884,0.00102,0.00108,0.0009883249999999989,0.0010182333333333346,0.0010782333333333365
0.672,0.0003475,0.0004437,0.0005179,0.0005849,0.0006439,0.000702,0.0007686,0.000813,0.0008755,0.0009411,0.0009875,0.00101,0.00107,0.0009875233333333313,0.0010123666666666713,0.0010724000000000003
0.676,0.0003485,0.0004448,0.0005186,0.0005854,0.0006441,0.0007019,0.0007681,0.0008123,0.0008748,0.00094,0.0009861,0.00101,0.00107,0.0009860719999999973,0.0010100666666666722,0.001070566666666666
0.68,0.0003504,0.0004477,0.000519,0.0005858,0.0006442,0.0007018,0.0007678,0.0008118,0.0008738,0.0009391,0.0009852,0.00101,0.00107,0.0009851259999999998,0.0010100000000000055,0.0010702333333333326
0.684,0.0003517,0.0004462,0.00052,0.0005864,0.0006444,0.0007021,0.0007679,0.0008114,0.0008736,0.000938,0.0009839,0.00101,0.00107,0.0009840130000000004,0.0010100000000000055,0.0010699999999999991
0.688,0.0003528,0.0004481,0.0005206,0.0005863,0.0006451,0.0007026,0.0007671,0.0008112,0.0008729,0.0009373,0.0009833,0.00101,0.00107,0.0009833790000000008,0.0010100000000000055,0.0010699999999999991
0.692,0.0003542,0.0004487,0.000521,0.0005872,0.0006452,0.0007025,0.0007673,0.0008106,0.0008723,0.0009363,0.0009822,0.00101,0.00107,0.0009818736666666623,0.0010100000000000055,0.0010699999999999991
0.696,0.0003558,0.0004499,0.0005214,0.0005876,0.0006459,0.0007025,0.0007666,0.0008106,0.0008717,0.0009359,0.0009812,0.00101,0.00107,0.0009813999999999969,0.0010100000000000055,0.0010699999999999991
0.7,0.000357,0.0004506,0.0005235,0.0005881,0.0006463,0.0007034,0.0007672,0.0008104,0.0008717,0.0009353,0.0009804,0.00101,0.00107,0.0009802673333333305,0.0010100000000000055,0.0010699999999999991
0.704,0.0003581,0.0004516,0.0005233,0.000589,0.0006467,0.000703,0.0007671,0.00081,0.0008711,0.0009347,0.0009798,0.00101,0.00107,0.0009795279999999986,0.0010100000000000055,0.001069566666666666
0.708,0.0003602,0.0004531,0.0005237,0.0005896,0.0006472,0.0007036,0.0007674,0.0008098,0.0008707,0.0009344,0.000979,0.00101,0.00107,0.0009788893333333333,0.0010100000000000055,0.001068866666666666
0.712,0.0003618,0.0004552,0.0005248,0.0005902,0.0006482,0.0007038,0.0007674,0.0008099,0.0008706,0.000934,0.0009786,0.00101,0.00107,0.000978575666666664,0.0010100000000000055,0.0010680999999999998
0.716,0.0003633,0.0004557,0.0005252,0.0005912,0.0006491,0.0007051,0.000768,0.0008105,0.0008705,0.0009339,0.0009783,0.00101,0.00106,0.0009784129999999948,0.0010100000000000055,0.0010631666666666689
0.72,0.0003652,0.0004568,0.0005265,0.0005918,0.0006506,0.0007064,0.0007686,0.0008104,0.0008705,0.0009335,0.0009783,0.00101,0.00106,0.0009782236666666614,0.0010100000000000055,0.0010611000000000034
0.724,0.0003668,0.0004582,0.0005273,0.000593,0.0006515,0.0007068,0.0007692,0.0008113,0.0008707,0.0009332,0.0009779,0.00101,0.00106,0.0009779526666666648,0.0010100000000000055,0.0010614333333333365
0.728,0.0003685,0.0004593,0.0005281,0.0005937,0.0006524,0.0007083,0.0007699,0.0008121,0.0008707,0.0009333,0.0009778,0.00101,0.00106,0.0009779053333333308,0.0010100000000000055,0.00106156666666667
0.732,0.0003704,0.0004618,0.0005295,0.0005954,0.0006545,0.0007097,0.0007706,0.0008126,0.0008715,0.0009334,0.000978,0.00101,0.00107,0.0009780903333333338,0.0010100000000000055,0.0010677333333333336
0.736,0.000372,0.0004625,0.0005315,0.0005964,0.0006563,0.0007118,0.0007722,0.0008138,0.0008723,0.0009338,0.0009788,0.00101,0.00107,0.000978744000000001,0.0010100333333333386,0.0010694333333333328
0.74,0.000373,0.0004649,0.0005326,0.0005977,0.0006584,0.000714,0.0007734,0.0008149,0.0008728,0.0009344,0.0009791,0.00101,0.00107,0.000979369666666669,0.0010100666666666722,0.0010700666666666658
0.744,0.000376,0.0004654,0.0005351,0.0005998,0.000661,0.0007166,0.0007759,0.0008168,0.0008742,0.0009352,0.0009802,0.00101,0.00107,0.0009803113333333288,0.0010100666666666722,0.0010700666666666658
0.748,0.0003781,0.0004684,0.0005367,0.0006025,0.0006647,0.00072,0.0007779,0.000819,0.0008756,0.0009365,0.0009818,0.00101,0.00107,0.0009818356666666654,0.0010101666666666722,0.0010703333333333326
0.752,0.0003803,0.0004708,0.0005392,0.0006048,0.0006685,0.0007234,0.0007804,0.0008215,0.0008774,0.0009381,0.0009834,0.00101,0.00107,0.0009838916666666676,0.0010107333333333386,0.0010724333333333338
0.756,0.0003818,0.0004731,0.0005421,0.000607,0.0006726,0.0007274,0.0007839,0.0008242,0.0008803,0.0009397,0.0009849,0.00101,0.00108,0.0009849820000000034,0.0010109333333333385,0.0010776333333333363
0.76,0.0003843,0.0004742,0.0005455,0.0006104,0.000678,0.0007325,0.0007874,0.0008277,0.0008827,0.0009416,0.0009877,0.00102,0.00108,0.000988479000000001,0.0010190000000000006,0.0010804333333333368
0.764,0.0003865,0.0004794,0.0005488,0.000614,0.0006832,0.0007379,0.0007914,0.0008321,0.0008857,0.0009445,0.0009907,0.00102,0.00108,0.0009911560000000043,0.0010202666666666667,0.0010816000000000037
0.768,0.0003887,0.0004821,0.0005534,0.0006178,0.0006904,0.0007442,0.0007967,0.0008369,0.0008896,0.0009474,0.0009944,0.00102,0.00109,0.0009945913333333375,0.0010212666666666675,0.001088266666666666
0.772,0.000391,0.000485,0.000558,0.0006227,0.000697,0.0007513,0.0008021,0.0008424,0.0008936,0.0009505,0.0009981,0.00103,0.00109,0.0010014620000000016,0.0010319666666666646,0.0010930666666666635
0.776,0.0003933,0.0004901,0.0005627,0.0006279,0.0007057,0.0007599,0.000809,0.0008492,0.0008992,0.0009555,0.001,0.00103,0.0011,0.0010044133333333347,0.001033866666666665,0.0011007666666666628
0.78,0.0003957,0.000494,0.0005676,0.0006329,0.0007147,0.0007691,0.0008159,0.0008563,0.0009046,0.00096,0.00101,0.00104,0.00111,0.0010136270000000035,0.0010428333333333335,0.0011109666666666673
0.784,0.0003979,0.0004984,0.0005735,0.0006386,0.0007237,0.0007783,0.0008235,0.0008636,0.000911,0.0009647,0.00102,0.00105,0.00112,0.0010204603333333338,0.0010490333333333303,0.001115933333333337
0.788,0.0004004,0.0005034,0.0005789,0.0006445,0.0007328,0.0007884,0.0008317,0.0008721,0.0009176,0.0009703,0.00102,0.00105,0.00113,0.0010225333333333327,0.0010513666666666643,0.001126566666666669
0.792,0.0004026,0.0005076,0.0005842,0.0006501,0.0007426,0.0007989,0.0008404,0.0008808,0.0009246,0.0009764,0.00103,0.00106,0.00114,0.0010320333333333315,0.0010607000000000023,0.0011361999999999967
0.796,0.0004053,0.0005122,0.0005894,0.0006561,0.0007526,0.0008096,0.0008502,0.0008904,0.0009325,0.0009834,0.00104,0.00107,0.00115,0.0010388333333333334,0.0010682333333333338,0.0011448999999999986
0.8,0.0004079,0.0005156,0.0005942,0.0006612,0.0007615,0.0008201,0.0008593,0.0008999,0.0009406,0.0009899,0.00105,0.00108,0.00116,0.0010514666666666653,0.0010809000000000018,0.001157133333333331
0.804,0.0004104,0.0005202,0.0005984,0.0006667,0.0007697,0.0008303,0.0008684,0.0009095,0.0009493,0.0009967,0.00106,0.00109,0.00117,0.0010613666666666687,0.0010908333333333315,0.0011677000000000015
0.808,0.0004126,0.0005236,0.0006018,0.0006711,0.0007769,0.0008397,0.0008773,0.0009189,0.0009575,0.001,0.00107,0.0011,0.00118,0.001068433333333333,0.0010988999999999964,0.0011765666666666659
0.812,0.0004156,0.0005261,0.0006044,0.0006742,0.0007833,0.0008478,0.0008859,0.0009279,0.0009655,0.00101,0.00107,0.00111,0.0012,0.0010718999999999995,0.0011081999999999993,0.0011928666666666647
0.816,0.0004185,0.0005284,0.000606,0.0006773,0.0007876,0.0008545,0.0008933,0.0009355,0.0009732,0.00102,0.00108,0.00112,0.00121,0.001084633333333335,0.0011230666666666707,0.0012114666666666622
0.82,0.0004208,0.0005298,0.0006066,0.0006789,0.0007899,0.0008592,0.0008993,0.0009421,0.0009802,0.00102,0.00109,0.00113,0.00122,0.001090833333333331,0.0011291000000000029,0.0012200999999999994
0.824,0.0004235,0.0005307,0.0006071,0.0006789,0.0007904,0.0008615,0.0009037,0.0009472,0.0009855,0.00103,0.0011,0.00113,0.00123,0.0010991333333333288,0.0011313000000000017,0.001227633333333337
0.828,0.0004267,0.0005323,0.000607,0.0006791,0.0007895,0.000863,0.0009069,0.0009511,0.000991,0.00103,0.00111,0.00114,0.00124,0.0011079333333333327,0.0011401333333333303,0.0012373666666666697
0.832,0.0004296,0.000532,0.0006055,0.0006787,0.0007878,0.0008621,0.0009088,0.0009538,0.0009941,0.00104,0.00111,0.00115,0.00124,0.001109866666666667,0.0011477999999999992,0.0012408333333333349
0.836,0.0004327,0.0005345,0.0006046,0.0006775,0.0007843,0.0008608,0.0009089,0.0009546,0.0009965,0.00104,0.00111,0.00115,0.00125,0.0011128333333333352,0.0011494666666666663,0.0012488666666666587
0.84,0.0004359,0.0005323,0.000604,0.0006763,0.0007807,0.0008574,0.0009084,0.0009544,0.0009976,0.00104,0.00112,0.00115,0.00125,0.0011185666666666718,0.0011496999999999996,0.0012493333333333254
0.844,0.0004389,0.0005338,0.0006036,0.0006754,0.0007774,0.0008538,0.0009065,0.0009532,0.0009979,0.00104,0.00112,0.00115,0.00125,0.0011194000000000056,0.0011498999999999997,0.001249499999999992
0.848,0.0004423,0.0005343,0.0006036,0.0006742,0.0007731,0.0008493,0.0009041,0.0009508,0.0009972,0.00104,0.00112,0.00115,0.00125,0.0011193333333333387,0.0011499666666666662,0.0012493999999999927
0.852,0.0004455,0.0005354,0.0006027,0.0006742,0.0007693,0.0008455,0.0009015,0.0009481,0.0009958,0.00104,0.00112,0.00115,0.00125,0.0011184666666666718,0.0011498666666666664,0.0012488666666666602
0.856,0.0004489,0.0005363,0.0006032,0.0006732,0.0007658,0.0008412,0.0008986,0.0009449,0.0009942,0.00104,0.00111,0.00115,0.00124,0.0011113666666666675,0.001149766666666666,0.0012413333333333365
0.86,0.0004527,0.0005377,0.0006037,0.0006737,0.0007632,0.0008378,0.000896,0.0009419,0.0009917,0.00104,0.00111,0.00115,0.00124,0.0011105666666666669,0.0011495666666666662,0.0012402000000000034
0.864,0.0004564,0.0005391,0.0006051,0.0006739,0.0007609,0.0008346,0.0008933,0.0009391,0.0009899,0.00104,0.00111,0.00115,0.00124,0.0011100333333333332,0.0011480999999999985,0.0012383666666666699
0.868,0.0004602,0.0005422,0.0006058,0.000674,0.0007593,0.0008317,0.000891,0.0009367,0.0009882,0.00104,0.00111,0.00114,0.00123,0.0011096666666666664,0.001141966666666662,0.0012316000000000048
0.872,0.0004639,0.000544,0.0006072,0.0006753,0.0007582,0.0008296,0.0008892,0.0009351,0.0009872,0.00104,0.00111,0.00114,0.00123,0.0011085666666666657,0.001140533333333328,0.001229333333333337
0.876,0.0004682,0.0005461,0.000609,0.0006765,0.0007575,0.000828,0.0008882,0.000934,0.0009861,0.00104,0.0011,0.00114,0.00122,0.0011005999999999948,0.001139366666666662,0.0012199333333333326
0.88,0.0004723,0.0005487,0.0006107,0.0006777,0.0007574,0.0008271,0.0008878,0.0009333,0.0009853,0.00104,0.0011,0.00114,0.00122,0.0010999666666666609,0.0011373999999999967,0.0012172333333333315
0.884,0.0004761,0.0005514,0.0006125,0.0006795,0.0007574,0.0008267,0.0008873,0.0009321,0.0009846,0.00104,0.0011,0.00113,0.00121,0.0010998666666666608,0.0011323666666666677,0.001212966666666662
0.888,0.0004803,0.0005547,0.0006145,0.000681,0.0007577,0.0008265,0.0008869,0.0009319,0.0009845,0.00104,0.0011,0.00113,0.00121,0.0010999999999999942,0.0011303000000000025,0.0012102333333333273
0.892,0.0004848,0.0005567,0.0006167,0.0006832,0.0007589,0.0008269,0.0008873,0.0009318,0.0009849,0.00104,0.0011,0.00113,0.00121,0.0010999999999999942,0.0011300000000000032,0.0012091666666666603
0.896,0.0004894,0.0005593,0.0006192,0.0006852,0.0007604,0.0008275,0.0008881,0.0009322,0.0009852,0.00104,0.0011,0.00113,0.0012,0.0010999999999999942,0.0011302333333333362,0.0012020666666666627
0.9,0.0004939,0.0005627,0.0006216,0.0006874,0.000762,0.0008279,0.000889,0.0009326,0.0009854,0.00104,0.0011,0.00113,0.0012,0.0010999999999999942,0.0011301333333333364,0.0012006333333333301
0.904,0.0004983,0.0005654,0.0006245,0.0006903,0.0007638,0.0008297,0.0008899,0.0009337,0.0009864,0.00104,0.0011,0.00113,0.0012,0.0010999999999999942,0.001130233333333336,0.0012005333333333305
0.908,0.0005032,0.0005689,0.000627,0.0006933,0.0007658,0.0008309,0.0008912,0.0009347,0.0009883,0.00104,0.0011,0.00113,0.0012,0.0011000333333333276,0.0011300666666666697,0.0012002333333333303
0.912,0.000508,0.0005726,0.0006302,0.0006964,0.0007679,0.0008325,0.0008927,0.0009367,0.00099,0.00104,0.0011,0.00113,0.0012,0.0010999999999999942,0.0011300000000000032,0.001199999999999997
0.916,0.0005128,0.0005756,0.0006337,0.0006997,0.0007705,0.0008345,0.0008947,0.0009384,0.0009919,0.00105,0.0011,0.00113,0.0012,0.0011000333333333276,0.0011300666666666699,0.0012001333333333303
0.92,0.0005179,0.0005793,0.0006364,0.0007029,0.000773,0.0008363,0.0008969,0.0009405,0.0009934,0.00105,0.0011,0.00113,0.0012,0.0011000999999999943,0.0011302333333333364,0.0012001333333333303
0.924,0.0005233,0.0005824,0.0006396,0.000706,0.0007758,0.0008393,0.0008992,0.0009428,0.0009963,0.00105,0.0011,0.00113,0.0012,0.0011002999999999942,0.0011314666666666685,0.0011997999999999972
0.928,0.0005282,0.0005863,0.0006426,0.0007097,0.0007786,0.0008418,0.0009015,0.0009453,0.0009985,0.00105,0.0011,0.00114,0.0012,0.0011018999999999953,0.0011376999999999965,0.0011993333333333307
0.932,0.0005335,0.0005891,0.0006461,0.0007128,0.0007815,0.0008442,0.0009043,0.0009481,0.001,0.00106,0.00111,0.00114,0.0012,0.0011104999999999997,0.0011406999999999947,0.0012003333333333302
0.936,0.000539,0.0005935,0.0006501,0.0007165,0.0007846,0.0008472,0.0009071,0.0009512,0.00101,0.00106,0.00111,0.00114,0.0012,0.001111066666666667,0.0011405999999999949,0.00120003333333333
0.94,0.0005448,0.0005979,0.0006541,0.0007202,0.000788,0.0008503,0.0009103,0.0009544,0.00101,0.00106,0.00111,0.00114,0.0012,0.0011126,0.0011424999999999949,0.0012014999999999958
0.944,0.0005501,0.000602,0.0006578,0.0007238,0.0007914,0.0008539,0.0009135,0.0009575,0.00101,0.00107,0.00111,0.00115,0.00121,0.0011156000000000015,0.001150933333333332,0.0012098666666666607
0.948,0.0005558,0.0006065,0.0006617,0.0007275,0.0007948,0.000857,0.0009164,0.0009605,0.00101,0.00107,0.00112,0.00115,0.00121,0.0011192666666666711,0.0011505666666666659,0.0012097999999999937
0.952,0.000561,0.0006105,0.0006657,0.0007314,0.0007986,0.0008604,0.0009197,0.0009643,0.00102,0.00107,0.00112,0.00115,0.00121,0.0011202000000000054,0.0011507666666666658,0.0012092999999999935
0.956,0.000567,0.0006149,0.0006702,0.0007355,0.0008022,0.0008641,0.0009235,0.000968,0.00102,0.00108,0.00112,0.00116,0.00121,0.0011248666666666713,0.0011601999999999962,0.0012125999999999949
0.96,0.0005729,0.0006194,0.0006745,0.0007394,0.0008063,0.0008676,0.0009273,0.0009718,0.00103,0.00108,0.00113,0.00116,0.00122,0.0011295333333333371,0.0011602333333333291,0.0012186333333333316
0.964,0.0005785,0.0006236,0.0006784,0.0007435,0.0008099,0.0008713,0.0009302,0.0009753,0.00103,0.00108,0.00113,0.00116,0.00122,0.001130033333333337,0.0011606333333333296,0.0012194333333333323
0.968,0.0005844,0.0006283,0.0006826,0.0007482,0.0008137,0.0008753,0.0009344,0.0009795,0.00103,0.00109,0.00113,0.00117,0.00122,0.0011346666666666686,0.0011711000000000026,0.0012233666666666668
0.972,0.0005903,0.0006335,0.0006871,0.0007522,0.0008183,0.0008793,0.0009384,0.0009836,0.00104,0.00109,0.00114,0.00117,0.00123,0.001140366666666663,0.0011719000000000028,0.001227733333333337
0.976,0.0005962,0.0006381,0.0006915,0.0007566,0.0008224,0.0008831,0.0009422,0.0009876,0.00104,0.0011,0.00114,0.00118,0.00123,0.0011451333333333293,0.0011810333333333333,0.001230966666666671
0.98,0.0006024,0.0006429,0.0006963,0.0007612,0.0008268,0.0008875,0.0009465,0.0009919,0.00105,0.0011,0.00115,0.00118,0.00123,0.0011501999999999994,0.001182333333333334,0.0012319000000000045
0.984,0.0006085,0.0006473,0.0007008,0.0007657,0.0008309,0.0008917,0.0009505,0.000996,0.00105,0.00111,0.00115,0.00119,0.00124,0.0011543666666666663,0.0011900666666666703,0.0012386333333333362
0.988,0.0006147,0.0006527,0.000706,0.0007701,0.0008357,0.0008961,0.0009546,0.001,0.00106,0.00111,0.00116,0.00119,0.00124,0.0011592666666666639,0.0011914333333333377,0.001239900000000003
0.992,0.0006207,0.0006578,0.0007111,0.0007752,0.0008402,0.0009006,0.000959,0.00101,0.00106,0.00112,0.00116,0.0012,0.00124,0.001163666666666665,0.0011995666666666652,0.0012427000000000002
0.996,0.0006268,0.0006628,0.0007155,0.0007794,0.0008447,0.0009051,0.0009631,0.00101,0.00106,0.00112,0.00117,0.0012,0.00125,0.0011687333333333355,0.001200133333333331,0.0012480333333333281
1.0,0.0006328,0.0006683,0.0007205,0.0007847,0.0008496,0.0009094,0.0009678,0.00101,0.00107,0.00112,0.00117,0.0012,0.00125,0.001170900000000003,0.0012004333333333304,0.00124866666666666
1.004,0.0006391,0.0006736,0.0007262,0.0007896,0.0008546,0.0009145,0.0009728,0.00102,0.00107,0.00113,0.00117,0.00121,0.00126,0.0011741666666666688,0.0012105333333333275,0.0012601333333333304
1.008,0.0006455,0.000679,0.0007316,0.0007947,0.0008594,0.0009189,0.0009777,0.00103,0.00108,0.00113,0.00118,0.00121,0.00126,0.001179466666666667,0.001211766666666661,0.0012614666666666632
1.012,0.0006514,0.0006843,0.0007367,0.0007999,0.0008646,0.000924,0.0009822,0.00103,0.00108,0.00114,0.00118,0.00122,0.00127,0.0011833000000000008,0.0012189333333333318,0.0012685666666666622
1.016,0.0006577,0.0006896,0.0007421,0.0008052,0.0008699,0.0009291,0.0009872,0.00103,0.00109,0.00114,0.00119,0.00122,0.00127,0.0011896000000000033,0.001219999999999999,0.001269199999999995
1.02,0.0006641,0.0006957,0.0007481,0.0008108,0.0008754,0.0009345,0.0009925,0.00104,0.00109,0.00115,0.00119,0.00123,0.00128,0.0011945333333333362,0.0012303333333333374,0.0012802333333333357
1.024,0.0006702,0.0007016,0.0007536,0.0008162,0.0008807,0.0009396,0.0009978,0.00105,0.0011,0.00115,0.0012,0.00123,0.00128,0.0011992666666666646,0.0012315000000000043,0.001281400000000004
1.028,0.0006765,0.0007074,0.0007597,0.000822,0.0008863,0.0009452,0.001,0.00105,0.0011,0.00116,0.0012,0.00124,0.00129,0.0012039333333333305,0.0012405333333333367,0.0012908000000000073
1.032,0.0006832,0.0007131,0.0007659,0.0008281,0.0008923,0.0009512,0.00101,0.00106,0.00111,0.00117,0.00121,0.00124,0.00129,0.0012116666666666617,0.0012425666666666692,0.0012926000000000075
1.036,0.0006904,0.0007197,0.0007723,0.000834,0.0008983,0.000957,0.00101,0.00106,0.00111,0.00117,0.00122,0.00125,0.0013,0.0012174999999999979,0.001247833333333329,0.0012978333333333396
1.04,0.0006973,0.000726,0.0007785,0.0008403,0.000905,0.0009631,0.00102,0.00107,0.00112,0.00118,0.00122,0.00125,0.0013,0.0012213999999999994,0.0012536333333333265,0.0013029666666666705
1.044,0.0007046,0.0007327,0.0007853,0.0008471,0.0009115,0.0009693,0.00103,0.00107,0.00113,0.00118,0.00122,0.00126,0.00131,0.0012223333333333335,0.0012600999999999958,0.0013087333333333304
1.048,0.0007117,0.0007398,0.0007923,0.0008535,0.0009183,0.0009761,0.00103,0.00108,0.00113,0.00119,0.00123,0.00127,0.00131,0.0012332333333333373,0.0012713333333333296,0.0013151666666666622
1.052,0.0007187,0.000747,0.0007997,0.0008608,0.0009254,0.000983,0.00104,0.00109,0.00114,0.0012,0.00124,0.00127,0.00132,0.001240633333333336,0.001274166666666664,0.0013223333333333273
1.056,0.0007262,0.0007544,0.0008073,0.0008683,0.0009331,0.0009901,0.00105,0.00109,0.00115,0.0012,0.00124,0.00128,0.00133,0.0012423333333333349,0.0012804000000000025,0.0013288999999999972
1.06,0.0007338,0.000762,0.000815,0.0008763,0.0009407,0.0009974,0.00105,0.0011,0.00115,0.00121,0.00125,0.00129,0.00133,0.001251066666666662,0.0012897333333333405,0.0013335999999999992
1.064,0.0007422,0.0007701,0.0008231,0.0008845,0.0009488,0.00101,0.00106,0.00111,0.00116,0.00121,0.00126,0.00129,0.00134,0.001258299999999997,0.0012919333333333415,0.0013399666666666697
1.068,0.0007507,0.0007784,0.0008316,0.0008934,0.0009574,0.00101,0.00107,0.00112,0.00117,0.00122,0.00126,0.0013,0.00135,0.0012642666666666648,0.001303366666666671,0.0013530666666666706
1.072,0.0007593,0.0007873,0.0008409,0.0009025,0.0009668,0.00102,0.00108,0.00113,0.00118,0.00123,0.00127,0.00131,0.00136,0.0012731999999999978,0.0013132999999999958,0.001361100000000005
1.076,0.0007681,0.0007966,0.0008506,0.0009126,0.0009761,0.00103,0.00109,0.00113,0.00118,0.00124,0.00128,0.00132,0.00136,0.0012814666666666696,0.0013220333333333278,0.0013637000000000059
1.08,0.0007777,0.000806,0.0008606,0.0009222,0.0009861,0.00104,0.0011,0.00114,0.00119,0.00124,0.00129,0.00133,0.00137,0.001287800000000007,0.0013287333333333307,0.001369366666666664
1.084,0.0007886,0.0008168,0.0008714,0.0009333,0.000997,0.00105,0.00111,0.00115,0.0012,0.00125,0.00129,0.00134,0.00138,0.0012950000000000066,0.0013431000000000029,0.001383633333333332
1.088,0.0007996,0.0008276,0.0008829,0.0009454,0.00101,0.00106,0.00112,0.00116,0.00121,0.00126,0.0013,0.00135,0.00139,0.0013048000000000035,0.0013534000000000016,0.0013939333333333366
1.092,0.0008112,0.0008391,0.0008944,0.000957,0.00102,0.00107,0.00113,0.00117,0.00122,0.00127,0.00131,0.00136,0.0014,0.0013147666666666652,0.0013623000000000025,0.0014027000000000074
1.096,0.0008236,0.000852,0.0009072,0.0009703,0.00103,0.00109,0.00114,0.00119,0.00123,0.00128,0.00133,0.00137,0.00141,0.0013330666666666658,0.001374799999999997,0.001415933333333338
1.1,0.000837,0.0008655,0.0009211,0.0009847,0.00105,0.0011,0.00115,0.0012,0.00125,0.0013,0.00134,0.00138,0.00142,0.0013449333333333366,0.0013872666666666646,0.0014287999999999955
1.104,0.0008512,0.0008805,0.0009361,0.001,0.00106,0.00111,0.00116,0.00121,0.00126,0.00131,0.00135,0.0014,0.00144,0.001354200000000004,0.0014020000000000048,0.0014436999999999974
1.108,0.000866,0.0008969,0.0009525,0.00102,0.00108,0.00113,0.00118,0.00123,0.00127,0.00132,0.00136,0.00141,0.00145,0.0013680000000000031,0.0014156000000000036,0.00145726666666667
1.112,0.000882,0.0009142,0.0009702,0.00103,0.00109,0.00114,0.00119,0.00124,0.00129,0.00134,0.00138,0.00142,0.00146,0.0013870999999999977,0.0014303999999999957,0.0014709333333333345
1.116,0.000899,0.0009341,0.0009898,0.00105,0.00111,0.00116,0.00121,0.00126,0.0013,0.00135,0.00139,0.00144,0.00148,0.0013997000000000024,0.0014490333333333333,0.0014882999999999954
1.12,0.0009171,0.0009556,0.00101,0.00107,0.00113,0.00118,0.00123,0.00127,0.00132,0.00137,0.00141,0.00146,0.00149,0.0014183666666666692,0.0014684333333333385,0.0015043333333333308
1.124,0.0009355,0.0009782,0.00103,0.0011,0.00115,0.0012,0.00124,0.00129,0.00134,0.00139,0.00142,0.00147,0.00151,0.001429666666666662,0.00147973333333334,0.0015205666666666697
1.128,0.0009555,0.001,0.00106,0.00112,0.00117,0.00122,0.00126,0.00131,0.00136,0.0014,0.00144,0.00149,0.00153,0.0014455666666666654,0.0014956666666666653,0.0015369333333333276
1.132,0.0009754,0.00103,0.00108,0.00114,0.0012,0.00124,0.00129,0.00133,0.00138,0.00142,0.00146,0.00151,0.00155,0.0014711666666666692,0.0015219000000000042,0.0015648999999999984
1.136,0.0009954,0.00106,0.0011,0.00117,0.00122,0.00126,0.00131,0.00135,0.0014,0.00145,0.00148,0.00153,0.00157,0.0014924333333333295,0.0015447333333333286,0.0015858000000000024
1.14,0.00102,0.00108,0.00113,0.00119,0.00125,0.00129,0.00133,0.00138,0.00142,0.00147,0.0015,0.00156,0.00159,0.0015174333333333324,0.0015748000000000055,0.0016092666666666612
1.144,0.00103,0.00111,0.00115,0.00122,0.00127,0.00131,0.00135,0.0014,0.00145,0.00149,0.00153,0.00158,0.00161,0.0015410999999999934,0.0015927000000000074,0.0016276333333333308
1.148,0.00105,0.00113,0.00118,0.00124,0.00129,0.00134,0.00138,0.00142,0.00147,0.00151,0.00155,0.0016,0.00164,0.001560199999999998,0.0016127999999999971,0.0016536666666666588
1.152,0.00107,0.00116,0.0012,0.00127,0.00132,0.00136,0.0014,0.00145,0.0015,0.00154,0.00157,0.00163,0.00166,0.0015836333333333348,0.0016418333333333372,0.001676233333333333
1.156,0.00109,0.00118,0.00122,0.00129,0.00134,0.00139,0.00143,0.00147,0.00152,0.00156,0.0016,0.00165,0.00169,0.001611433333333331,0.0016651999999999975,0.0017054666666666718
1.16,0.0011,0.0012,0.00125,0.00132,0.00137,0.00141,0.00145,0.0015,0.00155,0.00159,0.00162,0.00168,0.00171,0.0016324333333333373,0.0016925000000000013,0.0017260999999999967
1.164,0.00111,0.00123,0.00127,0.00134,0.00139,0.00144,0.00147,0.00152,0.00157,0.00161,0.00165,0.00171,0.00174,0.0016612333333333312,0.0017220666666666632,0.0017580000000000022
1.168,0.00113,0.00125,0.00129,0.00136,0.00142,0.00146,0.0015,0.00155,0.0016,0.00164,0.00167,0.00173,0.00177,0.0016878,0.0017485333333333354,0.001788333333333333
1.172,0.00114,0.00127,0.00131,0.00139,0.00144,0.00148,0.00152,0.00157,0.00162,0.00166,0.0017,0.00176,0.00179,0.0017116666666666628,0.0017725666666666632,0.0018076000000000032
1.176,0.00115,0.00129,0.00134,0.00141,0.00146,0.00151,0.00155,0.0016,0.00165,0.00169,0.00173,0.00179,0.00182,0.0017425666666666683,0.0018063000000000029,0.0018402333333333329
1.18,0.00116,0.00131,0.00136,0.00143,0.00148,0.00153,0.00157,0.00163,0.00168,0.00172,0.00175,0.00182,0.00185,0.001763399999999995,0.0018322666666666673,0.0018663666666666704
1.184,0.00118,0.00133,0.00138,0.00145,0.00151,0.00155,0.0016,0.00165,0.0017,0.00174,0.00178,0.00185,0.00188,0.0017891333333333336,0.001858900000000005,0.0018931333333333323
1.188,0.00119,0.00135,0.0014,0.00147,0.00153,0.00158,0.00162,0.00168,0.00173,0.00177,0.00181,0.00188,0.00191,0.0018160666666666599,0.001885866666666666,0.0019210333333333377
1.192,0.0012,0.00137,0.00142,0.00149,0.00155,0.0016,0.00165,0.0017,0.00176,0.0018,0.00183,0.0019,0.00194,0.0018413333333333294,0.0019108666666666696,0.0019524333333333398
1.196,0.00121,0.00139,0.00144,0.00151,0.00157,0.00162,0.00167,0.00173,0.00178,0.00182,0.00186,0.00193,0.00197,0.0018653999999999897,0.0019350333333333276,0.0019753333333333454
1.2,0.00122,0.0014,0.00146,0.00154,0.00159,0.00164,0.00169,0.00175,0.00181,0.00185,0.00189,0.00196,0.00199,0.001895866666666665,0.001967633333333333,0.002001000000000005
1.204,0.00124,0.00142,0.00147,0.00155,0.00161,0.00167,0.00172,0.00178,0.00183,0.00187,0.00191,0.00199,0.00202,0.00191796666666667,0.00199636666666667,0.0020293333333333404
1.208,0.00125,0.00144,0.00149,0.00157,0.00163,0.00169,0.00174,0.0018,0.00186,0.0019,0.00194,0.00202,0.00205,0.0019451333333333392,0.002022200000000007,0.0020547333333333327
1.212,0.00126,0.00146,0.00151,0.00159,0.00165,0.00171,0.00176,0.00182,0.00188,0.00192,0.00196,0.00205,0.00208,0.0019634666666666677,0.0020472333333333335,0.0020810333333333353
1.216,0.00127,0.00147,0.00153,0.00161,0.00167,0.00173,0.00178,0.00185,0.00191,0.00195,0.00199,0.00207,0.00211,0.0019948666666666707,0.0020718333333333365,0.002108399999999994
1.22,0.00128,0.00149,0.00154,0.00163,0.00169,0.00175,0.0018,0.00187,0.00193,0.00197,0.00202,0.0021,0.00213,0.0020183333333333403,0.002095466666666663,0.0021268333333333304
1.224,0.00129,0.00151,0.00156,0.00164,0.00171,0.00177,0.00182,0.00189,0.00196,0.002,0.00204,0.00213,0.00216,0.0020388666666666696,0.0021222999999999975,0.002154100000000006
1.228,0.00131,0.00152,0.00157,0.00166,0.00173,0.00179,0.00184,0.00191,0.00198,0.00202,0.00207,0.00215,0.00219,0.0020644000000000057,0.0021443333333333275,0.0021798333333333457
1.232,0.00132,0.00154,0.00159,0.00168,0.00175,0.00181,0.00186,0.00194,0.002,0.00205,0.00209,0.00218,0.00221,0.002089500000000003,0.0021748999999999965,0.002205266666666675
1.236,0.00133,0.00155,0.00161,0.00169,0.00176,0.00182,0.00188,0.00196,0.00203,0.00207,0.00212,0.00221,0.00224,0.002113133333333337,0.0022006333333333345,0.0022313666666666757
1.24,0.00134,0.00157,0.00162,0.00171,0.00178,0.00184,0.0019,0.00198,0.00205,0.00209,0.00214,0.00223,0.00226,0.0021370000000000004,0.0022252333333333298,0.0022541000000000063
1.244,0.00135,0.00158,0.00164,0.00173,0.0018,0.00186,0.00192,0.002,0.00207,0.00212,0.00216,0.00226,0.00229,0.002154966666666672,0.002248933333333334,0.002277766666666673
1.248,0.00136,0.00159,0.00165,0.00174,0.00182,0.00188,0.00194,0.00202,0.00209,0.00214,0.00219,0.00228,0.00231,0.002177566666666678,0.002267933333333329,0.0022972666666666694
1.252,0.00137,0.00161,0.00166,0.00176,0.00183,0.0019,0.00196,0.00204,0.00212,0.00216,0.00221,0.00231,0.00234,0.002200766666666673,0.002296733333333334,0.0023259000000000053
1.256,0.00138,0.00162,0.00168,0.00177,0.00185,0.00192,0.00198,0.00207,0.00214,0.00218,0.00223,0.00233,0.00236,0.0022215666666666636,0.0023189666666666754,0.002348033333333335
1.26,0.00139,0.00164,0.00169,0.00179,0.00187,0.00194,0.002,0.00209,0.00216,0.0022,0.00225,0.00235,0.00238,0.002241299999999989,0.002338966666666663,0.0023680000000000077
1.264,0.0014,0.00165,0.00171,0.0018,0.00188,0.00195,0.00202,0.00211,0.00218,0.00223,0.00227,0.00238,0.00241,0.002259199999999992,0.0023599666666666687,0.002387633333333344
1.268,0.00142,0.00166,0.00172,0.00182,0.0019,0.00197,0.00204,0.00213,0.0022,0.00225,0.0023,0.0024,0.00243,0.0022830999999999967,0.002382099999999995,0.0024110333333333413
1.272,0.00143,0.00167,0.00174,0.00184,0.00192,0.00199,0.00206,0.00215,0.00222,0.00227,0.00232,0.00242,0.00245,0.0023068999999999954,0.0024062999999999906,0.002435866666666661
1.276,0.00144,0.00169,0.00175,0.00185,0.00193,0.00201,0.00208,0.00217,0.00224,0.00229,0.00234,0.00245,0.00248,0.002332233333333337,0.0024370999999999894,0.0024656000000000027
1.28,0.00145,0.0017,0.00177,0.00187,0.00195,0.00203,0.0021,0.00219,0.00226,0.00231,0.00236,0.00247,0.0025,0.0023524000000000006,0.002458033333333322,0.0024855333333333243
1.284,0.00147,0.00171,0.00178,0.00188,0.00197,0.00204,0.00211,0.00221,0.00228,0.00233,0.00238,0.00249,0.00252,0.0023726000000000055,0.002481666666666659,0.0025103666666666607
1.288,0.00148,0.00172,0.0018,0.0019,0.00198,0.00206,0.00213,0.00223,0.0023,0.00235,0.0024,0.00252,0.00254,0.002393866666666662,0.002509666666666659,0.0025324999999999922
1.292,0.00149,0.00174,0.00181,0.00191,0.002,0.00208,0.00215,0.00225,0.00233,0.00237,0.00242,0.00254,0.00257,0.002410533333333325,0.0025260333333333262,0.0025517999999999925
1.296,0.0015,0.00175,0.00182,0.00193,0.00202,0.0021,0.00217,0.00227,0.00234,0.00239,0.00244,0.00256,0.00259,0.0024290999999999974,0.0025458333333333357,0.0025729999999999915
1.3,0.00152,0.00176,0.00184,0.00195,0.00204,0.00212,0.00219,0.00229,0.00236,0.00241,0.00246,0.00258,0.00261,0.002453333333333339,0.0025724666666666787,0.0026017333333333333
1.304,0.00153,0.00178,0.00185,0.00196,0.00205,0.00214,0.00221,0.00231,0.00238,0.00243,0.00248,0.0026,0.00263,0.0024728666666666713,0.0025911666666666756,0.002619700000000009
1.308,0.00155,0.00179,0.00187,0.00198,0.00207,0.00215,0.00223,0.00233,0.0024,0.00245,0.0025,0.00262,0.00265,0.0024958666666666557,0.0026163333333333303,0.0026441000000000073
1.312,0.00157,0.0018,0.00188,0.002,0.00209,0.00217,0.00224,0.00235,0.00242,0.00247,0.00252,0.00265,0.00267,0.0025127333333333254,0.0026378000000000057,0.0026587333333333253
1.316,0.00158,0.00182,0.0019,0.00201,0.00211,0.00219,0.00226,0.00236,0.00244,0.00249,0.00254,0.00267,0.00269,0.002530166666666658,0.0026572999999999927,0.0026769333333333274
1.32,0.0016,0.00183,0.00192,0.00203,0.00212,0.00221,0.00228,0.00238,0.00246,0.00251,0.00256,0.00269,0.00271,0.0025507666666666697,0.002677033333333328,0.0026949666666666607
1.324,0.00162,0.00185,0.00193,0.00205,0.00214,0.00223,0.0023,0.0024,0.00248,0.00253,0.00258,0.00271,0.00273,0.0025716666666666804,0.0026996333333333283,0.0027193333333333358
1.328,0.00164,0.00186,0.00195,0.00207,0.00216,0.00225,0.00232,0.00242,0.0025,0.00255,0.0026,0.00273,0.00276,0.002592300000000011,0.002719033333333338,0.00274403333333333
1.332,0.00165,0.00188,0.00197,0.00208,0.00218,0.00226,0.00234,0.00244,0.00252,0.00257,0.00262,0.00275,0.00278,0.0026103999999999962,0.002737466666666672,0.002764100000000003
1.336,0.00167,0.0019,0.00198,0.0021,0.0022,0.00228,0.00236,0.00246,0.00254,0.00259,0.00264,0.00277,0.0028,0.002633366666666653,0.0027620333333333454,0.002790533333333346
1.34,0.00169,0.00191,0.002,0.00212,0.00222,0.0023,0.00238,0.00248,0.00256,0.00261,0.00266,0.00279,0.00282,0.0026583999999999965,0.002789666666666665,0.002817066666666674
1.344,0.00171,0.00193,0.00202,0.00214,0.00224,0.00232,0.0024,0.0025,0.00258,0.00263,0.00268,0.00282,0.00284,0.002673800000000005,0.0028096666666666743,0.0028305666666666586
1.348,0.00173,0.00194,0.00204,0.00216,0.00226,0.00234,0.00242,0.00252,0.0026,0.00265,0.0027,0.00284,0.00286,0.0026899666666666735,0.0028250333333333243,0.002842199999999987
1.352,0.00175,0.00196,0.00206,0.00218,0.00228,0.00237,0.00244,0.00254,0.00262,0.00267,0.00272,0.00286,0.00288,0.002709033333333343,0.0028448666666666513,0.0028617333333333266
1.356,0.00177,0.00198,0.00207,0.0022,0.0023,0.00239,0.00246,0.00257,0.00264,0.00269,0.00274,0.00288,0.0029,0.002730833333333329,0.0028677666666666593,0.0028852000000000057
1.36,0.00179,0.002,0.00209,0.00222,0.00232,0.00241,0.00248,0.00259,0.00266,0.00271,0.00276,0.0029,0.00292,0.002753833333333327,0.002893500000000005,0.0029124666666666753
1.364,0.00181,0.00202,0.00211,0.00224,0.00234,0.00243,0.0025,0.00261,0.00268,0.00273,0.00278,0.00293,0.00295,0.002773833333333335,0.002919499999999998,0.0029384000000000085
1.368,0.00184,0.00204,0.00213,0.00226,0.00236,0.00245,0.00252,0.00263,0.0027,0.00275,0.0028,0.00295,0.00297,0.00279266666666668,0.002939766666666671,0.0029580000000000066
1.372,0.00186,0.00206,0.00216,0.00229,0.00239,0.00247,0.00254,0.00265,0.00272,0.00277,0.00282,0.00297,0.00299,0.0028119333333333474,0.002958933333333339,0.0029775000000000153
1.376,0.00188,0.00208,0.00218,0.00231,0.00241,0.00249,0.00256,0.00267,0.00275,0.00279,0.00285,0.00299,0.00302,0.0028416000000000123,0.0029829000000000144,0.0030066000000000146
1.38,0.00191,0.0021,0.0022,0.00233,0.00243,0.00251,0.00258,0.00269,0.00277,0.00282,0.00287,0.00302,0.00304,0.002865766666666675,0.003012633333333348,0.0030331000000000095
1.384,0.00194,0.00212,0.00222,0.00236,0.00245,0.00254,0.0026,0.00272,0.00279,0.00284,0.00289,0.00304,0.00306,0.00287649999999999,0.0030227333333333467,0.003039733333333326
1.388,0.00196,0.00215,0.00225,0.00238,0.00248,0.00256,0.00263,0.00274,0.00282,0.00286,0.00291,0.00307,0.00309,0.0028978666666666583,0.0030488000000000125,0.00306286666666667
1.392,0.00199,0.00217,0.00227,0.0024,0.0025,0.00259,0.00265,0.00276,0.00284,0.00288,0.00293,0.00309,0.00311,0.00292649999999999,0.003084866666666679,0.0031025333333333203
1.396,0.00201,0.00219,0.00229,0.00243,0.00253,0.00261,0.00267,0.00279,0.00286,0.00291,0.00296,0.00312,0.00313,0.002952499999999989,0.003110266666666677,0.003121866666666659
1.4,0.00204,0.00222,0.00232,0.00245,0.00255,0.00264,0.0027,0.00281,0.00288,0.00293,0.00298,0.00314,0.00316,0.0029698333333333226,0.0031262000000000087,0.003139766666666676
1.404,0.00207,0.00224,0.00234,0.00248,0.00258,0.00266,0.00272,0.00284,0.00291,0.00295,0.003,0.00317,0.00318,0.0029894999999999982,0.0031507333333333394,0.0031596333333333273
1.408,0.0021,0.00226,0.00237,0.0025,0.0026,0.00269,0.00274,0.00286,0.00293,0.00298,0.00303,0.00319,0.00321,0.003020266666666656,0.0031803000000000144,0.0031959333333333438
1.412,0.00213,0.00229,0.00239,0.00253,0.00263,0.00271,0.00277,0.00288,0.00296,0.003,0.00305,0.00322,0.00324,0.003043099999999997,0.0032107000000000017,0.003227566666666682
1.416,0.00216,0.00232,0.00242,0.00256,0.00266,0.00274,0.00279,0.00291,0.00298,0.00302,0.00307,0.00325,0.00326,0.0030649000000000062,0.003238966666666655,0.0032501333333333493
1.42,0.00219,0.00234,0.00245,0.00259,0.00268,0.00277,0.00282,0.00293,0.003,0.00305,0.0031,0.00327,0.00329,0.0030926333333333327,0.003263633333333327,0.0032782666666666786
1.424,0.00222,0.00237,0.00247,0.00261,0.00271,0.00279,0.00284,0.00296,0.00303,0.00307,0.00312,0.0033,0.00331,0.0031120666666666717,0.0032867666666666615,0.003296266666666679
1.428,0.00225,0.0024,0.0025,0.00264,0.00274,0.00282,0.00287,0.00299,0.00305,0.0031,0.00315,0.00333,0.00334,0.0031400666666666606,0.003316033333333349,0.003324866666666674
1.432,0.00229,0.00242,0.00253,0.00267,0.00276,0.00285,0.00289,0.00301,0.00308,0.00312,0.00317,0.00335,0.00337,0.0031629,0.0033392666666666676,0.00335386666666666
1.436,0.00232,0.00245,0.00256,0.0027,0.00279,0.00288,0.00292,0.00304,0.00311,0.00315,0.0032,0.00338,0.0034,0.0031880666666666583,0.0033660666666666807,0.00338279999999999
1.44,0.00235,0.00248,0.00259,0.00273,0.00282,0.0029,0.00295,0.00307,0.00313,0.00318,0.00322,0.00341,0.00343,0.003211066666666664,0.0033940666666666787,0.0034079000000000067
1.444,0.00239,0.00251,0.00262,0.00276,0.00285,0.00293,0.00297,0.00309,0.00316,0.0032,0.00325,0.00344,0.00345,0.003237499999999988,0.0034230333333333347,0.0034304666666666555
1.448,0.00243,0.00254,0.00264,0.00279,0.00288,0.00296,0.003,0.00312,0.00318,0.00323,0.00327,0.00347,0.00348,0.003256399999999994,0.003447266666666656,0.003452666666666671
1.452,0.00246,0.00258,0.00267,0.00282,0.00291,0.00299,0.00303,0.00315,0.00321,0.00325,0.0033,0.0035,0.00351,0.0032861666666666608,0.003479133333333318,0.0034841000000000047
1.456,0.0025,0.00261,0.0027,0.00285,0.00294,0.00302,0.00306,0.00318,0.00324,0.00328,0.00333,0.00353,0.00354,0.0033188666666666834,0.003514466666666674,0.003522299999999997
1.46,0.00253,0.00264,0.00273,0.00288,0.00297,0.00305,0.00308,0.0032,0.00327,0.00331,0.00335,0.00355,0.00357,0.003342866666666666,0.0035398333333333492,0.003554999999999994
1.464,0.00257,0.00267,0.00277,0.00291,0.003,0.00308,0.00311,0.00323,0.00329,0.00333,0.00338,0.00358,0.0036,0.003365966666666678,0.003560466666666677,0.00357480000000001
1.468,0.00261,0.0027,0.0028,0.00294,0.00303,0.00311,0.00314,0.00326,0.00332,0.00336,0.00341,0.00361,0.00363,0.003391466666666681,0.0035848333333333327,0.003596500000000013
1.472,0.00265,0.00273,0.00283,0.00297,0.00306,0.00314,0.00317,0.00329,0.00335,0.00339,0.00343,0.00364,0.00365,0.0034223666666666837,0.003625733333333326,0.003634166666666676
1.476,0.00269,0.00277,0.00286,0.003,0.00309,0.00317,0.0032,0.00332,0.00337,0.00341,0.00346,0.00367,0.00368,0.003444800000000013,0.0036466666666666566,0.003652066666666669
1.48,0.00273,0.0028,0.00289,0.00303,0.00312,0.0032,0.00322,0.00335,0.0034,0.00344,0.00349,0.0037,0.00372,0.0034791666666666643,0.0036831000000000103,0.00369619999999998
1.484,0.00277,0.00284,0.00293,0.00307,0.00315,0.00323,0.00325,0.00337,0.00343,0.00347,0.00352,0.00373,0.00375,0.003506333333333325,0.0037087333333333406,0.0037213666666666627
1.488,0.00281,0.00287,0.00296,0.0031,0.00319,0.00326,0.00328,0.0034,0.00346,0.0035,0.00354,0.00376,0.00378,0.003528499999999993,0.0037356333333333266,0.003747299999999995
1.492,0.00285,0.00291,0.00299,0.00313,0.00322,0.00329,0.00331,0.00343,0.00349,0.00353,0.00357,0.00379,0.00381,0.0035611666666666604,0.0037735333333333196,0.0037867666666666624
1.496,0.00289,0.00294,0.00303,0.00317,0.00325,0.00332,0.00334,0.00346,0.00352,0.00355,0.0036,0.00382,0.00383,0.003582933333333346,0.003789533333333337,0.0037908333333333305
1.5,0.00294,0.00298,0.00306,0.0032,0.00328,0.00335,0.00337,0.00349,0.00354,0.00358,0.00362,0.00385,0.00386,0.0035914333333333225,0.0037953000000000006,0.003789533333333319
