Voltage,1,2,3,5,10,15,20,25,30,40,50,60,80,100,120,200,250,100_pred,120_pred,200_pred,250_pred
-0.996,0.0006025,0.0005517,0.0006391,0.0006831,0.0007553,0.0008011,0.0008406,0.0008751,0.0008273,0.001009,0.001082,0.001141,0.001223,0.001267,0.001315,0.001352,0.001379,0.001263600000000002,0.0013083033333333369,0.0013532066666666715,0.0013808133333333375
-0.992,0.0005936,0.0005438,0.0006299,0.0006736,0.0007462,0.0007908,0.0008312,0.0008654,0.00082,0.0009977,0.001071,0.00113,0.001211,0.001256,0.001301,0.001339,0.001366,0.0012536366666666644,0.0012953533333333316,0.0013416033333333325,0.001369133333333332
-0.988,0.0005852,0.0005363,0.0006211,0.0006648,0.0007377,0.0007813,0.0008224,0.0008563,0.0008132,0.0009869,0.001061,0.00112,0.001201,0.001245,0.001288,0.001327,0.001354,0.0012403799999999975,0.0012811400000000033,0.0013280833333333378,0.001355373333333337
-0.984,0.0005774,0.0005291,0.0006129,0.0006566,0.0007298,0.0007725,0.0008141,0.000848,0.0008069,0.000977,0.001052,0.00111,0.001191,0.001235,0.001276,0.001317,0.001342,0.0012312166666666622,0.0012694099999999997,0.0013163933333333385,0.0013420833333333377
-0.98,0.0005706,0.0005223,0.0006053,0.0006491,0.0007225,0.0007644,0.0008065,0.0008405,0.0008011,0.0009678,0.001043,0.001102,0.001181,0.001226,0.001265,0.001307,0.001332,0.0012228900000000036,0.0012589633333333341,0.0013065033333333356,0.001332053333333334
-0.976,0.0005635,0.0005159,0.0005981,0.0006422,0.0007158,0.000757,0.0007993,0.0008337,0.0007958,0.0009595,0.001035,0.001094,0.001173,0.001217,0.001254,0.001298,0.001323,0.0012150133333333373,0.0012492799999999967,0.0012972666666666711,0.0013224866666666688
-0.972,0.000557,0.0005098,0.0005915,0.0006358,0.0007097,0.0007504,0.0007925,0.0008274,0.000791,0.000952,0.001028,0.001087,0.001165,0.001209,0.001244,0.00129,0.001314,0.0012089,0.0012399633333333353,0.0012898866666666722,0.0013145399999999951
-0.968,0.0005507,0.0005041,0.0005852,0.0006298,0.0007042,0.0007442,0.0007865,0.0008216,0.0007866,0.0009452,0.001022,0.00108,0.001158,0.001202,0.001235,0.001282,0.001306,0.0012038799999999975,0.0012322399999999962,0.001283070000000003,0.001307813333333327
-0.964,0.0005453,0.0004986,0.0005797,0.0006244,0.0006989,0.0007385,0.000781,0.0008163,0.0007825,0.0009391,0.001015,0.001074,0.001151,0.001196,0.001226,0.001275,0.001299,0.0011974166666666622,0.0012252833333333353,0.001276036666666672,0.0013005699999999957
-0.96,0.0005402,0.0004935,0.0005747,0.0006194,0.0006942,0.0007334,0.0007761,0.0008113,0.0007787,0.0009333,0.00101,0.001068,0.001145,0.00119,0.001219,0.001268,0.001293,0.0011914466666666703,0.001218466666666671,0.0012693133333333306,0.0012944499999999952
-0.956,0.0005355,0.0004887,0.0005699,0.0006148,0.0006897,0.0007284,0.0007713,0.0008067,0.0007752,0.0009282,0.001005,0.001063,0.00114,0.001184,0.001212,0.001262,0.001287,0.0011855933333333355,0.0012112366666666642,0.001263169999999999,0.001288396666666663
-0.952,0.000531,0.0004841,0.0005654,0.0006103,0.0006856,0.0007237,0.000767,0.0008023,0.000772,0.0009232,0.0009998,0.001058,0.001134,0.001179,0.001205,0.001256,0.001281,0.0011803333333333336,0.0012040533333333371,0.0012570966666666625,0.001282329999999996
-0.948,0.000527,0.0004798,0.0005612,0.0006061,0.0006817,0.0007195,0.0007627,0.0007984,0.000769,0.0009185,0.0009955,0.001054,0.00113,0.001174,0.001199,0.001251,0.001276,0.001175310000000003,0.0011984733333333367,0.0012520166666666673,0.0012771799999999993
-0.944,0.000523,0.0004756,0.0005571,0.0006022,0.0006782,0.0007156,0.0007591,0.0007947,0.0007664,0.0009141,0.0009914,0.001051,0.001125,0.00117,0.001194,0.001247,0.001271,0.0011707400000000028,0.001193263333333329,0.0012472766666666668,0.00127188666666667
-0.94,0.0005193,0.0004721,0.0005533,0.0005986,0.0006749,0.000712,0.0007557,0.0007913,0.000764,0.0009099,0.0009875,0.001047,0.001121,0.001166,0.001189,0.001242,0.001267,0.001167016666666667,0.001188566666666664,0.001242796666666669,0.001267940000000003
-0.936,0.0005158,0.0004693,0.0005498,0.0005953,0.0006718,0.0007089,0.0007527,0.0007883,0.0007618,0.0009063,0.000984,0.001044,0.001118,0.001163,0.001185,0.001238,0.001263,0.0011637466666666694,0.00118460333333333,0.0012388533333333345,0.0012639666666666666
-0.932,0.0005125,0.0004668,0.0005465,0.0005923,0.000669,0.000706,0.0007497,0.0007854,0.0007599,0.000903,0.0009806,0.001041,0.001114,0.001159,0.001181,0.001235,0.00126,0.0011599833333333343,0.0011804999999999951,0.001235479999999996,0.0012606099999999973
-0.928,0.0005094,0.0004642,0.0005435,0.0005896,0.0006662,0.0007031,0.000747,0.0007827,0.0007583,0.0009002,0.0009776,0.001038,0.001111,0.001156,0.001177,0.001231,0.001256,0.0011569666666666628,0.0011769233333333313,0.0012318733333333317,0.0012569766666666634
-0.924,0.0005064,0.0004614,0.0005406,0.0005869,0.0006637,0.0007005,0.0007444,0.0007803,0.0007569,0.0008976,0.0009749,0.001035,0.001108,0.001153,0.001174,0.001228,0.001253,0.0011538233333333325,0.001173703333333335,0.0012285666666666695,0.0012536233333333346
-0.92,0.0005032,0.0004582,0.0005378,0.0005845,0.0006613,0.0006979,0.0007421,0.0007781,0.0007555,0.0008953,0.0009728,0.001033,0.001105,0.001151,0.001171,0.001226,0.00125,0.0011515166666666724,0.0011709799999999968,0.0012262433333333357,0.0012506633333333288
-0.916,0.0005,0.0004554,0.0005351,0.0005821,0.0006593,0.0006956,0.00074,0.0007763,0.0007544,0.0008929,0.0009708,0.001031,0.001103,0.001149,0.001169,0.001223,0.001248,0.0011495233333333385,0.0011687466666666629,0.0012235933333333302,0.0012486000000000047
-0.912,0.000497,0.0004529,0.0005326,0.00058,0.0006574,0.0006936,0.0007382,0.0007747,0.0007534,0.0008907,0.0009691,0.001029,0.001101,0.001147,0.001166,0.001221,0.001246,0.001147493333333338,0.0011660833333333326,0.0012214566666666727,0.001246550000000006
-0.908,0.0004941,0.0004504,0.0005302,0.0005781,0.000656,0.000692,0.0007366,0.0007732,0.0007525,0.0008889,0.0009676,0.001028,0.001099,0.001145,0.001164,0.001219,0.001244,0.0011456300000000027,0.0011639066666666662,0.0012194966666666722,0.0012446300000000033
-0.904,0.000491,0.0004481,0.0005281,0.0005764,0.0006545,0.0006906,0.0007353,0.0007721,0.0007519,0.0008872,0.0009664,0.001026,0.001098,0.001144,0.001162,0.001218,0.001243,0.0011442299999999993,0.001161956666666665,0.001217993333333332,0.0012430233333333303
-0.9,0.0004881,0.0004462,0.0005263,0.0005748,0.0006531,0.0006894,0.0007341,0.0007711,0.0007513,0.0008859,0.0009653,0.001025,0.001097,0.001143,0.001161,0.001216,0.001241,0.0011431766666666686,0.0011609200000000015,0.0012164566666666636,0.0012413499999999972
-0.896,0.0004852,0.0004444,0.0005246,0.0005735,0.0006518,0.0006882,0.0007331,0.0007703,0.0007509,0.0008848,0.0009644,0.001025,0.001096,0.001142,0.00116,0.001216,0.00124,0.0011421066666666643,0.0011598033333333308,0.001215889999999997,0.001240250000000002
-0.892,0.0004824,0.0004427,0.0005233,0.0005723,0.0006508,0.0006873,0.0007323,0.0007696,0.0007507,0.000884,0.0009637,0.001024,0.001095,0.001141,0.001159,0.001215,0.00124,0.0011412166666666679,0.0011586200000000006,0.0012148966666666679,0.0012398600000000015
-0.888,0.0004799,0.0004412,0.0005221,0.0005715,0.0006499,0.0006865,0.0007317,0.0007692,0.0007507,0.0008835,0.0009632,0.001024,0.001095,0.001141,0.001158,0.001214,0.001239,0.0011410066666666678,0.0011579199999999985,0.0012142399999999984,0.0012392733333333298
-0.884,0.0004771,0.0004396,0.000521,0.0005707,0.0006494,0.000686,0.0007311,0.0007688,0.000751,0.0008833,0.0009628,0.001023,0.001094,0.00114,0.001157,0.001214,0.001239,0.0011402199999999956,0.001156960000000001,0.0012139366666666645,0.0012391166666666617
-0.88,0.000474,0.0004384,0.0005199,0.0005702,0.000649,0.0006856,0.0007309,0.0007685,0.0007512,0.0008829,0.0009627,0.001023,0.001094,0.00114,0.001156,0.001213,0.001239,0.0011400799999999947,0.001156216666666663,0.001213320000000002,0.0012390499999999944
-0.876,0.0004709,0.0004373,0.000519,0.0005697,0.0006485,0.0006853,0.0007307,0.0007684,0.0007515,0.0008827,0.0009624,0.001023,0.001094,0.00114,0.001156,0.001213,0.001239,0.001140033333333328,0.0011560466666666615,0.001213260000000002,0.0012390233333333276
-0.872,0.000468,0.0004364,0.0005183,0.0005694,0.0006484,0.0006853,0.0007308,0.0007685,0.000752,0.0008829,0.0009626,0.001023,0.001094,0.00114,0.001156,0.001214,0.001239,0.0011400766666666616,0.001156079999999995,0.0012137533333333326,0.0012390599999999945
-0.868,0.0004654,0.0004357,0.0005179,0.0005693,0.0006485,0.0006854,0.0007312,0.0007688,0.0007525,0.0008833,0.0009631,0.001023,0.001095,0.001141,0.001157,0.001214,0.00124,0.0011407999999999995,0.0011568400000000012,0.0012140133333333318,0.0012397000000000011
-0.864,0.0004629,0.0004351,0.0005176,0.0005694,0.0006488,0.0006857,0.0007316,0.0007695,0.0007532,0.0008838,0.0009639,0.001024,0.001095,0.001142,0.001157,0.001215,0.00124,0.001141736666666664,0.001157186666666668,0.0012148366666666684,0.0012399633333333355
-0.86,0.0004606,0.0004346,0.0005176,0.0005696,0.0006494,0.0006862,0.000732,0.0007702,0.0007542,0.0008844,0.0009649,0.001025,0.001096,0.001143,0.001158,0.001216,0.001241,0.0011428266666666687,0.0011581833333333316,0.0012159133333333315,0.0012409099999999978
-0.856,0.0004584,0.0004344,0.0005177,0.00057,0.0006499,0.0006867,0.0007327,0.000771,0.0007552,0.0008852,0.0009659,0.001026,0.001097,0.001144,0.001159,0.001217,0.001242,0.0011437999999999989,0.001159140000000001,0.001216860000000003,0.0012418766666666685
-0.852,0.0004562,0.0004343,0.0005179,0.0005704,0.0006505,0.0006873,0.0007334,0.0007718,0.0007562,0.000886,0.0009667,0.001027,0.001098,0.001145,0.00116,0.001218,0.001243,0.0011446566666666685,0.0011600366666666639,0.0012177466666666653,0.0012428266666666638
-0.848,0.0004541,0.0004343,0.0005182,0.0005711,0.0006513,0.0006881,0.0007342,0.0007729,0.0007574,0.0008869,0.0009677,0.001028,0.001099,0.001146,0.001161,0.001219,0.001245,0.0011457099999999994,0.0011611366666666677,0.001218940000000005,0.001244646666666665
-0.844,0.0004521,0.0004344,0.0005186,0.0005718,0.0006523,0.0006892,0.0007353,0.0007739,0.0007585,0.000888,0.0009689,0.001029,0.0011,0.001147,0.001162,0.001221,0.001247,0.0011468200000000035,0.0011620666666666652,0.0012205466666666738,0.0012464433333333324
-0.84,0.0004502,0.0004347,0.0005193,0.0005726,0.0006534,0.0006903,0.0007365,0.0007751,0.0007597,0.0008893,0.0009704,0.001031,0.001102,0.001149,0.001164,0.001222,0.001248,0.0011485300000000055,0.0011639099999999987,0.0012218466666666682,0.001247750000000006
-0.836,0.0004486,0.0004352,0.00052,0.0005737,0.0006547,0.0006916,0.0007378,0.0007763,0.0007611,0.0008907,0.000972,0.001032,0.001103,0.00115,0.001165,0.001224,0.00125,0.0011497466666666669,0.001165246666666671,0.0012236066666666688,0.0012494366666666622
-0.832,0.0004474,0.0004358,0.0005211,0.000575,0.0006559,0.0006929,0.0007392,0.0007778,0.0007628,0.0008924,0.0009736,0.001033,0.001105,0.001152,0.001167,0.001226,0.001251,0.0011515233333333282,0.0011671233333333296,0.0012255100000000024,0.0012506766666666668
-0.828,0.0004463,0.0004366,0.0005222,0.0005764,0.0006572,0.0006945,0.0007407,0.0007794,0.0007646,0.0008943,0.0009752,0.001035,0.001107,0.001154,0.001169,0.001227,0.001253,0.0011534866666666618,0.0011691099999999964,0.0012269266666666654,0.0012525933333333355
-0.824,0.0004455,0.0004376,0.0005234,0.000578,0.0006588,0.000696,0.0007424,0.0007811,0.0007664,0.000896,0.000977,0.001037,0.001109,0.001156,0.00117,0.001229,0.001255,0.0011554599999999953,0.0011706200000000011,0.0012288633333333305,0.0012545666666666706
-0.82,0.0004448,0.0004385,0.0005247,0.0005794,0.0006604,0.0006976,0.0007442,0.0007829,0.0007682,0.0008978,0.0009791,0.001039,0.001111,0.001158,0.001173,0.001232,0.001257,0.0011574633333333295,0.0011729233333333303,0.001231416666666671,0.00125664666666667
-0.816,0.0004443,0.0004395,0.0005262,0.0005809,0.0006621,0.0006992,0.0007459,0.0007845,0.00077,0.0008994,0.0009811,0.001041,0.001113,0.00116,0.001175,0.001234,0.00126,0.0011591633333333299,0.001175026666666664,0.0012333366666666715,0.0012590233333333318
-0.812,0.0004441,0.0004406,0.0005275,0.0005824,0.0006639,0.000701,0.0007478,0.0007863,0.0007718,0.0009012,0.0009831,0.001043,0.001115,0.001162,0.001177,0.001236,0.001262,0.0011614333333333307,0.0011771566666666643,0.0012356700000000003,0.0012614333333333314
-0.808,0.0004442,0.0004419,0.0005291,0.000584,0.0006656,0.000703,0.0007496,0.0007882,0.0007737,0.0009033,0.0009851,0.001045,0.001117,0.001164,0.001179,0.001239,0.001264,0.0011634966666666654,0.0011792299999999988,0.0012382799999999963,0.0012635166666666608
-0.804,0.0004445,0.0004434,0.000531,0.0005859,0.0006674,0.0007051,0.0007517,0.0007903,0.0007758,0.0009056,0.0009875,0.001047,0.00112,0.001167,0.001182,0.001241,0.001267,0.0011663199999999957,0.0011822333333333336,0.0012406866666666635,0.0012664666666666676
-0.8,0.000445,0.0004449,0.000533,0.0005881,0.0006696,0.0007072,0.0007539,0.0007925,0.000778,0.0009081,0.0009903,0.001049,0.001122,0.001169,0.001184,0.001244,0.00127,0.0011680899999999962,0.0011843366666666676,0.0012430800000000032,0.0012688833333333305
-0.796,0.0004457,0.0004464,0.0005351,0.0005903,0.0006717,0.0007095,0.0007562,0.0007949,0.0007803,0.0009106,0.0009931,0.001052,0.001125,0.001172,0.001187,0.001246,0.001273,0.001171390000000003,0.0011878299999999974,0.0012461066666666707,0.0012724933333333373
-0.792,0.0004467,0.0004481,0.000537,0.0005925,0.000674,0.0007118,0.0007585,0.0007972,0.0007829,0.0009131,0.0009957,0.001055,0.001128,0.001174,0.00119,0.00125,0.001276,0.0011739133333333364,0.0011906566666666694,0.0012497533333333296,0.001275733333333333
-0.788,0.0004479,0.0004499,0.000539,0.0005947,0.0006762,0.0007142,0.000761,0.0007997,0.0007855,0.0009159,0.0009985,0.001057,0.001131,0.001177,0.001193,0.001253,0.001279,0.0011763499999999996,0.0011934733333333334,0.0012523466666666673,0.0012781966666666617
-0.784,0.0004494,0.0004518,0.0005412,0.000597,0.0006784,0.0007167,0.0007635,0.0008023,0.000788,0.0009187,0.001001,0.00106,0.001134,0.001181,0.001196,0.001256,0.001282,0.0011800633333333282,0.0011962533333333308,0.0012554133333333305,0.0012813100000000006
-0.78,0.0004508,0.0004538,0.0005434,0.0005992,0.0006808,0.0007192,0.000766,0.000805,0.0007907,0.0009215,0.001004,0.001063,0.001137,0.001184,0.001199,0.001259,0.001285,0.001183483333333334,0.0011992400000000022,0.0012587700000000035,0.001284716666666663
-0.776,0.0004525,0.0004558,0.0005458,0.0006014,0.0006832,0.0007217,0.0007687,0.0008075,0.0007935,0.0009243,0.001007,0.001066,0.00114,0.001187,0.001202,0.001263,0.001289,0.0011860499999999982,0.001202349999999999,0.0012620700000000001,0.001288036666666664
-0.772,0.0004541,0.0004579,0.0005481,0.0006037,0.0006857,0.0007243,0.0007713,0.0008101,0.0007962,0.0009272,0.001011,0.001069,0.001143,0.00119,0.001205,0.001266,0.001293,0.0011894033333333354,0.001205610000000004,0.0012655466666666624,0.0012920933333333288
-0.768,0.0004559,0.00046,0.0005504,0.0006061,0.0006882,0.0007269,0.0007741,0.0008127,0.0007991,0.0009302,0.001014,0.001072,0.001147,0.001194,0.001209,0.00127,0.001296,0.0011933333333333299,0.001209913333333334,0.0012695899999999962,0.0012956800000000017
-0.764,0.0004578,0.0004623,0.0005529,0.0006085,0.0006907,0.0007296,0.0007769,0.0008156,0.000802,0.0009333,0.001017,0.001075,0.00115,0.001197,0.001212,0.001273,0.0013,0.0011964166666666688,0.0012125533333333291,0.001272603333333336,0.0012993266666666721
-0.76,0.0004597,0.0004644,0.0005553,0.0006111,0.0006931,0.0007324,0.0007797,0.0008185,0.0008051,0.0009364,0.001021,0.001079,0.001154,0.001201,0.001216,0.001277,0.001304,0.0012000766666666694,0.0012163833333333303,0.001276359999999995,0.001303096666666673
-0.756,0.0004616,0.0004666,0.0005577,0.0006135,0.0006957,0.0007353,0.0007826,0.0008214,0.0008082,0.0009395,0.001024,0.001082,0.001158,0.001205,0.001219,0.001281,0.001308,0.0012041333333333367,0.001219963333333336,0.0012805733333333279,0.00130731333333333
-0.752,0.0004636,0.0004688,0.0005601,0.0006158,0.0006982,0.000738,0.0007854,0.0008242,0.0008114,0.0009427,0.001028,0.001086,0.001161,0.001208,0.001223,0.001285,0.001312,0.0012078299999999944,0.0012242199999999948,0.00128499333333333,0.0013117166666666612
-0.748,0.0004656,0.0004709,0.0005624,0.0006182,0.0007008,0.0007407,0.0007882,0.000827,0.0008145,0.0009458,0.001032,0.001089,0.001165,0.001212,0.001227,0.001289,0.001316,0.0012109433333333292,0.0012278233333333302,0.001288516666666666,0.0013151399999999961
-0.744,0.0004676,0.000473,0.0005649,0.0006207,0.0007033,0.0007435,0.0007912,0.00083,0.0008177,0.0009489,0.001035,0.001093,0.001169,0.001216,0.001231,0.001294,0.00132,0.0012142699999999973,0.0012320299999999968,0.0012935233333333364,0.0013196033333333279
-0.74,0.0004699,0.0004751,0.0005672,0.000623,0.0007059,0.0007462,0.0007939,0.000833,0.0008209,0.0009523,0.001039,0.001096,0.001173,0.00122,0.001235,0.001298,0.001324,0.0012193233333333332,0.001236519999999994,0.0012981200000000044,0.0013242299999999972
-0.736,0.0004722,0.0004769,0.0005696,0.0006255,0.0007084,0.0007489,0.0007968,0.000836,0.0008243,0.0009556,0.001042,0.0011,0.001177,0.001224,0.001239,0.001302,0.001329,0.0012228333333333355,0.0012406433333333289,0.0013021600000000047,0.0013288766666666695
-0.732,0.0004744,0.000479,0.0005719,0.0006278,0.0007111,0.0007517,0.0007997,0.0008389,0.0008277,0.000959,0.001046,0.001104,0.001181,0.001228,0.001243,0.001306,0.001333,0.001228106666666671,0.0012450999999999968,0.001306679999999997,0.0013334666666666628
-0.728,0.0004767,0.000481,0.0005743,0.0006303,0.0007136,0.0007545,0.0008025,0.0008419,0.0008311,0.0009623,0.00105,0.001107,0.001185,0.001232,0.001247,0.001311,0.001338,0.0012308666666666713,0.001247973333333332,0.0013108200000000033,0.0013376533333333365
-0.724,0.000479,0.0004831,0.0005767,0.0006327,0.0007163,0.0007573,0.0008055,0.0008449,0.0008346,0.0009658,0.001054,0.001111,0.001189,0.001236,0.001251,0.001316,0.001342,0.0012355433333333338,0.0012523300000000018,0.0013160733333333321,0.0013423533333333376
-0.72,0.0004813,0.000485,0.0005791,0.0006352,0.0007188,0.00076,0.0008085,0.0008479,0.000838,0.0009691,0.001058,0.001115,0.001193,0.001241,0.001255,0.00132,0.001347,0.001239546666666664,0.0012561766666666706,0.0013198566666666638,0.001346636666666665
-0.716,0.0004837,0.000487,0.0005815,0.0006376,0.0007214,0.0007627,0.0008111,0.000851,0.0008414,0.0009727,0.001062,0.001119,0.001197,0.001245,0.001259,0.001325,0.001352,0.0012441399999999977,0.0012607133333333385,0.0013248466666666717,0.0013518033333333385
-0.712,0.0004862,0.0004889,0.0005838,0.0006399,0.0007241,0.0007655,0.0008141,0.0008541,0.0008449,0.0009763,0.001066,0.001123,0.001202,0.001249,0.001263,0.001329,0.001356,0.0012479033333333332,0.001264626666666667,0.0013289900000000058,0.0013560333333333388
-0.708,0.0004887,0.0004909,0.0005861,0.0006422,0.0007267,0.0007683,0.0008171,0.0008572,0.0008485,0.0009799,0.00107,0.001127,0.001206,0.001253,0.001268,0.001334,0.001361,0.001251543333333335,0.0012681933333333296,0.0013335200000000025,0.0013607066666666676
-0.704,0.0004913,0.0004928,0.0005885,0.0006446,0.0007293,0.0007713,0.0008201,0.0008604,0.0008522,0.0009834,0.001074,0.001131,0.00121,0.001258,0.001272,0.001338,0.001366,0.0012567466666666646,0.001272099999999996,0.0013376500000000036,0.0013654799999999975
-0.7,0.000494,0.0004947,0.0005909,0.0006471,0.0007321,0.0007743,0.0008233,0.0008637,0.0008559,0.0009871,0.001078,0.001135,0.001215,0.001263,0.001277,0.001343,0.001371,0.0012611333333333323,0.001277059999999993,0.0013424633333333328,0.0013704166666666697
-0.696,0.0004968,0.0004967,0.0005933,0.0006495,0.0007349,0.0007772,0.0008264,0.0008671,0.0008597,0.0009907,0.001082,0.001139,0.001219,0.001268,0.001281,0.001348,0.001376,0.0012656899999999958,0.0012818666666666609,0.00134749666666667,0.0013754266666666632
-0.692,0.0004997,0.0004988,0.0005958,0.0006521,0.0007378,0.0007802,0.0008295,0.0008706,0.0008635,0.0009946,0.001086,0.001143,0.001224,0.001272,0.001286,0.001354,0.001381,0.0012705999999999959,0.001287593333333335,0.0013532166666666708,0.00138052666666667
-0.688,0.0005026,0.0005009,0.0005983,0.0006546,0.0007408,0.0007833,0.0008329,0.0008741,0.0008673,0.0009985,0.001091,0.001148,0.001229,0.001277,0.001291,0.001359,0.001387,0.001274729999999994,0.0012918266666666616,0.0013583766666666656,0.001386360000000007
-0.684,0.0005057,0.000503,0.0006009,0.0006572,0.0007437,0.0007863,0.0008363,0.0008775,0.0008712,0.001003,0.001095,0.001152,0.001234,0.001282,0.001296,0.001364,0.001392,0.0012786333333333337,0.0012957133333333342,0.001362703333333329,0.0013908600000000046
-0.68,0.0005089,0.0005051,0.0006035,0.00066,0.0007467,0.0007896,0.0008397,0.0008812,0.0008752,0.001006,0.001099,0.001157,0.001239,0.001287,0.001301,0.001369,0.001398,0.001285236666666665,0.0013014033333333306,0.0013695266666666696,0.0013984633333333388
-0.676,0.0005122,0.0005072,0.0006061,0.0006628,0.0007498,0.0007929,0.0008432,0.0008848,0.0008793,0.001011,0.001104,0.001162,0.001244,0.001292,0.001306,0.001375,0.001404,0.0012886666666666671,0.001306379999999994,0.001374886666666669,0.0014040066666666704
-0.672,0.0005154,0.0005094,0.0006088,0.0006656,0.0007529,0.0007962,0.0008467,0.0008885,0.0008833,0.001015,0.001109,0.001167,0.001249,0.001297,0.001312,0.001381,0.00141,0.0012946299999999967,0.0013126366666666638,0.0013815100000000031,0.001410723333333337
-0.668,0.0005187,0.0005117,0.0006116,0.0006686,0.0007563,0.0007996,0.0008503,0.0008924,0.0008875,0.001019,0.001114,0.001172,0.001254,0.001303,0.001317,0.001386,0.001415,0.0013002966666666644,0.001318820000000005,0.0013878233333333328,0.0014172899999999992
-0.664,0.000522,0.0005139,0.0006144,0.0006716,0.0007596,0.0008032,0.0008541,0.0008963,0.0008918,0.001024,0.001118,0.001177,0.00126,0.001308,0.001323,0.001392,0.001422,0.0013042566666666613,0.001322740000000004,0.0013919533333333358,0.0014219666666666624
-0.66,0.0005252,0.0005162,0.0006172,0.0006747,0.000763,0.0008067,0.0008582,0.0009002,0.0008962,0.001028,0.001124,0.001182,0.001265,0.001314,0.001328,0.001398,0.001428,0.0013114199999999959,0.0013293199999999989,0.0013993833333333383,0.001429666666666664
-0.656,0.0005285,0.0005184,0.0006201,0.0006778,0.0007665,0.0008104,0.0008622,0.0009044,0.0009008,0.001033,0.001129,0.001187,0.001271,0.00132,0.001334,0.001404,0.001434,0.0013161966666666606,0.0013339666666666674,0.0014040866666666706,0.0014344099999999964
-0.652,0.0005317,0.0005207,0.000623,0.000681,0.0007701,0.0008142,0.0008661,0.0009085,0.0009055,0.001037,0.001134,0.001192,0.001277,0.001326,0.00134,0.00141,0.001441,0.0013219799999999956,0.0013400966666666696,0.001410366666666672,0.0014412600000000048
-0.648,0.000535,0.0005231,0.0006259,0.0006842,0.0007736,0.0008181,0.0008701,0.0009129,0.00091,0.001042,0.001139,0.001198,0.001283,0.001332,0.001346,0.001417,0.001447,0.0013285933333333335,0.0013468400000000058,0.0014179566666666678,0.001448426666666662
-0.644,0.0005381,0.0005256,0.0006289,0.0006875,0.0007774,0.0008221,0.0008742,0.0009173,0.0009147,0.001047,0.001145,0.001203,0.001289,0.001338,0.001352,0.001424,0.001454,0.001333983333333337,0.0013519833333333385,0.0014239633333333291,0.0014544666666666689
-0.64,0.000541,0.0005281,0.0006318,0.0006908,0.0007811,0.0008261,0.0008784,0.0009217,0.0009194,0.001052,0.00115,0.001209,0.001295,0.001344,0.001358,0.00143,0.001461,0.0013387700000000063,0.0013579100000000075,0.0014300633333333263,0.001461223333333329
-0.636,0.0005438,0.0005305,0.0006347,0.000694,0.0007848,0.0008302,0.0008827,0.0009261,0.0009242,0.001057,0.001156,0.001215,0.001301,0.001351,0.001364,0.001437,0.001468,0.0013464566666666644,0.0013649233333333306,0.0014379700000000024,0.0014694500000000045
-0.632,0.0005465,0.0005329,0.0006376,0.0006973,0.0007886,0.0008341,0.000887,0.0009306,0.0009292,0.001062,0.001161,0.00122,0.001307,0.001357,0.001371,0.001444,0.001476,0.001350743333333332,0.0013723433333333369,0.0014456999999999998,0.0014780399999999964
-0.628,0.000549,0.0005355,0.0006404,0.0007005,0.0007923,0.0008382,0.0008912,0.0009351,0.0009342,0.001067,0.001167,0.001226,0.001314,0.001364,0.001377,0.001451,0.001483,0.0013577833333333301,0.0013781600000000026,0.0014521266666666628,0.001484623333333336
-0.624,0.0005515,0.0005379,0.0006432,0.0007037,0.0007961,0.0008422,0.0008955,0.0009396,0.0009392,0.001072,0.001173,0.001232,0.00132,0.001371,0.001384,0.001458,0.00149,0.001364170000000004,0.0013849866666666654,0.0014593500000000003,0.0014920933333333307
-0.62,0.0005538,0.0005404,0.000646,0.0007069,0.0007998,0.0008462,0.0008998,0.0009442,0.0009443,0.001078,0.001179,0.001238,0.001327,0.001377,0.00139,0.001465,0.001498,0.00137227666666667,0.0013919600000000005,0.0014671766666666632,0.001500676666666666
-0.616,0.0005559,0.0005428,0.0006488,0.00071,0.0008035,0.0008503,0.0009041,0.0009488,0.0009494,0.001083,0.001185,0.001244,0.001333,0.001384,0.001397,0.001472,0.001506,0.0013806433333333316,0.0013985899999999962,0.001474006666666659,0.0015081966666666688
-0.612,0.0005579,0.0005452,0.0006515,0.000713,0.0008072,0.0008543,0.0009084,0.0009534,0.0009544,0.001088,0.001191,0.001251,0.00134,0.001391,0.001403,0.001479,0.001513,0.001388279999999995,0.0014056133333333288,0.0014818300000000026,0.001516166666666661
-0.608,0.0005597,0.0005475,0.0006541,0.0007162,0.000811,0.0008582,0.0009128,0.000958,0.0009595,0.001093,0.001197,0.001257,0.001347,0.001398,0.00141,0.001487,0.001521,0.001394913333333335,0.001411630000000003,0.001488496666666669,0.0015229199999999964
-0.604,0.0005615,0.0005498,0.0006567,0.0007192,0.0008148,0.0008622,0.0009172,0.0009627,0.0009646,0.001099,0.001203,0.001263,0.001354,0.001405,0.001417,0.001494,0.001529,0.0014009799999999963,0.0014203533333333356,0.0014984433333333318,0.001534103333333336
-0.6,0.000563,0.0005519,0.0006592,0.0007223,0.0008185,0.0008663,0.0009217,0.0009673,0.0009697,0.001104,0.001209,0.001269,0.001361,0.001412,0.001423,0.001502,0.001537,0.001408843333333336,0.0014249966666666685,0.0015032200000000002,0.001538580000000005
-0.596,0.0005645,0.000554,0.0006619,0.0007253,0.0008223,0.0008704,0.0009262,0.000972,0.0009749,0.001109,0.001216,0.001276,0.001368,0.001419,0.00143,0.001509,0.001545,0.0014163366666666685,0.0014326333333333275,0.0015115799999999959,0.0015476733333333384
-0.592,0.0005657,0.0005562,0.0006645,0.0007283,0.0008261,0.0008745,0.0009305,0.0009767,0.0009802,0.001115,0.001222,0.001282,0.001375,0.001426,0.001438,0.001517,0.001552,0.0014222099999999965,0.0014417633333333286,0.0015211133333333303,0.001557116666666667
-0.588,0.0005668,0.0005583,0.0006671,0.0007312,0.0008298,0.0008785,0.0009348,0.0009814,0.0009855,0.00112,0.001229,0.001289,0.001382,0.001433,0.001445,0.001524,0.00156,0.0014299200000000014,0.0014488099999999942,0.0015282533333333375,0.0015647766666666706
-0.584,0.0005681,0.0005605,0.0006695,0.0007342,0.0008337,0.0008825,0.0009393,0.0009861,0.000991,0.001125,0.001235,0.001295,0.001389,0.00144,0.001452,0.001532,0.001568,0.0014372699999999985,0.001455913333333337,0.0015357999999999947,0.0015724333333333406
-0.58,0.0005692,0.0005626,0.0006718,0.0007373,0.0008375,0.0008867,0.0009437,0.0009909,0.0009964,0.001131,0.001242,0.001302,0.001396,0.001448,0.00146,0.00154,0.001576,0.0014451233333333353,0.0014626733333333365,0.0015423266666666647,0.0015788933333333388
-0.576,0.0005703,0.0005648,0.0006741,0.0007402,0.0008413,0.0008908,0.0009482,0.0009958,0.001002,0.001137,0.001249,0.001309,0.001403,0.001455,0.001467,0.001547,0.001584,0.0014511333333333317,0.0014721166666666658,0.0015520633333333373,0.0015898066666666618
-0.572,0.0005712,0.0005669,0.0006764,0.0007431,0.0008452,0.0008951,0.0009528,0.001001,0.001007,0.001142,0.001255,0.001316,0.001411,0.001462,0.001475,0.001555,0.001593,0.0014589200000000035,0.0014785066666666694,0.0015590266666666594,0.001597766666666672
-0.568,0.000572,0.0005689,0.0006787,0.0007459,0.000849,0.0008992,0.0009573,0.001006,0.001013,0.001148,0.001262,0.001322,0.001418,0.001469,0.001483,0.001562,0.001601,0.0014680033333333332,0.0014883266666666716,0.0015701166666666681,0.0016104400000000062
-0.564,0.0005729,0.0005709,0.0006813,0.000749,0.0008529,0.0009034,0.000962,0.001011,0.001019,0.001154,0.001269,0.001329,0.001426,0.001477,0.00149,0.00157,0.001609,0.0014751533333333356,0.001491876666666664,0.0015713300000000038,0.0016102433333333404
-0.56,0.0005739,0.000573,0.0006839,0.000752,0.0008569,0.0009077,0.0009668,0.001016,0.001024,0.00116,0.001277,0.001336,0.001433,0.001484,0.001498,0.001578,0.001617,0.0014808299999999992,0.0014966799999999991,0.0015764000000000067,0.0016153399999999972
-0.556,0.000575,0.0005751,0.0006864,0.0007552,0.0008609,0.0009121,0.0009716,0.001021,0.00103,0.001166,0.001284,0.001343,0.001441,0.001492,0.001506,0.001586,0.001625,0.0014884866666666616,0.001504813333333336,0.0015849399999999965,0.0016240699999999933
-0.552,0.0005761,0.0005774,0.0006891,0.0007584,0.0008651,0.0009166,0.0009765,0.001027,0.001036,0.001172,0.001291,0.00135,0.001449,0.001499,0.001514,0.001594,0.001633,0.001496743333333324,0.0015150700000000031,0.0015945199999999964,0.0016335499999999956
-0.548,0.0005771,0.0005796,0.0006918,0.0007617,0.0008693,0.0009212,0.0009815,0.001032,0.001041,0.001179,0.001298,0.001357,0.001456,0.001507,0.001522,0.001602,0.001642,0.0015041299999999952,0.0015278366666666716,0.0016065066666666639,0.0016461066666666596
-0.544,0.0005781,0.0005817,0.0006945,0.000765,0.0008735,0.0009258,0.0009865,0.001037,0.001047,0.001185,0.001305,0.001364,0.001464,0.001514,0.00153,0.00161,0.00165,0.0015124533333333353,0.0015327433333333284,0.0016120833333333336,0.0016518299999999954
-0.54,0.0005793,0.000584,0.0006973,0.0007685,0.0008779,0.0009304,0.0009916,0.001043,0.001053,0.001192,0.001313,0.001371,0.001472,0.001522,0.001538,0.001618,0.001658,0.001519760000000005,0.0015386633333333286,0.0016178966666666715,0.0016575033333333293
-0.536,0.0005805,0.0005865,0.0007,0.0007719,0.0008824,0.0009352,0.0009968,0.001048,0.001059,0.001198,0.00132,0.001379,0.00148,0.00153,0.001546,0.001626,0.001666,0.0015293899999999948,0.0015471399999999955,0.0016263900000000055,0.0016660200000000005
-0.532,0.0005817,0.0005889,0.0007028,0.0007754,0.000887,0.0009402,0.001002,0.001054,0.001065,0.001205,0.001327,0.001386,0.001488,0.001537,0.001554,0.001634,0.001674,0.0015363833333333374,0.0015563199999999984,0.001635536666666674,0.0016750366666666702
-0.528,0.000583,0.0005914,0.0007056,0.0007788,0.0008917,0.000945,0.001007,0.00106,0.001071,0.001212,0.001334,0.001393,0.001495,0.001545,0.001563,0.001642,0.001683,0.001542653333333339,0.0015631433333333279,0.0016414666666666625,0.0016813899999999966
-0.524,0.0005842,0.0005937,0.0007086,0.0007822,0.0008963,0.00095,0.001013,0.001066,0.001077,0.001219,0.001342,0.0014,0.001503,0.001553,0.001571,0.00165,0.001691,0.0015520833333333402,0.0015734466666666612,0.00165178333333333,0.0016918666666666659
-0.52,0.0005854,0.000596,0.0007117,0.0007857,0.000901,0.0009552,0.001018,0.001072,0.001083,0.001225,0.00135,0.001408,0.001511,0.001561,0.001579,0.001658,0.001699,0.0015608533333333304,0.0015818066666666644,0.0016604433333333303,0.0017010933333333356
-0.516,0.0005866,0.0005982,0.0007147,0.0007893,0.0009057,0.0009603,0.001024,0.001078,0.001089,0.001232,0.001357,0.001415,0.001519,0.001568,0.001587,0.001666,0.001708,0.0015680866666666715,0.001590126666666668,0.001668913333333333,0.0017103766666666605
-0.512,0.000588,0.0006003,0.0007176,0.0007928,0.0009104,0.0009655,0.00103,0.001084,0.001094,0.001239,0.001365,0.001422,0.001527,0.001576,0.001596,0.001674,0.001716,0.0015758900000000036,0.00159873666666666,0.0016768700000000028,0.0017180566666666623
-0.508,0.0005892,0.0006022,0.0007204,0.0007963,0.0009152,0.0009707,0.001035,0.001089,0.0011,0.001246,0.001372,0.00143,0.001535,0.001584,0.001604,0.001683,0.001725,0.0015828866666666589,0.0016060999999999964,0.0016842166666666625,0.0017250333333333253
-0.504,0.0005903,0.000604,0.0007231,0.0007996,0.0009199,0.0009759,0.001041,0.001095,0.001106,0.001253,0.00138,0.001437,0.001543,0.001592,0.001612,0.001691,0.001733,0.001590683333333328,0.0016156900000000012,0.0016938266666666664,0.0017343933333333287
-0.5,0.0005912,0.0006057,0.0007256,0.000803,0.0009246,0.000981,0.001046,0.001101,0.001112,0.00126,0.001387,0.001444,0.001551,0.0016,0.00162,0.001699,0.001742,0.0015991599999999947,0.0016236900000000032,0.0017013366666666688,0.001742273333333337
-0.496,0.000592,0.0006073,0.0007279,0.0008061,0.0009292,0.0009861,0.001052,0.001107,0.001118,0.001266,0.001394,0.001452,0.001559,0.001608,0.001629,0.001708,0.00175,0.0016067766666666636,0.0016316099999999962,0.0017090666666666617,0.0017497466666666608
-0.492,0.0005925,0.0006088,0.0007303,0.0008091,0.0009337,0.000991,0.001057,0.001112,0.001124,0.001273,0.001402,0.001459,0.001567,0.001615,0.001637,0.001716,0.001759,0.0016143666666666601,0.0016390466666666669,0.0017164966666666649,0.001758033333333336
-0.488,0.0005931,0.0006102,0.0007325,0.000812,0.0009381,0.0009959,0.001063,0.001118,0.00113,0.00128,0.001409,0.001466,0.001575,0.001623,0.001645,0.001724,0.001767,0.0016244599999999966,0.001649056666666671,0.001726873333333334,0.0017684933333333383
-0.484,0.0005935,0.0006117,0.0007346,0.0008148,0.0009424,0.001001,0.001068,0.001124,0.001136,0.001287,0.001416,0.001473,0.001582,0.001631,0.001653,0.001732,0.001775,0.0016312566666666622,0.0016559666666666713,0.0017339266666666713,0.0017759300000000082
-0.48,0.0005939,0.0006132,0.0007366,0.0008174,0.0009466,0.001005,0.001073,0.001129,0.001141,0.001294,0.001424,0.00148,0.00159,0.001639,0.001661,0.00174,0.001784,0.0016384633333333318,0.0016642433333333392,0.0017420000000000061,0.0017842733333333386
-0.476,0.0005943,0.0006147,0.0007387,0.0008201,0.0009507,0.00101,0.001078,0.001135,0.001147,0.0013,0.001431,0.001487,0.001598,0.001646,0.001669,0.001748,0.001792,0.001646389999999994,0.0016732033333333274,0.0017510400000000086,0.0017929600000000058
-0.472,0.0005948,0.0006162,0.0007405,0.0008228,0.0009547,0.001015,0.001083,0.00114,0.001152,0.001307,0.001438,0.001494,0.001606,0.001654,0.001677,0.001757,0.0018,0.0016542933333333273,0.0016812699999999958,0.001760750000000006,0.0018025266666666735
-0.468,0.0005954,0.0006178,0.0007424,0.0008255,0.0009588,0.001019,0.001088,0.001145,0.001158,0.001314,0.001445,0.001501,0.001613,0.001662,0.001685,0.001765,0.001808,0.0016625066666666624,0.001688829999999998,0.001768396666666671,0.0018107533333333284
-0.464,0.0005959,0.0006194,0.0007445,0.0008282,0.0009629,0.001024,0.001093,0.001151,0.001163,0.00132,0.001452,0.001508,0.001621,0.001669,0.001693,0.001772,0.001816,0.0016692766666666589,0.0016955433333333337,0.0017746733333333323,0.0018179133333333319
-0.46,0.0005966,0.0006212,0.0007467,0.0008312,0.0009671,0.001029,0.001099,0.001156,0.001169,0.001327,0.001459,0.001516,0.001629,0.001677,0.001701,0.00178,0.001824,0.001676926666666662,0.0017044866666666707,0.0017837100000000028,0.0018269433333333318
-0.456,0.0005974,0.0006234,0.000749,0.0008343,0.0009715,0.001034,0.001104,0.001162,0.001175,0.001333,0.001467,0.001523,0.001636,0.001685,0.001709,0.001788,0.001832,0.0016852966666666624,0.0017130933333333368,0.001792890000000005,0.001836043333333329
-0.452,0.0005982,0.0006257,0.0007516,0.0008374,0.0009758,0.001039,0.001109,0.001167,0.001181,0.00134,0.001474,0.001531,0.001644,0.001693,0.001717,0.001797,0.001841,0.0016932099999999975,0.001719800000000004,0.0018000799999999995,0.0018435433333333269
-0.448,0.0005991,0.0006281,0.0007541,0.0008409,0.0009803,0.001044,0.001115,0.001173,0.001187,0.001347,0.001482,0.001538,0.001652,0.0017,0.001725,0.001805,0.001849,0.0017005833333333267,0.0017271366666666592,0.0018073266666666654,0.001850963333333327
-0.444,0.0006,0.0006306,0.0007567,0.0008443,0.0009849,0.001049,0.00112,0.001179,0.001193,0.001354,0.001489,0.001546,0.00166,0.001708,0.001733,0.001813,0.001857,0.0017073666666666606,0.0017346166666666618,0.0018150766666666682,0.0018585233333333318
-0.44,0.000601,0.0006332,0.0007595,0.0008476,0.0009894,0.001054,0.001126,0.001184,0.001199,0.001361,0.001496,0.001553,0.001668,0.001716,0.001741,0.001821,0.001865,0.0017153299999999982,0.0017438233333333293,0.001824523333333336,0.0018678300000000037
-0.436,0.0006021,0.0006361,0.0007625,0.0008513,0.0009942,0.00106,0.001132,0.00119,0.001205,0.001368,0.001504,0.00156,0.001676,0.001724,0.001749,0.001829,0.001873,0.0017241200000000024,0.0017530000000000002,0.0018343233333333393,0.0018773466666666746
-0.432,0.0006033,0.0006392,0.0007655,0.000855,0.0009992,0.001065,0.001137,0.001196,0.001211,0.001375,0.001511,0.001568,0.001684,0.001732,0.001757,0.001838,0.001881,0.001732816666666673,0.00176060666666667,0.0018418833333333396,0.0018848500000000071
-0.428,0.0006045,0.0006424,0.0007686,0.0008589,0.001004,0.00107,0.001143,0.001202,0.001218,0.001382,0.001519,0.001575,0.001692,0.00174,0.001766,0.001846,0.00189,0.0017404266666666735,0.0017685199999999983,0.0018492366666666715,0.0018928033333333327
-0.424,0.0006058,0.0006457,0.000772,0.000863,0.001009,0.001076,0.001149,0.001208,0.001224,0.001389,0.001527,0.001583,0.0017,0.001748,0.001774,0.001854,0.001898,0.0017482233333333426,0.001776626666666667,0.0018576466666666727,0.0019011466666666677
-0.42,0.0006073,0.0006492,0.0007754,0.0008672,0.001014,0.001081,0.001155,0.001214,0.001231,0.001396,0.001534,0.001591,0.001709,0.001757,0.001782,0.001862,0.001906,0.0017553500000000062,0.0017835700000000017,0.0018645033333333301,0.0019078400000000024
-0.416,0.000609,0.0006528,0.000779,0.0008715,0.001019,0.001087,0.001161,0.00122,0.001237,0.001403,0.001542,0.001598,0.001717,0.001765,0.00179,0.001871,0.001914,0.0017643166666666728,0.0017946566666666708,0.0018783800000000009,0.0019206100000000044
-0.412,0.0006108,0.0006567,0.0007827,0.0008759,0.001024,0.001093,0.001167,0.001227,0.001244,0.00141,0.00155,0.001606,0.001726,0.001773,0.001799,0.001879,0.001922,0.001773320000000007,0.001804683333333332,0.0018898700000000016,0.0019321333333333275
-0.408,0.0006128,0.0006605,0.0007865,0.0008804,0.00103,0.001098,0.001173,0.001233,0.001251,0.001418,0.001558,0.001614,0.001734,0.001781,0.001807,0.001887,0.00193,0.001781116666666665,0.0018131566666666683,0.001901230000000006,0.0019433766666666608
-0.404,0.0006148,0.0006645,0.0007904,0.000885,0.001035,0.001104,0.001179,0.001239,0.001258,0.001425,0.001565,0.001622,0.001742,0.00179,0.001815,0.001896,0.001938,0.0017878800000000028,0.0018180533333333386,0.0019024500000000058,0.0019441199999999962
-0.4,0.0006172,0.0006685,0.0007946,0.0008896,0.00104,0.00111,0.001185,0.001246,0.001265,0.001432,0.001573,0.001629,0.001751,0.001798,0.001823,0.001904,0.001946,0.0017967566666666694,0.0018306366666666735,0.0019208666666666733,0.0019626666666666694
-0.396,0.0006198,0.0006728,0.000799,0.0008945,0.001046,0.001116,0.001191,0.001252,0.001272,0.001439,0.001581,0.001637,0.001759,0.001806,0.001831,0.001912,0.001953,0.0018054466666666588,0.0018396100000000104,0.001929983333333342,0.001971139999999997
-0.392,0.0006226,0.0006773,0.0008035,0.0008996,0.001052,0.001122,0.001198,0.001259,0.001279,0.001447,0.001589,0.001645,0.001768,0.001815,0.00184,0.001921,0.001962,0.0018158066666666705,0.001850186666666667,0.0019422299999999977,0.0019838733333333407
-0.388,0.0006256,0.0006819,0.0008082,0.0009046,0.001058,0.001129,0.001204,0.001266,0.001286,0.001455,0.001598,0.001654,0.001777,0.001824,0.001848,0.001929,0.001969,0.0018227900000000014,0.0018525300000000005,0.0019368666666666646,0.001977223333333334
-0.384,0.0006289,0.0006867,0.0008129,0.0009098,0.001063,0.001135,0.001211,0.001273,0.001293,0.001462,0.001606,0.001662,0.001785,0.001832,0.001857,0.001938,0.001977,0.0018313533333333294,0.00186095,0.0019452666666666652,0.0019849100000000042
-0.38,0.0006323,0.0006915,0.0008179,0.0009151,0.001069,0.001141,0.001218,0.001279,0.001301,0.00147,0.001614,0.00167,0.001794,0.001841,0.001865,0.001946,0.001985,0.0018401399999999934,0.0018702200000000042,0.001955273333333336,0.0019947633333333363
-0.376,0.000636,0.0006965,0.0008229,0.0009205,0.001076,0.001148,0.001225,0.001286,0.001308,0.001478,0.001622,0.001678,0.001803,0.001849,0.001873,0.001954,0.001992,0.0018496866666666625,0.0018801200000000086,0.0019650466666666735,0.002003599999999997
-0.372,0.0006399,0.0007017,0.0008278,0.0009261,0.001082,0.001154,0.001232,0.001293,0.001316,0.001485,0.001631,0.001686,0.001812,0.001858,0.001881,0.001962,0.002,0.0018579800000000065,0.0018853833333333388,0.0019695100000000085,0.0020081966666666657
-0.368,0.0006441,0.000707,0.000833,0.0009317,0.001088,0.001161,0.001238,0.0013,0.001324,0.001493,0.001639,0.001695,0.00182,0.001866,0.001889,0.00197,0.002007,0.0018647633333333325,0.0018924299999999975,0.0019764600000000123,0.002014529999999993
-0.364,0.0006484,0.0007124,0.0008383,0.0009374,0.001094,0.001167,0.001245,0.001307,0.001331,0.0015,0.001647,0.001703,0.001829,0.001875,0.001897,0.001978,0.002014,0.0018735666666666673,0.0019008033333333322,0.0019838366666666677,0.0020202966666666637
-0.36,0.000653,0.0007178,0.0008436,0.0009432,0.001101,0.001174,0.001252,0.001314,0.001339,0.001508,0.001655,0.001711,0.001837,0.001883,0.001905,0.001986,0.002022,0.0018836833333333376,0.0019094133333333355,0.001992126666666667,0.0020285166666666674
-0.356,0.0006578,0.0007233,0.0008493,0.0009491,0.001107,0.001181,0.001259,0.001321,0.001347,0.001516,0.001664,0.001719,0.001846,0.001892,0.001912,0.001994,0.002029,0.0018908066666666707,0.001915813333333342,0.0020001866666666695,0.002036316666666662
-0.352,0.0006628,0.0007287,0.000855,0.0009551,0.001113,0.001188,0.001266,0.001329,0.001355,0.001524,0.001672,0.001727,0.001855,0.0019,0.00192,0.002001,0.002036,0.001899293333333341,0.0019228333333333359,0.0020051599999999993,0.002040416666666667
-0.348,0.0006681,0.0007343,0.0008609,0.0009612,0.00112,0.001195,0.001273,0.001336,0.001363,0.001532,0.001681,0.001736,0.001864,0.001908,0.001927,0.002009,0.002043,0.00190918333333334,0.0019320000000000077,0.002014470000000002,0.002048773333333338
-0.344,0.0006737,0.0007398,0.0008668,0.0009675,0.001126,0.001202,0.001281,0.001343,0.00137,0.001539,0.001689,0.001744,0.001872,0.001916,0.001935,0.002017,0.00205,0.0019161299999999966,0.0019386900000000077,0.0020212933333333357,0.0020543766666666617
-0.34,0.0006796,0.0007455,0.0008729,0.0009737,0.001133,0.001209,0.001288,0.00135,0.001378,0.001547,0.001697,0.001752,0.001881,0.001925,0.001942,0.002024,0.002057,0.0019241033333333342,0.0019450233333333329,0.0020273066666666767,0.002060603333333324
-0.336,0.0006857,0.0007512,0.000879,0.0009801,0.001139,0.001216,0.001295,0.001358,0.001386,0.001555,0.001706,0.00176,0.001889,0.001933,0.001949,0.002031,0.002064,0.0019325033333333342,0.0019515733333333267,0.0020338566666666716,0.0020669533333333313
-0.332,0.000692,0.0007572,0.0008853,0.0009866,0.001146,0.001223,0.001302,0.001365,0.001394,0.001563,0.001714,0.001768,0.001898,0.001941,0.001956,0.002039,0.002071,0.0019412633333333355,0.0019573200000000007,0.0020402600000000073,0.0020725200000000026
-0.328,0.0006986,0.0007632,0.0008918,0.0009932,0.001153,0.00123,0.00131,0.001373,0.001402,0.001571,0.001722,0.001776,0.001907,0.001949,0.001963,0.002046,0.002078,0.0019479699999999933,0.0019635300000000024,0.0020481733333333326,0.00207933000000001
-0.324,0.0007057,0.0007694,0.0008985,0.001,0.00116,0.001237,0.001317,0.00138,0.001411,0.001579,0.001731,0.001784,0.001916,0.001957,0.00197,0.002053,0.002085,0.001957083333333325,0.001972786666666677,0.002057580000000001,0.0020886166666666704
-0.32,0.0007132,0.0007757,0.0009053,0.001007,0.001167,0.001245,0.001325,0.001388,0.001419,0.001587,0.001739,0.001792,0.001924,0.001965,0.001977,0.002061,0.002092,0.0019647733333333288,0.001979300000000006,0.0020648266666666603,0.002095243333333329
-0.316,0.0007214,0.0007821,0.0009124,0.001014,0.001174,0.001252,0.001333,0.001396,0.001427,0.001595,0.001748,0.0018,0.001933,0.001973,0.001984,0.002068,0.002099,0.0019725900000000015,0.0019867499999999976,0.002071743333333329,0.002102616666666664
-0.312,0.00073,0.0007888,0.0009196,0.001021,0.001181,0.00126,0.001341,0.001404,0.001436,0.001603,0.001757,0.001809,0.001942,0.001981,0.001991,0.002075,0.002107,0.0019799966666666727,0.0019932333333333337,0.002078310000000003,0.002109813333333334
-0.308,0.0007391,0.0007957,0.000927,0.001028,0.001189,0.001268,0.001348,0.001412,0.001445,0.001612,0.001765,0.001817,0.001951,0.001989,0.001998,0.002083,0.002115,0.0019888200000000088,0.002000006666666672,0.002084793333333329,0.0021169333333333267
-0.304,0.0007487,0.0008028,0.0009347,0.001036,0.001196,0.001276,0.001356,0.00142,0.001454,0.00162,0.001774,0.001825,0.001959,0.001997,0.002006,0.00209,0.002122,0.0019959566666666777,0.002008443333333333,0.0020937166666666657,0.002125379999999998
-0.3,0.0007588,0.0008101,0.0009426,0.001044,0.001204,0.001284,0.001364,0.001428,0.001463,0.001628,0.001783,0.001833,0.001968,0.002005,0.002013,0.002098,0.00213,0.002003683333333338,0.00201527,0.0021031000000000014,0.002133666666666663
-0.296,0.0007696,0.0008177,0.0009509,0.001052,0.001212,0.001292,0.001373,0.001436,0.001472,0.001636,0.001792,0.001841,0.001977,0.002013,0.00202,0.002106,0.002138,0.0020117666666666675,0.0020241166666666727,0.002114473333333338,0.0021441433333333243
-0.292,0.0007813,0.0008254,0.0009595,0.00106,0.00122,0.0013,0.001381,0.001444,0.001481,0.001645,0.001801,0.00185,0.001986,0.002021,0.002028,0.002114,0.002147,0.002021133333333336,0.002034953333333331,0.0021210033333333308,0.0021541033333333376
-0.288,0.0007939,0.0008335,0.0009685,0.001069,0.001228,0.001309,0.00139,0.001453,0.00149,0.001653,0.00181,0.001858,0.001995,0.002028,0.002036,0.002122,0.002155,0.002028943333333332,0.0020403133333333325,0.0021273666666666645,0.0021599266666666754
-0.284,0.0008075,0.000842,0.0009779,0.001078,0.001237,0.001318,0.001399,0.001462,0.0015,0.001662,0.001819,0.001866,0.002004,0.002036,0.002044,0.002131,0.002164,0.0020367233333333347,0.002048766666666669,0.0021363233333333296,0.0021689900000000065
-0.28,0.0008221,0.000851,0.0009877,0.001087,0.001246,0.001327,0.001408,0.00147,0.00151,0.001671,0.001828,0.001875,0.002013,0.002044,0.002052,0.002139,0.002173,0.0020456866666666686,0.002059446666666669,0.002146266666666668,0.0021801999999999963
-0.276,0.0008378,0.0008605,0.0009981,0.001097,0.001255,0.001336,0.001417,0.001479,0.00152,0.00168,0.001838,0.001883,0.002023,0.002052,0.002061,0.002148,0.002182,0.0020522733333333387,0.0020652533333333258,0.0021521833333333364,0.0021862400000000055
-0.272,0.0008548,0.0008704,0.001009,0.001107,0.001264,0.001345,0.001426,0.001489,0.00153,0.001689,0.001848,0.001892,0.002032,0.00206,0.002069,0.002157,0.002192,0.002059636666666664,0.002074943333333325,0.002162056666666668,0.00219674666666667
-0.268,0.0008733,0.0008806,0.00102,0.001117,0.001274,0.001355,0.001436,0.001498,0.001541,0.001698,0.001857,0.001901,0.002041,0.002069,0.002078,0.002166,0.002201,0.002067606666666661,0.0020851166666666717,0.0021735933333333337,0.002207780000000004
-0.264,0.0008935,0.0008914,0.001032,0.001128,0.001283,0.001365,0.001445,0.001508,0.001551,0.001707,0.001867,0.001909,0.002051,0.002077,0.002087,0.002176,0.002211,0.0020781366666666632,0.0020962999999999993,0.0021850199999999985,0.002219249999999999
-0.26,0.0009153,0.0009027,0.001045,0.001139,0.001293,0.001375,0.001456,0.001518,0.001562,0.001716,0.001876,0.001918,0.00206,0.002085,0.002097,0.002185,0.002221,0.002087840000000001,0.002105483333333338,0.0021929266666666633,0.002228229999999996
-0.256,0.0009389,0.0009148,0.001058,0.001151,0.001304,0.001385,0.001466,0.001528,0.001574,0.001726,0.001886,0.001927,0.002069,0.002094,0.002106,0.002195,0.002231,0.0020946966666666694,0.002112790000000006,0.0022004799999999934,0.002235933333333328
-0.252,0.0009645,0.0009276,0.001072,0.001164,0.001315,0.001396,0.001476,0.001538,0.001586,0.001736,0.001896,0.001936,0.002079,0.002103,0.002117,0.002205,0.002241,0.00210617,0.0021248300000000007,0.002213143333333337,0.002248163333333337
-0.248,0.0009923,0.000941,0.001087,0.001177,0.001326,0.001407,0.001487,0.001549,0.001598,0.001745,0.001907,0.001944,0.002089,0.002113,0.002127,0.002216,0.002252,0.002116423333333331,0.0021359433333333296,0.002224416666666664,0.0022597399999999997
-0.244,0.001022,0.0009553,0.001103,0.00119,0.001338,0.001418,0.001499,0.00156,0.00161,0.001755,0.001917,0.001954,0.002099,0.002122,0.002137,0.002226,0.002262,0.0021262733333333324,0.0021468633333333385,0.0022349566666666617,0.0022702599999999936
-0.24,0.001055,0.0009703,0.001119,0.001204,0.00135,0.00143,0.00151,0.001571,0.001622,0.001765,0.001927,0.001963,0.002108,0.002132,0.002148,0.002237,0.002273,0.0021349000000000073,0.0021556300000000026,0.0022436033333333386,0.0022789966666666643
-0.236,0.00109,0.0009861,0.001136,0.001219,0.001362,0.001442,0.001522,0.001582,0.001635,0.001775,0.001938,0.001972,0.002118,0.002142,0.002158,0.002248,0.002284,0.0021475733333333248,0.0021693633333333276,0.002258450000000009,0.002293516666666661
-0.232,0.001128,0.001003,0.001155,0.001235,0.001375,0.001454,0.001534,0.001594,0.001649,0.001786,0.001948,0.001982,0.002128,0.002152,0.002169,0.002259,0.002295,0.002157106666666667,0.0021802399999999895,0.0022687566666666726,0.0023039733333333357
-0.228,0.001169,0.001021,0.001174,0.001251,0.001388,0.001467,0.001546,0.001606,0.001662,0.001796,0.001959,0.001992,0.002138,0.002163,0.002181,0.00227,0.002307,0.0021683366666666757,0.0021921566666666583,0.002280293333333331,0.0023160866666666626
-0.224,0.001212,0.00104,0.001195,0.001269,0.001402,0.00148,0.001559,0.001618,0.001676,0.001807,0.00197,0.002002,0.002148,0.002174,0.002192,0.002282,0.002318,0.0021785466666666723,0.002203189999999998,0.002290446666666668,0.0023257700000000056
-0.22,0.001259,0.001061,0.001217,0.001287,0.001417,0.001494,0.001572,0.001631,0.001691,0.001817,0.001981,0.002012,0.002158,0.002186,0.002204,0.002293,0.00233,0.002189166666666673,0.0022143766666666603,0.002299739999999995,0.0023352000000000112
-0.216,0.00131,0.001083,0.00124,0.001306,0.001432,0.001508,0.001586,0.001644,0.001705,0.001828,0.001992,0.002022,0.002168,0.002197,0.002216,0.002305,0.002341,0.0022025566666666716,0.0022271433333333314,0.002312216666666668,0.0023472133333333383
-0.212,0.001363,0.001106,0.001265,0.001326,0.001448,0.001523,0.0016,0.001657,0.001721,0.00184,0.002003,0.002033,0.002179,0.00221,0.002228,0.002317,0.002354,0.002216163333333339,0.0022406000000000053,0.002325830000000008,0.002360933333333331
-0.208,0.00142,0.001131,0.001292,0.001348,0.001464,0.001539,0.001614,0.001671,0.001736,0.001851,0.002014,0.002044,0.002189,0.002222,0.00224,0.002329,0.002366,0.0022262199999999927,0.002249260000000008,0.0023357366666666777,0.002371166666666659
-0.204,0.00148,0.001157,0.00132,0.001371,0.001482,0.001554,0.001629,0.001685,0.001752,0.001863,0.002026,0.002055,0.0022,0.002234,0.002253,0.002342,0.002378,0.002239573333333329,0.0022643166666666626,0.00235064333333333,0.0023847199999999947
-0.2,0.001544,0.001186,0.00135,0.001395,0.0015,0.001571,0.001645,0.0017,0.001768,0.001875,0.002037,0.002067,0.00221,0.002247,0.002266,0.002355,0.002391,0.0022508866666666647,0.0022759866666666614,0.002361259999999996,0.002393989999999999
-0.196,0.001611,0.001217,0.001382,0.001421,0.00152,0.001589,0.001662,0.001715,0.001785,0.001888,0.002049,0.002079,0.002221,0.002261,0.002279,0.002367,0.002404,0.002263713333333331,0.0022872966666666666,0.0023803166666666693,0.002409696666666663
-0.192,0.001681,0.00125,0.001416,0.001448,0.00154,0.001608,0.001679,0.001731,0.001803,0.001901,0.002061,0.002092,0.002233,0.002275,0.002292,0.002381,0.002417,0.002277216666666677,0.002299759999999997,0.0023920299999999977,0.002420236666666669
-0.188,0.001755,0.001285,0.001453,0.001478,0.001562,0.001627,0.001697,0.001747,0.001821,0.001914,0.002074,0.002105,0.002245,0.002289,0.002306,0.002395,0.00243,0.002291359999999995,0.002312109999999997,0.002400916666666669,0.0024347633333333383
-0.184,0.00183,0.001323,0.001492,0.001509,0.001586,0.001648,0.001716,0.001765,0.00184,0.001929,0.002087,0.002119,0.002257,0.002304,0.00232,0.002409,0.002444,0.0023032499999999876,0.0023220366666666594,0.0024092766666666634,0.0024423966666666684
-0.18,0.001908,0.001364,0.001534,0.001543,0.001611,0.001671,0.001736,0.001783,0.00186,0.001944,0.002101,0.002133,0.00227,0.00232,0.002335,0.002423,0.002458,0.0023208166666666592,0.0023396399999999875,0.002426109999999993,0.0024584933333333266
-0.176,0.001988,0.001409,0.001579,0.00158,0.001639,0.001694,0.001757,0.001802,0.001881,0.00196,0.002115,0.002148,0.002284,0.002336,0.00235,0.002438,0.002473,0.0023369300000000023,0.0023545099999999937,0.002441360000000009,0.002473689999999989
-0.172,0.00207,0.001456,0.001628,0.001619,0.001669,0.00172,0.00178,0.001823,0.001903,0.001977,0.00213,0.002164,0.002298,0.002353,0.002366,0.002453,0.002488,0.0023528600000000057,0.00237041666666666,0.002457240000000004,0.002488070000000004
-0.168,0.002152,0.001508,0.00168,0.001662,0.001702,0.001748,0.001805,0.001845,0.001926,0.001995,0.002146,0.002181,0.002313,0.00237,0.002382,0.00247,0.002504,0.002371886666666662,0.0023890766666666624,0.0024771799999999894,0.0025064266666666593
-0.164,0.002233,0.001564,0.001736,0.001709,0.001738,0.001779,0.001832,0.001869,0.001951,0.002014,0.002164,0.002198,0.002329,0.002389,0.002399,0.002486,0.00252,0.0023881633333333228,0.002406383333333337,0.002495756666666658,0.0025206066666666636
-0.16,0.002313,0.001624,0.001797,0.001759,0.001778,0.001812,0.001861,0.001895,0.001978,0.002036,0.002183,0.002216,0.002347,0.002408,0.002417,0.002504,0.002538,0.00240767333333333,0.0024248966666666674,0.0025110199999999893,0.0025396766666666735
-0.156,0.002391,0.001689,0.001862,0.001814,0.001821,0.001848,0.001893,0.001922,0.002007,0.002059,0.002203,0.002235,0.002366,0.002429,0.002436,0.002522,0.002556,0.002428000000000003,0.002445919999999997,0.002529913333333344,0.002560026666666667
-0.152,0.002465,0.001759,0.001931,0.001874,0.001868,0.001888,0.001927,0.001952,0.002039,0.002084,0.002225,0.002256,0.002386,0.002451,0.002457,0.002542,0.002575,0.0024495799999999916,0.002466690000000005,0.0025507466666666737,0.0025786533333333286
-0.148,0.002536,0.001833,0.002005,0.001938,0.001919,0.001932,0.001965,0.001985,0.002074,0.002112,0.00225,0.002277,0.002409,0.002474,0.002478,0.002563,0.002595,0.0024734566666666574,0.0024879533333333256,0.0025802766666666596,0.0025999900000000077
-0.144,0.002601,0.001912,0.002084,0.002007,0.001974,0.001979,0.002005,0.00202,0.002111,0.002142,0.002277,0.0023,0.002433,0.002499,0.002501,0.002586,0.002615,0.0024872,0.0024983233333333247,0.0025793233333333263,0.0025955566666666726
-0.14,0.00266,0.001995,0.002165,0.002078,0.002031,0.002029,0.002049,0.002058,0.002153,0.002175,0.002306,0.002323,0.002459,0.002526,0.002526,0.00261,0.002637,0.002519179999999999,0.0025291799999999985,0.0026141633333333332,0.002631216666666667
-0.136,0.00271,0.002083,0.002248,0.002153,0.00209,0.002082,0.002095,0.002098,0.002197,0.00221,0.002339,0.002349,0.002488,0.002554,0.002553,0.002636,0.002661,0.002551459999999987,0.00255788000000001,0.0026422966666666656,0.002663156666666674
-0.132,0.002753,0.002174,0.002331,0.002228,0.002151,0.002138,0.002145,0.002141,0.002244,0.002249,0.002374,0.002376,0.002518,0.002584,0.002582,0.002663,0.002686,0.002582166666666668,0.00258570333333332,0.002675686666666667,0.002701366666666664
-0.128,0.002786,0.002267,0.002412,0.002303,0.002211,0.002195,0.002196,0.002186,0.002293,0.002292,0.002412,0.002404,0.002551,0.002615,0.002614,0.002693,0.002712,0.0026061033333333373,0.002610070000000001,0.002694209999999988,0.0027090100000000087
-0.124,0.002811,0.00236,0.002488,0.002374,0.002269,0.002252,0.002248,0.002232,0.002343,0.002337,0.002453,0.002434,0.002585,0.002648,0.002647,0.002724,0.00274,0.0026372366666666605,0.002641449999999991,0.0027235966666666524,0.002731936666666664
-0.12,0.002826,0.002451,0.002556,0.00244,0.002325,0.002309,0.002301,0.00228,0.00239,0.002384,0.002496,0.002464,0.002622,0.002683,0.002682,0.002756,0.00277,0.0026623799999999946,0.0026650433333333277,0.002727616666666657,0.0027240500000000095
-0.116,0.00283,0.002536,0.002615,0.002499,0.002378,0.002363,0.002352,0.002327,0.002431,0.002432,0.00254,0.002496,0.00266,0.002718,0.002718,0.00279,0.0028,0.0027132433333333333,0.0027205966666666646,0.0027915333333333246,0.0027911433333333447
-0.112,0.002822,0.002615,0.002661,0.002549,0.002426,0.002414,0.002402,0.002373,0.002463,0.002481,0.002584,0.002526,0.002698,0.002754,0.002755,0.002825,0.002831,0.002750593333333341,0.0027566933333333233,0.0028210966666666597,0.002816420000000011
-0.108,0.002802,0.002684,0.002695,0.00259,0.00247,0.002461,0.002449,0.002417,0.002483,0.002529,0.002628,0.002556,0.002737,0.002789,0.002793,0.00286,0.002862,0.0027723900000000087,0.0027785500000000072,0.0028328333333333218,0.0028221166666666728
-0.104,0.002768,0.002745,0.002715,0.002621,0.002508,0.002505,0.002493,0.002457,0.00249,0.002577,0.00267,0.002583,0.002774,0.002822,0.002831,0.002896,0.002892,0.0028119099999999965,0.0028234900000000127,0.002880800000000004,0.0028643200000000005
-0.1,0.002721,0.002796,0.002722,0.002643,0.002538,0.002544,0.002532,0.002492,0.002485,0.002621,0.00271,0.002606,0.002808,0.002853,0.002868,0.00293,0.002921,0.0028470199999999957,0.002864999999999991,0.0029232099999999934,0.0029022899999999875
-0.096,0.00266,0.002838,0.002715,0.002654,0.002556,0.002576,0.002564,0.002517,0.002471,0.002661,0.002746,0.002624,0.002838,0.002879,0.002902,0.002962,0.002948,0.0028791399999999944,0.0029068566666666574,0.0029712066666666742,0.002950226666666653
-0.092,0.002587,0.002871,0.002693,0.002652,0.002559,0.002599,0.002587,0.002532,0.002453,0.002694,0.002776,0.002637,0.002862,0.0029,0.002933,0.002991,0.002972,0.0029011866666666746,0.002937629999999994,0.0029995999999999925,0.002978283333333322
-0.088,0.002506,0.002893,0.002652,0.002633,0.002543,0.002607,0.002598,0.002533,0.002436,0.002716,0.002798,0.002644,0.002879,0.002915,0.002958,0.003015,0.002991,0.002914666666666671,0.0029577300000000048,0.0030187033333333247,0.002995516666666661
-0.084,0.002424,0.002903,0.002591,0.002595,0.00251,0.002598,0.002593,0.002521,0.002424,0.002726,0.002813,0.002647,0.002888,0.002924,0.002976,0.003033,0.003005,0.002924926666666679,0.002977239999999993,0.0030374999999999855,0.00300990000000001
-0.08,0.002348,0.0029,0.002513,0.002541,0.002467,0.002571,0.002573,0.002501,0.00242,0.002725,0.002819,0.002647,0.002892,0.002927,0.002986,0.003046,0.003013,0.002928013333333344,0.002986160000000011,0.003046506666666662,0.0030161400000000135
-0.076,0.002283,0.00288,0.00243,0.002476,0.002423,0.002533,0.002543,0.002478,0.002423,0.002714,0.002818,0.002647,0.002891,0.002928,0.00299,0.003051,0.003017,0.0029283000000000087,0.002988803333333349,0.003050140000000011,0.003017746666666683
-0.072,0.002234,0.002843,0.002355,0.002414,0.002386,0.002493,0.002511,0.002461,0.002429,0.0027,0.002812,0.002648,0.00289,0.002929,0.002989,0.003051,0.003017,0.0029290133333333213,0.0029880900000000122,0.0030505666666666804,0.003018073333333352
-0.068,0.0022,0.002788,0.002302,0.002365,0.00236,0.002459,0.002485,0.002451,0.002436,0.002687,0.002804,0.00265,0.00289,0.00293,0.002986,0.003049,0.003017,0.002931056666666661,0.0029857966666666756,0.003048379999999996,0.0030177366666666802
-0.064,0.00218,0.002718,0.002275,0.002336,0.002347,0.002437,0.00247,0.002448,0.002445,0.00268,0.002797,0.002654,0.002892,0.002934,0.002983,0.003045,0.003018,0.002934566666666667,0.0029839533333333255,0.0030458766666666567,0.0030189799999999997
-0.06,0.002169,0.002637,0.002269,0.002326,0.002344,0.002427,0.002464,0.002451,0.002453,0.002678,0.002794,0.00266,0.002897,0.002939,0.002984,0.003045,0.003021,0.0029385300000000112,0.002985336666666658,0.0030465933333333247,0.003022340000000011
-0.056,0.002164,0.002555,0.002276,0.002329,0.002347,0.002426,0.002466,0.002456,0.00246,0.002682,0.002797,0.002665,0.002904,0.002945,0.002987,0.003048,0.003027,0.0029420266666666563,0.0029832166666666606,0.0030395400000000116,0.0030238499999999985
-0.052,0.002166,0.002481,0.00229,0.002339,0.002354,0.002432,0.002472,0.002463,0.002468,0.002689,0.002803,0.002671,0.002912,0.002953,0.002993,0.003054,0.003034,0.0029520266666666567,0.002991976666666677,0.0030502166666666695,0.003034156666666658
-0.048,0.002173,0.002428,0.002306,0.002352,0.002364,0.00244,0.00248,0.002471,0.002475,0.002697,0.002812,0.002678,0.00292,0.00296,0.003,0.003062,0.003041,0.002957393333333323,0.0029971533333333386,0.0030566200000000047,0.0030391833333333214
-0.044,0.002186,0.002399,0.002322,0.002366,0.002374,0.002449,0.002488,0.002478,0.002481,0.002706,0.002821,0.002683,0.002928,0.002968,0.003008,0.00307,0.003049,0.0029639333333333277,0.0030037133333333413,0.0030630900000000066,0.0030465099999999927
-0.04,0.002205,0.002393,0.002339,0.00238,0.002384,0.002458,0.002497,0.002486,0.002488,0.002715,0.00283,0.002689,0.002935,0.002974,0.003016,0.003077,0.003056,0.0029725066666666726,0.003014243333333342,0.0030738099999999984,0.003055553333333321
-0.036,0.002226,0.002404,0.002355,0.002394,0.002393,0.002467,0.002505,0.002492,0.002493,0.002723,0.002838,0.002693,0.002941,0.00298,0.003023,0.003084,0.003062,0.002978313333333327,0.0030212033333333345,0.003081893333333325,0.0030613300000000036
-0.032,0.002249,0.002423,0.00237,0.002407,0.002402,0.002475,0.002512,0.002498,0.002497,0.002731,0.002845,0.002696,0.002947,0.002984,0.003028,0.00309,0.003066,0.00298319999999999,0.0030267600000000016,0.003087700000000003,0.0030653233333333427
-0.028,0.002272,0.002447,0.002385,0.002419,0.00241,0.002483,0.002518,0.002503,0.0025,0.002738,0.002851,0.002698,0.002951,0.002988,0.003033,0.003095,0.00307,0.0029876166666666596,0.0030327699999999867,0.0030948599999999883,0.0030704533333333417
-0.024,0.002295,0.002471,0.002399,0.002431,0.002417,0.00249,0.002524,0.002507,0.002503,0.002744,0.002856,0.002698,0.002954,0.002991,0.003037,0.003099,0.003073,0.0029900066666666623,0.0030359233333333226,0.0030977166666666567,0.0030720099999999974
-0.02,0.002318,0.002495,0.002412,0.002442,0.002424,0.002496,0.002529,0.002511,0.002504,0.002748,0.002861,0.002699,0.002957,0.002993,0.00304,0.003103,0.003076,0.002992126666666679,0.003039550000000006,0.0031023633333333296,0.0030752333333333264
-0.016,0.00234,0.002518,0.002424,0.002452,0.002428,0.002501,0.002534,0.002513,0.002505,0.002752,0.002864,0.002698,0.002958,0.002993,0.003042,0.003105,0.003077,0.0029926133333333473,0.0030411799999999966,0.003103800000000014,0.00307621333333333
-0.012,0.002361,0.002539,0.002434,0.00246,0.002432,0.002505,0.002537,0.002514,0.002504,0.002755,0.002866,0.002696,0.002958,0.002993,0.003043,0.003106,0.003077,0.002992303333333345,0.0030422933333333407,0.003105260000000022,0.003076669999999996
-0.008,0.002381,0.002559,0.002443,0.002468,0.002435,0.002507,0.002539,0.002514,0.002503,0.002757,0.002867,0.002693,0.002957,0.002992,0.003043,0.003106,0.003076,0.002991143333333335,0.0030419833333333386,0.0031051466666666833,0.0030760833333333295
-0.004,0.0024,0.002577,0.002451,0.002473,0.002435,0.002508,0.002539,0.002513,0.0025,0.002757,0.002867,0.002688,0.002954,0.002989,0.003041,0.003104,0.003074,0.002988650000000009,0.003039706666666657,0.0031022633333333354,0.003072793333333344
0.0,0.002417,0.002593,0.002456,0.002477,0.002435,0.002507,0.002538,0.00251,0.002496,0.002756,0.002865,0.002683,0.00295,0.002985,0.003038,0.003101,0.003071,0.0029850266666666724,0.003036959999999991,0.00309945000000001,0.0030703266666666784
0.004,0.002432,0.002606,0.00246,0.00248,0.002432,0.002505,0.002536,0.002506,0.002491,0.002753,0.002862,0.002676,0.002945,0.00298,0.003034,0.003097,0.003066,0.0029796133333333274,0.003032419999999989,0.003094743333333342,0.0030653000000000073
0.008,0.002446,0.002618,0.002462,0.00248,0.002427,0.002501,0.002533,0.002501,0.002485,0.002749,0.002857,0.002669,0.002938,0.002974,0.003029,0.003092,0.00306,0.002973310000000008,0.0030271766666666515,0.00309018333333333,0.00305963999999999
0.012,0.002457,0.002627,0.002462,0.002479,0.002421,0.002496,0.002527,0.002495,0.002478,0.002744,0.002852,0.002661,0.00293,0.002967,0.003022,0.003086,0.003054,0.0029667000000000152,0.0030204033333333263,0.003084300000000009,0.003056130000000001
0.016,0.002466,0.002634,0.00246,0.002475,0.002413,0.002489,0.002521,0.002487,0.002469,0.002737,0.002845,0.002652,0.002922,0.002959,0.003015,0.003079,0.003047,0.0029575933333333445,0.003012569999999992,0.0030764366666666855,0.0030468333333333445
0.02,0.002473,0.002638,0.002456,0.002469,0.002403,0.00248,0.002513,0.002478,0.002459,0.002729,0.002837,0.002641,0.002912,0.00295,0.003007,0.003071,0.003039,0.0029488100000000074,0.003004219999999995,0.0030679433333333454,0.0030390300000000072
0.024,0.002476,0.002639,0.002449,0.002461,0.002391,0.002469,0.002503,0.002468,0.002448,0.00272,0.002827,0.00263,0.002901,0.00294,0.002997,0.003061,0.00303,0.0029375833333333506,0.0029937666666666816,0.0030576599999999924,0.0030272233333333265
0.028,0.002477,0.002637,0.00244,0.00245,0.002376,0.002456,0.002491,0.002455,0.002436,0.002708,0.002815,0.002618,0.002889,0.002928,0.002986,0.003051,0.00302,0.0029277233333333433,0.002985370000000012,0.0030493400000000106,0.003018720000000014
0.032,0.002474,0.002632,0.002428,0.002436,0.002359,0.002441,0.002478,0.002442,0.002422,0.002696,0.002803,0.002605,0.002875,0.002916,0.002974,0.003039,0.003009,0.002912973333333335,0.0029698333333333343,0.0030345633333333363,0.003008170000000012
0.036,0.002468,0.002624,0.002412,0.002419,0.00234,0.002423,0.002462,0.002426,0.002407,0.002682,0.002788,0.002591,0.00286,0.002902,0.00296,0.003026,0.002997,0.0029004699999999896,0.0029573999999999907,0.0030233933333333224,0.002998340000000013
0.04,0.002457,0.002611,0.002393,0.002399,0.002318,0.002404,0.002444,0.002409,0.002391,0.002666,0.002772,0.002576,0.002844,0.002887,0.002945,0.003012,0.002984,0.0028857466666666535,0.0029408166666666548,0.003007743333333335,0.0029872499999999947
0.044,0.002443,0.002595,0.002371,0.002376,0.002294,0.002381,0.002424,0.00239,0.002372,0.002648,0.002755,0.002561,0.002827,0.002871,0.002929,0.002996,0.00297,0.002867453333333324,0.002922663333333326,0.0029900433333333296,0.002970753333333333
0.048,0.002424,0.002574,0.002345,0.002349,0.002267,0.002357,0.002401,0.00237,0.002352,0.002628,0.002735,0.002544,0.002808,0.002853,0.002912,0.002979,0.002956,0.0028493533333333286,0.0029051366666666776,0.00297307999999999,0.002957046666666656
0.052,0.002401,0.002548,0.002316,0.00232,0.002238,0.00233,0.002376,0.002347,0.002331,0.002606,0.002714,0.002526,0.002787,0.002834,0.002893,0.002962,0.002943,0.0028283933333333343,0.002884216666666674,0.0029549266666666746,0.002943406666666667
0.056,0.002373,0.002518,0.002283,0.002286,0.002206,0.0023,0.002349,0.002322,0.002308,0.002582,0.002691,0.002507,0.002765,0.002814,0.002874,0.002943,0.002929,0.0028111433333333287,0.002866386666666675,0.0029357533333333385,0.0029255533333333245
0.06,0.00234,0.002482,0.002247,0.00225,0.002172,0.002268,0.00232,0.002296,0.002283,0.002557,0.002666,0.002487,0.002742,0.002793,0.002852,0.002924,0.002913,0.002787693333333343,0.002842703333333327,0.002917286666666675,0.002911253333333347
0.064,0.002302,0.002441,0.002207,0.002211,0.002136,0.002234,0.002288,0.002267,0.002256,0.002529,0.002639,0.002467,0.002718,0.00277,0.00283,0.002905,0.002895,0.002764196666666682,0.00281892333333333,0.002892363333333347,0.0028867099999999924
0.068,0.002258,0.002396,0.002164,0.002169,0.002098,0.002198,0.002254,0.002237,0.002228,0.0025,0.00261,0.002445,0.002693,0.002746,0.002806,0.002886,0.002872,0.002746853333333348,0.002802736666666655,0.002877673333333351,0.0028705066666666608
0.072,0.00221,0.002345,0.002117,0.002124,0.002058,0.00216,0.002219,0.002206,0.002198,0.002468,0.00258,0.002422,0.002666,0.002721,0.002782,0.002864,0.002847,0.002720173333333322,0.0027725566666666544,0.002846226666666659,0.0028395600000000075
0.076,0.002157,0.002289,0.002068,0.002077,0.002017,0.00212,0.002181,0.002173,0.002167,0.002435,0.002547,0.002399,0.002638,0.002694,0.00276,0.002839,0.002821,0.0026919966666666528,0.002751033333333327,0.0028285133333333396,0.002814599999999994
0.08,0.0021,0.002229,0.002016,0.002028,0.001975,0.00208,0.002143,0.002139,0.002135,0.0024,0.002514,0.002374,0.002609,0.002667,0.002738,0.002811,0.002796,0.0026616666666666546,0.0027222966666666714,0.0027957866666666687,0.002785273333333342
0.084,0.002039,0.002164,0.001962,0.001978,0.001932,0.002038,0.002104,0.002103,0.002101,0.002364,0.002479,0.002349,0.002579,0.002639,0.002714,0.002782,0.002771,0.0026384966666666543,0.0027005599999999973,0.002768863333333324,0.002765046666666663
0.088,0.001974,0.002097,0.001907,0.001926,0.001889,0.001997,0.002064,0.002068,0.002067,0.002328,0.002443,0.002324,0.002549,0.00261,0.002686,0.002752,0.002746,0.0026130600000000004,0.0026757233333333298,0.0027401399999999916,0.0027410066666666774
0.092,0.001906,0.002026,0.00185,0.001874,0.001846,0.001955,0.002023,0.002032,0.002032,0.002291,0.002407,0.002298,0.002518,0.00258,0.002655,0.002723,0.00272,0.0025822400000000134,0.002644283333333329,0.0027088766666666696,0.0027109566666666768
0.096,0.001836,0.001953,0.001793,0.001821,0.001803,0.001913,0.001983,0.001996,0.001997,0.002253,0.00237,0.002272,0.002487,0.00255,0.002623,0.002694,0.002694,0.0025488733333333437,0.0026077500000000046,0.002673736666666657,0.002677969999999988
0.1,0.001765,0.001879,0.001735,0.001769,0.001761,0.001872,0.001943,0.001961,0.001961,0.002215,0.002334,0.002246,0.002456,0.002519,0.002592,0.002664,0.002668,0.002509586666666673,0.002572936666666673,0.00265348666666667,0.002654030000000003
0.104,0.001693,0.001805,0.001678,0.001717,0.00172,0.001831,0.001904,0.001926,0.001926,0.002178,0.002297,0.002221,0.002424,0.002489,0.002561,0.002635,0.002642,0.0024840199999999948,0.002544466666666671,0.0026278833333333446,0.0026374066666666716
0.108,0.00162,0.00173,0.001622,0.001666,0.001679,0.001791,0.001865,0.001891,0.001891,0.00214,0.002261,0.002195,0.002393,0.002459,0.00253,0.002607,0.002616,0.002458146666666662,0.002517033333333336,0.002583573333333343,0.0025989699999999895
0.112,0.001549,0.001657,0.001568,0.001616,0.001639,0.001752,0.001827,0.001858,0.001856,0.002104,0.002225,0.00217,0.002362,0.002429,0.0025,0.002578,0.00259,0.002426843333333337,0.0024837433333333224,0.0025502166666666643,0.00256842666666666
0.116,0.00148,0.001586,0.001514,0.001568,0.001601,0.001714,0.00179,0.001825,0.001823,0.002069,0.002191,0.002145,0.002332,0.002401,0.00247,0.002549,0.002564,0.0023971366666666587,0.00245501999999999,0.0025232800000000097,0.002541806666666674
0.12,0.001413,0.001517,0.001463,0.001522,0.001565,0.001678,0.001755,0.001793,0.00179,0.002035,0.002157,0.00212,0.002302,0.002374,0.002441,0.002521,0.002538,0.002366006666666661,0.002422323333333341,0.0024897133333333316,0.002510256666666674
0.124,0.001349,0.001451,0.001414,0.001478,0.001529,0.001643,0.001721,0.001763,0.001758,0.002002,0.002124,0.002095,0.002273,0.002347,0.002412,0.002493,0.002512,0.002338286666666658,0.0023953966666666673,0.0024682699999999964,0.002489763333333327
0.128,0.001288,0.001389,0.001367,0.001435,0.001496,0.00161,0.001689,0.001733,0.001727,0.00197,0.002092,0.002071,0.002245,0.002319,0.002384,0.002466,0.002487,0.0023108966666666613,0.0023694700000000124,0.0024456033333333307,0.00246851333333334
0.132,0.001231,0.001331,0.001323,0.001395,0.001464,0.001578,0.001657,0.001705,0.001697,0.001939,0.002061,0.002048,0.002217,0.00229,0.002357,0.002439,0.002462,0.002278856666666669,0.0023357300000000107,0.002412483333333331,0.002438149999999996
0.136,0.001178,0.001276,0.001281,0.001357,0.001434,0.001547,0.001627,0.001677,0.001668,0.001909,0.00203,0.002025,0.002191,0.002261,0.002329,0.002413,0.002438,0.0022505766666666657,0.0023060266666666777,0.0023859399999999996,0.002413766666666674
0.14,0.001129,0.001225,0.001242,0.001321,0.001405,0.001518,0.001598,0.001651,0.00164,0.00188,0.002002,0.002003,0.002165,0.002233,0.002303,0.002387,0.002414,0.002221273333333338,0.0022782566666666743,0.0023593333333333313,0.0023887066666666806
0.144,0.001083,0.001178,0.001206,0.001287,0.001377,0.00149,0.00157,0.001626,0.001614,0.001852,0.001974,0.001981,0.002141,0.002207,0.002277,0.002362,0.00239,0.0021965299999999956,0.0022545533333333243,0.002338403333333326,0.002368763333333335
0.148,0.001042,0.001135,0.001172,0.001256,0.001351,0.001463,0.001544,0.001601,0.001588,0.001826,0.001947,0.00196,0.002119,0.002181,0.002252,0.002337,0.002367,0.0021725999999999933,0.002232446666666666,0.0023168433333333356,0.0023478533333333366
0.152,0.001003,0.001096,0.001141,0.001226,0.001326,0.001438,0.001519,0.001578,0.001563,0.0018,0.001921,0.00194,0.002098,0.002157,0.002228,0.002314,0.002344,0.002147919999999999,0.0022042600000000026,0.00228925666666667,0.002320796666666672
0.156,0.0009687,0.00106,0.001112,0.001199,0.001303,0.001415,0.001495,0.001556,0.001539,0.001776,0.001896,0.00192,0.002078,0.002134,0.002204,0.00229,0.002321,0.002125666666666666,0.002183883333333328,0.002269476666666672,0.0023007000000000066
0.16,0.0009369,0.001028,0.001086,0.001173,0.001281,0.001392,0.001473,0.001535,0.001517,0.001752,0.001873,0.001901,0.002056,0.002111,0.002181,0.002268,0.0023,0.002102893333333325,0.00216125333333333,0.002257236666666673,0.0022846966666666673
0.164,0.0009081,0.0009982,0.001061,0.001149,0.00126,0.001371,0.001451,0.001515,0.001495,0.001729,0.001852,0.001884,0.002034,0.002089,0.002159,0.002245,0.002278,0.002081526666666669,0.0021447633333333375,0.0022378433333333416,0.002266556666666667
0.168,0.0008821,0.000971,0.001038,0.001127,0.00124,0.001351,0.001431,0.001495,0.001474,0.001708,0.001835,0.001867,0.002011,0.002068,0.002138,0.002224,0.002257,0.002061859999999999,0.0021217033333333244,0.0022113366666666684,0.0022425166666666645
0.172,0.0008585,0.0009464,0.001017,0.001107,0.001222,0.001331,0.001412,0.001477,0.001454,0.001688,0.001818,0.001851,0.00199,0.002048,0.002117,0.002203,0.002237,0.0020436733333333355,0.002103059999999998,0.002189763333333333,0.0022232566666666722
0.176,0.0008372,0.0009242,0.0009981,0.001088,0.001205,0.001313,0.001393,0.001459,0.001435,0.001671,0.0018,0.001835,0.00197,0.002028,0.002096,0.002182,0.002217,0.002026596666666665,0.002084429999999994,0.0021699466666666722,0.002204616666666677
0.18,0.0008179,0.000904,0.0009805,0.00107,0.001188,0.001296,0.001376,0.001442,0.001416,0.001654,0.001781,0.001818,0.001951,0.002009,0.002076,0.002162,0.002198,0.002008110000000001,0.0020656133333333327,0.0021513366666666657,0.0021867100000000014
0.184,0.0008003,0.0008856,0.0009641,0.001053,0.001172,0.00128,0.001359,0.001427,0.001399,0.001638,0.001761,0.001801,0.001932,0.001991,0.002057,0.002143,0.002179,0.0019920133333333344,0.002048506666666657,0.0021349233333333374,0.002169646666666668
0.188,0.0007842,0.0008687,0.000949,0.001038,0.001157,0.001265,0.001344,0.001411,0.001382,0.001621,0.001743,0.001784,0.001915,0.001973,0.002038,0.002125,0.002161,0.001972700000000003,0.002029149999999996,0.0021171166666666694,0.0021517500000000013
0.192,0.0007694,0.0008531,0.000935,0.001024,0.001143,0.00125,0.001329,0.001396,0.001365,0.001604,0.001725,0.001768,0.001898,0.001955,0.00202,0.002107,0.002143,0.0019513066666666686,0.0020066166666666734,0.0020935800000000033,0.0021292833333333362
0.196,0.000756,0.0008391,0.0009219,0.00101,0.001131,0.001236,0.001315,0.001383,0.00135,0.001587,0.001709,0.001753,0.001882,0.001939,0.002003,0.002089,0.002126,0.0019352733333333435,0.00199258666666666,0.002077580000000003,0.0021140133333333293
0.2,0.0007437,0.0008263,0.0009097,0.0009975,0.001118,0.001223,0.001301,0.001369,0.001335,0.001572,0.001693,0.001739,0.001866,0.001923,0.001986,0.002072,0.00211,0.00192046666666667,0.0019755466666666693,0.002061353333333331,0.0020980166666666597
0.204,0.0007325,0.0008144,0.0008984,0.0009857,0.001107,0.001211,0.001288,0.001356,0.001321,0.001558,0.001678,0.001725,0.001851,0.001907,0.00197,0.002056,0.002094,0.0019063499999999985,0.0019607200000000117,0.0020461566666666615,0.002083466666666671
0.208,0.0007222,0.0008035,0.0008877,0.0009746,0.001095,0.001199,0.001276,0.001344,0.001307,0.001544,0.001664,0.001712,0.001836,0.001892,0.001954,0.00204,0.002078,0.0018914733333333373,0.0019470800000000073,0.002033009999999999,0.0020707800000000095
0.212,0.0007127,0.0007933,0.0008779,0.0009642,0.001084,0.001187,0.001264,0.001332,0.001294,0.00153,0.00165,0.001699,0.001822,0.001877,0.001939,0.002025,0.002063,0.0018760300000000055,0.0019314200000000081,0.0020179933333333375,0.0020558333333333344
0.216,0.0007039,0.0007837,0.0008686,0.0009544,0.001073,0.001176,0.001252,0.001321,0.001282,0.001517,0.001636,0.001687,0.001808,0.001863,0.001924,0.00201,0.002048,0.001862413333333331,0.0019179499999999996,0.0020064333333333338,0.00204509666666667
0.22,0.0006957,0.0007749,0.0008598,0.0009452,0.001064,0.001166,0.001241,0.00131,0.00127,0.001505,0.001623,0.001674,0.001795,0.001849,0.00191,0.001996,0.002034,0.0018478133333333284,0.001903850000000004,0.0019916599999999997,0.002030013333333327
0.224,0.0006881,0.0007669,0.0008514,0.0009363,0.001054,0.001156,0.001231,0.0013,0.001258,0.001493,0.001611,0.001663,0.001782,0.001836,0.001896,0.001982,0.00202,0.0018338433333333327,0.0018877633333333373,0.001974553333333334,0.0020131000000000064
0.228,0.0006809,0.0007593,0.0008435,0.000928,0.001045,0.001146,0.001221,0.001289,0.001246,0.001481,0.001598,0.001651,0.00177,0.001823,0.001883,0.001969,0.002007,0.001822546666666672,0.001877296666666671,0.0019645066666666654,0.0020026866666666633
0.232,0.0006741,0.0007522,0.0008361,0.00092,0.001037,0.001137,0.001211,0.001279,0.001236,0.00147,0.001587,0.00164,0.001758,0.00181,0.001869,0.001955,0.001993,0.001808529999999993,0.0018634900000000054,0.0019526300000000008,0.0019914966666666747
0.236,0.0006678,0.0007456,0.0008292,0.0009124,0.001028,0.001128,0.001202,0.00127,0.001225,0.001459,0.001576,0.001629,0.001746,0.001798,0.001857,0.001942,0.001981,0.001796883333333337,0.0018526533333333328,0.001942666666666668,0.0019825766666666735
0.24,0.0006619,0.0007393,0.0008227,0.0009052,0.00102,0.001119,0.001193,0.00126,0.001215,0.001448,0.001565,0.001619,0.001734,0.001786,0.001844,0.00193,0.001968,0.0017843100000000023,0.001838923333333336,0.0019299733333333262,0.0019689800000000043
0.244,0.0006564,0.0007335,0.0008163,0.0008982,0.001012,0.00111,0.001184,0.001251,0.001205,0.001438,0.001554,0.001608,0.001723,0.001774,0.001832,0.001918,0.001956,0.0017737433333333342,0.0018277866666666647,0.0019175866666666578,0.0019566333333333346
0.248,0.0006513,0.000728,0.0008103,0.0008914,0.001004,0.001102,0.001175,0.001242,0.001196,0.001428,0.001543,0.001598,0.001712,0.001763,0.001821,0.001906,0.001944,0.001760183333333336,0.00181408666666667,0.0018997133333333352,0.0019386066666666616
0.252,0.0006464,0.0007228,0.0008045,0.000885,0.0009967,0.001094,0.001167,0.001234,0.001186,0.001418,0.001533,0.001588,0.001701,0.001751,0.001809,0.001894,0.001932,0.001749953333333335,0.0018037066666666678,0.0018892233333333342,0.0019281233333333311
0.256,0.000642,0.0007179,0.0007991,0.0008789,0.0009899,0.001086,0.001158,0.001225,0.001178,0.001409,0.001523,0.001578,0.001691,0.00174,0.001798,0.001883,0.001921,0.0017405100000000063,0.0017940400000000026,0.0018794766666666706,0.0019178366666666646
0.26,0.0006378,0.0007134,0.000794,0.0008732,0.0009826,0.001079,0.001151,0.001217,0.001169,0.0014,0.001513,0.001569,0.001681,0.00173,0.001787,0.001871,0.00191,0.001731260000000007,0.0017839633333333294,0.0018685500000000022,0.0019073100000000013
0.264,0.0006337,0.0007091,0.000789,0.0008676,0.0009765,0.001071,0.001143,0.001209,0.001161,0.001391,0.001504,0.00156,0.001671,0.001719,0.001776,0.001861,0.001899,0.0017184500000000092,0.001770876666666666,0.0018558800000000022,0.0018945266666666632
0.268,0.00063,0.000705,0.0007842,0.0008622,0.0009708,0.001064,0.001136,0.001202,0.001153,0.001382,0.001495,0.00155,0.001661,0.001709,0.001766,0.00185,0.001888,0.0017090133333333367,0.0017611766666666636,0.0018451266666666714,0.0018837200000000017
0.272,0.0006265,0.0007011,0.0007796,0.000857,0.0009641,0.001057,0.00113,0.001195,0.001146,0.001373,0.001486,0.001541,0.001651,0.001699,0.001755,0.001839,0.001877,0.0016988966666666697,0.0017508333333333347,0.001834376666666665,0.0018729966666666713
0.276,0.0006231,0.0006974,0.000775,0.000852,0.0009556,0.001051,0.001124,0.001188,0.001138,0.001365,0.001477,0.001532,0.001641,0.001689,0.001745,0.001829,0.001867,0.0016890966666666637,0.0017409166666666643,0.0018245666666666716,0.0018630099999999994
0.28,0.0006199,0.0006939,0.0007707,0.0008471,0.0009488,0.001044,0.001119,0.001182,0.001131,0.001357,0.001469,0.001524,0.001632,0.001679,0.001735,0.001819,0.001856,0.001679303333333327,0.0017311966666666624,0.0018143266666666717,0.001852263333333336
0.284,0.0006168,0.0006907,0.0007667,0.0008423,0.0009421,0.001038,0.001112,0.001176,0.001124,0.001349,0.00146,0.001515,0.001623,0.00167,0.001726,0.001809,0.001847,0.0016703033333333346,0.0017224800000000021,0.0018051100000000002,0.0018435833333333299
0.288,0.0006139,0.0006876,0.0007627,0.0008377,0.0009364,0.001032,0.001106,0.001169,0.001118,0.001341,0.001452,0.001507,0.001614,0.00166,0.001716,0.001799,0.001837,0.0016604166666666644,0.0017111599999999993,0.001793369999999999,0.0018318299999999935
0.292,0.000611,0.0006847,0.0007588,0.0008331,0.0009325,0.001026,0.001099,0.001162,0.001111,0.001333,0.001444,0.001498,0.001605,0.001651,0.001707,0.00179,0.001827,0.001650606666666671,0.0017026233333333344,0.0017846966666666718,0.0018223266666666724
0.296,0.0006083,0.0006817,0.0007551,0.0008287,0.0009283,0.00102,0.001093,0.001156,0.001105,0.001326,0.001436,0.00149,0.001596,0.001642,0.001698,0.00178,0.001818,0.0016418233333333268,0.0016931733333333274,0.001774113333333337,0.001812073333333328
0.3,0.0006058,0.000679,0.0007514,0.0008245,0.0009236,0.001014,0.001087,0.001149,0.0011,0.001319,0.001428,0.001482,0.001588,0.001633,0.001689,0.001771,0.001809,0.0016319999999999972,0.0016849599999999986,0.0017661000000000042,0.0018038666666666666
0.304,0.0006033,0.0006762,0.0007477,0.0008203,0.0009191,0.001009,0.001081,0.001143,0.001094,0.001312,0.00142,0.001474,0.001579,0.001624,0.00168,0.001762,0.001799,0.0016245066666666674,0.001677626666666668,0.0017588899999999988,0.001796246666666665
0.308,0.0006008,0.0006736,0.0007441,0.0008161,0.0009147,0.001005,0.001075,0.001137,0.001088,0.001305,0.001413,0.001466,0.001571,0.001615,0.001671,0.001752,0.00179,0.0016181633333333279,0.0016672066666666625,0.0017473566666666612,0.001785383333333335
0.312,0.0005983,0.0006711,0.0007405,0.000812,0.0009103,0.001001,0.001069,0.001131,0.001083,0.001298,0.001405,0.001459,0.001562,0.001607,0.001663,0.001744,0.001781,0.001606213333333339,0.0016579500000000066,0.0017376766666666705,0.0017748799999999939
0.316,0.0005957,0.0006688,0.000737,0.000808,0.0009059,0.0009965,0.001064,0.001125,0.001079,0.001291,0.001398,0.001451,0.001554,0.001598,0.001654,0.001735,0.001772,0.0015971066666666612,0.0016501433333333277,0.001730399999999996,0.0017675999999999955
0.32,0.0005931,0.0006665,0.0007337,0.0008042,0.0009006,0.0009919,0.001059,0.00112,0.001074,0.001284,0.001391,0.001444,0.001547,0.00159,0.001646,0.001727,0.001764,0.0015913433333333263,0.0016434066666666598,0.001723609999999997,0.001760909999999993
0.324,0.0005905,0.0006646,0.0007304,0.0008006,0.000896,0.0009872,0.001054,0.001115,0.00107,0.001278,0.001384,0.001437,0.001539,0.001582,0.001638,0.001719,0.001756,0.0015806666666666608,0.0016338633333333257,0.0017135633333333414,0.0017503266666666617
0.328,0.000588,0.0006626,0.0007273,0.0007971,0.0008905,0.0009825,0.001049,0.00111,0.001065,0.001272,0.001377,0.001431,0.001532,0.001574,0.00163,0.001711,0.001748,0.0015736400000000044,0.001626090000000005,0.0017059700000000052,0.0017429000000000073
0.332,0.0005855,0.0006607,0.0007243,0.0007937,0.0008874,0.0009784,0.001045,0.001105,0.001061,0.001266,0.001371,0.001424,0.001525,0.001567,0.001623,0.001703,0.00174,0.0015675266666666631,0.001619853333333332,0.0016994566666666696,0.0017365900000000031
0.336,0.0005831,0.0006591,0.0007212,0.0007904,0.0008841,0.0009743,0.001041,0.001101,0.001058,0.001261,0.001365,0.001418,0.001518,0.001559,0.001616,0.001696,0.001733,0.0015584699999999939,0.001611786666666671,0.0016903633333333276,0.0017271133333333281
0.34,0.0005807,0.0006576,0.0007183,0.0007872,0.0008814,0.0009706,0.001037,0.001097,0.001055,0.001255,0.001359,0.001412,0.001511,0.001552,0.001609,0.001688,0.001725,0.0015511499999999988,0.0016057166666666744,0.001684766666666671,0.001721716666666659
0.344,0.0005784,0.0006565,0.0007156,0.0007842,0.0008771,0.0009672,0.001033,0.001093,0.001051,0.00125,0.001353,0.001407,0.001505,0.001545,0.001602,0.001681,0.001718,0.0015445133333333362,0.0015975933333333304,0.0016757599999999942,0.001712479999999999
0.348,0.000576,0.0006556,0.0007131,0.0007812,0.0008741,0.000964,0.00103,0.00109,0.001049,0.001246,0.001348,0.001402,0.001499,0.001538,0.001596,0.001675,0.001711,0.0015396599999999974,0.0015926533333333263,0.0016712266666666605,0.0017074833333333387
0.352,0.0005738,0.0006547,0.0007107,0.0007784,0.0008715,0.0009612,0.001027,0.001087,0.001046,0.001242,0.001343,0.001397,0.001493,0.001532,0.00159,0.001669,0.001705,0.001530826666666664,0.0015865599999999951,0.0016649599999999948,0.001701106666666671
0.356,0.0005717,0.0006541,0.0007085,0.0007763,0.0008715,0.0009589,0.001025,0.001085,0.001044,0.001238,0.001338,0.001394,0.001488,0.001526,0.001585,0.001663,0.001699,0.0015251233333333394,0.001583090000000001,0.0016606966666666714,0.0016967333333333349
0.36,0.0005698,0.0006538,0.0007065,0.0007749,0.0008699,0.000957,0.001023,0.001083,0.001042,0.001235,0.001335,0.00139,0.001484,0.001521,0.001581,0.001658,0.001694,0.0015201599999999994,0.0015798133333333325,0.0016568133333333295,0.0016928199999999948
0.364,0.0005679,0.0006535,0.0007045,0.000774,0.0008699,0.0009554,0.001022,0.001083,0.001041,0.001233,0.001331,0.001388,0.001479,0.001516,0.001577,0.001654,0.00169,0.001515910000000004,0.0015767166666666645,0.00165343666666666,0.0016894500000000049
0.368,0.0005663,0.0006534,0.0007027,0.000773,0.0008677,0.0009542,0.001021,0.001082,0.00104,0.001231,0.001329,0.001385,0.001476,0.001512,0.001574,0.00165,0.001686,0.001511460000000007,0.0015728266666666694,0.0016485766666666617,0.0016847566666666717
0.372,0.0005646,0.0006533,0.0007008,0.0007716,0.0008653,0.0009531,0.00102,0.001082,0.001039,0.00123,0.001326,0.001384,0.001473,0.001508,0.001571,0.001646,0.001683,0.0015072233333333386,0.0015707166666666609,0.0016454966666666617,0.00168242333333333
0.376,0.0005631,0.0006529,0.0006991,0.0007698,0.0008637,0.0009523,0.00102,0.001082,0.001038,0.001229,0.001324,0.001382,0.00147,0.001504,0.001569,0.001643,0.00168,0.0015034533333333354,0.0015689733333333275,0.0016427266666666687,0.001679720000000004
0.38,0.0005615,0.0006525,0.0006973,0.000768,0.0008626,0.0009517,0.00102,0.001083,0.001038,0.001228,0.001323,0.001381,0.001469,0.001501,0.001568,0.001641,0.001678,0.0015009699999999928,0.001568013333333336,0.001640930000000002,0.001677936666666674
0.384,0.0005603,0.0006519,0.0006955,0.0007664,0.0008608,0.000951,0.00102,0.001084,0.001038,0.001228,0.001322,0.001381,0.001467,0.001499,0.001567,0.001639,0.001676,0.0014987599999999937,0.001567039999999997,0.0016389733333333316,0.0016759900000000042
0.388,0.0005595,0.0006512,0.0006937,0.0007647,0.0008599,0.0009504,0.00102,0.001084,0.001038,0.001228,0.001321,0.001382,0.001467,0.001497,0.001567,0.001638,0.001675,0.0014970466666666723,0.0015670599999999966,0.0016382866666666566,0.0016752933333333295
0.392,0.000559,0.0006501,0.0006921,0.000763,0.0008588,0.0009496,0.00102,0.001085,0.001037,0.001228,0.00132,0.001383,0.001466,0.001495,0.001567,0.001638,0.001675,0.0014952500000000068,0.0015670233333333295,0.001638076666666654,0.0016750866666666606
0.396,0.0005584,0.0006489,0.0006908,0.0007612,0.0008575,0.0009488,0.00102,0.001086,0.001036,0.001228,0.00132,0.001383,0.001466,0.001494,0.001567,0.001638,0.001675,0.0014940166666666658,0.0015670266666666633,0.0016380266666666538,0.0016750599999999934
0.4,0.0005574,0.0006474,0.0006897,0.0007593,0.0008572,0.0009476,0.001019,0.001086,0.001035,0.001228,0.001319,0.001384,0.001466,0.001492,0.001567,0.001638,0.001675,0.0014923899999999969,0.001567156666666664,0.0016380266666666536,0.0016751766666666616
0.404,0.000556,0.0006457,0.0006886,0.0007573,0.0008559,0.0009459,0.001018,0.001086,0.001032,0.001228,0.001318,0.001385,0.001466,0.001491,0.001568,0.001638,0.001676,0.0014912866666666712,0.001567863333333339,0.0016381333333333205,0.001675936666666671
0.408,0.0005547,0.0006439,0.000687,0.0007552,0.0008537,0.0009438,0.001017,0.001085,0.001029,0.001227,0.001318,0.001385,0.001466,0.001489,0.001568,0.001638,0.001676,0.0014896500000000034,0.0015678800000000067,0.0016380133333333223,0.0016760333333333398
0.412,0.0005536,0.0006419,0.0006851,0.0007528,0.000851,0.000941,0.001014,0.001083,0.001026,0.001226,0.001316,0.001384,0.001464,0.001486,0.001567,0.001637,0.001676,0.0014865866666666622,0.0015669699999999993,0.0016370899999999988,0.0016758266666666718
0.416,0.0005527,0.0006395,0.000683,0.0007503,0.0008487,0.0009378,0.001011,0.00108,0.001021,0.001224,0.001314,0.001382,0.001462,0.001483,0.001566,0.001636,0.001675,0.0014840366666666706,0.001565993333333339,0.0016361900000000074,0.0016750766666666643
0.42,0.0005518,0.000637,0.0006808,0.0007477,0.0008443,0.0009342,0.001007,0.001076,0.001016,0.001221,0.001311,0.001379,0.00146,0.001479,0.001564,0.001635,0.001674,0.0014801466666666705,0.0015636933333333387,0.0016345800000000011,0.0016736766666666702
0.424,0.0005509,0.0006344,0.0006788,0.0007448,0.0008403,0.00093,0.001003,0.001071,0.00101,0.001217,0.001307,0.001375,0.001456,0.001474,0.001561,0.001632,0.001672,0.0014739299999999948,0.0015592799999999954,0.0016305033333333396,0.0016705600000000021
0.428,0.00055,0.0006317,0.0006768,0.0007419,0.0008368,0.0009251,0.0009976,0.001065,0.001003,0.001212,0.001303,0.001369,0.001452,0.001469,0.001557,0.001628,0.001669,0.0014701899999999964,0.0015567933333333257,0.0016282033333333396,0.0016688799999999943
0.432,0.0005492,0.0006289,0.0006745,0.0007389,0.0008332,0.0009198,0.0009918,0.001059,0.0009964,0.001207,0.001297,0.001363,0.001446,0.001463,0.001552,0.001624,0.001664,0.0014638333333333283,0.0015503799999999986,0.0016236700000000033,0.0016643899999999993
0.436,0.0005483,0.0006258,0.0006723,0.0007358,0.0008293,0.0009141,0.0009853,0.001052,0.0009891,0.0012,0.001291,0.001355,0.00144,0.001457,0.001545,0.001618,0.001659,0.0014571499999999932,0.0015436733333333372,0.0016173866666666684,0.0016585800000000041
0.44,0.0005477,0.0006229,0.0006701,0.0007327,0.0008264,0.0009083,0.0009787,0.001044,0.0009817,0.001192,0.001283,0.001347,0.001432,0.001449,0.001538,0.001611,0.001652,0.001450169999999996,0.0015369399999999992,0.0016106966666666594,0.001652049999999994
0.444,0.0005472,0.0006201,0.0006678,0.0007296,0.0008207,0.0009025,0.000972,0.001037,0.0009742,0.001184,0.001275,0.001337,0.001424,0.001441,0.001529,0.001602,0.001644,0.0014424466666666704,0.0015289033333333356,0.001603219999999996,0.0016453733333333291
0.448,0.0005468,0.0006171,0.0006656,0.0007266,0.0008152,0.0008969,0.0009653,0.001029,0.0009668,0.001175,0.001267,0.001327,0.001415,0.001432,0.00152,0.001593,0.001634,0.0014351566666666621,0.0015213100000000053,0.001596816666666671,0.0016389900000000064
0.452,0.0005465,0.0006143,0.0006636,0.0007237,0.0008101,0.0008914,0.0009587,0.00102,0.0009595,0.001166,0.001258,0.001317,0.001406,0.001424,0.00151,0.001583,0.001624,0.0014290399999999956,0.0015135200000000028,0.0015915200000000006,0.0016346300000000037
0.456,0.0005463,0.0006116,0.0006617,0.000721,0.0008054,0.000886,0.000952,0.001012,0.0009525,0.001157,0.001249,0.001307,0.001396,0.001415,0.001499,0.001573,0.001614,0.001419526666666666,0.0015021633333333257,0.001579566666666664,0.001621900000000004
0.46,0.0005461,0.0006091,0.0006602,0.0007185,0.0008017,0.0008808,0.0009452,0.001004,0.000946,0.001148,0.001241,0.001297,0.001387,0.001406,0.001488,0.001562,0.001603,0.0014113666666666698,0.0014910599999999937,0.0015685300000000024,0.0016103433333333381
0.464,0.0005461,0.0006075,0.0006587,0.0007161,0.0007999,0.0008758,0.0009387,0.0009962,0.00094,0.00114,0.001232,0.001288,0.001378,0.001398,0.001478,0.001552,0.001592,0.001402200000000003,0.0014777599999999944,0.0015538833333333332,0.0015941299999999998
0.468,0.0005461,0.0006065,0.0006573,0.0007138,0.0007971,0.0008709,0.0009325,0.0009889,0.0009345,0.001131,0.001224,0.001279,0.001369,0.001389,0.001467,0.001541,0.00158,0.0013940333333333278,0.0014679666666666629,0.0015440966666666694,0.0015836100000000087
0.472,0.0005461,0.0006056,0.0006559,0.0007111,0.0007927,0.0008663,0.0009266,0.0009822,0.0009296,0.001123,0.001216,0.00127,0.00136,0.001381,0.001457,0.001531,0.00157,0.0013860466666666689,0.0014585066666666603,0.0015341666666666694,0.0015732233333333372
0.476,0.0005461,0.0006049,0.0006544,0.0007086,0.0007879,0.0008621,0.0009213,0.0009759,0.0009251,0.001116,0.001209,0.001262,0.001351,0.001374,0.001447,0.001521,0.001559,0.0013787966666666597,0.0014482666666666612,0.0015236433333333324,0.0015618666666666634
0.48,0.0005462,0.0006038,0.0006526,0.0007067,0.000784,0.000858,0.0009164,0.0009702,0.000921,0.001109,0.001202,0.001254,0.001343,0.001366,0.001437,0.001512,0.001549,0.0013699366666666626,0.00143557666666667,0.001511113333333338,0.001548243333333337
0.484,0.0005465,0.0006027,0.0006511,0.0007053,0.0007816,0.0008543,0.000912,0.0009648,0.0009174,0.001103,0.001195,0.001247,0.001336,0.00136,0.001429,0.001503,0.00154,0.0013619566666666692,0.001426346666666671,0.001501639999999997,0.0015385766666666655
0.488,0.0005468,0.0006019,0.0006503,0.0007042,0.0007788,0.0008511,0.0009078,0.0009599,0.0009143,0.001096,0.001189,0.00124,0.001329,0.001353,0.00142,0.001495,0.001531,0.0013553466666666625,0.0014181233333333291,0.0014937466666666724,0.0015300033333333354
0.492,0.0005471,0.0006014,0.0006499,0.0007035,0.0007775,0.000848,0.0009041,0.0009555,0.0009115,0.001091,0.001184,0.001234,0.001322,0.001347,0.001413,0.001487,0.001523,0.001347779999999996,0.0014104033333333323,0.0014849266666666695,0.001520906666666666
0.496,0.0005475,0.0006005,0.00065,0.0007025,0.0007747,0.0008452,0.0009006,0.0009514,0.000909,0.001086,0.001178,0.001228,0.001316,0.001342,0.001406,0.00148,0.001516,0.0013416433333333373,0.0014042533333333356,0.0014786299999999966,0.0015146366666666693
0.5,0.0005476,0.0005997,0.0006498,0.0007014,0.0007714,0.0008427,0.0008974,0.0009476,0.0009068,0.001081,0.001173,0.001223,0.001311,0.001336,0.001399,0.001473,0.001509,0.0013374466666666693,0.0013983566666666647,0.00147273,0.0015085699999999977
0.504,0.0005475,0.0005991,0.0006491,0.0007003,0.0007704,0.0008403,0.0008944,0.0009442,0.0009047,0.001077,0.001169,0.001218,0.001305,0.001331,0.001393,0.001467,0.001502,0.001332956666666673,0.001393839999999996,0.0014678399999999974,0.0015029933333333342
0.508,0.0005476,0.0005988,0.0006483,0.0006992,0.0007677,0.0008381,0.0008916,0.0009409,0.0009027,0.001072,0.001164,0.001213,0.0013,0.001326,0.001387,0.001461,0.001496,0.001327263333333331,0.0013867966666666729,0.0014609199999999951,0.0014959233333333318
0.512,0.0005478,0.0005987,0.0006476,0.000698,0.0007648,0.000836,0.0008889,0.0009379,0.0009008,0.001068,0.00116,0.001208,0.001295,0.001322,0.001382,0.001455,0.00149,0.0013230766666666649,0.0013798599999999969,0.0014534766666666648,0.0014880799999999958
0.516,0.0005482,0.0005987,0.0006468,0.0006971,0.0007637,0.0008339,0.0008865,0.000935,0.0008992,0.001065,0.001156,0.001204,0.001291,0.001317,0.001376,0.00145,0.001484,0.0013189233333333384,0.0013757633333333283,0.0014498200000000025,0.0014839299999999977
0.52,0.0005487,0.0005984,0.000646,0.0006962,0.0007638,0.000832,0.0008842,0.0009322,0.0008976,0.001061,0.001153,0.0012,0.001287,0.001313,0.001371,0.001445,0.001479,0.001314033333333338,0.0013704766666666696,0.0014442666666666625,0.001478020000000003
0.524,0.0005492,0.0005982,0.0006455,0.0006953,0.0007628,0.0008303,0.0008821,0.0009297,0.0008962,0.001058,0.001149,0.001197,0.001282,0.001309,0.001367,0.00144,0.001473,0.001309770000000003,0.0013660833333333344,0.001439339999999999,0.0014724900000000038
0.528,0.0005495,0.0005979,0.0006451,0.0006945,0.0007614,0.0008285,0.00088,0.0009273,0.0008949,0.001055,0.001146,0.001193,0.001279,0.001305,0.001362,0.001435,0.001468,0.0013067133333333348,0.0013615433333333293,0.0014344333333333363,0.001467420000000006
0.532,0.0005498,0.0005976,0.0006448,0.0006937,0.0007589,0.0008268,0.0008779,0.000925,0.0008935,0.001052,0.001142,0.001189,0.001275,0.001302,0.001358,0.00143,0.001463,0.0013034400000000062,0.0013575933333333393,0.0014295999999999966,0.0014625033333333327
0.536,0.0005499,0.0005973,0.0006444,0.0006928,0.0007571,0.0008253,0.0008758,0.0009226,0.0008922,0.001049,0.001139,0.001186,0.001271,0.001298,0.001354,0.001425,0.001458,0.0012997800000000047,0.0013541066666666712,0.001425520000000004,0.0014583433333333346
0.54,0.0005499,0.000597,0.0006439,0.0006921,0.0007549,0.0008237,0.0008738,0.0009203,0.0008911,0.001046,0.001136,0.001183,0.001267,0.001294,0.001349,0.001421,0.001453,0.001295710000000002,0.0013491999999999968,0.0014209333333333356,0.0014531766666666635
0.544,0.00055,0.0005968,0.0006435,0.0006914,0.0007546,0.0008221,0.0008719,0.000918,0.0008901,0.001043,0.001132,0.001179,0.001264,0.001291,0.001345,0.001416,0.001449,0.0012910933333333268,0.001344256666666664,0.0014154533333333274,0.0014481533333333284
0.548,0.0005502,0.0005967,0.000643,0.0006907,0.0007546,0.0008205,0.0008702,0.0009159,0.0008893,0.00104,0.001129,0.001176,0.00126,0.001287,0.001341,0.001412,0.001444,0.0012877999999999972,0.001340406666666662,0.0014115400000000052,0.0014436766666666655
0.552,0.0005503,0.0005965,0.0006425,0.0006899,0.0007525,0.000819,0.0008685,0.0009138,0.0008884,0.001038,0.001126,0.001173,0.001257,0.001284,0.001337,0.001408,0.00144,0.001285983333333335,0.001337689999999994,0.0014088166666666722,0.0014408799999999983
0.556,0.0005506,0.0005962,0.0006421,0.0006891,0.000751,0.0008176,0.0008667,0.0009118,0.0008876,0.001035,0.001123,0.00117,0.001253,0.001281,0.001333,0.001403,0.001435,0.0012813266666666632,0.0013326399999999926,0.001402723333333328,0.0014346533333333368
0.56,0.0005507,0.000596,0.0006415,0.0006882,0.0007506,0.0008162,0.0008648,0.0009096,0.0008867,0.001032,0.001121,0.001168,0.00125,0.001278,0.00133,0.001399,0.001431,0.0012782299999999998,0.0013289333333333304,0.0013981566666666622,0.0014299600000000023
0.564,0.0005507,0.0005958,0.0006411,0.0006875,0.0007508,0.0008148,0.000863,0.0009077,0.0008858,0.00103,0.001118,0.001165,0.001247,0.001274,0.001326,0.001395,0.001426,0.0012742699999999984,0.0013253566666666635,0.0013942133333333282,0.0014253499999999965
0.568,0.0005508,0.0005958,0.0006407,0.0006868,0.0007509,0.0008133,0.0008613,0.0009058,0.0008851,0.001027,0.001115,0.001162,0.001243,0.001271,0.001323,0.001391,0.001422,0.001271016666666668,0.001322223333333336,0.0013903933333333312,0.001421403333333328
0.572,0.0005509,0.0005958,0.0006403,0.000686,0.0007508,0.0008119,0.0008596,0.0009038,0.0008843,0.001025,0.001112,0.001159,0.00124,0.001268,0.001319,0.001387,0.001418,0.0012684233333333304,0.0013191466666666687,0.001387140000000006,0.0014181266666666607
0.576,0.0005511,0.0005957,0.0006399,0.0006853,0.0007496,0.0008105,0.000858,0.0009019,0.0008837,0.001022,0.00111,0.001157,0.001237,0.001265,0.001316,0.001383,0.001414,0.0012662566666666677,0.0013157999999999987,0.001383173333333339,0.0014140133333333394
0.58,0.0005513,0.0005956,0.0006395,0.0006846,0.0007468,0.0008091,0.0008565,0.0009,0.000883,0.00102,0.001107,0.001154,0.001234,0.001262,0.001313,0.00138,0.00141,0.0012621200000000005,0.0013120566666666696,0.001379089999999997,0.0014093533333333372
0.584,0.0005515,0.0005954,0.000639,0.0006839,0.0007451,0.0008078,0.000855,0.0008982,0.0008822,0.001018,0.001104,0.001151,0.001231,0.001259,0.001309,0.001376,0.001407,0.00125860666666667,0.0013081333333333348,0.0013752799999999959,0.0014060166666666613
0.588,0.0005516,0.0005953,0.0006386,0.0006832,0.000747,0.0008066,0.0008535,0.0008966,0.0008815,0.001015,0.001102,0.001149,0.001228,0.001256,0.001306,0.001373,0.001403,0.0012570466666666634,0.0013058533333333289,0.0013731966666666714,0.0014034633333333268
0.592,0.0005517,0.0005952,0.000638,0.0006826,0.0007443,0.0008053,0.000852,0.000895,0.0008809,0.001013,0.001099,0.001146,0.001226,0.001253,0.001303,0.001369,0.001399,0.0012538200000000008,0.001303039999999999,0.0013692900000000035,0.0013993666666666637
0.596,0.0005519,0.0005953,0.0006375,0.0006817,0.0007424,0.000804,0.0008506,0.0008932,0.0008804,0.001011,0.001097,0.001144,0.001223,0.00125,0.0013,0.001366,0.001396,0.0012513099999999966,0.0013004033333333365,0.00136597333333333,0.001395946666666669
0.6,0.000552,0.0005952,0.0006369,0.0006809,0.0007411,0.0008026,0.0008491,0.0008916,0.0008799,0.001009,0.001094,0.001142,0.00122,0.001248,0.001297,0.001362,0.001392,0.0012494366666666716,0.0012977333333333318,0.001362039999999994,0.0013919266666666686
0.604,0.0005521,0.0005951,0.0006364,0.0006802,0.0007388,0.0008013,0.0008477,0.0008899,0.0008794,0.001007,0.001092,0.001139,0.001218,0.001245,0.001294,0.001359,0.001389,0.0012453266666666658,0.0012935200000000018,0.00135838,0.0013882866666666605
0.608,0.0005522,0.000595,0.0006359,0.0006795,0.0007373,0.0008,0.0008463,0.0008884,0.0008789,0.001005,0.00109,0.001137,0.001215,0.001242,0.001291,0.001356,0.001386,0.0012420766666666695,0.0012904733333333298,0.0013553866666666699,0.0013851166666666638
0.612,0.0005521,0.0005949,0.0006354,0.0006788,0.0007384,0.0007988,0.000845,0.0008868,0.0008784,0.001003,0.001088,0.001135,0.001212,0.00124,0.001288,0.001353,0.001382,0.0012402933333333357,0.0012882966666666702,0.0013532666666666643,0.0013824599999999968
0.616,0.000552,0.0005948,0.0006349,0.0006781,0.0007368,0.0007977,0.0008436,0.0008854,0.0008778,0.001001,0.001085,0.001132,0.00121,0.001237,0.001285,0.00135,0.001379,0.001236829999999995,0.001284086666666664,0.0013492666666666678,0.001378346666666669
0.62,0.000552,0.0005947,0.0006344,0.0006774,0.0007358,0.0007967,0.0008423,0.0008839,0.0008772,0.0009991,0.001083,0.00113,0.001207,0.001235,0.001282,0.001347,0.001376,0.001234843333333328,0.0012812100000000012,0.0013463599999999952,0.0013754533333333297
0.624,0.0005519,0.0005945,0.0006338,0.0006768,0.0007363,0.0007955,0.0008411,0.0008825,0.0008764,0.0009972,0.001081,0.001128,0.001205,0.001232,0.001279,0.001344,0.001373,0.001232580000000004,0.0012792733333333273,0.001343913333333336,0.0013729300000000038
0.628,0.0005518,0.0005944,0.0006332,0.000676,0.0007366,0.0007943,0.0008398,0.0008811,0.0008758,0.0009959,0.001079,0.001126,0.001202,0.00123,0.001277,0.001341,0.00137,0.0012301666666666713,0.0012769466666666604,0.0013409866666666643,0.0013700199999999985
0.632,0.0005517,0.0005942,0.0006327,0.0006753,0.0007353,0.0007931,0.0008385,0.0008797,0.0008749,0.0009944,0.001077,0.001124,0.0012,0.001228,0.001275,0.001338,0.001367,0.0012279300000000027,0.0012748300000000018,0.0013381466666666675,0.0013671800000000006
0.636,0.0005518,0.000594,0.0006322,0.0006745,0.0007331,0.0007919,0.0008372,0.0008783,0.0008742,0.0009926,0.001074,0.001122,0.001198,0.001225,0.001272,0.001335,0.001364,0.0012258666666666626,0.0012722299999999968,0.0013349999999999946,0.0013640166666666613
0.64,0.0005518,0.0005939,0.0006315,0.0006737,0.0007309,0.0007908,0.0008358,0.0008769,0.0008734,0.0009906,0.001072,0.00112,0.001195,0.001223,0.00127,0.001332,0.001361,0.0012239233333333293,0.0012701766666666627,0.0013320499999999991,0.0013610233333333332
0.644,0.0005517,0.0005936,0.0006308,0.000673,0.0007284,0.0007896,0.0008344,0.0008754,0.0008724,0.0009886,0.00107,0.001118,0.001193,0.001221,0.001267,0.001329,0.001358,0.00122100666666667,0.0012666900000000002,0.00132857666666667,0.0013575000000000045
0.648,0.0005516,0.0005931,0.0006301,0.0006723,0.0007281,0.0007884,0.000833,0.000874,0.0008717,0.0009864,0.001069,0.001116,0.001191,0.001218,0.001264,0.001326,0.001355,0.001218129999999998,0.0012638933333333291,0.0013257666666666636,0.001354496666666666
0.652,0.0005514,0.0005927,0.0006295,0.0006715,0.0007268,0.0007872,0.0008317,0.0008726,0.0008707,0.0009847,0.001066,0.001114,0.001188,0.001216,0.001262,0.001324,0.001352,0.0012157999999999971,0.0012614799999999986,0.0013234733333333303,0.0013516566666666686
0.656,0.000551,0.0005923,0.0006288,0.0006708,0.0007247,0.000786,0.0008305,0.0008711,0.0008698,0.0009832,0.001064,0.001111,0.001186,0.001214,0.00126,0.001321,0.001349,0.0012136433333333316,0.0012592666666666654,0.0013205466666666677,0.001348619999999997
0.66,0.0005508,0.0005919,0.0006282,0.0006698,0.0007235,0.0007848,0.0008292,0.0008697,0.0008688,0.0009816,0.001062,0.001109,0.001184,0.001211,0.001257,0.001318,0.001346,0.0012115366666666687,0.0012569133333333357,0.00131811,0.0013461500000000047
0.664,0.0005506,0.0005917,0.0006275,0.000669,0.0007231,0.0007836,0.000828,0.0008682,0.0008679,0.00098,0.00106,0.001107,0.001181,0.001209,0.001254,0.001315,0.001343,0.001209246666666669,0.0012539699999999966,0.0013150433333333372,0.0013430566666666642
0.668,0.0005503,0.0005915,0.0006269,0.0006682,0.0007249,0.0007825,0.0008266,0.0008669,0.0008672,0.0009783,0.001059,0.001105,0.001179,0.001207,0.001252,0.001313,0.001341,0.0012072966666666735,0.0012519933333333278,0.0013127366666666688,0.0013406966666666632
0.672,0.0005501,0.0005913,0.0006263,0.0006676,0.0007255,0.0007815,0.0008254,0.0008657,0.0008667,0.0009765,0.001057,0.001104,0.001177,0.001205,0.00125,0.00131,0.001338,0.0012046466666666732,0.0012493933333333294,0.0013096733333333285,0.0013374500000000007
0.676,0.00055,0.0005911,0.0006258,0.0006671,0.000724,0.0007805,0.0008243,0.0008644,0.0008662,0.0009748,0.001056,0.001102,0.001175,0.001203,0.001248,0.001308,0.001335,0.0012032966666666721,0.0012480100000000058,0.0013082833333333268,0.001335473333333327
0.68,0.0005498,0.0005911,0.0006251,0.0006664,0.0007219,0.0007796,0.0008233,0.0008632,0.0008658,0.0009735,0.001054,0.0011,0.001173,0.001201,0.001245,0.001306,0.001333,0.0012010933333333378,0.0012451799999999992,0.0013061899999999957,0.001333346666666661
0.684,0.0005496,0.0005909,0.0006248,0.0006657,0.0007195,0.0007786,0.0008224,0.000862,0.0008653,0.0009721,0.001052,0.001098,0.001171,0.001199,0.001244,0.001304,0.001331,0.0011991766666666708,0.0012438166666666707,0.0013040300000000066,0.0013310933333333388
0.688,0.0005495,0.0005909,0.0006244,0.0006651,0.0007182,0.0007777,0.0008215,0.000861,0.0008648,0.0009708,0.00105,0.001097,0.00117,0.001197,0.001242,0.001302,0.001329,0.0011975366666666693,0.0012422466666666707,0.0013022533333333407,0.0013292833333333398
0.692,0.0005494,0.0005907,0.0006238,0.0006645,0.0007183,0.0007769,0.0008206,0.0008604,0.0008649,0.0009696,0.001049,0.001095,0.001168,0.001195,0.00124,0.0013,0.001327,0.00119523,0.00123964666666667,0.0012997466666666727,0.001326833333333339
0.696,0.0005494,0.0005908,0.0006233,0.000664,0.0007176,0.0007763,0.0008199,0.0008598,0.0008653,0.0009687,0.001048,0.001094,0.001166,0.001194,0.001238,0.001298,0.001325,0.0011938266666666622,0.0012378100000000004,0.001297656666666671,0.0013246833333333385
0.7,0.0005494,0.0005908,0.0006229,0.0006636,0.0007172,0.0007759,0.0008193,0.0008593,0.0008659,0.0009679,0.001047,0.001094,0.001165,0.001193,0.001237,0.001296,0.001323,0.0011930133333333329,0.0012367833333333288,0.0012962066666666696,0.0013232400000000029
0.704,0.0005494,0.0005912,0.0006225,0.0006634,0.000717,0.0007755,0.0008191,0.0008588,0.0008666,0.0009671,0.001046,0.001093,0.001164,0.001192,0.001235,0.001295,0.001322,0.0011920133333333373,0.0012352299999999962,0.001295169999999998,0.0013221799999999975
0.708,0.0005496,0.0005915,0.0006225,0.0006633,0.0007156,0.0007754,0.000819,0.0008587,0.0008676,0.0009665,0.001045,0.001092,0.001163,0.001191,0.001234,0.001294,0.001321,0.0011908900000000007,0.0012341533333333396,0.0012941433333333362,0.0013210800000000016
0.712,0.0005497,0.0005923,0.0006225,0.0006634,0.000715,0.0007754,0.0008191,0.0008589,0.0008689,0.0009662,0.001045,0.001092,0.001162,0.00119,0.001234,0.001294,0.001321,0.001190183333333338,0.0012340500000000076,0.0012940500000000034,0.0013208600000000014
0.716,0.00055,0.0005931,0.0006227,0.0006634,0.0007154,0.0007757,0.0008195,0.0008595,0.0008709,0.0009663,0.001045,0.001092,0.001162,0.00119,0.001234,0.001294,0.00132,0.0011902066666666712,0.0012340466666666745,0.00129404666666667,0.0013204499999999965
0.72,0.0005505,0.0005944,0.0006232,0.0006636,0.0007146,0.0007763,0.0008201,0.0008603,0.0008732,0.0009667,0.001045,0.001092,0.001162,0.001191,0.001234,0.001294,0.001321,0.0011909266666666656,0.0012340900000000078,0.001294083333333337,0.001321016666666669
0.724,0.0005512,0.0005959,0.0006238,0.000664,0.0007153,0.0007772,0.0008209,0.0008613,0.0008762,0.0009673,0.001045,0.001093,0.001162,0.001191,0.001234,0.001294,0.001321,0.0011911399999999987,0.0012342500000000062,0.0012942400000000027,0.0013212666666666695
0.728,0.0005523,0.000598,0.0006246,0.0006649,0.0007154,0.0007786,0.0008223,0.0008628,0.0008799,0.0009682,0.001046,0.001095,0.001163,0.001192,0.001235,0.001295,0.001323,0.0011923600000000039,0.0012353233333333294,0.0012954566666666639,0.0013232233333333372
0.732,0.0005537,0.0006004,0.0006258,0.000666,0.000715,0.0007804,0.0008241,0.0008649,0.0008843,0.0009697,0.001047,0.001096,0.001164,0.001194,0.001236,0.001297,0.001325,0.0011938866666666628,0.0012363433333333334,0.0012971099999999978,0.001324940000000005
0.736,0.0005555,0.0006036,0.0006273,0.0006675,0.0007168,0.0007827,0.0008267,0.0008678,0.0008898,0.0009716,0.001049,0.001099,0.001166,0.001196,0.001238,0.0013,0.001328,0.0011959999999999957,0.0012383566666666684,0.0012999466666666713,0.0013277966666666668
0.74,0.0005576,0.0006074,0.0006291,0.0006693,0.00072,0.0007855,0.0008298,0.0008712,0.0008964,0.0009741,0.001052,0.001102,0.001168,0.001199,0.001241,0.001304,0.001332,0.0011990800000000032,0.0012414266666666645,0.0013038433333333408,0.0013316966666666666
0.744,0.0005601,0.000612,0.0006314,0.0006716,0.0007222,0.0007891,0.0008337,0.0008755,0.0009041,0.0009773,0.001055,0.001106,0.001171,0.001203,0.001245,0.001309,0.001337,0.0012030400000000042,0.0012455333333333306,0.0013086366666666693,0.0013365666666666626
0.748,0.0005632,0.0006173,0.0006342,0.0006744,0.0007264,0.0007932,0.0008382,0.0008806,0.0009133,0.0009811,0.001059,0.001111,0.001175,0.001208,0.00125,0.001314,0.001343,0.0012085633333333292,0.0012511233333333282,0.0013146466666666633,0.00134332333333333
0.752,0.000567,0.0006236,0.0006376,0.0006778,0.0007293,0.0007982,0.0008436,0.0008866,0.0009238,0.0009856,0.001063,0.001117,0.00118,0.001214,0.001255,0.001322,0.001351,0.0012150266666666654,0.0012571600000000015,0.001322759999999996,0.0013518533333333309
0.756,0.0005713,0.0006308,0.0006416,0.0006817,0.0007322,0.0008039,0.0008499,0.0008936,0.0009356,0.0009912,0.001069,0.001124,0.001185,0.001221,0.001262,0.00133,0.001361,0.0012215666666666723,0.0012637499999999997,0.0013305366666666646,0.0013608966666666669
0.76,0.0005763,0.0006394,0.0006463,0.0006863,0.0007359,0.0008106,0.0008573,0.0009017,0.0009489,0.0009977,0.001075,0.001132,0.001192,0.00123,0.001271,0.001341,0.001372,0.0012301900000000027,0.0012721000000000026,0.0013406033333333296,0.0013712266666666654
0.764,0.0005817,0.0006491,0.0006513,0.0006914,0.0007402,0.0008181,0.0008657,0.0009109,0.0009635,0.001005,0.001083,0.001141,0.0012,0.001239,0.00128,0.001353,0.001385,0.001242146666666664,0.0012849966666666688,0.001355876666666664,0.0013873833333333384
0.768,0.0005878,0.00066,0.0006569,0.0006972,0.0007443,0.0008266,0.0008752,0.0009214,0.0009798,0.001014,0.001091,0.001152,0.001209,0.001251,0.001292,0.001367,0.0014,0.0012512600000000008,0.0012940200000000012,0.0013663266666666684,0.0013985166666666724
0.772,0.0005945,0.0006715,0.0006633,0.0007037,0.0007531,0.0008361,0.0008855,0.0009329,0.0009976,0.001024,0.001101,0.001165,0.00122,0.001264,0.001305,0.001384,0.001418,0.001265129999999994,0.0013075499999999993,0.0013833033333333323,0.0014164899999999946
0.776,0.0006015,0.0006837,0.00067,0.0007106,0.0007618,0.0008464,0.0008968,0.0009454,0.001017,0.001034,0.001112,0.001178,0.001231,0.001279,0.00132,0.001402,0.001438,0.0012789133333333275,0.001321679999999995,0.0014007033333333348,0.0014356666666666632
0.78,0.0006087,0.0006962,0.0006771,0.0007178,0.0007717,0.0008572,0.0009089,0.0009588,0.001036,0.001046,0.001124,0.001193,0.001245,0.001295,0.001337,0.001422,0.00146,0.001297633333333328,0.001340609999999994,0.001423909999999995,0.0014611566666666695
0.784,0.0006155,0.0007089,0.000684,0.0007251,0.0007803,0.0008683,0.0009217,0.0009727,0.001056,0.001058,0.001137,0.001209,0.001259,0.001312,0.001355,0.001445,0.001485,0.0013129333333333293,0.0013572866666666631,0.0014438666666666607,0.0014825366666666685
0.788,0.0006218,0.0007209,0.0006906,0.0007321,0.0007895,0.0008793,0.0009346,0.0009868,0.001076,0.001071,0.00115,0.001226,0.001273,0.00133,0.001374,0.001468,0.00151,0.0013331333333333317,0.0013764233333333268,0.0014657033333333386,0.001505720000000005
0.792,0.0006273,0.0007321,0.0006969,0.0007389,0.0007969,0.0008902,0.0009472,0.001001,0.001096,0.001085,0.001164,0.001243,0.001289,0.001349,0.001395,0.001494,0.001538,0.0013526299999999955,0.0013987733333333285,0.0014947399999999979,0.0015377099999999994
0.796,0.0006319,0.000742,0.0007026,0.0007454,0.0008056,0.0009007,0.0009596,0.001015,0.001115,0.001098,0.001178,0.00126,0.001305,0.001369,0.001417,0.00152,0.001566,0.001373516666666669,0.0014181233333333343,0.0015166300000000036,0.001560950000000006
0.8,0.0006353,0.0007501,0.0007074,0.0007513,0.0008134,0.0009102,0.0009711,0.001027,0.001132,0.001112,0.001192,0.001277,0.001321,0.001389,0.001439,0.001546,0.001595,0.0013909366666666617,0.0014380166666666712,0.0015398066666666636,0.0015864633333333399
0.804,0.0006374,0.0007562,0.0007112,0.0007561,0.0008197,0.0009186,0.0009815,0.001039,0.001147,0.001125,0.001205,0.001294,0.001337,0.001408,0.001461,0.001573,0.001625,0.0014067700000000038,0.00145962333333333,0.0015688133333333295,0.0016195399999999942
0.808,0.0006381,0.0007599,0.0007139,0.0007597,0.000828,0.0009256,0.0009903,0.00105,0.00116,0.001137,0.001218,0.001309,0.001353,0.001427,0.001483,0.001599,0.001654,0.0014209833333333382,0.0014759766666666712,0.0015856433333333365,0.0016370899999999945
0.812,0.0006375,0.0007612,0.0007153,0.000762,0.000835,0.0009309,0.0009973,0.001058,0.001171,0.001147,0.00123,0.001323,0.001367,0.001444,0.001504,0.001625,0.001682,0.0014387600000000014,0.0014967800000000038,0.0016109533333333278,0.0016646933333333358
0.816,0.0006356,0.0007599,0.0007155,0.000763,0.0008394,0.0009343,0.001002,0.001065,0.001178,0.001157,0.00124,0.001335,0.001381,0.00146,0.001524,0.001648,0.001708,0.00145595666666667,0.0015184300000000068,0.0016367933333333287,0.0016939233333333281
0.82,0.0006327,0.0007567,0.0007147,0.0007629,0.000842,0.0009357,0.001005,0.001069,0.001182,0.001165,0.001248,0.001345,0.001392,0.001473,0.001542,0.001669,0.001731,0.0014693100000000017,0.001536536666666663,0.0016573899999999951,0.001716713333333328
0.824,0.0006293,0.0007516,0.0007131,0.0007621,0.0008421,0.0009357,0.001007,0.001072,0.001184,0.001171,0.001255,0.001352,0.001401,0.001485,0.001558,0.001688,0.001752,0.001480926666666668,0.001551523333333335,0.0016757533333333393,0.0017372566666666593
0.828,0.0006256,0.0007453,0.0007108,0.0007605,0.0008386,0.0009342,0.001006,0.001072,0.001182,0.001176,0.001259,0.001357,0.001409,0.001494,0.001571,0.001703,0.001769,0.0014923633333333308,0.001569536666666662,0.001698980000000005,0.0017643166666666715
0.832,0.0006219,0.0007382,0.0007083,0.0007583,0.0008357,0.0009316,0.001004,0.001071,0.001179,0.001179,0.001262,0.00136,0.001414,0.0015,0.001582,0.001715,0.001783,0.0015003733333333327,0.001583659999999992,0.001715843333333339,0.0017839899999999949
0.836,0.0006185,0.0007308,0.0007054,0.0007559,0.0008337,0.0009281,0.001001,0.001068,0.001174,0.001181,0.001264,0.00136,0.001418,0.001505,0.00159,0.001724,0.001793,0.0015049466666666616,0.0015913799999999977,0.0017252033333333327,0.00179485
0.84,0.0006152,0.0007235,0.0007027,0.0007532,0.0008315,0.0009239,0.000997,0.001065,0.001167,0.001181,0.001265,0.001358,0.001421,0.001507,0.001595,0.001729,0.0018,0.0015061366666666636,0.0015947800000000072,0.0017284733333333276,0.0017992866666666758
0.844,0.0006124,0.0007168,0.0007003,0.0007507,0.0008298,0.0009195,0.0009923,0.00106,0.00116,0.00118,0.001264,0.001355,0.001421,0.001506,0.001597,0.001731,0.001802,0.0015048700000000028,0.0015954400000000055,0.0017290466666666636,0.0017999833333333414
0.848,0.0006099,0.0007106,0.0006981,0.0007484,0.0008261,0.0009151,0.0009873,0.001055,0.001153,0.001178,0.001262,0.00135,0.00142,0.001504,0.001597,0.00173,0.001802,0.0015016233333333365,0.0015933200000000035,0.0017249733333333376,0.0017957666666666731
0.852,0.0006077,0.0007051,0.0006962,0.0007464,0.000821,0.0009108,0.0009823,0.00105,0.001144,0.001177,0.00126,0.001345,0.001417,0.0015,0.001594,0.001726,0.001797,0.001498036666666669,0.0015908633333333296,0.0017216500000000032,0.001792019999999999
0.856,0.0006058,0.0007001,0.0006945,0.0007446,0.0008157,0.0009069,0.0009775,0.001045,0.001136,0.001174,0.001257,0.001338,0.001414,0.001495,0.00159,0.00172,0.001791,0.0014933033333333384,0.0015870233333333268,0.0017163400000000002,0.0017866133333333263
0.86,0.0006044,0.0006956,0.0006934,0.0007432,0.0008132,0.0009032,0.0009731,0.00104,0.001128,0.001172,0.001254,0.001331,0.00141,0.00149,0.001584,0.001712,0.001782,0.0014879899999999968,0.001580863333333327,0.0017078866666666633,0.0017768699999999992
0.864,0.0006033,0.0006916,0.0006925,0.0007421,0.0008114,0.0009,0.0009689,0.001035,0.001121,0.001169,0.001251,0.001325,0.001406,0.001484,0.001578,0.001704,0.001772,0.001481429999999996,0.0015742500000000047,0.0016990533333333272,0.001766343333333333
0.868,0.0006024,0.0006882,0.0006921,0.0007415,0.0008103,0.0008973,0.0009652,0.00103,0.001114,0.001167,0.001248,0.001318,0.001402,0.001478,0.001571,0.001694,0.001761,0.0014757266666666595,0.0015673399999999941,0.0016894633333333258,0.001755446666666672
0.872,0.0006019,0.000685,0.000692,0.000741,0.0008087,0.0008948,0.0009619,0.001026,0.001107,0.001164,0.001246,0.001312,0.001398,0.001472,0.001563,0.001684,0.001749,0.00147044666666666,0.0015604166666666613,0.0016806666666666715,0.0017449633333333318
0.876,0.0006017,0.0006826,0.000692,0.0007409,0.0008075,0.0008929,0.000959,0.001023,0.0011,0.001162,0.001243,0.001306,0.001394,0.001466,0.001556,0.001674,0.001737,0.0014651000000000028,0.0015538966666666662,0.0016717066666666702,0.001734246666666659
0.88,0.0006018,0.0006804,0.0006921,0.0007409,0.0008074,0.0008911,0.0009563,0.00102,0.001095,0.00116,0.001241,0.0013,0.00139,0.001461,0.001548,0.001664,0.001725,0.0014601499999999967,0.0015467566666666633,0.0016623666666666665,0.0017229899999999917
0.884,0.0006021,0.0006784,0.0006926,0.0007411,0.000807,0.0008897,0.000954,0.001017,0.001089,0.001158,0.001239,0.001295,0.001387,0.001456,0.001541,0.001655,0.001714,0.0014548733333333373,0.0015388766666666672,0.001652493333333336,0.0017109999999999966
0.888,0.0006026,0.0006768,0.0006934,0.0007417,0.0008088,0.0008886,0.000952,0.001015,0.001084,0.001156,0.001238,0.00129,0.001384,0.001451,0.001534,0.001646,0.001703,0.001450243333333328,0.0015316666666666601,0.001643563333333326,0.0017001466666666703
0.892,0.0006032,0.0006756,0.0006944,0.0007426,0.000806,0.000888,0.0009506,0.001012,0.001079,0.001154,0.001236,0.001286,0.001381,0.001447,0.001528,0.001638,0.001693,0.0014458933333333283,0.001525949999999993,0.001635366666666659,0.0016900666666666675
0.896,0.0006042,0.0006746,0.0006957,0.0007437,0.0008017,0.0008874,0.0009496,0.00101,0.001074,0.001152,0.001234,0.001281,0.001378,0.001443,0.001522,0.00163,0.001684,0.0014418966666666726,0.0015200700000000053,0.0016271333333333397,0.0016804933333333368
0.9,0.0006055,0.0006747,0.0006971,0.000745,0.0008026,0.0008872,0.000949,0.001009,0.00107,0.001151,0.001233,0.001278,0.001376,0.00144,0.001516,0.001622,0.001675,0.0014384499999999989,0.0015140966666666708,0.0016194300000000083,0.0016714733333333305
0.904,0.0006071,0.0006748,0.0006987,0.0007466,0.0008036,0.0008873,0.0009486,0.001007,0.001067,0.001149,0.001231,0.001275,0.001373,0.001436,0.001511,0.001616,0.001666,0.0014347766666666646,0.0015088433333333316,0.0016130100000000065,0.0016627633333333332
0.908,0.0006089,0.0006754,0.0007005,0.0007485,0.0008075,0.0008877,0.0009486,0.001006,0.001064,0.001148,0.00123,0.001272,0.001371,0.001433,0.001506,0.001609,0.001658,0.001431830000000002,0.0015042633333333356,0.0016067166666666767,0.001655376666666665
0.912,0.000611,0.0006763,0.0007026,0.0007506,0.0008128,0.0008885,0.0009486,0.001005,0.001061,0.001147,0.001229,0.001269,0.001369,0.00143,0.001501,0.001603,0.001651,0.0014290966666666617,0.0014994399999999964,0.001600650000000007,0.0016483433333333377
0.916,0.0006132,0.0006775,0.000705,0.0007528,0.0008137,0.0008897,0.0009489,0.001005,0.001059,0.001146,0.001228,0.001267,0.001367,0.001427,0.001497,0.001597,0.001644,0.001427180000000002,0.0014962066666666714,0.001596390000000005,0.0016434633333333294
0.92,0.0006155,0.0006789,0.0007075,0.0007552,0.0008141,0.0008912,0.0009494,0.001004,0.001057,0.001145,0.001227,0.001265,0.001365,0.001424,0.001492,0.001591,0.001637,0.0014237766666666642,0.001491226666666664,0.0015901333333333376,0.0016360266666666657
0.924,0.000618,0.0006805,0.00071,0.0007578,0.000817,0.000893,0.0009501,0.001004,0.001056,0.001143,0.001226,0.001263,0.001364,0.001421,0.001488,0.001586,0.00163,0.001420546666666669,0.0014868566666666613,0.0015845233333333297,0.001628836666666672
0.928,0.0006205,0.0006823,0.0007128,0.0007605,0.0008185,0.0008949,0.0009511,0.001004,0.001055,0.001143,0.001226,0.001262,0.001362,0.001419,0.001484,0.00158,0.001624,0.001417983333333335,0.0014824799999999963,0.0015781866666666714,0.0016218966666666707
0.932,0.0006233,0.0006844,0.0007157,0.0007634,0.0008223,0.0008969,0.0009522,0.001005,0.001054,0.001142,0.001225,0.00126,0.001361,0.001416,0.00148,0.001575,0.001618,0.0014150733333333288,0.0014776066666666618,0.0015716199999999973,0.0016141066666666708
0.936,0.0006262,0.0006867,0.0007187,0.0007663,0.0008246,0.000899,0.0009537,0.001006,0.001053,0.001142,0.001225,0.001259,0.001359,0.001414,0.001476,0.00157,0.001612,0.0014134833333333387,0.0014753433333333284,0.0015688333333333344,0.0016106733333333346
0.94,0.0006293,0.0006893,0.0007218,0.0007695,0.0008278,0.0009012,0.0009553,0.001006,0.001053,0.001142,0.001224,0.001259,0.001358,0.001411,0.001473,0.001565,0.001606,0.0014112799999999987,0.0014724700000000005,0.00156436333333333,0.0016053999999999984
0.944,0.0006323,0.0006919,0.000725,0.0007728,0.0008307,0.0009037,0.000957,0.001008,0.001052,0.001142,0.001224,0.001258,0.001356,0.001409,0.00147,0.00156,0.0016,0.0014088899999999951,0.0014693933333333412,0.00155968,0.0015999299999999964
0.948,0.0006355,0.0006947,0.0007284,0.0007762,0.0008331,0.0009063,0.0009588,0.001009,0.001053,0.001142,0.001224,0.001258,0.001355,0.001407,0.001466,0.001555,0.001595,0.0014076199999999948,0.001466610000000006,0.0015557666666666588,0.001595750000000005
0.952,0.000639,0.0006976,0.000732,0.0007798,0.0008363,0.0009092,0.0009607,0.001011,0.001054,0.001142,0.001224,0.001257,0.001354,0.001405,0.001463,0.00155,0.001589,0.0014049766666666603,0.0014631833333333324,0.0015507933333333286,0.0015900500000000028
0.956,0.0006425,0.0007008,0.0007357,0.0007835,0.0008409,0.0009122,0.0009629,0.001012,0.001055,0.001142,0.001224,0.001258,0.001353,0.001403,0.00146,0.001546,0.001584,0.0014038566666666607,0.0014609566666666687,0.001547346666666663,0.0015858066666666608
0.96,0.0006461,0.0007042,0.0007396,0.0007873,0.0008461,0.0009152,0.0009654,0.001014,0.001056,0.001143,0.001224,0.001258,0.001353,0.001401,0.001457,0.001541,0.001579,0.0014023566666666655,0.0014585033333333296,0.0015433700000000016,0.0015816199999999963
0.964,0.0006499,0.0007078,0.0007436,0.0007914,0.0008517,0.0009184,0.0009682,0.001015,0.001057,0.001144,0.001225,0.001259,0.001352,0.0014,0.001454,0.001537,0.001574,0.0014001333333333382,0.0014546833333333375,0.001537583333333339,0.0015746766666666677
0.968,0.0006536,0.0007117,0.0007476,0.0007957,0.0008522,0.0009217,0.0009711,0.001018,0.001059,0.001145,0.001226,0.001259,0.001352,0.001398,0.001452,0.001533,0.001569,0.0013986133333333385,0.0014526100000000052,0.0015342900000000054,0.0015707366666666608
0.972,0.0006575,0.0007158,0.0007519,0.0008004,0.0008539,0.0009252,0.0009741,0.00102,0.001061,0.001146,0.001227,0.00126,0.001351,0.001397,0.00145,0.001529,0.001565,0.0013972766666666655,0.0014502866666666696,0.0015297900000000048,0.0015656899999999942
0.976,0.0006615,0.0007199,0.0007561,0.000805,0.0008551,0.0009291,0.0009771,0.001023,0.001063,0.001147,0.001228,0.001261,0.001351,0.001396,0.001447,0.001526,0.001561,0.0013961366666666686,0.0014476066666666621,0.0015265300000000086,0.0015616766666666597
0.98,0.0006657,0.0007239,0.0007604,0.0008097,0.000859,0.0009329,0.0009803,0.001026,0.001066,0.001149,0.001229,0.001262,0.001351,0.001395,0.001446,0.001523,0.001557,0.0013954166666666618,0.0014463366666666675,0.001523896666666668,0.001558163333333327
0.984,0.0006698,0.0007279,0.0007649,0.0008143,0.0008663,0.0009368,0.0009837,0.001029,0.001068,0.00115,0.00123,0.001264,0.001352,0.001395,0.001444,0.00152,0.001553,0.0013951499999999937,0.0014446066666666689,0.0015208633333333374,0.0015542333333333387
0.988,0.000674,0.0007322,0.0007698,0.0008189,0.0008739,0.0009407,0.0009873,0.001031,0.001071,0.001152,0.001232,0.001266,0.001352,0.001395,0.001443,0.001517,0.00155,0.0013950233333333264,0.001443170000000008,0.0015177599999999976,0.0015508166666666672
0.992,0.0006783,0.0007367,0.0007747,0.0008236,0.0008788,0.0009447,0.000991,0.001035,0.001074,0.001154,0.001234,0.001268,0.001353,0.001395,0.001441,0.001515,0.001548,0.0013950266666666598,0.0014414633333333427,0.0015152133333333263,0.0015480566666666643
0.996,0.0006826,0.0007414,0.0007798,0.0008287,0.0008844,0.000949,0.0009948,0.001038,0.001077,0.001157,0.001236,0.00127,0.001354,0.001395,0.001441,0.001513,0.001545,0.0013951999999999949,0.0014409066666666742,0.001513136666666659,0.0015453066666666708
1.0,0.000687,0.0007461,0.0007849,0.0008337,0.0008875,0.0009534,0.0009988,0.001042,0.001081,0.001159,0.001238,0.001272,0.001355,0.001396,0.00144,0.001511,0.001543,0.001396070000000001,0.0014402566666666668,0.001511389999999997,0.0015432633333333386
1.004,0.0006915,0.0007506,0.0007897,0.0008387,0.0008913,0.0009578,0.001003,0.001046,0.001085,0.001162,0.00124,0.001275,0.001357,0.001397,0.00144,0.00151,0.001541,0.0013971433333333312,0.001440053333333331,0.0015100600000000034,0.001541053333333338
1.008,0.000696,0.000755,0.0007947,0.0008436,0.0008957,0.0009624,0.001007,0.00105,0.001089,0.001165,0.001243,0.001277,0.001358,0.001398,0.00144,0.001509,0.001539,0.0013978966666666692,0.0014400399999999973,0.0015091499999999986,0.0015394100000000065
1.012,0.0007006,0.0007597,0.0007998,0.0008485,0.0009003,0.0009671,0.001011,0.001053,0.001093,0.001168,0.001246,0.00128,0.00136,0.001399,0.00144,0.001508,0.001538,0.0013991099999999981,0.001440303333333332,0.0015083766666666688,0.0015384266666666664
1.016,0.0007053,0.0007646,0.0008049,0.0008536,0.0009062,0.0009718,0.001016,0.001057,0.001097,0.001171,0.001249,0.001283,0.001362,0.001401,0.001441,0.001507,0.001537,0.0014010566666666632,0.0014411466666666712,0.001507486666666663,0.0015373033333333356
1.02,0.00071,0.0007697,0.0008101,0.000859,0.0009113,0.0009767,0.00102,0.001062,0.001102,0.001174,0.001252,0.001286,0.001365,0.001403,0.001442,0.001507,0.001536,0.0014031199999999934,0.0014422000000000022,0.001507443333333327,0.001536533333333331
1.024,0.0007147,0.0007749,0.0008154,0.0008644,0.0009161,0.0009817,0.001025,0.001066,0.001106,0.001178,0.001255,0.001289,0.001367,0.001405,0.001443,0.001507,0.001535,0.0014051599999999936,0.0014432200000000066,0.0015074199999999935,0.0015356933333333371
1.028,0.0007195,0.0007801,0.0008206,0.0008697,0.0009202,0.0009867,0.00103,0.00107,0.001111,0.001182,0.001258,0.001293,0.00137,0.001407,0.001444,0.001507,0.001535,0.0014073099999999947,0.0014445933333333341,0.001508239999999995,0.0015363566666666713
1.032,0.0007245,0.0007853,0.000826,0.0008751,0.0009259,0.0009919,0.001035,0.001075,0.001116,0.001185,0.001262,0.001297,0.001372,0.001409,0.001445,0.001508,0.001535,0.0014093966666666635,0.0014455333333333266,0.0015085100000000009,0.0015358000000000032
1.036,0.0007299,0.0007907,0.0008316,0.0008806,0.0009313,0.0009973,0.00104,0.00108,0.001121,0.00119,0.001265,0.0013,0.001375,0.001412,0.001447,0.001509,0.001536,0.0014118700000000039,0.0014469666666666586,0.0015089833333333316,0.0015358499999999962
1.04,0.0007355,0.0007962,0.0008374,0.0008864,0.0009371,0.001003,0.001045,0.001085,0.001127,0.001194,0.001269,0.001304,0.001379,0.001415,0.001449,0.00151,0.001536,0.0014151299999999995,0.0014492299999999932,0.001510720000000005,0.0015369433333333295
1.044,0.0007412,0.0008018,0.000843,0.0008923,0.0009446,0.001008,0.00105,0.00109,0.001132,0.001198,0.001273,0.001309,0.001382,0.001418,0.001451,0.001512,0.001537,0.0014180033333333274,0.0014510799999999952,0.0015119566666666742,0.001537296666666671
1.048,0.0007468,0.0008075,0.000849,0.0008983,0.0009525,0.001014,0.001056,0.001095,0.001137,0.001203,0.001278,0.001313,0.001386,0.001422,0.001454,0.001514,0.001539,0.0014221966666666625,0.0014545800000000026,0.0015149666666666715,0.001540216666666673
1.052,0.0007525,0.0008132,0.000855,0.0009043,0.0009584,0.00102,0.001061,0.001101,0.001143,0.001208,0.001282,0.001317,0.00139,0.001425,0.001457,0.001516,0.001541,0.0014256533333333373,0.0014576166666666625,0.0015172766666666708,0.0015425000000000022
1.056,0.0007584,0.0008192,0.0008612,0.0009106,0.0009645,0.001026,0.001067,0.001106,0.001149,0.001213,0.001287,0.001322,0.001394,0.001429,0.00146,0.001519,0.001544,0.0014300100000000072,0.0014608800000000012,0.0015199799999999993,0.0015448699999999957
1.06,0.0007646,0.0008256,0.0008676,0.0009171,0.0009695,0.001032,0.001073,0.001112,0.001155,0.001218,0.001292,0.001327,0.001398,0.001433,0.001463,0.001522,0.001546,0.0014348800000000036,0.0014647466666666633,0.0015225233333333392,0.0015462533333333304
1.064,0.000771,0.0008322,0.0008744,0.0009239,0.0009747,0.001039,0.001079,0.001118,0.001162,0.001223,0.001297,0.001332,0.001403,0.001438,0.001467,0.001525,0.001549,0.0014390899999999981,0.0014682399999999972,0.001525403333333334,0.0015489300000000041
1.068,0.0007776,0.0008391,0.0008813,0.0009309,0.0009818,0.001045,0.001085,0.001124,0.001169,0.001229,0.001302,0.001337,0.001407,0.001442,0.001471,0.001529,0.001552,0.0014445533333333324,0.0014737799999999983,0.0015310333333333351,0.0015541866666666663
1.072,0.0007844,0.0008462,0.0008884,0.0009382,0.0009896,0.001052,0.001092,0.001131,0.001175,0.001235,0.001308,0.001343,0.001412,0.001448,0.001476,0.001533,0.001556,0.001451653333333336,0.0014803133333333288,0.0015361400000000031,0.0015590733333333343
1.076,0.0007917,0.0008535,0.0008959,0.0009457,0.0009965,0.001059,0.001099,0.001137,0.001183,0.001241,0.001314,0.001348,0.001418,0.001453,0.00148,0.001537,0.001559,0.0014571699999999964,0.0014850033333333285,0.0015404700000000028,0.0015626499999999957
1.08,0.0007996,0.0008613,0.0009038,0.0009536,0.001004,0.001067,0.001106,0.001144,0.00119,0.001247,0.00132,0.001355,0.001424,0.001458,0.001485,0.001542,0.001564,0.0014620033333333333,0.0014888500000000005,0.0015441033333333297,0.0015659500000000021
1.084,0.000808,0.0008694,0.000912,0.000962,0.001012,0.001075,0.001114,0.001152,0.001198,0.001254,0.001327,0.001361,0.00143,0.001465,0.00149,0.001547,0.001569,0.001469226666666663,0.001495063333333331,0.0015494866666666723,0.0015714299999999935
1.088,0.000817,0.0008781,0.0009207,0.0009707,0.001023,0.001083,0.001122,0.001159,0.001206,0.001261,0.001334,0.001368,0.001436,0.001471,0.001497,0.001552,0.001575,0.0014754933333333312,0.0015018900000000044,0.0015552399999999996,0.0015775666666666634
1.092,0.0008266,0.0008874,0.0009301,0.0009798,0.001034,0.001091,0.00113,0.001167,0.001214,0.001269,0.001341,0.001375,0.001443,0.001478,0.001503,0.001558,0.001581,0.0014829633333333274,0.0015091599999999936,0.0015617866666666684,0.0015842666666666667
1.096,0.0008372,0.0008974,0.00094,0.0009894,0.001046,0.0011,0.001138,0.001175,0.001223,0.001276,0.001348,0.001383,0.001451,0.001485,0.001511,0.001565,0.001587,0.001489726666666668,0.0015160033333333318,0.0015688166666666644,0.0015905766666666694
1.1,0.0008487,0.0009084,0.0009508,0.0009996,0.001056,0.00111,0.001147,0.001184,0.001232,0.001285,0.001356,0.001391,0.001459,0.001493,0.001518,0.001572,0.001594,0.0014970266666666722,0.0015223300000000073,0.0015755366666666726,0.0015971033333333324
1.104,0.0008611,0.0009201,0.0009623,0.00101,0.001065,0.001119,0.001156,0.001193,0.001242,0.001293,0.001365,0.001399,0.001467,0.001502,0.001526,0.00158,0.001601,0.0015070500000000037,0.001531863333333342,0.0015850433333333392,0.0016054833333333399
1.108,0.0008744,0.0009328,0.0009745,0.001022,0.001076,0.001129,0.001166,0.001203,0.001252,0.001303,0.001374,0.001408,0.001476,0.001512,0.001535,0.001588,0.001609,0.0015174233333333392,0.0015416366666666692,0.0015938533333333285,0.0016143066666666768
1.112,0.0008887,0.0009463,0.0009875,0.001034,0.001084,0.00114,0.001176,0.001213,0.001262,0.001312,0.001384,0.001418,0.001486,0.001522,0.001544,0.001597,0.001618,0.0015269933333333392,0.0015509299999999955,0.0016032933333333375,0.0016235500000000053
1.116,0.0009039,0.0009609,0.001001,0.001047,0.001105,0.001152,0.001187,0.001224,0.001273,0.001323,0.001395,0.001428,0.001496,0.001531,0.001554,0.001607,0.001628,0.001536580000000003,0.0015615933333333325,0.001615046666666673,0.0016344400000000041
1.12,0.00092,0.0009765,0.001016,0.001061,0.001128,0.001164,0.001199,0.001235,0.001285,0.001334,0.001406,0.001439,0.001506,0.001541,0.001565,0.001617,0.001638,0.001548600000000002,0.0015744933333333296,0.0016275966666666607,0.0016469699999999933
1.124,0.0009366,0.0009927,0.001031,0.001075,0.001147,0.001177,0.001211,0.001247,0.001297,0.001346,0.001417,0.00145,0.001518,0.001552,0.001577,0.001628,0.001649,0.0015610499999999987,0.001587463333333331,0.0016389366666666697,0.0016585100000000063
1.128,0.0009534,0.00101,0.001046,0.00109,0.001163,0.001191,0.001224,0.00126,0.00131,0.001358,0.00143,0.001463,0.00153,0.001564,0.001589,0.00164,0.001661,0.001573980000000004,0.0016006066666666703,0.0016515866666666596,0.0016715033333333396
1.132,0.0009704,0.001027,0.001062,0.001106,0.001177,0.001205,0.001238,0.001273,0.001324,0.001371,0.001443,0.001476,0.001544,0.001577,0.001602,0.001653,0.001674,0.0015864599999999983,0.0016125366666666645,0.0016663800000000035,0.001684960000000002
1.136,0.0009873,0.001044,0.001078,0.001122,0.001184,0.001219,0.001252,0.001287,0.001338,0.001385,0.001457,0.001489,0.001558,0.001591,0.001616,0.001667,0.001687,0.0016006433333333363,0.0016279066666666701,0.0016880699999999918,0.0017019533333333292
1.14,0.001004,0.001061,0.001095,0.001138,0.001205,0.001235,0.001267,0.001301,0.001353,0.0014,0.001472,0.001504,0.001572,0.001606,0.001631,0.001681,0.001702,0.0016181533333333327,0.0016443799999999974,0.001697459999999994,0.0017161733333333302
1.144,0.001021,0.001079,0.001111,0.001154,0.001225,0.001251,0.001282,0.001317,0.001369,0.001415,0.001488,0.001519,0.001588,0.001622,0.001647,0.001697,0.001717,0.001632403333333336,0.0016585733333333366,0.0017130900000000009,0.0017303833333333395
1.148,0.001038,0.001096,0.001127,0.001171,0.001241,0.001267,0.001299,0.001333,0.001386,0.001432,0.001505,0.001536,0.001604,0.001638,0.001664,0.001713,0.001734,0.0016462933333333265,0.0016731566666666683,0.0017283000000000044,0.0017450966666666726
1.152,0.001054,0.001113,0.001144,0.001187,0.001256,0.001284,0.001315,0.00135,0.001403,0.001449,0.001522,0.001553,0.001622,0.001655,0.001682,0.001731,0.001751,0.001653863333333338,0.001683806666666671,0.001763783333333331,0.0018113766666666665
1.156,0.00107,0.001129,0.00116,0.001203,0.001271,0.001301,0.001332,0.001367,0.001421,0.001467,0.00154,0.001571,0.00164,0.001673,0.0017,0.001749,0.001769,0.0016654099999999952,0.0016905399999999962,0.0017315166666666668,0.0017510866666666722
1.16,0.001086,0.001145,0.001175,0.001219,0.001283,0.001317,0.001349,0.001385,0.001439,0.001486,0.001559,0.001589,0.001659,0.001693,0.00172,0.001769,0.001789,0.0016821133333333334,0.0017070399999999997,0.001741806666666673,0.0017646933333333311
1.164,0.001101,0.001161,0.001191,0.001235,0.001299,0.001334,0.001367,0.001403,0.001457,0.001505,0.001579,0.001608,0.001679,0.001713,0.001741,0.001789,0.001809,0.001705606666666672,0.0017314499999999974,0.0017623133333333314,0.0017891600000000008
1.168,0.001116,0.001177,0.001206,0.001251,0.001315,0.001351,0.001384,0.001421,0.001475,0.001524,0.001599,0.001628,0.0017,0.001733,0.001762,0.00181,0.00183,0.0017304099999999962,0.0017579833333333324,0.0017955966666666605,0.0018202299999999993
1.172,0.00113,0.001192,0.001221,0.001266,0.00133,0.001368,0.001402,0.001439,0.001493,0.001544,0.00162,0.001648,0.00172,0.001754,0.001783,0.001831,0.001851,0.0017501366666666624,0.001778463333333328,0.001815043333333342,0.0018398633333333336
1.176,0.001144,0.001206,0.001236,0.001281,0.001346,0.001384,0.001419,0.001457,0.001511,0.001564,0.00164,0.001669,0.001742,0.001776,0.001806,0.001853,0.001873,0.001774910000000001,0.001809169999999991,0.0018627666666666638,0.001880410000000008
1.18,0.001158,0.001221,0.001251,0.001295,0.001364,0.001401,0.001437,0.001475,0.001528,0.001584,0.001662,0.00169,0.001764,0.001797,0.001829,0.001876,0.001896,0.0017957166666666658,0.0018298666666666727,0.001875163333333328,0.0018965333333333379
1.184,0.001171,0.001235,0.001265,0.00131,0.001379,0.001417,0.001454,0.001492,0.001546,0.001605,0.001683,0.001711,0.001786,0.00182,0.001852,0.001899,0.001919,0.0018199199999999983,0.00185724666666667,0.001909366666666661,0.0019295100000000028
1.188,0.001184,0.001248,0.001279,0.001324,0.001394,0.001433,0.001471,0.00151,0.001563,0.001625,0.001704,0.001732,0.001808,0.001842,0.001875,0.001923,0.001943,0.0018436266666666727,0.0018944966666666662,0.001958023333333336,0.001981359999999997
1.192,0.001197,0.001261,0.001292,0.001338,0.001408,0.001448,0.001487,0.001527,0.00158,0.001645,0.001724,0.001753,0.00183,0.001864,0.001899,0.001946,0.001967,0.0018639099999999945,0.0018998999999999973,0.0019453566666666688,0.0019688966666666697
1.196,0.001209,0.001274,0.001305,0.001351,0.001421,0.001463,0.001503,0.001545,0.001597,0.001665,0.001745,0.001774,0.001852,0.001887,0.001922,0.00197,0.001991,0.001885186666666673,0.0019192133333333272,0.001955493333333345,0.0019826766666666694
1.2,0.00122,0.001286,0.001317,0.001364,0.001434,0.001478,0.001519,0.001562,0.001613,0.001684,0.001766,0.001795,0.001874,0.001909,0.001945,0.001993,0.002014,0.001907663333333333,0.0019433599999999906,0.001981746666666676,0.0020078333333333324
1.204,0.001231,0.001298,0.00133,0.001376,0.001448,0.001493,0.001535,0.001578,0.001629,0.001704,0.001786,0.001816,0.001896,0.001931,0.001968,0.002017,0.002038,0.001931410000000004,0.0019672200000000013,0.002008803333333337,0.0020324533333333297
1.208,0.001242,0.001309,0.001341,0.001388,0.001461,0.001508,0.001551,0.001595,0.001645,0.001723,0.001807,0.001837,0.001918,0.001954,0.001991,0.00204,0.002061,0.0019602800000000056,0.001998643333333335,0.0020497466666666683,0.002067423333333326
1.212,0.001252,0.00132,0.001352,0.0014,0.001474,0.001523,0.001566,0.001611,0.001661,0.001742,0.001827,0.001857,0.001939,0.001975,0.002014,0.002063,0.002084,0.0019812899999999997,0.0020208866666666654,0.0020746933333333347,0.00209185999999999
1.216,0.001262,0.00133,0.001364,0.001412,0.001487,0.001537,0.001582,0.001628,0.001677,0.001762,0.001847,0.001877,0.00196,0.001997,0.002036,0.002085,0.002107,0.0020022833333333424,0.0020413300000000014,0.002095110000000002,0.002112223333333335
1.22,0.001272,0.00134,0.001374,0.001424,0.0015,0.001552,0.001598,0.001645,0.001693,0.001781,0.001867,0.001897,0.001981,0.002018,0.002058,0.002107,0.00213,0.002019926666666669,0.0020592266666666697,0.00211226666666667,0.0021309433333333333
1.224,0.00128,0.00135,0.001385,0.001436,0.001513,0.001567,0.001613,0.001661,0.001709,0.001799,0.001886,0.001917,0.002002,0.002039,0.00208,0.00213,0.002153,0.0020427833333333373,0.0020824733333333375,0.0021323966666666654,0.002154663333333332
1.228,0.001289,0.00136,0.001396,0.001448,0.001526,0.001582,0.001629,0.001677,0.001724,0.001818,0.001905,0.001936,0.002022,0.00206,0.002102,0.002152,0.002175,0.002061296666666663,0.002100826666666671,0.002146033333333335,0.0021704600000000034
1.232,0.001297,0.00137,0.001407,0.00146,0.001539,0.001596,0.001644,0.001694,0.00174,0.001835,0.001924,0.001955,0.002043,0.00208,0.002123,0.002173,0.002196,0.002080586666666668,0.0021204199999999935,0.002168119999999994,0.0021912199999999916
1.236,0.001305,0.001379,0.001417,0.001471,0.001552,0.001611,0.00166,0.001709,0.001755,0.001853,0.001943,0.001974,0.002063,0.0021,0.002144,0.002194,0.002217,0.002104589999999997,0.0021462733333333333,0.0021938399999999964,0.002218076666666674
1.24,0.001313,0.001389,0.001428,0.001483,0.001565,0.001625,0.001675,0.001725,0.00177,0.001871,0.001962,0.001993,0.002082,0.00212,0.002165,0.002215,0.002238,0.0021259166666666722,0.0021687766666666553,0.002218946666666664,0.0022423199999999956
1.244,0.001321,0.001399,0.001439,0.001495,0.001578,0.00164,0.00169,0.001741,0.001785,0.001889,0.001981,0.002012,0.002102,0.00214,0.002185,0.002235,0.00226,0.0021455933333333313,0.0021886866666666637,0.0022371799999999936,0.0022626200000000042
1.248,0.001329,0.001408,0.001451,0.001507,0.001591,0.001655,0.001706,0.001757,0.001801,0.001907,0.001999,0.002031,0.002122,0.00216,0.002205,0.002256,0.002282,0.002169326666666673,0.0022125533333333396,0.0022622666666666687,0.0022880933333333355
1.252,0.001337,0.001418,0.001462,0.001519,0.001605,0.00167,0.001721,0.001773,0.001817,0.001924,0.002018,0.00205,0.002141,0.002179,0.002226,0.002278,0.002304,0.002185343333333334,0.00222919333333333,0.0022775633333333356,0.0023046199999999903
1.256,0.001346,0.001428,0.001473,0.001532,0.001619,0.001685,0.001737,0.001789,0.001832,0.001942,0.002036,0.002068,0.00216,0.0022,0.002247,0.002299,0.002327,0.0022019133333333264,0.0022449833333333326,0.002290763333333341,0.002319716666666665
1.26,0.001354,0.001437,0.001484,0.001544,0.001633,0.0017,0.001752,0.001806,0.001848,0.00196,0.002055,0.002087,0.00218,0.002221,0.002269,0.002321,0.002348,0.002230293333333329,0.0022749366666666676,0.0023253866666666737,0.0023528500000000057
1.264,0.001363,0.001447,0.001496,0.001557,0.001647,0.001715,0.001768,0.001822,0.001864,0.001978,0.002073,0.002106,0.0022,0.002242,0.00229,0.002342,0.002368,0.002248149999999997,0.0022936866666666716,0.0023429866666666616,0.002369940000000002
1.268,0.001372,0.001458,0.001507,0.00157,0.001661,0.001731,0.001784,0.001838,0.00188,0.001996,0.002092,0.002125,0.002221,0.002262,0.00231,0.002362,0.002387,0.002270413333333327,0.0023158866666666716,0.002365203333333323,0.0023912633333333364
1.272,0.001382,0.001468,0.00152,0.001583,0.001676,0.001746,0.0018,0.001855,0.001896,0.002013,0.002111,0.002145,0.002241,0.002282,0.002329,0.002381,0.002407,0.00228726666666667,0.0023320400000000113,0.002380579999999998,0.0024071000000000092
1.276,0.001391,0.001479,0.001532,0.001597,0.001691,0.001762,0.001816,0.001871,0.001913,0.002032,0.002131,0.002165,0.002261,0.002301,0.002348,0.0024,0.002426,0.0023092033333333315,0.002353750000000006,0.002403836666666665,0.002428993333333339
1.28,0.001401,0.001491,0.001545,0.001611,0.001706,0.001778,0.001832,0.001888,0.001929,0.002051,0.002151,0.002184,0.00228,0.00232,0.002367,0.002418,0.002444,0.002327626666666662,0.002371613333333336,0.0024196866666666692,0.002445173333333335
1.284,0.001411,0.001503,0.001559,0.001625,0.001721,0.001795,0.001849,0.001905,0.001946,0.00207,0.00217,0.002203,0.002299,0.002338,0.002386,0.002437,0.002462,0.0023437566666666605,0.0023889199999999984,0.0024374166666666745,0.002462389999999998
1.288,0.001422,0.001515,0.001573,0.00164,0.001738,0.001812,0.001866,0.001923,0.001963,0.002089,0.002189,0.002221,0.002317,0.002357,0.002404,0.002454,0.00248,0.002363116666666674,0.0024079366666666627,0.002456493333333329,0.0024814866666666726
1.292,0.001434,0.001528,0.001587,0.001655,0.001754,0.001829,0.001884,0.00194,0.001981,0.002108,0.002208,0.00224,0.002336,0.002375,0.002422,0.002472,0.002498,0.0023785666666666714,0.002421623333333336,0.0024670100000000013,0.0024922999999999994
1.296,0.001446,0.001542,0.001602,0.00167,0.001771,0.001846,0.001902,0.001959,0.002,0.002126,0.002227,0.002258,0.002354,0.002392,0.00244,0.00249,0.002517,0.0023986966666666642,0.0024432499999999984,0.0024902466666666613,0.0025171033333333272
1.3,0.001458,0.001555,0.001617,0.001685,0.001788,0.001863,0.00192,0.001978,0.002019,0.002144,0.002246,0.002277,0.002372,0.00241,0.002458,0.002508,0.002535,0.002414493333333341,0.0024593999999999966,0.0025068133333333254,0.00253337666666666
1.304,0.001471,0.00157,0.001632,0.001702,0.001806,0.001881,0.001939,0.001997,0.002038,0.002163,0.002264,0.002295,0.00239,0.002428,0.002476,0.002526,0.002552,0.002436169999999994,0.0024809900000000024,0.0025294233333333334,0.0025546399999999978
1.308,0.001485,0.001584,0.001648,0.001718,0.001824,0.0019,0.001958,0.002015,0.002057,0.002182,0.002283,0.002313,0.002408,0.002447,0.002494,0.002544,0.00257,0.002454406666666659,0.002498686666666664,0.0025454499999999934,0.002571163333333331
1.312,0.0015,0.0016,0.001664,0.001735,0.001842,0.00192,0.001977,0.002034,0.002075,0.002201,0.002301,0.002331,0.002427,0.002465,0.002512,0.002562,0.002588,0.0024692133333333423,0.002513473333333328,0.0025583599999999948,0.0025856266666666704
1.316,0.001514,0.001616,0.001681,0.001753,0.001862,0.001939,0.001996,0.002053,0.002094,0.00222,0.00232,0.002349,0.002445,0.002483,0.00253,0.00258,0.002606,0.002481953333333341,0.0025232600000000024,0.0025632433333333433,0.0025901099999999988
1.32,0.00153,0.001632,0.001699,0.001771,0.001882,0.001959,0.002015,0.002072,0.002114,0.002238,0.002339,0.002368,0.002464,0.002502,0.002549,0.002599,0.002624,0.002504740000000001,0.002547910000000011,0.0025914266666666724,0.0026169633333333266
1.324,0.001546,0.00165,0.001717,0.001791,0.001902,0.001979,0.002034,0.002092,0.002133,0.002257,0.002358,0.002387,0.002483,0.00252,0.002568,0.002617,0.002642,0.0025254899999999953,0.0025687433333333376,0.0026121966666666618,0.002637826666666671
1.328,0.001563,0.001668,0.001736,0.001811,0.001922,0.001999,0.002054,0.002111,0.002153,0.002276,0.002378,0.002406,0.002502,0.002539,0.002587,0.002635,0.00266,0.0025428133333333268,0.0025862766666666696,0.0026297100000000147,0.0026550333333333303
1.332,0.001581,0.001687,0.001755,0.001831,0.001943,0.002019,0.002074,0.002131,0.002172,0.002295,0.002397,0.002425,0.002521,0.002558,0.002606,0.002654,0.002679,0.0025634866666666574,0.002607619999999997,0.002652693333333344,0.0026759999999999926
1.336,0.001599,0.001707,0.001776,0.001851,0.001964,0.002039,0.002094,0.00215,0.002192,0.002315,0.002417,0.002444,0.00254,0.002577,0.002625,0.002673,0.002698,0.0025799100000000073,0.0026247433333333276,0.0026707133333333404,0.002694126666666657
1.34,0.001618,0.001728,0.001797,0.001871,0.001985,0.00206,0.002114,0.00217,0.002212,0.002335,0.002437,0.002464,0.00256,0.002597,0.002645,0.002692,0.002717,0.002599703333333327,0.0026437166666666723,0.002686480000000013,0.0027114699999999966
1.344,0.001638,0.00175,0.001819,0.001892,0.002006,0.002082,0.002134,0.002191,0.002233,0.002356,0.002458,0.002484,0.00258,0.002617,0.002664,0.00271,0.002735,0.0026198833333333253,0.00266310666666667,0.002703679999999996,0.0027297266666666733
1.348,0.001659,0.001773,0.00184,0.001914,0.002028,0.002103,0.002155,0.002212,0.002254,0.002377,0.002479,0.002505,0.002601,0.002637,0.002684,0.002729,0.002754,0.0026360366666666668,0.0026784233333333424,0.0027137366666666594,0.002742753333333341
1.352,0.001681,0.001795,0.001862,0.001936,0.002051,0.002125,0.002177,0.002233,0.002275,0.002397,0.0025,0.002526,0.002621,0.002657,0.002703,0.002748,0.002773,0.002655500000000008,0.002696393333333341,0.0027311099999999867,0.0027584400000000113
1.356,0.001704,0.001818,0.001885,0.001958,0.002073,0.002147,0.002198,0.002254,0.002297,0.002419,0.002522,0.002547,0.002642,0.002677,0.002723,0.002768,0.002793,0.0026791100000000084,0.0027201000000000052,0.002755706666666662,0.0027836533333333428
1.36,0.001727,0.001842,0.001909,0.001981,0.002096,0.002169,0.00222,0.002276,0.002319,0.002441,0.002544,0.002568,0.002662,0.002697,0.002744,0.002789,0.002813,0.002697606666666659,0.0027396599999999992,0.002775643333333337,0.0028024399999999924
1.364,0.001751,0.001867,0.001933,0.002005,0.00212,0.002192,0.002243,0.002299,0.002341,0.002463,0.002566,0.002589,0.002683,0.002717,0.002765,0.002809,0.002833,0.002721216666666665,0.002763826666666673,0.0027991299999999913,0.002826166666666655
1.368,0.001776,0.001892,0.001957,0.002028,0.002144,0.002216,0.002265,0.002321,0.002364,0.002486,0.002588,0.00261,0.002705,0.002738,0.002786,0.002829,0.002853,0.0027365733333333396,0.002777206666666658,0.002805529999999997,0.0028358233333333305
1.372,0.001801,0.001918,0.001982,0.002053,0.002168,0.002239,0.002289,0.002345,0.002388,0.002509,0.00261,0.002632,0.002726,0.00276,0.002807,0.00285,0.002874,0.002756363333333327,0.0027956333333333363,0.0028220533333333415,0.0028529066666666725
1.376,0.001827,0.001944,0.002007,0.002077,0.002192,0.002264,0.002313,0.002368,0.002412,0.002531,0.002632,0.002654,0.002748,0.002781,0.002829,0.002871,0.002895,0.002777066666666671,0.0028155866666666673,0.002837766666666662,0.0028704266666666547
1.38,0.001855,0.001971,0.002033,0.002103,0.002218,0.002289,0.002337,0.002392,0.002437,0.002554,0.002655,0.002676,0.00277,0.002803,0.002851,0.002893,0.002917,0.0028003233333333353,0.002839143333333347,0.002863806666666676,0.002894146666666655
1.384,0.001882,0.001998,0.00206,0.002129,0.002244,0.002315,0.002362,0.002417,0.002462,0.002578,0.002679,0.002699,0.002793,0.002825,0.002873,0.002915,0.002938,0.0028210333333333303,0.002858743333333339,0.002884016666666667,0.0029138200000000006
1.388,0.00191,0.002026,0.002087,0.002155,0.00227,0.002341,0.002387,0.002442,0.002487,0.002602,0.002702,0.002722,0.002816,0.002848,0.002896,0.002937,0.002961,0.0028453899999999945,0.0028827600000000046,0.002904469999999993,0.0029375199999999973
1.392,0.001938,0.002055,0.002114,0.002181,0.002297,0.002367,0.002413,0.002467,0.002512,0.002626,0.002726,0.002745,0.002839,0.002871,0.002919,0.00296,0.002984,0.002868976666666655,0.0029067833333333358,0.00292887999999999,0.002960786666666662
1.396,0.001967,0.002083,0.002141,0.002208,0.002324,0.002394,0.002439,0.002492,0.002537,0.00265,0.002751,0.002769,0.002863,0.002894,0.002942,0.002983,0.003007,0.0028916066666666517,0.0029272366666666686,0.002948726666666656,0.00298313666666666
1.4,0.001996,0.002112,0.002169,0.002236,0.002352,0.002421,0.002465,0.002518,0.002563,0.002674,0.002775,0.002793,0.002887,0.002918,0.002966,0.003006,0.003029,0.002918159999999989,0.0029546100000000103,0.0029783399999999878,0.003010129999999986
1.404,0.002025,0.00214,0.002198,0.002264,0.00238,0.002448,0.002491,0.002544,0.002589,0.0027,0.0028,0.002817,0.002911,0.002942,0.00299,0.003029,0.003052,0.0029397800000000008,0.00297421000000001,0.0029959033333333226,0.0030278600000000137
1.408,0.002055,0.00217,0.002227,0.002293,0.002409,0.002475,0.002518,0.00257,0.002616,0.002725,0.002825,0.002842,0.002936,0.002967,0.003014,0.003053,0.003075,0.0029654266666666847,0.002999259999999988,0.003019833333333322,0.0030514300000000156
1.412,0.002085,0.002199,0.002257,0.002322,0.002437,0.002503,0.002545,0.002596,0.002642,0.002751,0.002851,0.002867,0.002961,0.002991,0.003038,0.003077,0.003099,0.002989843333333327,0.0030251466666666596,0.0030462233333333286,0.003077679999999989
1.416,0.002115,0.00223,0.002287,0.002351,0.002466,0.002531,0.002572,0.002623,0.00267,0.002777,0.0028770000000000002,0.002893,0.002986,0.003015,0.003063,0.003101,0.003124,0.00301277666666666,0.003047180000000009,0.00306863000000001,0.0030996633333333413
1.42,0.002146,0.00226,0.002318,0.002381,0.002495,0.002559,0.0026,0.00265,0.002697,0.002803,0.002903,0.002918,0.003011,0.00304,0.003088,0.003126,0.003148,0.0030348200000000075,0.0030712566666666594,0.0030983333333333258,0.0031268700000000103
1.424,0.002177,0.002291,0.002349,0.002411,0.002524,0.002587,0.002627,0.002678,0.002725,0.00283,0.00293,0.002944,0.003036,0.003065,0.003113,0.00315,0.003173,0.003060489999999993,0.003098880000000007,0.0031358499999999925,0.0031560933333333254
1.428,0.002209,0.002322,0.00238,0.002441,0.002553,0.002616,0.002655,0.002705,0.002753,0.002857,0.002956,0.002969,0.003062,0.00309,0.003138,0.003175,0.003198,0.003088166666666675,0.003126329999999988,0.003166443333333342,0.003185103333333339
1.432,0.002241,0.002353,0.002411,0.002471,0.002582,0.002645,0.002683,0.002733,0.002781,0.002884,0.002983,0.002995,0.003087,0.003115,0.003164,0.0032,0.003222,0.003114203333333326,0.003155936666666653,0.0031998533333333253,0.0032215866666666527
1.436,0.002273,0.002385,0.002442,0.002502,0.002612,0.002674,0.002712,0.002761,0.002809,0.002911,0.003009,0.003021,0.003113,0.003141,0.003189,0.003225,0.003248,0.0031352833333333175,0.0031776499999999967,0.0032195366666666705,0.003240500000000002
1.44,0.002305,0.002416,0.002473,0.002532,0.002642,0.002703,0.00274,0.00279,0.002838,0.002938,0.003036,0.003047,0.003139,0.003167,0.003215,0.00325,0.003273,0.0031633433333333382,0.0032051899999999954,0.0032460333333333194,0.0032684033333333297
1.444,0.002338,0.002447,0.002505,0.002563,0.002672,0.002733,0.002769,0.002818,0.002867,0.002965,0.003063,0.003074,0.003166,0.003193,0.003241,0.003276,0.003298,0.0031874600000000018,0.003228450000000014,0.0032685233333333156,0.0032914933333333452
1.448,0.002371,0.002478,0.002536,0.002593,0.002703,0.002762,0.002798,0.002847,0.002896,0.002992,0.00309,0.003101,0.003192,0.003219,0.003267,0.003301,0.003324,0.003210349999999996,0.0032510066666666757,0.0032896333333333303,0.0033118999999999983
1.452,0.002404,0.00251,0.002568,0.002624,0.002733,0.002792,0.002828,0.002876,0.002925,0.00302,0.003118,0.003127,0.003218,0.003245,0.003293,0.003327,0.003349,0.003238226666666683,0.0032787433333333273,0.0033181399999999937,0.003339650000000014
1.456,0.002437,0.002541,0.0026,0.002656,0.002764,0.002823,0.002857,0.002904,0.002953,0.003047,0.003145,0.003154,0.003245,0.003271,0.003319,0.003353,0.003375,0.0032627833333333466,0.0033000799999999913,0.003335230000000013,0.0033529900000000075
1.46,0.00247,0.002573,0.002631,0.002688,0.002795,0.002853,0.002886,0.002932,0.002982,0.003075,0.003172,0.003181,0.003271,0.003297,0.003346,0.003379,0.003401,0.003293313333333332,0.003334549999999991,0.003371320000000009,0.0033919766666666586
1.464,0.002504,0.002605,0.002664,0.002719,0.002826,0.002883,0.002914,0.002961,0.003011,0.003102,0.0032,0.003208,0.003298,0.003323,0.003372,0.003405,0.003427,0.003314526666666657,0.0033546500000000085,0.0033929966666666634,0.003411506666666656
1.468,0.002537,0.002637,0.002697,0.002751,0.002857,0.002912,0.002943,0.00299,0.00304,0.00313,0.003227,0.003235,0.003325,0.00335,0.003398,0.003431,0.003453,0.003342169999999991,0.003382113333333342,0.003422126666666656,0.003442410000000009
1.472,0.002572,0.00267,0.002729,0.002783,0.002888,0.002942,0.002972,0.003019,0.003069,0.003158,0.003254,0.003262,0.003351,0.003376,0.003425,0.003457,0.003479,0.0033725633333333473,0.0034128066666666737,0.0034494966666666796,0.00347317666666667
1.476,0.002606,0.002702,0.002762,0.002816,0.002919,0.002972,0.003004,0.003048,0.003098,0.003186,0.003282,0.003289,0.003377,0.003402,0.003451,0.003483,0.003505,0.0033971466666666734,0.003437003333333329,0.003475833333333338,0.003496926666666663
1.48,0.002641,0.002735,0.002796,0.002848,0.002949,0.003002,0.003033,0.003076,0.003127,0.003213,0.00331,0.003315,0.003404,0.003429,0.003477,0.003509,0.00353,0.003422120000000004,0.00346175666666665,0.0034993566666666606,0.0035167000000000067
1.484,0.002676,0.002769,0.002829,0.002881,0.00298,0.003032,0.003061,0.003106,0.003157,0.003241,0.003337,0.003342,0.003431,0.003455,0.003503,0.003535,0.003556,0.0034486166666666596,0.003489733333333337,0.003528673333333322,0.00355139
1.488,0.002712,0.002802,0.002862,0.002913,0.003012,0.003063,0.00309,0.003135,0.003186,0.003269,0.003365,0.00337,0.003458,0.003481,0.003529,0.00356,0.003582,0.003473106666666658,0.0035130833333333294,0.0035512333333333345,0.0035703033333333222
1.492,0.002748,0.002835,0.002896,0.002945,0.003043,0.003093,0.003119,0.003164,0.003215,0.003296,0.003392,0.003396,0.003484,0.003507,0.003555,0.003586,0.003608,0.003497626666666674,0.00353614333333332,0.0035712133333333273,0.0035890900000000096
1.496,0.002784,0.002868,0.002929,0.002978,0.003075,0.003124,0.003148,0.003193,0.003244,0.003324,0.00342,0.003423,0.00351,0.003533,0.003581,0.003612,0.003634,0.0035241166666666723,0.0035620999999999873,0.0036040933333333167,0.003625196666666672
1.5,0.00282,0.002901,0.002962,0.00301,0.003106,0.003154,0.003178,0.003221,0.003273,0.003352,0.003447,0.00345,0.003535,0.003558,0.003607,0.003638,0.003661,0.003548409999999988,0.003586520000000008,0.0036300766666666697,0.00364969333333334
