Voltage,1,2,3,5,10,15,20,25,30,40,50,60,80,100,120,200,250,100_pred,120_pred,200_pred,250_pred
-0.996,0.001451,0.001343,0.001486,0.001511,0.001569,0.001578,0.001595,0.001401,0.001414,0.001436,0.001591,0.001614,0.001674,0.001707,0.001759,0.001725,0.001735,0.0017062033333333363,0.0017396700000000035,0.0017254799999999932,0.001733893333333327
-0.992,0.001439,0.001335,0.001474,0.001498,0.001556,0.001566,0.001582,0.001394,0.001406,0.001428,0.001579,0.001602,0.001663,0.001696,0.001736,0.001713,0.001723,0.0016929866666666607,0.001724880000000002,0.0017097900000000044,0.0017195299999999921
-0.988,0.001426,0.001325,0.001461,0.001486,0.001544,0.001553,0.001569,0.001388,0.001398,0.00142,0.001567,0.001591,0.001651,0.001684,0.001716,0.001702,0.001712,0.0016812366666666726,0.0017046666666666666,0.0016987333333333314,0.0017093899999999977
-0.984,0.001415,0.001316,0.001449,0.001474,0.001532,0.001542,0.001558,0.001382,0.00139,0.001413,0.001557,0.001581,0.001641,0.001674,0.001699,0.00169,0.001701,0.00167185333333334,0.0016890366666666712,0.0016875833333333389,0.0016988700000000053
-0.98,0.001404,0.001308,0.001438,0.001464,0.001521,0.001531,0.001548,0.001376,0.001382,0.001406,0.001547,0.001571,0.001632,0.001665,0.001684,0.001681,0.001692,0.0016638533333333406,0.0016765633333333397,0.0016799533333333302,0.001691366666666673
-0.976,0.001394,0.001301,0.001428,0.001454,0.001511,0.001521,0.001537,0.001371,0.001375,0.0014,0.001539,0.001562,0.001623,0.001656,0.00167,0.001672,0.001683,0.0016554166666666625,0.0016646100000000045,0.0016716366666666704,0.0016826266666666611
-0.972,0.001385,0.001294,0.001418,0.001444,0.001501,0.001512,0.001528,0.001366,0.001369,0.001394,0.001531,0.001554,0.001615,0.001648,0.001657,0.001664,0.001675,0.0016473066666666631,0.0016490333333333393,0.0016633933333333353,0.0016740799999999925
-0.968,0.001376,0.001288,0.001409,0.001436,0.001492,0.001502,0.001519,0.001362,0.001363,0.001389,0.001523,0.001547,0.001608,0.001641,0.001645,0.001657,0.001667,0.0016408366666666703,0.0016402133333333375,0.0016570266666666733,0.001666973333333324
-0.964,0.001368,0.001281,0.001402,0.001428,0.001484,0.001496,0.001511,0.001359,0.001358,0.001384,0.001517,0.00154,0.001601,0.001634,0.001635,0.001651,0.00166,0.001633463333333342,0.0016310166666666669,0.001650180000000006,0.0016594666666666618
-0.96,0.00136,0.001276,0.001394,0.00142,0.001476,0.001488,0.001504,0.001356,0.001354,0.001379,0.00151,0.001534,0.001595,0.001628,0.001626,0.001644,0.001654,0.0016271766666666736,0.0016200900000000044,0.00164374666666666,0.0016530333333333285
-0.956,0.001353,0.001271,0.001386,0.001413,0.001469,0.001481,0.001497,0.001352,0.001349,0.001375,0.001504,0.001528,0.001589,0.001622,0.001616,0.001638,0.001647,0.0016221166666666735,0.0016115666666666716,0.0016382766666666584,0.0016475500000000022
-0.952,0.001347,0.001266,0.00138,0.001407,0.001463,0.001475,0.00149,0.001349,0.001345,0.001372,0.001499,0.001522,0.001584,0.001616,0.001607,0.001632,0.001642,0.0016164400000000044,0.0016035100000000068,0.0016331533333333375,0.0016429833333333275
-0.948,0.001341,0.001261,0.001374,0.001401,0.001456,0.001469,0.001484,0.001347,0.001341,0.001369,0.001494,0.001517,0.001579,0.00161,0.0016,0.001627,0.001637,0.0016113100000000012,0.0015959433333333313,0.0016282899999999962,0.0016380199999999998
-0.944,0.001335,0.001257,0.001368,0.001396,0.001451,0.001464,0.001479,0.001344,0.001337,0.001365,0.001489,0.001513,0.001574,0.001606,0.001593,0.001623,0.001632,0.0016066166666666663,0.0015910333333333368,0.0016237966666666635,0.001633360000000006
-0.94,0.00133,0.001253,0.001363,0.001391,0.001445,0.001459,0.001474,0.001342,0.001334,0.001362,0.001485,0.001508,0.00157,0.001601,0.001586,0.001619,0.001628,0.001604300000000004,0.001587533333333328,0.0016255533333333282,0.001635146666666671
-0.936,0.001325,0.001249,0.001357,0.001386,0.001441,0.001453,0.001469,0.001341,0.001331,0.00136,0.00148,0.001505,0.001565,0.001597,0.00158,0.001614,0.001623,0.001596093333333338,0.0015773466666666749,0.0016130733333333327,0.0016224599999999992
-0.932,0.001321,0.001247,0.001353,0.001382,0.001436,0.001449,0.001464,0.001339,0.001329,0.001358,0.001477,0.001501,0.001562,0.001593,0.001574,0.001611,0.00162,0.001593956666666673,0.001574680000000006,0.0016132099999999925,0.001622503333333338
-0.928,0.001317,0.001244,0.001349,0.001377,0.001432,0.001445,0.001461,0.001338,0.001327,0.001356,0.001474,0.001497,0.001558,0.001589,0.001569,0.001607,0.001616,0.0015890600000000024,0.0015678966666666612,0.0016071000000000056,0.0016160633333333367
-0.924,0.001312,0.001241,0.001344,0.001373,0.001427,0.001441,0.001456,0.001336,0.001324,0.001354,0.00147,0.001493,0.001554,0.001586,0.001564,0.001604,0.001613,0.001585309999999995,0.001561776666666668,0.0016034099999999996,0.0016123266666666612
-0.92,0.001309,0.001238,0.001341,0.00137,0.001424,0.001438,0.001453,0.001336,0.001323,0.001352,0.001466,0.001491,0.001552,0.001583,0.001559,0.001601,0.00161,0.0015830133333333332,0.0015578099999999956,0.0016012366666666707,0.0016100333333333326
-0.916,0.001306,0.001236,0.001337,0.001366,0.00142,0.001434,0.001449,0.001335,0.001321,0.001351,0.001464,0.001488,0.001549,0.00158,0.001554,0.001599,0.001607,0.0015801933333333418,0.001552843333333334,0.0015990100000000036,0.001607210000000008
-0.912,0.001302,0.001234,0.001334,0.001363,0.001417,0.001431,0.001446,0.001334,0.00132,0.001349,0.001461,0.001486,0.001546,0.001578,0.001551,0.001596,0.001605,0.001578463333333341,0.0015500200000000074,0.0015972066666666603,0.00160541333333334
-0.908,0.0013,0.001232,0.001331,0.001361,0.001414,0.001428,0.001443,0.001335,0.001318,0.001349,0.001459,0.001483,0.001544,0.001575,0.001547,0.001594,0.001602,0.0015757133333333326,0.0015468200000000078,0.0015944899999999957,0.001602586666666665
-0.904,0.001297,0.00123,0.001328,0.001357,0.00141,0.001425,0.001441,0.001334,0.001317,0.001347,0.001457,0.001481,0.001543,0.001574,0.001543,0.001592,0.0016,0.0015741633333333385,0.001542160000000005,0.001592343333333329,0.0016003233333333295
-0.9,0.001295,0.001229,0.001326,0.001355,0.001409,0.001423,0.001438,0.001335,0.001316,0.001348,0.001456,0.00148,0.001541,0.001573,0.00154,0.001591,0.001599,0.001573096666666663,0.001538903333333333,0.0015913100000000033,0.0015992400000000042
-0.896,0.001292,0.001228,0.001323,0.001353,0.001406,0.001421,0.001436,0.001335,0.001315,0.001347,0.001454,0.001478,0.00154,0.001571,0.001537,0.001589,0.001597,0.0015713999999999958,0.001536010000000004,0.0015896200000000019,0.0015975266666666693
-0.892,0.00129,0.001227,0.001321,0.001351,0.001404,0.001419,0.001435,0.001335,0.001314,0.001346,0.001453,0.001477,0.001538,0.00157,0.001534,0.001588,0.001596,0.0015698700000000038,0.0015333833333333274,0.001588199999999996,0.0015961166666666627
-0.888,0.001289,0.001226,0.00132,0.001349,0.001402,0.001418,0.001433,0.001336,0.001314,0.001346,0.001452,0.001476,0.001537,0.001568,0.001532,0.001587,0.001595,0.0015685000000000072,0.0015318199999999926,0.0015873700000000014,0.0015951800000000042
-0.884,0.001287,0.001225,0.001318,0.001349,0.001401,0.001417,0.001432,0.001337,0.001314,0.001346,0.001451,0.001475,0.001537,0.001568,0.00153,0.001587,0.001594,0.0015679466666666721,0.001529509999999991,0.0015869766666666673,0.0015940799999999995
-0.88,0.001286,0.001225,0.001317,0.001347,0.0014,0.001416,0.001431,0.001337,0.001314,0.001346,0.00145,0.001475,0.001536,0.001567,0.001528,0.001586,0.001593,0.0015673366666666658,0.0015283233333333248,0.0015863666666666608,0.0015934366666666717
-0.876,0.001285,0.001224,0.001316,0.001346,0.001399,0.001415,0.001429,0.001338,0.001314,0.001347,0.00145,0.001474,0.001536,0.001567,0.001527,0.001586,0.001593,0.001567009999999998,0.0015269299999999988,0.0015860466666666596,0.0015931533333333398
-0.872,0.001284,0.001224,0.001315,0.001345,0.001397,0.001414,0.001429,0.001339,0.001314,0.001348,0.001449,0.001474,0.001535,0.001566,0.001525,0.001585,0.001593,0.0015664233333333361,0.001525103333333335,0.001585506666666665,0.0015931166666666734
-0.868,0.001284,0.001224,0.001314,0.001344,0.001397,0.001414,0.001428,0.001342,0.001315,0.001348,0.00145,0.001474,0.001535,0.001567,0.001524,0.001586,0.001593,0.0015668399999999982,0.0015243400000000073,0.0015859433333333265,0.0015931133333333398
-0.864,0.001284,0.001225,0.001315,0.001345,0.001397,0.001414,0.001429,0.001343,0.001317,0.00135,0.001451,0.001475,0.001537,0.001567,0.001524,0.001587,0.001594,0.0015671066666666652,0.0015238400000000055,0.0015869966666666683,0.0015939499999999974
-0.86,0.001284,0.001225,0.001314,0.001345,0.001396,0.001414,0.001429,0.001345,0.001317,0.001351,0.001451,0.001476,0.001537,0.001567,0.001523,0.001587,0.001594,0.001567159999999998,0.0015233099999999995,0.0015871133333333353,0.0015939899999999963
-0.856,0.001284,0.001225,0.001314,0.001345,0.001397,0.001414,0.001429,0.001347,0.001318,0.001352,0.001452,0.001476,0.001537,0.001568,0.001523,0.001588,0.001594,0.0015677633333333384,0.001523143333333331,0.0015877366666666617,0.0015941066666666638
-0.852,0.001284,0.001226,0.001315,0.001345,0.001397,0.001414,0.001429,0.001349,0.001319,0.001353,0.001452,0.001477,0.001537,0.001568,0.001523,0.001588,0.001595,0.0015680733333333407,0.0015230633333333304,0.001588059999999994,0.0015948866666666713
-0.848,0.001285,0.001226,0.001315,0.001346,0.001398,0.001415,0.00143,0.001351,0.00132,0.001354,0.001453,0.001478,0.001538,0.001569,0.001523,0.001589,0.001596,0.0015689266666666635,0.001523329999999997,0.0015888733333333327,0.0015958599999999954
-0.844,0.001285,0.001227,0.001316,0.001346,0.001398,0.001415,0.001431,0.001352,0.001321,0.001356,0.001453,0.001478,0.001539,0.00157,0.001523,0.00159,0.001597,0.0015697400000000033,0.0015232333333333303,0.001589703333333327,0.0015968400000000008
-0.84,0.001285,0.001228,0.001316,0.001347,0.001398,0.001416,0.001431,0.001355,0.001322,0.001357,0.001454,0.001479,0.001539,0.00157,0.001523,0.00159,0.001598,0.0015699866666666713,0.0015232133333333315,0.001589963333333326,0.001597569999999996
-0.836,0.001286,0.001229,0.001317,0.001348,0.0014,0.001417,0.001432,0.001357,0.001324,0.001359,0.001456,0.001481,0.00154,0.001572,0.001524,0.001592,0.001599,0.0015718666666666712,0.0015246033333333408,0.0015917766666666614,0.0015989233333333363
-0.832,0.001287,0.001231,0.001318,0.001349,0.001401,0.001418,0.001433,0.00136,0.001325,0.001361,0.001457,0.001482,0.001542,0.001573,0.001524,0.001593,0.0016,0.0015730699999999982,0.0015251033333333413,0.001592983333333336,0.0016000499999999976
-0.828,0.001288,0.001231,0.001319,0.00135,0.001402,0.001419,0.001435,0.001362,0.001327,0.001363,0.001458,0.001483,0.001543,0.001574,0.001525,0.001594,0.001601,0.0015739433333333385,0.0015256333333333357,0.0015938766666666634,0.001600923333333338
-0.824,0.001289,0.001233,0.00132,0.001352,0.001403,0.001421,0.001436,0.001365,0.001329,0.001366,0.00146,0.001485,0.001544,0.001576,0.001526,0.001596,0.001603,0.001575666666666674,0.0015269900000000082,0.0015955533333333251,0.001602630000000007
-0.82,0.001291,0.001234,0.001322,0.001353,0.001405,0.001422,0.001438,0.001368,0.001331,0.001368,0.001462,0.001487,0.001546,0.001578,0.001527,0.001598,0.001605,0.001577970000000009,0.001528346666666669,0.001598246666666659,0.0016048866666666757
-0.816,0.001292,0.001236,0.001324,0.001355,0.001406,0.001424,0.001439,0.001371,0.001333,0.00137,0.001463,0.001489,0.001548,0.00158,0.001529,0.0016,0.001607,0.0015798366666666744,0.001529913333333335,0.0016001199999999961,0.0016067600000000072
-0.812,0.001293,0.001238,0.001325,0.001356,0.001407,0.001425,0.00144,0.001373,0.001334,0.001372,0.001465,0.00149,0.001549,0.001581,0.001529,0.001601,0.001608,0.0015808100000000013,0.001529573333333334,0.0016006800000000032,0.0016077866666666676
-0.808,0.001294,0.001239,0.001326,0.001358,0.001409,0.001427,0.001442,0.001376,0.001337,0.001375,0.001467,0.001493,0.00155,0.001583,0.00153,0.001602,0.00161,0.0015821466666666667,0.0015309133333333278,0.0016013799999999988,0.0016090833333333332
-0.804,0.001296,0.001242,0.001329,0.00136,0.001411,0.00143,0.001444,0.001379,0.001339,0.001377,0.00147,0.001495,0.001553,0.001586,0.001532,0.001605,0.001612,0.0015847133333333275,0.0015333699999999935,0.0016038133333333396,0.0016111866666666673
-0.8,0.001298,0.001244,0.001331,0.001362,0.001414,0.001432,0.001447,0.001383,0.001342,0.00138,0.001472,0.001497,0.001555,0.001587,0.001534,0.001607,0.001615,0.0015869066666666667,0.0015347833333333265,0.0016065066666666758,0.0016143766666666614
-0.796,0.0013,0.001246,0.001333,0.001365,0.001416,0.001434,0.001449,0.001386,0.001344,0.001383,0.001475,0.0015,0.001557,0.00159,0.001536,0.001609,0.001617,0.001589369999999995,0.0015368633333333276,0.0016086033333333432,0.001616606666666661
-0.792,0.001302,0.001249,0.001335,0.001367,0.001419,0.001437,0.001451,0.00139,0.001347,0.001386,0.001477,0.001503,0.001559,0.001592,0.001538,0.001612,0.00162,0.0015928166666666615,0.0015413033333333288,0.0016148200000000034,0.0016232833333333365
-0.788,0.001305,0.001252,0.001338,0.00137,0.001422,0.00144,0.001455,0.001394,0.00135,0.00139,0.00148,0.001506,0.001562,0.001595,0.001541,0.001615,0.001623,0.0015960400000000045,0.0015451000000000024,0.0016179333333333264,0.0016265366666666653
-0.784,0.001307,0.001255,0.001341,0.001373,0.001425,0.001443,0.001458,0.001397,0.001353,0.001393,0.001483,0.001509,0.001564,0.001598,0.001543,0.001617,0.001626,0.0015979933333333295,0.0015455933333333365,0.001618523333333327,0.001627966666666669
-0.78,0.001309,0.001258,0.001344,0.001376,0.001428,0.001446,0.00146,0.0014,0.001356,0.001396,0.001486,0.001512,0.001567,0.001601,0.001546,0.00162,0.001629,0.0016028433333333367,0.001556049999999997,0.0016259866666666694,0.0016377899999999968
-0.776,0.001313,0.001261,0.001347,0.001379,0.001431,0.001449,0.001463,0.001404,0.001359,0.0014,0.001489,0.001515,0.00157,0.001604,0.001548,0.001623,0.001631,0.0016077099999999983,0.0015599499999999955,0.001633866666666665,0.0016432433333333283
-0.772,0.001316,0.001264,0.00135,0.001383,0.001434,0.001452,0.001467,0.001408,0.001363,0.001404,0.001492,0.001518,0.001573,0.001607,0.001552,0.001626,0.001635,0.001608313333333338,0.0015571666666666629,0.0016301533333333354,0.001639879999999996
-0.768,0.001319,0.001267,0.001354,0.001386,0.001437,0.001456,0.00147,0.001412,0.001366,0.001408,0.001495,0.001522,0.001575,0.001611,0.001555,0.001629,0.001638,0.0016111933333333279,0.0015579033333333239,0.0016308999999999985,0.0016401033333333253
-0.764,0.001322,0.00127,0.001357,0.00139,0.001441,0.001459,0.001473,0.001417,0.001369,0.001411,0.001498,0.001525,0.001579,0.001614,0.001557,0.001632,0.001641,0.001613526666666668,0.0015585599999999905,0.0016319366666666725,0.0016410066666666672
-0.76,0.001326,0.001274,0.001361,0.001393,0.001444,0.001463,0.001477,0.00142,0.001373,0.001415,0.001502,0.001529,0.001582,0.001618,0.001561,0.001636,0.001645,0.001617613333333339,0.001562809999999993,0.0016355366666666747,0.001644556666666671
-0.756,0.00133,0.001278,0.001365,0.001397,0.001448,0.001466,0.001481,0.001425,0.001377,0.001419,0.001506,0.001533,0.001586,0.001622,0.001565,0.00164,0.001649,0.0016220400000000067,0.0015663666666666633,0.0016397799999999954,0.0016488100000000032
-0.752,0.001333,0.001282,0.001368,0.001401,0.001453,0.00147,0.001484,0.001429,0.001381,0.001423,0.001509,0.001536,0.001589,0.001626,0.001568,0.001643,0.001652,0.0016253833333333392,0.0015694700000000044,0.0016429600000000017,0.0016521099999999955
-0.748,0.001337,0.001286,0.001372,0.001404,0.001456,0.001474,0.001488,0.001433,0.001385,0.001427,0.001513,0.00154,0.001592,0.00163,0.001572,0.001647,0.001657,0.0016294866666666733,0.0015734266666666717,0.0016469800000000064,0.001656756666666671
-0.744,0.001341,0.001289,0.001376,0.001408,0.00146,0.001477,0.001492,0.001438,0.001389,0.001431,0.001517,0.001545,0.001596,0.001633,0.001575,0.001651,0.00166,0.0016335166666666637,0.0015784066666666638,0.0016523500000000088,0.0016618833333333324
-0.74,0.001346,0.001293,0.00138,0.001413,0.001464,0.001482,0.001496,0.001442,0.001393,0.001436,0.001521,0.001549,0.0016,0.001638,0.001579,0.001655,0.001665,0.00163856999999999,0.0015829199999999979,0.0016573400000000065,0.001667476666666673
-0.736,0.001349,0.001297,0.001385,0.001417,0.001468,0.001486,0.0015,0.001447,0.001397,0.00144,0.001525,0.001553,0.001604,0.001642,0.001583,0.001659,0.001669,0.001642383333333327,0.0015863233333333318,0.0016611400000000082,0.0016713366666666592
-0.732,0.001354,0.001301,0.001389,0.001421,0.001472,0.00149,0.001504,0.001451,0.001401,0.001445,0.001529,0.001557,0.001608,0.001647,0.001588,0.001663,0.001673,0.0016477933333333384,0.0015931033333333273,0.0016654700000000085,0.0016765299999999949
-0.728,0.001358,0.001305,0.001393,0.001425,0.001477,0.001494,0.001508,0.001456,0.001405,0.001449,0.001533,0.001562,0.001611,0.001651,0.001592,0.001668,0.001678,0.0016520433333333398,0.0015967799999999956,0.0016701333333333354,0.0016801600000000045
-0.724,0.001363,0.00131,0.001397,0.001429,0.001481,0.001499,0.001513,0.001461,0.00141,0.001454,0.001538,0.001566,0.001616,0.001656,0.001597,0.001673,0.001682,0.0016570933333333322,0.00160118666666667,0.0016739799999999938,0.0016838433333333372
-0.72,0.001368,0.001314,0.001401,0.001434,0.001485,0.001503,0.001517,0.001466,0.001414,0.001459,0.001542,0.001571,0.00162,0.001661,0.001601,0.001677,0.001687,0.0016610466666666743,0.0016038866666666716,0.001678106666666663,0.0016880933333333326
-0.716,0.001372,0.001319,0.001406,0.001438,0.00149,0.001508,0.001521,0.001471,0.001419,0.001463,0.001547,0.001576,0.001625,0.001665,0.001606,0.001682,0.001692,0.0016648300000000108,0.0016087699999999974,0.0016825433333333376,0.0016922766666666751
-0.712,0.001376,0.001322,0.00141,0.001442,0.001494,0.001512,0.001526,0.001476,0.001423,0.001468,0.001551,0.00158,0.001629,0.00167,0.001611,0.001686,0.001697,0.0016694800000000046,0.0016137933333333259,0.001686830000000007,0.0016970633333333366
-0.708,0.001381,0.001328,0.001415,0.001447,0.001499,0.001517,0.001531,0.001481,0.001428,0.001473,0.001556,0.001586,0.001634,0.001675,0.001616,0.001692,0.001702,0.0016744766666666644,0.001619150000000001,0.0016926966666666761,0.0017025099999999967
-0.704,0.001386,0.001332,0.001419,0.001452,0.001504,0.001522,0.001536,0.001486,0.001433,0.001478,0.001561,0.001591,0.001639,0.00168,0.001621,0.001697,0.001707,0.0016799266666666676,0.0016240866666666627,0.0016985100000000027,0.0017086600000000003
-0.7,0.001391,0.001336,0.001424,0.001457,0.001509,0.001527,0.00154,0.001491,0.001437,0.001483,0.001566,0.001596,0.001644,0.001685,0.001627,0.001702,0.001712,0.001684719999999998,0.0016291766666666617,0.0017034233333333296,0.00171321333333333
-0.696,0.001395,0.001341,0.001429,0.001461,0.001514,0.001532,0.001545,0.001496,0.001442,0.001489,0.001571,0.001601,0.001649,0.001691,0.001632,0.001707,0.001718,0.0016899333333333314,0.0016341733333333339,0.0017073033333333339,0.0017174199999999953
-0.692,0.0014,0.001346,0.001434,0.001466,0.001519,0.001538,0.001551,0.001502,0.001448,0.001494,0.001577,0.001606,0.001654,0.001697,0.001638,0.001713,0.001723,0.0016955533333333332,0.0016420799999999913,0.0017124933333333382,0.0017220499999999921
-0.688,0.001405,0.001351,0.001439,0.001471,0.001525,0.001543,0.001556,0.001507,0.001452,0.0015,0.001582,0.001612,0.00166,0.001702,0.001644,0.001718,0.001729,0.0016995766666666615,0.0016474266666666592,0.0017165599999999996,0.0017257899999999938
-0.684,0.00141,0.001355,0.001444,0.001476,0.00153,0.001548,0.001561,0.001512,0.001457,0.001505,0.001588,0.001618,0.001665,0.001708,0.00165,0.001724,0.001734,0.001706699999999996,0.001653926666666662,0.0017239266666666687,0.0017332833333333396
-0.68,0.001415,0.00136,0.001448,0.001481,0.001535,0.001553,0.001567,0.001518,0.001463,0.00151,0.001592,0.001623,0.001671,0.001713,0.001656,0.00173,0.00174,0.001711793333333338,0.0016606266666666632,0.0017306133333333377,0.0017409500000000063
-0.676,0.00142,0.001365,0.001454,0.001487,0.001541,0.001559,0.001572,0.001524,0.001468,0.001516,0.001599,0.001629,0.001676,0.001719,0.001663,0.001736,0.001746,0.0017184200000000098,0.0016676733333333394,0.0017368800000000025,0.001746820000000008
-0.672,0.001425,0.00137,0.00146,0.001492,0.001546,0.001565,0.001578,0.001529,0.001474,0.001522,0.001604,0.001635,0.001683,0.001726,0.001669,0.001742,0.001752,0.0017249066666666715,0.0016727799999999952,0.00174218333333334,0.0017519499999999939
-0.668,0.00143,0.001375,0.001465,0.001497,0.001552,0.00157,0.001584,0.001535,0.001479,0.001527,0.00161,0.001641,0.001688,0.001732,0.001676,0.001748,0.001758,0.001730913333333339,0.0016790200000000018,0.0017476666666666745,0.001757583333333327
-0.664,0.001436,0.00138,0.00147,0.001503,0.001558,0.001576,0.00159,0.001541,0.001485,0.001533,0.001616,0.001647,0.001694,0.001738,0.001683,0.001754,0.001764,0.001736426666666672,0.001684479999999997,0.001753146666666664,0.0017627533333333268
-0.66,0.001441,0.001386,0.001476,0.001509,0.001564,0.001583,0.001596,0.001547,0.00149,0.001539,0.001622,0.001654,0.001701,0.001745,0.00169,0.001761,0.001771,0.0017434199999999981,0.0016928266666666732,0.0017605566666666712,0.0017705800000000023
-0.656,0.001446,0.001391,0.001481,0.001514,0.00157,0.001589,0.001602,0.001553,0.001496,0.001545,0.001628,0.00166,0.001707,0.001751,0.001697,0.001768,0.001777,0.0017487433333333324,0.0016985966666666693,0.0017666266666666638,0.0017754499999999929
-0.652,0.001451,0.001396,0.001487,0.00152,0.001576,0.001594,0.001608,0.001558,0.001502,0.001551,0.001634,0.001666,0.001713,0.001757,0.001704,0.001774,0.001784,0.001754643333333337,0.0017062266666666647,0.0017737899999999988,0.0017829766666666665
-0.648,0.001456,0.001402,0.001492,0.001525,0.001582,0.001601,0.001614,0.001564,0.001508,0.001557,0.00164,0.001672,0.00172,0.001763,0.001711,0.001781,0.001791,0.0017601700000000023,0.0017151666666666713,0.0017810333333333284,0.001790063333333328
-0.644,0.001462,0.001408,0.001499,0.001532,0.001588,0.001607,0.001621,0.001571,0.001514,0.001564,0.001647,0.001679,0.001727,0.001771,0.001719,0.001787,0.001798,0.001771033333333338,0.0017269333333333422,0.0017932899999999956,0.0018038933333333366
-0.64,0.001467,0.001413,0.001504,0.001538,0.001595,0.001613,0.001627,0.001577,0.00152,0.00157,0.001654,0.001686,0.001733,0.001778,0.001726,0.001794,0.001804,0.0017780266666666677,0.0017291300000000036,0.0017962133333333352,0.0018065066666666733
-0.636,0.001473,0.001418,0.00151,0.001544,0.001601,0.00162,0.001634,0.001583,0.001526,0.001576,0.001659,0.001692,0.001739,0.001784,0.001733,0.001801,0.001811,0.0017835000000000027,0.0017348366666666644,0.0018020766666666673,0.0018121400000000035
-0.632,0.001478,0.001424,0.001516,0.00155,0.001607,0.001626,0.00164,0.001589,0.001532,0.001582,0.001666,0.0017,0.001746,0.001791,0.001741,0.001808,0.001818,0.0017901399999999952,0.0017442366666666643,0.0018102666666666633,0.0018198266666666608
-0.628,0.001484,0.00143,0.001522,0.001556,0.001614,0.001633,0.001647,0.001596,0.001539,0.001589,0.001673,0.001706,0.001753,0.001798,0.001748,0.001815,0.001826,0.0017962400000000012,0.0017510433333333382,0.0018146633333333384,0.0018250933333333282
-0.624,0.001489,0.001436,0.001528,0.001562,0.001621,0.00164,0.001653,0.001602,0.001544,0.001596,0.00168,0.001713,0.00176,0.001805,0.001756,0.001821,0.001832,0.0018036399999999963,0.0017613366666666616,0.001825763333333336,0.0018362333333333274
-0.62,0.001494,0.001442,0.001534,0.001569,0.001627,0.001646,0.00166,0.001609,0.001551,0.001602,0.001686,0.001721,0.001766,0.001812,0.001763,0.001829,0.001839,0.001811619999999996,0.001769346666666668,0.0018349366666666714,0.0018456333333333286
-0.616,0.0015,0.001448,0.00154,0.001574,0.001633,0.001653,0.001667,0.001616,0.001557,0.001609,0.001693,0.001727,0.001773,0.001819,0.001771,0.001836,0.001847,0.001817650000000002,0.0017737033333333364,0.0018372966666666667,0.001847399999999998
-0.612,0.001505,0.001454,0.001547,0.001581,0.00164,0.00166,0.001674,0.001622,0.001564,0.001616,0.0017,0.001735,0.00178,0.001826,0.001779,0.001843,0.001854,0.0018239699999999955,0.0017845566666666586,0.001846546666666667,0.0018553433333333398
-0.608,0.001511,0.00146,0.001553,0.001587,0.001647,0.001667,0.001681,0.001629,0.00157,0.001622,0.001707,0.001742,0.001787,0.001833,0.001786,0.00185,0.001861,0.0018278766666666576,0.00179229,0.0018514200000000044,0.0018595833333333348
-0.604,0.001517,0.001466,0.001559,0.001594,0.001654,0.001673,0.001687,0.001636,0.001576,0.001629,0.001714,0.001749,0.001794,0.00184,0.001794,0.001857,0.001868,0.0018370999999999993,0.0017981466666666694,0.0018583233333333334,0.0018675799999999946
-0.6,0.001522,0.001472,0.001565,0.001601,0.001661,0.00168,0.001694,0.001643,0.001583,0.001636,0.001721,0.001756,0.001801,0.001848,0.001801,0.001865,0.001875,0.0018450899999999995,0.0018052800000000018,0.0018660300000000027,0.0018755966666666657
-0.596,0.001528,0.001478,0.001572,0.001607,0.001668,0.001688,0.001701,0.00165,0.00159,0.001643,0.001728,0.001763,0.001809,0.001855,0.001809,0.001872,0.001883,0.0018534933333333341,0.001813860000000001,0.0018757833333333303,0.001886676666666669
-0.592,0.001534,0.001485,0.001579,0.001614,0.001675,0.001695,0.001709,0.001657,0.001597,0.001651,0.001736,0.001771,0.001816,0.001862,0.001816,0.00188,0.001891,0.0018608466666666635,0.0018219400000000004,0.001882846666666664,0.0018936999999999945
-0.588,0.00154,0.001491,0.001585,0.00162,0.001683,0.001702,0.001716,0.001664,0.001604,0.001657,0.001743,0.001778,0.001823,0.00187,0.001824,0.001887,0.001898,0.0018677066666666661,0.0018272366666666666,0.0018886166666666707,0.0018996066666666664
-0.584,0.001545,0.001498,0.001592,0.001627,0.001689,0.001709,0.001723,0.001671,0.00161,0.001665,0.00175,0.001785,0.00183,0.001878,0.001832,0.001894,0.001906,0.0018735466666666679,0.0018335699999999966,0.0018922600000000004,0.0019026833333333356
-0.58,0.001552,0.001505,0.001599,0.001635,0.001696,0.001717,0.001731,0.001679,0.001618,0.001672,0.001758,0.001793,0.001838,0.001885,0.00184,0.001902,0.001913,0.001879786666666674,0.001841543333333331,0.0018989266666666663,0.0019085533333333383
-0.576,0.001558,0.001512,0.001606,0.001642,0.001704,0.001724,0.001738,0.001686,0.001625,0.001679,0.001765,0.001801,0.001845,0.001893,0.001847,0.00191,0.001921,0.0018885166666666668,0.0018474299999999965,0.001907140000000002,0.0019167099999999996
-0.572,0.001564,0.001518,0.001614,0.001649,0.001711,0.001731,0.001745,0.001694,0.001632,0.001687,0.001772,0.001809,0.001853,0.001901,0.001855,0.001918,0.001928,0.0018976533333333317,0.0018555033333333337,0.001916126666666658,0.001925573333333335
-0.568,0.001571,0.001526,0.00162,0.001656,0.001719,0.001739,0.001753,0.001701,0.001639,0.001695,0.00178,0.001816,0.001861,0.001909,0.001863,0.001926,0.001936,0.0019038600000000005,0.0018635533333333306,0.00192167666666666,0.0019311133333333346
-0.564,0.001577,0.001533,0.001628,0.001664,0.001727,0.001747,0.001761,0.001709,0.001647,0.001703,0.001788,0.001825,0.001869,0.001917,0.001871,0.001934,0.001945,0.0019151666666666644,0.0018747266666666684,0.0019342133333333296,0.0019457266666666566
-0.56,0.001584,0.001541,0.001635,0.001671,0.001735,0.001755,0.001769,0.001717,0.001655,0.00171,0.001796,0.001832,0.001876,0.001925,0.001879,0.001941,0.001953,0.0019216600000000002,0.0018785666666666688,0.0019373266666666712,0.0019481999999999926
-0.556,0.001591,0.001548,0.001643,0.001679,0.001743,0.001763,0.001777,0.001725,0.001663,0.001718,0.001804,0.001841,0.001884,0.001933,0.001888,0.00195,0.001961,0.001930293333333335,0.0018891966666666677,0.0019481766666666718,0.001960356666666661
-0.552,0.001597,0.001556,0.00165,0.001686,0.001751,0.001771,0.001785,0.001734,0.00167,0.001727,0.001811,0.001849,0.001892,0.001941,0.001896,0.001958,0.001969,0.0019357300000000055,0.0018986433333333375,0.001955580000000006,0.0019677533333333328
-0.548,0.001605,0.001564,0.001658,0.001694,0.001759,0.00178,0.001793,0.001742,0.001679,0.001734,0.00182,0.001858,0.001901,0.00195,0.001904,0.001966,0.001977,0.0019430333333333369,0.0019050433333333387,0.001960413333333342,0.001969600000000004
-0.544,0.001612,0.001572,0.001666,0.001702,0.001768,0.001788,0.001801,0.00175,0.001687,0.001743,0.001829,0.001866,0.001909,0.001958,0.001913,0.001974,0.001986,0.0019495733333333375,0.0019152666666666699,0.001969299999999998,0.001978343333333334
-0.54,0.00162,0.00158,0.001674,0.001711,0.001776,0.001796,0.001809,0.001759,0.001695,0.001752,0.001837,0.001874,0.001917,0.001966,0.001921,0.001983,0.001994,0.0019612500000000073,0.0019270433333333319,0.001985223333333335,0.0019931300000000027
-0.536,0.001627,0.001588,0.001683,0.001719,0.001784,0.001805,0.001818,0.001767,0.001703,0.00176,0.001845,0.001883,0.001925,0.001975,0.00193,0.001991,0.002003,0.0019701733333333314,0.0019380199999999936,0.0019956333333333355,0.0020032833333333273
-0.532,0.001635,0.001597,0.001691,0.001727,0.001793,0.001813,0.001827,0.001776,0.001712,0.001769,0.001854,0.001892,0.001934,0.001984,0.001939,0.002,0.002012,0.0019774866666666625,0.0019441033333333399,0.001999793333333335,0.0020091866666666703
-0.528,0.001643,0.001605,0.001699,0.001736,0.001802,0.001822,0.001835,0.001785,0.001721,0.001778,0.001863,0.001901,0.001943,0.001993,0.001948,0.002009,0.00202,0.0019864166666666724,0.001952659999999999,0.0020091733333333344,0.002018256666666674
-0.524,0.001651,0.001614,0.001708,0.001744,0.001811,0.001831,0.001844,0.001794,0.001729,0.001787,0.001872,0.00191,0.001952,0.002002,0.001957,0.002018,0.002029,0.001998826666666663,0.001960869999999994,0.002019466666666667,0.0020304166666666617
-0.52,0.001659,0.001622,0.001716,0.001753,0.001819,0.00184,0.001853,0.001803,0.001738,0.001796,0.00188,0.001919,0.00196,0.002011,0.001966,0.002027,0.002038,0.0020070033333333286,0.001967326666666674,0.0020252500000000006,0.002036773333333327
-0.516,0.001668,0.001631,0.001726,0.001762,0.001828,0.001849,0.001862,0.001812,0.001747,0.001805,0.00189,0.001928,0.00197,0.002021,0.001976,0.002036,0.002048,0.0020151133333333343,0.0019779699999999943,0.0020337000000000007,0.002045100000000002
-0.512,0.001676,0.00164,0.001734,0.001771,0.001837,0.001858,0.001871,0.001822,0.001757,0.001814,0.001899,0.001937,0.001979,0.00203,0.001985,0.002046,0.002057,0.0020229533333333254,0.0019851333333333362,0.0020415899999999963,0.0020532633333333263
-0.508,0.001684,0.001649,0.001742,0.001779,0.001846,0.001867,0.00188,0.00183,0.001765,0.001823,0.001907,0.001946,0.001988,0.002039,0.001994,0.002055,0.002066,0.002031343333333339,0.0019964000000000045,0.002053266666666663,0.002065790000000005
-0.504,0.001692,0.001657,0.001751,0.001788,0.001855,0.001877,0.00189,0.00184,0.001774,0.001832,0.001917,0.001956,0.001997,0.002048,0.002004,0.002064,0.002076,0.0020397500000000042,0.002004726666666671,0.0020596066666666653,0.0020731833333333363
-0.5,0.001701,0.001666,0.00176,0.001797,0.001865,0.001886,0.001899,0.001849,0.001784,0.001842,0.001927,0.001966,0.002007,0.002058,0.002014,0.002074,0.002086,0.002050583333333336,0.0020151433333333336,0.0020717533333333383,0.002085736666666665
-0.496,0.001709,0.001675,0.001769,0.001805,0.001874,0.001895,0.001908,0.001858,0.001792,0.001851,0.001936,0.001975,0.002017,0.002068,0.002024,0.002084,0.002096,0.0020614433333333315,0.0020261766666666743,0.00208267666666666,0.002097259999999995
-0.492,0.001717,0.001683,0.001777,0.001814,0.001882,0.001904,0.001917,0.001866,0.001802,0.00186,0.001945,0.001985,0.002026,0.002077,0.002034,0.002093,0.002105,0.002073146666666663,0.0020345699999999947,0.002091360000000005,0.0021053866666666736
-0.488,0.001724,0.00169,0.001785,0.001822,0.001891,0.001913,0.001926,0.001875,0.00181,0.001869,0.001954,0.001994,0.002035,0.002086,0.002043,0.002103,0.002115,0.0020813566666666645,0.002044193333333337,0.0021011733333333336,0.002114906666666662
-0.484,0.001732,0.001697,0.001793,0.00183,0.001899,0.001921,0.001934,0.001883,0.001819,0.001878,0.001963,0.002004,0.002045,0.002096,0.002054,0.002113,0.002125,0.002091403333333327,0.002054926666666668,0.002111076666666666,0.002125969999999999
-0.48,0.001739,0.001704,0.001801,0.001838,0.001908,0.00193,0.001943,0.001892,0.001827,0.001887,0.001973,0.002013,0.002054,0.002105,0.002063,0.002123,0.002135,0.0020996366666666743,0.002064210000000002,0.002120013333333327,0.002135129999999998
-0.476,0.001745,0.001711,0.001808,0.001845,0.001915,0.001937,0.001952,0.001899,0.001835,0.001895,0.001981,0.002022,0.002062,0.002114,0.002073,0.002132,0.002144,0.0021040366666666634,0.0020696633333333295,0.0021220000000000063,0.002134340000000001
-0.472,0.001751,0.001717,0.001815,0.001853,0.001923,0.001946,0.001959,0.001907,0.001843,0.001903,0.00199,0.002031,0.002072,0.002123,0.002082,0.002141,0.002154,0.0021125999999999957,0.0020781133333333305,0.002129896666666662,0.0021439866666666625
-0.468,0.001757,0.001723,0.001822,0.00186,0.001931,0.001953,0.001967,0.001914,0.001851,0.001912,0.001999,0.002039,0.002081,0.002132,0.002091,0.002151,0.002163,0.002126946666666674,0.0020915166666666636,0.002146700000000007,0.0021594033333333425
-0.464,0.001763,0.001729,0.001829,0.001866,0.001938,0.00196,0.001975,0.001922,0.001858,0.00192,0.002007,0.002048,0.002089,0.00214,0.0021,0.002159,0.002173,0.0021366599999999994,0.0021015199999999965,0.0021569466666666744,0.0021715799999999954
-0.46,0.001768,0.001734,0.001834,0.001873,0.001945,0.001968,0.001982,0.001929,0.001866,0.001928,0.002015,0.002057,0.002097,0.002149,0.002109,0.002168,0.002182,0.002146496666666664,0.00211103000000001,0.0021673433333333266,0.002183276666666674
-0.456,0.001773,0.00174,0.00184,0.001879,0.001951,0.001974,0.001989,0.001936,0.001873,0.001935,0.002023,0.002065,0.002105,0.002157,0.002118,0.002177,0.00219,0.0021543233333333324,0.0021182833333333326,0.0021748866666666603,0.0021889466666666787
-0.452,0.001779,0.001747,0.001847,0.001886,0.001959,0.001983,0.001998,0.001944,0.001882,0.001945,0.002033,0.002074,0.002115,0.002166,0.002128,0.002187,0.002201,0.002163576666666669,0.002128220000000009,0.002184913333333336,0.002199216666666674
-0.448,0.001785,0.001752,0.001854,0.001892,0.001966,0.00199,0.002005,0.001952,0.001889,0.001952,0.002041,0.002082,0.002123,0.002175,0.002136,0.002196,0.002209,0.00217135666666667,0.002135396666666676,0.002192153333333329,0.0022045866666666743
-0.444,0.00179,0.001758,0.00186,0.001899,0.001973,0.001997,0.002012,0.001958,0.001896,0.00196,0.002048,0.00209,0.002131,0.002183,0.002144,0.002205,0.002218,0.0021731200000000054,0.002137503333333337,0.002191510000000004,0.0022053166666666756
-0.44,0.001796,0.001764,0.001866,0.001905,0.00198,0.002004,0.002019,0.001966,0.001903,0.001968,0.002057,0.002099,0.00214,0.002191,0.002153,0.002214,0.002227,0.002182256666666673,0.00214822333333333,0.0022029266666666715,0.002216566666666662
-0.436,0.001802,0.001771,0.001873,0.001912,0.001987,0.002011,0.002027,0.001973,0.001911,0.001976,0.002065,0.002107,0.002148,0.002199,0.002162,0.002223,0.002236,0.0021868633333333304,0.002153583333333331,0.002205863333333327,0.002220360000000004
-0.432,0.001808,0.001778,0.001879,0.001919,0.001994,0.002019,0.002035,0.001981,0.001919,0.001984,0.002073,0.002115,0.002156,0.002207,0.00217,0.002232,0.002245,0.002195179999999994,0.0021634500000000025,0.0022163366666666713,0.0022284700000000067
-0.428,0.001814,0.001784,0.001886,0.001925,0.002001,0.002026,0.002041,0.001989,0.001927,0.001992,0.002081,0.002124,0.002165,0.002216,0.002179,0.002242,0.002254,0.0022085266666666634,0.0021770466666666695,0.0022326766666666653,0.0022440266666666608
-0.424,0.00182,0.001791,0.001893,0.001932,0.002009,0.002033,0.002049,0.001996,0.001935,0.002,0.002089,0.002132,0.002173,0.002224,0.002187,0.00225,0.002263,0.0022157833333333356,0.0021848333333333377,0.00224095999999999,0.002252066666666671
-0.42,0.001827,0.001798,0.0019,0.001939,0.002017,0.002041,0.002057,0.002004,0.001943,0.002009,0.002098,0.002141,0.002182,0.002233,0.002196,0.00226,0.002272,0.0022298566666666708,0.002198763333333327,0.002258243333333335,0.002269336666666673
-0.416,0.001834,0.001805,0.001907,0.001947,0.002024,0.002049,0.002065,0.002012,0.001951,0.002017,0.002107,0.002149,0.002191,0.002242,0.002205,0.00227,0.002281,0.0022358466666666647,0.0022053666666666722,0.0022641899999999967,0.002274319999999994
-0.412,0.00184,0.001812,0.001914,0.001954,0.002031,0.002057,0.002073,0.00202,0.001959,0.002025,0.002115,0.002158,0.0022,0.00225,0.002214,0.002279,0.00229,0.0022458599999999906,0.002215263333333338,0.002275429999999999,0.0022850966666666697
-0.408,0.001847,0.001819,0.001921,0.001962,0.002039,0.002065,0.00208,0.002028,0.001967,0.002034,0.002123,0.002167,0.002209,0.002259,0.002222,0.002289,0.002299,0.0022559866666666726,0.002222633333333325,0.002286029999999998,0.002295600000000006
-0.404,0.001854,0.001826,0.001928,0.001968,0.002047,0.002072,0.002088,0.002036,0.001975,0.002042,0.002132,0.002175,0.002217,0.002267,0.002231,0.002298,0.002307,0.0022632966666666756,0.0022303799999999928,0.0022940266666666743,0.0023037633333333283
-0.4,0.001861,0.001834,0.001936,0.001976,0.002055,0.00208,0.002096,0.002044,0.001983,0.00205,0.002141,0.002184,0.002226,0.002276,0.00224,0.002308,0.002317,0.0022712566666666574,0.0022394500000000044,0.0023029199999999926,0.0023115766666666746
-0.396,0.001868,0.001841,0.001944,0.001984,0.002062,0.002088,0.002104,0.002052,0.001992,0.002059,0.002149,0.002192,0.002235,0.002285,0.002249,0.002318,0.002326,0.0022746333333333248,0.002242133333333326,0.002302046666666668,0.002311610000000008
-0.392,0.001875,0.001849,0.001951,0.001991,0.00207,0.002096,0.002113,0.00206,0.002,0.002067,0.002158,0.002201,0.002244,0.002294,0.002259,0.002327,0.002335,0.0022849400000000074,0.002257436666666673,0.002315503333333333,0.0023265366666666587
-0.388,0.001883,0.001857,0.001959,0.001999,0.002079,0.002104,0.002121,0.002069,0.002009,0.002076,0.002167,0.00221,0.002254,0.002303,0.002268,0.002338,0.002345,0.002298256666666676,0.0022736566666666713,0.002336866666666658,0.0023468966666666717
-0.384,0.00189,0.001865,0.001967,0.002007,0.002087,0.002113,0.002129,0.002078,0.002018,0.002085,0.002177,0.002219,0.002264,0.002312,0.002277,0.002347,0.002354,0.0023092399999999963,0.0022820633333333258,0.002348026666666661,0.0023565100000000013
-0.38,0.001897,0.001873,0.001974,0.002015,0.002095,0.002121,0.002137,0.002086,0.002026,0.002093,0.002185,0.002228,0.002273,0.002321,0.002286,0.002357,0.002363,0.002316696666666672,0.002287360000000002,0.0023543566666666712,0.002361760000000004
-0.376,0.001905,0.001881,0.001983,0.002023,0.002104,0.00213,0.002146,0.002095,0.002036,0.002102,0.002194,0.002237,0.002283,0.002331,0.002296,0.002366,0.002372,0.0023251666666666677,0.0022967466666666656,0.002360579999999993,0.0023671766666666727
-0.372,0.001913,0.001889,0.001991,0.002032,0.002112,0.002138,0.002155,0.002104,0.002045,0.002111,0.002204,0.002247,0.002293,0.002339,0.002305,0.002376,0.002382,0.0023324466666666613,0.002305820000000002,0.002368910000000002,0.0023755999999999994
-0.368,0.001921,0.001898,0.001999,0.00204,0.00212,0.002147,0.002163,0.002112,0.002054,0.00212,0.002213,0.002256,0.002303,0.002349,0.002314,0.002386,0.002391,0.002345920000000002,0.0023144933333333357,0.002382889999999998,0.002388459999999999
-0.364,0.001929,0.001905,0.002007,0.002048,0.002129,0.002156,0.002172,0.002121,0.002063,0.002129,0.002222,0.002265,0.002313,0.002358,0.002323,0.002396,0.002401,0.002354666666666669,0.0023252933333333327,0.0023925533333333266,0.0023983099999999955
-0.36,0.001937,0.001914,0.002015,0.002056,0.002137,0.002164,0.002181,0.00213,0.002072,0.002138,0.002231,0.002274,0.002322,0.002367,0.002333,0.002405,0.00241,0.002363996666666672,0.0023344800000000008,0.002402993333333326,0.0024085633333333395
-0.356,0.001945,0.001923,0.002024,0.002065,0.002146,0.002173,0.00219,0.002139,0.002082,0.002147,0.002241,0.002283,0.002332,0.002376,0.002342,0.002415,0.00242,0.002373596666666673,0.002343873333333329,0.0024136899999999866,0.0024195766666666595
-0.352,0.001953,0.001931,0.002032,0.002074,0.002155,0.002182,0.002198,0.002149,0.002092,0.002156,0.002251,0.002293,0.002342,0.002386,0.002352,0.002424,0.002429,0.0023801233333333354,0.002352546666666673,0.0024185399999999903,0.0024244400000000034
-0.348,0.001961,0.001939,0.00204,0.002082,0.002163,0.002191,0.002207,0.002158,0.002101,0.002165,0.00226,0.002302,0.002352,0.002395,0.002361,0.002434,0.002439,0.0023926600000000035,0.002365276666666658,0.0024329900000000047,0.0024384933333333313
-0.344,0.001969,0.001948,0.002049,0.00209,0.002172,0.002199,0.002216,0.002167,0.002111,0.002174,0.00227,0.002311,0.002362,0.002404,0.002371,0.002443,0.002448,0.002401069999999996,0.0023722300000000042,0.0024411266666666573,0.0024467600000000014
-0.34,0.001978,0.001957,0.002058,0.002099,0.002181,0.002208,0.002225,0.002176,0.002121,0.002184,0.00228,0.002321,0.002372,0.002413,0.00238,0.002453,0.002458,0.0024108199999999984,0.0023825000000000044,0.002451820000000002,0.0024571466666666606
-0.336,0.001986,0.001965,0.002066,0.002108,0.00219,0.002217,0.002234,0.002185,0.00213,0.002193,0.002289,0.00233,0.002382,0.002422,0.002389,0.002462,0.002467,0.0024182166666666693,0.0023903666666666577,0.0024592333333333305,0.0024639599999999955
-0.332,0.001995,0.001974,0.002075,0.002116,0.002199,0.002226,0.002243,0.002194,0.00214,0.002201,0.002299,0.00234,0.002392,0.002431,0.002399,0.002471,0.002476,0.0024297566666666615,0.002402093333333336,0.0024712366666666684,0.0024769066666666673
-0.328,0.002003,0.001983,0.002084,0.002125,0.002207,0.002234,0.002251,0.002204,0.00215,0.002211,0.002309,0.002348,0.002401,0.00244,0.002408,0.00248,0.002485,0.002435906666666663,0.0024086233333333314,0.002474963333333338,0.002480619999999997
-0.324,0.002012,0.001992,0.002092,0.002134,0.002216,0.002244,0.002261,0.002213,0.002161,0.00222,0.002319,0.002358,0.002411,0.00245,0.002418,0.002489,0.002495,0.0024478166666666574,0.002421956666666668,0.002489319999999996,0.002495616666666675
-0.32,0.00202,0.002001,0.002101,0.002142,0.002225,0.002252,0.00227,0.002222,0.002171,0.002229,0.002329,0.002368,0.002421,0.002459,0.002427,0.002499,0.002504,0.002454759999999993,0.0024298599999999964,0.0024950599999999973,0.002500506666666661
-0.316,0.002029,0.00201,0.002109,0.002151,0.002234,0.002261,0.002278,0.002231,0.002181,0.002239,0.002338,0.002377,0.00243,0.002468,0.002436,0.002508,0.002513,0.0024648700000000075,0.0024377266666666627,0.002505226666666658,0.0025107066666666612
-0.312,0.002038,0.002019,0.002118,0.002159,0.002243,0.00227,0.002288,0.002241,0.002192,0.002248,0.002348,0.002386,0.00244,0.002477,0.002446,0.002517,0.002523,0.0024696933333333247,0.002445296666666656,0.0025090433333333287,0.0025127033333333447
-0.308,0.002047,0.002029,0.002127,0.002169,0.002252,0.00228,0.002297,0.00225,0.002203,0.002257,0.002358,0.002396,0.00245,0.002486,0.002455,0.002526,0.002532,0.002479956666666661,0.002456016666666659,0.0025191999999999992,0.0025234133333333283
-0.304,0.002056,0.002038,0.002136,0.002178,0.002261,0.002288,0.002306,0.00226,0.002214,0.002267,0.002368,0.002405,0.002459,0.002496,0.002465,0.002536,0.002541,0.002500110000000006,0.002479100000000003,0.0025474333333333292,0.002556410000000006
-0.3,0.002065,0.002047,0.002145,0.002186,0.00227,0.002297,0.002315,0.002269,0.002224,0.002276,0.002378,0.002414,0.002468,0.002505,0.002474,0.002545,0.00255,0.0025029666666666617,0.0024798699999999934,0.0025461433333333373,0.002552036666666676
-0.296,0.002073,0.002056,0.002153,0.002195,0.002278,0.002306,0.002324,0.002279,0.002236,0.002285,0.002388,0.002424,0.002477,0.002514,0.002483,0.002554,0.002558,0.0025129400000000065,0.0024917366666666707,0.0025547133333333233,0.002561419999999992
-0.292,0.002083,0.002066,0.002163,0.002204,0.002288,0.002315,0.002333,0.002288,0.002247,0.002295,0.002398,0.002434,0.002487,0.002523,0.002493,0.002563,0.002568,0.0025236200000000116,0.002503366666666665,0.0025688066666666597,0.0025715933333333393
-0.288,0.002093,0.002076,0.002172,0.002213,0.002297,0.002324,0.002342,0.002298,0.002258,0.002304,0.002408,0.002443,0.002496,0.002533,0.002502,0.002573,0.002577,0.0025300466666666735,0.002508646666666669,0.0025730200000000057,0.002575246666666676
-0.284,0.002102,0.002086,0.002181,0.002222,0.002306,0.002333,0.002351,0.002308,0.002269,0.002313,0.002417,0.002452,0.002505,0.002542,0.002511,0.002582,0.002586,0.002540920000000008,0.0025184833333333403,0.0025873133333333266,0.0025838766666666604
-0.28,0.002112,0.002096,0.00219,0.002232,0.002315,0.002343,0.002361,0.002318,0.002281,0.002323,0.002427,0.002462,0.002515,0.002551,0.002521,0.002591,0.002595,0.0025501133333333346,0.002523686666666665,0.0025936000000000054,0.0025948733333333385
-0.276,0.002122,0.002106,0.0022,0.002241,0.002325,0.002352,0.00237,0.002328,0.002293,0.002334,0.002437,0.002472,0.002524,0.002561,0.002531,0.0026,0.002605,0.002559003333333338,0.002532299999999991,0.0026002233333333427,0.002602706666666665
-0.272,0.002132,0.002116,0.00221,0.002251,0.002335,0.002362,0.00238,0.002339,0.002305,0.002343,0.002447,0.002482,0.002534,0.002571,0.002541,0.00261,0.002614,0.0025668566666666643,0.0025410600000000056,0.002608166666666669,0.0026106033333333353
-0.268,0.002143,0.002127,0.002219,0.00226,0.002344,0.002371,0.002389,0.002349,0.002317,0.002354,0.002457,0.002491,0.002543,0.00258,0.00255,0.002618,0.002624,0.0025743233333333443,0.002550910000000012,0.0026167266666666704,0.0026164333333333263
-0.264,0.002153,0.002137,0.002229,0.00227,0.002353,0.00238,0.002399,0.002359,0.002329,0.002363,0.002466,0.002501,0.002552,0.002589,0.00256,0.002628,0.002633,0.002585026666666662,0.0025633300000000056,0.0026295066666666626,0.0026278433333333288
-0.26,0.002165,0.002149,0.002239,0.00228,0.002363,0.002391,0.002409,0.00237,0.002342,0.002374,0.002477,0.002511,0.002563,0.0026,0.00257,0.002638,0.002643,0.002597766666666673,0.0025745833333333298,0.002643223333333334,0.002642603333333324
-0.256,0.002176,0.00216,0.002249,0.00229,0.002373,0.0024,0.002419,0.002381,0.002354,0.002385,0.002487,0.002521,0.002572,0.002609,0.00258,0.002648,0.002653,0.0026045599999999914,0.0025833566666666774,0.0026514566666666606,0.002648726666666672
-0.252,0.002187,0.002171,0.002259,0.0023,0.002383,0.00241,0.002429,0.002391,0.002366,0.002395,0.002496,0.00253,0.002582,0.002619,0.00259,0.002657,0.002662,0.002613603333333339,0.002591313333333328,0.0026561133333333413,0.0026542433333333476
-0.248,0.0022,0.002183,0.00227,0.002311,0.002394,0.00242,0.00244,0.002403,0.002379,0.002406,0.002507,0.002541,0.002592,0.002629,0.0026,0.002668,0.002672,0.002623906666666664,0.0025997566666666736,0.002663473333333336,0.002664406666666674
-0.244,0.002212,0.002195,0.002281,0.002322,0.002404,0.002431,0.00245,0.002414,0.002392,0.002417,0.002518,0.002552,0.002602,0.00264,0.002611,0.002678,0.002682,0.0026347833333333244,0.0026105100000000025,0.0026709199999999946,0.002672403333333329
-0.24,0.002224,0.002207,0.002292,0.002332,0.002415,0.002441,0.002461,0.002426,0.002404,0.002428,0.002528,0.002562,0.002612,0.00265,0.002621,0.002688,0.002692,0.002642870000000006,0.0026181033333333276,0.0026780066666666734,0.0026801500000000083
-0.236,0.002237,0.00222,0.002303,0.002343,0.002425,0.002451,0.002472,0.002437,0.002417,0.002439,0.002539,0.002572,0.002623,0.00266,0.002632,0.002698,0.002702,0.002655056666666664,0.002635293333333331,0.0026936066666666605,0.0026938966666666593
-0.232,0.00225,0.002232,0.002314,0.002354,0.002435,0.002462,0.002482,0.002449,0.00243,0.00245,0.002549,0.002583,0.002633,0.00267,0.002642,0.002708,0.002713,0.0026633266666666556,0.002644493333333339,0.0027015266666666742,0.0027012533333333265
-0.228,0.002263,0.002245,0.002326,0.002366,0.002447,0.002474,0.002493,0.002462,0.002443,0.002462,0.00256,0.002594,0.002644,0.002681,0.002654,0.002719,0.002723,0.0026806833333333398,0.002664573333333342,0.0027252433333333445,0.002726990000000004
-0.224,0.002277,0.002259,0.002338,0.002378,0.002459,0.002485,0.002505,0.002474,0.002456,0.002473,0.002571,0.002605,0.002655,0.002692,0.002665,0.00273,0.002734,0.002689503333333344,0.0026724333333333354,0.0027316300000000057,0.002734710000000005
-0.22,0.00229,0.002272,0.00235,0.002389,0.00247,0.002496,0.002516,0.002486,0.002469,0.002485,0.002582,0.002616,0.002665,0.002702,0.002675,0.00274,0.002744,0.0026971499999999945,0.0026792299999999925,0.0027379866666666607,0.00273907333333333
-0.216,0.002305,0.002285,0.002362,0.002401,0.002481,0.002507,0.002528,0.002499,0.002483,0.002497,0.002594,0.002627,0.002676,0.002714,0.002687,0.002752,0.002755,0.002707859999999995,0.0026874833333333284,0.002744453333333323,0.002747199999999993
-0.212,0.00232,0.0023,0.002376,0.002414,0.002493,0.00252,0.00254,0.002511,0.002496,0.002509,0.002605,0.002639,0.002687,0.002725,0.002698,0.002763,0.002766,0.0027172066666666566,0.0026977399999999897,0.002751743333333327,0.002752643333333341
-0.208,0.002334,0.002314,0.002388,0.002426,0.002505,0.002531,0.002552,0.002524,0.002509,0.002521,0.002617,0.00265,0.002698,0.002737,0.00271,0.002774,0.002777,0.0027304466666666573,0.00270925666666666,0.0027650233333333454,0.0027664400000000046
-0.204,0.002349,0.002328,0.002401,0.002439,0.002518,0.002544,0.002564,0.002537,0.002522,0.002533,0.002628,0.002662,0.00271,0.002748,0.002721,0.002785,0.002788,0.0027409133333333195,0.0027180133333333206,0.00277556000000001,0.0027772700000000066
-0.2,0.002363,0.002342,0.002414,0.002451,0.00253,0.002555,0.002575,0.00255,0.002535,0.002545,0.00264,0.002673,0.002721,0.002759,0.002733,0.002796,0.002799,0.00275028999999999,0.002728383333333326,0.00278394000000001,0.0027853733333333334
-0.196,0.002379,0.002358,0.002428,0.002465,0.002543,0.002568,0.002589,0.002564,0.002549,0.002558,0.002652,0.002685,0.002733,0.002771,0.002745,0.002807,0.002811,0.0027632599999999966,0.0027417533333333305,0.002795493333333338,0.002797826666666671
-0.192,0.002394,0.002373,0.002442,0.002479,0.002555,0.002581,0.002601,0.002577,0.002562,0.00257,0.002664,0.002697,0.002745,0.002784,0.002757,0.00282,0.002822,0.0027763833333333387,0.0027554100000000067,0.002806836666666677,0.0028071366666666624
-0.188,0.002408,0.002388,0.002456,0.002492,0.002568,0.002593,0.002613,0.00259,0.002576,0.002582,0.002676,0.002709,0.002756,0.002795,0.002769,0.002831,0.002834,0.002785139999999998,0.0027656566666666763,0.002816560000000012,0.002818616666666668
-0.184,0.002424,0.002403,0.00247,0.002506,0.002581,0.002606,0.002626,0.002604,0.002589,0.002595,0.002688,0.002721,0.002768,0.002807,0.002782,0.002843,0.002845,0.002800373333333335,0.0027809366666666576,0.002834103333333344,0.0028366166666666617
-0.18,0.002439,0.002419,0.002484,0.002519,0.002594,0.002619,0.002639,0.002617,0.002602,0.002607,0.0027,0.002733,0.002781,0.00282,0.002794,0.002855,0.002858,0.002811106666666674,0.002789346666666659,0.0028405066666666798,0.002842473333333345
-0.176,0.002454,0.002435,0.002499,0.002533,0.002607,0.002632,0.002651,0.00263,0.002616,0.002619,0.002712,0.002745,0.002793,0.002832,0.002806,0.002867,0.002869,0.0028244999999999863,0.0028040099999999883,0.002855863333333324,0.0028564666666666735
-0.172,0.002468,0.00245,0.002513,0.002547,0.00262,0.002644,0.002664,0.002643,0.002628,0.002632,0.002724,0.002757,0.002805,0.002844,0.002819,0.002879,0.002881,0.002835776666666656,0.002814606666666672,0.0028641733333333247,0.002864783333333344
-0.168,0.002483,0.002465,0.002527,0.00256,0.002633,0.002657,0.002677,0.002656,0.00264,0.002644,0.002736,0.002769,0.002817,0.002856,0.002831,0.00289,0.002892,0.002847876666666659,0.002826580000000011,0.0028751399999999852,0.002874870000000005
-0.164,0.002497,0.002481,0.002542,0.002574,0.002646,0.002669,0.00269,0.002669,0.002654,0.002656,0.002749,0.002781,0.00283,0.002868,0.002844,0.002902,0.002905,0.0028583699999999903,0.002838576666666659,0.002886226666666654,0.002887580000000011
-0.16,0.002512,0.002495,0.002556,0.002588,0.002659,0.002682,0.002702,0.002681,0.002666,0.002667,0.002761,0.002793,0.002842,0.00288,0.002857,0.002915,0.002916,0.002870806666666662,0.002852603333333332,0.0028997899999999993,0.002898140000000006
-0.156,0.002524,0.002509,0.002569,0.0026,0.00267,0.002694,0.002714,0.002692,0.002677,0.002678,0.002772,0.002805,0.002854,0.002892,0.002869,0.002926,0.002928,0.0028829766666666687,0.002864846666666672,0.002912949999999993,0.0029138200000000097
-0.152,0.002538,0.002521,0.002583,0.002613,0.002683,0.002706,0.002726,0.002704,0.002689,0.002689,0.002784,0.002816,0.002865,0.002904,0.002881,0.002937,0.002939,0.002898766666666675,0.002880100000000012,0.0029291099999999935,0.002930230000000013
-0.148,0.002551,0.002533,0.002596,0.002626,0.002695,0.002718,0.002738,0.002716,0.002701,0.0027,0.002796,0.002828,0.002878,0.002916,0.002893,0.002949,0.002951,0.002906963333333339,0.00289023000000001,0.0029353766666666576,0.00293506000000001
-0.144,0.002563,0.002542,0.002608,0.002638,0.002706,0.002729,0.002749,0.002726,0.002711,0.00271,0.002807,0.002839,0.002889,0.002927,0.002905,0.00296,0.002963,0.002920486666666675,0.0029045966666666795,0.0029478666666666567,0.0029458733333333474
-0.14,0.002574,0.00255,0.00262,0.002649,0.002716,0.00274,0.002759,0.002736,0.002721,0.002719,0.002817,0.00285,0.0029,0.002938,0.002916,0.002971,0.002973,0.0029315666666666676,0.00291294333333334,0.0029604199999999836,0.0029613900000000017
-0.136,0.002584,0.002558,0.00263,0.002659,0.002726,0.002749,0.002769,0.002745,0.002731,0.002728,0.002827,0.00286,0.00291,0.002947,0.002927,0.002981,0.002983,0.00293914333333334,0.002921866666666675,0.002966670000000003,0.002966803333333326
-0.132,0.002594,0.002564,0.00264,0.002669,0.002736,0.002759,0.002779,0.002754,0.00274,0.002737,0.002838,0.00287,0.00292,0.002958,0.002938,0.002991,0.002994,0.002951670000000008,0.0029349699999999986,0.002981106666666663,0.0029827033333333455
-0.128,0.002604,0.00257,0.002649,0.002678,0.002745,0.002768,0.002789,0.002762,0.002749,0.002745,0.002848,0.00288,0.00293,0.002968,0.002949,0.003001,0.003004,0.0029667366666666617,0.0029505699999999935,0.002999080000000006,0.003002466666666673
-0.124,0.002612,0.002575,0.002657,0.002685,0.002753,0.002776,0.002797,0.002769,0.002757,0.002752,0.002856,0.002888,0.002939,0.002976,0.002958,0.00301,0.003013,0.0029699233333333242,0.002954483333333337,0.00299983666666666,0.0030024466666666765
-0.12,0.00262,0.00258,0.002664,0.002693,0.002761,0.002784,0.002805,0.002777,0.002765,0.002759,0.002864,0.002897,0.002948,0.002985,0.002968,0.003019,0.003022,0.0029810033333333382,0.0029668799999999986,0.0030127766666666624,0.003014839999999998
-0.116,0.002627,0.002585,0.002671,0.0027,0.002768,0.002791,0.002813,0.002783,0.002772,0.002766,0.002872,0.002905,0.002957,0.002994,0.002977,0.003028,0.003031,0.002992730000000011,0.0029781566666666737,0.0030266533333333408,0.0030295366666666726
-0.112,0.002634,0.00259,0.002677,0.002707,0.002774,0.002798,0.00282,0.002789,0.002779,0.002772,0.00288,0.002913,0.002965,0.003002,0.002986,0.003036,0.003039,0.0029996499999999874,0.0029844400000000135,0.0030317500000000136,0.003033330000000009
-0.108,0.002641,0.002595,0.002683,0.002712,0.00278,0.002805,0.002827,0.002795,0.002785,0.002778,0.002887,0.00292,0.002972,0.00301,0.002994,0.003044,0.003047,0.003006663333333323,0.0029924133333333507,0.0030406233333333484,0.0030439100000000103
-0.104,0.002647,0.002599,0.002687,0.002718,0.002786,0.002811,0.002833,0.0028,0.002791,0.002783,0.002894,0.002927,0.002979,0.003017,0.003002,0.003051,0.003055,0.0030133000000000126,0.002999989999999987,0.003046153333333348,0.0030502000000000064
-0.1,0.002653,0.002603,0.002692,0.002723,0.002792,0.002817,0.002839,0.002807,0.002797,0.002789,0.002901,0.002935,0.002987,0.003024,0.00301,0.003059,0.003062,0.0030199100000000115,0.003007809999999991,0.0030534133333333427,0.0030555033333333377
-0.096,0.002658,0.002607,0.002696,0.002727,0.002796,0.002821,0.002844,0.002811,0.002802,0.002794,0.002907,0.002941,0.002993,0.00303,0.003017,0.003066,0.003069,0.0030275666666666613,0.003016160000000009,0.003063056666666674,0.0030655866666666606
-0.092,0.002662,0.00261,0.0027,0.002731,0.002801,0.002826,0.002849,0.002815,0.002807,0.002798,0.002913,0.002947,0.002999,0.003036,0.003023,0.003072,0.003076,0.0030342900000000063,0.0030229633333333323,0.0030698899999999966,0.0030730399999999948
-0.088,0.002667,0.002613,0.002703,0.002735,0.002805,0.002831,0.002854,0.00282,0.002812,0.002803,0.002918,0.002952,0.003005,0.003042,0.00303,0.003078,0.003082,0.003039243333333333,0.003029673333333323,0.003074093333333342,0.0030771366666666675
-0.084,0.002672,0.002617,0.002707,0.002738,0.002809,0.002835,0.002858,0.002824,0.002817,0.002808,0.002924,0.002958,0.003011,0.003048,0.003037,0.003085,0.003089,0.0030457966666666805,0.0030380733333333233,0.0030834500000000045,0.003087843333333337
-0.08,0.002676,0.002621,0.002709,0.002741,0.002813,0.002839,0.002862,0.002828,0.002821,0.002812,0.002929,0.002963,0.003017,0.003054,0.003042,0.00309,0.003095,0.003051673333333337,0.0030420366666666625,0.0030870066666666743,0.003089526666666659
-0.076,0.002679,0.002623,0.002711,0.002744,0.002816,0.002843,0.002866,0.002831,0.002825,0.002815,0.002933,0.002968,0.003022,0.003059,0.003048,0.003096,0.003101,0.0030565200000000083,0.0030484566666666778,0.003092899999999997,0.003095636666666677
-0.072,0.002682,0.002625,0.002713,0.002746,0.002819,0.002845,0.002869,0.002834,0.002828,0.002819,0.002938,0.002972,0.003026,0.003063,0.003053,0.003101,0.003106,0.0030611700000000085,0.003052523333333326,0.003097696666666674,0.0031013866666666843
-0.068,0.002685,0.002628,0.002715,0.002749,0.002822,0.002849,0.002872,0.002838,0.002832,0.002822,0.002942,0.002978,0.003031,0.003068,0.003059,0.003107,0.003112,0.0030648766666666566,0.003057676666666676,0.003102436666666662,0.003106300000000004
-0.064,0.002688,0.002629,0.002716,0.00275,0.002824,0.002851,0.002875,0.00284,0.002835,0.002825,0.002946,0.002981,0.003036,0.003073,0.003063,0.003111,0.003116,0.003071546666666663,0.0030654500000000112,0.0031123733333333213,0.0031193966666666724
-0.06,0.002689,0.002631,0.002717,0.002751,0.002826,0.002853,0.0028770000000000002,0.002843,0.002838,0.002828,0.002949,0.002985,0.00304,0.003076,0.003067,0.003115,0.003121,0.003076573333333326,0.0030701033333333364,0.003117743333333326,0.0031235533333333473
-0.056,0.00269,0.002632,0.002717,0.002752,0.002828,0.002854,0.002879,0.002844,0.00284,0.002831,0.002953,0.002989,0.003043,0.00308,0.003072,0.00312,0.003125,0.0030801799999999927,0.003073653333333325,0.0031206266666666724,0.0031258433333333497
-0.052,0.002692,0.002633,0.002718,0.002753,0.00283,0.002857,0.002882,0.002846,0.002843,0.002834,0.002956,0.002992,0.003047,0.003084,0.003076,0.003124,0.003129,0.003082473333333319,0.0030765799999999902,0.0031215566666666725,0.0031262733333333524
-0.048,0.002691,0.002633,0.002718,0.002753,0.00283,0.002857,0.002883,0.002847,0.002844,0.002836,0.002959,0.002995,0.00305,0.003087,0.00308,0.003127,0.003133,0.003086173333333316,0.003080373333333327,0.0031255266666666654,0.003130176666666684
-0.044,0.002693,0.002635,0.002719,0.002754,0.002832,0.00286,0.002886,0.002849,0.002847,0.00284,0.002963,0.002999,0.003055,0.003091,0.003085,0.003132,0.003138,0.00308965999999999,0.0030839766666666667,0.0031283666666666755,0.003133086666666658
-0.04,0.002691,0.002634,0.002717,0.002753,0.002832,0.00286,0.002886,0.00285,0.002848,0.002842,0.002964,0.003,0.003057,0.003093,0.003087,0.003134,0.00314,0.0030922166666666707,0.003086929999999989,0.003132269999999994,0.00313740666666667
-0.036,0.00269,0.002633,0.002717,0.002752,0.002832,0.00286,0.002886,0.00285,0.00285,0.002844,0.002966,0.003003,0.003059,0.003095,0.00309,0.003137,0.003143,0.0030949733333333245,0.003090576666666672,0.0031369366666666493,0.0031430400000000023
-0.032,0.002688,0.002632,0.002714,0.002751,0.002831,0.00286,0.002887,0.00285,0.00285,0.002845,0.002968,0.003004,0.003061,0.003097,0.003092,0.003139,0.003145,0.0030965133333333388,0.0030923133333333307,0.0031387633333333307,0.0031451733333333226
-0.028,0.002685,0.00263,0.002711,0.002748,0.002829,0.002858,0.002886,0.002849,0.002849,0.002846,0.002968,0.003005,0.003061,0.003097,0.003094,0.003139,0.003146,0.003097056666666677,0.0030938466666666745,0.003139199999999999,0.0031459066666666576
-0.024,0.002681,0.002628,0.002709,0.002746,0.002828,0.002857,0.002885,0.002848,0.002849,0.002847,0.002968,0.003005,0.003062,0.003098,0.003095,0.003141,0.003147,0.0030978000000000156,0.003095123333333321,0.0031407233333333143,0.0031470600000000084
-0.02,0.002677,0.002625,0.002706,0.002744,0.002826,0.002856,0.002884,0.002847,0.002849,0.002848,0.002968,0.003005,0.003062,0.003098,0.003096,0.003141,0.003148,0.003097853333333349,0.0030958133333333225,0.003140819999999981,0.003147816666666678
-0.016,0.002673,0.002622,0.002702,0.00274,0.002823,0.002854,0.002882,0.002845,0.002847,0.002848,0.002967,0.003005,0.003062,0.003098,0.003096,0.003141,0.003149,0.0030977266666666805,0.003095963333333323,0.0031407099999999862,0.003148476666666664
-0.012,0.002667,0.002618,0.002698,0.002736,0.00282,0.002851,0.00288,0.002843,0.002846,0.002848,0.002966,0.003004,0.003062,0.003097,0.003096,0.00314,0.003148,0.0030969300000000086,0.0030960999999999892,0.003140280000000001,0.0031484366666666742
-0.008,0.002661,0.002613,0.002693,0.002732,0.002817,0.002848,0.0028770000000000002,0.00284,0.002844,0.002848,0.002965,0.003002,0.00306,0.003095,0.003096,0.003139,0.003147,0.0030947533333333275,0.003095519999999989,0.0031382766666666643,0.003146373333333335
-0.004,0.002655,0.002609,0.002689,0.002729,0.002814,0.002845,0.002875,0.002838,0.002842,0.002848,0.002964,0.003001,0.003059,0.003094,0.003095,0.003138,0.003146,0.0030942566666666746,0.0030953399999999907,0.0031381866666666557,0.0031467399999999916
0.0,0.002648,0.002604,0.002683,0.002724,0.00281,0.002841,0.002872,0.002835,0.00284,0.002847,0.002961,0.002999,0.003057,0.003092,0.003094,0.003136,0.003145,0.003091039999999993,0.003092956666666676,0.0031349800000000125,0.003143423333333323
0.004,0.002638,0.002597,0.002676,0.002717,0.002803,0.002835,0.002866,0.00283,0.002835,0.002844,0.002957,0.002994,0.003053,0.003087,0.00309,0.003132,0.00314,0.00308642999999999,0.0030891866666666714,0.0031306333333333486,0.003139216666666669
0.008,0.002631,0.002592,0.00267,0.002712,0.002798,0.002831,0.002862,0.002827,0.002833,0.002843,0.002955,0.002992,0.003051,0.003085,0.003088,0.003129,0.003139,0.003083973333333337,0.0030873366666666568,0.0031283066666666776,0.0031382833333333305
0.012,0.002623,0.002586,0.002664,0.002706,0.002794,0.002827,0.002859,0.002823,0.00283,0.002842,0.002952,0.002989,0.003049,0.003081,0.003086,0.003126,0.003137,0.0030813366666666685,0.0030852866666666676,0.0031255999999999927,0.003136026666666652
0.016,0.002614,0.002579,0.002657,0.0027,0.002789,0.002822,0.002854,0.002818,0.002826,0.00284,0.002948,0.002986,0.003045,0.003078,0.003083,0.003123,0.003134,0.0030767833333333466,0.003081853333333318,0.0031214833333333275,0.0031319833333333267
0.02,0.002605,0.002572,0.00265,0.002694,0.002783,0.002817,0.002849,0.002814,0.002823,0.002838,0.002945,0.002982,0.003042,0.003074,0.00308,0.00312,0.003131,0.0030751966666666794,0.003082523333333328,0.0031248966666666722,0.00313911333333333
0.024,0.002595,0.002565,0.002642,0.002687,0.002776,0.002811,0.002843,0.002809,0.002818,0.002836,0.00294,0.002978,0.003038,0.00307,0.003077,0.003116,0.003126,0.0030702833333333427,0.0030786866666666665,0.003120193333333337,0.0031312899999999897
0.028,0.002585,0.002558,0.002635,0.00268,0.002771,0.002805,0.002839,0.002804,0.002814,0.002834,0.002937,0.002974,0.003034,0.003066,0.003074,0.003113,0.003123,0.003063330000000005,0.0030719333333333446,0.0031094833333333385,0.003118856666666656
0.032,0.002575,0.002549,0.002627,0.002673,0.002764,0.002799,0.002833,0.002799,0.00281,0.002831,0.002932,0.00297,0.00303,0.003061,0.00307,0.003108,0.003118,0.003059766666666659,0.0030688933333333436,0.003105966666666668,0.003115693333333322
0.036,0.002564,0.002541,0.002619,0.002665,0.002756,0.002792,0.002826,0.002794,0.002805,0.002828,0.002928,0.002965,0.003025,0.003057,0.003066,0.003103,0.003113,0.0030561033333333255,0.003065766666666677,0.003102396666666662,0.0031123166666666728
0.04,0.002553,0.002532,0.00261,0.002657,0.002749,0.002785,0.00282,0.002788,0.0028,0.002824,0.002923,0.00296,0.00302,0.003052,0.003062,0.003098,0.003109,0.003051350000000017,0.0030611333333333407,0.0030984366666666797,0.0031095333333333365
0.044,0.002543,0.002524,0.002601,0.002648,0.002742,0.002778,0.002813,0.002782,0.002795,0.002821,0.002917,0.002955,0.003016,0.003048,0.003058,0.003094,0.003104,0.003047740000000014,0.003057356666666671,0.003095763333333344,0.0031063133333333304
0.048,0.002531,0.002514,0.002592,0.002639,0.002733,0.00277,0.002806,0.002775,0.002789,0.002815,0.002912,0.002949,0.00301,0.003045,0.003054,0.003088,0.003099,0.003042419999999996,0.003051863333333337,0.003087386666666656,0.003097729999999993
0.052,0.002519,0.002504,0.002582,0.00263,0.002724,0.002761,0.002798,0.002767,0.002783,0.00281,0.002906,0.002943,0.003004,0.00304,0.003048,0.003083,0.003094,0.003036500000000009,0.0030456533333333476,0.0030818633333333178,0.0030919766666666734
0.056,0.002507,0.002494,0.002572,0.002619,0.002714,0.002752,0.002789,0.002759,0.002775,0.002804,0.002899,0.002937,0.002998,0.003032,0.003043,0.003076,0.003087,0.0030321700000000063,0.0030435733333333396,0.003080483333333328,0.0030943466666666555
0.06,0.002495,0.002484,0.002562,0.00261,0.002705,0.002744,0.002781,0.002751,0.002768,0.002798,0.002892,0.00293,0.002992,0.003026,0.003038,0.003071,0.003082,0.0030252599999999875,0.0030374833333333294,0.003070403333333342,0.003084090000000005
0.064,0.002482,0.002473,0.002551,0.002599,0.002694,0.002733,0.002772,0.002742,0.00276,0.002791,0.002885,0.002923,0.002984,0.003018,0.003032,0.003064,0.003075,0.003015903333333327,0.0030300266666666727,0.003063819999999987,0.003074106666666676
0.068,0.002469,0.002462,0.002539,0.002587,0.002683,0.002723,0.002762,0.002731,0.002751,0.002782,0.002876,0.002914,0.002976,0.003009,0.003025,0.003056,0.003068,0.0030062400000000094,0.003021706666666676,0.0030547333333333215,0.003066943333333322
0.072,0.002455,0.00245,0.002528,0.002576,0.002672,0.002711,0.002751,0.00272,0.002741,0.002772,0.002867,0.002905,0.002967,0.003,0.003018,0.003048,0.003061,0.002997530000000002,0.0030152533333333282,0.003046803333333346,0.003059513333333322
0.076,0.002442,0.002438,0.002516,0.002564,0.00266,0.0027,0.00274,0.002709,0.002731,0.002762,0.002857,0.002895,0.002957,0.002991,0.003009,0.003039,0.003053,0.00299172666666666,0.003010323333333341,0.003045360000000008,0.0030577199999999886
0.08,0.002428,0.002425,0.002503,0.002551,0.002647,0.002688,0.002728,0.002697,0.002719,0.002751,0.002846,0.002884,0.002946,0.00298,0.003,0.00303,0.003043,0.0029800599999999927,0.003001816666666669,0.00303820999999999,0.00304881333333334
0.084,0.002414,0.002412,0.00249,0.002538,0.002634,0.002675,0.002715,0.002685,0.002707,0.002739,0.002834,0.002872,0.002935,0.002968,0.00299,0.003019,0.003033,0.00296845333333333,0.002989933333333347,0.003021816666666661,0.0030366433333333235
0.088,0.002399,0.002399,0.002477,0.002525,0.00262,0.002661,0.002701,0.002671,0.002694,0.002727,0.002821,0.00286,0.002922,0.002955,0.002978,0.003007,0.003021,0.0029526033333333447,0.002975486666666677,0.003006149999999989,0.003018246666666679
0.092,0.002385,0.002385,0.002463,0.002511,0.002606,0.002648,0.002688,0.002658,0.002681,0.002714,0.002809,0.002847,0.00291,0.002942,0.002966,0.002995,0.00301,0.002942733333333337,0.0029660800000000116,0.0029976333333333275,0.0030137133333333274
0.096,0.002369,0.002371,0.002449,0.002497,0.002592,0.002633,0.002674,0.002644,0.002667,0.002701,0.002795,0.002833,0.002897,0.002928,0.002953,0.002982,0.002998,0.0029286400000000106,0.0029498699999999955,0.00297878333333334,0.0029969099999999846
0.1,0.002354,0.002356,0.002434,0.002482,0.002577,0.002618,0.002659,0.002629,0.002653,0.002686,0.002781,0.002819,0.002881,0.002913,0.002939,0.002969,0.002984,0.0029104233333333476,0.00293475000000001,0.00296695,0.002983123333333324
0.104,0.002338,0.002342,0.00242,0.002467,0.002562,0.002603,0.002644,0.002614,0.002639,0.002672,0.002766,0.002805,0.002866,0.002898,0.002925,0.002954,0.002971,0.0028986099999999933,0.0029224799999999947,0.002955030000000007,0.002976593333333319
0.108,0.002322,0.002327,0.002404,0.002452,0.002546,0.002588,0.002629,0.002599,0.002624,0.002657,0.002751,0.002792,0.002849,0.002882,0.002909,0.002939,0.002956,0.002880816666666676,0.0029052433333333423,0.0029341666666666765,0.0029536766666666547
0.112,0.002306,0.002311,0.002389,0.002436,0.002531,0.002572,0.002613,0.002584,0.002609,0.002642,0.002736,0.002777,0.002833,0.002866,0.002894,0.002925,0.002941,0.0028630700000000066,0.0028886499999999913,0.002920413333333327,0.002938973333333329
0.116,0.00229,0.002296,0.002373,0.002421,0.002514,0.002556,0.002597,0.002568,0.002593,0.002627,0.00272,0.002761,0.002817,0.00285,0.002878,0.002909,0.002926,0.002849510000000006,0.0028748566666666783,0.0029100066666666786,0.0029291033333333277
0.12,0.002273,0.00228,0.002357,0.002404,0.002498,0.002539,0.002581,0.002552,0.002577,0.002612,0.002703,0.002744,0.0028,0.002833,0.002861,0.002893,0.002911,0.0028323033333333206,0.0028578933333333343,0.002889916666666672,0.0029089266666666655
0.124,0.002257,0.002265,0.002342,0.002388,0.002481,0.002523,0.002564,0.002536,0.002562,0.002596,0.002688,0.002728,0.002784,0.002817,0.002845,0.0028770000000000002,0.002896,0.002815363333333326,0.002840976666666661,0.0028746100000000083,0.002893500000000005
0.128,0.002241,0.002249,0.002326,0.002372,0.002465,0.002506,0.002548,0.00252,0.002546,0.002581,0.002671,0.002711,0.002767,0.0028,0.002828,0.002861,0.002879,0.00279868000000001,0.0028235933333333454,0.0028578500000000016,0.0028770333333333294
0.132,0.002224,0.002233,0.002309,0.002355,0.002448,0.002489,0.00253,0.002503,0.002529,0.002564,0.002655,0.002694,0.00275,0.002783,0.002811,0.002845,0.002863,0.0027774766666666603,0.0028027633333333364,0.0028347933333333275,0.002854396666666656
0.136,0.002208,0.002216,0.002293,0.002339,0.002431,0.002473,0.002514,0.002487,0.002513,0.002549,0.002638,0.002678,0.002733,0.002766,0.002794,0.002828,0.002847,0.0027621933333333427,0.002787213333333326,0.0028200666666666797,0.0028381133333333416
0.14,0.002191,0.002201,0.002277,0.002323,0.002414,0.002456,0.002497,0.002471,0.002497,0.002532,0.002622,0.002661,0.002716,0.002749,0.002777,0.002812,0.002831,0.0027467066666666687,0.002772616666666668,0.0028060066666666748,0.0028261600000000107
0.144,0.002175,0.002185,0.00226,0.002306,0.002397,0.002438,0.002479,0.002454,0.002481,0.002516,0.002605,0.002644,0.002698,0.002731,0.00276,0.002795,0.002815,0.002731036666666674,0.0027585433333333262,0.0027933933333333318,0.002814450000000007
0.148,0.002158,0.002169,0.002244,0.002289,0.00238,0.002421,0.002462,0.002437,0.002464,0.0025,0.002588,0.002626,0.002681,0.002714,0.002741,0.002778,0.002797,0.0027181533333333306,0.002743609999999997,0.00278282999999999,0.0028053466666666757
0.152,0.002142,0.002153,0.002227,0.002272,0.002363,0.002404,0.002445,0.00242,0.002447,0.002484,0.002571,0.002609,0.002663,0.002696,0.002723,0.002761,0.00278,0.0026966966666666678,0.002721103333333335,0.0027636000000000062,0.0027818166666666692
0.156,0.002126,0.002137,0.002212,0.002257,0.002346,0.002387,0.002428,0.002404,0.002431,0.002468,0.002555,0.002592,0.002646,0.002679,0.002706,0.002744,0.002764,0.0026821566666666587,0.002707176666666661,0.0027503399999999974,0.0027694799999999956
0.16,0.00211,0.002122,0.002196,0.00224,0.002329,0.00237,0.002411,0.002388,0.002415,0.002452,0.002537,0.002575,0.002628,0.002661,0.002688,0.002727,0.002747,0.0026591200000000083,0.002684056666666675,0.0027236333333333375,0.002742380000000012
0.164,0.002094,0.002106,0.002179,0.002224,0.002312,0.002353,0.002393,0.002372,0.002398,0.002436,0.00252,0.002558,0.002611,0.002643,0.00267,0.002709,0.002729,0.002639579999999991,0.002666453333333325,0.0027048399999999926,0.002722286666666661
0.168,0.002078,0.002091,0.002164,0.002208,0.002296,0.002336,0.002376,0.002355,0.002382,0.00242,0.002503,0.00254,0.002594,0.002626,0.002653,0.002692,0.002712,0.0026241566666666714,0.0026520933333333426,0.002695100000000012,0.0027110033333333436
0.172,0.002063,0.002076,0.002149,0.002192,0.00228,0.00232,0.00236,0.00234,0.002366,0.002405,0.002488,0.002523,0.002577,0.002609,0.002635,0.002675,0.002696,0.002609003333333324,0.002636103333333347,0.0026807166666666616,0.0026963866666666688
0.176,0.002048,0.002061,0.002133,0.002177,0.002263,0.002304,0.002343,0.002324,0.002351,0.002389,0.002471,0.002507,0.002559,0.002592,0.002617,0.002658,0.002678,0.002593700000000006,0.0026214866666666604,0.0026680933333333447,0.002684686666666662
0.18,0.002033,0.002047,0.002118,0.002162,0.002248,0.002288,0.002327,0.002309,0.002335,0.002374,0.002455,0.00249,0.002542,0.002574,0.0026,0.002641,0.002661,0.00257570333333333,0.0026031100000000083,0.0026461566666666696,0.002664940000000011
0.184,0.002018,0.002032,0.002103,0.002146,0.002232,0.002272,0.002311,0.002294,0.00232,0.002358,0.002438,0.002473,0.002526,0.002558,0.002582,0.002624,0.002644,0.0025614433333333232,0.00258736999999999,0.0026328433333333255,0.002655166666666657
0.188,0.002004,0.002018,0.002089,0.002132,0.002217,0.002257,0.002295,0.002279,0.002305,0.002344,0.002423,0.002457,0.002509,0.002541,0.002566,0.002608,0.002628,0.002544446666666671,0.002567439999999994,0.002613263333333349,0.0026365733333333246
0.192,0.00199,0.002005,0.002075,0.002118,0.002202,0.002241,0.00228,0.002265,0.00229,0.002329,0.002407,0.002441,0.002493,0.002525,0.002549,0.002592,0.002612,0.0025257866666666667,0.002548876666666676,0.0025907766666666745,0.0026108799999999864
0.196,0.001976,0.001991,0.00206,0.002103,0.002186,0.002226,0.002264,0.00225,0.002276,0.002314,0.002392,0.002425,0.002477,0.002509,0.002532,0.002575,0.002595,0.002508373333333328,0.0025308299999999917,0.0025702166666666634,0.0025893033333333395
0.2,0.001962,0.001978,0.002047,0.002089,0.002172,0.002212,0.00225,0.002236,0.002262,0.002301,0.002377,0.00241,0.002461,0.002493,0.002516,0.002559,0.00258,0.002493473333333331,0.002513143333333328,0.0025565499999999895,0.002576310000000012
0.204,0.001949,0.001965,0.002033,0.002075,0.002158,0.002198,0.002235,0.002223,0.002248,0.002287,0.002362,0.002395,0.002446,0.002478,0.0025,0.002544,0.002564,0.0024739499999999913,0.0024962833333333225,0.00253529666666666,0.002554320000000006
0.208,0.001936,0.001952,0.00202,0.002062,0.002145,0.002183,0.002221,0.002209,0.002234,0.002274,0.002348,0.00238,0.002431,0.002463,0.002484,0.002528,0.002549,0.002461063333333327,0.0024815466666666705,0.0025231633333333216,0.0025425866666666766
0.212,0.001924,0.00194,0.002007,0.002049,0.00213,0.002169,0.002206,0.002196,0.002221,0.00226,0.002333,0.002366,0.002415,0.002447,0.002468,0.002513,0.002533,0.002444453333333325,0.0024654833333333437,0.0025069699999999934,0.002524520000000003
0.216,0.001911,0.001927,0.001994,0.002036,0.002117,0.002155,0.002192,0.002183,0.002207,0.002247,0.002319,0.002351,0.0024,0.002433,0.002453,0.002498,0.002518,0.0024290333333333376,0.002448560000000006,0.002489036666666665,0.002507900000000008
0.22,0.001899,0.001916,0.001982,0.002023,0.002104,0.002143,0.002179,0.00217,0.002195,0.002234,0.002305,0.002337,0.002386,0.002419,0.002439,0.002484,0.002504,0.002416659999999992,0.0024401099999999984,0.0024804100000000036,0.002499706666666661
0.224,0.001887,0.001904,0.00197,0.002011,0.002091,0.002129,0.002166,0.002158,0.002182,0.002222,0.002292,0.002323,0.002372,0.002404,0.002424,0.00247,0.002489,0.0024016466666666597,0.002424183333333325,0.002467966666666657,0.00248614333333333
0.228,0.001875,0.001892,0.001958,0.001999,0.002078,0.002116,0.002153,0.002145,0.002169,0.002209,0.002278,0.00231,0.002359,0.002391,0.002409,0.002456,0.002475,0.0023905266666666655,0.0024125599999999963,0.00245677333333334,0.0024748933333333368
0.232,0.001863,0.001881,0.001946,0.001987,0.002066,0.002104,0.00214,0.002133,0.002157,0.002197,0.002265,0.002297,0.002345,0.002377,0.002396,0.002442,0.002462,0.002373829999999995,0.002393729999999996,0.002435866666666679,0.0024541433333333303
0.236,0.001852,0.00187,0.001935,0.001975,0.002054,0.002092,0.002128,0.002122,0.002145,0.002186,0.002253,0.002284,0.002332,0.002364,0.002383,0.002429,0.002448,0.0023603366666666665,0.0023800633333333414,0.002421753333333336,0.0024399033333333347
0.24,0.001841,0.001859,0.001924,0.001964,0.002042,0.002079,0.002115,0.00211,0.002134,0.002174,0.002241,0.002271,0.002319,0.002351,0.002369,0.002416,0.002435,0.0023490033333333285,0.002368123333333327,0.0024101133333333216,0.0024282066666666624
0.244,0.001831,0.001848,0.001913,0.001952,0.00203,0.002068,0.002104,0.002098,0.002122,0.002162,0.002228,0.002258,0.002306,0.002338,0.002355,0.002403,0.002422,0.002336509999999994,0.0023546566666666634,0.002400190000000003,0.0024189700000000034
0.248,0.00182,0.001838,0.001901,0.001941,0.002018,0.002056,0.002091,0.002087,0.00211,0.002151,0.002216,0.002245,0.002294,0.002326,0.002342,0.002389,0.002409,0.0023228600000000086,0.0023424566666666626,0.002386849999999988,0.0024075033333333293
0.252,0.00181,0.001828,0.001891,0.00193,0.002008,0.002045,0.002079,0.002076,0.002099,0.00214,0.002204,0.002234,0.002281,0.002314,0.00233,0.002378,0.002396,0.002310486666666672,0.0023306400000000084,0.0023801933333333267,0.002401799999999995
0.256,0.001799,0.001818,0.001881,0.00192,0.001997,0.002034,0.002068,0.002066,0.002088,0.002129,0.002193,0.002222,0.00227,0.002302,0.002318,0.002365,0.002384,0.002300463333333344,0.0023211800000000047,0.0023709433333333266,0.0023932033333333423
0.26,0.001789,0.001808,0.00187,0.001909,0.001986,0.002023,0.002056,0.002055,0.002077,0.002118,0.002181,0.002209,0.002257,0.00229,0.002305,0.002353,0.002372,0.0022886133333333376,0.0023088600000000024,0.002357636666666674,0.0023794600000000086
0.264,0.001779,0.001798,0.00186,0.001899,0.001975,0.002012,0.002046,0.002045,0.002067,0.002108,0.00217,0.002198,0.002246,0.002278,0.002294,0.002341,0.00236,0.0022780900000000026,0.0022978366666666734,0.0023449700000000044,0.0023664533333333324
0.268,0.00177,0.001789,0.00185,0.001889,0.001965,0.002002,0.002035,0.002035,0.002056,0.002097,0.002159,0.002187,0.002236,0.002267,0.002282,0.00233,0.002348,0.002261556666666674,0.002278763333333337,0.002321070000000008,0.0023394766666666733
0.272,0.00176,0.00178,0.001841,0.001879,0.001955,0.001991,0.002024,0.002025,0.002046,0.002087,0.002148,0.002176,0.002224,0.002256,0.00227,0.002319,0.002337,0.0022537700000000043,0.0022693899999999974,0.002317283333333328,0.00233458666666667
0.276,0.001751,0.00177,0.001831,0.00187,0.001944,0.001981,0.002014,0.002014,0.002036,0.002076,0.002137,0.002165,0.002213,0.002245,0.002259,0.002308,0.002325,0.002241620000000007,0.0022582800000000044,0.0023041233333333244,0.0023201933333333404
0.28,0.001742,0.001761,0.001821,0.00186,0.001934,0.001971,0.002005,0.002005,0.002025,0.002066,0.002126,0.002154,0.002202,0.002234,0.002248,0.002296,0.002314,0.0022351099999999976,0.002252070000000008,0.002300023333333332,0.0023172366666666696
0.284,0.001733,0.001752,0.001812,0.001851,0.001925,0.001961,0.001997,0.001996,0.002016,0.002057,0.002117,0.002144,0.002192,0.002224,0.002237,0.002286,0.002304,0.002224663333333335,0.002240070000000004,0.002287166666666674,0.0023047833333333222
0.288,0.001724,0.001743,0.001803,0.001842,0.001915,0.001951,0.001988,0.001986,0.002006,0.002047,0.002106,0.002134,0.002181,0.002214,0.002226,0.002275,0.002293,0.00221918333333334,0.002233453333333327,0.0022867933333333467,0.0023057599999999926
0.292,0.001715,0.001734,0.001794,0.001832,0.001905,0.001941,0.001978,0.001976,0.001996,0.002038,0.002096,0.002123,0.002171,0.002203,0.002216,0.002265,0.002283,0.0022031333333333305,0.002216886666666665,0.002269003333333332,0.0022881100000000008
0.296,0.001707,0.001726,0.001785,0.001823,0.001896,0.001931,0.001968,0.001967,0.001988,0.002029,0.002086,0.002113,0.002161,0.002194,0.002206,0.002255,0.002273,0.0021945733333333314,0.00220955666666667,0.002265780000000003,0.002286356666666668
0.3,0.001698,0.001718,0.001777,0.001814,0.001887,0.001922,0.001958,0.001958,0.00198,0.002021,0.002077,0.002104,0.002152,0.002184,0.002196,0.002246,0.002263,0.0021832666666666656,0.002196579999999994,0.002248896666666666,0.0022668633333333362
0.304,0.00169,0.001709,0.001768,0.001806,0.001878,0.001913,0.001949,0.001949,0.001973,0.002013,0.002067,0.002094,0.002142,0.002175,0.002186,0.002235,0.002253,0.0021753733333333327,0.002188426666666673,0.0022399866666666596,0.002259106666666663
0.308,0.001682,0.001701,0.001759,0.001797,0.001869,0.001903,0.00194,0.001941,0.001965,0.002005,0.002058,0.002085,0.002132,0.002165,0.002176,0.002226,0.002244,0.002161939999999991,0.002174969999999999,0.0022222299999999943,0.00224101333333334
0.312,0.001673,0.001693,0.001751,0.001788,0.001859,0.001894,0.001931,0.001931,0.001956,0.001997,0.002048,0.002075,0.002123,0.002156,0.002166,0.002216,0.002234,0.002153396666666672,0.0021651933333333337,0.0022148499999999956,0.002234416666666664
0.316,0.001666,0.001685,0.001743,0.00178,0.001851,0.001886,0.001922,0.001924,0.001947,0.001989,0.00204,0.002067,0.002114,0.002147,0.002157,0.002208,0.002225,0.002145536666666671,0.0021569666666666656,0.002206649999999993,0.002225106666666667
0.32,0.001658,0.001678,0.001735,0.001772,0.001842,0.001878,0.001913,0.001916,0.001939,0.001981,0.002031,0.002058,0.002105,0.002138,0.002148,0.002199,0.002217,0.002137706666666657,0.0021497800000000035,0.0022024833333333304,0.0022223800000000073
0.324,0.00165,0.00167,0.001727,0.001763,0.001834,0.001871,0.001905,0.001908,0.001931,0.001972,0.002022,0.002049,0.002096,0.00213,0.002139,0.00219,0.002208,0.0021291566666666677,0.002139470000000001,0.0021912866666666765,0.0022129233333333265
0.328,0.001643,0.001662,0.001719,0.001756,0.001826,0.001864,0.001897,0.001901,0.001923,0.001965,0.002014,0.002041,0.002088,0.002121,0.002131,0.002182,0.0022,0.00211685666666667,0.00212648333333333,0.002175690000000008,0.002200243333333326
0.332,0.001636,0.001655,0.001712,0.001748,0.001817,0.001855,0.001889,0.001895,0.001915,0.001957,0.002006,0.002033,0.00208,0.002113,0.002123,0.002174,0.002192,0.0021087733333333344,0.002118123333333327,0.0021691900000000053,0.0021944666666666667
0.336,0.001629,0.001648,0.001704,0.00174,0.00181,0.001846,0.001881,0.001888,0.001908,0.00195,0.001998,0.002025,0.002072,0.002105,0.002114,0.002166,0.002184,0.0021019433333333416,0.002110429999999995,0.002163340000000001,0.0021898633333333308
0.34,0.001621,0.001642,0.001697,0.001732,0.001802,0.001839,0.001873,0.00188,0.001901,0.001943,0.00199,0.002017,0.002064,0.002097,0.002106,0.002158,0.002176,0.002093960000000007,0.002103550000000003,0.002155466666666665,0.0021783766666666634
0.344,0.001614,0.001634,0.00169,0.001725,0.001794,0.00183,0.001865,0.001873,0.001894,0.001936,0.001982,0.00201,0.002056,0.002089,0.002099,0.002151,0.002168,0.0020866933333333363,0.0020963666666666656,0.0021496933333333395,0.002172639999999994
0.348,0.001608,0.001628,0.001682,0.001718,0.001787,0.001823,0.001858,0.001866,0.001888,0.00193,0.001975,0.002003,0.00205,0.002082,0.002091,0.002144,0.002161,0.002080929999999997,0.0020903533333333293,0.002144183333333334,0.0021632566666666656
0.352,0.001601,0.001621,0.001676,0.001711,0.001779,0.001816,0.001851,0.00186,0.001882,0.001924,0.001968,0.001996,0.002043,0.002075,0.002084,0.002137,0.002154,0.0020780400000000037,0.0020885399999999903,0.002145326666666673,0.002164566666666661
0.356,0.001594,0.001615,0.001669,0.001704,0.001772,0.00181,0.001844,0.001853,0.001876,0.001918,0.001961,0.001989,0.002035,0.002068,0.002077,0.002129,0.002147,0.002068129999999995,0.002078629999999997,0.0021337566666666695,0.002153180000000002
0.36,0.001588,0.001609,0.001663,0.001698,0.001765,0.001803,0.001838,0.001848,0.001871,0.001912,0.001955,0.001983,0.002029,0.00206,0.00207,0.002123,0.002141,0.0020601433333333288,0.0020705666666666687,0.002124793333333329,0.0021433366666666646
0.364,0.001583,0.001603,0.001657,0.001692,0.001759,0.001798,0.001832,0.001844,0.001867,0.001909,0.00195,0.001978,0.002023,0.002055,0.002065,0.002118,0.002136,0.0020560666666666625,0.0020671033333333295,0.0021214766666666635,0.002139730000000008
0.368,0.001576,0.001598,0.001651,0.001686,0.001753,0.001792,0.001826,0.001839,0.001862,0.001904,0.001944,0.001972,0.002018,0.002049,0.002059,0.002112,0.00213,0.002049180000000002,0.0020592999999999983,0.002114066666666668,0.0021313733333333347
0.372,0.00157,0.001592,0.001645,0.00168,0.001746,0.001786,0.001821,0.001835,0.001859,0.001901,0.001939,0.001968,0.002012,0.002043,0.002054,0.002107,0.002124,0.002044080000000005,0.0020551600000000008,0.002109266666666671,0.0021264666666666694
0.376,0.001564,0.001586,0.001638,0.001674,0.00174,0.00178,0.001816,0.001831,0.001856,0.001898,0.001934,0.001963,0.002007,0.002037,0.002048,0.002102,0.002119,0.0020368933333333307,0.002048163333333338,0.002101373333333339,0.0021178933333333254
0.38,0.001558,0.00158,0.001633,0.001668,0.001735,0.001775,0.001811,0.001828,0.001853,0.001896,0.00193,0.001959,0.002002,0.002033,0.002044,0.002097,0.002115,0.0020333433333333283,0.0020454100000000036,0.0020993666666666716,0.0021164033333333256
0.384,0.001553,0.001575,0.001628,0.001663,0.001729,0.001771,0.001807,0.001825,0.001851,0.001894,0.001926,0.001957,0.001999,0.002028,0.002041,0.002094,0.002112,0.0020282499999999992,0.0020411766666666646,0.002095930000000003,0.002112660000000002
0.388,0.001547,0.00157,0.001622,0.001657,0.001723,0.001766,0.001803,0.001823,0.00185,0.001892,0.001923,0.001954,0.001995,0.002024,0.002037,0.002091,0.002109,0.0020239966666666756,0.0020369966666666656,0.0020917066666666637,0.002109156666666678
0.392,0.001542,0.001565,0.001617,0.001652,0.001718,0.001762,0.0018,0.001822,0.001849,0.001892,0.001921,0.001953,0.001992,0.002021,0.002035,0.002089,0.002107,0.0020215333333333365,0.0020354266666666675,0.002090023333333334,0.0021073500000000057
0.396,0.001536,0.00156,0.001612,0.001647,0.001714,0.001758,0.001798,0.001821,0.00185,0.001892,0.001919,0.001952,0.00199,0.002019,0.002034,0.002087,0.002106,0.0020196799999999977,0.002034339999999993,0.002089053333333328,0.0021074133333333425
0.4,0.001531,0.001555,0.001607,0.001643,0.001709,0.001755,0.001795,0.00182,0.00185,0.001892,0.001918,0.001952,0.00199,0.002017,0.002033,0.002087,0.002105,0.0020170833333333334,0.002033189999999995,0.002087533333333327,0.0021055766666666785
0.404,0.001526,0.001551,0.001602,0.001638,0.001705,0.001752,0.001793,0.001819,0.00185,0.001893,0.001917,0.001952,0.001989,0.002015,0.002033,0.002087,0.002105,0.0020151899999999935,0.0020330433333333293,0.0020864633333333273,0.0021047033333333456
0.408,0.001521,0.001546,0.001597,0.001633,0.001702,0.001749,0.001791,0.001819,0.001851,0.001893,0.001917,0.001953,0.001988,0.002015,0.002034,0.002087,0.002106,0.0020149133333333276,0.002034259999999992,0.0020872566666666616,0.0021060633333333406
0.412,0.001515,0.001541,0.001593,0.001629,0.001701,0.001746,0.00179,0.001818,0.001851,0.001893,0.001917,0.001955,0.001989,0.002014,0.002036,0.002088,0.002107,0.0020141566666666633,0.002035703333333333,0.0020879666666666595,0.002106893333333337
0.416,0.00151,0.001536,0.001588,0.001624,0.001697,0.001742,0.001787,0.001816,0.00185,0.001892,0.001916,0.001955,0.001988,0.002013,0.002037,0.002089,0.002108,0.0020132466666666657,0.0020369566666666667,0.0020889000000000033,0.002107883333333334
0.42,0.001505,0.001531,0.001583,0.001619,0.001691,0.001738,0.001785,0.001813,0.001849,0.00189,0.001915,0.001955,0.001988,0.002013,0.002039,0.00209,0.002109,0.0020128533333333342,0.0020388300000000075,0.002089876666666668,0.002109056666666677
0.424,0.0015,0.001526,0.001578,0.001614,0.001686,0.001734,0.001782,0.00181,0.001847,0.001887,0.001914,0.001955,0.001988,0.002012,0.002041,0.00209,0.00211,0.0020124633333333387,0.0020410466666666645,0.0020906900000000014,0.0021100866666666604
0.428,0.001495,0.001521,0.001574,0.001609,0.001681,0.001729,0.001779,0.001806,0.001843,0.001883,0.001912,0.001955,0.001987,0.002011,0.002042,0.002091,0.002111,0.0020135866666666654,0.002045543333333328,0.002095666666666666,0.0021135766666666536
0.432,0.00149,0.001516,0.001569,0.001604,0.001676,0.001724,0.001774,0.0018,0.001838,0.001878,0.001909,0.001952,0.001985,0.002008,0.002043,0.00209,0.002111,0.0020120933333333366,0.0020470700000000033,0.0020964966666666674,0.00211427999999999
0.436,0.001486,0.001511,0.001564,0.001599,0.001671,0.001719,0.001769,0.001793,0.001831,0.00187,0.001904,0.001948,0.001982,0.002005,0.002041,0.002087,0.002109,0.0020105599999999998,0.002048003333333333,0.0020983233333333297,0.002118153333333342
0.44,0.001481,0.001506,0.001559,0.001594,0.001665,0.001712,0.001763,0.001786,0.001823,0.001862,0.001898,0.001943,0.001977,0.002,0.002039,0.002083,0.002106,0.0020047966666666673,0.002043933333333339,0.002090389999999996,0.0021086933333333427
0.444,0.001477,0.001501,0.001554,0.001589,0.00166,0.001706,0.001756,0.001777,0.001814,0.001852,0.001892,0.001936,0.001971,0.001994,0.002035,0.002078,0.002101,0.001999216666666671,0.0020388500000000052,0.00208386333333334,0.0021015200000000086
0.448,0.001472,0.001496,0.001549,0.001583,0.001654,0.001699,0.001748,0.001768,0.001804,0.001842,0.001884,0.001927,0.001964,0.001987,0.002029,0.002071,0.002094,0.0019966566666666666,0.0020391699999999977,0.002085956666666672,0.002099500000000005
0.452,0.001468,0.001491,0.001543,0.001578,0.001648,0.001692,0.00174,0.001758,0.001793,0.00183,0.001874,0.001917,0.001954,0.001978,0.002021,0.002062,0.002085,0.0019891633333333335,0.0020339533333333395,0.002081606666666672,0.0020960900000000036
0.456,0.001464,0.001486,0.001538,0.001573,0.001642,0.001684,0.001732,0.001749,0.001782,0.001819,0.001864,0.001906,0.001944,0.001968,0.002012,0.002051,0.002075,0.001973973333333338,0.002018536666666674,0.0020615166666666774,0.0020804000000000035
0.46,0.00146,0.001482,0.001534,0.001568,0.001636,0.001678,0.001723,0.00174,0.001771,0.001808,0.001854,0.001894,0.001934,0.001958,0.002001,0.00204,0.002064,0.00196868666666667,0.0020133499999999984,0.0020582333333333354,0.002072379999999999
0.464,0.001456,0.001477,0.001529,0.001562,0.00163,0.001671,0.001714,0.00173,0.00176,0.001797,0.001843,0.001883,0.001922,0.001947,0.001988,0.002027,0.002051,0.001956446666666665,0.001998576666666661,0.0020413966666666663,0.00205959000000001
0.468,0.001452,0.001473,0.001524,0.001558,0.001625,0.001664,0.001706,0.001721,0.001749,0.001786,0.001833,0.001871,0.001911,0.001936,0.001975,0.002014,0.002039,0.0019453100000000013,0.001986086666666663,0.0020314633333333317,0.0020501333333333405
0.472,0.001448,0.001469,0.001519,0.001553,0.00162,0.001657,0.001698,0.001713,0.001739,0.001776,0.001822,0.001858,0.001899,0.001925,0.001961,0.002001,0.002026,0.0019304600000000017,0.001967253333333329,0.0020105833333333317,0.002033593333333326
0.476,0.001445,0.001464,0.001514,0.001548,0.001615,0.001651,0.00169,0.001705,0.00173,0.001767,0.001813,0.001847,0.001889,0.001914,0.001948,0.001989,0.002013,0.0019186633333333392,0.0019537699999999983,0.0019984333333333383,0.0020194733333333314
0.48,0.001441,0.00146,0.00151,0.001544,0.001609,0.001644,0.001683,0.001697,0.001721,0.001758,0.001803,0.001836,0.001878,0.001904,0.001935,0.001977,0.002,0.0019082000000000066,0.0019401233333333405,0.001984856666666672,0.0020088433333333333
0.484,0.001437,0.001457,0.001505,0.001539,0.001604,0.001638,0.001675,0.00169,0.001713,0.001749,0.001794,0.001826,0.001867,0.001894,0.001921,0.001965,0.001988,0.0018980300000000017,0.0019256933333333319,0.001972689999999998,0.001998139999999994
0.488,0.001434,0.001452,0.001502,0.001535,0.0016,0.001633,0.001668,0.001683,0.001705,0.001741,0.001786,0.001816,0.001858,0.001885,0.001909,0.001954,0.001976,0.0018874566666666759,0.001912543333333334,0.001959516666666672,0.001978333333333326
0.492,0.001431,0.001449,0.001498,0.001531,0.001595,0.001628,0.001663,0.001677,0.001698,0.001734,0.001778,0.001807,0.001849,0.001877,0.001898,0.001944,0.001966,0.0018791066666666726,0.001902113333333334,0.0019494666666666635,0.0019667700000000057
0.496,0.001427,0.001445,0.001495,0.001527,0.001591,0.001623,0.001656,0.00167,0.00169,0.001727,0.001771,0.001798,0.001841,0.001868,0.001888,0.001935,0.001955,0.0018693666666666612,0.0018907199999999992,0.0019367000000000056,0.0019529733333333362
0.5,0.001424,0.001441,0.001492,0.001523,0.001586,0.001618,0.001651,0.001665,0.001684,0.00172,0.001763,0.001791,0.001833,0.001861,0.001878,0.001926,0.001946,0.00186116,0.0018791166666666662,0.001926213333333328,0.0019446233333333363
0.504,0.00142,0.001437,0.00149,0.001519,0.001582,0.001613,0.001645,0.001659,0.001678,0.001714,0.001757,0.001783,0.001826,0.001853,0.001869,0.001917,0.001937,0.0018529866666666625,0.001869703333333336,0.0019176233333333308,0.0019354766666666674
0.508,0.001417,0.001434,0.001484,0.001515,0.001578,0.001609,0.00164,0.001654,0.001672,0.001709,0.001751,0.001777,0.001819,0.001847,0.00186,0.00191,0.00193,0.001847136666666663,0.0018610833333333246,0.0019095466666666687,0.0019286766666666607
0.512,0.001414,0.00143,0.001479,0.001511,0.001574,0.001605,0.001636,0.001649,0.001667,0.001703,0.001745,0.00177,0.001813,0.001841,0.001852,0.001902,0.001922,0.0018421699999999935,0.0018551566666666693,0.0019060599999999983,0.001924959999999993
0.516,0.001411,0.001426,0.001475,0.001507,0.001569,0.0016,0.001631,0.001644,0.001661,0.001698,0.001739,0.001764,0.001807,0.001835,0.001845,0.001895,0.001914,0.0018355799999999955,0.0018475199999999977,0.0018970333333333262,0.0019149700000000032
0.52,0.001408,0.001423,0.001472,0.001504,0.001566,0.001596,0.001626,0.00164,0.001656,0.001693,0.001734,0.001758,0.001801,0.001829,0.001838,0.001889,0.001907,0.00182955666666667,0.0018406800000000027,0.0018895833333333301,0.0019057999999999985
0.524,0.001405,0.00142,0.001468,0.001502,0.001562,0.001592,0.001622,0.001635,0.001652,0.001688,0.001729,0.001753,0.001796,0.001824,0.001832,0.001882,0.0019,0.0018264433333333337,0.0018366966666666636,0.0018867966666666668,0.0019031533333333387
0.528,0.001402,0.001416,0.001465,0.001499,0.001558,0.001588,0.001618,0.001631,0.001647,0.001683,0.001724,0.001748,0.00179,0.001818,0.001826,0.001876,0.001894,0.001817543333333325,0.001826739999999996,0.0018744266666666615,0.0018911433333333354
0.532,0.001399,0.001413,0.001462,0.001497,0.001554,0.001584,0.001613,0.001627,0.001643,0.001679,0.00172,0.001743,0.001785,0.001814,0.00182,0.00187,0.001887,0.0018137099999999936,0.0018221299999999956,0.0018699099999999976,0.00188571333333334
0.536,0.001395,0.001409,0.001459,0.001492,0.001551,0.00158,0.001609,0.001622,0.001638,0.001674,0.001715,0.001738,0.001781,0.001808,0.001814,0.001864,0.001881,0.0018086366666666643,0.0018170733333333266,0.0018662866666666607,0.001881806666666673
0.54,0.001393,0.001406,0.001455,0.001488,0.001547,0.001577,0.001605,0.001619,0.001634,0.00167,0.001711,0.001733,0.001776,0.001804,0.00181,0.001859,0.001875,0.001802140000000007,0.0018097633333333289,0.001855846666666669,0.0018700966666666682
0.544,0.00139,0.001403,0.001452,0.001484,0.001544,0.001573,0.001602,0.001615,0.00163,0.001666,0.001707,0.001729,0.001771,0.001799,0.001804,0.001853,0.001869,0.001799016666666666,0.0018065633333333405,0.0018535066666666648,0.0018684033333333364
0.548,0.001386,0.001399,0.001449,0.001481,0.00154,0.001569,0.001598,0.001611,0.001626,0.001661,0.001702,0.001724,0.001767,0.001794,0.0018,0.001848,0.001864,0.0017952033333333357,0.001802873333333341,0.0018505400000000001,0.0018660799999999948
0.552,0.001383,0.001396,0.001445,0.001477,0.001537,0.001566,0.001594,0.001607,0.001622,0.001657,0.001698,0.00172,0.001762,0.00179,0.001795,0.001843,0.001858,0.001789720000000004,0.0017964499999999972,0.0018429899999999988,0.0018585133333333423
0.556,0.00138,0.001393,0.001442,0.001474,0.001533,0.001562,0.001591,0.001603,0.001618,0.001654,0.001695,0.001716,0.001758,0.001786,0.00179,0.001838,0.001853,0.0017865500000000022,0.0017919800000000033,0.0018390366666666705,0.0018535266666666653
0.56,0.001378,0.001389,0.001439,0.001471,0.00153,0.001559,0.001587,0.001599,0.001614,0.001649,0.001691,0.001712,0.001754,0.001782,0.001786,0.001834,0.001848,0.0017817300000000007,0.0017870166666666691,0.0018345666666666686,0.0018485700000000012
0.564,0.001375,0.001386,0.001436,0.001468,0.001526,0.001555,0.001583,0.001595,0.00161,0.001645,0.001686,0.001708,0.00175,0.001777,0.001782,0.001829,0.001844,0.001777786666666662,0.0017839499999999994,0.0018310433333333382,0.001846000000000001
0.568,0.001371,0.001383,0.001432,0.001464,0.001523,0.001551,0.001579,0.001591,0.001606,0.001641,0.001682,0.001703,0.001745,0.001773,0.001777,0.001824,0.001839,0.0017726766666666715,0.0017782599999999933,0.0018243533333333329,0.0018390899999999972
0.572,0.001369,0.00138,0.00143,0.001461,0.00152,0.001548,0.001576,0.001588,0.001603,0.001637,0.001679,0.0017,0.001742,0.00177,0.001774,0.00182,0.001834,0.0017704133333333349,0.0017760833333333311,0.0018220099999999965,0.0018363299999999993
0.576,0.001365,0.001376,0.001426,0.001458,0.001516,0.001545,0.001573,0.001584,0.001599,0.001634,0.001675,0.001696,0.001738,0.001765,0.00177,0.001816,0.00183,0.0017656400000000054,0.0017717499999999986,0.0018175166666666645,0.001831723333333333
0.58,0.001362,0.001373,0.001423,0.001455,0.001512,0.001541,0.001569,0.00158,0.001595,0.001629,0.00167,0.001692,0.001734,0.001761,0.001765,0.001812,0.001825,0.0017621266666666734,0.0017685000000000036,0.00181532333333333,0.0018292300000000035
0.584,0.00136,0.001369,0.00142,0.001451,0.001509,0.001537,0.001565,0.001577,0.001591,0.001625,0.001667,0.001687,0.00173,0.001757,0.001762,0.001807,0.001821,0.0017569533333333383,0.001763623333333332,0.0018089133333333348,0.0018231600000000023
0.588,0.001356,0.001366,0.001416,0.001448,0.001505,0.001534,0.001562,0.001573,0.001587,0.001622,0.001663,0.001684,0.001726,0.001753,0.001758,0.001803,0.001817,0.0017540266666666697,0.0017608233333333305,0.0018062099999999988,0.0018211466666666705
0.592,0.001353,0.001363,0.001413,0.001445,0.001502,0.001531,0.001558,0.001569,0.001584,0.001617,0.001659,0.00168,0.001722,0.001749,0.001753,0.001799,0.001813,0.001752120000000001,0.0017597666666666664,0.0018066366666666634,0.0018213966666666686
0.596,0.00135,0.001359,0.001409,0.001441,0.001498,0.001527,0.001555,0.001565,0.00158,0.001613,0.001655,0.001676,0.001718,0.001746,0.00175,0.001795,0.001809,0.0017480833333333408,0.0017549699999999924,0.0018025533333333272,0.0018148099999999996
0.6,0.001347,0.001356,0.001406,0.001438,0.001495,0.001523,0.001551,0.001561,0.001576,0.001609,0.001651,0.001672,0.001714,0.001741,0.001745,0.001791,0.001805,0.0017423699999999983,0.0017495633333333312,0.0017965833333333258,0.0018099366666666657
0.604,0.001344,0.001353,0.001403,0.001434,0.001491,0.00152,0.001547,0.001558,0.001573,0.001605,0.001647,0.001668,0.00171,0.001738,0.001742,0.001787,0.0018,0.001739333333333338,0.001746436666666672,0.001791759999999994,0.0018036700000000046
0.608,0.001341,0.001349,0.0014,0.001431,0.001487,0.001516,0.001544,0.001555,0.001569,0.001602,0.001643,0.001664,0.001706,0.001734,0.001738,0.001783,0.001797,0.0017334166666666722,0.0017406033333333397,0.0017849666666666585,0.0017995500000000005
0.612,0.001337,0.001345,0.001396,0.001428,0.001483,0.001512,0.00154,0.001551,0.001565,0.001597,0.001639,0.00166,0.001702,0.001729,0.001734,0.001779,0.001792,0.0017290799999999961,0.0017368400000000077,0.0017810699999999916,0.0017956633333333376
0.616,0.001334,0.001342,0.001392,0.001424,0.00148,0.001509,0.001537,0.001547,0.001561,0.001593,0.001635,0.001656,0.001698,0.001726,0.00173,0.001775,0.001788,0.0017261800000000027,0.0017333666666666718,0.0017778933333333384,0.0017918566666666727
0.62,0.001331,0.001339,0.001389,0.001421,0.001476,0.001505,0.001534,0.001544,0.001558,0.001589,0.001631,0.001652,0.001695,0.001722,0.001726,0.001771,0.001784,0.0017218300000000012,0.0017288400000000025,0.0017727633333333385,0.0017871700000000035
0.624,0.001328,0.001336,0.001386,0.001417,0.001473,0.001502,0.00153,0.00154,0.001554,0.001586,0.001628,0.001649,0.001691,0.001718,0.001723,0.001768,0.001781,0.0017184166666666656,0.0017266966666666605,0.0017707766666666628,0.001785549999999995
0.628,0.001324,0.001332,0.001382,0.001414,0.001469,0.001498,0.001527,0.001537,0.00155,0.001582,0.001623,0.001645,0.001687,0.001714,0.001719,0.001764,0.001777,0.0017143633333333286,0.0017214566666666749,0.001766259999999994,0.0017803933333333266
0.632,0.001321,0.001328,0.001378,0.00141,0.001465,0.001495,0.001523,0.001533,0.001546,0.001578,0.00162,0.001641,0.001683,0.00171,0.001715,0.001759,0.001773,0.0017110299999999955,0.001718333333333339,0.0017632300000000008,0.0017779900000000075
0.636,0.001318,0.001325,0.001375,0.001407,0.001462,0.001492,0.00152,0.001529,0.001543,0.001574,0.001616,0.001637,0.00168,0.001707,0.001712,0.001756,0.001769,0.001707520000000002,0.0017134333333333315,0.0017586766666666598,0.001771356666666675
0.64,0.001315,0.001322,0.001371,0.001403,0.001458,0.001488,0.001516,0.001526,0.001539,0.00157,0.001612,0.001634,0.001676,0.001703,0.001708,0.001752,0.001765,0.0017038933333333383,0.0017098333333333277,0.0017559099999999931,0.0017696500000000067
0.644,0.001313,0.001318,0.001368,0.001399,0.001455,0.001484,0.001513,0.001522,0.001535,0.001566,0.001608,0.00163,0.001672,0.001699,0.001704,0.001748,0.001761,0.001697143333333337,0.0017009733333333281,0.0017465666666666743,0.0017600200000000047
0.648,0.00131,0.001315,0.001364,0.001396,0.001452,0.001481,0.001509,0.001519,0.001531,0.001562,0.001604,0.001626,0.001668,0.001695,0.0017,0.001744,0.001758,0.0016948233333333356,0.0017001833333333267,0.001745766666666673,0.0017596433333333305
0.652,0.001305,0.001312,0.001361,0.001392,0.001448,0.001477,0.001505,0.001515,0.001528,0.001558,0.0016,0.001622,0.001665,0.001691,0.001697,0.001741,0.001754,0.0016929733333333344,0.0017011666666666644,0.0017469666666666635,0.0017605833333333273
0.656,0.001304,0.001308,0.001357,0.001389,0.001445,0.001474,0.001502,0.001511,0.001524,0.001555,0.001597,0.001618,0.001661,0.001688,0.001694,0.001737,0.00175,0.0016889000000000077,0.001696153333333328,0.001741769999999993,0.0017547599999999948
0.66,0.001299,0.001305,0.001354,0.001385,0.001441,0.001471,0.001499,0.001508,0.00152,0.001551,0.001593,0.001615,0.001657,0.001684,0.00169,0.001733,0.001746,0.0016851400000000073,0.001691973333333339,0.0017361333333333266,0.0017495000000000071
0.664,0.001294,0.001301,0.00135,0.001381,0.001437,0.001467,0.001495,0.001504,0.001516,0.001547,0.001589,0.001611,0.001653,0.00168,0.001686,0.001729,0.001742,0.001679910000000004,0.0016867533333333373,0.001731176666666659,0.0017444600000000058
0.668,0.00129,0.001298,0.001346,0.001378,0.001434,0.001464,0.001492,0.001501,0.001513,0.001544,0.001585,0.001607,0.00165,0.001676,0.001683,0.001725,0.001739,0.0016769733333333377,0.001684553333333328,0.0017293499999999921,0.0017431599999999977
0.672,0.001287,0.001295,0.001343,0.001375,0.001431,0.001461,0.001489,0.001498,0.00151,0.00154,0.001582,0.001604,0.001646,0.001673,0.001679,0.001722,0.001735,0.001673303333333328,0.0016796433333333245,0.001723766666666665,0.0017369366666666604
0.676,0.001283,0.001291,0.00134,0.001371,0.001427,0.001457,0.001485,0.001494,0.001506,0.001537,0.001578,0.0016,0.001642,0.001669,0.001675,0.001718,0.001731,0.0016695766666666616,0.0016763799999999962,0.0017206833333333308,0.0017337066666666616
0.68,0.00128,0.001288,0.001336,0.001367,0.001424,0.001454,0.001482,0.001491,0.001503,0.001533,0.001574,0.001596,0.001639,0.001665,0.001672,0.001714,0.001727,0.00166638333333334,0.0016734600000000033,0.0017189699999999974,0.0017320833333333285
0.684,0.001277,0.001285,0.001333,0.001364,0.001421,0.001451,0.001478,0.001488,0.0015,0.00153,0.001571,0.001593,0.001635,0.001662,0.001668,0.001711,0.001724,0.0016639666666666655,0.0016717166666666706,0.0017187766666666709,0.00173193
0.688,0.001274,0.001282,0.00133,0.001361,0.001417,0.001447,0.001475,0.001485,0.001496,0.001527,0.001567,0.00159,0.001632,0.001658,0.001665,0.001707,0.00172,0.0016605799999999961,0.0016682700000000105,0.0017152233333333359,0.0017283000000000018
0.692,0.001271,0.001279,0.001326,0.001358,0.001414,0.001445,0.001472,0.001482,0.001493,0.001523,0.001564,0.001586,0.001628,0.001654,0.001661,0.001704,0.001717,0.001656199999999995,0.0016641766666666753,0.0017107866666666645,0.0017237266666666731
0.696,0.001267,0.001276,0.001323,0.001354,0.001411,0.001441,0.001469,0.001479,0.00149,0.00152,0.00156,0.001582,0.001625,0.001651,0.001658,0.001701,0.001713,0.0016530533333333386,0.0016608499999999987,0.0017076466666666686,0.0017200966666666728
0.7,0.001265,0.001273,0.00132,0.001351,0.001408,0.001438,0.001466,0.001476,0.001488,0.001517,0.001558,0.00158,0.001622,0.001648,0.001655,0.001698,0.001711,0.001649573333333331,0.0016570566666666694,0.0017026266666666616,0.001715476666666672
0.704,0.001261,0.00127,0.001317,0.001348,0.001405,0.001436,0.001463,0.001474,0.001485,0.001515,0.001554,0.001577,0.001619,0.001645,0.001652,0.001695,0.001708,0.001646293333333335,0.0016538766666666616,0.0016995033333333338,0.0017128033333333303
0.708,0.001258,0.001267,0.001313,0.001345,0.001402,0.001433,0.00146,0.001471,0.001483,0.001512,0.001551,0.001573,0.001616,0.001642,0.001649,0.001692,0.001705,0.0016424566666666598,0.0016494466666666693,0.001693506666666676,0.0017067666666666706
0.712,0.001255,0.001265,0.001311,0.001342,0.001399,0.00143,0.001458,0.001469,0.00148,0.00151,0.001548,0.001571,0.001613,0.00164,0.001646,0.00169,0.001703,0.0016398033333333251,0.0016464666666666612,0.0016909000000000082,0.0017040133333333393
0.716,0.001253,0.001262,0.001308,0.00134,0.001396,0.001427,0.001455,0.001467,0.001478,0.001508,0.001546,0.001568,0.001611,0.001637,0.001644,0.001689,0.001701,0.001637569999999998,0.001644726666666659,0.0016900000000000007,0.0017025533333333376
0.72,0.00125,0.00126,0.001305,0.001337,0.001394,0.001425,0.001453,0.001465,0.001476,0.001507,0.001544,0.001566,0.001609,0.001635,0.001642,0.001687,0.001699,0.0016352699999999977,0.0016422899999999905,0.001687753333333331,0.0016997600000000035
0.724,0.001247,0.001257,0.001302,0.001334,0.001391,0.001423,0.001451,0.001463,0.001475,0.001505,0.001541,0.001564,0.001606,0.001633,0.00164,0.001686,0.001698,0.0016326933333333303,0.0016397333333333232,0.001686213333333337,0.0016981833333333284
0.728,0.001245,0.001254,0.0013,0.001331,0.001389,0.001421,0.001448,0.001462,0.001473,0.001504,0.00154,0.001562,0.001604,0.001631,0.001638,0.001685,0.001697,0.0016309133333333315,0.001637933333333325,0.001685326666666664,0.0016972733333333345
0.732,0.001242,0.001253,0.001297,0.00133,0.001387,0.001419,0.001447,0.001461,0.001473,0.001503,0.001538,0.001561,0.001603,0.00163,0.001637,0.001685,0.001697,0.0016299033333333367,0.001636940000000001,0.0016855566666666654,0.001697296666666668
0.736,0.00124,0.001251,0.001295,0.001327,0.001385,0.001418,0.001446,0.00146,0.001473,0.001503,0.001536,0.00156,0.001602,0.001629,0.001636,0.001686,0.001697,0.0016290999999999994,0.001636246666666674,0.0016868866666666705,0.0016980533333333333
0.74,0.001237,0.001248,0.001293,0.001325,0.001383,0.001417,0.001444,0.001459,0.001473,0.001503,0.001535,0.001559,0.001601,0.001628,0.001635,0.001687,0.001698,0.0016283033333333397,0.0016356766666666687,0.0016885299999999995,0.0016995599999999945
0.744,0.001235,0.001247,0.001291,0.001323,0.001382,0.001416,0.001444,0.001459,0.001473,0.001503,0.001535,0.001558,0.0016,0.001628,0.001636,0.00169,0.001701,0.001628323333333339,0.001636073333333342,0.0016904200000000074,0.0017014333333333343
0.748,0.001233,0.001245,0.001289,0.001322,0.001381,0.001416,0.001443,0.00146,0.001475,0.001505,0.001535,0.001559,0.001601,0.001629,0.001637,0.001693,0.001704,0.0016294199999999988,0.001637613333333335,0.0016934966666666688,0.0017045533333333285
0.752,0.001231,0.001244,0.001287,0.001321,0.001381,0.001416,0.001444,0.001462,0.001477,0.001506,0.001535,0.00156,0.001602,0.00163,0.001639,0.001697,0.001708,0.0016301566666666722,0.001638940000000001,0.0016961500000000026,0.0017071266666666611
0.756,0.00123,0.001243,0.001286,0.00132,0.00138,0.001416,0.001444,0.001464,0.001479,0.001508,0.001536,0.001561,0.001603,0.001632,0.001642,0.001703,0.001713,0.001632086666666673,0.001641756666666661,0.001700790000000005,0.0017116200000000029
0.76,0.001227,0.001242,0.001284,0.001319,0.00138,0.001417,0.001445,0.001467,0.001482,0.001512,0.001538,0.001563,0.001606,0.001635,0.001645,0.00171,0.00172,0.001635193333333333,0.0016452666666666679,0.0017083666666666646,0.0017189900000000014
0.764,0.001226,0.001242,0.001283,0.001319,0.00138,0.001419,0.001447,0.00147,0.001486,0.001516,0.001541,0.001567,0.001609,0.001639,0.00165,0.001719,0.001729,0.0016390133333333342,0.0016496166666666633,0.0017160300000000084,0.0017266866666666614
0.768,0.001224,0.001242,0.001282,0.001319,0.001381,0.001422,0.00145,0.001475,0.001492,0.001521,0.001545,0.001572,0.001613,0.001644,0.001656,0.00173,0.00174,0.0016449633333333272,0.0016568499999999953,0.0017290700000000066,0.001739643333333335
0.772,0.001223,0.001243,0.001281,0.001319,0.001382,0.001424,0.001453,0.001479,0.001498,0.001526,0.001549,0.001576,0.001619,0.00165,0.001664,0.001742,0.001752,0.0016512399999999954,0.0016651633333333326,0.0017420566666666722,0.0017523499999999928
0.776,0.001223,0.001246,0.001281,0.001321,0.001384,0.001429,0.001458,0.001487,0.001506,0.001534,0.001555,0.001584,0.001626,0.001658,0.001674,0.001758,0.001768,0.0016597299999999951,0.0016756600000000033,0.0017574366666666637,0.0017683199999999966
0.78,0.001223,0.001247,0.001281,0.001322,0.001386,0.001434,0.001463,0.001493,0.001514,0.001542,0.001561,0.001592,0.001634,0.001667,0.001685,0.001776,0.001785,0.0016686466666666574,0.001686709999999998,0.001775373333333332,0.0017852433333333294
0.784,0.001221,0.001245,0.001281,0.001323,0.001388,0.001439,0.001468,0.0015,0.001524,0.00155,0.001569,0.0016,0.001643,0.001677,0.001697,0.001795,0.001805,0.0016779099999999964,0.0016980033333333347,0.00179347333333333,0.0018030266666666658
0.788,0.001221,0.001245,0.001281,0.001325,0.001391,0.001445,0.001474,0.001508,0.001533,0.001559,0.001577,0.00161,0.001652,0.001688,0.001712,0.001817,0.001827,0.0016866666666666727,0.001708963333333331,0.0018085100000000025,0.0018189166666666733
0.792,0.001221,0.001245,0.001281,0.001327,0.001393,0.001451,0.00148,0.001517,0.001544,0.001569,0.001586,0.001621,0.001663,0.001701,0.001728,0.001841,0.00185,0.0016989766666666698,0.0017248566666666684,0.0018265966666666615,0.0018359966666666732
0.796,0.001221,0.001246,0.001282,0.001329,0.001397,0.001457,0.001488,0.001525,0.001555,0.001579,0.001596,0.001633,0.001676,0.001715,0.001747,0.001867,0.001877,0.0017161233333333403,0.001748703333333336,0.0018509899999999983,0.001859820000000005
0.8,0.00122,0.001247,0.001282,0.001331,0.0014,0.001464,0.001496,0.001534,0.001566,0.001589,0.001607,0.001646,0.001689,0.00173,0.001767,0.001895,0.001905,0.001731823333333338,0.0017712533333333377,0.0018823966666666602,0.001892073333333334
0.804,0.00122,0.001248,0.001282,0.001333,0.001403,0.001471,0.001503,0.001542,0.001576,0.001599,0.001618,0.001658,0.001703,0.001745,0.001788,0.001924,0.001935,0.001744629999999999,0.001786110000000006,0.0019101433333333303,0.0019190600000000071
0.808,0.00122,0.001248,0.001283,0.001335,0.001405,0.001477,0.001511,0.001549,0.001587,0.001609,0.001629,0.001672,0.001718,0.001761,0.00181,0.001954,0.001966,0.0017589933333333396,0.0018056599999999937,0.001934360000000005,0.0019447466666666754
0.812,0.00122,0.001249,0.001283,0.001336,0.001407,0.001482,0.001517,0.001556,0.001596,0.001618,0.00164,0.001686,0.001732,0.001777,0.001833,0.001985,0.001998,0.001777719999999993,0.0018303666666666578,0.00196430666666667,0.0019754666666666723
0.816,0.00122,0.001249,0.001283,0.001337,0.00141,0.001487,0.001523,0.001562,0.001604,0.001625,0.00165,0.001698,0.001746,0.001792,0.001858,0.002015,0.00203,0.0017915300000000023,0.0018529133333333426,0.0019918599999999968,0.002006149999999993
0.82,0.00122,0.001249,0.001284,0.001338,0.001411,0.00149,0.001528,0.001566,0.001611,0.001631,0.001659,0.00171,0.00176,0.001807,0.001881,0.002043,0.00206,0.0018064133333333355,0.0018743566666666732,0.002019656666666671,0.002035439999999994
0.824,0.001218,0.001248,0.001283,0.001338,0.001411,0.001492,0.00153,0.001567,0.001615,0.001635,0.001667,0.00172,0.001771,0.001819,0.001903,0.002069,0.002088,0.0018200666666666697,0.0018998399999999944,0.0020510866666666604,0.0020685966666666587
0.828,0.001218,0.001248,0.001283,0.001338,0.001411,0.001493,0.001532,0.001568,0.001618,0.001638,0.001674,0.001729,0.001783,0.001832,0.001925,0.002094,0.002116,0.0018327599999999962,0.0019215266666666646,0.002076223333333336,0.002098476666666669
0.832,0.001218,0.001248,0.001283,0.001337,0.001411,0.001492,0.001533,0.001567,0.001619,0.001639,0.001678,0.001736,0.001793,0.001841,0.001945,0.002116,0.00214,0.0018404733333333275,0.0019369699999999912,0.0020957633333333384,0.002117903333333333
0.836,0.001217,0.001247,0.001282,0.001336,0.00141,0.00149,0.001532,0.001565,0.001618,0.001638,0.001681,0.001741,0.0018,0.001849,0.001963,0.002134,0.002161,0.0018473666666666607,0.0019563500000000004,0.0021180033333333364,0.0021444200000000015
0.84,0.001217,0.001246,0.001282,0.001335,0.001409,0.001488,0.00153,0.001562,0.001615,0.001636,0.001683,0.001744,0.001806,0.001855,0.001978,0.002148,0.002179,0.0018532733333333333,0.0019695533333333307,0.002131973333333336,0.0021609966666666677
0.844,0.001216,0.001245,0.001282,0.001334,0.001406,0.001484,0.001528,0.001558,0.001611,0.001633,0.001682,0.001745,0.00181,0.001858,0.001991,0.002158,0.002193,0.0018571833333333439,0.0019870600000000006,0.002150439999999999,0.0021848533333333323
0.848,0.001216,0.001245,0.001281,0.001332,0.001405,0.00148,0.001524,0.001553,0.001606,0.001628,0.00168,0.001744,0.001812,0.001858,0.002001,0.002164,0.002203,0.0018578033333333454,0.0019956533333333314,0.0021578066666666754,0.0021946133333333286
0.852,0.001216,0.001244,0.00128,0.00133,0.001402,0.001475,0.001519,0.001547,0.001599,0.001623,0.001676,0.001741,0.001812,0.001857,0.002008,0.002166,0.002208,0.0018561766666666702,0.0020039966666666694,0.002161160000000004,0.0022019399999999934
0.856,0.001216,0.001244,0.00128,0.001328,0.0014,0.00147,0.001514,0.001542,0.001592,0.001617,0.001671,0.001737,0.00181,0.001854,0.002011,0.002164,0.00221,0.001853636666666673,0.0020064599999999977,0.0021598466666666745,0.0022035666666666703
0.86,0.001216,0.001243,0.00128,0.001327,0.001398,0.001466,0.001509,0.001536,0.001586,0.001612,0.001666,0.001732,0.001807,0.001849,0.002012,0.002158,0.002209,0.0018483133333333287,0.002004443333333339,0.0021514233333333292,0.002198390000000003
0.864,0.001215,0.001243,0.001279,0.001325,0.001396,0.001461,0.001504,0.001532,0.001579,0.001606,0.00166,0.001726,0.001803,0.001843,0.00201,0.00215,0.002204,0.0018417533333333332,0.0019985733333333327,0.0021357099999999964,0.0021858933333333275
0.868,0.001215,0.001243,0.001279,0.001324,0.001394,0.001456,0.001499,0.001527,0.001572,0.0016,0.001653,0.001719,0.001798,0.001836,0.002005,0.002137,0.002195,0.0018355199999999998,0.001994139999999998,0.0021236066666666686,0.002177349999999991
0.872,0.001215,0.001243,0.001279,0.001323,0.001392,0.001453,0.001495,0.001522,0.001566,0.001595,0.001647,0.001711,0.001792,0.001829,0.001999,0.002123,0.002185,0.0018275933333333372,0.0019850833333333244,0.002107379999999993,0.002162849999999994
0.876,0.001216,0.001243,0.00128,0.001323,0.001392,0.001449,0.001491,0.001519,0.001561,0.001591,0.001642,0.001705,0.001786,0.001822,0.001991,0.002108,0.002172,0.0018215966666666635,0.0019803700000000004,0.002095436666666665,0.0021547233333333265
0.88,0.001217,0.001243,0.00128,0.001322,0.00139,0.001446,0.001488,0.001515,0.001556,0.001587,0.001635,0.001697,0.00178,0.001815,0.001982,0.002091,0.002157,0.0018142400000000036,0.001968666666666667,0.002075566666666664,0.002137006666666663
0.884,0.001217,0.001244,0.001281,0.001321,0.001389,0.001444,0.001485,0.001512,0.001551,0.001583,0.00163,0.00169,0.001774,0.001808,0.001971,0.002073,0.002141,0.0018076333333333313,0.0019606766666666626,0.002061693333333328,0.0021251533333333295
0.888,0.001218,0.001245,0.001281,0.001321,0.001389,0.001442,0.001481,0.001509,0.001547,0.001579,0.001624,0.001683,0.001768,0.0018,0.00196,0.002056,0.002125,0.0018016066666666733,0.0019527533333333336,0.0020494033333333297,0.0021139666666666647
0.892,0.001219,0.001246,0.001282,0.001322,0.001389,0.00144,0.001479,0.001507,0.001543,0.001576,0.00162,0.001678,0.001763,0.001794,0.001949,0.002039,0.002108,0.0017939466666666707,0.0019398233333333267,0.0020298333333333396,0.0020940299999999976
0.896,0.00122,0.001247,0.001283,0.001322,0.001389,0.001439,0.001477,0.001505,0.001541,0.001574,0.001616,0.001672,0.001757,0.001788,0.001937,0.002022,0.002092,0.0017894200000000045,0.0019297033333333332,0.002016743333333336,0.0020816633333333276
0.9,0.001221,0.001248,0.001284,0.001322,0.001389,0.001437,0.001476,0.001503,0.001538,0.001571,0.001612,0.001667,0.001752,0.001783,0.001926,0.002006,0.002076,0.0017834666666666614,0.0019170633333333291,0.0019978933333333324,0.0020625466666666656
0.904,0.001222,0.00125,0.001285,0.001323,0.001389,0.001436,0.001475,0.001502,0.001535,0.001569,0.001609,0.001662,0.001748,0.001778,0.001915,0.001991,0.002061,0.0017787099999999982,0.0019100899999999988,0.001987316666666669,0.0020535033333333274
0.908,0.001224,0.001251,0.001287,0.001324,0.00139,0.001436,0.001473,0.001501,0.001533,0.001568,0.001606,0.001658,0.001744,0.001774,0.001905,0.001977,0.002046,0.0017739466666666685,0.0019025666666666644,0.0019748266666666714,0.0020421166666666616
0.912,0.001225,0.001253,0.001288,0.001325,0.001391,0.001435,0.001472,0.001501,0.001532,0.001566,0.001603,0.001654,0.001739,0.001769,0.001895,0.001964,0.002032,0.001769150000000007,0.001888009999999995,0.001957676666666669,0.0020212399999999984
0.916,0.001227,0.001255,0.001289,0.001326,0.001391,0.001435,0.001472,0.0015,0.001531,0.001565,0.001601,0.00165,0.001735,0.001765,0.001886,0.001952,0.002019,0.0017655200000000046,0.001881393333333338,0.0019473766666666655,0.0020113766666666616
0.92,0.001229,0.001256,0.001291,0.001327,0.001392,0.001435,0.001471,0.0015,0.001529,0.001564,0.001599,0.001647,0.001732,0.001762,0.001877,0.00194,0.002007,0.0017626766666666664,0.001874626666666673,0.0019396133333333357,0.0020037466666666596
0.924,0.001231,0.001259,0.001293,0.001329,0.001394,0.001436,0.001472,0.0015,0.001528,0.001564,0.001597,0.001644,0.001728,0.001758,0.001869,0.00193,0.001996,0.001758399999999997,0.001864360000000005,0.0019266533333333262,0.0019894666666666655
0.928,0.001233,0.00126,0.001295,0.00133,0.001395,0.001436,0.001472,0.0015,0.001528,0.001563,0.001596,0.001641,0.001725,0.001755,0.001861,0.00192,0.001985,0.0017555899999999998,0.0018588900000000015,0.001919269999999996,0.0019817600000000025
0.932,0.001235,0.001263,0.001297,0.001331,0.001396,0.001437,0.001472,0.0015,0.001527,0.001563,0.001594,0.001638,0.001722,0.001752,0.001853,0.001911,0.001974,0.0017524866666666606,0.001851563333333331,0.0019089699999999953,0.001970189999999999
0.936,0.001238,0.001265,0.001299,0.001334,0.001398,0.001437,0.001472,0.001501,0.001527,0.001563,0.001593,0.001636,0.001719,0.001749,0.001846,0.001903,0.001964,0.0017499000000000006,0.0018424833333333358,0.0019024599999999928,0.001954806666666667
0.94,0.00124,0.001268,0.001301,0.001336,0.0014,0.001439,0.001473,0.001501,0.001527,0.001563,0.001592,0.001634,0.001716,0.001747,0.00184,0.001895,0.001956,0.001747476666666669,0.0018377666666666676,0.0018956099999999925,0.0019523633333333327
0.944,0.001243,0.001271,0.001303,0.001337,0.001402,0.00144,0.001474,0.001502,0.001527,0.001563,0.001591,0.001633,0.001713,0.001744,0.001834,0.001888,0.001947,0.0017447700000000046,0.0018320700000000023,0.0018883666666666655,0.0019432666666666632
0.948,0.001245,0.001273,0.001306,0.00134,0.001403,0.001441,0.001475,0.001503,0.001527,0.001563,0.001591,0.001631,0.00171,0.001741,0.001827,0.00188,0.001938,0.0017415299999999996,0.0018262766666666734,0.0018805099999999986,0.0019362566666666625
0.952,0.001248,0.001276,0.001308,0.001342,0.001405,0.001442,0.001476,0.001504,0.001528,0.001563,0.00159,0.001629,0.001708,0.001738,0.001821,0.001873,0.00193,0.0017389233333333371,0.0018208200000000038,0.0018743600000000052,0.0019294633333333275
0.956,0.001251,0.001279,0.001311,0.001344,0.001408,0.001444,0.001477,0.001505,0.001528,0.001564,0.00159,0.001628,0.001706,0.001736,0.001816,0.001867,0.001923,0.001736550000000003,0.0018156166666666667,0.0018680533333333357,0.0019203600000000025
0.96,0.001253,0.001282,0.001313,0.001347,0.00141,0.001446,0.001479,0.001507,0.001529,0.001565,0.00159,0.001627,0.001704,0.001734,0.001811,0.001861,0.001914,0.0017347133333333387,0.0018109200000000004,0.0018629266666666696,0.001913363333333338
0.964,0.001256,0.001285,0.001316,0.00135,0.001412,0.001447,0.00148,0.001508,0.00153,0.001565,0.00159,0.001626,0.001701,0.001731,0.001806,0.001854,0.001907,0.001730919999999997,0.0018039299999999924,0.001854270000000006,0.0019049566666666654
0.968,0.001259,0.001289,0.001319,0.001352,0.001414,0.001449,0.001482,0.00151,0.001531,0.001566,0.001589,0.001625,0.001699,0.001729,0.001801,0.001849,0.0019,0.001729239999999993,0.001800193333333332,0.0018495466666666645,0.0018990933333333385
0.972,0.001262,0.001292,0.001322,0.001355,0.001417,0.001451,0.001483,0.001512,0.001532,0.001568,0.00159,0.001624,0.001697,0.001727,0.001797,0.001844,0.001893,0.001726879999999992,0.0017952466666666647,0.0018434766666666695,0.0018906033333333332
0.976,0.001265,0.001295,0.001325,0.001358,0.001419,0.001454,0.001485,0.001514,0.001533,0.001569,0.00159,0.001624,0.001695,0.001725,0.001793,0.001838,0.001887,0.0017249599999999907,0.0017916466666666635,0.0018384933333333356,0.001885663333333337
0.98,0.001268,0.001299,0.001328,0.00136,0.001422,0.001456,0.001487,0.001515,0.001535,0.00157,0.001591,0.001624,0.001694,0.001723,0.001789,0.001833,0.00188,0.0017230266666666582,0.0017880766666666663,0.0018330333333333253,0.0018796833333333295
0.984,0.001271,0.001302,0.001331,0.001364,0.001425,0.001458,0.001488,0.001518,0.001536,0.001571,0.001591,0.001623,0.001693,0.001722,0.001784,0.001828,0.001874,0.0017222899999999985,0.0017847033333333359,0.001829179999999998,0.0018727799999999947
0.988,0.001275,0.001306,0.001334,0.001367,0.001428,0.00146,0.001491,0.00152,0.001538,0.001573,0.001592,0.001623,0.001692,0.00172,0.001781,0.001824,0.001868,0.0017215166666666685,0.0017811666666666614,0.0018271000000000003,0.0018668333333333265
0.992,0.001278,0.001309,0.001338,0.00137,0.001431,0.001463,0.001493,0.001522,0.001539,0.001575,0.001593,0.001623,0.001691,0.001719,0.001778,0.001819,0.001862,0.0017203266666666762,0.001777273333333332,0.0018231433333333377,0.0018639899999999942
0.996,0.001281,0.001313,0.001341,0.001373,0.001433,0.001465,0.001495,0.001524,0.001541,0.001576,0.001593,0.001623,0.001689,0.001718,0.001774,0.001815,0.001857,0.001718376666666667,0.0017739400000000012,0.0018168400000000058,0.001858146666666663
1.0,0.001285,0.001317,0.001344,0.001376,0.001436,0.001468,0.001497,0.001526,0.001543,0.001578,0.001595,0.001624,0.001688,0.001716,0.001771,0.001811,0.001852,0.0017172899999999987,0.00177076666666667,0.0018126366666666694,0.001852463333333335
1.004,0.001289,0.00132,0.001347,0.001379,0.001439,0.001471,0.0015,0.001529,0.001545,0.00158,0.001596,0.001624,0.001688,0.001716,0.001768,0.001808,0.001847,0.001716446666666666,0.0017675933333333308,0.0018092866666666633,0.001847186666666665
1.008,0.001292,0.001324,0.001351,0.001382,0.001443,0.001474,0.001502,0.001531,0.001548,0.001582,0.001597,0.001625,0.001688,0.001715,0.001765,0.001804,0.001842,0.001716023333333339,0.0017639866666666704,0.0018066066666666747,0.001843083333333337
1.012,0.001295,0.001328,0.001354,0.001385,0.001446,0.001476,0.001505,0.001534,0.00155,0.001584,0.001599,0.001626,0.001687,0.001714,0.001763,0.001801,0.001837,0.0017152599999999969,0.0017614766666666686,0.0018036500000000026,0.0018375533333333269
1.016,0.001299,0.001332,0.001358,0.001389,0.001449,0.001479,0.001507,0.001537,0.001552,0.001587,0.0016,0.001626,0.001687,0.001714,0.00176,0.001798,0.001833,0.0017146266666666612,0.00175902333333333,0.0017988900000000057,0.0018322033333333235
1.02,0.001302,0.001336,0.001361,0.001392,0.001452,0.001482,0.001509,0.00154,0.001555,0.001589,0.001601,0.001627,0.001687,0.001714,0.001759,0.001796,0.00183,0.0017149233333333292,0.0017582966666666684,0.0017974166666666729,0.0018295166666666628
1.024,0.001306,0.00134,0.001365,0.001396,0.001455,0.001485,0.001512,0.001543,0.001557,0.001592,0.001603,0.001628,0.001688,0.001715,0.001757,0.001793,0.001826,0.0017159233333333382,0.0017574833333333377,0.0017962166666666646,0.001828076666666664
1.028,0.001309,0.001344,0.001368,0.001399,0.001458,0.001487,0.001515,0.001545,0.001559,0.001594,0.001605,0.001629,0.001688,0.001714,0.001755,0.001791,0.001823,0.0017160399999999977,0.0017565533333333365,0.0017954866666666598,0.001826513333333338
1.032,0.001313,0.001347,0.001372,0.001403,0.001462,0.001491,0.001517,0.001549,0.001562,0.001597,0.001607,0.001631,0.001688,0.001715,0.001754,0.001789,0.00182,0.0017157033333333378,0.0017539266666666638,0.001791249999999998,0.001821626666666665
1.036,0.001317,0.001351,0.001375,0.001407,0.001465,0.001494,0.001521,0.001552,0.001565,0.0016,0.001609,0.001633,0.00169,0.001716,0.001753,0.001788,0.001818,0.0017168800000000018,0.001752583333333333,0.0017896900000000048,0.0018187066666666607
1.04,0.00132,0.001355,0.001379,0.00141,0.001469,0.001497,0.001523,0.001555,0.001568,0.001603,0.001611,0.001634,0.001691,0.001717,0.001752,0.001786,0.001815,0.001717416666666674,0.0017518233333333262,0.0017872433333333375,0.001815700000000002
1.044,0.001324,0.00136,0.001383,0.001414,0.001472,0.0015,0.001526,0.001558,0.001571,0.001606,0.001613,0.001636,0.001692,0.001717,0.001752,0.001786,0.001813,0.0017180733333333428,0.0017514399999999915,0.0017869666666666688,0.0018137500000000018
1.048,0.001327,0.001364,0.001386,0.001417,0.001475,0.001504,0.00153,0.001561,0.001574,0.001609,0.001615,0.001638,0.001693,0.001719,0.001751,0.001785,0.001812,0.001719620000000008,0.0017508466666666636,0.0017853766666666633,0.0018115933333333286
1.052,0.001332,0.001368,0.00139,0.001421,0.001479,0.001507,0.001532,0.001565,0.001578,0.001612,0.001618,0.00164,0.001695,0.001721,0.001752,0.001785,0.00181,0.0017210399999999949,0.0017511066666666593,0.0017847266666666623,0.0018095499999999927
1.056,0.001336,0.001373,0.001394,0.001425,0.001483,0.00151,0.001536,0.001569,0.001582,0.001616,0.00162,0.001643,0.001697,0.001722,0.001752,0.001785,0.001809,0.0017227266666666663,0.0017516033333333262,0.0017853333333333313,0.0018091299999999989
1.06,0.001339,0.001377,0.001398,0.001428,0.001486,0.001514,0.001539,0.001573,0.001585,0.00162,0.001623,0.001645,0.001699,0.001724,0.001753,0.001784,0.001809,0.0017246466666666679,0.0017523233333333332,0.0017849600000000014,0.0018089033333333318
1.064,0.001343,0.001382,0.001402,0.001433,0.00149,0.001518,0.001543,0.001577,0.001589,0.001623,0.001626,0.001647,0.001701,0.001726,0.001754,0.001785,0.001808,0.0017268566666666693,0.0017530166666666635,0.0017854699999999965,0.0018079699999999947
1.068,0.001348,0.001387,0.001407,0.001437,0.001495,0.001522,0.001547,0.001581,0.001593,0.001628,0.00163,0.001651,0.001704,0.001729,0.001755,0.001787,0.001809,0.001730353333333328,0.0017543300000000036,0.0017873399999999953,0.0018084566666666665
1.072,0.001352,0.001392,0.001411,0.001441,0.001499,0.001526,0.001551,0.001585,0.001597,0.001632,0.001633,0.001653,0.001707,0.001731,0.001757,0.001788,0.001809,0.0017319466666666638,0.0017560100000000045,0.001788383333333337,0.001808839999999999
1.076,0.001356,0.001397,0.001416,0.001446,0.001503,0.00153,0.001555,0.00159,0.001601,0.001636,0.001636,0.001657,0.00171,0.001734,0.001759,0.001789,0.00181,0.001734950000000005,0.0017579566666666698,0.0017896399999999986,0.0018096433333333285
1.08,0.001361,0.001402,0.00142,0.00145,0.001508,0.001534,0.001559,0.001594,0.001606,0.001641,0.00164,0.001661,0.001713,0.001737,0.001762,0.001791,0.001811,0.0017381966666666622,0.001761263333333333,0.001793143333333327,0.0018124833333333348
1.084,0.001366,0.001408,0.001426,0.001456,0.001513,0.00154,0.001564,0.001599,0.001611,0.001646,0.001645,0.001665,0.001718,0.001741,0.001765,0.001794,0.001813,0.0017428099999999961,0.0017654700000000031,0.001797856666666668,0.0018160033333333343
1.088,0.001371,0.001414,0.001431,0.001461,0.001518,0.001545,0.001569,0.001604,0.001616,0.001651,0.001649,0.001669,0.001721,0.001745,0.001768,0.001797,0.001816,0.0017457333333333305,0.001767779999999997,0.0018003399999999988,0.0018189066666666664
1.092,0.001376,0.001419,0.001436,0.001466,0.001523,0.00155,0.001574,0.00161,0.001621,0.001657,0.001654,0.001673,0.001725,0.001749,0.001772,0.001799,0.001817,0.0017513699999999995,0.0017732433333333304,0.0018048966666666636,0.0018228566666666705
1.096,0.001382,0.001426,0.001442,0.001472,0.00153,0.001556,0.001579,0.001616,0.001627,0.001662,0.001659,0.001679,0.00173,0.001754,0.001776,0.001803,0.001821,0.0017545466666666625,0.0017757566666666653,0.0018047433333333327,0.0018229266666666692
1.1,0.001388,0.001433,0.001448,0.001478,0.001535,0.001561,0.001585,0.001622,0.001634,0.001669,0.001665,0.001684,0.001736,0.001759,0.001781,0.001807,0.001824,0.001760553333333336,0.0017811966666666618,0.0018116533333333343,0.0018286300000000004
1.104,0.001394,0.00144,0.001455,0.001484,0.001542,0.001567,0.001591,0.001629,0.00164,0.001675,0.001671,0.001689,0.001741,0.001764,0.001785,0.001812,0.001828,0.0017648199999999946,0.0017842933333333281,0.0018140266666666638,0.0018300699999999998
1.108,0.0014,0.001447,0.001462,0.001491,0.001549,0.001574,0.001598,0.001636,0.001647,0.001683,0.001677,0.001695,0.001747,0.00177,0.001791,0.001817,0.001833,0.001771046666666664,0.0017893933333333265,0.0018192233333333351,0.001834486666666659
1.112,0.001407,0.001455,0.001469,0.001499,0.001556,0.001581,0.001604,0.001643,0.001654,0.00169,0.001684,0.001702,0.001753,0.001776,0.001797,0.001822,0.001838,0.0017775699999999983,0.0017952233333333304,0.0018238733333333298,0.001839683333333336
1.116,0.001415,0.001463,0.001476,0.001506,0.001563,0.001588,0.001612,0.001651,0.001662,0.001699,0.001691,0.00171,0.00176,0.001783,0.001804,0.001828,0.001844,0.001785413333333327,0.0018019166666666713,0.0018326800000000006,0.0018485100000000046
1.12,0.001423,0.001472,0.001485,0.001515,0.001572,0.001597,0.00162,0.00166,0.001671,0.001708,0.0017,0.001717,0.001768,0.001791,0.001812,0.001835,0.00185,0.0017941166666666614,0.0018124299999999986,0.0018423833333333305,0.001856820000000005
1.124,0.001431,0.001482,0.001493,0.001523,0.00158,0.001605,0.001629,0.001668,0.00168,0.001717,0.001708,0.001725,0.001776,0.001798,0.001819,0.001842,0.001857,0.0017992766666666694,0.0018182533333333357,0.0018466433333333369,0.0018607533333333329
1.128,0.00144,0.001492,0.001503,0.001532,0.00159,0.001614,0.001638,0.001679,0.001689,0.001727,0.001717,0.001735,0.001785,0.001807,0.001828,0.00185,0.001865,0.001810043333333335,0.0018289300000000012,0.0018568700000000048,0.0018706666666666709
1.132,0.001449,0.001502,0.001512,0.001542,0.0016,0.001624,0.001648,0.001689,0.0017,0.001738,0.001727,0.001744,0.001794,0.001817,0.001838,0.001859,0.001873,0.00181851666666667,0.0018386266666666699,0.0018642000000000034,0.001875916666666673
1.136,0.001458,0.001513,0.001523,0.001553,0.00161,0.001635,0.001658,0.0017,0.001711,0.00175,0.001738,0.001755,0.001804,0.001827,0.001848,0.001869,0.001883,0.0018297166666666734,0.0018496633333333341,0.001876403333333337,0.001888140000000004
1.14,0.001469,0.001525,0.001533,0.001563,0.001621,0.001646,0.001669,0.001712,0.001723,0.001762,0.00175,0.001766,0.001816,0.001838,0.001859,0.001879,0.001893,0.00184349666666667,0.0018640966666666702,0.0018915933333333353,0.0019058266666666657
1.144,0.001479,0.001537,0.001544,0.001575,0.001633,0.001657,0.001681,0.001724,0.001735,0.001774,0.001762,0.001778,0.001827,0.001849,0.001871,0.00189,0.001904,0.001853153333333329,0.0018741666666666672,0.0019018266666666632,0.0019156500000000046
1.148,0.001491,0.001549,0.001557,0.001587,0.001645,0.00167,0.001694,0.001738,0.001749,0.001789,0.001775,0.001792,0.00184,0.001862,0.001884,0.001902,0.001916,0.001864669999999995,0.0018847133333333322,0.0019081233333333328,0.0019205933333333288
1.152,0.001502,0.001561,0.001569,0.001599,0.001658,0.001683,0.001707,0.001751,0.001764,0.001803,0.001789,0.001806,0.001854,0.001875,0.001898,0.001916,0.001929,0.0018775466666666656,0.0018959433333333323,0.0019181466666666625,0.0019315666666666635
1.156,0.001514,0.001574,0.001581,0.001611,0.001671,0.001695,0.00172,0.001765,0.001777,0.001818,0.001804,0.00182,0.001868,0.001889,0.001913,0.001929,0.001942,0.0018905999999999949,0.0019111333333333366,0.001929859999999997,0.0019459899999999981
1.16,0.001526,0.001588,0.001594,0.001625,0.001684,0.001709,0.001735,0.00178,0.001792,0.001834,0.001819,0.001836,0.001883,0.001905,0.001928,0.001944,0.001957,0.001903073333333332,0.0019210833333333332,0.001938319999999994,0.0019527466666666596
1.164,0.001539,0.001601,0.001607,0.001638,0.001698,0.001724,0.001749,0.001795,0.001808,0.001849,0.001836,0.001852,0.001899,0.00192,0.001945,0.001959,0.001973,0.0019151233333333298,0.0019324366666666592,0.0019465533333333299,0.0019603233333333335
1.168,0.001551,0.001614,0.001621,0.001652,0.001712,0.001738,0.001764,0.001809,0.001823,0.001865,0.001852,0.001869,0.001915,0.001936,0.001962,0.001976,0.001989,0.0019336433333333339,0.0019534633333333387,0.0019682666666666604,0.0019820466666666723
1.172,0.001563,0.001627,0.001634,0.001665,0.001726,0.001753,0.001779,0.001824,0.001838,0.001881,0.001869,0.001885,0.001932,0.001953,0.00198,0.001993,0.002006,0.0019486133333333285,0.0019697799999999956,0.0019848100000000074,0.0019974266666666638
1.176,0.001576,0.00164,0.001647,0.001679,0.00174,0.001767,0.001795,0.001839,0.001854,0.001898,0.001886,0.001903,0.001949,0.00197,0.001998,0.00201,0.002023,0.0019677566666666747,0.0019885400000000048,0.0020045066666666677,0.0020185199999999967
1.18,0.001589,0.001653,0.001662,0.001693,0.001756,0.001783,0.001811,0.001855,0.001871,0.001915,0.001904,0.001921,0.001967,0.001988,0.002017,0.002029,0.002042,0.001985716666666662,0.0020063000000000025,0.002024396666666662,0.002038239999999996
1.184,0.001604,0.001668,0.001677,0.001709,0.001771,0.001799,0.001827,0.001872,0.001888,0.001933,0.001923,0.00194,0.001987,0.002008,0.002039,0.002049,0.002062,0.0020066200000000037,0.0020284600000000062,0.0020474766666666675,0.002063050000000004
1.188,0.001617,0.001681,0.00169,0.001722,0.001786,0.001814,0.001843,0.001887,0.001905,0.00195,0.001941,0.001958,0.002005,0.002026,0.002058,0.002068,0.002082,0.0020277366666666594,0.0020524633333333362,0.002070086666666661,0.0020864133333333315
1.192,0.00163,0.001694,0.001705,0.001737,0.001802,0.00183,0.001859,0.001904,0.001921,0.001967,0.00196,0.001978,0.002024,0.002046,0.002079,0.002088,0.002101,0.0020450299999999954,0.0020693900000000056,0.002085493333333326,0.002102290000000007
1.196,0.001643,0.001707,0.001719,0.001752,0.001817,0.001846,0.001877,0.001919,0.001938,0.001984,0.001979,0.001997,0.002044,0.002065,0.002101,0.002109,0.002123,0.0020608833333333274,0.002085253333333341,0.0021001033333333443,0.0021171133333333274
1.2,0.001656,0.001721,0.001733,0.001767,0.001833,0.001861,0.001893,0.001935,0.001954,0.002001,0.001999,0.002017,0.002063,0.002085,0.002122,0.002129,0.002143,0.0020795300000000013,0.0021039466666666656,0.0021157966666666707,0.002133240000000003
1.204,0.001669,0.001733,0.001748,0.001781,0.001849,0.001878,0.00191,0.001951,0.001971,0.002018,0.002018,0.002036,0.002083,0.002104,0.002144,0.002149,0.002164,0.002095803333333331,0.0021238299999999997,0.0021324666666666654,0.002147906666666673
1.208,0.001683,0.001747,0.001762,0.001796,0.001865,0.001894,0.001927,0.001967,0.001987,0.002035,0.002037,0.002056,0.002103,0.002124,0.002165,0.00217,0.002185,0.0021258733333333365,0.002157073333333324,0.002179593333333336,0.002197489999999997
1.212,0.001696,0.00176,0.001778,0.001812,0.001882,0.001911,0.001945,0.001983,0.002004,0.002052,0.002057,0.002076,0.002123,0.002145,0.002187,0.002191,0.002206,0.0021430599999999965,0.002175793333333339,0.002190086666666673,0.0022059133333333374
1.216,0.00171,0.001774,0.001793,0.001828,0.001898,0.001928,0.001962,0.001999,0.002021,0.00207,0.002076,0.002096,0.002142,0.002164,0.002209,0.002212,0.002228,0.0021544233333333383,0.002185290000000004,0.0021946399999999964,0.002213160000000004
1.22,0.001724,0.001787,0.001808,0.001843,0.001914,0.001944,0.00198,0.002015,0.002037,0.002087,0.002095,0.002115,0.002163,0.002184,0.002231,0.002233,0.002249,0.002179473333333333,0.0022104399999999936,0.002218200000000002,0.002232153333333326
1.224,0.001738,0.0018,0.001823,0.001859,0.001931,0.001962,0.001997,0.002032,0.002055,0.002105,0.002115,0.002136,0.002183,0.002205,0.002254,0.002255,0.002271,0.00220304333333334,0.0022388533333333248,0.0022480566666666715,0.002261236666666676
1.228,0.001752,0.001814,0.001839,0.001875,0.001948,0.001978,0.002015,0.002048,0.002072,0.002123,0.002136,0.002157,0.002204,0.002226,0.002276,0.002276,0.002293,0.0022215999999999937,0.002255356666666657,0.0022643099999999903,0.0022776533333333285
1.232,0.001766,0.001827,0.001855,0.00189,0.001965,0.001996,0.002033,0.002066,0.00209,0.002141,0.002156,0.002177,0.002225,0.002247,0.002298,0.002297,0.002314,0.0022416800000000002,0.0022752733333333414,0.0022837233333333298,0.002295810000000003
1.236,0.00178,0.00184,0.001869,0.001906,0.001981,0.002012,0.002051,0.002082,0.002107,0.002158,0.002176,0.002197,0.002245,0.002266,0.002319,0.002317,0.002334,0.002263916666666664,0.00230263333333333,0.0023133666666666727,0.00233094666666666
1.24,0.001794,0.001854,0.001885,0.001922,0.001998,0.00203,0.002069,0.002099,0.002125,0.002176,0.002195,0.002217,0.002265,0.002286,0.002341,0.002339,0.002356,0.002281713333333339,0.0023221066666666698,0.002329169999999992,0.002344320000000009
1.244,0.001809,0.001868,0.001902,0.001939,0.002016,0.002049,0.002089,0.002117,0.002143,0.002195,0.002215,0.002237,0.002286,0.002308,0.002364,0.00236,0.002377,0.0023021566666666577,0.0023414033333333363,0.002345459999999999,0.0023586733333333296
1.248,0.001823,0.001882,0.001918,0.001956,0.002035,0.002067,0.002108,0.002135,0.002162,0.002213,0.002237,0.002259,0.002306,0.002328,0.002385,0.002382,0.002399,0.002326259999999997,0.0023652200000000003,0.002373943333333332,0.002387950000000005
1.252,0.001838,0.001897,0.001934,0.001973,0.002052,0.002085,0.002126,0.002153,0.00218,0.002232,0.002256,0.002279,0.002326,0.002348,0.002407,0.002403,0.002419,0.0023434933333333387,0.00238080333333334,0.0023881733333333383,0.0024008933333333243
1.256,0.001854,0.001912,0.001952,0.001991,0.002071,0.002104,0.002145,0.002171,0.002198,0.002251,0.002276,0.002299,0.002346,0.002369,0.002429,0.002424,0.002441,0.0023665866666666606,0.0024091933333333358,0.0024154533333333277,0.0024303066666666756
1.26,0.001869,0.001927,0.00197,0.002008,0.00209,0.002123,0.002165,0.002189,0.002217,0.00227,0.002297,0.00232,0.002367,0.002389,0.00245,0.002444,0.002461,0.0023845699999999904,0.0024266299999999913,0.0024309400000000012,0.0024454733333333376
1.264,0.001885,0.001942,0.001987,0.002026,0.002109,0.002142,0.002184,0.002208,0.002236,0.002289,0.002317,0.002339,0.002387,0.002409,0.00247,0.002464,0.002481,0.0024069233333333315,0.0024491733333333265,0.002455543333333337,0.002470486666666662
1.268,0.001902,0.001958,0.002005,0.002045,0.002128,0.002161,0.002204,0.002227,0.002255,0.002309,0.002337,0.002359,0.002407,0.002429,0.00249,0.002483,0.0025,0.0024272800000000043,0.002469569999999999,0.0024757600000000035,0.002490399999999992
1.272,0.001918,0.001975,0.002023,0.002064,0.002147,0.00218,0.002223,0.002246,0.002274,0.002327,0.002356,0.002379,0.002426,0.002448,0.00251,0.002502,0.002519,0.0024452466666666714,0.0024894433333333384,0.0024927800000000017,0.0025077400000000096
1.276,0.001935,0.001993,0.002043,0.002083,0.002166,0.0022,0.002244,0.002265,0.002293,0.002346,0.002376,0.002399,0.002445,0.002467,0.00253,0.002521,0.002539,0.002465949999999997,0.0025096666666666653,0.002513523333333329,0.002528343333333333
1.28,0.001953,0.00201,0.002062,0.002102,0.002186,0.00222,0.002263,0.002284,0.002312,0.002366,0.002396,0.002419,0.002465,0.002486,0.00255,0.002541,0.002557,0.0024867366666666622,0.0025315266666666755,0.002536656666666671,0.002550573333333336
1.284,0.00197,0.002026,0.00208,0.00212,0.002205,0.00224,0.002283,0.002303,0.002332,0.002385,0.002415,0.002438,0.002483,0.002505,0.002568,0.002558,0.002575,0.0025060266666666596,0.0025529366666666733,0.0025555566666666616,0.002571273333333331
1.288,0.00199,0.002045,0.002099,0.00214,0.002226,0.00226,0.002303,0.002323,0.002351,0.002405,0.002435,0.002457,0.002502,0.002524,0.002587,0.002577,0.002594,0.0025209399999999984,0.0025681433333333372,0.002568153333333344,0.002583126666666659
1.292,0.002008,0.002062,0.002118,0.00216,0.002246,0.00228,0.002323,0.002342,0.002371,0.002424,0.002454,0.002476,0.002521,0.002542,0.002607,0.002596,0.002613,0.0025447133333333393,0.0025956000000000117,0.002597600000000006,0.0026140333333333236
1.296,0.002026,0.00208,0.002139,0.002181,0.002266,0.0023,0.002342,0.002362,0.00239,0.002442,0.002472,0.002494,0.002539,0.00256,0.002626,0.002615,0.002631,0.002561890000000004,0.00261369333333334,0.0026154166666666743,0.0026288333333333433
1.3,0.002044,0.002099,0.002159,0.0022,0.002286,0.00232,0.002362,0.002381,0.002409,0.002462,0.002491,0.002513,0.002557,0.002579,0.002644,0.002633,0.002648,0.002581333333333332,0.0026334466666666613,0.002637726666666666,0.0026456499999999955
1.304,0.002062,0.002118,0.002178,0.00222,0.002306,0.00234,0.002381,0.0024,0.002427,0.002481,0.00251,0.002532,0.002576,0.002597,0.002662,0.00265,0.002666,0.0025978799999999925,0.002647453333333346,0.0026485966666666733,0.0026575433333333232
1.308,0.002083,0.002138,0.002199,0.002241,0.002327,0.00236,0.002401,0.00242,0.002447,0.002501,0.00253,0.002552,0.002595,0.002616,0.002681,0.002668,0.002684,0.002617686666666658,0.0026645633333333397,0.0026643266666666675,0.002676516666666676
1.312,0.002105,0.002157,0.00222,0.002262,0.002347,0.00238,0.00242,0.00244,0.002467,0.002521,0.002549,0.002571,0.002613,0.002634,0.002699,0.002687,0.002702,0.0026321033333333425,0.0026773066666666706,0.002679246666666663,0.0026903799999999935
1.316,0.002124,0.002176,0.002241,0.002282,0.002367,0.002399,0.00244,0.002459,0.002487,0.002541,0.002568,0.002589,0.002631,0.002652,0.002718,0.002705,0.002719,0.0026506166666666613,0.0026973800000000005,0.002696649999999991,0.0027075000000000102
1.32,0.002143,0.002197,0.002262,0.002304,0.002387,0.002419,0.002461,0.00248,0.002507,0.00256,0.002587,0.002608,0.00265,0.002671,0.002736,0.002722,0.002737,0.002670506666666657,0.00271640666666666,0.0027161033333333333,0.0027267166666666612
1.324,0.002164,0.002218,0.002283,0.002325,0.002408,0.00244,0.002481,0.002501,0.002527,0.00258,0.002606,0.002628,0.002669,0.00269,0.002755,0.00274,0.002756,0.002688916666666663,0.0027346433333333207,0.0027326299999999967,0.002746446666666656
1.328,0.002185,0.002239,0.002305,0.002345,0.002429,0.002461,0.002502,0.002521,0.002546,0.002601,0.002626,0.002648,0.002687,0.002708,0.002773,0.002759,0.002773,0.002710690000000005,0.0027596200000000104,0.002759046666666659,0.002772893333333341
1.332,0.002206,0.00226,0.002325,0.002365,0.00245,0.002482,0.002521,0.002541,0.002567,0.002621,0.002646,0.002667,0.002707,0.002728,0.002791,0.002777,0.002791,0.0027290199999999883,0.0027721666666666624,0.0027726300000000016,0.0027842766666666594
1.336,0.002227,0.00228,0.002346,0.002386,0.002471,0.002502,0.002541,0.002561,0.002587,0.002641,0.002664,0.002687,0.002725,0.002746,0.002809,0.002794,0.002808,0.002744533333333343,0.0027910699999999884,0.002788543333333325,0.00279841666666667
1.34,0.002248,0.002302,0.002368,0.002409,0.002492,0.002523,0.002562,0.002584,0.002608,0.002663,0.002685,0.002706,0.002745,0.002765,0.002828,0.002813,0.002826,0.0027644900000000075,0.0028082033333333457,0.002807423333333325,0.00281809
1.344,0.00227,0.002323,0.00239,0.002431,0.002514,0.002544,0.002584,0.002605,0.002629,0.002683,0.002705,0.002726,0.002764,0.002784,0.002846,0.00283,0.002843,0.002785460000000006,0.0028289766666666715,0.002827283333333333,0.002838186666666675
1.348,0.002291,0.002346,0.002412,0.002452,0.002535,0.002566,0.002604,0.002626,0.00265,0.002704,0.002725,0.002745,0.002782,0.002802,0.002864,0.002849,0.002861,0.002802476666666663,0.0028472366666666576,0.002846186666666663,0.002858230000000003
1.352,0.002312,0.002368,0.002435,0.002474,0.002558,0.002587,0.002626,0.002648,0.002671,0.002725,0.002745,0.002765,0.002801,0.002821,0.002884,0.002867,0.00288,0.0028188499999999925,0.0028605433333333315,0.002858263333333324,0.002866823333333327
1.356,0.002336,0.002391,0.002457,0.002496,0.00258,0.002609,0.002647,0.00267,0.002693,0.002746,0.002764,0.002785,0.002821,0.00284,0.002903,0.002886,0.002898,0.0028381999999999904,0.0028814599999999932,0.0028761066666666774,0.0028838266666666563
1.36,0.002358,0.002413,0.002479,0.002519,0.002602,0.002631,0.002669,0.002691,0.002714,0.002766,0.002784,0.002805,0.00284,0.00286,0.002922,0.002905,0.002916,0.002859196666666654,0.0029018233333333253,0.0028970100000000098,0.0029057766666666708
1.364,0.00238,0.002437,0.002503,0.002542,0.002624,0.002653,0.00269,0.002713,0.002734,0.002788,0.002805,0.002825,0.00286,0.00288,0.00294,0.002923,0.002934,0.0028772866666666634,0.002917926666666681,0.0029136433333333397,0.002921166666666665
1.368,0.002403,0.002459,0.002526,0.002565,0.002647,0.002675,0.002711,0.002734,0.002755,0.002809,0.002825,0.002846,0.002879,0.002899,0.00296,0.002942,0.002954,0.0028936699999999958,0.002934076666666658,0.0029273966666666677,0.0029356066666666727
1.372,0.002426,0.002483,0.002549,0.002588,0.002669,0.002697,0.002732,0.002757,0.002777,0.002831,0.002846,0.002866,0.0029,0.002919,0.00298,0.002963,0.002973,0.0029190533333333366,0.002959983333333327,0.0029577566666666786,0.0029654566666666693
1.376,0.00245,0.002508,0.002573,0.002611,0.002692,0.002719,0.002755,0.002779,0.002799,0.002852,0.002867,0.002886,0.00292,0.00294,0.002999,0.002982,0.002992,0.002937120000000015,0.002976756666666655,0.0029718166666666767,0.0029802833333333304
1.38,0.002474,0.002532,0.002596,0.002634,0.002713,0.00274,0.002776,0.002801,0.002821,0.002873,0.002887,0.002908,0.002941,0.002959,0.003019,0.003001,0.003011,0.002957470000000011,0.0029973833333333303,0.0029941500000000075,0.003002373333333325
1.384,0.002498,0.002556,0.00262,0.002657,0.002736,0.002763,0.002799,0.002823,0.002842,0.002896,0.002909,0.002929,0.002961,0.00298,0.00304,0.003022,0.003032,0.0029802766666666585,0.003021326666666676,0.003017116666666664,0.003025650000000007
1.388,0.002523,0.00258,0.002644,0.002681,0.00276,0.002787,0.002821,0.002846,0.002865,0.00292,0.002931,0.002951,0.002982,0.003001,0.003061,0.003042,0.003052,0.002998700000000004,0.003038123333333326,0.003032456666666662,0.003039953333333349
1.392,0.002547,0.002605,0.002668,0.002704,0.002783,0.002809,0.002843,0.002869,0.002888,0.002941,0.002952,0.002972,0.003004,0.003022,0.003082,0.003063,0.003073,0.003019349999999995,0.0030575800000000033,0.003052743333333341,0.0030620099999999952
1.396,0.002571,0.002629,0.002691,0.002727,0.002805,0.002831,0.002866,0.002892,0.002911,0.002964,0.002974,0.002995,0.003024,0.003043,0.003102,0.003083,0.003092,0.003043520000000008,0.003079436666666678,0.0030795899999999845,0.0030878933333333275
1.4,0.002596,0.002653,0.002715,0.002751,0.002828,0.002854,0.002889,0.002915,0.002933,0.002987,0.002996,0.003016,0.003046,0.003065,0.003123,0.003104,0.003112,0.0030655933333333277,0.003104593333333327,0.003100726666666662,0.00310956666666667
1.404,0.00262,0.002678,0.002739,0.002775,0.002852,0.002879,0.002911,0.002939,0.002956,0.00301,0.003019,0.003039,0.003068,0.003086,0.003144,0.003125,0.003134,0.003084980000000007,0.00312340333333334,0.0031187300000000084,0.0031266799999999945
1.408,0.002645,0.002703,0.002764,0.002799,0.002876,0.002901,0.002935,0.002963,0.00298,0.003034,0.003041,0.003061,0.003089,0.003108,0.003166,0.003147,0.003155,0.003103810000000001,0.003141193333333337,0.003134643333333338,0.00314274333333334
1.412,0.002669,0.002728,0.002788,0.002823,0.002898,0.002924,0.002958,0.002986,0.003003,0.003056,0.003062,0.003083,0.003111,0.00313,0.003187,0.003168,0.003176,0.0031230299999999915,0.003159196666666678,0.003153123333333321,0.0031602866666666585
1.416,0.002694,0.002753,0.002812,0.002847,0.002922,0.002948,0.002981,0.003011,0.003027,0.00308,0.003085,0.003106,0.003133,0.003152,0.003209,0.00319,0.003197,0.003141150000000008,0.003178163333333341,0.003166823333333345,0.003175853333333337
1.42,0.002719,0.002778,0.002837,0.002872,0.002947,0.002972,0.003006,0.003034,0.00305,0.003104,0.003108,0.003129,0.003156,0.003175,0.003232,0.003213,0.003219,0.003171703333333342,0.0032104466666666724,0.003202730000000011,0.003211786666666662
1.424,0.002744,0.002804,0.002862,0.002896,0.002971,0.002997,0.003028,0.003058,0.003074,0.003127,0.003131,0.003152,0.003178,0.003197,0.003253,0.003233,0.003241,0.0031933066666666693,0.0032336433333333167,0.003224473333333347,0.00323035666666668
1.428,0.00277,0.002829,0.002886,0.002921,0.002995,0.003019,0.003052,0.003082,0.003097,0.003151,0.003155,0.003175,0.003201,0.003219,0.003276,0.003256,0.003263,0.0032148466666666623,0.003253446666666648,0.003244643333333342,0.00325127333333334
1.432,0.002795,0.002855,0.002911,0.002945,0.003019,0.003043,0.003075,0.003106,0.00312,0.003174,0.003178,0.003198,0.003223,0.003241,0.003299,0.003279,0.003285,0.003237113333333347,0.0032780133333333485,0.003267240000000006,0.0032733266666666572
1.436,0.002821,0.00288,0.002937,0.002971,0.003043,0.003067,0.0031,0.003131,0.003145,0.003198,0.003201,0.003221,0.003247,0.003265,0.003321,0.003301,0.003308,0.0032600566666666562,0.0032990800000000085,0.0032880133333333308,0.0032933933333333227
1.44,0.002846,0.002907,0.002963,0.002994,0.003067,0.003092,0.003124,0.003155,0.003169,0.003222,0.003224,0.003245,0.00327,0.003288,0.003344,0.003324,0.003329,0.0032826899999999913,0.0033210500000000077,0.0033100033333333286,0.003319203333333345
1.444,0.002872,0.002932,0.002987,0.003019,0.003091,0.003116,0.003147,0.003179,0.003192,0.003246,0.003248,0.003268,0.003292,0.00331,0.003365,0.003346,0.003352,0.003310546666666677,0.0033505899999999858,0.0033458066666666544,0.003351806666666675
1.448,0.002898,0.002959,0.003012,0.003043,0.003116,0.00314,0.003171,0.003203,0.003216,0.00327,0.003271,0.003291,0.003315,0.003333,0.003389,0.003369,0.003375,0.0033311433333333435,0.0033728733333333208,0.0033621633333333198,0.0033671766666666728
1.452,0.002925,0.002985,0.003037,0.003069,0.00314,0.003164,0.003196,0.003228,0.003241,0.003295,0.003295,0.003315,0.003339,0.003357,0.003413,0.003393,0.003398,0.003353573333333352,0.0033924633333333332,0.0033860999999999904,0.0033905200000000067
1.456,0.002951,0.003011,0.003062,0.003094,0.003164,0.003188,0.00322,0.003252,0.003265,0.003318,0.003318,0.003339,0.003362,0.00338,0.003435,0.003415,0.003421,0.0033789100000000136,0.003417459999999993,0.00340884999999998,0.003412646666666669
1.46,0.002977,0.003036,0.003088,0.003118,0.003189,0.003213,0.003244,0.003276,0.003289,0.003342,0.003341,0.003362,0.003386,0.003404,0.003458,0.003438,0.003444,0.003404513333333324,0.003447063333333323,0.003435530000000018,0.0034434366666666674
1.464,0.003003,0.003062,0.003113,0.003143,0.003213,0.003237,0.003268,0.0033,0.003312,0.003366,0.003365,0.003386,0.003408,0.003426,0.003482,0.003461,0.003467,0.0034260100000000075,0.0034673833333333254,0.003458423333333348,0.0034648600000000028
1.468,0.003029,0.003089,0.003139,0.003168,0.003238,0.003262,0.003292,0.003325,0.003336,0.003391,0.003389,0.00341,0.003432,0.003451,0.003505,0.003485,0.00349,0.0034471399999999944,0.0034855233333333274,0.003475126666666654,0.003483129999999998
1.472,0.003056,0.003115,0.003164,0.003194,0.003262,0.003285,0.003316,0.00335,0.003361,0.003414,0.003413,0.003435,0.003456,0.003474,0.003528,0.003508,0.003513,0.0034751333333333224,0.003515426666666656,0.0035050499999999918,0.0035096566666666666
1.476,0.003082,0.003141,0.003189,0.003218,0.003285,0.003309,0.00334,0.003374,0.003384,0.003439,0.003436,0.003457,0.003478,0.003496,0.003551,0.003531,0.003536,0.003495443333333348,0.0035348766666666656,0.0035259466666666506,0.0035299599999999935
1.48,0.003109,0.003167,0.003215,0.003243,0.00331,0.003334,0.003364,0.003398,0.003408,0.003463,0.003459,0.003481,0.003502,0.003521,0.003573,0.003553,0.003558,0.0035210766666666695,0.0035608133333333504,0.0035491166666666704,0.003552819999999983
1.484,0.003135,0.003194,0.00324,0.003268,0.003335,0.003359,0.003388,0.003423,0.003434,0.003487,0.003483,0.003505,0.003525,0.003544,0.003596,0.003576,0.003581,0.003543226666666665,0.0035811700000000068,0.003569710000000011,0.003574489999999988
1.488,0.003162,0.003221,0.003265,0.003292,0.003359,0.003382,0.003413,0.003447,0.003456,0.00351,0.003507,0.003528,0.003547,0.003566,0.00362,0.003599,0.003604,0.0035653133333333207,0.0036038933333333214,0.0035898300000000065,0.003594270000000009
1.492,0.003189,0.003247,0.003292,0.003318,0.003384,0.003407,0.003436,0.003471,0.003481,0.003533,0.003529,0.003551,0.003571,0.003589,0.003643,0.003624,0.003628,0.003588806666666658,0.003627733333333322,0.003618263333333327,0.003622713333333326
1.496,0.003216,0.003273,0.003317,0.003344,0.003408,0.00343,0.00346,0.003495,0.003504,0.003556,0.003551,0.003574,0.003594,0.003613,0.003666,0.003646,0.003652,0.0036103633333333285,0.003647719999999983,0.003636850000000012,0.0036463566666666606
1.5,0.003243,0.0033,0.003344,0.003368,0.003432,0.003455,0.003484,0.003519,0.003527,0.00358,0.003577,0.003599,0.003618,0.003637,0.003689,0.00367,0.003674,0.003636536666666661,0.0036747666666666844,0.00366500666666666,0.0036677366666666507
