Voltage,1,2,3,5,10,15,20,25,30,40,50,60,80,100,120,200,250,100_pred,120_pred,200_pred,250_pred
-0.996,0.001976,0.001986,0.00198,0.001982,0.002009,0.001987,0.00199,0.001987,0.00197,0.001974,0.001956,0.001977,0.001967,0.001966,0.001954,0.001964,0.001936,0.0019683766666666754,0.001956273333333339,0.0019656666666666694,0.0019397500000000007
-0.992,0.001963,0.001972,0.001967,0.001969,0.001996,0.001974,0.001977,0.001974,0.001958,0.001962,0.001945,0.001965,0.001955,0.001955,0.001942,0.001952,0.001925,0.0019556366666666682,0.001942846666666666,0.0019533666666666644,0.0019274266666666662
-0.988,0.001951,0.00196,0.001955,0.001957,0.001984,0.001962,0.001966,0.001962,0.001946,0.001951,0.001934,0.001953,0.001944,0.001943,0.001931,0.00194,0.001914,0.001945169999999994,0.0019329733333333377,0.0019421766666666695,0.0019173433333333368
-0.984,0.00194,0.001948,0.001943,0.001946,0.001973,0.001951,0.001955,0.001951,0.001935,0.001941,0.001923,0.001942,0.001934,0.001933,0.00192,0.001929,0.001904,0.0019339933333333338,0.0019212666666666653,0.001931006666666665,0.001906260000000004
-0.98,0.001929,0.001937,0.001932,0.001935,0.001962,0.001941,0.001945,0.00194,0.001925,0.001931,0.001914,0.001932,0.001924,0.001923,0.00191,0.001919,0.001894,0.0019242300000000049,0.0019113600000000028,0.0019203233333333373,0.00189597
-0.976,0.001919,0.001928,0.001922,0.001925,0.001953,0.001931,0.001935,0.001931,0.001916,0.001922,0.001905,0.001922,0.001915,0.001914,0.001901,0.00191,0.001885,0.0019143700000000053,0.001901809999999998,0.001911236666666671,0.0018865566666666758
-0.972,0.001911,0.001919,0.001914,0.001916,0.001944,0.001923,0.001926,0.001922,0.001908,0.001913,0.001897,0.001914,0.001907,0.001905,0.001893,0.001901,0.001877,0.0019057399999999984,0.0018937233333333296,0.0019018666666666632,0.001878003333333338
-0.968,0.001903,0.00191,0.001905,0.001908,0.001936,0.001915,0.001919,0.001914,0.0019,0.001906,0.00189,0.001906,0.0019,0.001898,0.001886,0.001893,0.00187,0.001898920000000001,0.0018867533333333374,0.0018950033333333298,0.0018716399999999984
-0.964,0.001895,0.001903,0.001898,0.001901,0.001929,0.001908,0.001912,0.001907,0.001893,0.001899,0.001884,0.001899,0.001893,0.001891,0.001879,0.001886,0.001864,0.0018914633333333246,0.0018792600000000052,0.001887350000000003,0.001864103333333325
-0.96,0.001888,0.001896,0.001891,0.001894,0.001922,0.001901,0.001905,0.001901,0.001887,0.001892,0.001877,0.001893,0.001887,0.001885,0.001872,0.00188,0.001857,0.0018853666666666757,0.001872393333333332,0.0018812499999999973,0.0018572566666666642
-0.956,0.001882,0.00189,0.001885,0.001888,0.001916,0.001895,0.001899,0.001895,0.001881,0.001886,0.001872,0.001886,0.001881,0.001879,0.001867,0.001874,0.001852,0.001879723333333336,0.0018673166666666637,0.0018752666666666648,0.0018519933333333346
-0.952,0.001877,0.001884,0.001879,0.001882,0.00191,0.001889,0.001893,0.001889,0.001876,0.001881,0.001867,0.00188,0.001875,0.001873,0.001861,0.001868,0.001846,0.0018737333333333395,0.0018613100000000006,0.001869323333333327,0.0018461133333333352
-0.948,0.001871,0.001879,0.001873,0.001876,0.001904,0.001883,0.001888,0.001883,0.00187,0.001876,0.001862,0.001875,0.00187,0.001868,0.001856,0.001863,0.001841,0.0018689533333333278,0.0018563766666666714,0.0018636499999999975,0.0018407999999999942
-0.944,0.001866,0.001874,0.001868,0.001871,0.001899,0.001878,0.001883,0.001878,0.001866,0.001871,0.001857,0.00187,0.001866,0.001863,0.001851,0.001858,0.001837,0.0018638733333333302,0.0018512533333333318,0.0018587933333333439,0.0018365333333333251
-0.94,0.001861,0.001869,0.001863,0.001867,0.001895,0.001874,0.001878,0.001874,0.001861,0.001867,0.001853,0.001866,0.001861,0.001859,0.001847,0.001854,0.001833,0.0018594433333333378,0.001846756666666665,0.0018550866666666751,0.0018331266666666594
-0.936,0.001857,0.001865,0.001859,0.001863,0.001891,0.00187,0.001874,0.001869,0.001857,0.001863,0.001849,0.001862,0.001857,0.001855,0.001843,0.00185,0.001829,0.001855613333333338,0.0018429999999999998,0.001850783333333339,0.00182898333333334
-0.932,0.001854,0.001861,0.001855,0.001859,0.001887,0.001866,0.00187,0.001866,0.001854,0.001859,0.001846,0.001858,0.001854,0.001852,0.001839,0.001846,0.001826,0.0018528466666666717,0.0018394499999999955,0.0018472133333333374,0.0018257966666666654
-0.928,0.00185,0.001857,0.001852,0.001855,0.001883,0.001862,0.001867,0.001862,0.00185,0.001856,0.001842,0.001855,0.001851,0.001849,0.001836,0.001843,0.001823,0.0018492899999999952,0.0018355999999999976,0.0018438533333333313,0.0018226933333333369
-0.924,0.001847,0.001854,0.001849,0.001852,0.00188,0.001859,0.001864,0.001859,0.001847,0.001853,0.001839,0.001852,0.001848,0.001846,0.001833,0.00184,0.00182,0.001846236666666667,0.0018326033333333246,0.001840866666666664,0.001819913333333329
-0.92,0.001844,0.001851,0.001845,0.001849,0.001877,0.001856,0.001861,0.001856,0.001845,0.00185,0.001837,0.001849,0.001845,0.001843,0.00183,0.001837,0.001817,0.0018432866666666652,0.0018298133333333319,0.0018374633333333261,0.0018169200000000018
-0.916,0.001842,0.001849,0.001842,0.001847,0.001874,0.001854,0.001859,0.001854,0.001842,0.001848,0.001834,0.001847,0.001843,0.001841,0.001828,0.001834,0.001815,0.001841143333333328,0.001827506666666667,0.0018345399999999997,0.0018146133333333378
-0.912,0.00184,0.001846,0.00184,0.001844,0.001872,0.001851,0.001856,0.001851,0.00184,0.001845,0.001832,0.001844,0.001841,0.001839,0.001826,0.001832,0.001813,0.001839236666666663,0.0018255566666666638,0.0018325433333333274,0.0018128733333333353
-0.908,0.001838,0.001845,0.001838,0.001842,0.00187,0.00185,0.001855,0.00185,0.001837,0.001843,0.00183,0.001843,0.001839,0.001837,0.001824,0.00183,0.001811,0.0018374633333333268,0.0018236200000000002,0.0018308299999999977,0.0018109466666666697
-0.904,0.001837,0.001843,0.001836,0.00184,0.001868,0.001848,0.001853,0.001848,0.001836,0.001842,0.001829,0.001841,0.001838,0.001836,0.001822,0.001829,0.001809,0.0018360933333333314,0.0018218466666666622,0.0018295400000000064,0.0018091399999999994
-0.9,0.001835,0.001842,0.001835,0.001839,0.001866,0.001847,0.001852,0.001846,0.001835,0.001841,0.001827,0.00184,0.001836,0.001834,0.001821,0.001828,0.001808,0.001834243333333333,0.0018207100000000032,0.0018282433333333351,0.0018079499999999942
-0.896,0.001834,0.001841,0.001833,0.001837,0.001865,0.001846,0.001851,0.001845,0.001834,0.00184,0.001826,0.001839,0.001835,0.001833,0.00182,0.001827,0.001807,0.0018331699999999873,0.0018196433333333313,0.0018269366666666727,0.0018068099999999977
-0.892,0.001834,0.00184,0.001833,0.001837,0.001864,0.001845,0.001851,0.001845,0.001833,0.001839,0.001825,0.001838,0.001835,0.001833,0.001819,0.001826,0.001806,0.0018330966666666542,0.0018189200000000016,0.0018263333333333313,0.001806179999999989
-0.888,0.001833,0.00184,0.001832,0.001836,0.001863,0.001845,0.001851,0.001845,0.001832,0.001839,0.001825,0.001838,0.001834,0.001833,0.001818,0.001826,0.001806,0.0018329999999999861,0.001818073333333324,0.0018261766666666669,0.0018056399999999899
-0.884,0.001833,0.00184,0.001832,0.001835,0.001863,0.001845,0.001851,0.001845,0.001832,0.001839,0.001824,0.001838,0.001834,0.001833,0.001818,0.001827,0.001805,0.0018329966666666526,0.001818013333333323,0.00182683000000001,0.0018050133333333295
-0.88,0.001833,0.00184,0.001832,0.001835,0.001863,0.001845,0.001851,0.001845,0.001832,0.001839,0.001824,0.001838,0.001834,0.001833,0.001818,0.001827,0.001805,0.0018329966666666526,0.001818013333333323,0.00182683000000001,0.0018050133333333295
-0.876,0.001834,0.00184,0.001832,0.001835,0.001862,0.001845,0.001851,0.001845,0.001832,0.001839,0.001824,0.001838,0.001834,0.001833,0.001818,0.001827,0.001806,0.0018329966666666526,0.0018180166666666563,0.0018268500000000105,0.0018055599999999901
-0.872,0.001834,0.001841,0.001832,0.001836,0.001863,0.001846,0.001852,0.001845,0.001832,0.001839,0.001824,0.001839,0.001835,0.001833,0.001818,0.001827,0.001806,0.001833113333333321,0.0018183266666666582,0.0018270466666666756,0.0018061299999999902
-0.868,0.001835,0.001842,0.001833,0.001837,0.001863,0.001846,0.001852,0.001846,0.001832,0.00184,0.001825,0.00184,0.001835,0.001834,0.001819,0.001828,0.001807,0.0018337466666666635,0.0018191566666666689,0.0018275766666666685,0.0018069066666666644
-0.864,0.001836,0.001843,0.001834,0.001837,0.001864,0.001847,0.001853,0.001847,0.001833,0.001841,0.001826,0.001841,0.001836,0.001835,0.00182,0.001829,0.001808,0.0018347833333333282,0.0018200599999999986,0.0018287366666666727,0.0018078799999999946
-0.86,0.001838,0.001844,0.001835,0.001839,0.001864,0.001848,0.001854,0.001848,0.001834,0.001843,0.001827,0.001842,0.001837,0.001836,0.001821,0.001831,0.001809,0.0018358266666666653,0.0018210333333333348,0.0018303700000000104,0.0018088666666666654
-0.856,0.001839,0.001846,0.001836,0.00184,0.001865,0.00185,0.001856,0.00185,0.001835,0.001844,0.001828,0.001843,0.001839,0.001838,0.001822,0.001832,0.00181,0.001837763333333335,0.0018222633333333286,0.0018317233333333305,0.0018101299999999947
-0.852,0.00184,0.001847,0.001837,0.001841,0.001866,0.001851,0.001857,0.001851,0.001836,0.001845,0.001829,0.001844,0.00184,0.001839,0.001823,0.001833,0.001811,0.0018387499999999982,0.00182309666666667,0.0018327399999999898,0.0018110600000000026
-0.848,0.001842,0.001848,0.001839,0.001842,0.001867,0.001852,0.001858,0.001852,0.001838,0.001847,0.001831,0.001846,0.001842,0.00184,0.001824,0.001835,0.001813,0.0018398599999999983,0.001824353333333334,0.0018343999999999928,0.0018128200000000017
-0.844,0.001843,0.00185,0.00184,0.001844,0.001869,0.001854,0.00186,0.001854,0.001839,0.001848,0.001832,0.001848,0.001843,0.001842,0.001826,0.001837,0.001814,0.0018415933333333372,0.0018263933333333296,0.0018361466666666588,0.0018142266666666621
-0.84,0.001845,0.001852,0.001842,0.001846,0.001871,0.001855,0.001861,0.001855,0.001841,0.00185,0.001834,0.001849,0.001845,0.001843,0.001828,0.001838,0.001816,0.0018428233333333322,0.0018282533333333335,0.0018373633333333343,0.0018159299999999982
-0.836,0.001847,0.001854,0.001844,0.001848,0.001872,0.001857,0.001863,0.001857,0.001842,0.001852,0.001835,0.001851,0.001847,0.001845,0.00183,0.001841,0.001818,0.0018447833333333301,0.0018301266666666649,0.0018403066666666608,0.001817953333333326
-0.832,0.001849,0.001856,0.001846,0.00185,0.001874,0.001859,0.001865,0.001859,0.001844,0.001854,0.001837,0.001853,0.001849,0.001847,0.001832,0.001843,0.00182,0.0018466366666666644,0.0018320199999999945,0.0018421066666666648,0.0018196566666666624
-0.828,0.001851,0.001858,0.001848,0.001852,0.001876,0.001861,0.001867,0.001861,0.001846,0.001856,0.001839,0.001856,0.001852,0.001849,0.001834,0.001845,0.001822,0.0018488899999999939,0.0018343499999999993,0.0018444266666666632,0.0018220799999999968
-0.824,0.001854,0.001861,0.001851,0.001854,0.001878,0.001863,0.00187,0.001864,0.001848,0.001859,0.001842,0.001858,0.001854,0.001852,0.001837,0.001848,0.001824,0.0018515500000000026,0.0018370233333333257,0.001847270000000001,0.001823993333333334
-0.82,0.001856,0.001863,0.001853,0.001857,0.001881,0.001865,0.001872,0.001866,0.001851,0.001861,0.001844,0.00186,0.001857,0.001854,0.001839,0.00185,0.001827,0.0018539733333333415,0.0018393833333333288,0.0018489566666666723,0.0018262933333333413
-0.816,0.001859,0.001865,0.001855,0.001859,0.001883,0.001868,0.001874,0.001868,0.001853,0.001863,0.001846,0.001863,0.001859,0.001856,0.001842,0.001853,0.001829,0.0018559466666666728,0.0018422566666666707,0.0018524399999999988,0.0018293533333333405
-0.812,0.001861,0.001868,0.001858,0.001861,0.001885,0.00187,0.001876,0.001871,0.001855,0.001866,0.001849,0.001865,0.001862,0.001858,0.001844,0.001855,0.001831,0.0018580833333333446,0.0018444100000000038,0.0018547966666666688,0.0018313366666666763
-0.808,0.001864,0.00187,0.00186,0.001863,0.001887,0.001872,0.001879,0.001873,0.001858,0.001868,0.001851,0.001868,0.001864,0.001861,0.001847,0.001858,0.001834,0.001860683333333337,0.0018470599999999974,0.001857610000000009,0.0018340166666666686
-0.804,0.001867,0.001873,0.001863,0.001866,0.00189,0.001875,0.001881,0.001876,0.00186,0.001871,0.001854,0.001871,0.001867,0.001864,0.001849,0.001861,0.001837,0.0018637866666666595,0.0018496366666666609,0.0018599933333333378,0.0018366299999999912
-0.8,0.00187,0.001876,0.001866,0.001869,0.001893,0.001878,0.001884,0.001879,0.001863,0.001874,0.001857,0.001874,0.001871,0.001867,0.001853,0.001865,0.00184,0.0018668666666666644,0.0018532699999999976,0.0018635500000000048,0.0018397366666666648
-0.796,0.001873,0.001879,0.001869,0.001872,0.001896,0.001881,0.001888,0.001882,0.001867,0.001878,0.001861,0.001877,0.001874,0.00187,0.001856,0.001868,0.001843,0.0018699733333333317,0.0018565500000000046,0.0018664599999999943,0.001842149999999998
-0.792,0.001876,0.001883,0.001873,0.001875,0.001899,0.001884,0.001891,0.001885,0.00187,0.001881,0.001864,0.00188,0.001878,0.001873,0.001859,0.001871,0.001846,0.0018733866666666725,0.0018599900000000015,0.0018704866666666667,0.0018460333333333353
-0.788,0.001879,0.001886,0.001876,0.001879,0.001903,0.001887,0.001894,0.001888,0.001873,0.001884,0.001868,0.001884,0.001881,0.001876,0.001863,0.001875,0.001849,0.0018766233333333286,0.0018639633333333314,0.0018746599999999998,0.0018499833333333283
-0.784,0.001883,0.001889,0.001879,0.001882,0.001906,0.001891,0.001897,0.001892,0.001877,0.001888,0.001871,0.001887,0.001885,0.00188,0.001866,0.001879,0.001853,0.0018801433333333307,0.0018669866666666628,0.0018778533333333354,0.0018532499999999964
-0.78,0.001886,0.001893,0.001883,0.001886,0.00191,0.001894,0.001901,0.001895,0.00188,0.001891,0.001875,0.001891,0.001888,0.001883,0.00187,0.001882,0.001856,0.0018833700000000049,0.0018705166666666657,0.0018817233333333354,0.0018566700000000025
-0.776,0.00189,0.001897,0.001887,0.001889,0.001913,0.001898,0.001904,0.001899,0.001884,0.001895,0.001878,0.001895,0.001892,0.001887,0.001873,0.001886,0.00186,0.0018868500000000065,0.001873300000000007,0.00188515666666667,0.0018597133333333234
-0.772,0.001894,0.0019,0.00189,0.001893,0.001917,0.001901,0.001908,0.001902,0.001887,0.001899,0.001882,0.001898,0.001896,0.00189,0.001877,0.00189,0.001863,0.0018904033333333311,0.00187770333333334,0.0018891133333333316,0.0018638766666666607
-0.768,0.001898,0.001905,0.001894,0.001897,0.001921,0.001905,0.001912,0.001906,0.001891,0.001903,0.001886,0.001902,0.0019,0.001894,0.001881,0.001893,0.001867,0.0018944666666666646,0.0018816766666666747,0.001891969999999998,0.0018677966666666645
-0.764,0.001902,0.001909,0.001899,0.001901,0.001925,0.001909,0.001916,0.00191,0.001895,0.001907,0.00189,0.001906,0.001904,0.001898,0.001885,0.001897,0.001871,0.001898763333333334,0.001886090000000009,0.0018963033333333316,0.0018717166666666674
-0.76,0.001906,0.001913,0.001903,0.001906,0.001929,0.001913,0.00192,0.001914,0.001899,0.001911,0.001894,0.00191,0.001908,0.001902,0.001889,0.001902,0.001875,0.0019026233333333336,0.00188995333333333,0.0019005399999999979,0.0018753699999999988
-0.756,0.001911,0.001918,0.001907,0.00191,0.001934,0.001917,0.001924,0.001919,0.001904,0.001915,0.001899,0.001915,0.001912,0.001906,0.001893,0.001906,0.00188,0.0019066100000000015,0.0018940533333333303,0.0019054266666666683,0.0018800066666666642
-0.752,0.001915,0.001922,0.001912,0.001914,0.001938,0.001921,0.001928,0.001923,0.001908,0.001919,0.001903,0.001919,0.001917,0.00191,0.001898,0.00191,0.001884,0.001911203333333337,0.0018991566666666671,0.0019092900000000042,0.001884283333333332
-0.748,0.001919,0.001926,0.001916,0.001919,0.001943,0.001926,0.001932,0.001927,0.001912,0.001923,0.001908,0.001923,0.001921,0.001914,0.001902,0.001914,0.001888,0.0019156066666666711,0.0019038633333333306,0.0019141833333333387,0.0018895300000000023
-0.744,0.001924,0.001931,0.001921,0.001923,0.001947,0.00193,0.001937,0.001931,0.001916,0.001928,0.001912,0.001928,0.001925,0.001918,0.001906,0.001919,0.001892,0.0019195133333333265,0.0019075433333333352,0.0019187300000000037,0.0018933966666666699
-0.74,0.001928,0.001935,0.001925,0.001927,0.001951,0.001934,0.001941,0.001936,0.001921,0.001932,0.001916,0.001932,0.001929,0.001923,0.00191,0.001923,0.001897,0.001923383333333338,0.0019107700000000028,0.0019226033333333387,0.0018970766666666671
-0.736,0.001933,0.00194,0.00193,0.001932,0.001956,0.001939,0.001946,0.00194,0.001925,0.001937,0.001921,0.001937,0.001934,0.001927,0.001915,0.001927,0.001901,0.0019284833333333392,0.001916413333333334,0.0019273066666666723,0.0019022899999999979
-0.732,0.001938,0.001945,0.001935,0.001937,0.00196,0.001943,0.00195,0.001945,0.00193,0.001941,0.001925,0.001941,0.001939,0.001932,0.001919,0.001932,0.001906,0.0019337000000000009,0.0019211466666666688,0.00193288,0.0019082900000000028
-0.728,0.001943,0.00195,0.00194,0.001942,0.001965,0.001948,0.001955,0.001949,0.001935,0.001946,0.00193,0.001946,0.001944,0.001937,0.001924,0.001937,0.001911,0.00193882,0.0019265799999999996,0.001937450000000001,0.001913916666666666
-0.724,0.001948,0.001955,0.001945,0.001947,0.00197,0.001953,0.00196,0.001954,0.00194,0.001951,0.001935,0.001951,0.001949,0.001942,0.001929,0.001942,0.001916,0.0019438033333333308,0.0019312733333333324,0.0019427899999999991,0.0019180333333333303
-0.72,0.001952,0.00196,0.00195,0.001952,0.001975,0.001958,0.001965,0.001959,0.001945,0.001956,0.00194,0.001955,0.001954,0.001947,0.001934,0.001947,0.001921,0.001948626666666664,0.0019361233333333324,0.001947633333333331,0.0019230799999999978
-0.716,0.001957,0.001965,0.001955,0.001957,0.00198,0.001962,0.00197,0.001964,0.00195,0.001961,0.001945,0.001961,0.001959,0.001952,0.001939,0.001951,0.001926,0.00195349,0.0019408033333333404,0.0019515699999999977,0.0019276166666666614
-0.712,0.001962,0.00197,0.00196,0.001962,0.001984,0.001967,0.001975,0.001969,0.001954,0.001966,0.00195,0.001966,0.001964,0.001957,0.001944,0.001956,0.001931,0.001958706666666662,0.0019464466666666627,0.001957383333333336,0.001933866666666671
-0.708,0.001968,0.001975,0.001965,0.001967,0.00199,0.001973,0.00198,0.001974,0.00196,0.001971,0.001955,0.001971,0.001969,0.001962,0.001949,0.001962,0.001936,0.001963166666666674,0.0019504566666666608,0.0019625200000000067,0.001936950000000001
-0.704,0.001973,0.00198,0.00197,0.001972,0.001995,0.001978,0.001985,0.001979,0.001965,0.001976,0.001961,0.001976,0.001975,0.001967,0.001954,0.001967,0.001941,0.001968916666666672,0.0019568333333333373,0.001967823333333337,0.0019439266666666714
-0.7,0.001979,0.001986,0.001976,0.001978,0.002,0.001983,0.00199,0.001985,0.001971,0.001982,0.001966,0.001982,0.001981,0.001973,0.00196,0.001973,0.001947,0.001975236666666669,0.0019632499999999997,0.001973743333333335,0.0019505599999999968
-0.696,0.001984,0.001991,0.001982,0.001984,0.002006,0.001989,0.001996,0.001991,0.001976,0.001988,0.001972,0.001987,0.001986,0.001978,0.001965,0.001978,0.001952,0.0019806299999999997,0.0019684099999999964,0.001980106666666665,0.0019561666666666673
-0.692,0.00199,0.001997,0.001987,0.00199,0.002012,0.001994,0.002002,0.001997,0.001982,0.001993,0.001978,0.001993,0.001992,0.001984,0.001971,0.001984,0.001958,0.001985639999999997,0.001973399999999995,0.0019849933333333297,0.001960810000000005
-0.688,0.001996,0.002003,0.001993,0.001996,0.002018,0.002,0.002008,0.002003,0.001988,0.001999,0.001983,0.001999,0.001998,0.00199,0.001977,0.00199,0.001963,0.0019935500000000015,0.001981913333333338,0.0019927333333333345,0.001969226666666668
-0.684,0.002002,0.002009,0.001999,0.002002,0.002024,0.002007,0.002014,0.002009,0.001994,0.002005,0.001989,0.002005,0.002004,0.001996,0.001983,0.001996,0.001969,0.0019990633333333303,0.001987073333333336,0.001997826666666665,0.0019743799999999982
-0.68,0.002008,0.002015,0.002006,0.002008,0.00203,0.002013,0.00202,0.002015,0.002,0.002011,0.001996,0.002012,0.002011,0.002002,0.001989,0.002002,0.001975,0.0020051833333333295,0.001992836666666673,0.0020036066666666635,0.001979649999999997
-0.676,0.002015,0.002022,0.002012,0.002015,0.002036,0.002019,0.002026,0.002022,0.002006,0.002018,0.002002,0.002018,0.002017,0.002009,0.001995,0.002008,0.001982,0.002011716666666667,0.0019990400000000027,0.002010180000000004,0.0019874533333333333
-0.672,0.002021,0.002028,0.002019,0.002021,0.002042,0.002026,0.002033,0.002028,0.002013,0.002024,0.002008,0.002024,0.002024,0.002015,0.002001,0.002014,0.001988,0.0020181666666666616,0.002005516666666665,0.00201656,0.001993603333333329
-0.668,0.002028,0.002035,0.002026,0.002028,0.002049,0.002032,0.00204,0.002035,0.002019,0.002031,0.002015,0.002031,0.00203,0.002022,0.002008,0.002021,0.001995,0.002024540000000001,0.002011730000000003,0.0020231700000000025,0.001999420000000001
-0.664,0.002035,0.002042,0.002033,0.002035,0.002056,0.002039,0.002046,0.002042,0.002027,0.002038,0.002022,0.002038,0.002037,0.002029,0.002015,0.002028,0.002001,0.002032113333333328,0.002020136666666661,0.002030766666666664,0.0020081299999999973
-0.66,0.002042,0.002049,0.00204,0.002042,0.002063,0.002046,0.002054,0.002049,0.002034,0.002045,0.002029,0.002045,0.002045,0.002036,0.002022,0.002035,0.002008,0.002039190000000002,0.0020265200000000017,0.0020377133333333362,0.0020140200000000035
-0.656,0.002049,0.002056,0.002047,0.00205,0.00207,0.002054,0.002061,0.002057,0.002041,0.002053,0.002036,0.002053,0.002052,0.002043,0.002029,0.002042,0.002015,0.002046106666666671,0.0020334666666666644,0.0020444833333333277,0.0020209799999999947
-0.652,0.002057,0.002064,0.002055,0.002057,0.002078,0.002061,0.002068,0.002064,0.002048,0.00206,0.002044,0.00206,0.00206,0.00205,0.002036,0.002049,0.002022,0.0020541733333333317,0.002041330000000004,0.002052139999999999,0.0020283799999999985
-0.648,0.002064,0.002071,0.002062,0.002065,0.002085,0.002069,0.002076,0.002072,0.002056,0.002068,0.002051,0.002068,0.002067,0.002058,0.002043,0.002056,0.00203,0.002060703333333334,0.0020474233333333406,0.002058229999999996,0.0020348666666666587
-0.644,0.002072,0.002079,0.00207,0.002073,0.002093,0.002076,0.002083,0.00208,0.002064,0.002075,0.002059,0.002075,0.002075,0.002065,0.002051,0.002064,0.002037,0.0020688299999999933,0.00205645000000001,0.0020670766666666665,0.0020439966666666656
-0.64,0.002079,0.002087,0.002078,0.00208,0.0021,0.002084,0.002091,0.002087,0.002071,0.002083,0.002066,0.002083,0.002083,0.002073,0.002058,0.002071,0.002044,0.0020755566666666616,0.0020623400000000045,0.0020733666666666708,0.0020491166666666717
-0.636,0.002087,0.002095,0.002086,0.002088,0.002108,0.002092,0.002099,0.002095,0.002079,0.002091,0.002074,0.002091,0.00209,0.002081,0.002066,0.002079,0.002052,0.002085486666666667,0.002072803333333341,0.002084070000000002,0.0020613966666666707
-0.632,0.002095,0.002103,0.002094,0.002097,0.002116,0.002099,0.002107,0.002103,0.002087,0.002099,0.002082,0.002099,0.002098,0.002089,0.002074,0.002087,0.00206,0.002093346666666671,0.0020801466666666747,0.002091896666666662,0.002067913333333331
-0.628,0.002103,0.002111,0.002102,0.002105,0.002124,0.002108,0.002115,0.002112,0.002095,0.002107,0.00209,0.002107,0.002107,0.002097,0.002082,0.002095,0.002067,0.0021012866666666728,0.002088066666666664,0.0020992499999999983,0.0020751100000000037
-0.624,0.002111,0.002119,0.00211,0.002113,0.002132,0.002116,0.002123,0.00212,0.002103,0.002115,0.002098,0.002115,0.002115,0.002105,0.00209,0.002103,0.002075,0.0021094733333333424,0.002096473333333334,0.002107166666666664,0.0020833266666666693
-0.62,0.002119,0.002127,0.002119,0.002122,0.00214,0.002124,0.002131,0.002128,0.002111,0.002123,0.002106,0.002123,0.002123,0.002113,0.002098,0.002111,0.002083,0.0021168700000000003,0.0021041666666666695,0.002114803333333324,0.0020912599999999932
-0.616,0.002127,0.002135,0.002127,0.00213,0.002149,0.002132,0.00214,0.002136,0.00212,0.002132,0.002114,0.002131,0.002131,0.002121,0.002106,0.002118,0.002091,0.0021249433333333373,0.002112026666666671,0.0021220466666666622,0.002098836666666663
-0.612,0.002135,0.002144,0.002135,0.002138,0.002157,0.00214,0.002148,0.002145,0.002128,0.00214,0.002122,0.002139,0.00214,0.002129,0.002114,0.002126,0.002099,0.002132450000000005,0.0021190933333333282,0.0021296399999999973,0.0021058499999999985
-0.608,0.002143,0.002152,0.002143,0.002146,0.002165,0.002148,0.002156,0.002153,0.002136,0.002148,0.00213,0.002148,0.002148,0.002137,0.002122,0.002134,0.002107,0.0021405200000000025,0.002127566666666666,0.002138046666666667,0.002114543333333334
-0.604,0.002152,0.00216,0.002152,0.002155,0.002173,0.002156,0.002164,0.002161,0.002144,0.002156,0.002138,0.002156,0.002156,0.002145,0.00213,0.002142,0.002115,0.002148739999999995,0.0021363833333333296,0.002145199999999991,0.0021223633333333253
-0.6,0.00216,0.002168,0.00216,0.002163,0.002181,0.002165,0.002172,0.002169,0.002152,0.002164,0.002146,0.002164,0.002164,0.002153,0.002138,0.00215,0.002123,0.0021555233333333305,0.0021423233333333217,0.0021514233333333275,0.0021276766666666587
-0.596,0.002168,0.002177,0.002168,0.002171,0.00219,0.002173,0.002181,0.002178,0.002161,0.002173,0.002155,0.002172,0.002173,0.002161,0.002146,0.002158,0.002131,0.0021662666666666676,0.002154046666666659,0.0021627566666666638,0.0021424466666666625
-0.592,0.002176,0.002185,0.002177,0.00218,0.002198,0.002181,0.002189,0.002186,0.002169,0.002181,0.002163,0.00218,0.002181,0.00217,0.002154,0.002166,0.002139,0.002175190000000005,0.0021619433333333283,0.002171326666666669,0.002149360000000002
-0.588,0.002184,0.002193,0.002185,0.002188,0.002207,0.002189,0.002197,0.002194,0.002177,0.002189,0.002171,0.002189,0.002189,0.002178,0.002162,0.002174,0.002147,0.0021814700000000087,0.002167359999999999,0.0021772066666666725,0.0021532633333333395
-0.584,0.002193,0.002201,0.002193,0.002197,0.002215,0.002198,0.002205,0.002203,0.002185,0.002198,0.002179,0.002197,0.002197,0.002186,0.00217,0.002182,0.002155,0.0021907166666666734,0.002177026666666671,0.0021865366666666743,0.002164046666666674
-0.58,0.002201,0.002209,0.002202,0.002205,0.002223,0.002206,0.002213,0.002211,0.002194,0.002206,0.002188,0.002205,0.002206,0.002194,0.002178,0.00219,0.002163,0.002199646666666666,0.0021862866666666745,0.002197466666666677,0.00217435000000001
-0.576,0.002209,0.002218,0.00221,0.002214,0.002231,0.002214,0.002222,0.002219,0.002202,0.002214,0.002196,0.002213,0.002214,0.002202,0.002186,0.002198,0.002171,0.002204926666666671,0.0021905233333333394,0.002201560000000005,0.0021773933333333376
-0.572,0.002217,0.002226,0.002219,0.002222,0.00224,0.002222,0.00223,0.002228,0.00221,0.002222,0.002204,0.002221,0.002222,0.00221,0.002194,0.002205,0.002179,0.002213206666666671,0.0021984566666666656,0.0022091500000000087,0.002185253333333335
-0.568,0.002226,0.002235,0.002227,0.002231,0.002248,0.002231,0.002238,0.002236,0.002218,0.002231,0.002212,0.00223,0.002231,0.002219,0.002202,0.002213,0.002187,0.002220816666666669,0.002205443333333336,0.0022161766666666752,0.0021921133333333356
-0.564,0.002234,0.002243,0.002236,0.00224,0.002257,0.002239,0.002247,0.002244,0.002227,0.002239,0.00222,0.002238,0.002239,0.002227,0.00221,0.002221,0.002195,0.0022278533333333255,0.0022129100000000046,0.00222292,0.0021991466666666576
-0.56,0.002243,0.002252,0.002244,0.002248,0.002265,0.002247,0.002255,0.002253,0.002235,0.002248,0.002229,0.002247,0.002247,0.002235,0.002219,0.002229,0.002203,0.0022410233333333292,0.002227746666666665,0.0022358533333333365,0.002214616666666662
-0.556,0.002251,0.002261,0.002253,0.002257,0.002274,0.002256,0.002264,0.002262,0.002244,0.002256,0.002238,0.002255,0.002256,0.002244,0.002227,0.002237,0.002212,0.002250060000000009,0.002236479999999995,0.0022450633333333386,0.0022251833333333283
-0.552,0.00226,0.002269,0.002262,0.002266,0.002282,0.002264,0.002272,0.00227,0.002252,0.002265,0.002246,0.002263,0.002265,0.002252,0.002236,0.002245,0.00222,0.002259023333333334,0.0022469100000000073,0.0022552866666666754,0.00223609
-0.548,0.002269,0.002278,0.002271,0.002275,0.002291,0.002273,0.002281,0.002279,0.002261,0.002273,0.002255,0.002272,0.002273,0.00226,0.002244,0.002253,0.002228,0.0022655600000000037,0.002251953333333345,0.0022598133333333287,0.0022384300000000052
-0.544,0.002278,0.002286,0.002279,0.002283,0.0023,0.002282,0.002289,0.002287,0.002269,0.002282,0.002263,0.00228,0.002281,0.002268,0.002252,0.002261,0.002236,0.002274370000000004,0.002261436666666669,0.0022700799999999972,0.0022494733333333406
-0.54,0.002286,0.002295,0.002288,0.002292,0.002308,0.00229,0.002298,0.002296,0.002278,0.00229,0.002271,0.002289,0.00229,0.002276,0.00226,0.002269,0.002245,0.002281373333333325,0.0022683666666666723,0.00227602333333333,0.002255433333333341
-0.536,0.002295,0.002304,0.002297,0.002301,0.002317,0.002299,0.002306,0.002304,0.002286,0.002299,0.00228,0.002297,0.002298,0.002284,0.002268,0.002276,0.002253,0.002287606666666659,0.002274346666666672,0.0022808433333333226,0.002260176666666662
-0.532,0.002304,0.002313,0.002306,0.00231,0.002326,0.002307,0.002315,0.002313,0.002295,0.002307,0.002288,0.002305,0.002307,0.002292,0.002277,0.002284,0.002262,0.0022938733333333276,0.002282059999999991,0.0022859099999999917,0.0022630333333333256
-0.528,0.002313,0.002321,0.002315,0.002319,0.002334,0.002316,0.002324,0.002322,0.002304,0.002316,0.002297,0.002314,0.002315,0.0023,0.002285,0.002292,0.00227,0.0023009166666666664,0.002290293333333325,0.002294043333333328,0.0022685266666666627
-0.524,0.002321,0.00233,0.002324,0.002328,0.002343,0.002325,0.002333,0.002331,0.002312,0.002325,0.002305,0.002322,0.002324,0.002309,0.002293,0.0023,0.002279,0.002309670000000004,0.0022963733333333275,0.0023014799999999985,0.0022785733333333326
-0.52,0.002331,0.002339,0.002333,0.002337,0.002352,0.002334,0.002341,0.00234,0.002321,0.002333,0.002314,0.002331,0.002332,0.002317,0.002302,0.002308,0.002287,0.002317076666666675,0.0023045800000000088,0.0023090933333333244,0.0022866833333333382
-0.516,0.00234,0.002348,0.002342,0.002346,0.002361,0.002342,0.00235,0.002348,0.00233,0.002342,0.002323,0.002339,0.002341,0.002325,0.00231,0.002315,0.002296,0.0023258133333333418,0.002313246666666669,0.002316523333333327,0.00229605
-0.512,0.002349,0.002357,0.002351,0.002355,0.00237,0.002351,0.002359,0.002357,0.002339,0.002351,0.002332,0.002347,0.002349,0.002333,0.002319,0.002323,0.002305,0.002335383333333335,0.0023241033333333285,0.0023260466666666633,0.002305556666666669
-0.508,0.002358,0.002366,0.00236,0.002364,0.002379,0.00236,0.002367,0.002366,0.002347,0.00236,0.002341,0.002356,0.002358,0.002341,0.002327,0.002331,0.002314,0.0023433933333333375,0.0023320099999999994,0.0023343900000000004,0.0023154333333333366
-0.504,0.002367,0.002376,0.002369,0.002374,0.002388,0.002369,0.002376,0.002375,0.002356,0.002368,0.002349,0.002364,0.002366,0.002349,0.002336,0.002339,0.002323,0.0023501500000000066,0.0023385066666666704,0.002340809999999992,0.0023242399999999983
-0.5,0.002377,0.002385,0.002378,0.002383,0.002397,0.002378,0.002385,0.002384,0.002366,0.002377,0.002359,0.002373,0.002375,0.002357,0.002344,0.002347,0.002332,0.00236029333333334,0.0023492366666666748,0.002350786666666662,0.0023339500000000013
-0.496,0.002386,0.002395,0.002388,0.002393,0.002406,0.002388,0.002395,0.002393,0.002375,0.002387,0.002368,0.002381,0.002383,0.002366,0.002353,0.002356,0.002341,0.0023697833333333257,0.002358006666666672,0.0023594300000000074,0.0023446966666666705
-0.492,0.002396,0.002404,0.002398,0.002402,0.002416,0.002397,0.002404,0.002402,0.002384,0.002396,0.002377,0.00239,0.002392,0.002374,0.002362,0.002364,0.00235,0.002377656666666658,0.002367389999999993,0.002368090000000003,0.0023517599999999966
-0.488,0.002405,0.002414,0.002407,0.002412,0.002425,0.002406,0.002413,0.002411,0.002394,0.002405,0.002386,0.002399,0.002401,0.002382,0.002371,0.002373,0.002359,0.002384859999999996,0.0023752166666666727,0.0023760999999999973,0.0023616299999999987
-0.484,0.002415,0.002423,0.002417,0.002422,0.002435,0.002415,0.002422,0.00242,0.002403,0.002414,0.002396,0.002407,0.002409,0.002391,0.00238,0.002381,0.002369,0.0023937766666666653,0.002384310000000006,0.0023840933333333317,0.002370629999999994
-0.48,0.002424,0.002433,0.002426,0.002431,0.002444,0.002425,0.002431,0.002429,0.002412,0.002423,0.002405,0.002416,0.002418,0.0024,0.002389,0.00239,0.002378,0.0024049033333333287,0.002395523333333325,0.0023953233333333366,0.0023831399999999932
-0.476,0.002434,0.002442,0.002436,0.002441,0.002453,0.002434,0.00244,0.002439,0.002422,0.002432,0.002414,0.002424,0.002426,0.002408,0.002398,0.002399,0.002388,0.0024123866666666623,0.0024035400000000065,0.0024033966666666736,0.0023915899999999886
-0.472,0.002443,0.002452,0.002445,0.00245,0.002462,0.002443,0.002449,0.002448,0.002431,0.002441,0.002423,0.002433,0.002434,0.002417,0.002407,0.002407,0.002397,0.0024206300000000013,0.002411626666666672,0.0024112633333333387,0.002401233333333327
-0.468,0.002452,0.002461,0.002455,0.00246,0.002472,0.002452,0.002458,0.002456,0.00244,0.002449,0.002432,0.002441,0.002443,0.002425,0.002416,0.002416,0.002407,0.002428446666666674,0.0024199933333333245,0.002419836666666658,0.0024109433333333393
-0.464,0.002462,0.00247,0.002464,0.002469,0.002481,0.002461,0.002467,0.002465,0.002449,0.002458,0.002441,0.002449,0.002451,0.002434,0.002425,0.002425,0.002416,0.0024349466666666758,0.0024270500000000052,0.002426583333333339,0.0024164533333333243
-0.46,0.002471,0.002479,0.002474,0.002479,0.00249,0.002471,0.002476,0.002474,0.002458,0.002466,0.00245,0.002457,0.002459,0.002442,0.002434,0.002434,0.002425,0.0024464866666666783,0.0024394000000000065,0.002438030000000011,0.0024280533333333387
-0.456,0.00248,0.002489,0.002483,0.002488,0.002499,0.00248,0.002484,0.002482,0.002467,0.002475,0.002459,0.002465,0.002467,0.002451,0.002443,0.002442,0.002434,0.0024524366666666647,0.0024450166666666598,0.002443856666666681,0.002434640000000008
-0.452,0.002489,0.002498,0.002493,0.002498,0.002508,0.002489,0.002493,0.002491,0.002476,0.002483,0.002469,0.002474,0.002475,0.00246,0.002452,0.002452,0.002444,0.0024618766666666746,0.0024544466666666727,0.0024538133333333414,0.0024450966666666697
-0.448,0.002499,0.002507,0.002502,0.002507,0.002517,0.002498,0.002502,0.002499,0.002485,0.002492,0.002477,0.002482,0.002483,0.002468,0.002461,0.002461,0.002453,0.002470950000000009,0.0024640633333333395,0.0024635733333333402,0.0024561766666666715
-0.444,0.002508,0.002517,0.002511,0.002517,0.002526,0.002507,0.00251,0.002507,0.002494,0.0025,0.002487,0.00249,0.002491,0.002477,0.00247,0.00247,0.002462,0.00247941666666666,0.0024729166666666597,0.0024726233333333264,0.0024655866666666642
-0.44,0.002517,0.002526,0.002521,0.002526,0.002535,0.002516,0.002519,0.002515,0.002503,0.002508,0.002495,0.002498,0.002499,0.002486,0.002479,0.002479,0.002472,0.002488753333333329,0.0024823633333333392,0.002482080000000006,0.002473723333333333
-0.436,0.002526,0.002535,0.00253,0.002536,0.002544,0.002525,0.002527,0.002523,0.002512,0.002517,0.002504,0.002506,0.002507,0.002495,0.002488,0.002488,0.002481,0.002498670000000007,0.002492606666666673,0.002492460000000007,0.0024836833333333266
-0.432,0.002536,0.002544,0.002539,0.002545,0.002553,0.002533,0.002535,0.002531,0.002521,0.002525,0.002513,0.002514,0.002515,0.002504,0.002497,0.002497,0.00249,0.0025066666666666575,0.0025003000000000017,0.002500200000000001,0.0024927566666666616
-0.428,0.002545,0.002553,0.002549,0.002554,0.002562,0.002542,0.002544,0.002539,0.00253,0.002533,0.002522,0.002522,0.002523,0.002513,0.002506,0.002506,0.002499,0.00251507666666666,0.0025087066666666723,0.0025088566666666714,0.0025017399999999997
-0.424,0.002555,0.002563,0.002558,0.002564,0.002571,0.002551,0.002552,0.002547,0.002538,0.002541,0.002531,0.002531,0.002531,0.002522,0.002515,0.002515,0.002509,0.002522480000000007,0.0025159466666666744,0.002516133333333341,0.0025094133333333287
-0.42,0.002564,0.002572,0.002568,0.002574,0.00258,0.00256,0.00256,0.002555,0.002547,0.002549,0.00254,0.002539,0.002539,0.002532,0.002524,0.002525,0.002518,0.0025338266666666623,0.002527550000000001,0.002528123333333335,0.0025182800000000042
-0.416,0.002574,0.002582,0.002578,0.002583,0.002589,0.002569,0.002568,0.002563,0.002556,0.002557,0.002548,0.002548,0.002547,0.002541,0.002534,0.002534,0.002527,0.0025421366666666737,0.0025363300000000033,0.002536283333333337,0.002526253333333322
-0.412,0.002583,0.002591,0.002587,0.002593,0.002598,0.002578,0.002576,0.002571,0.002565,0.002565,0.002557,0.002557,0.002556,0.00255,0.002543,0.002543,0.002536,0.0025516333333333455,0.0025461799999999925,0.0025459333333333277,0.0025344899999999917
-0.408,0.002593,0.002601,0.002597,0.002602,0.002607,0.002587,0.002584,0.002579,0.002574,0.002573,0.002566,0.002565,0.002564,0.002559,0.002552,0.002553,0.002545,0.002560789999999994,0.0025551399999999965,0.002555053333333342,0.0025442066666666696
-0.404,0.002602,0.00261,0.002606,0.002612,0.002616,0.002596,0.002592,0.002587,0.002582,0.002581,0.002575,0.002574,0.002573,0.002568,0.002562,0.002562,0.002554,0.0025703400000000043,0.002565013333333324,0.002565153333333325,0.0025551066666666517
-0.4,0.002612,0.00262,0.002616,0.002622,0.002625,0.002605,0.002601,0.002595,0.002591,0.002589,0.002584,0.002583,0.002581,0.002578,0.002571,0.002571,0.002563,0.002579523333333332,0.002573656666666662,0.0025734833333333294,0.002562973333333323
-0.396,0.002622,0.002629,0.002626,0.002631,0.002634,0.002614,0.002609,0.002603,0.0026,0.002597,0.002593,0.002592,0.00259,0.002587,0.00258,0.00258,0.002571,0.0025881033333333366,0.002582136666666675,0.0025825100000000088,0.0025724899999999946
-0.392,0.002631,0.002639,0.002636,0.002641,0.002643,0.002622,0.002617,0.002611,0.002609,0.002606,0.002602,0.002601,0.002599,0.002597,0.00259,0.00259,0.00258,0.002598339999999997,0.002592806666666663,0.0025931366666666635,0.0025817833333333386
-0.388,0.002641,0.002649,0.002646,0.002651,0.002653,0.002631,0.002625,0.002619,0.002618,0.002614,0.002611,0.00261,0.002608,0.002606,0.0026,0.002599,0.002589,0.002607223333333333,0.0026023566666666716,0.0026017266666666745,0.0025900266666666577
-0.384,0.002651,0.002658,0.002655,0.002661,0.002661,0.00264,0.002634,0.002627,0.002626,0.002623,0.00262,0.00262,0.002618,0.002615,0.002609,0.002608,0.002598,0.0026162666666666706,0.002611376666666657,0.002610906666666679,0.0026000333333333304
-0.38,0.002661,0.002668,0.002665,0.00267,0.00267,0.002649,0.002642,0.002636,0.002635,0.002631,0.002629,0.002629,0.002627,0.002624,0.002618,0.002617,0.002608,0.0026248399999999937,0.0026201400000000026,0.0026197666666666628,0.0026085766666666763
-0.376,0.00267,0.002678,0.002675,0.00268,0.002679,0.002658,0.00265,0.002644,0.002644,0.00264,0.002638,0.002639,0.002636,0.002634,0.002628,0.002627,0.002617,0.002633956666666673,0.002628949999999995,0.0026284633333333403,0.0026175966666666614
-0.372,0.00268,0.002687,0.002685,0.00269,0.002688,0.002666,0.002659,0.002652,0.002653,0.002648,0.002647,0.002648,0.002646,0.002643,0.002637,0.002636,0.002626,0.002646286666666658,0.0026418066666666676,0.0026407133333333356,0.002627716666666675
-0.368,0.00269,0.002697,0.002694,0.002699,0.002697,0.002675,0.002667,0.002661,0.002661,0.002657,0.002656,0.002658,0.002655,0.002652,0.002646,0.002645,0.002635,0.0026542433333333272,0.0026493700000000055,0.002648286666666673,0.002636876666666678
-0.364,0.002699,0.002706,0.002704,0.002709,0.002706,0.002683,0.002675,0.002669,0.00267,0.002666,0.002665,0.002667,0.002664,0.002661,0.002656,0.002654,0.002644,0.002663466666666673,0.002659333333333329,0.002658090000000008,0.00264715666666666
-0.36,0.002709,0.002715,0.002714,0.002718,0.002714,0.002692,0.002684,0.002677,0.002679,0.002675,0.002674,0.002677,0.002674,0.00267,0.002665,0.002663,0.002653,0.002672526666666654,0.0026684466666666664,0.002667139999999998,0.0026558166666666707
-0.356,0.002718,0.002725,0.002723,0.002728,0.002723,0.002701,0.002692,0.002686,0.002688,0.002684,0.002683,0.002686,0.002683,0.002679,0.002674,0.002672,0.002663,0.0026822933333333263,0.0026777299999999906,0.0026762300000000043,0.002666939999999999
-0.352,0.002728,0.002734,0.002733,0.002737,0.002732,0.002709,0.002701,0.002695,0.002697,0.002693,0.002693,0.002695,0.002693,0.002689,0.002683,0.002681,0.002672,0.0026916466666666774,0.0026866999999999954,0.0026858033333333415,0.0026763666666666723
-0.348,0.002737,0.002743,0.002742,0.002746,0.00274,0.002717,0.002709,0.002704,0.002706,0.002702,0.002702,0.002705,0.002702,0.002698,0.002692,0.00269,0.002681,0.00270038666666666,0.0026955166666666757,0.0026945700000000003,0.0026850800000000085
-0.344,0.002746,0.002752,0.002752,0.002755,0.002748,0.002726,0.002718,0.002713,0.002714,0.002712,0.002711,0.002714,0.002711,0.002707,0.002701,0.002699,0.00269,0.0027100833333333395,0.0027048999999999914,0.002704310000000006,0.002697099999999999
-0.34,0.002755,0.002761,0.002761,0.002764,0.002756,0.002734,0.002726,0.002722,0.002723,0.002721,0.00272,0.002723,0.00272,0.002716,0.00271,0.002708,0.002699,0.0027182233333333428,0.0027132266666666646,0.002712320000000011,0.0027046566666666712
-0.336,0.002764,0.00277,0.00277,0.002772,0.002764,0.002742,0.002735,0.00273,0.002731,0.00273,0.002728,0.002732,0.002729,0.002724,0.002719,0.002716,0.002708,0.0027264866666666557,0.0027224266666666763,0.002720960000000011,0.0027126800000000072
-0.332,0.002772,0.002778,0.002778,0.002781,0.002772,0.00275,0.002743,0.002739,0.00274,0.002739,0.002737,0.002741,0.002738,0.002733,0.002728,0.002725,0.002717,0.0027355933333333303,0.0027314266666666567,0.002730349999999993,0.002722833333333329
-0.328,0.002781,0.002787,0.002787,0.002789,0.002779,0.002758,0.002752,0.002748,0.002748,0.002748,0.002746,0.00275,0.002746,0.002742,0.002736,0.002734,0.002725,0.0027443966666666764,0.0027399766666666575,0.0027394133333333384,0.0027307866666666574
-0.324,0.00279,0.002795,0.002796,0.002797,0.002787,0.002766,0.00276,0.002757,0.002757,0.002756,0.002755,0.002759,0.002755,0.00275,0.002745,0.002742,0.002734,0.002752066666666671,0.002748576666666664,0.0027477300000000103,0.0027387400000000034
-0.32,0.002798,0.002803,0.002804,0.002805,0.002794,0.002774,0.002769,0.002766,0.002765,0.002765,0.002764,0.002767,0.002763,0.002759,0.002753,0.00275,0.002743,0.002762763333333325,0.0027581700000000055,0.0027568800000000015,0.0027495866666666746
-0.316,0.002806,0.002811,0.002813,0.002813,0.002802,0.002782,0.002778,0.002775,0.002774,0.002774,0.002773,0.002776,0.002772,0.002767,0.002762,0.002759,0.002751,0.002769209999999993,0.0027654066666666756,0.0027644566666666596,0.002756993333333324
-0.312,0.002815,0.002818,0.002821,0.002821,0.002809,0.00279,0.002786,0.002784,0.002783,0.002783,0.002782,0.002785,0.00278,0.002776,0.00277,0.002767,0.00276,0.002778660000000001,0.0027745333333333414,0.002774069999999993,0.0027683633333333273
-0.308,0.002822,0.002826,0.002829,0.002828,0.002816,0.002798,0.002795,0.002792,0.002792,0.002792,0.002791,0.002793,0.002789,0.002784,0.002779,0.002775,0.002768,0.002786963333333338,0.0027836466666666553,0.0027826066666666624,0.002776076666666663
-0.304,0.00283,0.002833,0.002837,0.002836,0.002823,0.002805,0.002803,0.002801,0.0028,0.0028,0.002799,0.002802,0.002797,0.002792,0.002787,0.002783,0.002777,0.002794060000000009,0.0027901466666666584,0.002788073333333324,0.0027822466666666706
-0.3,0.002838,0.00284,0.002844,0.002843,0.002831,0.002813,0.002812,0.002809,0.002809,0.002808,0.002807,0.00281,0.002805,0.002801,0.002795,0.002791,0.002785,0.002804083333333344,0.002800173333333328,0.0027988199999999922,0.0027926800000000087
-0.296,0.002845,0.002847,0.002852,0.00285,0.002838,0.002821,0.00282,0.002817,0.002817,0.002817,0.002816,0.002818,0.002813,0.002809,0.002803,0.002799,0.002793,0.002811893333333322,0.0028078166666666658,0.0028071899999999967,0.0028022133333333457
-0.292,0.002853,0.002854,0.002859,0.002857,0.002845,0.002829,0.002829,0.002826,0.002825,0.002825,0.002824,0.002826,0.002821,0.002817,0.002811,0.002807,0.002801,0.0028185333333333217,0.0028141200000000046,0.0028124600000000023,0.0028066333333333473
-0.288,0.00286,0.002862,0.002867,0.002865,0.002853,0.002837,0.002838,0.002835,0.002834,0.002833,0.002832,0.002835,0.002829,0.002825,0.002819,0.002815,0.00281,0.002827316666666656,0.002823370000000008,0.002822430000000008,0.0028173166666666566
-0.284,0.002868,0.002869,0.002874,0.002872,0.00286,0.002845,0.002846,0.002843,0.002842,0.002841,0.00284,0.002843,0.002838,0.002833,0.002827,0.002823,0.002818,0.0028359233333333216,0.002832443333333347,0.0028316066666666784,0.002825009999999993
-0.28,0.002875,0.002876,0.002881,0.002879,0.002868,0.002853,0.002855,0.002852,0.002851,0.00285,0.002849,0.002851,0.002846,0.002841,0.002835,0.002831,0.002826,0.0028435066666666607,0.002838956666666676,0.0028372033333333444,0.0028318199999999975
-0.276,0.002883,0.002883,0.002888,0.002887,0.002875,0.002862,0.002864,0.00286,0.002859,0.002858,0.002857,0.002859,0.002854,0.00285,0.002843,0.00284,0.002835,0.002852703333333342,0.0028485033333333436,0.002848756666666657,0.0028429633333333375
-0.272,0.00289,0.00289,0.002896,0.002894,0.002883,0.00287,0.002872,0.002869,0.002868,0.002866,0.002865,0.002867,0.002862,0.002858,0.002851,0.002848,0.002843,0.002860266666666682,0.002855556666666677,0.0028543433333333233,0.0028482400000000084
-0.268,0.002898,0.002897,0.002903,0.002902,0.002891,0.002879,0.002881,0.0028770000000000002,0.002876,0.002875,0.002874,0.002875,0.00287,0.002866,0.00286,0.002856,0.002852,0.0028677700000000112,0.0028638566666666578,0.002863533333333327,0.002859653333333327
-0.264,0.002905,0.002904,0.00291,0.002909,0.002899,0.002888,0.00289,0.002886,0.002885,0.002883,0.002882,0.002884,0.002879,0.002874,0.002868,0.002865,0.002861,0.0028763000000000074,0.0028721599999999912,0.002871826666666671,0.002867643333333335
-0.26,0.002913,0.002911,0.002918,0.002917,0.002907,0.002896,0.002899,0.002895,0.002893,0.002892,0.00289,0.002892,0.002887,0.002883,0.002876,0.002873,0.002869,0.002886416666666661,0.0028814233333333307,0.002880153333333341,0.002876136666666674
-0.256,0.00292,0.002919,0.002925,0.002924,0.002915,0.002905,0.002908,0.002903,0.002902,0.0029,0.002899,0.0029,0.002895,0.002891,0.002885,0.002881,0.002878,0.0028943166666666577,0.002890296666666679,0.002888863333333341,0.0028845833333333414
-0.252,0.002928,0.002926,0.002933,0.002932,0.002924,0.002914,0.002917,0.002912,0.002911,0.002909,0.002908,0.002909,0.002904,0.0029,0.002893,0.00289,0.002887,0.002902566666666674,0.0028972700000000056,0.0028960133333333217,0.00289303999999999
-0.248,0.002936,0.002934,0.002941,0.00294,0.002932,0.002924,0.002926,0.002921,0.00292,0.002917,0.002917,0.002918,0.002912,0.002909,0.002902,0.002899,0.002896,0.002911373333333346,0.002906023333333324,0.0029051333333333287,0.002903093333333337
-0.244,0.002944,0.002942,0.002949,0.002949,0.002941,0.002933,0.002935,0.00293,0.002928,0.002926,0.002926,0.002926,0.002921,0.002918,0.002911,0.002908,0.002906,0.002920133333333326,0.002915229999999998,0.002914820000000006,0.0029130799999999924
-0.24,0.002953,0.00295,0.002956,0.002957,0.002951,0.002942,0.002944,0.002939,0.002937,0.002935,0.002934,0.002935,0.00293,0.002927,0.00292,0.002917,0.002915,0.002929340000000008,0.0029244866666666733,0.0029241166666666525,0.0029223366666666652
-0.236,0.002961,0.002959,0.002964,0.002965,0.00296,0.002951,0.002954,0.002948,0.002946,0.002944,0.002943,0.002944,0.002939,0.002936,0.002929,0.002926,0.002924,0.002937846666666679,0.0029327899999999907,0.002931643333333329,0.002928900000000006
-0.232,0.00297,0.002967,0.002972,0.002974,0.002969,0.002961,0.002963,0.002957,0.002955,0.002953,0.002952,0.002953,0.002948,0.002945,0.002938,0.002935,0.002934,0.002946619999999993,0.002941539999999997,0.0029396700000000066,0.002936109999999996
-0.228,0.002979,0.002975,0.002981,0.002983,0.002979,0.00297,0.002972,0.002966,0.002965,0.002962,0.002961,0.002962,0.002957,0.002954,0.002947,0.002945,0.002943,0.0029568500000000096,0.002951546666666669,0.002950269999999991,0.002946510000000002
-0.224,0.002987,0.002984,0.002989,0.002992,0.002989,0.00298,0.002981,0.002975,0.002974,0.002971,0.002971,0.002971,0.002965,0.002963,0.002956,0.002954,0.002953,0.0029659900000000104,0.0029612499999999886,0.0029617866666666708,0.00296026333333333
-0.22,0.002997,0.002993,0.002997,0.003002,0.002999,0.002989,0.002991,0.002985,0.002983,0.00298,0.00298,0.00298,0.002975,0.002972,0.002965,0.002964,0.002963,0.002974853333333323,0.002969503333333327,0.00296981666666666,0.002968676666666681
-0.216,0.003006,0.003002,0.003006,0.003011,0.003009,0.002999,0.003001,0.002994,0.002993,0.002989,0.002989,0.002989,0.002984,0.002982,0.002975,0.002974,0.002973,0.0029840500000000054,0.0029787399999999862,0.002979696666666667,0.0029786433333333375
-0.212,0.003016,0.003011,0.003015,0.003021,0.003019,0.003009,0.00301,0.003004,0.003002,0.002999,0.002999,0.002999,0.002993,0.002992,0.002984,0.002984,0.002984,0.002994456666666663,0.0029881466666666604,0.0029881733333333273,0.0029871499999999927
-0.208,0.003025,0.003021,0.003024,0.003031,0.00303,0.003019,0.00302,0.003013,0.003011,0.003008,0.003008,0.003008,0.003003,0.003001,0.002994,0.002994,0.002995,0.0030029100000000023,0.0029974966666666777,0.0029981533333333452,0.0029977466666666606
-0.204,0.003035,0.00303,0.003033,0.003041,0.00304,0.003029,0.00303,0.003023,0.003021,0.003017,0.003017,0.003017,0.003012,0.003011,0.003003,0.003004,0.00301,0.0030114199999999943,0.003005386666666661,0.0030070100000000044,0.0030118866666666564
-0.2,0.003045,0.00304,0.003043,0.003051,0.003051,0.003039,0.003039,0.003032,0.003031,0.003027,0.003027,0.003027,0.003021,0.00302,0.003013,0.003015,0.003026,0.0030228133333333397,0.0030178666666666747,0.0030203366666666574,0.003026496666666654
-0.196,0.003056,0.003051,0.003052,0.003061,0.003061,0.003049,0.00305,0.003042,0.00304,0.003036,0.003036,0.003036,0.003031,0.00303,0.003023,0.003029,0.003042,0.0030320399999999898,0.0030273266666666645,0.003034853333333316,0.003043869999999992
-0.192,0.003066,0.003061,0.003062,0.003072,0.003072,0.003059,0.00306,0.003052,0.00305,0.003046,0.003046,0.003046,0.003041,0.00304,0.003033,0.003045,0.003056,0.0030426266666666755,0.003037723333333321,0.003049446666666658,0.0030543066666666495
-0.188,0.003078,0.003072,0.003073,0.003082,0.003083,0.00307,0.00307,0.003062,0.00306,0.003056,0.003056,0.003056,0.003051,0.00305,0.003043,0.003063,0.003065,0.003051479999999998,0.0030464566666666706,0.0030631333333333423,0.003062913333333324
-0.184,0.003089,0.003083,0.003083,0.003093,0.003094,0.00308,0.00308,0.003072,0.00307,0.003066,0.003066,0.003066,0.003061,0.00306,0.003053,0.003079,0.003072,0.0030634699999999887,0.0030591666666666593,0.003081433333333345,0.0030702899999999946
-0.18,0.003101,0.003094,0.003094,0.003103,0.003105,0.00309,0.00309,0.003082,0.003079,0.003075,0.003076,0.003076,0.003071,0.00307,0.003063,0.003091,0.003079,0.003072533333333338,0.003067360000000008,0.003089996666666654,0.003077420000000014
-0.176,0.003113,0.003105,0.003104,0.003114,0.003116,0.0031,0.0031,0.003092,0.003089,0.003085,0.003086,0.003086,0.00308,0.003085,0.003073,0.003099,0.003087,0.0030872533333333348,0.003078476666666659,0.0030987166666666603,0.0030829299999999894
-0.172,0.003125,0.003116,0.003115,0.003124,0.003128,0.003111,0.003111,0.003102,0.003099,0.003095,0.003095,0.003096,0.003091,0.003103,0.003083,0.003106,0.003097,0.00310393666666666,0.0030885399999999816,0.003107086666666679,0.0030946833333333366
-0.168,0.003137,0.003127,0.003126,0.003135,0.003139,0.003121,0.003121,0.003112,0.003109,0.003105,0.003105,0.003106,0.003101,0.00312,0.003096,0.003114,0.003107,0.003118110000000004,0.0030993133333333243,0.003114196666666656,0.0031070066666666644
-0.164,0.003149,0.003138,0.003137,0.003145,0.00315,0.003132,0.003131,0.003122,0.003119,0.003115,0.003115,0.003116,0.003111,0.003134,0.003113,0.003122,0.003117,0.0031327699999999974,0.0031167900000000043,0.0031246433333333274,0.0031180800000000096
-0.16,0.003161,0.00315,0.003147,0.003156,0.003161,0.003142,0.003141,0.003132,0.003129,0.003125,0.003125,0.003126,0.003121,0.003144,0.003131,0.003132,0.003128,0.003141846666666674,0.0031313999999999977,0.003132586666666676,0.0031253833333333434
-0.156,0.003173,0.003161,0.003158,0.003166,0.003172,0.003152,0.003151,0.003142,0.003139,0.003134,0.003135,0.003136,0.003131,0.00315,0.003147,0.003142,0.003139,0.0031489466666666586,0.0031472066666666716,0.003144663333333325,0.0031393600000000003
-0.152,0.003185,0.003172,0.003168,0.003176,0.003183,0.003162,0.003161,0.003151,0.003148,0.003144,0.003145,0.003146,0.00314,0.003158,0.003159,0.003152,0.003149,0.00315715333333333,0.003158180000000011,0.003153516666666676,0.0031455599999999913
-0.148,0.003196,0.003183,0.003179,0.003186,0.003194,0.003171,0.003171,0.003161,0.003158,0.003154,0.003154,0.003155,0.00315,0.003167,0.003167,0.003162,0.00316,0.0031653200000000023,0.0031655500000000066,0.003162176666666666,0.003157253333333343
-0.144,0.003208,0.003193,0.003189,0.003196,0.003204,0.003181,0.00318,0.00317,0.003167,0.003163,0.003164,0.003165,0.003158,0.003176,0.003173,0.003172,0.00317,0.003174746666666657,0.0031733633333333243,0.0031728066666666553,0.0031671333333333357
-0.14,0.003219,0.003203,0.003199,0.003206,0.003214,0.00319,0.003189,0.00318,0.003176,0.003172,0.003172,0.003173,0.00317,0.003185,0.003181,0.003182,0.00318,0.003183929999999995,0.0031821266666666598,0.003183603333333341,0.003174106666666656
-0.136,0.003229,0.003213,0.003208,0.003215,0.003223,0.003199,0.003198,0.003188,0.003184,0.003181,0.003181,0.003184,0.003185,0.003194,0.003189,0.003191,0.003189,0.003193226666666669,0.0031913733333333335,0.0031956766666666817,0.0031897899999999975
-0.132,0.003238,0.003222,0.003217,0.003223,0.003233,0.003207,0.003206,0.003197,0.003193,0.003189,0.00319,0.003198,0.003201,0.003203,0.003197,0.0032,0.003198,0.003202653333333321,0.0031998000000000035,0.0032028533333333248,0.00319424333333334
-0.128,0.003247,0.003231,0.003225,0.003231,0.003241,0.003215,0.003214,0.003204,0.0032,0.003197,0.003198,0.003215,0.003216,0.003211,0.003205,0.003209,0.003206,0.0032119866666666594,0.003209563333333338,0.0032139000000000065,0.003202823333333344
-0.124,0.003255,0.003239,0.003234,0.003239,0.00325,0.003223,0.003221,0.003212,0.003208,0.003205,0.003205,0.003229,0.003226,0.00322,0.003214,0.003217,0.003213,0.003222586666666667,0.0032177533333333477,0.003218980000000011,0.003208093333333345
-0.12,0.003263,0.003246,0.003241,0.003246,0.003257,0.00323,0.003229,0.003219,0.003215,0.003212,0.003213,0.00324,0.003232,0.003228,0.003221,0.003224,0.003221,0.0032308666666666674,0.003226770000000009,0.0032293433333333375,0.0032210166666666717
-0.116,0.00327,0.003254,0.003248,0.003253,0.003265,0.003237,0.003235,0.003226,0.003222,0.003219,0.00322,0.003246,0.003237,0.003235,0.003229,0.003232,0.003228,0.003237346666666658,0.003233053333333343,0.003236543333333339,0.0032311666666666717
-0.112,0.003277,0.00326,0.003255,0.00326,0.003272,0.003243,0.003242,0.003233,0.003228,0.003226,0.003227,0.00325,0.003242,0.003242,0.003236,0.003239,0.003235,0.003243193333333321,0.003238980000000007,0.0032422699999999955,0.0032322666666666664
-0.108,0.003283,0.003267,0.003261,0.003266,0.003278,0.00325,0.003248,0.003239,0.003235,0.003232,0.003233,0.003256,0.003248,0.003249,0.003243,0.003246,0.003241,0.0032489999999999824,0.0032443433333333295,0.003246769999999995,0.003239296666666677
-0.104,0.003289,0.003272,0.003267,0.003271,0.003284,0.003255,0.003254,0.003245,0.00324,0.003237,0.003239,0.003261,0.003254,0.003255,0.00325,0.003252,0.003247,0.003256176666666669,0.0032526599999999897,0.003255666666666672,0.003249416666666663
-0.1,0.003293,0.003277,0.003272,0.003276,0.00329,0.00326,0.003259,0.00325,0.003245,0.00324,0.003245,0.003267,0.00326,0.003261,0.003256,0.003258,0.003253,0.0032618333333333275,0.00325798333333334,0.003260386666666663,0.003252266666666652
-0.096,0.003298,0.003281,0.003277,0.003281,0.003295,0.003265,0.003264,0.003255,0.00325,0.003249,0.00325,0.003272,0.003265,0.003267,0.003261,0.003263,0.003258,0.0032677733333333465,0.003262969999999994,0.003265016666666677,0.0032582766666666594
-0.092,0.003302,0.003285,0.003282,0.003285,0.0033,0.00327,0.003268,0.00326,0.003255,0.003262,0.003255,0.003277,0.00327,0.003272,0.003267,0.003268,0.003263,0.0032723000000000114,0.003268930000000012,0.003270813333333348,0.003262743333333338
-0.088,0.003305,0.003289,0.003286,0.003289,0.003304,0.003274,0.003273,0.003265,0.00326,0.003276,0.00326,0.003282,0.003276,0.003276,0.003272,0.003274,0.003269,0.003277419999999978,0.003274480000000012,0.003277263333333335,0.0032726633333333252
-0.084,0.003309,0.003292,0.00329,0.003293,0.003308,0.003278,0.003277,0.003269,0.003265,0.003289,0.003265,0.003287,0.003281,0.003281,0.003277,0.003279,0.003274,0.003282826666666658,0.00327913333333332,0.003281273333333336,0.003277326666666661
-0.08,0.003311,0.003295,0.003293,0.003297,0.003312,0.003282,0.003281,0.003273,0.003269,0.003296,0.003269,0.003291,0.003286,0.003286,0.003281,0.003284,0.00328,0.0032870733333333394,0.003282753333333324,0.003285296666666653,0.0032821633333333165
-0.076,0.003314,0.003298,0.003296,0.0033,0.003316,0.003285,0.003284,0.003275,0.003272,0.003297,0.003273,0.003296,0.00329,0.00329,0.003286,0.003289,0.003285,0.0032909800000000067,0.0032875066666666706,0.003290406666666658,0.003286923333333323
-0.072,0.003315,0.0033,0.003298,0.003303,0.003319,0.003289,0.003288,0.003277,0.003276,0.003299,0.003277,0.0033,0.003295,0.003294,0.00329,0.003293,0.003289,0.003294846666666677,0.0032920133333333404,0.003296156666666661,0.003292849999999993
-0.068,0.003317,0.003302,0.003301,0.003305,0.003322,0.003292,0.003291,0.003285,0.003279,0.003302,0.003285,0.003304,0.003299,0.003298,0.003294,0.003298,0.003294,0.0032991633333333452,0.003295760000000009,0.0032994866666666723,0.003295843333333344
-0.064,0.003318,0.003303,0.003303,0.003307,0.003325,0.003295,0.003294,0.003296,0.003281,0.003305,0.003296,0.003307,0.003302,0.003302,0.003298,0.003303,0.003299,0.003303203333333347,0.0032994600000000106,0.0033043466666666447,0.0033000200000000155
-0.06,0.003319,0.003305,0.003304,0.00331,0.003327,0.003297,0.003297,0.003308,0.003284,0.003307,0.003307,0.003311,0.003306,0.003305,0.003301,0.003307,0.003304,0.0033060399999999984,0.003302413333333329,0.00330852999999998,0.0033054899999999886
-0.056,0.003319,0.003306,0.003305,0.003311,0.003329,0.003299,0.003299,0.003317,0.003292,0.00331,0.003314,0.003314,0.003309,0.003308,0.003304,0.003311,0.003308,0.0033092633333333186,0.0033059866666666506,0.0033129666666666504,0.003310173333333326
-0.052,0.00332,0.003306,0.003307,0.003313,0.003332,0.003302,0.003302,0.003321,0.003304,0.003313,0.003317,0.003317,0.003313,0.003311,0.003308,0.003315,0.003313,0.003312979999999984,0.003309959999999987,0.003317619999999985,0.0033156566666666747
-0.048,0.00332,0.003307,0.003308,0.003314,0.003334,0.003304,0.003304,0.003321,0.003316,0.003315,0.003317,0.00332,0.003316,0.003315,0.003311,0.003319,0.003317,0.003315896666666655,0.0033121833333333212,0.0033202099999999866,0.003318260000000011
-0.044,0.00332,0.003307,0.003309,0.003315,0.003336,0.003306,0.003306,0.003322,0.003324,0.003318,0.003318,0.003323,0.003318,0.003318,0.003314,0.003323,0.003322,0.0033187666666666775,0.00331492000000001,0.0033237833333333235,0.0033224100000000182
-0.04,0.003319,0.003307,0.003309,0.003316,0.003337,0.003308,0.003307,0.003324,0.003326,0.003321,0.00332,0.003325,0.00332,0.003321,0.003317,0.003327,0.003325,0.0033216466666666734,0.0033179400000000053,0.0033279166666666665,0.003325693333333349
-0.036,0.003318,0.003307,0.003309,0.003316,0.003338,0.003309,0.003306,0.003325,0.003325,0.003322,0.003321,0.003327,0.003322,0.003323,0.00332,0.00333,0.003329,0.00332278333333333,0.0033194799999999984,0.003329646666666684,0.0033278566666666803
-0.032,0.003316,0.003306,0.003308,0.003316,0.003338,0.003309,0.003308,0.003326,0.003325,0.003324,0.003322,0.003328,0.003323,0.003325,0.003321,0.003333,0.003331,0.0033248500000000077,0.003321036666666673,0.0033325966666666734,0.0033307233333333256
-0.028,0.003314,0.003305,0.003308,0.003316,0.003338,0.003309,0.003315,0.003326,0.003325,0.003325,0.003323,0.003329,0.003324,0.003327,0.003323,0.003335,0.003333,0.003326616666666664,0.0033228533333333294,0.0033347366666666607,0.003332766666666668
-0.024,0.003312,0.003303,0.003307,0.003315,0.003338,0.003309,0.003324,0.003326,0.003325,0.003325,0.003323,0.00333,0.003325,0.003328,0.003325,0.003337,0.003335,0.0033281300000000008,0.0033250900000000123,0.0033370833333333377,0.003335003333333323
-0.02,0.003309,0.003302,0.003305,0.003314,0.003337,0.003309,0.003332,0.003326,0.003324,0.003325,0.003324,0.003331,0.003326,0.003329,0.003326,0.003338,0.003336,0.003329250000000015,0.0033262200000000134,0.0033382466666666503,0.0033360033333333363
-0.016,0.003306,0.003299,0.003303,0.003312,0.003336,0.003308,0.003336,0.003326,0.003324,0.003325,0.003324,0.003331,0.003326,0.00333,0.003327,0.003339,0.003336,0.0033303966666666835,0.003327283333333331,0.0033384366666666518,0.0033354266666666714
-0.012,0.003303,0.003297,0.003301,0.00331,0.003335,0.003307,0.003334,0.003325,0.003323,0.003324,0.003323,0.003331,0.003325,0.003331,0.003327,0.003339,0.003336,0.003330643333333322,0.003327039999999992,0.0033389766666666546,0.0033360800000000043
-0.008,0.0033,0.003294,0.003299,0.003308,0.003334,0.003306,0.003331,0.003324,0.003322,0.003323,0.003323,0.00333,0.003325,0.003331,0.003328,0.003339,0.003336,0.0033307033333333227,0.003327739999999998,0.0033391599999999877,0.0033363066666666687
-0.004,0.003295,0.003291,0.003296,0.003306,0.003332,0.003304,0.003329,0.003322,0.00332,0.003322,0.003321,0.003329,0.003324,0.00333,0.003327,0.003338,0.003335,0.003329940000000015,0.0033271299999999976,0.0033382733333333185,0.003335396666666659
0.0,0.003291,0.003288,0.003293,0.003303,0.003329,0.003301,0.003326,0.00332,0.003318,0.003319,0.003319,0.003327,0.003322,0.003329,0.003326,0.003336,0.003333,0.0033285766666666804,0.003325640000000017,0.00333541,0.0033318633333333427
0.004,0.003285,0.003283,0.003289,0.003299,0.003326,0.003299,0.003323,0.003317,0.003315,0.003317,0.003316,0.003325,0.00332,0.003328,0.003325,0.003334,0.00333,0.0033273700000000027,0.0033244200000000115,0.003333289999999983,0.003330063333333352
0.008,0.00328,0.003279,0.003285,0.003295,0.003323,0.003295,0.003319,0.003314,0.003312,0.003314,0.003314,0.003322,0.003318,0.003326,0.003323,0.003331,0.003328,0.0033247900000000093,0.00332213333333333,0.0033298033333333194,0.0033267533333333384
0.012,0.003275,0.003275,0.00328,0.003291,0.00332,0.003291,0.003316,0.003311,0.003309,0.003311,0.003311,0.00332,0.003316,0.003323,0.003321,0.003328,0.003325,0.003322676666666662,0.003320493333333337,0.0033272833333333317,0.0033237100000000127
0.016,0.00327,0.00327,0.003276,0.003287,0.003316,0.003286,0.003312,0.003308,0.003307,0.003308,0.003308,0.003317,0.003313,0.003321,0.003319,0.003325,0.003322,0.0033205800000000022,0.0033188099999999937,0.003325170000000013,0.0033220866666666842
0.02,0.003264,0.003265,0.003272,0.003283,0.003313,0.003283,0.003309,0.003305,0.003303,0.003304,0.003305,0.003314,0.003311,0.003319,0.003317,0.003322,0.003318,0.003319106666666655,0.0033179166666666717,0.0033245966666666845,0.003321253333333349
0.024,0.003258,0.00326,0.003267,0.003279,0.003309,0.003284,0.003304,0.003301,0.003299,0.003301,0.003301,0.003311,0.003308,0.003315,0.003314,0.003318,0.003314,0.0033143699999999853,0.003313883333333342,0.0033196500000000147,0.0033157700000000134
0.028,0.003251,0.003254,0.003262,0.003274,0.003304,0.003287,0.0033,0.003297,0.003295,0.003297,0.003297,0.003307,0.003305,0.003312,0.003311,0.003314,0.00331,0.003311209999999987,0.003310353333333317,0.0033142266666666797,0.00331042000000001
0.032,0.003245,0.003249,0.003256,0.003268,0.0033,0.00329,0.003295,0.003293,0.003291,0.003292,0.003293,0.003303,0.003301,0.003308,0.003307,0.00331,0.003306,0.0033067966666666536,0.0033056966666666493,0.0033088833333333426,0.0033049266666666743
0.036,0.003238,0.003243,0.00325,0.003263,0.003295,0.003289,0.00329,0.003288,0.003286,0.003288,0.003288,0.003299,0.003298,0.003303,0.003303,0.003305,0.003301,0.003301639999999987,0.0033013233333333203,0.0033044966666666677,0.003300163333333332
0.04,0.003231,0.003236,0.003244,0.003257,0.003289,0.003283,0.003285,0.003283,0.003281,0.003283,0.003284,0.003295,0.003294,0.003298,0.003298,0.003301,0.003297,0.0032970500000000097,0.003297243333333343,0.003301469999999997,0.003297843333333328
0.044,0.003223,0.003229,0.003238,0.003251,0.003284,0.003276,0.00328,0.003278,0.003276,0.003279,0.003279,0.003291,0.00329,0.003293,0.003293,0.003296,0.003292,0.003292009999999995,0.0032921433333333284,0.00329684666666666,0.0032934133333333217
0.048,0.003215,0.003222,0.003231,0.003244,0.003278,0.003269,0.003274,0.003273,0.00327,0.003273,0.003273,0.003286,0.003285,0.003288,0.003288,0.00329,0.003286,0.003287386666666656,0.003287203333333322,0.0032905900000000034,0.0032872700000000006
0.052,0.003207,0.003215,0.003224,0.003237,0.003271,0.003263,0.003268,0.003267,0.003265,0.003267,0.003268,0.003281,0.00328,0.003282,0.003282,0.003285,0.003281,0.0032816566666666654,0.0032823066666666694,0.003287546666666662,0.0032836633333333223
0.056,0.003199,0.003207,0.003216,0.00323,0.003264,0.003256,0.003261,0.003261,0.003259,0.003262,0.003262,0.003276,0.003275,0.003276,0.003277,0.003279,0.003275,0.00327599999999998,0.0032776166666666586,0.003281726666666676,0.003276290000000008
0.06,0.00319,0.003199,0.003209,0.003223,0.003257,0.00325,0.003255,0.003255,0.003252,0.003256,0.003256,0.003271,0.003269,0.00327,0.003271,0.003273,0.003269,0.00326955,0.0032699400000000133,0.003272746666666665,0.0032680933333333255
0.064,0.003181,0.003191,0.0032,0.003215,0.00325,0.003242,0.003248,0.003248,0.003245,0.003249,0.003249,0.003265,0.003263,0.003264,0.003264,0.003267,0.003263,0.003263593333333344,0.003263753333333345,0.003267980000000009,0.0032627233333333357
0.068,0.003171,0.003182,0.003192,0.003206,0.003241,0.003234,0.00324,0.003241,0.003238,0.003242,0.003242,0.003258,0.003257,0.003256,0.003257,0.00326,0.003256,0.003256546666666672,0.0032583833333333237,0.0032651300000000063,0.0032631233333333363
0.072,0.003161,0.003172,0.003182,0.003197,0.003232,0.003225,0.003231,0.003232,0.00323,0.003234,0.003234,0.00325,0.003249,0.003249,0.003249,0.003253,0.003249,0.0032477633333333157,0.003247136666666655,0.0032514599999999877,0.003245569999999989
0.076,0.003151,0.003162,0.003173,0.003187,0.003222,0.003216,0.003222,0.003224,0.003221,0.003226,0.003226,0.003242,0.003241,0.00324,0.003241,0.003245,0.003241,0.003240390000000005,0.003241760000000016,0.003249100000000011,0.0032466466666666773
0.08,0.00314,0.003152,0.003163,0.003177,0.003212,0.003206,0.003212,0.003214,0.003212,0.003217,0.003217,0.003234,0.003232,0.003231,0.003232,0.003236,0.003232,0.0032324733333333267,0.0032326533333333417,0.0032369366666666734,0.0032321200000000076
0.084,0.003129,0.003141,0.003152,0.003167,0.003201,0.003196,0.003202,0.003204,0.003202,0.003207,0.003208,0.003225,0.003223,0.003221,0.003223,0.003227,0.003223,0.0032212766666666736,0.00322356333333332,0.0032296199999999908,0.003223413333333324
0.088,0.003117,0.00313,0.003141,0.003155,0.003189,0.003184,0.003191,0.003194,0.003191,0.003197,0.003197,0.003215,0.003213,0.003211,0.003212,0.003217,0.003213,0.003210729999999993,0.003212713333333328,0.003219060000000009,0.003214180000000007
0.092,0.003105,0.003118,0.003129,0.003142,0.003177,0.003173,0.003179,0.003183,0.00318,0.003187,0.003187,0.003204,0.003202,0.0032,0.003202,0.003207,0.003203,0.003199879999999989,0.0032036133333333424,0.0032123166666666566,0.003207819999999989
0.096,0.003092,0.003106,0.003117,0.003128,0.003164,0.003161,0.003167,0.003171,0.003169,0.003175,0.003176,0.003192,0.00319,0.003189,0.00319,0.003196,0.003192,0.003188436666666664,0.0031908466666666795,0.0031980133333333227,0.0031932733333333205
0.1,0.003079,0.003093,0.003105,0.003121,0.00315,0.003148,0.003154,0.003159,0.003156,0.003163,0.003164,0.00318,0.003178,0.003177,0.003178,0.003184,0.00318,0.003178306666666661,0.003181123333333339,0.0031885333333333305,0.003183383333333326
0.104,0.003066,0.00308,0.003092,0.003115,0.003136,0.003134,0.00314,0.003146,0.003143,0.003151,0.003151,0.003167,0.003165,0.003164,0.003165,0.003171,0.003168,0.0031657133333333263,0.003169666666666652,0.003179663333333339,0.003174683333333317
0.108,0.003052,0.003067,0.003078,0.003108,0.003121,0.003121,0.003126,0.003132,0.00313,0.003138,0.003138,0.003154,0.003152,0.003151,0.003152,0.003158,0.003155,0.0031540533333333375,0.0031567066666666737,0.0031629466666666622,0.00315540333333334
0.112,0.003038,0.003053,0.003064,0.003098,0.003106,0.003106,0.003112,0.003118,0.003116,0.003124,0.003124,0.00314,0.003138,0.003137,0.003138,0.003144,0.003141,0.003139623333333319,0.003141646666666654,0.003147726666666675,0.003142313333333321
0.116,0.003023,0.003038,0.00305,0.003083,0.003091,0.003092,0.003097,0.003104,0.003102,0.003111,0.003111,0.003126,0.003124,0.003123,0.003124,0.00313,0.003127,0.003126239999999996,0.003127160000000004,0.003134969999999995,0.0031315599999999976
0.12,0.003009,0.003024,0.003036,0.003065,0.003075,0.003077,0.003082,0.00309,0.003088,0.003097,0.003097,0.003111,0.00311,0.003109,0.00311,0.003116,0.003114,0.0031112566666666665,0.0031136566666666535,0.0031232200000000025,0.0031202233333333207
0.124,0.002994,0.003009,0.003022,0.00305,0.003059,0.003062,0.003067,0.003075,0.003073,0.003083,0.003083,0.003097,0.003095,0.003095,0.003096,0.003102,0.003099,0.0030968466666666523,0.003099356666666656,0.0031092933333333474,0.003106426666666654
0.128,0.002978,0.002994,0.003007,0.003035,0.003043,0.003047,0.003051,0.00306,0.003058,0.003068,0.003068,0.003081,0.00308,0.00308,0.003081,0.003087,0.003085,0.003079629999999996,0.0030815933333333315,0.003089893333333321,0.0030867600000000035
0.132,0.002963,0.002979,0.002992,0.003019,0.003027,0.003031,0.003035,0.003044,0.003043,0.003053,0.003054,0.003066,0.003065,0.003065,0.003066,0.003072,0.00307,0.0030664233333333292,0.003069443333333342,0.0030786866666666596,0.0030727833333333366
0.136,0.002947,0.002964,0.002976,0.003003,0.00301,0.003015,0.003019,0.003029,0.003027,0.003038,0.003039,0.00305,0.003049,0.00305,0.00305,0.003057,0.003055,0.0030505666666666644,0.003052449999999999,0.0030623933333333206,0.0030601300000000007
0.14,0.002931,0.002948,0.00296,0.002987,0.002993,0.002999,0.003003,0.003013,0.003012,0.003023,0.003024,0.003035,0.003034,0.003034,0.003035,0.003041,0.003039,0.0030340866666666577,0.003035220000000004,0.003044026666666655,0.0030465766666666746
0.144,0.002915,0.002932,0.002944,0.002971,0.002976,0.002982,0.002987,0.002997,0.002996,0.003008,0.003009,0.003019,0.003018,0.003019,0.003019,0.003026,0.003024,0.003019806666666661,0.00302093333333333,0.0030303599999999863,0.003030943333333346
0.148,0.002899,0.002916,0.002927,0.002955,0.002959,0.002966,0.00297,0.002981,0.00298,0.002992,0.002993,0.003003,0.003002,0.003003,0.003003,0.00301,0.003008,0.003002126666666655,0.0030031366666666555,0.0030124499999999972,0.0030121933333333408
0.152,0.002883,0.002899,0.002908,0.002938,0.002941,0.002949,0.002953,0.002965,0.002964,0.002976,0.002978,0.002986,0.002986,0.002987,0.002987,0.002994,0.002992,0.0029867999999999882,0.002988129999999991,0.0029972166666666776,0.002997453333333334
0.156,0.002866,0.002882,0.002895,0.002922,0.002924,0.002933,0.002937,0.002949,0.002948,0.002961,0.002962,0.00297,0.00297,0.002971,0.002971,0.002978,0.002977,0.002970903333333321,0.002972716666666654,0.002981863333333339,0.0029820566666666722
0.16,0.00285,0.002863,0.002887,0.002906,0.002907,0.002916,0.00292,0.002932,0.002932,0.002945,0.002947,0.002954,0.002954,0.002955,0.002955,0.002962,0.002961,0.0029534200000000117,0.0029546333333333426,0.00296086333333334,0.002957343333333326
0.164,0.002834,0.002849,0.002879,0.002889,0.00289,0.0029,0.002904,0.002916,0.002916,0.002929,0.002931,0.002938,0.002938,0.002939,0.002939,0.002946,0.002945,0.0029385433333333467,0.0029400666666666796,0.002948993333333332,0.0029488133333333204
0.168,0.002818,0.00284,0.002868,0.002873,0.002872,0.002883,0.002887,0.0029,0.0029,0.002912,0.002915,0.002921,0.002922,0.002923,0.002923,0.00293,0.002929,0.002922383333333337,0.0029232633333333372,0.0029305033333333276,0.002929183333333322
0.172,0.002801,0.002832,0.002853,0.002857,0.002855,0.002866,0.00287,0.002883,0.002884,0.002896,0.002899,0.002905,0.002905,0.002907,0.002907,0.002913,0.002912,0.0029060266666666628,0.0029069666666666676,0.002912220000000016,0.002909273333333345
0.176,0.002785,0.002822,0.002832,0.00284,0.002838,0.00285,0.002853,0.002867,0.002868,0.00288,0.002883,0.002888,0.002889,0.00289,0.002891,0.002897,0.002896,0.002889299999999987,0.00289088999999999,0.002897766666666676,0.0028965500000000042
0.18,0.002769,0.002808,0.002815,0.002824,0.002821,0.002833,0.002837,0.002851,0.002852,0.002863,0.002867,0.002872,0.002873,0.002874,0.002874,0.00288,0.00288,0.0028736533333333448,0.002874673333333343,0.0028814199999999944,0.0028815466666666624
0.184,0.002753,0.002789,0.002799,0.002808,0.002803,0.002817,0.00282,0.002835,0.002836,0.002847,0.002851,0.002855,0.002857,0.002858,0.002858,0.002864,0.002864,0.0028573333333333445,0.0028588733333333454,0.0028669466666666576,0.0028667699999999903
0.188,0.002738,0.002771,0.002783,0.002792,0.002787,0.002801,0.002804,0.002819,0.002821,0.002831,0.002836,0.002839,0.002841,0.002842,0.002842,0.002848,0.002848,0.002841360000000004,0.0028426500000000073,0.0028493033333333285,0.0028470966666666567
0.192,0.002722,0.002755,0.002767,0.002776,0.00277,0.002785,0.002788,0.002803,0.002805,0.002815,0.00282,0.002823,0.002825,0.002826,0.002826,0.002832,0.002832,0.002825086666666662,0.0028265766666666623,0.002834399999999987,0.002832069999999988
0.196,0.002707,0.002739,0.002752,0.002761,0.002754,0.002769,0.002772,0.002787,0.00279,0.002799,0.002804,0.002808,0.00281,0.002811,0.002811,0.002816,0.002816,0.002811310000000005,0.002812500000000002,0.0028188200000000053,0.0028167800000000087
0.2,0.002691,0.002724,0.002736,0.002745,0.002739,0.002754,0.002757,0.002772,0.002775,0.002784,0.002789,0.002792,0.002794,0.002795,0.002795,0.002801,0.002801,0.0027937333333333315,0.0027945366666666614,0.0027988933333333464,0.002792623333333346
0.204,0.002677,0.002709,0.002721,0.00273,0.002726,0.002738,0.002741,0.002757,0.002761,0.002769,0.002774,0.002777,0.002779,0.00278,0.00278,0.002785,0.002785,0.002778496666666668,0.002779213333333337,0.002784993333333339,0.0027807733333333395
0.208,0.002662,0.002694,0.002706,0.002715,0.002714,0.002723,0.002726,0.002742,0.002746,0.002753,0.002759,0.002762,0.002764,0.002765,0.002764,0.00277,0.00277,0.0027653466666666734,0.0027657233333333274,0.0027712166666666784,0.0027657033333333414
0.212,0.002647,0.002679,0.002691,0.0027,0.002701,0.002708,0.002711,0.002727,0.002731,0.002738,0.002744,0.002747,0.002748,0.00275,0.002749,0.002755,0.002755,0.0027492700000000046,0.0027505200000000007,0.002758023333333326,0.002753386666666657
0.216,0.002632,0.002664,0.002677,0.002686,0.002687,0.002693,0.002696,0.002713,0.002717,0.002724,0.002729,0.002732,0.002734,0.002735,0.002734,0.00274,0.00274,0.002733940000000005,0.002734653333333336,0.0027423466666666612,0.002740283333333328
0.22,0.002618,0.00265,0.002662,0.002671,0.002672,0.002679,0.002682,0.002698,0.002703,0.002709,0.002714,0.002717,0.002719,0.002721,0.00272,0.002725,0.002725,0.002720216666666656,0.002721086666666679,0.0027286933333333244,0.0027268433333333232
0.224,0.002603,0.002636,0.002648,0.002658,0.002657,0.002665,0.002668,0.002685,0.002689,0.002695,0.0027,0.002703,0.002705,0.002707,0.002706,0.002711,0.002711,0.002706550000000004,0.0027073099999999966,0.0027135500000000025,0.0027103000000000053
0.228,0.002587,0.002622,0.002635,0.002644,0.002642,0.002651,0.002654,0.002671,0.002676,0.002681,0.002686,0.002689,0.002691,0.002693,0.002692,0.002697,0.002697,0.002693959999999986,0.002694680000000005,0.002702103333333322,0.00269924666666666
0.232,0.002578,0.002609,0.002621,0.002631,0.002628,0.002638,0.002641,0.002658,0.002663,0.002667,0.002673,0.002676,0.002678,0.002679,0.002678,0.002683,0.002683,0.002678756666666659,0.0026790066666666596,0.002685033333333326,0.002681733333333326
0.236,0.002573,0.002596,0.002609,0.002618,0.002614,0.002625,0.002628,0.002645,0.00265,0.002654,0.00266,0.002662,0.002665,0.002666,0.002665,0.00267,0.00267,0.002665946666666655,0.002666980000000001,0.0026743866666666554,0.0026720966666666547
0.24,0.002567,0.002583,0.002596,0.002605,0.0026,0.002612,0.002615,0.002632,0.002637,0.002641,0.002646,0.002649,0.002651,0.002653,0.002652,0.002657,0.002657,0.0026527466666666703,0.0026527133333333255,0.0026583666666666747,0.0026556966666666736
0.244,0.002558,0.002571,0.002583,0.002592,0.002587,0.002599,0.002602,0.002619,0.002624,0.002628,0.002634,0.002636,0.002639,0.00264,0.002639,0.002644,0.002644,0.002639246666666659,0.002638843333333322,0.002643773333333326,0.0026404999999999927
0.248,0.002545,0.002558,0.002571,0.00258,0.002574,0.002587,0.002589,0.002607,0.002612,0.002615,0.002621,0.002624,0.002626,0.002627,0.002626,0.002631,0.002631,0.0026264966666666757,0.0026251866666666714,0.002629516666666676,0.002631133333333342
0.252,0.002528,0.002546,0.002558,0.002567,0.002561,0.002574,0.002577,0.002595,0.0026,0.002603,0.002608,0.002611,0.002614,0.002615,0.002613,0.002618,0.002618,0.002614680000000005,0.0026122533333333233,0.002616770000000005,0.0026206400000000044
0.256,0.002515,0.002534,0.002547,0.002555,0.002549,0.002562,0.002565,0.002583,0.002588,0.002591,0.002596,0.002599,0.002601,0.002603,0.002601,0.002606,0.002606,0.002603360000000009,0.0026005899999999925,0.0026041599999999977,0.002607619999999997
0.26,0.002503,0.002523,0.002535,0.002544,0.002537,0.002551,0.002553,0.002571,0.002576,0.002579,0.002584,0.002587,0.002589,0.002591,0.002589,0.002594,0.002594,0.002589950000000006,0.0025880266666666583,0.00259182666666666,0.0025924366666666586
0.264,0.002491,0.002511,0.002524,0.002532,0.002525,0.00254,0.002542,0.00256,0.002565,0.002567,0.002573,0.002575,0.002578,0.002579,0.002578,0.002582,0.002582,0.0025779066666666672,0.00257658333333333,0.002579123333333321,0.0025793833333333203
0.268,0.00248,0.0025,0.002512,0.002521,0.002513,0.002528,0.002531,0.002549,0.002554,0.002556,0.002561,0.002564,0.002567,0.002568,0.002567,0.002571,0.002571,0.0025665700000000063,0.002565586666666659,0.002567646666666662,0.002566073333333328
0.272,0.002468,0.002489,0.002501,0.00251,0.002502,0.002517,0.00252,0.002538,0.002542,0.002545,0.00255,0.002553,0.002555,0.002557,0.002555,0.002559,0.002559,0.0025569066666666705,0.00255460999999999,0.0025571533333333257,0.0025593533333333244
0.276,0.002457,0.002478,0.00249,0.002499,0.00249,0.002506,0.002509,0.002527,0.002531,0.002534,0.002539,0.002542,0.002544,0.002546,0.002544,0.002548,0.002548,0.002543953333333339,0.0025414566666666616,0.0025434566666666645,0.002543966666666663
0.28,0.002446,0.002468,0.00248,0.002488,0.002479,0.002496,0.002498,0.002516,0.00252,0.002523,0.002528,0.002531,0.002533,0.002535,0.002533,0.002537,0.002537,0.0025309533333333282,0.002528196666666671,0.0025303433333333397,0.002529556666666671
0.284,0.002436,0.002457,0.002469,0.002477,0.002468,0.002485,0.002487,0.002505,0.00251,0.002512,0.002517,0.00252,0.002523,0.002524,0.002522,0.002526,0.002526,0.0025219666666666638,0.0025195133333333433,0.0025223266666666686,0.002522353333333333
0.288,0.002425,0.002447,0.002459,0.002467,0.002457,0.002474,0.002477,0.002494,0.002499,0.002501,0.002506,0.00251,0.002512,0.002514,0.002512,0.002515,0.002515,0.002512956666666672,0.0025100333333333267,0.002511100000000005,0.002512950000000006
0.292,0.002415,0.002437,0.002448,0.002457,0.002447,0.002464,0.002467,0.002484,0.002489,0.002491,0.002496,0.002499,0.002502,0.002503,0.002502,0.002505,0.002505,0.0025024700000000027,0.002500136666666668,0.002500803333333326,0.0025019899999999947
0.296,0.002405,0.002427,0.002438,0.002446,0.002436,0.002454,0.002456,0.002474,0.002479,0.002481,0.002486,0.002489,0.002492,0.002493,0.002491,0.002494,0.002494,0.0024915566666666635,0.0024891833333333404,0.002490556666666665,0.0024910299999999956
0.3,0.002395,0.002417,0.002428,0.002437,0.002426,0.002444,0.002447,0.002464,0.002469,0.002471,0.002476,0.002479,0.002482,0.002483,0.002482,0.002484,0.002485,0.002480836666666673,0.002479019999999996,0.0024789700000000052,0.0024788266666666593
0.304,0.002385,0.002407,0.002418,0.002426,0.002416,0.002434,0.002437,0.002454,0.002459,0.002461,0.002466,0.002469,0.002472,0.002473,0.002472,0.002475,0.002475,0.002471396666666659,0.002469636666666668,0.0024710233333333394,0.0024709066666666704
0.308,0.002375,0.002397,0.002408,0.002417,0.002406,0.002425,0.002427,0.002444,0.002449,0.002451,0.002456,0.002459,0.002462,0.002463,0.002462,0.002465,0.002465,0.0024631899999999957,0.0024611999999999967,0.002462363333333343,0.0024634633333333426
0.312,0.002365,0.002387,0.002398,0.002407,0.002395,0.002415,0.002417,0.002434,0.002439,0.002441,0.002446,0.00245,0.002452,0.002454,0.002452,0.002455,0.002455,0.002450509999999994,0.002447636666666671,0.0024489066666666605,0.0024486066666666597
0.316,0.002355,0.002377,0.002389,0.002397,0.002385,0.002405,0.002408,0.002424,0.002429,0.002432,0.002437,0.00244,0.002443,0.002444,0.002443,0.002445,0.002446,0.002441906666666668,0.002439446666666658,0.002439469999999999,0.0024406599999999908
0.32,0.002346,0.002368,0.002379,0.002387,0.002376,0.002396,0.002398,0.002415,0.00242,0.002423,0.002427,0.002431,0.002434,0.002435,0.002434,0.002436,0.002437,0.002433939999999998,0.0024318300000000068,0.0024318666666666607,0.0024329500000000058
0.324,0.002337,0.002359,0.00237,0.002378,0.002366,0.002387,0.002389,0.002406,0.002411,0.002414,0.002418,0.002422,0.002425,0.002426,0.002425,0.002427,0.002428,0.002424826666666673,0.0024230100000000045,0.002423339999999994,0.0024240099999999955
0.328,0.002328,0.00235,0.002361,0.002369,0.002357,0.002378,0.00238,0.002397,0.002402,0.002405,0.00241,0.002413,0.002416,0.002418,0.002416,0.002419,0.00242,0.0024175766666666683,0.0024153233333333232,0.002416673333333327,0.002416816666666658
0.332,0.002319,0.002341,0.002352,0.00236,0.002347,0.002369,0.002372,0.002388,0.002393,0.002396,0.002401,0.002405,0.002408,0.002409,0.002408,0.00241,0.002411,0.002407286666666663,0.0024055666666666646,0.002406200000000009,0.0024058100000000087
0.336,0.00231,0.002332,0.002343,0.002351,0.002339,0.002361,0.002363,0.002379,0.002384,0.002387,0.002392,0.002396,0.002399,0.002401,0.0024,0.002402,0.002403,0.0023976599999999916,0.002396606666666661,0.002397853333333339,0.002396890000000006
0.34,0.002302,0.002324,0.002335,0.002342,0.00233,0.002352,0.002355,0.002371,0.002376,0.002379,0.002384,0.002388,0.002391,0.002393,0.002392,0.002394,0.002395,0.0023908666666666574,0.0023895633333333266,0.0023906600000000045,0.002389880000000005
0.344,0.002293,0.002315,0.002326,0.002334,0.002321,0.002344,0.002347,0.002362,0.002368,0.002371,0.002376,0.00238,0.002383,0.002385,0.002384,0.002386,0.002387,0.0023820999999999994,0.0023808033333333426,0.0023818233333333322,0.002379880000000002
0.348,0.002285,0.002307,0.002318,0.002325,0.002313,0.002336,0.002339,0.002355,0.00236,0.002363,0.002368,0.002372,0.002375,0.002377,0.002376,0.002378,0.00238,0.0023756733333333306,0.002374716666666673,0.0023770433333333285,0.002376910000000008
0.352,0.002276,0.002299,0.00231,0.002317,0.002304,0.002328,0.002332,0.002347,0.002352,0.002355,0.00236,0.002364,0.002367,0.002369,0.002368,0.00237,0.002372,0.0023699099999999933,0.002370096666666671,0.002372833333333327,0.002368753333333341
0.356,0.002268,0.002291,0.002302,0.002309,0.002296,0.002321,0.002324,0.002339,0.002344,0.002348,0.002353,0.002357,0.00236,0.002362,0.002361,0.002363,0.002365,0.002361113333333324,0.0023602199999999923,0.0023618066666666686,0.0023599066666666626
0.36,0.002261,0.002283,0.002294,0.002302,0.002288,0.002314,0.002317,0.002332,0.002337,0.00234,0.002345,0.002349,0.002353,0.002355,0.002354,0.002356,0.002358,0.002354259999999999,0.0023539499999999957,0.002356880000000009,0.002355166666666667
0.364,0.002253,0.002276,0.002287,0.002294,0.002281,0.002307,0.00231,0.002325,0.00233,0.002334,0.002339,0.002343,0.002346,0.002348,0.002347,0.00235,0.002352,0.0023491466666666744,0.0023490266666666604,0.002352713333333328,0.002349270000000008
0.368,0.002246,0.002269,0.002279,0.002287,0.002274,0.002301,0.002304,0.002318,0.002324,0.002327,0.002332,0.002336,0.002339,0.002341,0.002341,0.002343,0.002346,0.002337820000000004,0.002337973333333335,0.002339936666666662,0.0023385533333333277
0.372,0.002238,0.002262,0.002272,0.002279,0.002267,0.002294,0.002298,0.002312,0.002317,0.002321,0.002326,0.00233,0.002333,0.002335,0.002335,0.002337,0.00234,0.002332949999999992,0.0023334133333333257,0.002336543333333336,0.0023370100000000026
0.376,0.002231,0.002255,0.002265,0.002272,0.00226,0.002288,0.002292,0.002306,0.002311,0.002315,0.00232,0.002324,0.002327,0.002329,0.002329,0.002332,0.002334,0.002328673333333342,0.0023288300000000087,0.0023327933333333346,0.002334326666666661
0.38,0.002224,0.002248,0.002258,0.002265,0.002253,0.002283,0.002286,0.0023,0.002305,0.002309,0.002315,0.002318,0.002321,0.002324,0.002323,0.002326,0.002329,0.002323466666666664,0.0023230533333333313,0.0023268966666666743,0.0023295866666666765
0.384,0.002217,0.002241,0.002251,0.002259,0.002247,0.002278,0.002281,0.002295,0.0023,0.002304,0.002309,0.002313,0.002316,0.002318,0.002318,0.002321,0.002324,0.0023185366666666684,0.002318616666666669,0.0023227833333333415,0.0023257033333333307
0.388,0.00221,0.002234,0.002245,0.002252,0.002241,0.002273,0.002277,0.002291,0.002295,0.002299,0.002305,0.002308,0.002311,0.002314,0.002313,0.002317,0.00232,0.0023142200000000044,0.002313763333333339,0.0023186166666666745,0.002321329999999992
0.392,0.002203,0.002228,0.002238,0.002246,0.002235,0.002269,0.002273,0.002287,0.002291,0.002295,0.002301,0.002304,0.002307,0.00231,0.002309,0.002313,0.002316,0.0023106033333333367,0.0023100933333333384,0.0023143400000000067,0.0023168799999999947
0.396,0.002196,0.002222,0.002232,0.00224,0.00223,0.002266,0.002269,0.002283,0.002288,0.002292,0.002297,0.0023,0.002303,0.002306,0.002306,0.00231,0.002313,0.00230646666666667,0.002306323333333336,0.0023104233333333347,0.0023129700000000027
0.4,0.002189,0.002216,0.002227,0.002234,0.002225,0.002263,0.002266,0.00228,0.002284,0.002289,0.002295,0.002297,0.0023,0.002303,0.002303,0.002307,0.00231,0.002303206666666676,0.0023030333333333426,0.0023072399999999912,0.0023098933333333366
0.404,0.002183,0.00221,0.002221,0.002229,0.00222,0.00226,0.002263,0.002278,0.002282,0.002286,0.002292,0.002295,0.002298,0.002301,0.0023,0.002305,0.002309,0.0023008400000000028,0.0023001866666666694,0.0023053499999999972,0.002308733333333335
0.408,0.002176,0.002204,0.002215,0.002223,0.002216,0.002258,0.002261,0.002276,0.00228,0.002284,0.00229,0.002292,0.002296,0.002299,0.002299,0.002304,0.002307,0.0022989100000000095,0.002298716666666673,0.002304149999999992,0.002307336666666656
0.412,0.00217,0.002199,0.00221,0.002218,0.002212,0.002257,0.002259,0.002275,0.002278,0.002283,0.002289,0.002291,0.002295,0.002298,0.002297,0.002303,0.002307,0.0022980000000000097,0.0022974499999999986,0.0023032933333333406,0.0023067733333333226
0.416,0.002164,0.002193,0.002204,0.002212,0.002208,0.002255,0.002257,0.002274,0.002277,0.002282,0.002288,0.002289,0.002293,0.002297,0.002297,0.002303,0.002306,0.002296836666666664,0.0022967899999999947,0.0023029500000000145,0.0023059133333333307
0.42,0.002157,0.002188,0.002199,0.002207,0.002204,0.002254,0.002256,0.002273,0.002276,0.002281,0.002287,0.002289,0.002293,0.002296,0.002296,0.002303,0.002306,0.0022961366666666657,0.00229638333333333,0.002303270000000014,0.002306096666666665
0.424,0.002151,0.002182,0.002194,0.002202,0.0022,0.002252,0.002254,0.002272,0.002275,0.00228,0.002286,0.002288,0.002292,0.002295,0.002296,0.002303,0.002306,0.0022951400000000054,0.0022960966666666642,0.002303470000000009,0.002306483333333331
0.428,0.002145,0.002177,0.002189,0.002197,0.002196,0.002251,0.002253,0.002272,0.002274,0.00228,0.002286,0.002288,0.002292,0.002295,0.002296,0.002304,0.002307,0.002294973333333341,0.0022960799999999977,0.0023038966666666626,0.002306903333333327
0.432,0.002139,0.002171,0.002183,0.002192,0.002192,0.002249,0.002251,0.002271,0.002273,0.002279,0.002284,0.002287,0.002291,0.002294,0.002296,0.002303,0.002306,0.0022941533333333394,0.002295916666666668,0.0023032400000000106,0.002306229999999999
0.436,0.002133,0.002166,0.002178,0.002187,0.002187,0.002246,0.002249,0.002269,0.002271,0.002277,0.002283,0.002285,0.00229,0.002293,0.002295,0.002303,0.002305,0.0022931999999999983,0.002295313333333337,0.002303240000000011,0.002305623333333336
0.44,0.002127,0.00216,0.002173,0.002181,0.002182,0.002242,0.002245,0.002266,0.002268,0.002274,0.00228,0.002283,0.002287,0.00229,0.002293,0.002301,0.002303,0.0022901400000000047,0.002293119999999997,0.0023014300000000027,0.0023037700000000092
0.444,0.002121,0.002154,0.002167,0.002175,0.002177,0.002238,0.002241,0.002263,0.002264,0.002271,0.002276,0.00228,0.002284,0.002287,0.002291,0.002298,0.002301,0.002287566666666672,0.002291383333333335,0.0022992166666666756,0.0023014633333333354
0.448,0.002116,0.002148,0.002161,0.002169,0.00217,0.002232,0.002235,0.002258,0.00226,0.002266,0.002272,0.002276,0.00228,0.002283,0.002287,0.002294,0.002297,0.002283113333333335,0.002287343333333339,0.002294320000000008,0.002295979999999997
0.452,0.00211,0.002143,0.002155,0.002163,0.002164,0.002226,0.002229,0.002252,0.002254,0.00226,0.002266,0.00227,0.002275,0.002277,0.002282,0.002289,0.002291,0.0022772333333333215,0.002282503333333339,0.0022908433333333335,0.002291850000000001
0.456,0.002104,0.002137,0.002149,0.002157,0.002157,0.002218,0.002221,0.002245,0.002246,0.002253,0.002259,0.002263,0.002268,0.00227,0.002275,0.002282,0.002285,0.002270739999999994,0.002275636666666679,0.0022834033333333364,0.002284023333333326
0.46,0.002099,0.002131,0.002143,0.002151,0.002149,0.00221,0.002213,0.002236,0.002238,0.002244,0.00225,0.002255,0.00226,0.002262,0.002267,0.002274,0.002277,0.0022620933333333247,0.00226662333333334,0.0022742533333333344,0.0022747399999999886
0.464,0.002094,0.002125,0.002137,0.002145,0.002142,0.002201,0.002203,0.002227,0.002229,0.002235,0.002241,0.002246,0.002251,0.002253,0.002258,0.002265,0.002267,0.002255293333333326,0.002260863333333328,0.0022695266666666637,0.0022684833333333383
0.468,0.002089,0.002119,0.002131,0.002139,0.002134,0.002191,0.002194,0.002217,0.002219,0.002225,0.002231,0.002236,0.002241,0.002243,0.002249,0.002255,0.002257,0.002241219999999998,0.0022471933333333247,0.002254850000000004,0.0022530766666666617
0.472,0.002084,0.002113,0.002125,0.002132,0.002127,0.002181,0.002184,0.002207,0.002209,0.002215,0.002221,0.002226,0.00223,0.002233,0.002238,0.002244,0.002247,0.002231100000000006,0.0022361333333333288,0.0022440466666666745,0.0022449499999999977
0.476,0.002079,0.002107,0.002119,0.002126,0.002119,0.002172,0.002173,0.002196,0.002198,0.002204,0.00221,0.002215,0.002219,0.002222,0.002227,0.002232,0.002235,0.002220859999999995,0.0022261299999999937,0.0022335700000000046,0.00223457666666666
0.48,0.002074,0.002102,0.002112,0.00212,0.002111,0.002162,0.002163,0.002185,0.002188,0.002193,0.002199,0.002204,0.002208,0.002211,0.002216,0.002221,0.002224,0.002211709999999996,0.002215759999999999,0.0022220500000000006,0.0022226366666666677
0.484,0.002069,0.002096,0.002106,0.002114,0.002104,0.002152,0.002153,0.002174,0.002177,0.002182,0.002188,0.002193,0.002197,0.0022,0.002205,0.002209,0.002212,0.002200023333333325,0.0022040000000000076,0.0022098900000000047,0.0022113899999999954
0.488,0.002064,0.00209,0.002101,0.002108,0.002097,0.002143,0.002143,0.002164,0.002167,0.002172,0.002178,0.002183,0.002187,0.00219,0.002194,0.002197,0.002201,0.002189026666666674,0.0021901933333333336,0.002192996666666671,0.002193760000000003
0.492,0.002059,0.002085,0.002095,0.002102,0.00209,0.002134,0.002135,0.002154,0.002158,0.002162,0.002168,0.002173,0.002177,0.00218,0.002183,0.002186,0.002191,0.0021800933333333324,0.002180830000000004,0.002184286666666676,0.0021885900000000054
0.496,0.002055,0.00208,0.00209,0.002097,0.002084,0.002126,0.002126,0.002145,0.002149,0.002153,0.002159,0.002164,0.002168,0.00217,0.002173,0.002176,0.00218,0.002171530000000002,0.00217138666666666,0.0021743833333333316,0.002177659999999996
0.5,0.00205,0.002075,0.002084,0.002091,0.002077,0.002118,0.002118,0.002136,0.00214,0.002144,0.00215,0.002155,0.002159,0.002161,0.002164,0.002166,0.002171,0.002161876666666669,0.00216332333333334,0.0021656766666666677,0.0021697433333333336
0.504,0.002046,0.00207,0.002079,0.002086,0.002072,0.002111,0.002111,0.002128,0.002132,0.002136,0.002142,0.002146,0.00215,0.002153,0.002155,0.002157,0.002162,0.002151986666666663,0.002152930000000007,0.002156003333333333,0.0021577299999999966
0.508,0.002042,0.002065,0.002074,0.002081,0.002066,0.002104,0.002103,0.00212,0.002125,0.002129,0.002134,0.002139,0.002142,0.002145,0.002147,0.002148,0.002153,0.002144936666666662,0.0021463566666666736,0.0021495866666666696,0.0021524899999999948
0.512,0.002037,0.00206,0.002069,0.002076,0.00206,0.002097,0.002096,0.002113,0.002117,0.002121,0.002127,0.002131,0.002135,0.002137,0.002139,0.00214,0.002145,0.0021356700000000023,0.00213643666666667,0.002138236666666667,0.0021405866666666623
0.516,0.002033,0.002055,0.002064,0.002071,0.002055,0.00209,0.00209,0.002106,0.002111,0.002115,0.00212,0.002124,0.002128,0.00213,0.002132,0.002132,0.002137,0.002129706666666665,0.002130956666666676,0.0021329300000000094,0.002136716666666673
0.52,0.002028,0.00205,0.002059,0.002066,0.002049,0.002084,0.002084,0.002099,0.002104,0.002108,0.002113,0.002117,0.002121,0.002123,0.002124,0.002125,0.00213,0.0021218233333333276,0.0021222233333333374,0.0021241500000000026,0.002127113333333332
0.524,0.002024,0.002046,0.002055,0.002061,0.002044,0.002079,0.002078,0.002093,0.002098,0.002102,0.002107,0.002111,0.002114,0.002117,0.002118,0.002118,0.002122,0.0021158099999999984,0.0021163399999999956,0.0021178233333333306,0.002120956666666665
0.528,0.00202,0.002042,0.00205,0.002057,0.00204,0.002073,0.002072,0.002087,0.002092,0.002096,0.002101,0.002105,0.002108,0.002111,0.002111,0.002111,0.002115,0.0021106766666666578,0.0021111133333333253,0.002112746666666661,0.0021160966666666633
0.532,0.002016,0.002037,0.002046,0.002052,0.002035,0.002068,0.002067,0.002082,0.002087,0.00209,0.002095,0.002099,0.002103,0.002105,0.002105,0.002105,0.002109,0.0021041600000000073,0.0021040033333333402,0.002104853333333341,0.002107556666666678
0.536,0.002012,0.002033,0.002042,0.002048,0.002031,0.002063,0.002062,0.002076,0.002082,0.002085,0.00209,0.002093,0.002097,0.002099,0.002099,0.002099,0.002102,0.002098879999999999,0.0020985866666666667,0.002099336666666667,0.0021017433333333398
0.54,0.002008,0.002029,0.002037,0.002044,0.002026,0.002058,0.002057,0.002071,0.002077,0.00208,0.002084,0.002088,0.002091,0.002093,0.002093,0.002093,0.002095,0.002092600000000004,0.0020919633333333393,0.0020927666666666726,0.0020939433333333353
0.544,0.002005,0.002025,0.002033,0.002039,0.002022,0.002053,0.002053,0.002066,0.002072,0.002075,0.002079,0.002082,0.002086,0.002088,0.002087,0.002087,0.002089,0.0020866299999999943,0.0020850133333333316,0.0020857533333333324,0.002085683333333334
0.548,0.002001,0.002021,0.002029,0.002035,0.002018,0.002049,0.002048,0.002062,0.002067,0.00207,0.002074,0.002078,0.002081,0.002082,0.002082,0.002081,0.002083,0.002081983333333328,0.00208116333333333,0.0020815366666666673,0.0020819799999999937
0.552,0.001997,0.002017,0.002025,0.002031,0.002013,0.002044,0.002044,0.002057,0.002062,0.002065,0.00207,0.002073,0.002076,0.002077,0.002076,0.002075,0.002077,0.0020767066666666626,0.0020756566666666667,0.002075906666666671,0.0020769533333333296
0.556,0.001993,0.002013,0.002021,0.002028,0.002009,0.00204,0.002039,0.002052,0.002058,0.002061,0.002065,0.002068,0.002071,0.002072,0.002071,0.00207,0.002071,0.0020715166666666644,0.002069863333333337,0.0020697166666666707,0.002069766666666667
0.56,0.001989,0.00201,0.002017,0.002024,0.002005,0.002035,0.002035,0.002048,0.002053,0.002056,0.00206,0.002063,0.002066,0.002068,0.002066,0.002065,0.002065,0.002067086666666663,0.0020651700000000055,0.0020649433333333276,0.0020647433333333275
0.564,0.001986,0.002006,0.002014,0.00202,0.002001,0.002031,0.002031,0.002044,0.002049,0.002052,0.002056,0.002058,0.002062,0.002063,0.002061,0.00206,0.00206,0.0020630133333333343,0.0020610633333333264,0.002060869999999996,0.0020602599999999956
0.568,0.001982,0.002002,0.00201,0.002016,0.001998,0.002027,0.002027,0.00204,0.002045,0.002047,0.002052,0.002054,0.002057,0.002058,0.002056,0.002055,0.002055,0.002058880000000003,0.0020566099999999956,0.002056129999999996,0.002055283333333328
0.572,0.001978,0.001999,0.002006,0.002012,0.001994,0.002023,0.002023,0.002036,0.002041,0.002043,0.002048,0.00205,0.002053,0.002054,0.002052,0.002051,0.00205,0.002053829999999999,0.0020515966666666743,0.0020512900000000073,0.0020504199999999977
0.576,0.001975,0.001995,0.002002,0.002008,0.00199,0.002019,0.002019,0.002032,0.002037,0.002039,0.002044,0.002046,0.002049,0.00205,0.002047,0.002046,0.002045,0.00205034333333333,0.0020476200000000082,0.002047639999999997,0.0020467266666666655
0.58,0.001971,0.001991,0.001999,0.002005,0.001986,0.002015,0.002015,0.002028,0.002033,0.002036,0.00204,0.002041,0.002045,0.002046,0.002043,0.002042,0.002041,0.0020464899999999954,0.0020434300000000075,0.002043093333333326,0.0020412899999999977
0.584,0.001968,0.001988,0.001995,0.002001,0.001982,0.002011,0.002011,0.002024,0.002029,0.002031,0.002035,0.002037,0.00204,0.002041,0.002039,0.002037,0.002036,0.0020401566666666637,0.002037286666666672,0.002036829999999996,0.0020344
0.588,0.001964,0.001984,0.001991,0.001997,0.001978,0.002007,0.002007,0.00202,0.002025,0.002027,0.002031,0.002033,0.002036,0.002037,0.002034,0.002033,0.002032,0.0020371666666666646,0.0020343233333333264,0.0020338199999999956,0.002032463333333332
0.592,0.001961,0.00198,0.001988,0.001993,0.001975,0.002003,0.002003,0.002016,0.002021,0.002023,0.002027,0.002029,0.002032,0.002033,0.00203,0.002029,0.002027,0.0020334099999999976,0.002030486666666656,0.0020298733333333303,0.002027943333333333
0.596,0.001957,0.001977,0.001984,0.00199,0.001971,0.001999,0.001999,0.002012,0.002017,0.002019,0.002023,0.002025,0.002028,0.002029,0.002026,0.002025,0.002023,0.0020286699999999985,0.002025783333333325,0.0020256966666666737,0.002023546666666664
0.6,0.001953,0.001973,0.00198,0.001986,0.001967,0.001995,0.001996,0.002008,0.002013,0.002015,0.002019,0.002021,0.002024,0.002025,0.002022,0.002021,0.002019,0.002025146666666674,0.0020221833333333356,0.002021936666666672,0.0020199933333333283
0.604,0.00195,0.00197,0.001976,0.001982,0.001963,0.001991,0.001992,0.002004,0.002009,0.002011,0.002015,0.002017,0.00202,0.002021,0.002018,0.002017,0.002015,0.0020203000000000044,0.002017166666666667,0.002016846666666671,0.0020143333333333263
0.608,0.001946,0.001966,0.001973,0.001978,0.001959,0.001988,0.001988,0.002,0.002005,0.002007,0.002011,0.002013,0.002016,0.002017,0.002014,0.002012,0.002011,0.0020165700000000022,0.0020136399999999984,0.002012383333333342,0.002010996666666661
0.612,0.001943,0.001962,0.001969,0.001975,0.001955,0.001984,0.001984,0.001996,0.002001,0.002003,0.002008,0.002009,0.002012,0.002013,0.00201,0.002008,0.002007,0.0020133133333333337,0.002010486666666665,0.0020093766666666735,0.0020077799999999933
0.616,0.001939,0.001958,0.001965,0.001971,0.001951,0.00198,0.00198,0.001992,0.001997,0.001999,0.002004,0.002005,0.002008,0.002009,0.002006,0.002004,0.002002,0.002008926666666667,0.0020060566666666633,0.002005123333333337,0.00200266333333333
0.62,0.001935,0.001955,0.001961,0.001967,0.001947,0.001976,0.001976,0.001988,0.001993,0.001996,0.002,0.002001,0.002004,0.002005,0.002002,0.002,0.001998,0.0020057999999999986,0.002003013333333328,0.0020022533333333343,0.0020002066666666737
0.624,0.001932,0.001951,0.001958,0.001963,0.001943,0.001972,0.001972,0.001984,0.001989,0.001992,0.001996,0.001997,0.002,0.002001,0.001998,0.001996,0.001994,0.0020009199999999985,0.0019979666666666727,0.001997386666666665,0.0019950000000000054
0.628,0.001928,0.001947,0.001954,0.00196,0.001939,0.001968,0.001968,0.00198,0.001985,0.001988,0.001992,0.001993,0.001996,0.001997,0.001994,0.001992,0.00199,0.0019964133333333447,0.0019932300000000047,0.0019920333333333286,0.0019896866666666694
0.632,0.001925,0.001944,0.00195,0.001956,0.001936,0.001964,0.001964,0.001977,0.001981,0.001984,0.001988,0.001989,0.001992,0.001993,0.00199,0.001988,0.001986,0.001993460000000011,0.001990566666666669,0.001989599999999995,0.0019876333333333344
0.636,0.001921,0.00194,0.001947,0.001952,0.001932,0.00196,0.00196,0.001973,0.001977,0.00198,0.001984,0.001985,0.001989,0.001989,0.001986,0.001985,0.001982,0.0019894400000000085,0.00198666,0.0019870833333333372,0.001983803333333334
0.64,0.001917,0.001937,0.001943,0.001948,0.001928,0.001957,0.001957,0.001969,0.001974,0.001976,0.00198,0.001981,0.001985,0.001985,0.001982,0.001981,0.001978,0.0019851100000000056,0.0019821133333333338,0.00198274333333334,0.001978786666666665
0.644,0.001914,0.001933,0.001939,0.001945,0.001924,0.001953,0.001953,0.001965,0.00197,0.001972,0.001976,0.001978,0.001981,0.001981,0.001978,0.001977,0.001974,0.001981516666666673,0.001978533333333333,0.0019794233333333385,0.0019755599999999986
0.648,0.00191,0.001929,0.001936,0.001941,0.001921,0.001949,0.001949,0.001961,0.001966,0.001969,0.001972,0.001974,0.001977,0.001977,0.001974,0.001973,0.00197,0.001977336666666671,0.0019743033333333346,0.0019747833333333352,0.001971736666666677
0.652,0.001907,0.001926,0.001932,0.001937,0.001917,0.001945,0.001945,0.001958,0.001962,0.001965,0.001968,0.00197,0.001973,0.001974,0.00197,0.001969,0.001966,0.0019742600000000003,0.001970446666666679,0.001971169999999999,0.0019676266666666777
0.656,0.001903,0.001922,0.001928,0.001933,0.001913,0.001941,0.001942,0.001954,0.001958,0.001961,0.001965,0.001966,0.001969,0.00197,0.001966,0.001965,0.001962,0.001970956666666677,0.0019676700000000103,0.001968099999999996,0.001965776666666676
0.66,0.0019,0.001918,0.001925,0.001929,0.001909,0.001937,0.001938,0.00195,0.001954,0.001957,0.001961,0.001962,0.001965,0.001966,0.001963,0.001961,0.001958,0.0019667566666666777,0.0019639166666666715,0.0019645433333333267,0.001961620000000006
0.664,0.001896,0.001915,0.001921,0.001925,0.001906,0.001934,0.001934,0.001946,0.001951,0.001953,0.001957,0.001958,0.001961,0.001962,0.001958,0.001957,0.001954,0.001962116666666675,0.0019586100000000034,0.0019594299999999916,0.0019561566666666725
0.668,0.001893,0.001911,0.001917,0.001922,0.001902,0.00193,0.00193,0.001942,0.001947,0.001949,0.001953,0.001954,0.001958,0.001958,0.001955,0.001953,0.00195,0.0019593333333333394,0.0019566099999999997,0.001957593333333326,0.001954886666666669
0.672,0.001889,0.001908,0.001914,0.001918,0.001899,0.001926,0.001926,0.001939,0.001943,0.001945,0.001949,0.00195,0.001954,0.001954,0.001951,0.001949,0.001947,0.001954730000000007,0.0019522566666666649,0.0019521766666666589,0.0019503399999999968
0.676,0.001886,0.001904,0.00191,0.001914,0.001895,0.001923,0.001923,0.001935,0.001939,0.001942,0.001946,0.001947,0.00195,0.00195,0.001947,0.001946,0.001943,0.00194979666666667,0.0019466999999999952,0.001946680000000001,0.0019437666666666624
0.68,0.001882,0.001901,0.001907,0.00191,0.001892,0.001919,0.001919,0.001931,0.001936,0.001938,0.001942,0.001943,0.001946,0.001947,0.001943,0.001942,0.001939,0.0019481099999999962,0.0019448933333333284,0.0019467166666666655,0.0019441100000000089
0.684,0.001879,0.001897,0.001903,0.001907,0.001888,0.001915,0.001915,0.001927,0.001932,0.001934,0.001938,0.001939,0.001942,0.001943,0.00194,0.001938,0.001935,0.0019441599999999973,0.0019416633333333363,0.0019426599999999964,0.0019403933333333398
0.688,0.001875,0.001893,0.001899,0.001903,0.001884,0.001911,0.001912,0.001924,0.001928,0.00193,0.001934,0.001935,0.001938,0.001939,0.001936,0.001934,0.001932,0.00193980000000001,0.0019372666666666678,0.0019376499999999963,0.0019357166666666662
0.692,0.001872,0.00189,0.001895,0.001899,0.001881,0.001908,0.001908,0.00192,0.001924,0.001927,0.001931,0.001932,0.001935,0.001935,0.001932,0.001931,0.001928,0.0019372800000000078,0.0019350500000000004,0.001936563333333338,0.0019346799999999998
0.696,0.001868,0.001886,0.001892,0.001895,0.001877,0.001904,0.001904,0.001916,0.001921,0.001923,0.001927,0.001928,0.001931,0.001932,0.001929,0.001927,0.001924,0.00193385,0.0019315933333333313,0.001932176666666673,0.0019301766666666635
0.7,0.001865,0.001882,0.001888,0.001891,0.001874,0.001901,0.001901,0.001913,0.001917,0.00192,0.001924,0.001924,0.001928,0.001928,0.001925,0.001924,0.001921,0.0019297366666666674,0.0019270699999999982,0.0019283866666666657,0.0019262899999999967
0.704,0.001861,0.001879,0.001884,0.001887,0.00187,0.001897,0.001897,0.001909,0.001914,0.001916,0.00192,0.001921,0.001924,0.001925,0.001922,0.001921,0.001918,0.0019254966666666655,0.0019224899999999933,0.0019228266666666642,0.0019203799999999924
0.708,0.001858,0.001875,0.00188,0.001884,0.001867,0.001894,0.001894,0.001906,0.001911,0.001913,0.001917,0.001918,0.001921,0.001921,0.001918,0.001917,0.001915,0.0019222233333333297,0.0019193799999999925,0.001919836666666665,0.0019180066666666677
0.712,0.001854,0.001872,0.001877,0.00188,0.001863,0.001891,0.001891,0.001903,0.001907,0.00191,0.001914,0.001914,0.001918,0.001918,0.001915,0.001914,0.001912,0.0019184666666666591,0.0019156000000000017,0.0019162700000000062,0.0019146700000000087
0.716,0.001851,0.001868,0.001873,0.001877,0.00186,0.001888,0.001888,0.0019,0.001904,0.001906,0.00191,0.001911,0.001914,0.001915,0.001912,0.001912,0.001909,0.001915470000000001,0.001912550000000008,0.0019145833333333426,0.0019113733333333365
0.72,0.001847,0.001865,0.00187,0.001873,0.001857,0.001884,0.001884,0.001897,0.001901,0.001903,0.001907,0.001908,0.001911,0.001912,0.001909,0.001909,0.001906,0.0019123233333333415,0.0019090266666666688,0.0019106933333333362,0.0019078233333333367
0.724,0.001843,0.001861,0.001866,0.00187,0.001854,0.001881,0.001881,0.001893,0.001898,0.0019,0.001904,0.001905,0.001908,0.001909,0.001906,0.001906,0.001904,0.001908696666666668,0.0019052700000000019,0.0019062233333333378,0.0019038033333333378
0.728,0.00184,0.001857,0.001862,0.001866,0.00185,0.001878,0.001879,0.00189,0.001895,0.001897,0.001901,0.001902,0.001906,0.001906,0.001903,0.001904,0.001902,0.001906403333333336,0.0019032933333333279,0.0019048566666666725,0.0019030000000000002
0.732,0.001836,0.001854,0.001859,0.001863,0.001848,0.001876,0.001876,0.001887,0.001892,0.001895,0.001899,0.001899,0.001903,0.001904,0.001901,0.001902,0.001901,0.0019042366666666719,0.0019012399999999965,0.001903706666666667,0.0019024366666666674
0.736,0.001833,0.00185,0.001855,0.00186,0.001845,0.001873,0.001873,0.001885,0.00189,0.001892,0.001896,0.001897,0.001901,0.001902,0.001899,0.001901,0.0019,0.0019020800000000024,0.0018994233333333296,0.001902369999999997,0.0019015833333333417
0.74,0.001829,0.001847,0.001852,0.001856,0.001843,0.001871,0.001871,0.001883,0.001887,0.00189,0.001894,0.001895,0.001899,0.0019,0.001898,0.001901,0.0019,0.0019005133333333383,0.001898426666666668,0.0019024933333333294,0.0019017733333333427
0.744,0.001826,0.001844,0.001849,0.001853,0.00184,0.001869,0.001869,0.001881,0.001885,0.001888,0.001893,0.001893,0.001897,0.001899,0.001897,0.001901,0.0019,0.0018988666666666628,0.0018968733333333335,0.0019012966666666624,0.0019005166666666736
0.748,0.001822,0.001841,0.001846,0.001851,0.001838,0.001867,0.001867,0.001879,0.001883,0.001887,0.001891,0.001892,0.001896,0.001898,0.001896,0.001901,0.001901,0.0018980366666666675,0.001896036666666672,0.0019013399999999955,0.001901136666666663
0.752,0.001819,0.001838,0.001843,0.001848,0.001837,0.001865,0.001866,0.001877,0.001882,0.001885,0.00189,0.001891,0.001896,0.001898,0.001896,0.001903,0.001903,0.0018980400000000012,0.001896313333333337,0.001903733333333328,0.0019040466666666608
0.756,0.001816,0.001835,0.00184,0.001845,0.001835,0.001864,0.001864,0.001876,0.001881,0.001885,0.00189,0.001891,0.001896,0.001898,0.001897,0.001905,0.001906,0.001898339999999999,0.0018973766666666673,0.0019060366666666692,0.0019071200000000017
0.76,0.001813,0.001832,0.001838,0.001843,0.001834,0.001864,0.001864,0.001876,0.001881,0.001885,0.00189,0.001891,0.001896,0.001899,0.001898,0.001908,0.00191,0.0018988766666666627,0.001898003333333335,0.0019078033333333403,0.0019095066666666694
0.764,0.001809,0.001829,0.001835,0.00184,0.001834,0.001863,0.001864,0.001875,0.001881,0.001885,0.00189,0.001891,0.001897,0.0019,0.0019,0.001912,0.001916,0.0019003900000000033,0.001900046666666672,0.0019127233333333397,0.001916129999999994
0.768,0.001807,0.001827,0.001833,0.001838,0.001834,0.001864,0.001864,0.001876,0.001881,0.001886,0.001892,0.001893,0.001899,0.001903,0.001902,0.001918,0.001922,0.0019034733333333279,0.0019030566666666656,0.0019189533333333275,0.0019231133333333288
0.772,0.001804,0.001825,0.001831,0.001837,0.001835,0.001865,0.001866,0.001877,0.001883,0.001888,0.001894,0.001895,0.001901,0.001906,0.001907,0.001925,0.001931,0.001906066666666666,0.0019068066666666642,0.0019246033333333331,0.0019298566666666695
0.776,0.001802,0.001824,0.00183,0.001836,0.001836,0.001867,0.001868,0.001879,0.001885,0.001891,0.001897,0.001898,0.001905,0.001911,0.001912,0.001935,0.001942,0.0019105433333333306,0.001911450000000006,0.0019333066666666731,0.001939566666666668
0.78,0.0018,0.001823,0.001828,0.001835,0.001838,0.001869,0.001871,0.001882,0.001888,0.001894,0.0019,0.001903,0.00191,0.001917,0.001918,0.001946,0.001954,0.0019159666666666649,0.0019171299999999943,0.001942883333333337,0.0019498333333333392
0.784,0.001799,0.001822,0.001827,0.001834,0.001841,0.001873,0.001874,0.001885,0.001891,0.001898,0.001905,0.001908,0.001916,0.001923,0.001926,0.001958,0.001969,0.001923023333333338,0.0019265799999999965,0.0019564266666666705,0.0019645400000000016
0.788,0.001797,0.00182,0.001826,0.001833,0.001844,0.001876,0.001878,0.001889,0.001895,0.001903,0.00191,0.001913,0.001922,0.001931,0.001935,0.001973,0.001985,0.0019307466666666716,0.001935106666666671,0.001969483333333336,0.0019794766666666698
0.792,0.001795,0.00182,0.001825,0.001832,0.001848,0.001881,0.001882,0.001893,0.0019,0.001909,0.001917,0.00192,0.00193,0.00194,0.001945,0.001989,0.002003,0.0019384766666666715,0.001943449999999991,0.001981076666666672,0.001992633333333327
0.796,0.001793,0.001819,0.001824,0.001832,0.001852,0.001886,0.001888,0.001899,0.001906,0.001916,0.001924,0.001928,0.001939,0.001951,0.001957,0.002007,0.002024,0.0019508399999999986,0.001957299999999995,0.002001146666666661,0.0020182500000000088
0.8,0.001792,0.001819,0.001824,0.001832,0.001857,0.001891,0.001894,0.001905,0.001913,0.001924,0.001932,0.001937,0.001949,0.001963,0.00197,0.002028,0.002046,0.0019626633333333352,0.0019711500000000096,0.002022823333333331,0.0020425799999999965
0.804,0.001791,0.001818,0.001824,0.001832,0.001862,0.001898,0.001901,0.001912,0.00192,0.001932,0.001942,0.001947,0.001961,0.001975,0.001985,0.002049,0.00207,0.0019745733333333296,0.001985226666666672,0.00204413,0.002066716666666671
0.808,0.00179,0.001818,0.001823,0.001832,0.001868,0.001905,0.001909,0.001919,0.001928,0.001942,0.001952,0.001958,0.001973,0.001989,0.002,0.002072,0.002095,0.0019880966666666706,0.0019991633333333353,0.002063616666666666,0.0020874566666666686
0.812,0.001789,0.001818,0.001823,0.001832,0.001873,0.001912,0.001917,0.001927,0.001937,0.001952,0.001962,0.00197,0.001986,0.002004,0.002016,0.002096,0.002121,0.0020037166666666707,0.002016833333333337,0.0020902199999999933,0.0021150366666666705
0.816,0.001787,0.001818,0.001823,0.001832,0.001879,0.001919,0.001925,0.001936,0.001945,0.001962,0.001973,0.001982,0.001999,0.002018,0.002033,0.002121,0.002147,0.0020188366666666667,0.002034799999999997,0.0021176133333333344,0.002144506666666673
0.82,0.001786,0.001818,0.001823,0.001832,0.001884,0.001926,0.001932,0.001944,0.001954,0.001973,0.001983,0.001994,0.002012,0.002033,0.00205,0.002145,0.002174,0.002036923333333333,0.0020552533333333335,0.0021490599999999943,0.002177963333333337
0.824,0.001785,0.001818,0.001823,0.001832,0.001889,0.001932,0.00194,0.001952,0.001962,0.001983,0.001994,0.002005,0.002025,0.002047,0.002066,0.002169,0.0022,0.002048193333333338,0.0020673933333333386,0.0021633699999999913,0.0021916333333333268
0.828,0.001784,0.001818,0.001822,0.001832,0.001893,0.001938,0.001948,0.00196,0.00197,0.001992,0.002004,0.002016,0.002038,0.002061,0.002082,0.002193,0.002225,0.00205982666666666,0.0020794366666666646,0.0021768133333333324,0.0022039099999999986
0.832,0.001783,0.001817,0.001822,0.001833,0.001896,0.001944,0.001954,0.001968,0.001978,0.002001,0.002013,0.002027,0.00205,0.002075,0.002098,0.002216,0.002249,0.0020759633333333354,0.0020984200000000023,0.002208629999999998,0.002239129999999992
0.836,0.001782,0.001817,0.001822,0.001833,0.001899,0.001948,0.001961,0.001975,0.001985,0.00201,0.002022,0.002037,0.002061,0.002088,0.002113,0.002237,0.002272,0.0020877499999999933,0.002111963333333332,0.0022290633333333365,0.002261963333333338
0.84,0.001781,0.001817,0.001822,0.001832,0.001901,0.001952,0.001965,0.001981,0.001991,0.002017,0.00203,0.002046,0.002071,0.002099,0.002126,0.002257,0.002293,0.0020987133333333326,0.0021260033333333284,0.0022506933333333277,0.0022848433333333257
0.844,0.00178,0.001816,0.001821,0.001832,0.001901,0.001954,0.001969,0.001986,0.001995,0.002024,0.002037,0.002054,0.002081,0.002109,0.002138,0.002274,0.002312,0.002108796666666676,0.002136616666666655,0.00226226,0.002296439999999991
0.848,0.001779,0.001815,0.00182,0.001831,0.001901,0.001956,0.001972,0.00199,0.001999,0.002029,0.002042,0.002061,0.002088,0.002118,0.002149,0.00229,0.002328,0.002117213333333331,0.0021466866666666625,0.002278930000000006,0.002314143333333329
0.852,0.001778,0.001814,0.001819,0.00183,0.0019,0.001956,0.001974,0.001993,0.002002,0.002032,0.002046,0.002066,0.002094,0.002125,0.002158,0.002303,0.002342,0.002124503333333336,0.0021576466666666633,0.002300310000000012,0.0023384899999999965
0.856,0.001777,0.001813,0.001818,0.001829,0.001898,0.001956,0.001975,0.001995,0.002003,0.002035,0.002049,0.00207,0.002098,0.00213,0.002164,0.002313,0.002353,0.0021291933333333333,0.0021630200000000064,0.002308896666666675,0.002347796666666673
0.86,0.001776,0.001812,0.001817,0.001827,0.001895,0.001954,0.001975,0.001996,0.002004,0.002036,0.002051,0.002072,0.002101,0.002133,0.002169,0.002321,0.002362,0.0021323933333333395,0.0021667533333333245,0.0023095633333333424,0.0023486333333333255
0.864,0.001774,0.00181,0.001816,0.001826,0.001891,0.001951,0.001973,0.001996,0.002003,0.002036,0.002051,0.002073,0.002103,0.002135,0.002173,0.002326,0.002368,0.002134900000000002,0.0021719166666666584,0.0023216833333333455,0.002363163333333338
0.868,0.001773,0.001809,0.001815,0.001825,0.001888,0.001949,0.001971,0.001995,0.002002,0.002034,0.00205,0.002072,0.002103,0.002136,0.002175,0.002329,0.002372,0.0021352533333333433,0.0021736366666666664,0.0023254200000000147,0.0023677466666666733
0.872,0.001772,0.001807,0.001813,0.001823,0.001884,0.001945,0.001969,0.001993,0.002,0.002032,0.002049,0.002071,0.002101,0.002135,0.002175,0.00233,0.002373,0.002134240000000002,0.002173560000000001,0.0023268200000000116,0.0023697499999999964
0.876,0.001771,0.001806,0.001812,0.001822,0.00188,0.001941,0.001966,0.001991,0.001997,0.002029,0.002046,0.002069,0.002099,0.002133,0.002173,0.002328,0.002373,0.0021321366666666726,0.0021716766666666602,0.002325286666666668,0.0023696899999999946
0.88,0.00177,0.001805,0.001811,0.001821,0.001876,0.001937,0.001962,0.001988,0.001993,0.002026,0.002043,0.002066,0.002096,0.002129,0.002171,0.002325,0.00237,0.0021284900000000054,0.002168469999999999,0.002319160000000006,0.002363549999999991
0.884,0.00177,0.001803,0.00181,0.001819,0.001872,0.001933,0.001958,0.001984,0.00199,0.002022,0.002039,0.002062,0.002092,0.002125,0.002167,0.002319,0.002365,0.0021228733333333353,0.002162176666666664,0.0023070866666666605,0.002351356666666659
0.888,0.001769,0.001802,0.001809,0.001818,0.001868,0.001928,0.001954,0.00198,0.001985,0.002017,0.002035,0.002057,0.002087,0.00212,0.002162,0.002312,0.002359,0.0021181100000000038,0.002157719999999998,0.0023006266666666577,0.002345739999999998
0.892,0.001768,0.001801,0.001808,0.001817,0.001864,0.001924,0.001949,0.001976,0.001981,0.002012,0.00203,0.002052,0.002081,0.002114,0.002156,0.002304,0.002351,0.002110613333333329,0.0021497066666666697,0.002285833333333323,0.002329853333333328
0.896,0.001767,0.0018,0.001807,0.001816,0.001861,0.001919,0.001945,0.001972,0.001977,0.002007,0.002025,0.002047,0.002075,0.002108,0.00215,0.002294,0.002342,0.002104773333333333,0.002143156666666665,0.002277030000000005,0.002322519999999995
0.9,0.001767,0.001799,0.001806,0.001815,0.001857,0.001915,0.00194,0.001968,0.001972,0.002002,0.00202,0.002041,0.002069,0.002102,0.002143,0.002284,0.002332,0.002099030000000003,0.00213766333333334,0.0022720999999999943,0.002318306666666667
0.904,0.001766,0.001798,0.001805,0.001814,0.001854,0.00191,0.001936,0.001963,0.001968,0.001996,0.002014,0.002035,0.002063,0.002095,0.002136,0.002273,0.002322,0.002091786666666665,0.0021296366666666787,0.0022575599999999983,0.0023033266666666686
0.908,0.001766,0.001797,0.001805,0.001813,0.001852,0.001906,0.001932,0.001959,0.001963,0.001991,0.002009,0.00203,0.002057,0.002088,0.002128,0.002261,0.002311,0.002086113333333326,0.002122383333333342,0.0022445966666666617,0.0022905633333333273
0.912,0.001766,0.001796,0.001804,0.001813,0.001849,0.001902,0.001927,0.001954,0.001959,0.001986,0.002004,0.002024,0.002051,0.002082,0.002121,0.00225,0.0023,0.0020789499999999974,0.002114513333333336,0.002233743333333322,0.0022805366666666643
0.916,0.001766,0.001796,0.001804,0.001812,0.001847,0.001899,0.001923,0.00195,0.001955,0.001981,0.001999,0.002018,0.002045,0.002075,0.002113,0.002238,0.002288,0.002072863333333337,0.0021069833333333334,0.0022198999999999956,0.002264976666666662
0.92,0.001766,0.001795,0.001804,0.001812,0.001845,0.001896,0.001919,0.001946,0.001951,0.001976,0.001994,0.002013,0.002039,0.002068,0.002106,0.002226,0.002276,0.002064329999999998,0.0020985166666666727,0.002207939999999996,0.002253543333333325
0.924,0.001766,0.001795,0.001803,0.001812,0.001843,0.001892,0.001916,0.001942,0.001947,0.001972,0.001989,0.002007,0.002033,0.002062,0.002098,0.002213,0.002264,0.0020589366666666684,0.0020936433333333354,0.0022025300000000077,0.002250573333333336
0.928,0.001766,0.001794,0.001803,0.001811,0.001841,0.001889,0.001912,0.001938,0.001943,0.001967,0.001985,0.002002,0.002027,0.002055,0.002091,0.002201,0.002252,0.00205179333333333,0.0020858466666666647,0.002188630000000004,0.0022350533333333356
0.932,0.001767,0.001794,0.001803,0.001811,0.00184,0.001886,0.001909,0.001935,0.001939,0.001963,0.00198,0.001997,0.002022,0.002049,0.002083,0.002189,0.00224,0.0020458300000000024,0.0020777166666666605,0.0021749166666666635,0.0022208200000000083
0.936,0.001767,0.001794,0.001803,0.001811,0.001839,0.001884,0.001906,0.001931,0.001936,0.001959,0.001976,0.001992,0.002016,0.002043,0.002076,0.002177,0.002228,0.0020405000000000045,0.0020710400000000006,0.0021627966666666622,0.00220748333333334
0.94,0.001768,0.001794,0.001803,0.001811,0.001838,0.001881,0.001903,0.001928,0.001933,0.001955,0.001972,0.001988,0.002011,0.002038,0.00207,0.002166,0.002217,0.002036386666666662,0.002066983333333337,0.0021573000000000013,0.002203266666666676
0.944,0.001768,0.001795,0.001804,0.001812,0.001837,0.001879,0.0019,0.001925,0.00193,0.001951,0.001968,0.001983,0.002006,0.002032,0.002063,0.002155,0.002206,0.002030253333333332,0.002059896666666665,0.0021480866666666715,0.0021961800000000033
0.948,0.001769,0.001795,0.001804,0.001812,0.001836,0.001878,0.001898,0.001922,0.001928,0.001948,0.001964,0.001979,0.002002,0.002027,0.002056,0.002145,0.002195,0.0020258733333333337,0.00205402666666666,0.0021383766666666633,0.0021856933333333274
0.952,0.001769,0.001795,0.001804,0.001812,0.001836,0.001876,0.001896,0.00192,0.001925,0.001945,0.001961,0.001975,0.001997,0.002021,0.00205,0.002134,0.002184,0.0020214133333333367,0.0020488633333333303,0.002130933333333335,0.00217893
0.956,0.00177,0.001796,0.001805,0.001813,0.001836,0.001875,0.001894,0.001917,0.001923,0.001941,0.001957,0.001971,0.001993,0.002016,0.002044,0.002125,0.002174,0.002016933333333341,0.0020430099999999983,0.002121513333333331,0.0021680733333333375
0.96,0.001771,0.001796,0.001805,0.001814,0.001836,0.001873,0.001892,0.001915,0.00192,0.001939,0.001954,0.001968,0.001989,0.002012,0.002038,0.002115,0.002164,0.002011876666666672,0.0020368633333333283,0.0021121399999999933,0.0021593666666666735
0.964,0.001772,0.001797,0.001806,0.001814,0.001836,0.001872,0.00189,0.001913,0.001918,0.001936,0.001951,0.001965,0.001985,0.002007,0.002033,0.002106,0.002154,0.002007279999999993,0.00203259333333333,0.0021053466666666725,0.002152576666666662
0.968,0.001773,0.001798,0.001807,0.001815,0.001836,0.001871,0.001889,0.001911,0.001916,0.001933,0.001949,0.001961,0.001981,0.002003,0.002027,0.002098,0.002145,0.0020023666666666566,0.002026120000000001,0.002095740000000002,0.0021418199999999987
0.972,0.001775,0.001799,0.001808,0.001816,0.001836,0.00187,0.001887,0.001909,0.001915,0.001931,0.001946,0.001959,0.001977,0.001999,0.002022,0.00209,0.002136,0.0019986299999999895,0.0020216133333333347,0.002088600000000001,0.002133916666666676
0.976,0.001776,0.001799,0.001809,0.001817,0.001837,0.00187,0.001886,0.001908,0.001913,0.001929,0.001944,0.001956,0.001974,0.001995,0.002018,0.002082,0.002128,0.0019951066666666663,0.0020176300000000003,0.002081706666666664,0.0021270966666666756
0.98,0.001777,0.0018,0.00181,0.001818,0.001838,0.001869,0.001885,0.001906,0.001912,0.001927,0.001941,0.001953,0.001971,0.001992,0.002014,0.002075,0.00212,0.001992036666666663,0.002013293333333331,0.0020743033333333366,0.00211863333333334
0.984,0.001779,0.001802,0.001811,0.001819,0.001839,0.001869,0.001884,0.001905,0.00191,0.001925,0.001939,0.001951,0.001968,0.001988,0.002009,0.002068,0.002112,0.0019871633333333294,0.002007596666666667,0.002065979999999999,0.002109256666666671
0.988,0.00178,0.001803,0.001812,0.00182,0.001839,0.001869,0.001884,0.001904,0.001909,0.001924,0.001937,0.001949,0.001966,0.001985,0.002005,0.002062,0.002105,0.001984630000000002,0.0020040799999999997,0.002060506666666669,0.002102743333333341
0.992,0.001781,0.001804,0.001813,0.001821,0.00184,0.001868,0.001883,0.001903,0.001908,0.001922,0.001936,0.001947,0.001963,0.001982,0.002001,0.002056,0.002098,0.0019814366666666672,0.0020002033333333326,0.0020546999999999957,0.0020962000000000016
0.996,0.001783,0.001805,0.001814,0.001822,0.001841,0.001868,0.001882,0.001902,0.001907,0.001921,0.001934,0.001945,0.001961,0.001979,0.001998,0.00205,0.002091,0.0019784733333333294,0.001996966666666673,0.0020488133333333314,0.002089139999999998
1.0,0.001784,0.001806,0.001815,0.001823,0.001842,0.001868,0.001882,0.001901,0.001906,0.00192,0.001932,0.001943,0.001958,0.001976,0.001994,0.002045,0.002085,0.0019755399999999926,0.001993543333333338,0.0020438233333333346,0.0020829533333333364
1.004,0.001786,0.001807,0.001816,0.001824,0.001843,0.001868,0.001882,0.0019,0.001906,0.001918,0.001931,0.001941,0.001956,0.001973,0.001991,0.002039,0.002079,0.001973053333333332,0.001990556666666668,0.0020387166666666727,0.002077406666666671
1.008,0.001787,0.001808,0.001818,0.001826,0.001844,0.001868,0.001881,0.0019,0.001905,0.001917,0.00193,0.00194,0.001954,0.001971,0.001988,0.002035,0.002073,0.001971279999999995,0.0019882933333333287,0.002035063333333338,0.0020729933333333314
1.012,0.001789,0.00181,0.001819,0.001827,0.001846,0.001869,0.001881,0.001899,0.001904,0.001916,0.001928,0.001938,0.001953,0.001969,0.001985,0.00203,0.002067,0.0019688933333333347,0.001984703333333334,0.00202861333333333,0.002064383333333332
1.016,0.00179,0.001811,0.00182,0.001828,0.001847,0.001869,0.001881,0.001899,0.001904,0.001916,0.001928,0.001937,0.001951,0.001967,0.001983,0.002025,0.002061,0.0019675566666666703,0.00198298,0.0020251700000000054,0.0020599433333333256
1.02,0.001792,0.001812,0.001821,0.001829,0.001848,0.00187,0.001881,0.001899,0.001904,0.001915,0.001927,0.001936,0.001949,0.001965,0.00198,0.002021,0.002056,0.0019650933333333308,0.0019799999999999944,0.0020213133333333378,0.0020550633333333264
1.024,0.001794,0.001814,0.001823,0.001831,0.00185,0.00187,0.001882,0.001898,0.001903,0.001914,0.001926,0.001935,0.001948,0.001963,0.001977,0.002017,0.00205,0.001962403333333335,0.0019765433333333356,0.002016403333333335,0.002048333333333331
1.028,0.001795,0.001815,0.001824,0.001832,0.001851,0.001871,0.001882,0.001898,0.001903,0.001914,0.001925,0.001934,0.001946,0.00196,0.001975,0.002013,0.002045,0.001960483333333334,0.0019750566666666644,0.00201338,0.0020448000000000003
1.032,0.001797,0.001816,0.001825,0.001833,0.001853,0.001871,0.001883,0.001898,0.001903,0.001913,0.001924,0.001933,0.001945,0.001959,0.001972,0.002009,0.00204,0.001958613333333331,0.001971653333333327,0.0020089866666666654,0.0020387066666666684
1.036,0.001799,0.001818,0.001827,0.001835,0.001855,0.001872,0.001883,0.001898,0.001903,0.001913,0.001923,0.001932,0.001943,0.001957,0.00197,0.002006,0.002035,0.00195664666666666,0.0019693766666666755,0.002005129999999996,0.0020330366666666713
1.04,0.001801,0.00182,0.001829,0.001836,0.001857,0.001873,0.001884,0.001899,0.001903,0.001913,0.001923,0.001931,0.001942,0.001955,0.001968,0.002002,0.002031,0.0019548466666666677,0.0019672133333333407,0.0020015166666666603,0.002029203333333335
1.044,0.001803,0.001822,0.00183,0.001838,0.001858,0.001874,0.001884,0.001899,0.001903,0.001913,0.001922,0.001931,0.001941,0.001954,0.001966,0.001999,0.002026,0.0019537400000000037,0.0019657633333333415,0.001998493333333323,0.0020247166666666604
1.048,0.001805,0.001823,0.001832,0.001839,0.00186,0.001875,0.001885,0.001899,0.001904,0.001913,0.001922,0.00193,0.001941,0.001953,0.001964,0.001996,0.002022,0.0019527066666666629,0.001963800000000004,0.0019954366666666656,0.0020205733333333352
1.052,0.001807,0.001825,0.001833,0.001841,0.001862,0.001876,0.001886,0.0019,0.001904,0.001913,0.001922,0.00193,0.00194,0.001952,0.001963,0.001993,0.002018,0.0019519499999999979,0.001962796666666669,0.0019930866666666735,0.002017590000000001
1.056,0.001809,0.001827,0.001835,0.001843,0.001864,0.001878,0.001887,0.001901,0.001905,0.001913,0.001922,0.00193,0.00194,0.001951,0.001961,0.001991,0.002014,0.0019508133333333336,0.0019609133333333296,0.001990633333333337,0.002013423333333332
1.06,0.001811,0.001829,0.001837,0.001845,0.001867,0.001879,0.001889,0.001902,0.001906,0.001914,0.001923,0.00193,0.00194,0.00195,0.00196,0.001989,0.002011,0.0019501933333333384,0.001959993333333333,0.0019886666666666724,0.0020099066666666625
1.064,0.001813,0.001831,0.001839,0.001846,0.001869,0.001881,0.00189,0.001903,0.001907,0.001915,0.001923,0.001931,0.001939,0.00195,0.001959,0.001987,0.002008,0.001949030000000005,0.001957686666666667,0.0019846500000000014,0.002004553333333336
1.068,0.001816,0.001833,0.001841,0.001848,0.001872,0.001883,0.001892,0.001904,0.001908,0.001916,0.001924,0.001931,0.00194,0.00195,0.001959,0.001985,0.002005,0.001949430000000005,0.0019579266666666663,0.001983883333333337,0.0020030199999999986
1.072,0.001818,0.001835,0.001843,0.00185,0.001875,0.001885,0.001894,0.001906,0.001909,0.001917,0.001925,0.001932,0.00194,0.00195,0.001958,0.001984,0.002003,0.0019494666666666713,0.001957360000000004,0.0019829466666666648,0.0020013233333333255
1.076,0.001821,0.001837,0.001846,0.001853,0.001878,0.001887,0.001896,0.001908,0.001911,0.001918,0.001926,0.001933,0.001941,0.00195,0.001958,0.001983,0.002001,0.0019493100000000038,0.0019568633333333376,0.0019810733333333343,0.001998189999999994
1.08,0.001824,0.00184,0.001848,0.001856,0.001881,0.00189,0.001899,0.00191,0.001913,0.00192,0.001928,0.001935,0.001942,0.001951,0.001959,0.001983,0.002,0.0019498899999999997,0.001957186666666667,0.0019796900000000014,0.001995446666666664
1.084,0.001828,0.001843,0.001851,0.001859,0.001884,0.001893,0.001902,0.001912,0.001915,0.001922,0.00193,0.001937,0.001944,0.001952,0.00196,0.001983,0.001999,0.0019510933333333328,0.0019584033333333323,0.0019805133333333333,0.001995553333333323
1.088,0.001831,0.001847,0.001855,0.001862,0.001888,0.001896,0.001905,0.001915,0.001918,0.001925,0.001932,0.001939,0.001946,0.001954,0.001961,0.001984,0.001999,0.0019533666666666726,0.0019600099999999964,0.001982096666666666,0.0019957999999999855
1.092,0.001835,0.00185,0.001858,0.001865,0.001893,0.001899,0.001909,0.001919,0.001921,0.001928,0.001935,0.001942,0.001948,0.001956,0.001963,0.001985,0.001999,0.0019556566666666694,0.0019625066666666673,0.0019838433333333365,0.0019966866666666526
1.096,0.001839,0.001854,0.001862,0.001869,0.001897,0.001903,0.001913,0.001922,0.001924,0.001931,0.001937,0.001945,0.001951,0.001958,0.001965,0.001986,0.001999,0.001956750000000003,0.0019627399999999975,0.0019819699999999996,0.001993329999999989
1.1,0.001843,0.001858,0.001866,0.001873,0.001902,0.001907,0.001917,0.001926,0.001928,0.001934,0.001941,0.001948,0.001954,0.001961,0.001968,0.001988,0.002,0.0019589633333333303,0.0019643400000000024,0.0019812999999999966,0.0019914333333333318
1.104,0.001848,0.001863,0.00187,0.001878,0.001907,0.001912,0.001922,0.00193,0.001933,0.001939,0.001945,0.001952,0.001957,0.001964,0.001971,0.00199,0.002002,0.0019625099999999998,0.0019673899999999938,0.001982993333333336,0.0019918499999999964
1.108,0.001853,0.001868,0.001875,0.001882,0.001912,0.001917,0.001927,0.001935,0.001937,0.001943,0.001949,0.001956,0.001961,0.001968,0.001974,0.001994,0.002004,0.0019660133333333357,0.001970459999999996,0.001987243333333338,0.001995580000000003
1.112,0.001859,0.001873,0.001881,0.001888,0.001918,0.001922,0.001932,0.00194,0.001942,0.001948,0.001954,0.001961,0.001965,0.001972,0.001978,0.001997,0.002008,0.001969839999999994,0.0019744699999999977,0.0019909300000000084,0.0019993900000000063
1.116,0.001865,0.001879,0.001886,0.001893,0.001925,0.001928,0.001938,0.001946,0.001948,0.001953,0.001959,0.001966,0.001971,0.001977,0.001983,0.002002,0.002012,0.0019743333333333366,0.001978100000000001,0.0019929266666666627,0.001999643333333341
1.12,0.001871,0.001885,0.001893,0.0019,0.001932,0.001935,0.001945,0.001952,0.001954,0.00196,0.001965,0.001972,0.001976,0.001983,0.001989,0.002007,0.002016,0.0019803366666666694,0.0019843366666666734,0.0019990033333333285,0.002004876666666674
1.124,0.001878,0.001892,0.0019,0.001907,0.00194,0.001942,0.001952,0.001959,0.001961,0.001966,0.001972,0.001979,0.001983,0.001989,0.001995,0.002013,0.002022,0.0019868500000000066,0.0019912133333333374,0.002006479999999999,0.0020134666666666717
1.128,0.001885,0.001899,0.001907,0.001914,0.001948,0.00195,0.00196,0.001967,0.001969,0.001974,0.00198,0.001987,0.00199,0.001996,0.002002,0.00202,0.002028,0.001993960000000002,0.0019980799999999967,0.002013896666666675,0.0020198433333333296
1.132,0.001893,0.001907,0.001915,0.001923,0.001957,0.001959,0.001969,0.001976,0.001978,0.001983,0.001988,0.001995,0.001998,0.002004,0.00201,0.002028,0.002035,0.0020005766666666724,0.002004276666666666,0.0020181166666666662,0.0020229000000000033
1.136,0.001902,0.001916,0.001924,0.001932,0.001967,0.001968,0.001979,0.001985,0.001987,0.001992,0.001997,0.002004,0.002007,0.002013,0.002018,0.002036,0.002043,0.002009613333333333,0.002012906666666667,0.0020263700000000004,0.002030540000000007
1.14,0.001912,0.001926,0.001934,0.001942,0.001977,0.001979,0.001989,0.001996,0.001997,0.002002,0.002007,0.002014,0.002017,0.002023,0.002028,0.002045,0.002052,0.0020201766666666644,0.002023766666666665,0.002037356666666666,0.002042530000000006
1.144,0.001922,0.001936,0.001944,0.001952,0.001988,0.00199,0.002,0.002007,0.002008,0.002013,0.002018,0.002025,0.002027,0.002033,0.002039,0.002056,0.002062,0.002029983333333332,0.0020339033333333393,0.00204659333333333,0.002050390000000003
1.148,0.001933,0.001947,0.001956,0.001963,0.002,0.002002,0.002012,0.002019,0.00202,0.002025,0.002029,0.002037,0.002039,0.002045,0.00205,0.002067,0.002073,0.0020412733333333324,0.002043819999999998,0.002056473333333335,0.0020593533333333296
1.152,0.001944,0.001959,0.001967,0.001975,0.002013,0.002014,0.002025,0.002032,0.002033,0.002037,0.002042,0.00205,0.002051,0.002057,0.002062,0.002079,0.002085,0.0020550066666666566,0.002057660000000006,0.002069060000000005,0.002072153333333335
1.156,0.001956,0.001971,0.00198,0.001988,0.002027,0.002028,0.002039,0.002045,0.002046,0.002051,0.002055,0.002063,0.002065,0.00207,0.002075,0.002092,0.002097,0.00206818666666667,0.002071240000000002,0.002083419999999995,0.0020860700000000037
1.16,0.00197,0.001985,0.001993,0.002002,0.002041,0.002042,0.002053,0.002059,0.00206,0.002065,0.002069,0.002077,0.002079,0.002084,0.002089,0.002106,0.002111,0.0020822333333333234,0.0020847000000000036,0.0020962200000000045,0.0020991899999999895
1.164,0.001983,0.001998,0.002007,0.002016,0.002056,0.002057,0.002068,0.002074,0.002075,0.00208,0.002084,0.002092,0.002093,0.002099,0.002104,0.002121,0.002125,0.0020956899999999973,0.0020980533333333305,0.0021101300000000043,0.0021116233333333336
1.168,0.001997,0.002013,0.002022,0.00203,0.002071,0.002072,0.002084,0.00209,0.00209,0.002095,0.002099,0.002108,0.002109,0.002114,0.002119,0.002136,0.00214,0.0021118366666666617,0.002115009999999993,0.002127226666666677,0.002129876666666665
1.172,0.002012,0.002027,0.002037,0.002045,0.002086,0.002088,0.002099,0.002106,0.002106,0.002111,0.002115,0.002124,0.002124,0.00213,0.002135,0.002152,0.002156,0.0021266633333333314,0.0021292133333333327,0.0021418766666666702,0.0021437633333333365
1.176,0.002027,0.002042,0.002052,0.002061,0.002103,0.002104,0.002116,0.002122,0.002123,0.002128,0.002132,0.00214,0.002141,0.002146,0.002152,0.002169,0.002173,0.002143313333333326,0.002146433333333336,0.0021590933333333253,0.002160279999999991
1.18,0.002042,0.002058,0.002068,0.002077,0.00212,0.002121,0.002133,0.00214,0.00214,0.002145,0.002149,0.002158,0.002158,0.002164,0.002169,0.002187,0.00219,0.0021628666666666753,0.0021652266666666595,0.0021777133333333396,0.002179256666666676
1.184,0.002058,0.002075,0.002085,0.002093,0.002137,0.002139,0.002151,0.002157,0.002158,0.002162,0.002167,0.002176,0.002176,0.002182,0.002187,0.002205,0.002208,0.0021813366666666714,0.0021838000000000057,0.0021962000000000093,0.0021982333333333296
1.188,0.002075,0.002091,0.002101,0.00211,0.002155,0.002156,0.002169,0.002175,0.002176,0.002181,0.002185,0.002194,0.002194,0.0022,0.002205,0.002223,0.002227,0.002199616666666658,0.002203453333333341,0.0022166633333333256,0.002218643333333326
1.192,0.002092,0.002108,0.002119,0.002128,0.002173,0.002174,0.002187,0.002194,0.002194,0.002199,0.002203,0.002213,0.002213,0.002218,0.002224,0.002242,0.002246,0.0022171666666666733,0.0022208333333333346,0.0022338799999999984,0.0022345433333333326
1.196,0.002109,0.002126,0.002136,0.002145,0.002191,0.002193,0.002206,0.002212,0.002213,0.002218,0.002222,0.002232,0.002232,0.002237,0.002243,0.002262,0.002265,0.0022323500000000045,0.002234859999999997,0.002249263333333328,0.0022472133333333298
1.2,0.002126,0.002143,0.002154,0.002163,0.002209,0.002211,0.002225,0.002232,0.002232,0.002237,0.002241,0.002251,0.002251,0.002256,0.002262,0.002282,0.002285,0.002255293333333333,0.002258899999999994,0.002272953333333337,0.002273223333333327
1.204,0.002144,0.002161,0.002172,0.002181,0.002228,0.00223,0.002244,0.002251,0.002251,0.002256,0.00226,0.002271,0.00227,0.002276,0.002282,0.002302,0.002305,0.0022757399999999888,0.0022796900000000065,0.0022941133333333435,0.0022955066666666677
1.208,0.002162,0.002179,0.002191,0.0022,0.002248,0.002249,0.002263,0.00227,0.00227,0.002276,0.00228,0.002291,0.00229,0.002296,0.002302,0.002322,0.002326,0.0022951033333333333,0.0022990433333333455,0.0023142600000000076,0.002317436666666671
1.212,0.00218,0.002198,0.002209,0.002219,0.002267,0.002269,0.002283,0.00229,0.00229,0.002295,0.0023,0.002311,0.00231,0.002316,0.002322,0.002343,0.002347,0.002313756666666664,0.0023171566666666745,0.002331843333333329,0.002334399999999993
1.216,0.002199,0.002216,0.002228,0.002238,0.002286,0.002288,0.002303,0.00231,0.00231,0.002315,0.00232,0.002331,0.00233,0.002337,0.002343,0.002365,0.002368,0.0023307600000000038,0.0023340133333333304,0.0023482599999999926,0.002348263333333335
1.22,0.002218,0.002235,0.002247,0.002257,0.002306,0.002308,0.002323,0.00233,0.00233,0.002336,0.00234,0.002352,0.002351,0.002358,0.002364,0.002387,0.00239,0.002357346666666669,0.0023614199999999995,0.002376466666666664,0.002372630000000003
1.224,0.002236,0.002255,0.002266,0.002277,0.002326,0.002329,0.002344,0.002351,0.00235,0.002356,0.002361,0.002373,0.002372,0.002379,0.002386,0.002409,0.002413,0.002376650000000007,0.0023805966666666655,0.002395109999999996,0.00239495
1.228,0.002256,0.002274,0.002286,0.002296,0.002346,0.002349,0.002365,0.002372,0.002371,0.002377,0.002382,0.002395,0.002394,0.002401,0.002408,0.002432,0.002436,0.0023961366666666586,0.002399386666666664,0.0024131733333333295,0.0024147233333333316
1.232,0.002275,0.002294,0.002306,0.002316,0.002367,0.00237,0.002386,0.002393,0.002392,0.002399,0.002403,0.002417,0.002416,0.002423,0.002431,0.002454,0.002457,0.0024188233333333267,0.0024223966666666614,0.0024358533333333297,0.0024371900000000044
1.236,0.002295,0.002314,0.002326,0.002336,0.002388,0.002391,0.002407,0.002415,0.002414,0.002421,0.002425,0.002439,0.002437,0.002444,0.002452,0.002474,0.002477,0.00244027,0.0024432700000000056,0.0024549366666666577,0.0024574633333333275
1.24,0.002315,0.002334,0.002346,0.002357,0.002409,0.002413,0.002429,0.002436,0.002435,0.002442,0.002446,0.002459,0.002457,0.002463,0.002471,0.002491,0.002494,0.0024631333333333294,0.002467313333333334,0.0024804166666666737,0.002483396666666665
1.244,0.002335,0.002355,0.002367,0.002378,0.002431,0.002433,0.002449,0.002455,0.002455,0.002461,0.002466,0.002477,0.002475,0.00248,0.002488,0.002507,0.00251,0.00247805666666667,0.00248240333333334,0.002494940000000006,0.0024958066666666734
1.248,0.002356,0.002376,0.002388,0.002399,0.002451,0.002453,0.002467,0.002473,0.002472,0.002477,0.002483,0.002493,0.002491,0.002495,0.002503,0.002523,0.002525,0.0024901233333333426,0.0024932900000000013,0.002503876666666676,0.002504103333333332
1.252,0.002377,0.002396,0.002408,0.002418,0.002468,0.002469,0.002483,0.002488,0.002487,0.002492,0.002498,0.002507,0.002505,0.00251,0.002518,0.00254,0.002542,0.0025107166666666725,0.002513990000000005,0.002526733333333325,0.002528476666666672
1.256,0.002398,0.002415,0.002426,0.002435,0.002483,0.002484,0.002497,0.002502,0.002501,0.002506,0.002511,0.002522,0.00252,0.002525,0.002534,0.002557,0.002559,0.0025219066666666663,0.0025268733333333395,0.002542253333333336,0.0025442399999999923
1.26,0.002416,0.002431,0.002442,0.00245,0.002497,0.002497,0.002512,0.002516,0.002515,0.002521,0.002526,0.002538,0.002536,0.002541,0.00255,0.002574,0.002577,0.002538636666666672,0.0025438133333333455,0.0025602066666666635,0.002562126666666678
1.264,0.002433,0.002446,0.002456,0.002463,0.002511,0.002512,0.002527,0.002532,0.002531,0.002537,0.002541,0.002554,0.002552,0.002558,0.002567,0.002591,0.002594,0.0025572133333333245,0.0025625566666666578,0.0025788966666666713,0.0025819699999999933
1.268,0.002447,0.002459,0.002469,0.002477,0.002526,0.002527,0.002543,0.002548,0.002547,0.002553,0.002557,0.002571,0.002568,0.002574,0.002584,0.002608,0.002611,0.0025725333333333302,0.0025788033333333338,0.002594246666666678,0.002596516666666667
1.272,0.002461,0.002473,0.002483,0.002492,0.002541,0.002543,0.002559,0.002564,0.002563,0.002569,0.002573,0.002587,0.002584,0.002591,0.0026,0.002625,0.002628,0.00259061333333334,0.0025959266666666717,0.002612849999999994,0.0026163499999999934
1.276,0.002475,0.002488,0.002498,0.002507,0.002557,0.002559,0.002575,0.00258,0.002578,0.002585,0.002589,0.002603,0.0026,0.002607,0.002617,0.002642,0.002645,0.0026051633333333464,0.0026106099999999915,0.002628003333333338,0.002634053333333337
1.28,0.00249,0.002504,0.002513,0.002523,0.002573,0.002575,0.002591,0.002595,0.002594,0.002601,0.002604,0.002619,0.002616,0.002623,0.002633,0.002659,0.002661,0.002621630000000007,0.002627003333333329,0.002645463333333329,0.002650753333333345
1.284,0.002506,0.002519,0.002529,0.002538,0.002589,0.00259,0.002606,0.002611,0.00261,0.002616,0.00262,0.002635,0.002632,0.002638,0.002649,0.002675,0.002677,0.0026365600000000026,0.0026426366666666722,0.0026603466666666616,0.002665263333333341
1.288,0.002522,0.002535,0.002544,0.002554,0.002604,0.002606,0.002622,0.002627,0.002625,0.002632,0.002636,0.00265,0.002648,0.002654,0.002665,0.002691,0.002693,0.0026540566666666755,0.002660403333333333,0.0026788799999999994,0.002682476666666653
1.292,0.002537,0.00255,0.00256,0.002569,0.00262,0.002621,0.002638,0.002642,0.00264,0.002647,0.002651,0.002666,0.002663,0.002669,0.00268,0.002706,0.002709,0.0026696233333333365,0.002675386666666671,0.0026931833333333245,0.0026999299999999906
1.296,0.002552,0.002565,0.002575,0.002584,0.002634,0.002636,0.002653,0.002657,0.002655,0.002662,0.002666,0.00268,0.002678,0.002684,0.002695,0.002721,0.002724,0.0026831333333333374,0.002690093333333334,0.0027097499999999865,0.0027135499999999873
1.3,0.002567,0.00258,0.00259,0.002599,0.002649,0.002651,0.002667,0.002671,0.002669,0.002676,0.00268,0.002695,0.002692,0.002698,0.002709,0.002736,0.002739,0.0026964899999999898,0.00270305666666666,0.002722853333333324,0.0027262766666666734
1.304,0.002582,0.002595,0.002604,0.002613,0.002663,0.002665,0.002681,0.002685,0.002684,0.00269,0.002694,0.002709,0.002706,0.002712,0.002723,0.002751,0.002753,0.0027113466666666753,0.0027185033333333363,0.0027397933333333222,0.0027427900000000036
1.308,0.002596,0.002609,0.002618,0.002627,0.002678,0.002679,0.002695,0.002699,0.002698,0.002704,0.002708,0.002723,0.00272,0.002726,0.002738,0.002765,0.002768,0.0027236700000000027,0.002731560000000007,0.0027518866666666713,0.0027534333333333284
1.312,0.002611,0.002623,0.002633,0.002642,0.002692,0.002693,0.002709,0.002713,0.002712,0.002718,0.002722,0.002737,0.002734,0.00274,0.002752,0.002779,0.002782,0.002737569999999996,0.0027446866666666603,0.0027640699999999896,0.0027671266666666554
1.316,0.002625,0.002637,0.002647,0.002656,0.002706,0.002707,0.002724,0.002727,0.002725,0.002732,0.002735,0.002751,0.002747,0.002754,0.002766,0.002793,0.002796,0.0027511533333333393,0.0027587900000000075,0.002778053333333341,0.002778486666666672
1.32,0.002639,0.002652,0.002661,0.00267,0.00272,0.002722,0.002738,0.002741,0.002739,0.002746,0.002749,0.002765,0.002761,0.002768,0.002779,0.002807,0.002809,0.002765413333333331,0.002771906666666657,0.0027917100000000067,0.002791723333333327
1.324,0.002653,0.002666,0.002675,0.002685,0.002734,0.002736,0.002752,0.002755,0.002753,0.002759,0.002763,0.002779,0.002775,0.002781,0.002793,0.00282,0.002823,0.002778943333333339,0.0027864866666666758,0.0028057300000000106,0.0028069433333333424
1.328,0.002667,0.00268,0.002689,0.002699,0.002748,0.00275,0.002765,0.002768,0.002766,0.002773,0.002776,0.002792,0.002788,0.002794,0.002806,0.002833,0.002836,0.0027911899999999933,0.0027984666666666562,0.0028165599999999914,0.002816673333333322
1.332,0.002682,0.002694,0.002703,0.002713,0.002762,0.002763,0.002779,0.002781,0.002779,0.002786,0.002789,0.002805,0.002801,0.002807,0.002819,0.002846,0.002849,0.002804423333333336,0.0028111600000000035,0.002828660000000006,0.00282956333333333
1.336,0.002696,0.002708,0.002717,0.002727,0.002776,0.002777,0.002792,0.002794,0.002792,0.002799,0.002802,0.002818,0.002814,0.00282,0.002832,0.00286,0.002862,0.0028178866666666745,0.0028251633333333205,0.0028439699999999895,0.002844463333333339
1.34,0.00271,0.002723,0.002731,0.002741,0.002789,0.00279,0.002806,0.002808,0.002806,0.002812,0.002815,0.002831,0.002827,0.002833,0.002845,0.002873,0.002876,0.002830059999999989,0.0028372933333333248,0.0028564400000000018,0.002857913333333326
1.344,0.002724,0.002737,0.002745,0.002755,0.002803,0.002804,0.002819,0.002821,0.002819,0.002825,0.002829,0.002844,0.00284,0.002846,0.002858,0.002886,0.002889,0.002843296666666672,0.002850400000000012,0.002868953333333344,0.002870859999999999
1.348,0.002739,0.002751,0.002759,0.002769,0.002817,0.002818,0.002833,0.002835,0.002833,0.002839,0.002842,0.002858,0.002854,0.00286,0.002872,0.0029,0.002903,0.0028568366666666583,0.002864003333333332,0.0028828333333333375,0.002884763333333326
1.352,0.002753,0.002766,0.002773,0.002783,0.002831,0.002832,0.002847,0.002849,0.002847,0.002853,0.002856,0.002872,0.002867,0.002873,0.002885,0.002914,0.002916,0.002870263333333342,0.0028768900000000143,0.0028958899999999878,0.0028983400000000023
1.356,0.002768,0.00278,0.002788,0.002798,0.002845,0.002847,0.002861,0.002863,0.002861,0.002866,0.00287,0.002885,0.002881,0.002887,0.002899,0.002927,0.00293,0.002883629999999991,0.002890969999999994,0.0029100900000000062,0.002912413333333327
1.36,0.002783,0.002795,0.002803,0.002813,0.00286,0.002861,0.002875,0.0028770000000000002,0.002875,0.00288,0.002884,0.002899,0.002895,0.002901,0.002913,0.002941,0.002944,0.0028966133333333355,0.002903013333333344,0.0029203266666666676,0.002922833333333324
1.364,0.002798,0.00281,0.002818,0.002828,0.002874,0.002876,0.00289,0.002891,0.002889,0.002894,0.002898,0.002914,0.002909,0.002915,0.002927,0.002955,0.002958,0.00291227,0.002918986666666673,0.0029371033333333465,0.0029402533333333426
1.368,0.002813,0.002825,0.002833,0.002842,0.002889,0.00289,0.002904,0.002906,0.002903,0.002909,0.002912,0.002928,0.002923,0.002929,0.002941,0.002969,0.002972,0.002925656666666659,0.0029332633333333325,0.0029527899999999994,0.0029546233333333197
1.372,0.002829,0.002841,0.002848,0.002858,0.002904,0.002905,0.002919,0.00292,0.002918,0.002923,0.002926,0.002942,0.002937,0.002943,0.002955,0.002984,0.002987,0.0029397533333333416,0.0029466866666666793,0.0029656166666666593,0.0029665133333333224
1.376,0.002844,0.002856,0.002864,0.002873,0.002919,0.00292,0.002934,0.002935,0.002932,0.002938,0.002941,0.002956,0.002952,0.002958,0.00297,0.002999,0.003002,0.0029551500000000105,0.002961653333333338,0.0029801533333333233,0.0029843499999999855
1.38,0.00286,0.002872,0.002879,0.002889,0.002934,0.002936,0.002949,0.00295,0.002947,0.002953,0.002956,0.002972,0.002966,0.002973,0.002985,0.003014,0.003017,0.0029702600000000028,0.0029773033333333376,0.0029974633333333237,0.0030016233333333463
1.384,0.002876,0.002888,0.002895,0.002905,0.00295,0.002951,0.002965,0.002966,0.002963,0.002968,0.002972,0.002987,0.002982,0.002988,0.003,0.003029,0.003032,0.002985556666666658,0.002992576666666665,0.0030116099999999897,0.0030146533333333418
1.388,0.002893,0.002905,0.002911,0.002921,0.002966,0.002968,0.002981,0.002982,0.002979,0.002984,0.002987,0.003002,0.002997,0.003003,0.003015,0.003044,0.003048,0.0030008166666666545,0.0030081866666666584,0.0030290666666666784,0.003031923333333348
1.392,0.00291,0.002922,0.002928,0.002938,0.002983,0.002984,0.002997,0.002998,0.002995,0.003,0.003003,0.003018,0.003013,0.003019,0.003031,0.00306,0.003063,0.0030147633333333286,0.0030199333333333356,0.003036416666666656,0.003040246666666674
1.396,0.002927,0.002939,0.002945,0.002955,0.002999,0.003001,0.003013,0.003014,0.003011,0.003016,0.003019,0.003034,0.003029,0.003034,0.003046,0.003076,0.003079,0.0030313966666666568,0.0030380033333333306,0.00305883999999999,0.003063906666666682
1.4,0.002944,0.002956,0.002962,0.002972,0.003015,0.003017,0.003029,0.00303,0.003026,0.003031,0.003034,0.003049,0.003044,0.00305,0.003062,0.003092,0.003095,0.003046766666666664,0.0030541400000000055,0.0030756399999999897,0.0030784233333333217
1.404,0.002962,0.002973,0.002979,0.002989,0.003032,0.003033,0.003046,0.003046,0.003042,0.003048,0.00305,0.003066,0.00306,0.003066,0.003078,0.003108,0.003111,0.0030656300000000045,0.0030734466666666777,0.003095269999999999,0.003094193333333322
1.408,0.00298,0.002991,0.002997,0.003006,0.003049,0.00305,0.003062,0.003063,0.003059,0.003064,0.003067,0.003082,0.003076,0.003082,0.003095,0.003124,0.003128,0.0030794366666666703,0.0030865366666666567,0.0031060666666666687,0.0031090933333333412
1.412,0.002997,0.003009,0.003014,0.003023,0.003066,0.003067,0.00308,0.00308,0.003076,0.00308,0.003083,0.003099,0.003093,0.003099,0.003111,0.003141,0.003145,0.003097896666666654,0.003105426666666652,0.0031265299999999933,0.003127823333333317
1.416,0.003015,0.003026,0.003032,0.003041,0.003083,0.003085,0.003097,0.003097,0.003093,0.003097,0.0031,0.003116,0.00311,0.003115,0.003128,0.003158,0.003162,0.003115696666666657,0.0031227366666666725,0.0031429433333333293,0.003144729999999996
1.42,0.003033,0.003045,0.00305,0.003059,0.003101,0.003103,0.003115,0.003115,0.00311,0.003114,0.003118,0.003133,0.003127,0.003133,0.003145,0.003175,0.003179,0.0031338000000000104,0.003139896666666655,0.0031587866666666752,0.0031592300000000077
1.424,0.003052,0.003063,0.003068,0.003078,0.003119,0.003121,0.003132,0.003132,0.003127,0.003132,0.003135,0.00315,0.003144,0.00315,0.003162,0.003193,0.003197,0.0031499699999999933,0.0031574700000000008,0.0031766233333333322,0.003177060000000003
1.428,0.003071,0.003082,0.003087,0.003097,0.003137,0.003139,0.00315,0.00315,0.003145,0.00315,0.003153,0.003168,0.003162,0.003167,0.00318,0.003211,0.003215,0.0031664966666666724,0.003175596666666653,0.00319651666666666,0.0031951966666666563
1.432,0.00309,0.003101,0.003106,0.003115,0.003155,0.003157,0.003169,0.003168,0.003163,0.003168,0.003171,0.003186,0.00318,0.003185,0.003198,0.003229,0.003233,0.0031848299999999957,0.0031937700000000085,0.0032146466666666757,0.003215330000000009
1.436,0.00311,0.00312,0.003125,0.003134,0.003174,0.003176,0.003187,0.003186,0.003181,0.003186,0.003189,0.003204,0.003197,0.003203,0.003216,0.003247,0.003251,0.0032012399999999876,0.003209873333333334,0.003231123333333331,0.003231816666666666
1.44,0.003129,0.003139,0.003144,0.003153,0.003193,0.003195,0.003205,0.003205,0.0032,0.003204,0.003207,0.003222,0.003215,0.003221,0.003234,0.003265,0.00327,0.0032179566666666716,0.003226116666666653,0.0032464566666666576,0.0032494199999999977
1.444,0.003149,0.003159,0.003163,0.003173,0.003211,0.003214,0.003224,0.003224,0.003218,0.003223,0.003226,0.003241,0.003234,0.003239,0.003252,0.003284,0.003289,0.0032380199999999955,0.0032454733333333436,0.0032658233333333238,0.003268079999999996
1.448,0.003169,0.003179,0.003183,0.003192,0.003231,0.003233,0.003243,0.003242,0.003237,0.003241,0.003245,0.003259,0.003253,0.003258,0.003271,0.003303,0.003307,0.003257136666666659,0.003264966666666673,0.003286313333333317,0.003287133333333317
1.452,0.003189,0.003199,0.003203,0.003212,0.00325,0.003253,0.003263,0.003262,0.003257,0.003261,0.003263,0.003279,0.003272,0.003277,0.00329,0.003322,0.003327,0.0032767899999999813,0.003285743333333338,0.0033086400000000168,0.0033108066666666615
1.456,0.00321,0.00322,0.003223,0.003233,0.00327,0.003273,0.003283,0.003281,0.003276,0.00328,0.003282,0.003298,0.003291,0.003296,0.003309,0.003341,0.003346,0.0032950733333333257,0.003302676666666671,0.0033231866666666742,0.0033246266666666522
1.46,0.003231,0.00324,0.003244,0.003253,0.00329,0.003293,0.003303,0.003301,0.003296,0.003299,0.003302,0.003317,0.00331,0.003315,0.003328,0.00336,0.003365,0.003314939999999984,0.0033224799999999957,0.0033440066666666716,0.003345643333333324
1.464,0.003252,0.003261,0.003265,0.003274,0.003311,0.003313,0.003323,0.003322,0.003315,0.003319,0.003321,0.003337,0.00333,0.003334,0.003348,0.00338,0.003385,0.003335763333333319,0.0033437966666666763,0.00336572000000001,0.0033644033333333294
1.468,0.003274,0.003282,0.003285,0.003295,0.003331,0.003334,0.003343,0.003342,0.003335,0.003338,0.003341,0.003357,0.003349,0.003354,0.003367,0.0034,0.003405,0.003361333333333326,0.0033683200000000054,0.003383429999999987,0.0033776199999999983
1.472,0.003295,0.003304,0.003307,0.003316,0.003352,0.003354,0.003363,0.003362,0.003355,0.003359,0.003361,0.003377,0.003369,0.003374,0.003387,0.00342,0.003425,0.003378793333333328,0.0033863700000000083,0.0034034299999999903,0.003401316666666673
1.476,0.003317,0.003326,0.003328,0.003337,0.003373,0.003375,0.003384,0.003383,0.003376,0.003379,0.003382,0.003397,0.003389,0.003394,0.003407,0.00344,0.003445,0.0034003233333333373,0.0034076400000000147,0.003423136666666669,0.0034210566666666754
1.48,0.003339,0.003347,0.003349,0.003358,0.003393,0.003396,0.003405,0.003403,0.003396,0.003399,0.003402,0.003417,0.003409,0.003413,0.003427,0.00346,0.003465,0.003420650000000001,0.0034302233333333267,0.0034496400000000116,0.00344691666666668
1.484,0.003361,0.003369,0.003371,0.00338,0.003414,0.003417,0.003426,0.003424,0.003417,0.00342,0.003422,0.003437,0.003429,0.003433,0.003447,0.00348,0.003486,0.0034375766666666766,0.003446406666666658,0.003463550000000008,0.0034594499999999963
1.488,0.003384,0.003391,0.003393,0.003402,0.003435,0.003438,0.003447,0.003445,0.003437,0.00344,0.003442,0.003457,0.003449,0.003454,0.003468,0.003501,0.003507,0.003461583333333332,0.0034706100000000094,0.003489023333333326,0.0034848633333333396
1.492,0.003407,0.003414,0.003415,0.003424,0.003457,0.00346,0.003468,0.003466,0.003458,0.003461,0.003463,0.003478,0.00347,0.003475,0.003488,0.003522,0.003528,0.0034842866666666738,0.003493450000000009,0.0035134533333333415,0.003504823333333326
1.496,0.00343,0.003436,0.003437,0.003446,0.003478,0.003481,0.00349,0.003488,0.00348,0.003483,0.003484,0.0035,0.003491,0.003496,0.00351,0.003544,0.003549,0.003506063333333348,0.00351428,0.003529739999999996,0.0035216300000000113
1.5,0.003453,0.003459,0.003459,0.003469,0.0035,0.003503,0.003511,0.00351,0.003501,0.003505,0.003506,0.003522,0.003513,0.003517,0.003531,0.003565,0.003571,0.0035248799999999985,0.003533433333333318,0.003549446666666679,0.003541813333333327
