Voltage,1,2,3,5,10,15,20,25,30,40,50,60,80,100,120,200,250,100_pred,120_pred,200_pred,250_pred
-0.996,0.00244,0.00247,0.002481,0.002475,0.002486,0.002512,0.002488,0.002378,0.002474,0.002501,0.002505,0.002545,0.002499,0.002468,0.002454,0.002436,0.002415,0.002474086666666674,0.0024682733333333275,0.002454359999999995,0.00241942999999999
-0.992,0.002428,0.00246,0.002468,0.002463,0.002474,0.002501,0.002477,0.00237,0.002463,0.00249,0.002495,0.002534,0.002489,0.002456,0.002443,0.002426,0.002405,0.002457216666666674,0.00244962999999999,0.002434886666666671,0.0024041699999999924
-0.988,0.002415,0.002447,0.002455,0.00245,0.002461,0.002487,0.002463,0.002359,0.00245,0.002477,0.002483,0.00252,0.002475,0.002442,0.00243,0.002414,0.002393,0.002441860000000012,0.002435413333333339,0.0024212933333333446,0.002389193333333325
-0.984,0.002403,0.002436,0.002443,0.002438,0.002449,0.002475,0.002451,0.00235,0.002439,0.002465,0.002471,0.002507,0.002463,0.00243,0.002418,0.002401,0.002382,0.0024330866666666747,0.002427956666666672,0.00241385333333333,0.00238060333333333
-0.98,0.002391,0.002425,0.002432,0.002427,0.002438,0.002463,0.002441,0.002341,0.002428,0.002454,0.00246,0.002495,0.002451,0.002417,0.002407,0.002391,0.002371,0.0024171400000000043,0.0024109900000000074,0.0023967933333333335,0.0023689000000000045
-0.976,0.002381,0.002416,0.00242,0.002416,0.002427,0.002452,0.00243,0.002332,0.002418,0.002444,0.00245,0.002483,0.00244,0.002407,0.002397,0.002381,0.002361,0.0024075633333333402,0.0024010299999999954,0.0023867499999999995,0.00236035666666666
-0.972,0.002372,0.002407,0.00241,0.002406,0.002417,0.002442,0.00242,0.002325,0.002408,0.002434,0.00244,0.002474,0.00243,0.002397,0.002387,0.002371,0.002352,0.0023985799999999935,0.0023921333333333313,0.00237790333333334,0.0023516300000000073
-0.968,0.002362,0.002398,0.0024,0.002397,0.002408,0.002433,0.002411,0.002317,0.002399,0.002424,0.002431,0.002462,0.00242,0.002387,0.002378,0.002363,0.002343,0.0023873666666666647,0.0023819633333333275,0.0023683366666666715,0.0023409599999999957
-0.964,0.002354,0.002391,0.002393,0.00239,0.0024,0.002424,0.002403,0.002311,0.002391,0.002417,0.002423,0.002453,0.002412,0.002378,0.00237,0.002356,0.002335,0.002378713333333327,0.0023731733333333263,0.0023597933333333434,0.0023345433333333224
-0.96,0.002347,0.002383,0.002385,0.002382,0.002392,0.002416,0.002395,0.002305,0.002383,0.002409,0.002415,0.002444,0.002404,0.00237,0.002363,0.002348,0.002327,0.0023702766666666574,0.0023649633333333343,0.002351016666666675,0.002326299999999997
-0.956,0.002339,0.002376,0.002377,0.002372,0.002385,0.002408,0.002388,0.002298,0.002376,0.002401,0.002408,0.002435,0.002396,0.002362,0.002355,0.002341,0.00232,0.002361909999999991,0.0023571799999999987,0.0023440666666666703,0.0023182266666666603
-0.952,0.002333,0.00237,0.00237,0.002367,0.002378,0.002401,0.002381,0.002293,0.002369,0.002394,0.002402,0.002428,0.002389,0.002356,0.002349,0.002334,0.002314,0.002355050000000007,0.002350550000000002,0.002336996666666663,0.0023121133333333346
-0.948,0.002326,0.002364,0.002364,0.002363,0.002372,0.002395,0.002375,0.002288,0.002363,0.002388,0.002395,0.002421,0.002383,0.002348,0.002343,0.002329,0.002308,0.0023477700000000055,0.002344703333333328,0.0023317166666666747,0.0023057933333333275
-0.944,0.002321,0.002358,0.002358,0.002354,0.002366,0.002389,0.002369,0.002283,0.002357,0.002382,0.00239,0.002414,0.002377,0.002342,0.002337,0.002323,0.002302,0.0023421666666666617,0.0023391933333333365,0.00232619333333333,0.002300706666666677
-0.94,0.002315,0.002353,0.002352,0.002351,0.00236,0.002382,0.002364,0.002279,0.002352,0.002376,0.002384,0.002407,0.002371,0.002336,0.002332,0.002318,0.002297,0.002336893333333335,0.002334950000000001,0.0023221666666666686,0.002295936666666666
-0.936,0.00231,0.002348,0.002347,0.002345,0.002355,0.002377,0.002358,0.002274,0.002346,0.002371,0.002379,0.002401,0.002366,0.002331,0.002327,0.002312,0.002291,0.0023312000000000016,0.0023298399999999993,0.0023166166666666586,0.002289046666666672
-0.932,0.002306,0.002344,0.002342,0.00234,0.00235,0.002372,0.002353,0.002271,0.002342,0.002365,0.002374,0.002396,0.002361,0.002326,0.002322,0.002308,0.002287,0.0023263666666666757,0.0023244433333333395,0.002311453333333322,0.0022854700000000056
-0.928,0.002302,0.002339,0.002337,0.002336,0.002346,0.002367,0.002349,0.002267,0.002338,0.002361,0.00237,0.00239,0.002357,0.002322,0.002318,0.002304,0.002283,0.002322723333333342,0.002320490000000005,0.0023074233333333213,0.002282580000000004
-0.924,0.002298,0.002335,0.002333,0.002332,0.002341,0.002363,0.002345,0.002264,0.002333,0.002356,0.002365,0.002385,0.002352,0.002317,0.002314,0.002299,0.002278,0.0023177533333333406,0.0023160300000000054,0.002302756666666673,0.002278160000000004
-0.92,0.002294,0.002331,0.002329,0.002328,0.002338,0.002359,0.002341,0.002261,0.002329,0.002352,0.002361,0.00238,0.002348,0.002314,0.00231,0.002296,0.002275,0.0023147366666666715,0.0023125633333333367,0.002299566666666668,0.002274686666666678
-0.916,0.002291,0.002328,0.002326,0.002325,0.002334,0.002354,0.002337,0.002259,0.002326,0.002349,0.002358,0.002376,0.002343,0.00231,0.002306,0.002294,0.002271,0.0023106966666666686,0.002307749999999999,0.002296173333333341,0.0022713266666666778
-0.912,0.002288,0.002325,0.002322,0.002322,0.002331,0.002351,0.002334,0.002256,0.002322,0.002345,0.002354,0.002371,0.002341,0.002307,0.002304,0.002291,0.002267,0.002306563333333325,0.002305033333333323,0.0022928833333333357,0.0022653800000000074
-0.908,0.002285,0.002322,0.002319,0.002318,0.002328,0.002348,0.002331,0.002255,0.002319,0.002342,0.002351,0.002368,0.002337,0.002304,0.002301,0.002288,0.002264,0.0023039933333333213,0.0023024366666666643,0.0022904966666666637,0.002263000000000003
-0.904,0.002283,0.002319,0.002316,0.002316,0.002325,0.002345,0.002328,0.002253,0.002316,0.002338,0.002348,0.002363,0.002335,0.002301,0.002298,0.002286,0.002261,0.0023011866666666657,0.002299693333333339,0.002288133333333337,0.0022600766666666635
-0.9,0.002282,0.002318,0.002315,0.002313,0.002324,0.002344,0.002325,0.002251,0.002314,0.002336,0.002345,0.00236,0.002333,0.002299,0.002297,0.002285,0.002258,0.0022989233333333414,0.0022980466666666635,0.0022866066666666594,0.0022572433333333253
-0.896,0.00228,0.002315,0.002312,0.002311,0.002322,0.002342,0.002324,0.002251,0.002311,0.002334,0.002343,0.002357,0.002331,0.002296,0.002295,0.002283,0.002256,0.0022959499999999976,0.002296186666666673,0.002284966666666669,0.0022545800000000026
-0.892,0.002278,0.002313,0.00231,0.00231,0.00232,0.00234,0.002322,0.002249,0.002309,0.002331,0.002341,0.002354,0.002328,0.002294,0.002293,0.002282,0.002254,0.0022938100000000055,0.0022935299999999946,0.0022827333333333357,0.002252929999999992
-0.888,0.002277,0.002312,0.002309,0.002308,0.002318,0.002338,0.00232,0.002248,0.002307,0.00233,0.002339,0.002351,0.002328,0.002293,0.002292,0.002281,0.002252,0.002292623333333328,0.002292426666666662,0.002281793333333323,0.0022510266666666643
-0.884,0.002277,0.00231,0.002308,0.002307,0.002318,0.002337,0.002319,0.002248,0.002306,0.002329,0.002337,0.002349,0.002326,0.002292,0.002291,0.002281,0.00225,0.0022914366666666624,0.0022914133333333366,0.0022812366666666566,0.002249436666666655
-0.88,0.002276,0.002309,0.002307,0.002306,0.002317,0.002337,0.002318,0.002247,0.002305,0.002327,0.002336,0.002347,0.002325,0.00229,0.002291,0.00228,0.002249,0.0022897500000000027,0.002291216666666671,0.002280439999999991,0.0022481966666666586
-0.876,0.002275,0.002308,0.002306,0.002306,0.002316,0.002335,0.002317,0.002247,0.002304,0.002326,0.002335,0.002345,0.002325,0.002289,0.002291,0.00228,0.002247,0.002288949999999995,0.002291090000000003,0.0022802966666666574,0.002246803333333333
-0.872,0.002274,0.002307,0.002305,0.002305,0.002315,0.002334,0.002316,0.002247,0.002303,0.002325,0.002334,0.002343,0.002325,0.002288,0.00229,0.00228,0.002246,0.0022882999999999944,0.002290456666666673,0.0022803466666666567,0.002246093333333339
-0.868,0.002275,0.002307,0.002305,0.002306,0.002315,0.002335,0.002316,0.002247,0.002302,0.002325,0.002335,0.002342,0.002325,0.002288,0.002291,0.00228,0.002245,0.0022882533333333276,0.002291023333333337,0.0022803366666666563,0.0022454933333333395
-0.864,0.002276,0.002308,0.002306,0.002307,0.002317,0.002337,0.002317,0.002249,0.002303,0.002326,0.002335,0.002342,0.002326,0.002289,0.002292,0.002282,0.002246,0.002288983333333327,0.0022919366666666638,0.0022818666666666676,0.0022460933333333347
-0.86,0.002276,0.002308,0.002307,0.002307,0.002318,0.002337,0.002317,0.00225,0.002303,0.002325,0.002335,0.002342,0.002327,0.002288,0.002292,0.002282,0.002245,0.0022884699999999934,0.0022921866666666614,0.002282333333333335,0.0022453233333333423
-0.856,0.002276,0.002308,0.002307,0.002307,0.002318,0.002337,0.002317,0.002251,0.002303,0.002326,0.002335,0.002342,0.002327,0.002289,0.002293,0.002284,0.002245,0.002288963333333327,0.002292826666666661,0.002283456666666662,0.002245216666666676
-0.852,0.002277,0.002309,0.002308,0.002308,0.002319,0.002338,0.002318,0.002252,0.002303,0.002326,0.002335,0.002341,0.002328,0.00229,0.002294,0.002284,0.002245,0.00228988666666667,0.0022938433333333412,0.002284079999999994,0.0022453466666666755
-0.848,0.002278,0.002309,0.002308,0.002309,0.002319,0.002338,0.002319,0.002253,0.002304,0.002326,0.002336,0.002341,0.002329,0.00229,0.002295,0.002286,0.002246,0.002290096666666673,0.002294666666666673,0.0022854200000000037,0.0022459900000000033
-0.844,0.002279,0.00231,0.002309,0.00231,0.002321,0.002339,0.002319,0.002255,0.002304,0.002327,0.002336,0.002341,0.00233,0.002291,0.002296,0.002287,0.002246,0.002290883333333339,0.002295593333333331,0.0022864666666666724,0.0022461833333333337
-0.84,0.00228,0.002311,0.002309,0.002311,0.002322,0.00234,0.00232,0.002256,0.002304,0.002328,0.002337,0.002341,0.002331,0.002292,0.002297,0.002288,0.002246,0.0022918966666666636,0.00229653333333333,0.002287423333333332,0.00224662
-0.836,0.002282,0.002312,0.002311,0.002313,0.002324,0.002342,0.002321,0.002257,0.002305,0.002329,0.002338,0.002342,0.002333,0.002293,0.0023,0.002291,0.002247,0.00229344333333333,0.0022991433333333336,0.002290116666666668,0.0022477666666666663
-0.832,0.002283,0.002313,0.002312,0.002314,0.002325,0.002343,0.002323,0.00226,0.002306,0.00233,0.002339,0.002342,0.002334,0.002295,0.002301,0.002293,0.002247,0.0022949133333333383,0.0023003066666666657,0.0022918366666666626,0.0022481199999999997
-0.828,0.002285,0.002315,0.002314,0.002315,0.002327,0.002345,0.002324,0.002262,0.002308,0.002331,0.00234,0.002342,0.002336,0.002296,0.002303,0.002295,0.002248,0.0022972333333333332,0.002303116666666674,0.002295080000000004,0.0022509233333333403
-0.824,0.002287,0.002317,0.002315,0.002318,0.002329,0.002347,0.002325,0.002264,0.002309,0.002332,0.002342,0.002344,0.002338,0.002298,0.002305,0.002297,0.00225,0.0022984566666666745,0.0023045566666666673,0.002296436666666663,0.0022515999999999903
-0.82,0.00229,0.002318,0.002318,0.00232,0.002332,0.002349,0.002328,0.002266,0.002311,0.002334,0.002343,0.002345,0.00234,0.0023,0.002308,0.0023,0.002252,0.002300433333333335,0.0023071266666666577,0.0022989266666666665,0.0022533199999999975
-0.816,0.002292,0.00232,0.00232,0.002322,0.002334,0.002351,0.00233,0.002269,0.002312,0.002336,0.002345,0.002346,0.002342,0.002302,0.002311,0.002303,0.002254,0.002302600000000007,0.0023100899999999895,0.00230195333333334,0.002255226666666658
-0.812,0.002293,0.002321,0.002321,0.002324,0.002335,0.002353,0.002331,0.00227,0.002313,0.002337,0.002346,0.002346,0.002344,0.002304,0.002312,0.002304,0.002254,0.002304033333333325,0.0023113866666666563,0.0023031999999999914,0.0022552599999999903
-0.808,0.002296,0.002323,0.002323,0.002326,0.002338,0.002355,0.002333,0.002273,0.002315,0.002339,0.002348,0.002347,0.002346,0.002306,0.002315,0.002307,0.002256,0.0023072633333333305,0.002315019999999995,0.0023071433333333247,0.0022590599999999985
-0.804,0.002299,0.002327,0.002326,0.00233,0.002341,0.002358,0.002335,0.002276,0.002317,0.002342,0.00235,0.002349,0.00235,0.002309,0.002319,0.002311,0.002258,0.0023093100000000015,0.0023174399999999966,0.002308986666666662,0.0022601999999999943
-0.8,0.002301,0.002329,0.002328,0.002333,0.002344,0.002362,0.002338,0.00228,0.00232,0.002344,0.002353,0.002352,0.002353,0.002312,0.002322,0.002314,0.002261,0.0023123499999999956,0.002320896666666672,0.0023126600000000033,0.002262759999999998
-0.796,0.002304,0.002332,0.002331,0.002336,0.002347,0.002364,0.002341,0.002283,0.002322,0.002347,0.002355,0.002353,0.002356,0.002315,0.002325,0.002318,0.002263,0.002316153333333329,0.0023244466666666763,0.00231681666666667,0.00226658666666667
-0.792,0.002308,0.002335,0.002334,0.002339,0.002351,0.002368,0.002344,0.002286,0.002325,0.00235,0.002359,0.002356,0.002359,0.002318,0.002329,0.002322,0.002265,0.002318863333333337,0.0023284066666666788,0.0023208666666666745,0.002268153333333332
-0.788,0.002311,0.002339,0.002338,0.002343,0.002355,0.002371,0.002348,0.00229,0.002328,0.002353,0.002362,0.002358,0.002363,0.002322,0.002333,0.002326,0.002268,0.0023223033333333414,0.002332053333333337,0.0023247233333333426,0.002270216666666672
-0.784,0.002315,0.002342,0.002341,0.002347,0.002358,0.002375,0.002351,0.002294,0.002331,0.002356,0.002365,0.002361,0.002367,0.002326,0.002337,0.00233,0.002271,0.002326136666666677,0.0023356400000000025,0.0023282366666666754,0.0022733666666666765
-0.78,0.002319,0.002345,0.002345,0.002351,0.002362,0.002379,0.002355,0.002298,0.002334,0.00236,0.002368,0.002363,0.002371,0.002329,0.002342,0.002335,0.002274,0.0023295600000000126,0.0023407366666666624,0.0023332899999999926,0.0022761633333333348
-0.776,0.002323,0.002349,0.002349,0.002355,0.002366,0.002383,0.002358,0.002302,0.002337,0.002363,0.002372,0.002366,0.002375,0.002333,0.002346,0.002339,0.002278,0.0023331133333333353,0.0023442566666666597,0.0023368799999999895,0.0022799900000000013
-0.772,0.002328,0.002354,0.002353,0.00236,0.002371,0.002387,0.002363,0.002306,0.002341,0.002367,0.002376,0.00237,0.00238,0.002338,0.002351,0.002344,0.002282,0.0023389166666666615,0.0023494099999999967,0.0023421733333333383,0.002285730000000005
-0.768,0.002332,0.002358,0.002357,0.002364,0.002375,0.002391,0.002367,0.002311,0.002345,0.002372,0.00238,0.002373,0.002384,0.002343,0.002356,0.002349,0.002286,0.002343683333333327,0.0023540166666666737,0.0023463166666666726,0.002290210000000006
-0.764,0.002336,0.002362,0.002361,0.002368,0.00238,0.002396,0.002371,0.002315,0.002348,0.002375,0.002384,0.002376,0.002388,0.002347,0.002361,0.002354,0.00229,0.0023477399999999936,0.0023583999999999936,0.002350636666666666,0.0022937800000000057
-0.76,0.002341,0.002367,0.002367,0.002374,0.002385,0.002401,0.002375,0.00232,0.002353,0.00238,0.002389,0.002381,0.002394,0.002352,0.002366,0.00236,0.002294,0.00235406333333334,0.002364563333333326,0.002357803333333334,0.0022998033333333414
-0.756,0.002347,0.002372,0.002371,0.002379,0.00239,0.002406,0.002381,0.002325,0.002357,0.002384,0.002394,0.002384,0.002399,0.002358,0.002372,0.002365,0.002298,0.0023617233333333354,0.0023722800000000035,0.0023660799999999952,0.0023083900000000087
-0.752,0.002352,0.002377,0.002376,0.002384,0.002395,0.002411,0.002385,0.00233,0.002362,0.002389,0.002399,0.002389,0.002405,0.002363,0.002377,0.002371,0.002303,0.0023647866666666687,0.00237654,0.0023698233333333363,0.002308280000000009
-0.748,0.002357,0.002382,0.002381,0.002389,0.002401,0.002417,0.00239,0.002335,0.002366,0.002394,0.002403,0.002392,0.00241,0.002368,0.002383,0.002377,0.002307,0.0023699100000000015,0.00238250333333334,0.002375936666666663,0.002311833333333327
-0.744,0.002362,0.002386,0.002386,0.002394,0.002406,0.002422,0.002395,0.00234,0.00237,0.002399,0.002408,0.002397,0.002415,0.002374,0.002389,0.002382,0.002312,0.0023761799999999947,0.0023877466666666603,0.0023801899999999956,0.0023190266666666595
-0.74,0.002367,0.002392,0.002392,0.0024,0.002412,0.002427,0.002401,0.002346,0.002376,0.002404,0.002414,0.002402,0.002422,0.00238,0.002395,0.002388,0.002317,0.002382766666666674,0.0023942300000000024,0.002385823333333321,0.0023240100000000066
-0.736,0.002373,0.002398,0.002397,0.002406,0.002418,0.002433,0.002406,0.002351,0.002381,0.00241,0.002419,0.002406,0.002428,0.002386,0.002402,0.002395,0.002321,0.00238745,0.0023996866666666714,0.0023916833333333326,0.002326960000000008
-0.732,0.002378,0.002403,0.002402,0.002412,0.002423,0.002439,0.002412,0.002357,0.002386,0.002415,0.002424,0.002411,0.002434,0.002392,0.002408,0.002401,0.002326,0.00239281666666666,0.0024057433333333315,0.0023976999999999952,0.002330593333333343
-0.728,0.002384,0.002409,0.002408,0.002418,0.002429,0.002445,0.002417,0.002363,0.002391,0.00242,0.00243,0.002416,0.00244,0.002398,0.002415,0.002407,0.002331,0.0023990600000000067,0.0024126399999999906,0.0024038733333333405,0.002336276666666669
-0.724,0.002391,0.002415,0.002414,0.002424,0.002436,0.002451,0.002423,0.002369,0.002397,0.002426,0.002437,0.002422,0.002446,0.002406,0.002422,0.002414,0.002337,0.0024073900000000075,0.0024199400000000015,0.002411393333333343,0.002344270000000001
-0.72,0.002397,0.002421,0.00242,0.00243,0.002441,0.002457,0.002429,0.002374,0.002402,0.002432,0.002442,0.002427,0.002453,0.002412,0.002428,0.00242,0.002342,0.0024119700000000003,0.002424156666666663,0.002414983333333328,0.0023486033333333283
-0.716,0.002403,0.002427,0.002426,0.002436,0.002448,0.002463,0.002435,0.002381,0.002408,0.002438,0.002449,0.002433,0.002459,0.002419,0.002435,0.002427,0.002347,0.002422739999999994,0.00243514,0.002425669999999997,0.002355716666666662
-0.712,0.002409,0.002432,0.002431,0.002442,0.002454,0.002469,0.002441,0.002386,0.002413,0.002444,0.002454,0.002437,0.002466,0.002425,0.002441,0.002433,0.002352,0.002426760000000004,0.0024398100000000114,0.002430790000000007,0.0023584833333333394
-0.708,0.002415,0.002439,0.002438,0.002449,0.002461,0.002476,0.002447,0.002393,0.002419,0.002451,0.002461,0.002443,0.002473,0.002433,0.002449,0.002441,0.002358,0.0024331400000000077,0.0024462800000000073,0.0024372700000000126,0.0023632266666666684
-0.704,0.002422,0.002445,0.002445,0.002456,0.002468,0.002482,0.002454,0.002399,0.002425,0.002457,0.002467,0.002449,0.00248,0.00244,0.002456,0.002448,0.002364,0.0024414833333333314,0.0024544833333333418,0.0024454933333333375,0.0023710233333333335
-0.7,0.002428,0.002452,0.002451,0.002462,0.002474,0.002489,0.00246,0.002405,0.002432,0.002463,0.002474,0.002455,0.002487,0.002446,0.002464,0.002455,0.002369,0.002447133333333326,0.002460760000000008,0.0024507866666666637,0.002374863333333329
-0.696,0.002435,0.002458,0.002458,0.002469,0.002482,0.002495,0.002467,0.002412,0.002438,0.00247,0.00248,0.002461,0.002495,0.002454,0.002471,0.002462,0.002375,0.0024571866666666625,0.00246871,0.0024580966666666636,0.002387956666666669
-0.692,0.002442,0.002465,0.002465,0.002477,0.002489,0.002503,0.002474,0.002419,0.002444,0.002477,0.002488,0.002468,0.002502,0.002462,0.002478,0.00247,0.002382,0.002465393333333329,0.002476813333333324,0.0024668199999999902,0.0023933699999999945
-0.688,0.002449,0.002471,0.002472,0.002483,0.002496,0.00251,0.00248,0.002426,0.002451,0.002484,0.002494,0.002474,0.00251,0.00247,0.002486,0.002478,0.002388,0.002471459999999989,0.0024853533333333254,0.0024765399999999893,0.002394446666666655
-0.684,0.002456,0.002479,0.002479,0.00249,0.002502,0.002517,0.002487,0.002432,0.002458,0.00249,0.002501,0.00248,0.002518,0.002477,0.002494,0.002485,0.002394,0.0024774666666666574,0.002492183333333328,0.0024828266666666577,0.0023993233333333337
-0.68,0.002463,0.002485,0.002485,0.002497,0.002509,0.002524,0.002494,0.002439,0.002464,0.002498,0.002508,0.002486,0.002524,0.002485,0.002501,0.002493,0.0024,0.0024851599999999906,0.0024996466666666567,0.0024909166666666604,0.0024067366666666655
-0.676,0.00247,0.002492,0.002493,0.002505,0.002517,0.002532,0.002501,0.002446,0.002471,0.002505,0.002516,0.002494,0.002533,0.002493,0.00251,0.002501,0.002407,0.0024959766666666607,0.002510463333333336,0.0025019233333333215,0.0024183966666666726
-0.672,0.002477,0.0025,0.0025,0.002512,0.002524,0.002539,0.002509,0.002454,0.002478,0.002513,0.002523,0.0025,0.002541,0.002501,0.002517,0.002509,0.002413,0.0025060199999999873,0.0025193599999999965,0.0025110499999999912,0.0024279799999999984
-0.668,0.002484,0.002506,0.002507,0.002519,0.002532,0.002546,0.002515,0.00246,0.002485,0.002519,0.00253,0.002507,0.002548,0.002509,0.002525,0.002517,0.00242,0.002512583333333324,0.002525633333333333,0.0025174099999999947,0.002436079999999991
-0.664,0.002492,0.002514,0.002514,0.002526,0.002539,0.002554,0.002523,0.002468,0.002492,0.002527,0.002537,0.002514,0.002556,0.002517,0.002534,0.002525,0.002427,0.002523816666666664,0.0025366133333333384,0.0025271233333333336,0.0024479499999999965
-0.66,0.0025,0.002521,0.002522,0.002535,0.002547,0.002562,0.00253,0.002476,0.0025,0.002535,0.002546,0.002522,0.002565,0.002526,0.002542,0.002534,0.002434,0.0025298800000000017,0.0025436433333333413,0.0025351966666666724,0.002447476666666676
-0.656,0.002507,0.002529,0.002529,0.002542,0.002555,0.002569,0.002538,0.002483,0.002507,0.002542,0.002553,0.002528,0.002572,0.002534,0.00255,0.002542,0.002441,0.002537123333333338,0.0025510966666666764,0.0025430133333333425,0.0024520733333333457
-0.652,0.002514,0.002536,0.002537,0.002549,0.002562,0.002577,0.002546,0.00249,0.002514,0.00255,0.00256,0.002534,0.002581,0.002543,0.002559,0.00255,0.002448,0.002547279999999996,0.002561103333333325,0.002552326666666675,0.0024615900000000026
-0.648,0.002522,0.002543,0.002544,0.002556,0.00257,0.002584,0.002553,0.002498,0.002521,0.002557,0.002568,0.002541,0.002588,0.002551,0.002567,0.002558,0.002455,0.002554536666666666,0.002567856666666659,0.0025587299999999947,0.0024684733333333294
-0.644,0.00253,0.002551,0.002552,0.002565,0.002578,0.002593,0.00256,0.002506,0.002529,0.002565,0.002576,0.002549,0.002597,0.00256,0.002576,0.002567,0.002463,0.002566426666666673,0.0025789233333333417,0.002571509999999995,0.0024854766666666615
-0.64,0.002538,0.002559,0.002559,0.002573,0.002586,0.0026,0.002568,0.002513,0.002536,0.002573,0.002584,0.002556,0.002606,0.002568,0.002584,0.002576,0.002471,0.0025747466666666743,0.00258715666666667,0.002579656666666673,0.002493723333333331
-0.636,0.002545,0.002566,0.002567,0.00258,0.002593,0.002608,0.002575,0.00252,0.002544,0.002581,0.002592,0.002564,0.002614,0.002577,0.002593,0.002584,0.002478,0.002584273333333345,0.002597169999999993,0.002589520000000003,0.002502583333333324
-0.632,0.002553,0.002574,0.002575,0.002588,0.002602,0.002616,0.002583,0.002528,0.002551,0.002589,0.0026,0.002571,0.002623,0.002586,0.002602,0.002593,0.002485,0.002591819999999991,0.0026060899999999967,0.002597023333333326,0.0025002266666666584
-0.628,0.002561,0.002582,0.002582,0.002596,0.00261,0.002625,0.002591,0.002535,0.002559,0.002597,0.002608,0.002579,0.002632,0.002594,0.00261,0.002601,0.002493,0.002600483333333329,0.0026139833333333356,0.0026058533333333284,0.002512946666666661
-0.624,0.002568,0.002589,0.00259,0.002604,0.002618,0.002632,0.002599,0.002543,0.002566,0.002606,0.002616,0.002586,0.002641,0.002603,0.002619,0.00261,0.002501,0.0026101566666666726,0.002623493333333338,0.002613090000000003,0.002515719999999987
-0.62,0.002576,0.002597,0.002598,0.002612,0.002626,0.002641,0.002607,0.002551,0.002574,0.002613,0.002624,0.002594,0.002649,0.002612,0.002628,0.002619,0.002509,0.0026187166666666577,0.0026319166666666635,0.002622486666666673,0.0025254033333333243
-0.616,0.002584,0.002605,0.002606,0.00262,0.002634,0.002649,0.002614,0.002559,0.002581,0.002621,0.002632,0.002601,0.002658,0.002621,0.002637,0.002627,0.002516,0.0026252799999999937,0.0026391666666666664,0.002628980000000008,0.002527343333333327
-0.612,0.002592,0.002613,0.002614,0.002628,0.002642,0.002657,0.002623,0.002567,0.002589,0.00263,0.002641,0.002609,0.002667,0.002631,0.002646,0.002636,0.002524,0.002635356666666674,0.002649210000000005,0.0026397733333333347,0.002537256666666662
-0.608,0.0026,0.002621,0.002622,0.002636,0.00265,0.002666,0.002631,0.002575,0.002597,0.002638,0.002649,0.002617,0.002677,0.002639,0.002655,0.002645,0.002532,0.002643493333333324,0.002657226666666664,0.0026476100000000064,0.0025490433333333227
-0.604,0.002608,0.002629,0.002629,0.002644,0.002659,0.002674,0.002638,0.002583,0.002604,0.002646,0.002657,0.002625,0.002685,0.002648,0.002664,0.002654,0.00254,0.002651889999999994,0.0026661466666666675,0.002656490000000011,0.0025521566666666584
-0.6,0.002617,0.002637,0.002638,0.002652,0.002667,0.002682,0.002647,0.002591,0.002613,0.002655,0.002666,0.002633,0.002694,0.002657,0.002673,0.002662,0.002548,0.002662006666666672,0.002676230000000003,0.0026648700000000136,0.00255886333333333
-0.596,0.002625,0.002646,0.002646,0.002661,0.002676,0.002691,0.002655,0.0026,0.002621,0.002664,0.002675,0.002642,0.002704,0.002667,0.002682,0.002672,0.002557,0.0026718499999999947,0.0026853799999999963,0.0026754233333333424,0.0025704933333333376
-0.592,0.002633,0.002654,0.002654,0.002669,0.002684,0.0027,0.002664,0.002608,0.002629,0.002673,0.002683,0.00265,0.002713,0.002676,0.002692,0.002681,0.002564,0.0026813700000000067,0.002695253333333338,0.002683760000000009,0.0025794966666666747
-0.588,0.002642,0.002662,0.002663,0.002678,0.002693,0.002708,0.002672,0.002616,0.002637,0.002681,0.002692,0.002658,0.002722,0.002685,0.002701,0.002689,0.002572,0.0026889100000000083,0.0027032866666666577,0.0026911366666666774,0.0025825933333333438
-0.584,0.00265,0.002671,0.002671,0.002686,0.002701,0.002717,0.00268,0.002624,0.002645,0.00269,0.0027,0.002667,0.002731,0.002694,0.00271,0.002698,0.00258,0.002698833333333325,0.002712756666666662,0.0027006899999999934,0.002594816666666678
-0.58,0.00266,0.00268,0.00268,0.002696,0.002711,0.002727,0.002689,0.002633,0.002653,0.002699,0.002709,0.002676,0.002741,0.002704,0.00272,0.002708,0.002589,0.0027087600000000067,0.0027227233333333442,0.0027090966666666744,0.002600113333333323
-0.576,0.002668,0.002688,0.002689,0.002704,0.002719,0.002736,0.002698,0.002642,0.002662,0.002708,0.002718,0.002684,0.002751,0.002714,0.00273,0.002717,0.002597,0.0027181033333333318,0.0027320266666666735,0.0027163866666666653,0.0026032733333333255
-0.572,0.002677,0.002697,0.002697,0.002712,0.002728,0.002744,0.002706,0.00265,0.00267,0.002717,0.002727,0.002692,0.00276,0.002723,0.002739,0.002726,0.002606,0.002727066666666669,0.00274150000000001,0.002726990000000004,0.002614796666666666
-0.568,0.002686,0.002706,0.002706,0.002722,0.002737,0.002754,0.002715,0.002659,0.002678,0.002726,0.002736,0.0027,0.00277,0.002732,0.002749,0.002735,0.002614,0.0027362166666666616,0.002751123333333334,0.002735680000000007,0.0026219800000000047
-0.564,0.002696,0.002715,0.002715,0.002732,0.002747,0.002763,0.002724,0.002667,0.002687,0.002736,0.002745,0.002709,0.00278,0.002742,0.002759,0.002745,0.002623,0.0027465566666666735,0.002761539999999995,0.0027476533333333337,0.002637756666666674
-0.56,0.002705,0.002724,0.002724,0.00274,0.002757,0.002772,0.002733,0.002676,0.002696,0.002745,0.002754,0.002718,0.002789,0.002752,0.002769,0.002754,0.00263,0.0027554333333333265,0.002770446666666672,0.0027560033333333383,0.002643786666666674
-0.556,0.002714,0.002734,0.002733,0.00275,0.002766,0.002782,0.002742,0.002686,0.002705,0.002754,0.002764,0.002727,0.0028,0.002762,0.002779,0.002764,0.00264,0.002770990000000006,0.002784743333333324,0.0027669499999999968,0.0026551199999999887
-0.552,0.002724,0.002743,0.002743,0.002759,0.002775,0.002791,0.002751,0.002695,0.002713,0.002763,0.002773,0.002735,0.002809,0.002771,0.002789,0.002773,0.002648,0.0027783066666666636,0.002793156666666675,0.002776396666666674,0.0026649366666666612
-0.548,0.002733,0.002753,0.002752,0.002769,0.002785,0.002801,0.002761,0.002704,0.002723,0.002773,0.002783,0.002745,0.00282,0.002781,0.0028,0.002783,0.002657,0.0027858700000000054,0.0028021000000000088,0.0027858599999999955,0.0026739433333333377
-0.544,0.002743,0.002762,0.002762,0.002778,0.002794,0.002812,0.00277,0.002714,0.002732,0.002783,0.002793,0.002754,0.00283,0.002792,0.00281,0.002793,0.002667,0.0027958633333333436,0.002812416666666661,0.002794936666666674,0.002676343333333323
-0.54,0.002752,0.002772,0.00277,0.002788,0.002804,0.002821,0.002779,0.002723,0.002741,0.002792,0.002803,0.002763,0.00284,0.002801,0.002819,0.002803,0.002675,0.0028057566666666828,0.0028224266666666705,0.0028044800000000007,0.002682443333333326
-0.536,0.002762,0.002781,0.00278,0.002798,0.002814,0.002831,0.002789,0.002733,0.00275,0.002802,0.002812,0.002771,0.002851,0.002812,0.00283,0.002813,0.002684,0.0028164766666666746,0.0028322333333333327,0.0028145099999999927,0.0026974300000000037
-0.532,0.002772,0.002791,0.00279,0.002808,0.002824,0.002841,0.002799,0.002743,0.00276,0.002812,0.002822,0.002781,0.002861,0.002822,0.002841,0.002823,0.002693,0.0028277799999999946,0.00284364333333333,0.0028250966666666733,0.0027090666666666555
-0.528,0.002781,0.002801,0.002799,0.002817,0.002834,0.002851,0.002809,0.002753,0.002769,0.002821,0.002832,0.002791,0.002872,0.002832,0.002851,0.002833,0.002702,0.0028344166666666544,0.002850856666666675,0.002834009999999994,0.0027184166666666602
-0.524,0.002791,0.00281,0.002809,0.002827,0.002844,0.002861,0.002818,0.002762,0.002779,0.002831,0.002842,0.0028,0.002883,0.002842,0.002861,0.002843,0.002711,0.0028466533333333373,0.002862676666666668,0.0028443233333333416,0.0027264700000000073
-0.52,0.0028,0.00282,0.002819,0.002836,0.002853,0.00287,0.002828,0.002772,0.002789,0.002841,0.002852,0.00281,0.002893,0.002852,0.002871,0.002853,0.00272,0.0028568966666666622,0.0028738933333333277,0.0028541299999999973,0.002731573333333342
-0.516,0.002811,0.002829,0.002829,0.002846,0.002864,0.002881,0.002838,0.002783,0.002799,0.002852,0.002863,0.00282,0.002904,0.002862,0.002882,0.002863,0.00273,0.0028665633333333357,0.0028846566666666782,0.0028662699999999906,0.002747313333333341
-0.512,0.002821,0.002839,0.002838,0.002856,0.002874,0.002891,0.002848,0.002793,0.002809,0.002862,0.002873,0.002831,0.002915,0.002872,0.002893,0.002873,0.002739,0.002878486666666664,0.002895650000000006,0.0028766633333333395,0.002760466666666675
-0.508,0.002829,0.002848,0.002847,0.002865,0.002883,0.0029,0.002857,0.002802,0.002818,0.002871,0.002883,0.00284,0.002925,0.002881,0.002902,0.002881,0.002748,0.002885830000000007,0.002903149999999995,0.0028838433333333423,0.00276959999999999
-0.504,0.002839,0.002857,0.002857,0.002875,0.002893,0.002911,0.002867,0.002813,0.002828,0.002882,0.002893,0.002851,0.002936,0.002891,0.002913,0.002891,0.002757,0.0028994399999999936,0.002917330000000015,0.002896849999999994,0.0027820766666666677
-0.5,0.002849,0.002867,0.002866,0.002884,0.002902,0.002921,0.0028770000000000002,0.002822,0.002839,0.002892,0.002903,0.002861,0.002946,0.002901,0.002923,0.002901,0.002767,0.0029074533333333387,0.002926786666666676,0.0029054966666666716,0.0027822866666666625
-0.496,0.002858,0.002875,0.002876,0.002893,0.002912,0.002931,0.002886,0.002832,0.002849,0.002902,0.002914,0.002871,0.002956,0.00291,0.002932,0.00291,0.002777,0.002914649999999999,0.0029343600000000113,0.0029133033333333296,0.002791626666666666
-0.492,0.002867,0.002884,0.002885,0.002901,0.002921,0.00294,0.002895,0.002842,0.002859,0.002912,0.002923,0.002881,0.002966,0.002919,0.002942,0.002918,0.002786,0.0029240900000000033,0.002944506666666671,0.0029223866666666545,0.0028019566666666607
-0.488,0.002876,0.002892,0.002894,0.002911,0.00293,0.002949,0.002904,0.002851,0.002868,0.002922,0.002933,0.002891,0.002976,0.002928,0.00295,0.002926,0.002796,0.00293330333333334,0.0029532700000000057,0.002929889999999994,0.002810923333333338
-0.484,0.002885,0.002901,0.002902,0.00292,0.002939,0.002958,0.002914,0.00286,0.002878,0.002932,0.002943,0.002902,0.002986,0.002937,0.002959,0.002935,0.002806,0.0029410266666666587,0.002960690000000008,0.0029377033333333412,0.002822456666666662
-0.48,0.002894,0.00291,0.002911,0.002928,0.002948,0.002967,0.002923,0.00287,0.002888,0.002942,0.002952,0.002912,0.002995,0.002945,0.002968,0.002943,0.002816,0.002951769999999986,0.0029726666666666656,0.0029458533333333384,0.0028240866666666745
-0.476,0.002902,0.002917,0.002919,0.002936,0.002956,0.002976,0.002931,0.002878,0.002897,0.002951,0.002961,0.002923,0.003003,0.002953,0.002977,0.002951,0.002825,0.0029579099999999885,0.0029788666666666695,0.00295313000000001,0.0028380999999999997
-0.472,0.002911,0.002925,0.002927,0.002945,0.002965,0.002984,0.00294,0.002887,0.002906,0.00296,0.00297,0.002933,0.003013,0.00296,0.002985,0.002959,0.002835,0.0029667666666666564,0.0029881733333333425,0.002962343333333348,0.0028502766666666708
-0.468,0.002919,0.002934,0.002936,0.002953,0.002974,0.002993,0.002949,0.002896,0.002915,0.00297,0.002979,0.002943,0.003021,0.002969,0.002993,0.002966,0.002845,0.0029767766666666615,0.0029980900000000127,0.002970276666666678,0.002858339999999996
-0.464,0.002928,0.002942,0.002944,0.002961,0.002982,0.003002,0.002957,0.002904,0.002924,0.002979,0.002988,0.002953,0.003029,0.002976,0.003001,0.002974,0.002854,0.0029830866666666557,0.0030048033333333417,0.0029790833333333405,0.0028713166666666733
-0.46,0.002936,0.002949,0.002952,0.00297,0.00299,0.00301,0.002965,0.002912,0.002933,0.002988,0.002996,0.002962,0.003037,0.002984,0.003009,0.002982,0.002863,0.0029949733333333247,0.0030163666666666793,0.002986736666666679,0.002873696666666654
-0.456,0.002943,0.002957,0.00296,0.002977,0.002999,0.003019,0.002973,0.002919,0.002941,0.002996,0.003004,0.002971,0.003045,0.002991,0.003016,0.002989,0.002872,0.002999659999999994,0.0030206700000000096,0.0029938266666666765,0.0028864233333333257
-0.452,0.002953,0.002967,0.00297,0.002987,0.003009,0.003029,0.002983,0.00293,0.002951,0.003006,0.003015,0.002982,0.003056,0.003001,0.003026,0.002999,0.002881,0.003010340000000007,0.0030320633333333195,0.003003606666666653,0.002892553333333341
-0.448,0.002961,0.002975,0.002978,0.002996,0.003017,0.003037,0.002991,0.002937,0.00296,0.003015,0.003023,0.002991,0.003063,0.003009,0.003034,0.003007,0.00289,0.0030168866666666783,0.003038423333333322,0.0030111733333333226,0.002904876666666658
-0.444,0.00297,0.002983,0.002986,0.003003,0.003025,0.003046,0.002999,0.002946,0.002968,0.003023,0.003031,0.003,0.003071,0.003017,0.003041,0.003014,0.002897,0.003021276666666682,0.00304305333333332,0.0030169966666666534,0.002909666666666676
-0.44,0.002978,0.002991,0.002994,0.003012,0.003033,0.003054,0.003008,0.002954,0.002976,0.003032,0.00304,0.003009,0.003079,0.003025,0.003049,0.003023,0.002905,0.0030326100000000102,0.0030530399999999917,0.0030265533333333297,0.002919380000000015
-0.436,0.002986,0.003,0.003003,0.003021,0.003042,0.003064,0.003016,0.002964,0.002985,0.003041,0.003048,0.003018,0.003088,0.003033,0.003057,0.003031,0.002913,0.003040563333333318,0.003061299999999987,0.003034126666666672,0.0029236900000000174
-0.432,0.002995,0.003008,0.003011,0.003029,0.003051,0.003072,0.003025,0.002972,0.002993,0.003049,0.003057,0.003026,0.003095,0.003041,0.003064,0.003039,0.002921,0.003046799999999988,0.003067416666666652,0.0030437400000000105,0.002936129999999996
-0.428,0.003003,0.003016,0.003019,0.003037,0.003059,0.003081,0.003033,0.002981,0.003002,0.003057,0.003065,0.003034,0.003103,0.00305,0.003072,0.003048,0.002928,0.00305406333333333,0.003074016666666655,0.0030520066666666792,0.002943433333333341
-0.424,0.003011,0.003024,0.003027,0.003046,0.003068,0.003089,0.003041,0.00299,0.00301,0.003066,0.003074,0.003043,0.00311,0.003059,0.00308,0.003057,0.002935,0.003064193333333336,0.00308285666666666,0.003062249999999993,0.0029544066666666777
-0.42,0.00302,0.003032,0.003035,0.003054,0.003077,0.003098,0.00305,0.002999,0.003019,0.003075,0.003083,0.003051,0.003118,0.003068,0.003088,0.003065,0.002942,0.0030729466666666572,0.003090699999999988,0.0030694366666666603,0.002960636666666669
-0.416,0.003029,0.003041,0.003044,0.003063,0.003086,0.003107,0.003058,0.003008,0.003028,0.003084,0.003091,0.00306,0.003126,0.003077,0.003095,0.003075,0.00295,0.0030821133333333306,0.0030979833333333196,0.00308004000000001,0.002970593333333336
-0.412,0.003037,0.003049,0.003052,0.003071,0.003093,0.003116,0.003067,0.003016,0.003036,0.003092,0.003099,0.003068,0.003133,0.003086,0.003103,0.003084,0.002957,0.003094143333333338,0.003108363333333323,0.0030889933333333253,0.0029756299999999934
-0.408,0.003045,0.003057,0.003061,0.00308,0.003102,0.003125,0.003075,0.003025,0.003044,0.003101,0.003108,0.003077,0.00314,0.003096,0.003111,0.003093,0.002965,0.0031000733333333267,0.003113746666666653,0.00309525333333334,0.0029774633333333276
-0.404,0.003053,0.003065,0.003068,0.003087,0.00311,0.003133,0.003083,0.003034,0.003052,0.003109,0.003117,0.003085,0.003147,0.003104,0.003119,0.003102,0.002971,0.00311061666666666,0.0031234599999999907,0.003106580000000009,0.002989103333333317
-0.4,0.003062,0.003073,0.003077,0.003096,0.003119,0.003142,0.003092,0.003042,0.003061,0.003118,0.003125,0.003093,0.003154,0.003114,0.003127,0.00311,0.002979,0.0031211799999999873,0.0031328033333333305,0.003115016666666656,0.0029922033333333255
-0.396,0.003071,0.003082,0.003085,0.003104,0.003128,0.003151,0.0031,0.003051,0.00307,0.003126,0.003134,0.003101,0.003161,0.003123,0.003136,0.003121,0.002986,0.0031294933333333276,0.0031408666666666784,0.0031239300000000074,0.002998860000000013
-0.392,0.003079,0.00309,0.003094,0.003113,0.003137,0.00316,0.003109,0.00306,0.003078,0.003135,0.003142,0.003109,0.003169,0.003133,0.003144,0.00313,0.002994,0.003136913333333351,0.003147653333333343,0.0031339699999999916,0.003008326666666683
-0.388,0.003089,0.003099,0.003103,0.003122,0.003146,0.003169,0.003118,0.00307,0.003088,0.003144,0.003152,0.003119,0.003177,0.003143,0.003153,0.003141,0.003003,0.003149130000000004,0.0031581366666666574,0.003145799999999983,0.0030209999999999877
-0.384,0.003097,0.003108,0.003112,0.003131,0.003155,0.003179,0.003127,0.003079,0.003096,0.003153,0.00316,0.003127,0.003185,0.003153,0.003162,0.00315,0.00301,0.0031593299999999893,0.0031675333333333333,0.0031566766666666596,0.003038739999999988
-0.38,0.003106,0.003116,0.00312,0.003139,0.003163,0.003187,0.003136,0.003087,0.003105,0.003162,0.003169,0.003135,0.003192,0.003162,0.003171,0.003159,0.003018,0.0031657133333333294,0.003173883333333341,0.0031633400000000084,0.003038943333333323
-0.376,0.003115,0.003126,0.003129,0.003149,0.003173,0.003197,0.003145,0.003097,0.003114,0.003171,0.003178,0.003143,0.0032,0.003173,0.00318,0.003169,0.003026,0.003178759999999994,0.003185383333333327,0.0031753133333333253,0.003054906666666655
-0.372,0.003124,0.003135,0.003138,0.003158,0.003182,0.003206,0.003154,0.003106,0.003123,0.003181,0.003187,0.003152,0.003209,0.003183,0.00319,0.003179,0.003035,0.0031882900000000085,0.003194336666666675,0.0031856900000000053,0.003073300000000005
-0.368,0.003133,0.003143,0.003147,0.003167,0.003191,0.003215,0.003163,0.003116,0.003132,0.00319,0.003196,0.003161,0.003217,0.003193,0.0032,0.003188,0.003043,0.0031989666666666678,0.003205109999999993,0.003195039999999996,0.003078266666666677
-0.364,0.003142,0.003152,0.003156,0.003176,0.0032,0.003225,0.003172,0.003125,0.003142,0.003199,0.003204,0.003169,0.003225,0.003203,0.00321,0.003198,0.003052,0.0032081899999999914,0.0032143000000000115,0.003205236666666672,0.003086613333333348
-0.36,0.003151,0.003161,0.003164,0.003184,0.003209,0.003234,0.00318,0.003134,0.00315,0.003207,0.003213,0.003176,0.003233,0.003213,0.003219,0.003207,0.00306,0.003217270000000005,0.0032224466666666675,0.0032125533333333275,0.0030872066666666562
-0.356,0.00316,0.00317,0.003174,0.003194,0.003219,0.003243,0.00319,0.003144,0.00316,0.003217,0.003222,0.003186,0.003242,0.003223,0.003229,0.003217,0.003069,0.0032276199999999914,0.0032324766666666756,0.0032229300000000106,0.003102709999999994
-0.352,0.00317,0.003179,0.003183,0.003203,0.003228,0.003254,0.003199,0.003153,0.00317,0.003227,0.00323,0.003194,0.003252,0.003233,0.003239,0.003227,0.003078,0.003237903333333345,0.003242506666666664,0.00323054666666666,0.0031013200000000103
-0.348,0.003178,0.003188,0.003192,0.003211,0.003237,0.003262,0.003208,0.003162,0.003179,0.003236,0.003239,0.003201,0.00326,0.003243,0.003248,0.003237,0.003087,0.0032499933333333332,0.0032538700000000038,0.003239886666666677,0.0031044599999999903
-0.344,0.003187,0.003196,0.003201,0.00322,0.003246,0.003272,0.003217,0.003172,0.003188,0.003245,0.003247,0.003209,0.00327,0.003252,0.003258,0.003246,0.003097,0.0032566333333333424,0.0032610999999999946,0.0032483499999999958,0.003115090000000007
-0.34,0.003196,0.003205,0.00321,0.003229,0.003255,0.003281,0.003226,0.003182,0.003198,0.003254,0.003256,0.003217,0.003279,0.003263,0.003268,0.003256,0.003106,0.003266880000000006,0.003270916666666673,0.003258493333333341,0.0031210166666666814
-0.336,0.003205,0.003214,0.003219,0.003238,0.003265,0.003291,0.003235,0.003191,0.003207,0.003263,0.003264,0.003225,0.003288,0.003273,0.003277,0.003267,0.003116,0.0032760799999999968,0.0032794999999999895,0.003269546666666674,0.0031338233333333397
-0.332,0.003214,0.003223,0.003228,0.003247,0.003273,0.0033,0.003243,0.0032,0.003216,0.003271,0.003271,0.003232,0.003298,0.003283,0.003287,0.003277,0.003125,0.0032844333333333408,0.003287840000000006,0.003278676666666658,0.0031435166666666753
-0.328,0.003223,0.003231,0.003237,0.003255,0.003281,0.003308,0.003252,0.003209,0.003225,0.00328,0.003279,0.003239,0.003307,0.003294,0.003296,0.003287,0.003134,0.003295063333333344,0.003296739999999995,0.0032870866666666753,0.0031495566666666633
-0.324,0.003233,0.00324,0.003246,0.003264,0.003291,0.003318,0.003262,0.003218,0.003234,0.003289,0.003288,0.003246,0.003317,0.003305,0.003306,0.003297,0.003143,0.0033067733333333347,0.0033075000000000027,0.0032989200000000008,0.003161663333333334
-0.32,0.003241,0.003249,0.003254,0.003273,0.0033,0.003327,0.00327,0.003228,0.003244,0.003297,0.003296,0.003254,0.003327,0.003316,0.003316,0.003306,0.003153,0.0033189866666666606,0.003318583333333331,0.0033061333333333403,0.0031682333333333253
-0.316,0.00325,0.003257,0.003263,0.003281,0.003308,0.003336,0.003279,0.003237,0.003252,0.003306,0.003303,0.00326,0.003336,0.003324,0.003325,0.003314,0.003162,0.0033271066666666588,0.00332759333333334,0.0033146366666666773,0.003172059999999999
-0.312,0.003258,0.003265,0.003272,0.003289,0.003316,0.003345,0.003287,0.003246,0.003262,0.003314,0.003312,0.003267,0.003346,0.003334,0.003335,0.003323,0.003171,0.0033354366666666483,0.003335853333333324,0.003322053333333327,0.003181170000000008
-0.308,0.003267,0.003274,0.003281,0.003298,0.003326,0.003354,0.003296,0.003256,0.003271,0.003322,0.00332,0.003275,0.003356,0.003343,0.003345,0.003332,0.003181,0.0033489166666666615,0.0033497400000000077,0.0033320766666666696,0.0031891933333333317
-0.304,0.003276,0.003282,0.003289,0.003306,0.003334,0.003362,0.003304,0.003265,0.003279,0.003331,0.003328,0.003281,0.003366,0.003353,0.003355,0.003341,0.00319,0.003355196666666677,0.0033568066666666645,0.0033407166666666794,0.0031978833333333413
-0.3,0.003284,0.00329,0.003298,0.003314,0.003342,0.003371,0.003313,0.003274,0.003288,0.003338,0.003336,0.003288,0.003375,0.003362,0.003365,0.003349,0.003199,0.0033660299999999925,0.003368483333333321,0.0033499233333333512,0.003205209999999988
-0.296,0.003292,0.003298,0.003306,0.003322,0.003351,0.003379,0.00332,0.003282,0.003296,0.003346,0.003344,0.003294,0.003384,0.003371,0.003375,0.003357,0.003208,0.0033726000000000042,0.0033761100000000025,0.0033577733333333523,0.003215339999999992
-0.292,0.003301,0.003307,0.003315,0.003331,0.003359,0.003389,0.003329,0.003292,0.003306,0.003353,0.003352,0.003301,0.003394,0.003381,0.003385,0.003366,0.003218,0.003381419999999995,0.0033854199999999975,0.003366436666666663,0.003222550000000013
-0.288,0.00331,0.003316,0.003323,0.003339,0.003368,0.003397,0.003338,0.003301,0.003314,0.003361,0.00336,0.003308,0.003404,0.00339,0.003395,0.003375,0.003227,0.003392000000000002,0.003396480000000006,0.0033756333333333395,0.003234333333333329
-0.284,0.003318,0.003323,0.003331,0.003347,0.003376,0.003406,0.003345,0.00331,0.003323,0.003368,0.003368,0.003315,0.003414,0.003398,0.003404,0.003383,0.003236,0.0033990433333333427,0.0034043833333333245,0.003383150000000008,0.0032414900000000027
-0.28,0.003326,0.003332,0.00334,0.003356,0.003385,0.003414,0.003354,0.003319,0.003332,0.003375,0.003376,0.003322,0.003424,0.003407,0.003413,0.003392,0.003246,0.003408593333333349,0.003413896666666664,0.003391356666666654,0.0032492966666666607
-0.276,0.003335,0.003341,0.003349,0.003364,0.003393,0.003423,0.003362,0.003328,0.00334,0.003383,0.003385,0.00333,0.003434,0.003417,0.003423,0.003401,0.003257,0.0034182833333333412,0.003423523333333321,0.0034001533333333236,0.0032630466666666563
-0.272,0.003343,0.003349,0.003358,0.003373,0.003401,0.003432,0.003371,0.003337,0.003349,0.00339,0.003394,0.003337,0.003445,0.003426,0.003432,0.003409,0.003267,0.003426663333333346,0.0034321499999999967,0.0034085966666666636,0.0032732833333333367
-0.268,0.003352,0.003357,0.003366,0.003381,0.00341,0.003441,0.003378,0.003346,0.003358,0.003396,0.003403,0.003344,0.003455,0.003434,0.003441,0.003418,0.003276,0.003439220000000011,0.0034444800000000106,0.0034183833333333415,0.0032860066666666487
-0.264,0.00336,0.003366,0.003374,0.003389,0.003418,0.003449,0.003386,0.003355,0.003366,0.003403,0.003411,0.003352,0.003467,0.003443,0.00345,0.003426,0.003284,0.0034453933333333255,0.0034513466666666577,0.0034261600000000114,0.0032913533333333187
-0.26,0.003369,0.003375,0.003384,0.003398,0.003427,0.003458,0.003395,0.003364,0.003375,0.003411,0.003421,0.003361,0.003478,0.003453,0.00346,0.003435,0.003294,0.003455640000000004,0.0034617633333333384,0.003434776666666664,0.0032966266666666732
-0.256,0.003378,0.003384,0.003392,0.003406,0.003435,0.003467,0.003403,0.003374,0.003384,0.003418,0.003431,0.003369,0.003489,0.003462,0.003469,0.003445,0.003302,0.003464223333333328,0.0034702666666666547,0.0034429900000000064,0.003302790000000011
-0.252,0.003386,0.003392,0.0034,0.003414,0.003443,0.003475,0.003411,0.003383,0.003392,0.003424,0.00344,0.003377,0.003498,0.003471,0.003478,0.003452,0.003311,0.0034714066666666652,0.0034776733333333294,0.0034504966666666736,0.0033123933333333304
-0.248,0.003395,0.003401,0.00341,0.003424,0.003452,0.003484,0.00342,0.003393,0.003401,0.003432,0.00345,0.003387,0.003509,0.00348,0.003488,0.003462,0.003321,0.0034816966666666744,0.0034888533333333445,0.003462873333333328,0.003326700000000009
-0.244,0.003404,0.003411,0.003419,0.003433,0.003461,0.003494,0.003429,0.003403,0.00341,0.003439,0.00346,0.003396,0.003518,0.00349,0.003497,0.003471,0.003329,0.003494263333333328,0.003500189999999994,0.0034719400000000015,0.0033376000000000117
-0.24,0.003413,0.00342,0.003428,0.003442,0.00347,0.003502,0.003437,0.003412,0.003418,0.003447,0.00347,0.003405,0.003529,0.0035,0.003507,0.00348,0.003338,0.00350204333333332,0.0035077466666666697,0.0034787566666666728,0.003343016666666656
-0.236,0.003422,0.003428,0.003437,0.00345,0.003479,0.003511,0.003445,0.003421,0.003427,0.003455,0.00348,0.003415,0.003539,0.003509,0.003516,0.00349,0.003346,0.003514039999999992,0.003519393333333325,0.0034902033333333296,0.0033556366666666533
-0.232,0.00343,0.003437,0.003445,0.003459,0.003486,0.003519,0.003453,0.003431,0.003435,0.003462,0.00349,0.003424,0.003549,0.003518,0.003525,0.003498,0.003355,0.0035200166666666676,0.003525666666666663,0.0034954999999999986,0.003358216666666662
-0.228,0.00344,0.003447,0.003455,0.003469,0.003496,0.003529,0.003463,0.003441,0.003444,0.003471,0.003501,0.003435,0.003559,0.003528,0.003535,0.003508,0.003364,0.0035315499999999944,0.0035374199999999947,0.003507146666666659,0.0033701200000000003
-0.224,0.003449,0.003455,0.003464,0.003478,0.003505,0.003538,0.003471,0.003451,0.003453,0.003479,0.003511,0.003445,0.00357,0.003538,0.003545,0.003517,0.003373,0.003540523333333346,0.003546946666666668,0.0035183833333333296,0.003381266666666654
-0.22,0.003457,0.003465,0.003473,0.003487,0.003513,0.003545,0.00348,0.00346,0.003461,0.003487,0.003521,0.003454,0.003579,0.003547,0.003555,0.003526,0.003382,0.0035475433333333308,0.003554499999999991,0.003523656666666667,0.0033831566666666603
-0.216,0.003467,0.003474,0.003483,0.003496,0.003522,0.003554,0.003489,0.00347,0.00347,0.003496,0.003532,0.003465,0.003589,0.003557,0.003565,0.003536,0.003391,0.0035598433333333384,0.0035665433333333424,0.0035345366666666624,0.003394773333333337
-0.212,0.003476,0.003484,0.003492,0.003506,0.003531,0.003563,0.003499,0.003481,0.003481,0.003506,0.003543,0.003476,0.0036,0.003567,0.003575,0.003546,0.003401,0.003568903333333336,0.0035759566666666662,0.003544630000000011,0.0034037999999999916
-0.208,0.003485,0.003493,0.003501,0.003515,0.003539,0.003571,0.003508,0.003491,0.003489,0.003515,0.003554,0.003486,0.00361,0.003577,0.003585,0.003555,0.003409,0.003577683333333348,0.0035846366666666533,0.003552833333333327,0.0034109466666666617
-0.204,0.003494,0.003502,0.00351,0.003525,0.003548,0.003579,0.003517,0.0035,0.003498,0.003525,0.003565,0.003497,0.00362,0.003586,0.003594,0.003565,0.003419,0.003587093333333334,0.003594469999999997,0.0035640766666666756,0.003421626666666652
-0.2,0.003503,0.003509,0.003519,0.003533,0.003556,0.003586,0.003526,0.003509,0.003507,0.003534,0.003576,0.003508,0.00363,0.003596,0.003604,0.003574,0.003428,0.003598116666666676,0.0036043633333333485,0.0035701933333333255,0.003428593333333324
-0.196,0.003513,0.00352,0.003529,0.003544,0.003565,0.003595,0.003536,0.00352,0.003517,0.003545,0.003588,0.003519,0.003641,0.003606,0.003614,0.003584,0.003437,0.0036078766666666666,0.0036139866666666724,0.0035804300000000055,0.0034399933333333394
-0.192,0.003522,0.003529,0.003538,0.003553,0.003574,0.003603,0.003546,0.00353,0.003527,0.003556,0.0036,0.003531,0.003651,0.003616,0.003623,0.003594,0.003447,0.0036244133333333236,0.0036289066666666727,0.003591913333333334,0.00345035666666666
-0.188,0.003531,0.003538,0.003547,0.003562,0.003582,0.00361,0.003555,0.003539,0.003536,0.003566,0.003612,0.003542,0.003661,0.003626,0.003633,0.003603,0.003456,0.0036287500000000026,0.003633783333333333,0.003598146666666677,0.0034548366666666674
-0.184,0.00354,0.003547,0.003555,0.003572,0.003591,0.003618,0.003565,0.003549,0.003546,0.003577,0.003624,0.003553,0.003671,0.003635,0.003642,0.003613,0.003466,0.003638893333333354,0.0036442533333333376,0.0036105466666666646,0.003469333333333328
-0.18,0.00355,0.003556,0.003565,0.003581,0.0036,0.003625,0.003575,0.003559,0.003557,0.003588,0.003636,0.003566,0.003681,0.003645,0.003653,0.003622,0.003476,0.0036493733333333323,0.0036550033333333383,0.003619203333333337,0.003478773333333339
-0.176,0.003559,0.003564,0.003573,0.00359,0.003608,0.003632,0.003585,0.003568,0.003566,0.003599,0.003646,0.003578,0.003691,0.003655,0.003662,0.003632,0.003486,0.0036601333333333235,0.003664646666666684,0.0036271366666666676,0.003486803333333334
-0.172,0.003568,0.003573,0.003581,0.0036,0.003616,0.003639,0.003595,0.003577,0.003576,0.00361,0.003657,0.003591,0.003701,0.003665,0.003671,0.003641,0.003495,0.00367046,0.003674143333333328,0.003635853333333338,0.003494046666666677
-0.168,0.003576,0.003581,0.003589,0.003608,0.003624,0.003646,0.003605,0.003586,0.003586,0.00362,0.003667,0.003602,0.00371,0.003674,0.00368,0.003649,0.003505,0.0036753466666666567,0.0036800799999999988,0.003646056666666674,0.003504560000000001
-0.164,0.003586,0.003589,0.003598,0.003617,0.003632,0.003653,0.003615,0.003595,0.003597,0.003631,0.003679,0.003614,0.00372,0.003684,0.003689,0.003659,0.003515,0.003687780000000001,0.0036904900000000107,0.003658380000000003,0.0035205633333333414
-0.16,0.003594,0.003597,0.003605,0.003626,0.00364,0.003659,0.003625,0.003604,0.003607,0.003642,0.003689,0.003625,0.00373,0.003693,0.003693,0.003668,0.003525,0.003695949999999982,0.0036964399999999814,0.003666663333333339,0.003527756666666668
-0.156,0.003602,0.003604,0.003612,0.003634,0.003647,0.003665,0.003633,0.003611,0.003617,0.003652,0.003698,0.003636,0.003739,0.003702,0.003706,0.003676,0.003534,0.0037029299999999945,0.0037049433333333215,0.0036727233333333424,0.0035362833333333404
-0.152,0.00361,0.003612,0.00362,0.003642,0.003655,0.003671,0.003643,0.003619,0.003627,0.003663,0.003708,0.003647,0.003747,0.00371,0.003714,0.003685,0.003544,0.003711263333333332,0.003713709999999996,0.0036821333333333416,0.0035465799999999954
-0.148,0.003619,0.00362,0.003627,0.00365,0.003663,0.003677,0.003652,0.003628,0.003637,0.003674,0.003718,0.003659,0.003757,0.00372,0.003723,0.003694,0.003555,0.0037211999999999853,0.003723013333333335,0.0036916066666666664,0.003557683333333322
-0.144,0.003627,0.003627,0.003634,0.003658,0.00367,0.003683,0.003661,0.003635,0.003647,0.003684,0.003727,0.00367,0.003765,0.003727,0.00373,0.003703,0.003564,0.0037277700000000105,0.0037295166666666737,0.0036992266666666736,0.0035663366666666635
-0.14,0.003634,0.003633,0.00364,0.003665,0.003677,0.003688,0.003669,0.003642,0.003656,0.003693,0.003736,0.00368,0.003773,0.003735,0.003738,0.003711,0.003574,0.003741590000000016,0.00374203333333334,0.0037067733333333405,0.0035728866666666585
-0.136,0.003641,0.003639,0.003646,0.003672,0.003683,0.003693,0.003677,0.003648,0.003664,0.003703,0.003743,0.00369,0.00378,0.003742,0.003744,0.00372,0.003583,0.003747436666666674,0.0037476799999999924,0.0037165733333333188,0.0035818833333333302
-0.132,0.003648,0.003646,0.003652,0.003679,0.003691,0.003698,0.003685,0.003656,0.003674,0.003713,0.003752,0.003701,0.003788,0.00375,0.003752,0.00373,0.003592,0.0037506200000000023,0.0037512533333333192,0.003727453333333341,0.0035961333333333445
-0.128,0.003656,0.003652,0.003658,0.003685,0.003697,0.003703,0.003693,0.003661,0.003682,0.003724,0.00376,0.00371,0.003794,0.003757,0.003759,0.003743,0.003602,0.003761076666666674,0.003760963333333326,0.003740476666666683,0.003603126666666668
-0.124,0.003661,0.003657,0.003663,0.003691,0.003702,0.003708,0.003699,0.003667,0.00369,0.003732,0.003767,0.003718,0.003801,0.003765,0.003764,0.003753,0.00361,0.0037668300000000083,0.0037649899999999976,0.003750083333333337,0.0036091899999999982
-0.12,0.003667,0.003664,0.003668,0.003697,0.003708,0.003712,0.003706,0.003673,0.003698,0.003739,0.003774,0.003728,0.003808,0.003777,0.003771,0.003762,0.003619,0.003776723333333334,0.0037703699999999903,0.0037583900000000142,0.0036183666666666807
-0.116,0.003674,0.003669,0.003674,0.003703,0.003714,0.003718,0.003713,0.003679,0.003706,0.003747,0.003781,0.003737,0.003813,0.003795,0.003777,0.003768,0.003627,0.003792783333333328,0.003776529999999995,0.0037649833333333344,0.003628270000000014
-0.112,0.003679,0.003674,0.003679,0.003708,0.00372,0.003723,0.00372,0.003683,0.003713,0.003754,0.003787,0.003744,0.003819,0.003806,0.003783,0.003772,0.003636,0.0038042266666666546,0.0037829999999999973,0.003769163333333337,0.0036373666666666554
-0.108,0.003685,0.003679,0.003683,0.003713,0.003725,0.003727,0.003727,0.003688,0.00372,0.003761,0.003794,0.003753,0.003824,0.003812,0.003789,0.003776,0.003643,0.0038116233333333324,0.003790360000000009,0.0037746833333333315,0.0036439266666666525
-0.104,0.003689,0.003684,0.003688,0.003718,0.00373,0.003731,0.003733,0.003693,0.003727,0.003766,0.003799,0.003759,0.003828,0.003815,0.003798,0.003779,0.003651,0.003814553333333332,0.0037977833333333287,0.0037772499999999885,0.003651673333333323
-0.1,0.003694,0.003689,0.003693,0.003723,0.003735,0.003737,0.00374,0.003698,0.003735,0.003773,0.003805,0.003767,0.003834,0.003819,0.003813,0.003786,0.003659,0.003819230000000007,0.0038124700000000005,0.0037836866666666577,0.0036618633333333254
-0.096,0.003699,0.003693,0.003697,0.003726,0.00374,0.003741,0.003745,0.003703,0.003741,0.003778,0.00381,0.003774,0.003839,0.003823,0.003824,0.00379,0.003666,0.0038236966666666695,0.0038224933333333485,0.003788506666666652,0.0036679533333333174
-0.092,0.003703,0.003697,0.003701,0.00373,0.003743,0.003745,0.003749,0.003707,0.003747,0.003783,0.003815,0.00378,0.003843,0.003828,0.003829,0.003794,0.003673,0.003827926666666674,0.0038273966666666705,0.003791763333333329,0.0036735266666666753
-0.088,0.003707,0.003701,0.003704,0.003734,0.003748,0.003749,0.003754,0.003711,0.003754,0.003788,0.003819,0.003786,0.003847,0.003833,0.003832,0.003799,0.003681,0.003832083333333325,0.00383021999999999,0.0037947400000000048,0.0036796500000000187
-0.084,0.003712,0.003705,0.003709,0.003738,0.003752,0.003753,0.003758,0.003716,0.00376,0.003792,0.003824,0.003792,0.003851,0.003838,0.003834,0.003804,0.003689,0.0038379533333333347,0.003833899999999991,0.003803136666666668,0.0036907766666666878
-0.08,0.003715,0.003708,0.003712,0.003741,0.003756,0.003757,0.003762,0.00372,0.003764,0.003796,0.003828,0.003797,0.003855,0.003842,0.003837,0.003808,0.003696,0.0038414266666666674,0.0038363999999999946,0.0038069833333333426,0.0036985100000000073
-0.076,0.003719,0.003711,0.003715,0.003745,0.00376,0.00376,0.003765,0.003723,0.003769,0.0038,0.003831,0.003803,0.003858,0.003845,0.003841,0.003811,0.003704,0.0038443866666666667,0.003839893333333322,0.003809583333333339,0.0037040633333333436
-0.072,0.003722,0.003713,0.003718,0.003747,0.003763,0.003763,0.003768,0.003727,0.003773,0.003804,0.003835,0.003807,0.00386,0.003848,0.003844,0.003814,0.003712,0.003847336666666666,0.003842769999999985,0.0038125099999999964,0.0037111233333333438
-0.068,0.003726,0.003717,0.003722,0.00375,0.003767,0.003766,0.003772,0.003731,0.003778,0.003808,0.003839,0.003812,0.003864,0.003853,0.003848,0.003819,0.003722,0.0038531900000000055,0.0038474033333333346,0.00381753333333334,0.003725043333333339
-0.064,0.003729,0.003719,0.003724,0.003753,0.00377,0.003769,0.003774,0.003734,0.003782,0.003811,0.003841,0.003817,0.003867,0.003856,0.003851,0.003822,0.003731,0.0038560100000000017,0.0038502666666666856,0.0038213599999999998,0.0037334466666666746
-0.06,0.003732,0.00372,0.003726,0.003755,0.003773,0.003771,0.003776,0.003736,0.003785,0.003814,0.003844,0.00382,0.003869,0.003859,0.003853,0.003824,0.003738,0.003858699999999992,0.0038522633333333456,0.0038235866666666857,0.0037386933333333444
-0.056,0.003734,0.003722,0.003729,0.003758,0.003777,0.003774,0.003778,0.003739,0.003788,0.003816,0.003846,0.003824,0.003875,0.003862,0.003855,0.003827,0.003742,0.003861686666666674,0.00385428666666668,0.00382633333333335,0.0037433300000000082
-0.052,0.003737,0.003725,0.00373,0.00376,0.003779,0.003776,0.00378,0.003742,0.003792,0.003819,0.003848,0.003828,0.003888,0.003865,0.003857,0.003829,0.003746,0.0038653933333333357,0.0038566766666666696,0.0038293900000000046,0.0037485333333333445
-0.048,0.003738,0.003726,0.003732,0.003762,0.003781,0.003779,0.003781,0.003744,0.003794,0.003821,0.00385,0.003832,0.003901,0.003867,0.003858,0.003831,0.003748,0.0038679799999999944,0.003858359999999999,0.003831530000000001,0.00375168333333333
-0.044,0.003741,0.003729,0.003735,0.003765,0.003784,0.003783,0.003784,0.003747,0.003799,0.003825,0.003853,0.003836,0.003907,0.00387,0.003862,0.003834,0.003753,0.003870903333333342,0.003862136666666674,0.0038346133333333216,0.0037549133333333305
-0.04,0.003742,0.00373,0.003736,0.003764,0.003784,0.003785,0.003783,0.003749,0.0038,0.003825,0.003854,0.003839,0.003907,0.003871,0.003862,0.003836,0.003756,0.0038717299999999934,0.0038623233333333405,0.003835909999999983,0.0037573333333333334
-0.036,0.003742,0.003731,0.003737,0.003765,0.003785,0.003786,0.003784,0.00375,0.003803,0.003827,0.003855,0.003841,0.003906,0.003873,0.003863,0.003837,0.00376,0.003872980000000009,0.003862776666666647,0.0038371233333333345,0.003761049999999994
-0.032,0.003742,0.003731,0.003738,0.003764,0.003785,0.003786,0.003784,0.003751,0.003804,0.003828,0.003855,0.003844,0.003905,0.003874,0.003863,0.003838,0.003764,0.0038736833333333407,0.0038627433333333176,0.0038378600000000054,0.0037641966666666703
-0.028,0.00374,0.003731,0.003738,0.003763,0.003783,0.003784,0.003782,0.003751,0.003804,0.003827,0.003855,0.003844,0.003904,0.003873,0.003862,0.003838,0.003766,0.003873176666666675,0.0038620533333333412,0.003837920000000004,0.0037663333333333463
-0.024,0.00374,0.00373,0.003738,0.003762,0.003782,0.003783,0.003782,0.003752,0.003805,0.003827,0.003854,0.003846,0.003903,0.003874,0.003862,0.003838,0.00377,0.0038735800000000097,0.003861696666666674,0.0038380133333333383,0.0037697766666666896
-0.02,0.003739,0.00373,0.003738,0.00376,0.003781,0.003782,0.003781,0.003753,0.003805,0.003827,0.003854,0.003847,0.003903,0.003873,0.003861,0.003839,0.003773,0.003873136666666676,0.003861143333333327,0.00383860666666667,0.003771890000000022
-0.016,0.003736,0.003728,0.003737,0.003758,0.003779,0.003779,0.003779,0.003753,0.003805,0.003826,0.003852,0.003847,0.003901,0.003873,0.00386,0.003838,0.003774,0.003872933333333343,0.0038600533333333184,0.0038379233333333397,0.003773370000000017
-0.012,0.003734,0.003726,0.003735,0.003755,0.003776,0.003776,0.003777,0.003753,0.003804,0.003824,0.00385,0.003848,0.003899,0.003873,0.003858,0.003837,0.003777,0.0038739766666666727,0.003860086666666663,0.003838953333333334,0.0037773800000000034
-0.008,0.003731,0.003723,0.003733,0.003752,0.003773,0.003773,0.003774,0.003752,0.003803,0.003822,0.003848,0.003846,0.003896,0.003871,0.003855,0.003835,0.003777,0.003870903333333319,0.003855273333333346,0.003834476666666673,0.003775789999999997
-0.004,0.003729,0.003721,0.003731,0.003749,0.003771,0.00377,0.003772,0.003751,0.003802,0.003821,0.003846,0.003846,0.003894,0.003871,0.003854,0.003833,0.003779,0.0038705266666666507,0.0038543633333333505,0.0038331299999999915,0.0037763899999999893
0.0,0.003725,0.003717,0.003728,0.003745,0.003767,0.003766,0.003769,0.00375,0.003801,0.003818,0.003843,0.003845,0.003891,0.003869,0.003851,0.00383,0.00378,0.003868613333333326,0.003851816666666687,0.0038301399999999966,0.003776389999999992
0.004,0.003719,0.003711,0.003722,0.003739,0.003761,0.003759,0.003763,0.003744,0.003796,0.003813,0.003838,0.003841,0.003885,0.003865,0.003847,0.003825,0.003777,0.003864119999999996,0.0038468000000000066,0.0038239066666666583,0.0037747199999999988
0.008,0.003715,0.003707,0.003718,0.003735,0.003757,0.003755,0.00376,0.003742,0.003794,0.00381,0.003835,0.003839,0.003883,0.003863,0.003845,0.003821,0.003777,0.003862563333333315,0.0038452900000000073,0.003821243333333331,0.0037746466666666654
0.012,0.003711,0.003703,0.003714,0.00373,0.003752,0.00375,0.003756,0.003739,0.003792,0.003807,0.003831,0.003838,0.003879,0.00386,0.003843,0.003818,0.003777,0.0038599933333333166,0.00384341666666668,0.0038178166666666697,0.003773866666666666
0.016,0.003706,0.003699,0.003709,0.003725,0.003747,0.003745,0.003751,0.003736,0.003788,0.003803,0.003828,0.003835,0.003876,0.003857,0.00384,0.003814,0.003777,0.0038570333333333316,0.0038408233333333333,0.003814743333333328,0.003772923333333334
0.02,0.0037,0.003693,0.003705,0.003719,0.003742,0.003739,0.003747,0.003732,0.003786,0.003799,0.003823,0.003832,0.003872,0.003854,0.003837,0.00381,0.003776,0.0038538333333333437,0.0038376699999999996,0.0038104899999999984,0.0037731066666666702
0.024,0.003694,0.003687,0.003699,0.003713,0.003736,0.003733,0.003741,0.003727,0.003781,0.003794,0.003819,0.003829,0.003867,0.003849,0.003833,0.003805,0.003774,0.003849366666666665,0.0038338833333333242,0.003805783333333328,0.003770200000000015
0.028,0.003689,0.003681,0.003693,0.003707,0.003731,0.003727,0.003736,0.003723,0.003778,0.00379,0.003814,0.003826,0.003863,0.003846,0.003828,0.0038,0.003773,0.0038459133333333373,0.0038292166666666736,0.0038004600000000077,0.003768720000000019
0.032,0.003682,0.003674,0.003687,0.003701,0.003724,0.00372,0.00373,0.003719,0.003773,0.003785,0.00381,0.003822,0.003859,0.003841,0.003824,0.003795,0.003772,0.0038422666666666576,0.0038254766666666845,0.0037944733333333297,0.0037662966666666803
0.036,0.003675,0.003667,0.00368,0.003694,0.003717,0.003712,0.003724,0.003713,0.003769,0.003779,0.003804,0.003818,0.003853,0.003836,0.003818,0.00379,0.00377,0.003836536666666649,0.0038191533333333375,0.0037886166666666553,0.0037626866666666844
0.04,0.003668,0.003659,0.003673,0.003686,0.003709,0.003705,0.003718,0.003708,0.003764,0.003774,0.003799,0.003814,0.003848,0.003831,0.003813,0.003784,0.003768,0.0038319033333333286,0.0038142833333333266,0.0037841300000000006,0.0037625800000000028
0.044,0.00366,0.003651,0.003666,0.003679,0.003702,0.003697,0.003711,0.003702,0.00376,0.003769,0.003793,0.003811,0.003843,0.003826,0.003807,0.003778,0.003766,0.003828893333333341,0.0038104033333333245,0.0037788233333333264,0.0037600933333333387
0.048,0.003652,0.003642,0.003658,0.00367,0.003694,0.003688,0.003703,0.003696,0.003754,0.003762,0.003787,0.003806,0.003837,0.00382,0.0038,0.003769,0.003763,0.0038224433333333414,0.003803353333333346,0.003768613333333333,0.0037522066666666547
0.052,0.003643,0.003633,0.003649,0.003661,0.003685,0.003679,0.003695,0.003688,0.003747,0.003755,0.003779,0.003801,0.00383,0.003813,0.003793,0.003763,0.00376,0.0038165866666666614,0.003797513333333342,0.003764293333333318,0.003750766666666659
0.056,0.003633,0.003622,0.003639,0.003651,0.003675,0.003668,0.003686,0.003681,0.003741,0.003747,0.003771,0.003796,0.003822,0.003804,0.003784,0.003755,0.003756,0.0038086466666666604,0.003788906666666673,0.0037541066666666465,0.0037438333333333343
0.06,0.003625,0.003613,0.003631,0.003643,0.003667,0.00366,0.003678,0.003674,0.003735,0.003741,0.003765,0.003792,0.003815,0.003798,0.003776,0.003747,0.003754,0.0038047066666666543,0.003784606666666668,0.0037517466666666453,0.003744120000000011
0.064,0.003614,0.003602,0.003621,0.003632,0.003656,0.003649,0.003668,0.003666,0.003728,0.003732,0.003756,0.003787,0.003807,0.00379,0.003767,0.003738,0.00375,0.0037967366666666513,0.0037753566666666643,0.003742100000000004,0.003741020000000003
0.068,0.003603,0.00359,0.00361,0.003621,0.003645,0.003637,0.003658,0.003656,0.00372,0.003723,0.003746,0.003781,0.003798,0.003781,0.003756,0.003728,0.003745,0.0037862100000000108,0.003762783333333334,0.003727793333333318,0.0037335433333333403
0.072,0.003593,0.003578,0.003599,0.00361,0.003634,0.003625,0.003647,0.003647,0.003712,0.003714,0.003737,0.003777,0.003788,0.00377,0.003746,0.003717,0.00374,0.0037712400000000177,0.003747843333333345,0.003715186666666655,0.0037308233333333343
0.076,0.003581,0.003566,0.003588,0.003599,0.003622,0.003613,0.003636,0.003637,0.003704,0.003704,0.003727,0.003776,0.003778,0.00376,0.003734,0.003705,0.003735,0.0037634599999999984,0.0037392266666666694,0.003708606666666658,0.0037307066666666796
0.08,0.003569,0.003553,0.003576,0.003587,0.00361,0.003601,0.003624,0.003627,0.003694,0.003693,0.003716,0.003776,0.003768,0.003748,0.003722,0.003693,0.003729,0.003750246666666659,0.0037262866666666655,0.003699303333333317,0.0037306000000000023
0.084,0.003557,0.00354,0.003563,0.003574,0.003597,0.003587,0.003612,0.003615,0.003684,0.003681,0.003706,0.003773,0.003757,0.003736,0.003709,0.003681,0.003723,0.0037405366666666538,0.0037158433333333205,0.0036900133333333434,0.0037263166666666684
0.088,0.003544,0.003525,0.00355,0.003561,0.003584,0.003573,0.003599,0.003603,0.003673,0.003669,0.003696,0.003764,0.003744,0.003723,0.003696,0.003667,0.003716,0.003726723333333335,0.0037024499999999978,0.0036768299999999986,0.0037181133333333482
0.092,0.003531,0.003511,0.003538,0.003548,0.00357,0.00356,0.003587,0.003591,0.003663,0.003656,0.003689,0.003754,0.003731,0.00371,0.003682,0.003654,0.003709,0.0037171000000000014,0.0036918066666666565,0.0036664333333333464,0.0037133033333333256
0.096,0.003518,0.003497,0.003524,0.003534,0.003556,0.003546,0.003573,0.003578,0.00365,0.003643,0.003677,0.003741,0.003718,0.003696,0.003669,0.003641,0.003702,0.003700820000000001,0.0036761800000000024,0.003651163333333338,0.003703883333333331
0.1,0.003503,0.003482,0.00351,0.00352,0.003542,0.003531,0.003558,0.003565,0.003638,0.003629,0.003663,0.003727,0.003703,0.003682,0.003654,0.003626,0.003692,0.003687646666666656,0.0036622433333333465,0.003637776666666669,0.00369696333333334
0.104,0.003489,0.003467,0.003496,0.003505,0.003528,0.003516,0.003545,0.003552,0.003625,0.003615,0.003648,0.003714,0.003689,0.003667,0.00364,0.003612,0.003683,0.0036758566666666593,0.0036510699999999984,0.003627329999999985,0.003690366666666671
0.108,0.003475,0.003451,0.003481,0.003491,0.003513,0.003501,0.00353,0.003539,0.003612,0.0036,0.003632,0.0037,0.003674,0.003653,0.003625,0.003597,0.003673,0.0036646233333333324,0.0036398666666666592,0.003616466666666655,0.0036822066666666793
0.112,0.00346,0.003435,0.003466,0.003476,0.003498,0.003486,0.003515,0.003524,0.003599,0.003588,0.003615,0.003686,0.003659,0.003638,0.003609,0.003582,0.003662,0.0036509066666666756,0.003627059999999987,0.0036059966666666518,0.0036708666666666876
0.116,0.003445,0.003419,0.003451,0.003461,0.003482,0.00347,0.0035,0.00351,0.003584,0.003584,0.003599,0.003672,0.003644,0.003622,0.003594,0.003567,0.00365,0.0036360866666666756,0.0036145899999999983,0.0035965499999999974,0.003663200000000007
0.12,0.003429,0.003402,0.003436,0.003445,0.003467,0.003454,0.003484,0.003495,0.00357,0.003577,0.003582,0.003656,0.003627,0.003607,0.003578,0.003551,0.003638,0.003619180000000009,0.0035987133333333335,0.0035805933333333305,0.0036459000000000088
0.124,0.003415,0.003386,0.003421,0.00343,0.003451,0.003439,0.003469,0.003482,0.003556,0.003564,0.003566,0.003642,0.003612,0.003592,0.003564,0.003537,0.003626,0.003602523333333346,0.0035801300000000012,0.003559620000000002,0.0036299700000000015
0.128,0.003399,0.00337,0.003405,0.003415,0.003435,0.003423,0.003453,0.003467,0.003541,0.003548,0.00355,0.003626,0.003596,0.003576,0.003548,0.003521,0.003613,0.003587203333333344,0.0035670000000000007,0.003547740000000003,0.0036195933333333288
0.132,0.003383,0.003354,0.003389,0.003399,0.003419,0.003407,0.003437,0.003451,0.003526,0.003531,0.003533,0.00361,0.003579,0.003559,0.003531,0.003505,0.003599,0.0035707866666666627,0.003549629999999984,0.0035301833333333263,0.0036070333333333353
0.136,0.003367,0.003337,0.003373,0.003384,0.003403,0.003391,0.003421,0.003437,0.00351,0.003514,0.003517,0.003594,0.003563,0.003543,0.003516,0.003489,0.003586,0.003554186666666659,0.0035331566666666554,0.003513826666666659,0.0035943433333333295
0.14,0.003352,0.003321,0.003358,0.003368,0.003387,0.003375,0.003404,0.003422,0.003494,0.003498,0.0035,0.003578,0.003546,0.003528,0.0035,0.003473,0.003572,0.0035387966666666558,0.0035170199999999857,0.0034968333333333214,0.0035834400000000015
0.144,0.003336,0.003304,0.003342,0.003352,0.003371,0.003358,0.003387,0.003406,0.003479,0.003481,0.003483,0.003562,0.003529,0.003511,0.003483,0.003457,0.003558,0.0035291966666666746,0.0035097733333333326,0.003493356666666678,0.0035758299999999864
0.148,0.00332,0.003287,0.003326,0.003336,0.003355,0.003342,0.003369,0.00339,0.003473,0.003464,0.003465,0.003545,0.003512,0.003495,0.003467,0.003441,0.003544,0.003513766666666678,0.0034945966666666663,0.0034796400000000143,0.0035637599999999935
0.152,0.003304,0.003271,0.00331,0.00332,0.003338,0.003326,0.003355,0.003375,0.003464,0.003448,0.003448,0.003528,0.003495,0.003478,0.00345,0.003425,0.003529,0.0034870833333333295,0.003464909999999984,0.003443423333333343,0.003534356666666664
0.156,0.003289,0.003255,0.003294,0.003306,0.003323,0.00331,0.003353,0.003359,0.00345,0.003432,0.003431,0.003511,0.003479,0.003461,0.003435,0.003409,0.003515,0.0034760600000000126,0.003458559999999991,0.003439079999999997,0.003525623333333341
0.16,0.003273,0.003239,0.003279,0.00329,0.003307,0.003294,0.003346,0.003345,0.003434,0.003415,0.003415,0.003495,0.003462,0.003445,0.003419,0.003393,0.0035,0.003460496666666674,0.0034450199999999866,0.0034257199999999906,0.0035079833333333216
0.164,0.003257,0.003223,0.003263,0.003274,0.003291,0.003278,0.003332,0.003328,0.003418,0.003398,0.003397,0.003477,0.003445,0.003428,0.003402,0.003377,0.003485,0.0034355899999999923,0.0034148333333333396,0.0033948799999999877,0.0034871933333333197
0.168,0.003242,0.003207,0.003248,0.003259,0.003275,0.003262,0.003317,0.003313,0.0034,0.003382,0.00338,0.00346,0.003428,0.003412,0.003386,0.003362,0.003469,0.0034176966666666585,0.0033976466666666666,0.0033787433333333206,0.0034702066666666507
0.172,0.003227,0.003192,0.003233,0.003245,0.00326,0.003247,0.003301,0.003298,0.003384,0.003365,0.003364,0.003443,0.003412,0.003396,0.00337,0.003346,0.003454,0.00340697333333332,0.003387946666666662,0.003371759999999989,0.0034592133333333263
0.176,0.003211,0.003176,0.003217,0.003229,0.003244,0.003232,0.003285,0.003282,0.003368,0.003349,0.003347,0.003425,0.003395,0.00338,0.003355,0.00333,0.003438,0.0033918800000000107,0.003373739999999997,0.0033576533333333487,0.0034477466666666817
0.18,0.003196,0.00316,0.003202,0.003214,0.003229,0.003216,0.003269,0.003268,0.003351,0.003332,0.00333,0.003408,0.003379,0.003363,0.003339,0.003315,0.003422,0.0033731966666666704,0.0033554499999999916,0.0033374866666666596,0.0034264733333333464
0.184,0.003181,0.003145,0.003187,0.0032,0.003213,0.003201,0.003253,0.003252,0.003335,0.003316,0.003314,0.003391,0.003362,0.003347,0.003323,0.0033,0.003406,0.003358126666666662,0.0033407899999999906,0.0033207899999999897,0.003406183333333346
0.188,0.003167,0.003131,0.003173,0.003186,0.003199,0.003187,0.003238,0.003238,0.00332,0.0033,0.003299,0.003375,0.003347,0.003332,0.003308,0.003285,0.003391,0.0033437766666666656,0.0033266866666666556,0.0033108433333333236,0.0033971766666666754
0.192,0.003153,0.003116,0.003158,0.003171,0.003184,0.003172,0.003223,0.003223,0.003305,0.003285,0.003284,0.003358,0.003331,0.003317,0.003293,0.00327,0.003375,0.0033261233333333378,0.003308659999999994,0.0032910566666666643,0.003369366666666674
0.196,0.003137,0.003102,0.003144,0.003157,0.003169,0.003158,0.003209,0.003209,0.003288,0.003268,0.003267,0.003341,0.003316,0.003301,0.003278,0.003255,0.003359,0.003308343333333333,0.003291693333333334,0.0032762100000000047,0.0033593666666666662
0.2,0.003124,0.003088,0.00313,0.003143,0.003155,0.003144,0.003194,0.003195,0.003273,0.003253,0.003253,0.003324,0.0033,0.003286,0.003263,0.003241,0.003343,0.0032874333333333407,0.0032694433333333374,0.003252546666666678,0.0033347899999999933
0.204,0.00311,0.003074,0.003116,0.00313,0.003142,0.00313,0.003181,0.003181,0.003258,0.003239,0.003238,0.003309,0.003285,0.003272,0.00325,0.003227,0.003328,0.003275116666666678,0.003257256666666654,0.0032388133333333307,0.0033240433333333306
0.208,0.003096,0.003061,0.003103,0.003117,0.003128,0.003116,0.003167,0.003167,0.003243,0.003224,0.003223,0.003292,0.003272,0.003257,0.003235,0.003213,0.003313,0.00326414999999999,0.003246959999999991,0.0032293933333333415,0.003307716666666669
0.212,0.003083,0.003047,0.003089,0.003103,0.003114,0.003102,0.003153,0.003153,0.003229,0.003209,0.003209,0.003276,0.003256,0.003243,0.003221,0.003198,0.003297,0.0032491299999999955,0.003233003333333337,0.003215600000000009,0.0032898666666666635
0.216,0.003068,0.003034,0.003075,0.00309,0.003099,0.003089,0.003139,0.003139,0.003213,0.003194,0.003194,0.00326,0.003242,0.003228,0.003207,0.003185,0.003281,0.0032320766666666697,0.0032176566666666574,0.003202203333333328,0.003269129999999993
0.22,0.003056,0.003021,0.003063,0.003078,0.003086,0.003076,0.003127,0.003127,0.0032,0.003181,0.003181,0.003245,0.003229,0.003215,0.003194,0.003172,0.003267,0.0032204399999999946,0.003205920000000005,0.003190199999999987,0.0032592266666666768
0.224,0.003043,0.003008,0.00305,0.003065,0.003072,0.003062,0.003114,0.003114,0.003186,0.003167,0.003167,0.003231,0.003215,0.003201,0.003181,0.003159,0.003252,0.0032067266666666707,0.0031934033333333293,0.0031771633333333416,0.0032418166666666752
0.228,0.00303,0.002995,0.003037,0.003052,0.003056,0.003047,0.003101,0.003101,0.003172,0.003153,0.003153,0.003216,0.003201,0.003187,0.003167,0.003146,0.003237,0.003191260000000015,0.0031767833333333382,0.0031607266666666602,0.0032254966666666798
0.232,0.003018,0.002983,0.003025,0.00304,0.003045,0.003033,0.003088,0.003088,0.003158,0.00314,0.00314,0.003202,0.003188,0.003174,0.003154,0.003133,0.003222,0.00317916333333334,0.0031654699999999945,0.003150673333333348,0.0032149433333333163
0.236,0.003006,0.002972,0.003013,0.003028,0.003044,0.003023,0.003076,0.003076,0.003145,0.003127,0.003127,0.003188,0.003175,0.003161,0.003142,0.003122,0.003208,0.0031661299999999953,0.0031521966666666545,0.0031364033333333274,0.0031987566666666595
0.24,0.002994,0.00296,0.003001,0.003016,0.003044,0.003023,0.003064,0.003065,0.003132,0.003114,0.003114,0.003174,0.003162,0.003149,0.00313,0.003109,0.003194,0.0031546233333333224,0.0031400233333333245,0.003124980000000002,0.00319144666666667
0.244,0.002982,0.002948,0.002989,0.003005,0.003035,0.003024,0.003052,0.003053,0.003119,0.003101,0.003101,0.00316,0.003149,0.003137,0.003117,0.003097,0.00318,0.0031416599999999815,0.0031267033333333407,0.003113936666666675,0.0031766066666666583
0.248,0.00297,0.002936,0.002977,0.002993,0.003024,0.003016,0.00304,0.00304,0.003105,0.003088,0.003088,0.003147,0.003136,0.003123,0.003104,0.003085,0.003166,0.003128736666666655,0.003113443333333332,0.0030982566666666704,0.0031646499999999985
0.252,0.002958,0.002925,0.002966,0.002981,0.003014,0.003006,0.003029,0.003029,0.003094,0.003077,0.003077,0.003135,0.003124,0.003111,0.003093,0.003073,0.003153,0.003118626666666652,0.0031052433333333402,0.0030889566666666636,0.00315162999999999
0.256,0.002947,0.002914,0.002954,0.002969,0.003002,0.002995,0.003017,0.003018,0.003081,0.003064,0.003065,0.003122,0.003112,0.003099,0.003081,0.003062,0.00314,0.0031075999999999873,0.0030940100000000016,0.003080476666666671,0.0031434566666666704
0.26,0.002935,0.002903,0.002943,0.002956,0.002991,0.002984,0.003006,0.003006,0.003069,0.003052,0.003052,0.003109,0.0031,0.003087,0.003069,0.00305,0.003127,0.0030935499999999844,0.0030788199999999943,0.0030644199999999996,0.0031274233333333274
0.264,0.002924,0.002892,0.002932,0.002947,0.00298,0.002973,0.002995,0.002996,0.003058,0.003041,0.003041,0.003098,0.003089,0.003076,0.003059,0.00304,0.003114,0.0030821266666666578,0.0030676866666666724,0.003052920000000007,0.003116093333333322
0.268,0.002912,0.002882,0.002922,0.002947,0.00297,0.002962,0.002985,0.002985,0.003046,0.003029,0.00303,0.003086,0.003077,0.003065,0.003048,0.003029,0.003102,0.003072033333333326,0.0030587533333333466,0.0030433599999999876,0.003100913333333344
0.272,0.002899,0.002872,0.002911,0.002944,0.002959,0.002952,0.002974,0.002974,0.003034,0.003018,0.003019,0.003074,0.003066,0.003053,0.003037,0.003019,0.003089,0.003059706666666655,0.003047473333333327,0.0030352833333333264,0.003087940000000005
0.276,0.00289,0.002861,0.0029,0.002936,0.002948,0.002941,0.002963,0.002963,0.003023,0.003006,0.003008,0.003063,0.003055,0.003043,0.003026,0.003008,0.003077,0.003049966666666673,0.0030360966666666523,0.003021053333333337,0.0030701433333333314
0.28,0.002891,0.002851,0.002889,0.002925,0.002938,0.00293,0.002953,0.002952,0.003011,0.002995,0.002997,0.003051,0.003043,0.003031,0.003015,0.002998,0.003064,0.003036333333333339,0.003022766666666658,0.0030107099999999846,0.003063319999999988
0.284,0.002892,0.002841,0.002879,0.002916,0.002928,0.00292,0.002943,0.002943,0.003,0.002985,0.002987,0.00304,0.003033,0.003021,0.003005,0.002989,0.003053,0.0030278033333333435,0.0030148600000000046,0.0030061966666666716,0.0030529866666666565
0.288,0.002884,0.002831,0.002869,0.002906,0.002918,0.00291,0.002932,0.002932,0.002989,0.002974,0.002976,0.003029,0.003023,0.003011,0.002995,0.00298,0.003041,0.0030166333333333266,0.0030045633333333297,0.0029961833333333253,0.003041033333333325
0.292,0.002874,0.002821,0.002859,0.002897,0.002908,0.0029,0.002922,0.002922,0.002979,0.002963,0.002966,0.003018,0.003012,0.003,0.002985,0.00297,0.003029,0.003004523333333334,0.002992700000000006,0.002985480000000003,0.0030306399999999855
0.296,0.002865,0.002811,0.002848,0.002887,0.002898,0.002891,0.002912,0.002912,0.002969,0.002952,0.002956,0.003007,0.003002,0.00299,0.002976,0.00296,0.003018,0.0029947100000000115,0.0029832099999999927,0.0029727433333333283,0.003018613333333325
0.3,0.002856,0.002802,0.002839,0.002878,0.002888,0.002881,0.002903,0.002903,0.002958,0.002942,0.002947,0.002996,0.002992,0.002981,0.002967,0.002951,0.003008,0.002986170000000005,0.0029746400000000128,0.0029637600000000084,0.0030087133333333398
0.304,0.002846,0.002792,0.002828,0.002868,0.002879,0.002872,0.002893,0.002893,0.002948,0.002933,0.002937,0.002986,0.002982,0.002971,0.002957,0.002943,0.002997,0.0029756133333333212,0.0029637599999999937,0.0029545066666666685,0.002998080000000014
0.308,0.002837,0.002784,0.002817,0.002859,0.002869,0.002862,0.002884,0.002884,0.002937,0.002923,0.002927,0.002975,0.002973,0.002962,0.002948,0.002933,0.002986,0.002967586666666672,0.0029566033333333222,0.002947639999999995,0.0029890000000000125
0.312,0.002827,0.002773,0.002805,0.002849,0.00286,0.002852,0.002874,0.002873,0.002927,0.002912,0.002918,0.002964,0.002963,0.002952,0.002938,0.002924,0.002975,0.0029558166666666576,0.002944743333333329,0.002935723333333341,0.00297401999999999
0.316,0.002817,0.002765,0.002797,0.00284,0.002851,0.002844,0.002865,0.002864,0.002918,0.002903,0.002909,0.002955,0.002954,0.002943,0.00293,0.002917,0.002966,0.0029484633333333355,0.002938403333333328,0.0029301466666666583,0.002966370000000007
0.32,0.002809,0.002756,0.002798,0.002832,0.002842,0.002835,0.002856,0.002855,0.002908,0.002894,0.0029,0.002945,0.002945,0.002935,0.002922,0.002908,0.002956,0.002937883333333344,0.002928029999999993,0.0029187833333333417,0.0029534799999999892
0.324,0.002799,0.002747,0.002801,0.002822,0.002832,0.002826,0.002847,0.002845,0.002898,0.002884,0.002891,0.002935,0.002936,0.002926,0.002913,0.002901,0.002946,0.0029303699999999955,0.002920620000000015,0.0029137033333333424,0.00294732
0.328,0.002791,0.002738,0.002795,0.002814,0.002824,0.002817,0.002838,0.002837,0.00289,0.002876,0.002882,0.002925,0.002928,0.002917,0.002905,0.002893,0.002937,0.002921523333333318,0.0029117333333333445,0.002903613333333341,0.0029380066666666615
0.332,0.002783,0.002729,0.002787,0.002806,0.002815,0.002809,0.00283,0.002833,0.002881,0.002867,0.002874,0.002916,0.002919,0.00291,0.002898,0.002885,0.002928,0.0029138966666666585,0.00290401999999999,0.0028964733333333463,0.0029288633333333443
0.336,0.002774,0.002721,0.002779,0.002796,0.002807,0.0028,0.002821,0.002833,0.002872,0.002858,0.002865,0.002906,0.002911,0.002901,0.00289,0.002878,0.002919,0.002904740000000005,0.0028955099999999874,0.0028877300000000124,0.002921010000000005
0.34,0.002766,0.002713,0.002771,0.002788,0.002798,0.002792,0.002813,0.002829,0.002863,0.00285,0.002857,0.002897,0.002903,0.002894,0.002882,0.002871,0.00291,0.0028981166666666564,0.002888336666666679,0.002881466666666658,0.0029132766666666626
0.344,0.002757,0.002705,0.002762,0.00278,0.00279,0.002783,0.002804,0.002822,0.002854,0.002842,0.002848,0.002888,0.002895,0.002886,0.002875,0.002864,0.002901,0.002889566666666678,0.0028804066666666605,0.00287346999999999,0.0029036233333333415
0.348,0.00275,0.002697,0.002754,0.002772,0.002782,0.002776,0.002797,0.002814,0.002846,0.002834,0.002841,0.00288,0.002888,0.002879,0.002868,0.002857,0.002893,0.00288319666666666,0.0028740499999999926,0.0028662566666666643,0.002894816666666677
0.352,0.002741,0.002689,0.002746,0.002764,0.002773,0.002768,0.002789,0.002805,0.002838,0.002826,0.002833,0.002871,0.002881,0.002872,0.002861,0.002851,0.002885,0.0028757033333333274,0.0028666200000000003,0.002860470000000013,0.0028872366666666802
0.356,0.002733,0.00268,0.002738,0.002756,0.002765,0.00276,0.00278,0.002797,0.002829,0.002818,0.002825,0.002863,0.002873,0.002865,0.002855,0.002844,0.0028770000000000002,0.0028671533333333396,0.0028584233333333463,0.002850236666666661,0.0028773100000000092
0.36,0.002725,0.002673,0.002731,0.002748,0.002758,0.002753,0.002773,0.002789,0.002821,0.002811,0.002817,0.002855,0.002867,0.002858,0.002848,0.002838,0.002869,0.0028604700000000147,0.0028513833333333283,0.0028451600000000024,0.0028730033333333373
0.364,0.002719,0.002667,0.002724,0.002742,0.002751,0.002746,0.002767,0.002782,0.002814,0.002806,0.002811,0.002849,0.002862,0.002854,0.002844,0.002834,0.002863,0.0028556633333333466,0.0028461299999999927,0.002838073333333337,0.0028643633333333214
0.368,0.002712,0.002659,0.002717,0.002735,0.002744,0.002739,0.002759,0.002774,0.002807,0.002798,0.002804,0.002841,0.002856,0.002848,0.002838,0.002828,0.002856,0.0028510699999999972,0.002842016666666668,0.0028342633333333475,0.002857769999999994
0.372,0.002704,0.002652,0.002709,0.002727,0.002736,0.002731,0.002752,0.002766,0.002798,0.002791,0.002797,0.002833,0.00285,0.002843,0.002833,0.002823,0.002849,0.002844883333333342,0.0028362866666666563,0.002827133333333346,0.002848419999999993
0.376,0.002697,0.002645,0.002702,0.002719,0.002729,0.002724,0.002745,0.002759,0.002791,0.002784,0.00279,0.002826,0.002845,0.002838,0.002829,0.002819,0.002841,0.0028394600000000046,0.0028315999999999953,0.002823313333333342,0.0028415799999999933
0.38,0.002689,0.002638,0.002695,0.002713,0.002722,0.002718,0.002738,0.002753,0.002784,0.002778,0.002785,0.00282,0.002841,0.002834,0.002825,0.002815,0.002835,0.0028360266666666717,0.002828453333333328,0.0028204733333333414,0.002836280000000003
0.384,0.002682,0.002631,0.002688,0.002706,0.002715,0.002711,0.002732,0.002747,0.002777,0.002772,0.002779,0.002814,0.002837,0.002831,0.002822,0.002812,0.002828,0.002832210000000013,0.0028243233333333294,0.002816403333333339,0.0028293266666666785
0.388,0.002675,0.002624,0.00268,0.002699,0.002709,0.002705,0.002725,0.002741,0.00277,0.002765,0.002774,0.002807,0.002834,0.002828,0.002819,0.002809,0.002821,0.0028288100000000128,0.0028208900000000025,0.002812003333333324,0.0028211366666666634
0.392,0.002668,0.002617,0.002674,0.002693,0.002702,0.002699,0.00272,0.002735,0.002764,0.00276,0.002769,0.002802,0.002831,0.002825,0.002817,0.002808,0.002816,0.0028266599999999965,0.0028185266666666607,0.00281,0.0028164533333333384
0.396,0.002661,0.002609,0.002667,0.002686,0.002696,0.002693,0.002714,0.00273,0.002758,0.002755,0.002764,0.002797,0.00283,0.002825,0.002816,0.002806,0.00281,0.0028249866666666622,0.0028166500000000026,0.0028075933333333233,0.002811059999999993
0.4,0.002655,0.002602,0.00266,0.00268,0.00269,0.002687,0.002709,0.002725,0.002752,0.002749,0.00276,0.002793,0.002828,0.002823,0.002814,0.002805,0.002805,0.00282365333333334,0.0028151866666666597,0.0028068799999999834,0.0028058133333333174
0.404,0.002648,0.002595,0.002654,0.002673,0.002684,0.002681,0.002703,0.00272,0.002747,0.002744,0.002757,0.002789,0.002827,0.002822,0.002813,0.002804,0.002799,0.002823059999999997,0.0028145766666666577,0.002804466666666664,0.002797839999999993
0.408,0.002641,0.002587,0.002647,0.002668,0.002678,0.002676,0.002697,0.002715,0.002741,0.002739,0.002753,0.002785,0.002825,0.002822,0.002812,0.002802,0.002795,0.00282275666666666,0.0028131066666666734,0.0028042533333333284,0.00279639666666666
0.412,0.002635,0.002581,0.002642,0.002662,0.002673,0.00267,0.002692,0.002711,0.002736,0.002736,0.002751,0.002783,0.002825,0.002822,0.002811,0.002802,0.002791,0.002822793333333327,0.002812846666666671,0.002804663333333329,0.0027936733333333258
0.416,0.002627,0.002577,0.002634,0.002654,0.002666,0.002664,0.002686,0.002706,0.002731,0.00273,0.002747,0.002781,0.002822,0.002821,0.002809,0.002799,0.002787,0.0028207799999999967,0.002809673333333321,0.002800833333333333,0.002788723333333325
0.42,0.002621,0.002579,0.002628,0.002649,0.00266,0.002658,0.002681,0.002701,0.002726,0.002726,0.002744,0.002779,0.002821,0.00282,0.002806,0.002796,0.002783,0.0028204233333333426,0.002807326666666655,0.0027984833333333427,0.0027854833333333245
0.424,0.002615,0.002579,0.002622,0.002643,0.002654,0.002653,0.002675,0.002697,0.002722,0.002722,0.002741,0.002778,0.002818,0.002819,0.002803,0.002793,0.002781,0.0028199500000000034,0.002805706666666667,0.0027978033333333437,0.0027869500000000037
0.428,0.002609,0.002576,0.002616,0.002637,0.002648,0.002647,0.002671,0.002693,0.002718,0.002719,0.002738,0.002777,0.002815,0.002817,0.0028,0.002789,0.00278,0.0028174833333333258,0.002801536666666677,0.002792856666666676,0.0027839866666666685
0.432,0.002603,0.00257,0.00261,0.00263,0.002642,0.002641,0.002665,0.002689,0.002714,0.002714,0.002735,0.002777,0.002811,0.002814,0.002794,0.002784,0.002778,0.002815436666666658,0.002799606666666663,0.002791583333333341,0.002783566666666655
0.436,0.002597,0.002564,0.002603,0.002624,0.002636,0.002635,0.002659,0.002684,0.002709,0.00271,0.002729,0.002776,0.002805,0.00281,0.002787,0.002777,0.002778,0.00281449999999999,0.002800473333333327,0.002799056666666672,0.0027949833333333176
0.44,0.002591,0.002558,0.002597,0.002618,0.00263,0.002628,0.002653,0.002678,0.002705,0.002704,0.002723,0.002774,0.002798,0.002804,0.002779,0.002768,0.002777,0.002807280000000002,0.00278905999999999,0.0027849499999999965,0.002787863333333331
0.444,0.002585,0.002553,0.002592,0.002612,0.002624,0.002622,0.002647,0.002673,0.0027,0.002698,0.002717,0.002772,0.00279,0.002797,0.00277,0.002759,0.002778,0.002798876666666679,0.0027779566666666726,0.0027720099999999927,0.002784286666666656
0.448,0.002579,0.002547,0.002586,0.002606,0.002618,0.002616,0.002641,0.002666,0.002695,0.002692,0.00271,0.002768,0.00278,0.002788,0.002759,0.002749,0.002777,0.0027899866666666762,0.002766369999999994,0.0027597166666666643,0.002779963333333333
0.452,0.002574,0.002541,0.00258,0.0026,0.002612,0.00261,0.002635,0.002659,0.002689,0.002685,0.002701,0.002763,0.002769,0.002778,0.002748,0.002738,0.002776,0.002778753333333322,0.002757029999999988,0.002751576666666674,0.0027779700000000003
0.456,0.002569,0.002535,0.002574,0.002594,0.002606,0.002603,0.002628,0.002653,0.002683,0.002678,0.002692,0.002757,0.002757,0.002766,0.002736,0.002726,0.002775,0.0027663600000000068,0.0027415866666666558,0.0027361633333333386,0.0027759600000000005
0.46,0.002564,0.00253,0.002568,0.002589,0.0026,0.002598,0.002623,0.002645,0.002676,0.00267,0.002683,0.002749,0.002745,0.002755,0.002724,0.002718,0.002773,0.002756323333333325,0.0027311966666666537,0.0027272999999999993,0.002770756666666678
0.464,0.002558,0.002525,0.002563,0.002583,0.002594,0.002591,0.002617,0.002638,0.002669,0.002661,0.002673,0.002741,0.002733,0.002741,0.002712,0.002703,0.00277,0.002742899999999996,0.002719183333333341,0.0027150766666666727,0.0027677066666666784
0.468,0.002554,0.002519,0.002557,0.002578,0.002588,0.002586,0.002611,0.00263,0.002662,0.002653,0.002663,0.002731,0.002721,0.002729,0.0027,0.002692,0.002765,0.002730543333333328,0.002706590000000009,0.0027019033333333465,0.0027623066666666745
0.472,0.002549,0.002514,0.002552,0.002572,0.002582,0.002579,0.002605,0.002622,0.002654,0.002645,0.002653,0.002719,0.002709,0.002716,0.002689,0.002681,0.002759,0.002719193333333345,0.0026964300000000114,0.0026933733333333407,0.0027573899999999937
0.476,0.002544,0.002509,0.002547,0.002567,0.002577,0.002574,0.0026,0.002615,0.002647,0.002636,0.002644,0.002708,0.002697,0.002703,0.002678,0.00267,0.002751,0.002705233333333342,0.002684839999999997,0.0026813833333333248,0.002745583333333324
0.48,0.00254,0.002504,0.002542,0.002562,0.002572,0.002568,0.002594,0.002608,0.002639,0.002628,0.002634,0.002695,0.002687,0.002692,0.002668,0.00266,0.002742,0.0026943833333333434,0.0026745666666666687,0.002669356666666663,0.002735723333333339
0.484,0.002535,0.002499,0.002537,0.002557,0.002566,0.002563,0.002588,0.0026,0.002631,0.00262,0.002625,0.002683,0.002676,0.002679,0.002658,0.00265,0.002732,0.002681079999999995,0.0026630666666666754,0.0026585633333333397,0.002726359999999992
0.488,0.002531,0.002495,0.002532,0.002552,0.002561,0.002557,0.002583,0.002593,0.002624,0.002612,0.002617,0.002671,0.002667,0.002669,0.002649,0.002641,0.002721,0.0026713033333333365,0.0026545600000000046,0.002650546666666669,0.0027174066666666545
0.492,0.002526,0.00249,0.002528,0.002547,0.002556,0.002552,0.002578,0.002586,0.002617,0.002605,0.002609,0.002659,0.002658,0.002659,0.00264,0.002633,0.00271,0.0026621133333333317,0.0026455799999999894,0.0026421499999999985,0.0027087433333333254
0.496,0.002522,0.002485,0.002523,0.002543,0.002551,0.002547,0.002572,0.00258,0.00261,0.002598,0.002601,0.002648,0.002649,0.002649,0.002632,0.002625,0.002698,0.0026533366666666724,0.002639446666666661,0.002638179999999993,0.002694676666666657
0.5,0.002518,0.00248,0.002518,0.002538,0.002546,0.002542,0.002567,0.002574,0.002604,0.002591,0.002594,0.002637,0.002641,0.00264,0.002625,0.002617,0.002686,0.0026425066666666574,0.0026298866666666578,0.0026257266666666564,0.0026820966666666617
0.504,0.002513,0.002476,0.002514,0.002533,0.002542,0.002537,0.002562,0.002568,0.002597,0.002584,0.002587,0.002627,0.002633,0.002631,0.002617,0.002609,0.002673,0.0026316566666666767,0.002620636666666659,0.0026162033333333237,0.0026673533333333404
0.508,0.002509,0.002472,0.00251,0.002529,0.002538,0.002533,0.002558,0.002563,0.002591,0.002579,0.002581,0.002618,0.002626,0.002624,0.00261,0.002603,0.002662,0.00262637666666666,0.002615423333333334,0.002611973333333342,0.0026599933333333464
0.512,0.002505,0.002467,0.002506,0.002525,0.002533,0.002528,0.002553,0.002557,0.002585,0.002573,0.002575,0.002609,0.00262,0.002616,0.002604,0.002596,0.002651,0.0026177299999999913,0.0026083800000000113,0.002603516666666674,0.00264652666666666
0.516,0.0025,0.002462,0.002501,0.00252,0.002528,0.002523,0.002548,0.002551,0.002579,0.002567,0.002569,0.002601,0.002613,0.002608,0.002596,0.002589,0.00264,0.0026096566666666773,0.0025994000000000056,0.0025941266666666576,0.00263779666666666
0.52,0.002496,0.002458,0.002497,0.002516,0.002524,0.002519,0.002544,0.002547,0.002574,0.002562,0.002564,0.002593,0.002606,0.002602,0.00259,0.002582,0.00263,0.0026027233333333344,0.002591899999999992,0.002585643333333321,0.002629353333333338
0.524,0.002493,0.002453,0.002493,0.002512,0.00252,0.002515,0.00254,0.002542,0.002569,0.002557,0.002558,0.002586,0.002601,0.002595,0.002585,0.002576,0.002621,0.0025965933333333413,0.002587399999999988,0.0025810100000000094,0.002622089999999994
0.528,0.002488,0.002449,0.002489,0.002508,0.002515,0.002511,0.002535,0.002537,0.002564,0.002551,0.002553,0.00258,0.002595,0.002589,0.002579,0.002569,0.002612,0.002590439999999993,0.002581826666666666,0.002574846666666672,0.0026116333333333235
0.532,0.002485,0.002445,0.002484,0.002504,0.002511,0.002507,0.002531,0.002532,0.002558,0.002547,0.002548,0.002573,0.00259,0.002583,0.002572,0.002563,0.002603,0.0025848133333333336,0.0025761366666666717,0.0025702399999999958,0.002604176666666672
0.536,0.00248,0.002441,0.00248,0.002499,0.002507,0.002503,0.002526,0.002528,0.002553,0.002541,0.002543,0.002567,0.002584,0.002577,0.002567,0.002557,0.002595,0.002579860000000013,0.00257188666666666,0.002564850000000002,0.0025948433333333404
0.54,0.002477,0.002438,0.002477,0.002496,0.002503,0.002499,0.002522,0.002523,0.002549,0.002537,0.002538,0.002562,0.002579,0.002572,0.002562,0.002552,0.002587,0.002574583333333341,0.0025658899999999904,0.0025591100000000016,0.0025899133333333398
0.544,0.002473,0.002434,0.002473,0.002492,0.002499,0.002496,0.002519,0.002519,0.002544,0.002533,0.002534,0.002556,0.002574,0.002566,0.002556,0.002546,0.00258,0.0025678266666666625,0.002559530000000001,0.0025513300000000114,0.0025784866666666777
0.548,0.002469,0.002429,0.002469,0.002488,0.002496,0.002492,0.002514,0.002515,0.00254,0.002528,0.002529,0.00255,0.002569,0.00256,0.002551,0.002541,0.002571,0.0025621466666666676,0.002554046666666665,0.0025451700000000063,0.002571466666666664
0.552,0.002465,0.002426,0.002465,0.002484,0.002491,0.002489,0.00251,0.002511,0.002535,0.002524,0.002524,0.002546,0.002564,0.002555,0.002546,0.002535,0.002565,0.0025565099999999927,0.0025486400000000104,0.0025393266666666617,0.0025648133333333366
0.556,0.002462,0.002422,0.002461,0.00248,0.002488,0.002486,0.002506,0.002507,0.002531,0.00252,0.00252,0.002541,0.002559,0.00255,0.002541,0.00253,0.002558,0.002551890000000008,0.002543850000000006,0.002534040000000001,0.0025587433333333237
0.56,0.002459,0.002418,0.002457,0.002477,0.002484,0.002482,0.002502,0.002503,0.002526,0.002515,0.002516,0.002536,0.002554,0.002545,0.002536,0.002525,0.002551,0.0025472866666666743,0.0025399466666666593,0.00253106,0.0025519999999999952
0.564,0.002455,0.002414,0.002453,0.002472,0.00248,0.002479,0.002498,0.002499,0.002521,0.002511,0.002511,0.002531,0.002549,0.00254,0.002531,0.00252,0.002544,0.0025412866666666605,0.002534139999999989,0.0025245833333333305,0.0025431766666666627
0.568,0.00245,0.00241,0.002449,0.002468,0.002477,0.002475,0.002493,0.002496,0.002517,0.002506,0.002506,0.002526,0.002545,0.002534,0.002526,0.002515,0.002537,0.002538000000000003,0.0025305800000000006,0.0025207366666666732,0.0025382633333333373
0.572,0.002448,0.002406,0.002446,0.002466,0.002474,0.002472,0.002489,0.002492,0.002514,0.002503,0.002503,0.002522,0.002541,0.002531,0.002522,0.002511,0.002531,0.0025333199999999926,0.0025252066666666753,0.002515430000000009,0.00253150666666666
0.576,0.002444,0.002403,0.002442,0.002461,0.002471,0.002469,0.002485,0.002489,0.002509,0.002498,0.002498,0.002518,0.002536,0.002526,0.002517,0.002507,0.002525,0.002528900000000001,0.0025211966666666657,0.0025134433333333407,0.002528149999999999
0.58,0.00244,0.002398,0.002438,0.002458,0.002467,0.002464,0.002481,0.002485,0.002505,0.002493,0.002493,0.002512,0.002531,0.002522,0.002513,0.002501,0.002519,0.0025221633333333405,0.0025140866666666585,0.002504113333333323,0.0025182800000000055
0.584,0.002436,0.002395,0.002434,0.002454,0.002464,0.002461,0.002477,0.002481,0.002501,0.002489,0.002489,0.002508,0.002527,0.002517,0.002508,0.002497,0.002513,0.002518519999999997,0.0025104599999999917,0.0025006633333333316,0.0025146966666666614
0.588,0.002433,0.002391,0.00243,0.00245,0.00246,0.002457,0.002472,0.002478,0.002496,0.002485,0.002485,0.002503,0.002523,0.002513,0.002504,0.002493,0.002508,0.0025138666666666585,0.002505676666666657,0.0024960766666666636,0.002509436666666659
0.592,0.002429,0.002387,0.002426,0.002447,0.002457,0.002452,0.002468,0.002474,0.002492,0.002481,0.00248,0.002499,0.002518,0.002508,0.0025,0.002489,0.002502,0.002508933333333325,0.0025016033333333226,0.002492366666666663,0.002503666666666666
0.596,0.002425,0.002383,0.002422,0.002443,0.002453,0.002448,0.002464,0.00247,0.002487,0.002476,0.002475,0.002494,0.002513,0.002504,0.002495,0.002484,0.002497,0.002504343333333324,0.0024963700000000108,0.00248687333333334,0.0024975500000000016
0.6,0.002421,0.002379,0.002418,0.002439,0.002449,0.002444,0.00246,0.002466,0.002483,0.002471,0.002471,0.002489,0.002508,0.002499,0.002491,0.00248,0.002491,0.002498403333333333,0.002490840000000008,0.0024809100000000067,0.00249096000000001
0.604,0.002417,0.002375,0.002415,0.002436,0.002446,0.00244,0.002456,0.002463,0.002479,0.002467,0.002467,0.002485,0.002504,0.002494,0.002486,0.002476,0.002487,0.002496343333333329,0.0024888799999999963,0.002479680000000004,0.00248917333333334
0.608,0.002414,0.002371,0.002411,0.002433,0.002442,0.002436,0.002452,0.002459,0.002475,0.002463,0.002462,0.00248,0.002501,0.00249,0.002482,0.002471,0.002482,0.0024917333333333283,0.002484436666666659,0.002474823333333334,0.0024840066666666615
0.612,0.00241,0.002367,0.002407,0.002429,0.002437,0.002432,0.002447,0.002454,0.00247,0.002458,0.002457,0.002475,0.002496,0.002486,0.002477,0.002466,0.002477,0.0024862233333333263,0.0024779466666666563,0.002467473333333331,0.0024765199999999903
0.616,0.002406,0.002363,0.002403,0.002426,0.002433,0.002428,0.002443,0.00245,0.002465,0.002453,0.002453,0.002471,0.002491,0.002481,0.002473,0.002462,0.002473,0.0024817133333333258,0.002474099999999993,0.002463886666666662,0.002472789999999993
0.62,0.002403,0.002359,0.002399,0.002423,0.00243,0.002423,0.002439,0.002446,0.002461,0.00245,0.002448,0.002467,0.002487,0.002477,0.002469,0.002458,0.002468,0.002477026666666659,0.0024698533333333446,0.0024600466666666616,0.0024691966666666775
0.624,0.0024,0.002355,0.002396,0.002419,0.002425,0.002419,0.002434,0.002442,0.002457,0.002445,0.002444,0.002462,0.002482,0.002472,0.002464,0.002454,0.002464,0.0024721666666666685,0.0024650300000000113,0.0024561766666666603,0.002464696666666676
0.628,0.002396,0.002351,0.002392,0.002415,0.002421,0.002415,0.00243,0.002438,0.002453,0.00244,0.002439,0.002458,0.002478,0.002468,0.00246,0.002449,0.002459,0.002469173333333345,0.0024620966666666767,0.0024526200000000017,0.002460349999999996
0.632,0.002393,0.002347,0.002389,0.002411,0.002417,0.00241,0.002425,0.002433,0.002448,0.002436,0.002435,0.002453,0.002473,0.002464,0.002456,0.002445,0.002454,0.002464006666666677,0.0024570166666666744,0.0024476100000000037,0.002455409999999994
0.636,0.00239,0.002343,0.002386,0.002407,0.002413,0.002406,0.002422,0.002429,0.002444,0.002431,0.002431,0.002449,0.002469,0.00246,0.002452,0.002441,0.002451,0.0024600100000000094,0.002452706666666673,0.0024424900000000107,0.0024507933333333238
0.64,0.002387,0.002339,0.002382,0.002404,0.002409,0.002402,0.002418,0.002425,0.002439,0.002428,0.002426,0.002445,0.002465,0.002456,0.002448,0.002436,0.002446,0.002456906666666673,0.0024495233333333357,0.002439076666666665,0.002446759999999991
0.644,0.002383,0.002335,0.002379,0.002399,0.002404,0.002398,0.002413,0.00242,0.002435,0.002423,0.002421,0.00244,0.002461,0.002451,0.002443,0.002432,0.002441,0.0024533699999999916,0.0024461333333333224,0.0024369799999999944,0.002443510000000011
0.648,0.00238,0.002331,0.002376,0.002395,0.0024,0.002394,0.002409,0.002416,0.002431,0.002419,0.002418,0.002436,0.002456,0.002447,0.002438,0.002428,0.002437,0.0024471466666666545,0.0024392200000000063,0.0024295466666666597,0.0024373533333333446
0.652,0.002376,0.002327,0.002372,0.002392,0.002396,0.00239,0.002405,0.002412,0.002427,0.002414,0.002413,0.002431,0.002452,0.002443,0.002435,0.002424,0.002433,0.0024423366666666553,0.0024351433333333334,0.0024256066666666566,0.0024326900000000086
0.656,0.002372,0.002323,0.002368,0.002387,0.002392,0.002386,0.002401,0.002408,0.002422,0.00241,0.002408,0.002427,0.002448,0.002438,0.00243,0.00242,0.002429,0.0024373333333333434,0.0024298833333333387,0.002420673333333322,0.0024286600000000057
0.66,0.002368,0.00232,0.002364,0.002383,0.002388,0.002381,0.002397,0.002404,0.002418,0.002405,0.002404,0.002423,0.002444,0.002434,0.002426,0.002415,0.002425,0.0024348566666666763,0.002427543333333341,0.0024182866666666567,0.0024261566666666707
0.664,0.002365,0.002316,0.00236,0.002378,0.002384,0.002377,0.002392,0.002399,0.002413,0.002401,0.0024,0.002418,0.002439,0.00243,0.002421,0.002411,0.00242,0.0024297366666666737,0.002422020000000006,0.0024136333333333432,0.002420686666666655
0.668,0.002361,0.002312,0.002357,0.002375,0.00238,0.002374,0.002389,0.002395,0.002409,0.002397,0.002396,0.002415,0.002435,0.002426,0.002418,0.002407,0.002416,0.0024253666666666737,0.002418043333333336,0.0024087466666666752,0.00241631333333332
0.672,0.002357,0.002309,0.002353,0.002372,0.002376,0.00237,0.002385,0.002392,0.002405,0.002393,0.002392,0.00241,0.002431,0.002422,0.002414,0.002403,0.002413,0.002421373333333337,0.002414520000000012,0.0024054766666666725,0.0024131099999999957
0.676,0.002353,0.002305,0.002349,0.002367,0.002372,0.002366,0.002381,0.002387,0.0024,0.002388,0.002387,0.002406,0.002427,0.002418,0.00241,0.002399,0.002408,0.0024168933333333386,0.0024097400000000126,0.0023997966666666737,0.0024075499999999944
0.68,0.002349,0.002302,0.002345,0.002363,0.002368,0.002362,0.002376,0.002383,0.002397,0.002384,0.002383,0.002402,0.002423,0.002414,0.002406,0.002395,0.002404,0.0024129700000000143,0.00240571000000001,0.0023951400000000044,0.0024026199999999955
0.684,0.002345,0.002299,0.002341,0.00236,0.002364,0.002358,0.002373,0.002379,0.002393,0.00238,0.002379,0.002398,0.00242,0.00241,0.002402,0.002391,0.0024,0.0024098766666666785,0.0024024233333333395,0.0023918233333333353,0.002400059999999996
0.688,0.002342,0.002296,0.002337,0.002356,0.00236,0.002354,0.002369,0.002375,0.002389,0.002376,0.002375,0.002393,0.002416,0.002406,0.002398,0.002387,0.002395,0.0024061600000000083,0.0023992500000000055,0.0023895066666666663,0.0023958733333333394
0.692,0.002338,0.002294,0.002333,0.002352,0.002356,0.00235,0.002365,0.002371,0.002385,0.002372,0.002371,0.002389,0.002412,0.002402,0.002395,0.002384,0.002391,0.0024012366666666713,0.0023951733333333358,0.00238612000000001,0.0023914000000000023
0.696,0.002334,0.002291,0.002329,0.002348,0.002352,0.002346,0.002361,0.002367,0.00238,0.002368,0.002367,0.002385,0.002408,0.002398,0.002391,0.00238,0.002386,0.0023965866666666737,0.002390456666666667,0.00238043333333334,0.0023842100000000025
0.7,0.00233,0.002288,0.002326,0.002345,0.002349,0.002343,0.002358,0.002364,0.002376,0.002365,0.002364,0.002381,0.002405,0.002395,0.002388,0.002378,0.002383,0.002393833333333338,0.0023874566666666585,0.00237777,0.0023822833333333434
0.704,0.002327,0.002285,0.002323,0.002341,0.002345,0.00234,0.002354,0.00236,0.002372,0.002361,0.00236,0.002378,0.002401,0.002391,0.002385,0.002375,0.002379,0.002390793333333334,0.0023851699999999985,0.00237622333333334,0.0023802366666666754
0.708,0.002323,0.002282,0.002319,0.002338,0.002341,0.002336,0.00235,0.002356,0.002369,0.002357,0.002357,0.002373,0.002398,0.002388,0.002382,0.002371,0.002374,0.0023869966666666574,0.0023815499999999988,0.002372440000000005,0.002374886666666663
0.712,0.002319,0.002279,0.002316,0.002334,0.002338,0.002333,0.002347,0.002353,0.002365,0.002353,0.002353,0.00237,0.002395,0.002385,0.002379,0.002369,0.002371,0.0023847699999999983,0.0023795633333333396,0.002370616666666665,0.0023710733333333397
0.716,0.002316,0.002276,0.002312,0.002331,0.002335,0.002329,0.002344,0.002349,0.002362,0.00235,0.00235,0.002367,0.002392,0.002382,0.002377,0.002368,0.002367,0.0023821733333333327,0.0023777966666666647,0.002369736666666669,0.0023676833333333386
0.72,0.002313,0.002273,0.002309,0.002328,0.002331,0.002326,0.002341,0.002346,0.002358,0.002347,0.002347,0.002363,0.002389,0.00238,0.002375,0.002366,0.002363,0.002379510000000005,0.0023750300000000037,0.0023669933333333275,0.002364380000000003
0.724,0.002309,0.002269,0.002305,0.002325,0.002328,0.002323,0.002337,0.002343,0.002354,0.002343,0.002344,0.00236,0.002387,0.002377,0.002373,0.002364,0.002359,0.002376796666666662,0.002373363333333333,0.0023655566666666676,0.0023596833333333375
0.728,0.002306,0.002267,0.002302,0.002321,0.002325,0.00232,0.002335,0.00234,0.00235,0.00234,0.002342,0.002357,0.002384,0.002374,0.002371,0.002364,0.002356,0.0023738766666666585,0.002371103333333339,0.0023646733333333356,0.002357046666666677
0.732,0.002303,0.002264,0.002299,0.002319,0.002322,0.002318,0.002332,0.002337,0.002348,0.002338,0.002339,0.002354,0.002383,0.002373,0.002371,0.002364,0.002353,0.002373129999999995,0.002370913333333338,0.002364756666666666,0.002353766666666673
0.736,0.0023,0.002262,0.002296,0.002316,0.002319,0.002315,0.00233,0.002335,0.002345,0.002335,0.002337,0.002352,0.002382,0.002373,0.00237,0.002365,0.00235,0.0023728033333333307,0.0023704833333333276,0.0023653933333333244,0.002350366666666662
0.74,0.002297,0.002258,0.002293,0.002313,0.002317,0.002313,0.002327,0.002332,0.002341,0.002332,0.002335,0.002349,0.002381,0.002371,0.00237,0.002366,0.002347,0.0023712466666666746,0.0023708533333333275,0.0023670699999999924,0.0023468566666666607
0.744,0.002294,0.002256,0.002291,0.002311,0.002314,0.002311,0.002325,0.00233,0.002339,0.00233,0.002334,0.002347,0.002381,0.002371,0.002372,0.002368,0.002345,0.0023713166666666755,0.002373036666666669,0.0023699200000000045,0.0023447266666666677
0.748,0.002292,0.002254,0.002289,0.002309,0.002312,0.002309,0.002324,0.002328,0.002337,0.002329,0.002333,0.002346,0.002381,0.002371,0.002374,0.002372,0.002343,0.002371633333333341,0.002374953333333327,0.00237344333333334,0.002343696666666662
0.752,0.00229,0.002252,0.002287,0.002306,0.00231,0.002308,0.002322,0.002327,0.002334,0.002327,0.002332,0.002345,0.002383,0.002372,0.002377,0.002376,0.002341,0.0023722600000000062,0.0023773833333333265,0.002376970000000005,0.002341470000000003
0.756,0.002287,0.002249,0.002284,0.002304,0.002308,0.002307,0.002321,0.002325,0.002332,0.002325,0.002332,0.002344,0.002385,0.002374,0.002381,0.002382,0.00234,0.0023737266666666633,0.002380953333333329,0.0023822566666666625,0.0023401466666666698
0.76,0.002285,0.002247,0.002283,0.002302,0.002306,0.002305,0.00232,0.002324,0.00233,0.002325,0.002332,0.002343,0.002387,0.002376,0.002386,0.002389,0.002339,0.00237690333333334,0.002387259999999996,0.0023910499999999922,0.0023406999999999946
0.764,0.002283,0.002246,0.002281,0.002301,0.002305,0.002305,0.00232,0.002324,0.002329,0.002325,0.002334,0.002344,0.002392,0.00238,0.002393,0.002399,0.00234,0.0023813133333333413,0.0023947266666666574,0.0024016000000000076,0.002341760000000004
0.768,0.002281,0.002244,0.002279,0.0023,0.002304,0.002305,0.00232,0.002323,0.002327,0.002325,0.002335,0.002345,0.002397,0.002385,0.0024,0.00241,0.002341,0.0023854933333333364,0.0024012799999999952,0.0024112300000000125,0.002342123333333335
0.772,0.002279,0.002243,0.002277,0.002298,0.002303,0.002305,0.00232,0.002323,0.002326,0.002326,0.002338,0.002347,0.002402,0.00239,0.002409,0.002422,0.002342,0.002390573333333336,0.002408616666666663,0.002420710000000007,0.0023471499999999953
0.776,0.002279,0.002243,0.002278,0.002299,0.002304,0.002307,0.002323,0.002325,0.002327,0.002329,0.002343,0.002351,0.002411,0.002399,0.002421,0.002438,0.002346,0.0023964366666666733,0.0024166966666666683,0.0024318966666666752,0.0023474066666666605
0.78,0.002277,0.002242,0.002277,0.002298,0.002304,0.002308,0.002324,0.002327,0.002327,0.002332,0.002347,0.002356,0.002419,0.002406,0.002432,0.002454,0.002351,0.0024053466666666746,0.002430446666666661,0.00245132333333333,0.0023524899999999966
0.784,0.002276,0.002241,0.002276,0.002298,0.002304,0.002309,0.002326,0.002329,0.002327,0.002335,0.002353,0.002361,0.002429,0.002415,0.002445,0.002472,0.002356,0.0024136933333333242,0.0024424433333333326,0.0024677766666666673,0.0023573666666666764
0.788,0.002274,0.00224,0.002275,0.002298,0.002304,0.00231,0.002328,0.002331,0.002328,0.002339,0.002358,0.002367,0.00244,0.002425,0.002458,0.002491,0.002363,0.002424863333333337,0.0024566333333333255,0.002488626666666674,0.0023672366666666724
0.792,0.002273,0.002239,0.002274,0.002297,0.002303,0.002311,0.00233,0.002334,0.002328,0.002343,0.002364,0.002374,0.00245,0.002436,0.002471,0.002512,0.002371,0.0024357633333333315,0.002468773333333332,0.002506889999999992,0.0023791433333333403
0.796,0.002272,0.002239,0.002274,0.002297,0.002305,0.002313,0.002333,0.002339,0.00233,0.002348,0.002372,0.002383,0.002462,0.002448,0.002487,0.002535,0.002382,0.002457480000000004,0.0024907200000000066,0.002538739999999992,0.0024103533333333324
0.8,0.002271,0.002238,0.002273,0.002298,0.002305,0.002315,0.002336,0.002343,0.002332,0.002354,0.00238,0.002393,0.002475,0.00246,0.002502,0.002557,0.002394,0.002465196666666673,0.0025012633333333385,0.0025528600000000027,0.0024148233333333366
0.804,0.00227,0.002237,0.002273,0.002298,0.002305,0.002317,0.002339,0.002348,0.002335,0.00236,0.002387,0.002403,0.002488,0.002472,0.002518,0.00258,0.002408,0.0024799933333333347,0.0025177800000000085,0.0025748900000000124,0.0024373366666666637
0.808,0.002269,0.002237,0.002272,0.002298,0.002306,0.002319,0.002342,0.002353,0.002338,0.002367,0.002395,0.002415,0.002501,0.002486,0.002533,0.002603,0.002424,0.002496639999999995,0.002532313333333338,0.0025968766666666734,0.0024597466666666625
0.812,0.002269,0.002236,0.002272,0.002299,0.002307,0.002321,0.002345,0.002359,0.002341,0.002374,0.002403,0.002427,0.002514,0.002499,0.002548,0.002625,0.002442,0.0025051633333333326,0.0025433766666666637,0.0026138833333333275,0.002467096666666676
0.816,0.002267,0.002236,0.002271,0.002298,0.002308,0.002322,0.002348,0.002364,0.002344,0.002381,0.00241,0.00244,0.002525,0.002512,0.002562,0.002647,0.002462,0.002514559999999991,0.002558626666666659,0.002638146666666655,0.0024745766666666646
0.82,0.002266,0.002235,0.00227,0.002299,0.002308,0.002321,0.00235,0.00237,0.002348,0.002387,0.002417,0.002453,0.002537,0.002524,0.002576,0.002667,0.002483,0.002524676666666663,0.0025725933333333386,0.0026589133333333225,0.002487710000000005
0.824,0.002264,0.002233,0.002269,0.002297,0.002307,0.002321,0.00235,0.002374,0.00235,0.002392,0.002421,0.002465,0.002546,0.002535,0.002586,0.002685,0.002504,0.0025343299999999918,0.0025829766666666597,0.0026772133333333374,0.002505749999999993
0.828,0.002264,0.002233,0.002268,0.002297,0.002307,0.002322,0.002352,0.002379,0.002354,0.002397,0.002427,0.002479,0.002557,0.002547,0.002597,0.002706,0.002529,0.002548169999999996,0.002596483333333327,0.002701543333333327,0.0025324133333333317
0.832,0.002263,0.002232,0.002268,0.002297,0.002307,0.002322,0.002352,0.002383,0.002357,0.002402,0.002431,0.002491,0.002566,0.002557,0.002608,0.002722,0.002554,0.0025574533333333357,0.002603880000000009,0.0027098066666666667,0.002554413333333322
0.836,0.002261,0.002232,0.002267,0.002296,0.002306,0.00232,0.002352,0.002387,0.002359,0.002406,0.002433,0.002502,0.002574,0.002568,0.002617,0.002738,0.002579,0.002570730000000006,0.002617339999999995,0.0027342900000000047,0.0025855699999999993
0.84,0.002261,0.002231,0.002266,0.002295,0.002306,0.00232,0.002351,0.002389,0.002362,0.002408,0.002435,0.002513,0.00258,0.002577,0.002626,0.002751,0.002604,0.0025776266666666763,0.0026255166666666716,0.002748256666666655,0.0026056933333333415
0.844,0.002259,0.00223,0.002265,0.002294,0.002305,0.002318,0.00235,0.00239,0.002364,0.00241,0.002436,0.002523,0.002587,0.002586,0.002632,0.002763,0.002629,0.0025859133333333284,0.002631086666666665,0.002758193333333326,0.0026281700000000013
0.848,0.002258,0.00223,0.002264,0.002293,0.002304,0.002316,0.002348,0.002391,0.002365,0.002411,0.002436,0.00253,0.002591,0.002593,0.002638,0.002773,0.002653,0.0025928666666666616,0.002636806666666668,0.0027672366666666726,0.002650630000000008
0.852,0.002257,0.002229,0.002263,0.002291,0.002302,0.002314,0.002346,0.002391,0.002365,0.00241,0.002434,0.002536,0.002595,0.0026,0.002642,0.002782,0.002677,0.0026000233333333387,0.0026412433333333376,0.0027793566666666604,0.00267659000000001
0.856,0.002256,0.002228,0.002261,0.00229,0.002301,0.002312,0.002343,0.002389,0.002364,0.002408,0.002432,0.002541,0.002596,0.002606,0.002645,0.002788,0.002699,0.0026057866666666664,0.0026440566666666707,0.002785930000000006,0.002698586666666675
0.86,0.002255,0.002228,0.002261,0.002289,0.002299,0.00231,0.002341,0.002388,0.002364,0.002406,0.002429,0.002544,0.002598,0.002611,0.002647,0.002793,0.00272,0.0026103466666666667,0.0026462566666666607,0.0027910233333333454,0.0027165666666666777
0.864,0.002254,0.002227,0.00226,0.002288,0.002298,0.002308,0.002338,0.002384,0.002362,0.002403,0.002425,0.002546,0.002598,0.002616,0.002649,0.002797,0.002738,0.0026157099999999916,0.002648600000000007,0.0027959066666666823,0.0027372333333333383
0.868,0.002252,0.002226,0.002259,0.002286,0.002296,0.002305,0.002335,0.002381,0.00236,0.002399,0.002421,0.002546,0.002597,0.002619,0.002649,0.0028,0.002756,0.0026191100000000057,0.0026492933333333414,0.002798216666666683,0.002754706666666659
0.872,0.002252,0.002227,0.002258,0.002285,0.002294,0.002304,0.002332,0.002377,0.002359,0.002395,0.002417,0.002545,0.002596,0.002622,0.002649,0.002801,0.002771,0.002621820000000007,0.002649063333333339,0.002800570000000016,0.0027696433333333306
0.876,0.002251,0.002227,0.002258,0.002284,0.002294,0.002302,0.00233,0.002374,0.002357,0.002391,0.002413,0.002543,0.002595,0.002625,0.002648,0.002802,0.002785,0.0026238299999999976,0.002648416666666662,0.002800706666666672,0.0027789833333333393
0.88,0.002251,0.002227,0.002257,0.002283,0.002292,0.002301,0.002327,0.00237,0.002354,0.002386,0.002408,0.00254,0.002593,0.002627,0.002647,0.002801,0.002797,0.0026264100000000065,0.0026468433333333256,0.002800393333333348,0.002794786666666675
0.884,0.00225,0.002226,0.002256,0.002281,0.002291,0.002299,0.002325,0.002365,0.002351,0.002381,0.002404,0.002536,0.002589,0.002628,0.002645,0.002799,0.002806,0.002627993333333329,0.002644530000000004,0.002798200000000002,0.0028055566666666558
0.888,0.002249,0.002226,0.002256,0.00228,0.002289,0.002297,0.002322,0.002361,0.002348,0.002377,0.002398,0.002531,0.002585,0.002629,0.002642,0.002797,0.002813,0.0026288999999999987,0.002641916666666668,0.0027962100000000073,0.002812859999999992
0.892,0.002249,0.002227,0.002256,0.00228,0.002289,0.002296,0.00232,0.002356,0.002346,0.002373,0.002395,0.002526,0.002583,0.00263,0.00264,0.002794,0.002819,0.0026298033333333414,0.002640486666666658,0.0027944299999999953,0.002817533333333339
0.896,0.002248,0.002227,0.002256,0.002279,0.002288,0.002295,0.002318,0.002353,0.002343,0.002369,0.002391,0.002521,0.00258,0.00263,0.002637,0.002791,0.002823,0.0026292466666666763,0.002636906666666664,0.00279029999999999,0.002820256666666676
0.9,0.002247,0.002226,0.002255,0.002278,0.002287,0.002293,0.002316,0.002348,0.002341,0.002364,0.002386,0.002515,0.002575,0.002629,0.002633,0.002786,0.002825,0.0026274566666666626,0.00263149333333333,0.0027831599999999924,0.0028203533333333326
0.904,0.002247,0.002227,0.002255,0.002278,0.002286,0.002292,0.002315,0.002345,0.00234,0.002361,0.002383,0.00251,0.002573,0.002628,0.002629,0.002781,0.002827,0.002627123333333328,0.002628846666666663,0.00277985666666667,0.002822660000000012
0.908,0.002247,0.002228,0.002255,0.002278,0.002286,0.002292,0.002313,0.002341,0.002338,0.002358,0.00238,0.002504,0.002569,0.002628,0.002626,0.002776,0.002828,0.002627389999999996,0.0026260300000000066,0.002775513333333338,0.0028262133333333468
0.912,0.002247,0.002228,0.002255,0.002277,0.002285,0.002292,0.002312,0.002338,0.002336,0.002355,0.002377,0.002498,0.002565,0.002626,0.002622,0.00277,0.002826,0.0026260000000000038,0.002622236666666672,0.002770093333333343,0.0028258899999999984
0.916,0.002247,0.002229,0.002255,0.002277,0.002285,0.002291,0.002311,0.002335,0.002334,0.002352,0.002375,0.002493,0.002561,0.002624,0.002617,0.002764,0.002825,0.0026235233333333267,0.002617236666666659,0.002762673333333332,0.002822886666666662
0.92,0.002246,0.002229,0.002256,0.002277,0.002285,0.00229,0.00231,0.002333,0.002333,0.002349,0.002372,0.002487,0.002556,0.002621,0.002612,0.002757,0.002823,0.002619389999999994,0.0026107466666666582,0.0027521266666666717,0.002817680000000009
0.924,0.002247,0.00223,0.002256,0.002277,0.002286,0.002291,0.002309,0.002331,0.002332,0.002347,0.00237,0.002482,0.002553,0.002619,0.002608,0.00275,0.002819,0.0026178933333333367,0.002607263333333347,0.002747983333333339,0.002816830000000009
0.928,0.002247,0.002231,0.002256,0.002277,0.002285,0.00229,0.002309,0.00233,0.002331,0.002345,0.002368,0.002476,0.002549,0.002616,0.002603,0.002742,0.002815,0.002615166666666656,0.0026021833333333424,0.0027405766666666782,0.0028134966666666706
0.932,0.002247,0.002231,0.002256,0.002277,0.002285,0.00229,0.002308,0.002327,0.00233,0.002343,0.002366,0.002471,0.002545,0.002612,0.002598,0.002734,0.002809,0.002611469999999985,0.002597473333333328,0.0027324500000000035,0.0028077566666666574
0.936,0.002248,0.002232,0.002257,0.002278,0.002286,0.002291,0.002308,0.002326,0.002329,0.002342,0.002365,0.002466,0.002541,0.002609,0.002593,0.002725,0.002804,0.002608176666666653,0.00259318666666666,0.002723953333333323,0.002801376666666667
0.94,0.002248,0.002234,0.002258,0.002278,0.002287,0.002291,0.002308,0.002325,0.00233,0.002341,0.002364,0.002463,0.002538,0.002605,0.002588,0.002717,0.002799,0.0026043199999999946,0.002588150000000004,0.0027159433333333264,0.002796176666666667
0.944,0.002249,0.002235,0.002259,0.002279,0.002287,0.002291,0.002308,0.002324,0.002329,0.00234,0.002363,0.002458,0.002534,0.002602,0.002583,0.002709,0.002792,0.0025996299999999947,0.0025813666666666666,0.002705226666666657,0.002787040000000008
0.948,0.00225,0.002236,0.002259,0.002279,0.002288,0.002291,0.002309,0.002323,0.002329,0.002339,0.002362,0.002454,0.002531,0.002597,0.002578,0.002702,0.002785,0.0025967666666666597,0.002577886666666663,0.0027002766666666565,0.0027827066666666757
0.952,0.00225,0.002237,0.00226,0.00228,0.002288,0.002291,0.002309,0.002322,0.002329,0.002339,0.002362,0.00245,0.002527,0.002594,0.002574,0.002693,0.002777,0.002593616666666662,0.0025743166666666603,0.0026923566666666554,0.002775080000000008
0.956,0.002251,0.002238,0.002261,0.002281,0.002289,0.002293,0.00231,0.002322,0.002329,0.002338,0.002362,0.002447,0.002525,0.002591,0.00257,0.002685,0.00277,0.0025910966666666713,0.0025709466666666582,0.0026859433333333406,0.0027699866666666805
0.96,0.002252,0.00224,0.002263,0.002282,0.00229,0.002293,0.00231,0.002321,0.002329,0.002338,0.002361,0.002444,0.002522,0.002587,0.002566,0.002677,0.002761,0.0025868200000000044,0.002566053333333324,0.0026769166666666777,0.00276093000000001
0.964,0.002253,0.00224,0.002264,0.002283,0.00229,0.002294,0.00231,0.002321,0.00233,0.002338,0.002361,0.00244,0.002519,0.002583,0.002562,0.002669,0.002753,0.002583113333333336,0.0025624699999999877,0.0026693133333333396,0.00275260666666667
0.968,0.002253,0.002242,0.002265,0.002283,0.002291,0.002295,0.002311,0.002321,0.00233,0.002338,0.002361,0.002438,0.002517,0.002579,0.002558,0.002661,0.002745,0.002579583333333335,0.0025587333333333202,0.0026617166666666756,0.002744519999999998
0.972,0.002255,0.002243,0.002266,0.002285,0.002292,0.002296,0.002312,0.002321,0.002331,0.002339,0.002362,0.002435,0.002515,0.002577,0.002555,0.002655,0.002737,0.002576273333333346,0.002554583333333321,0.002653689999999993,0.002735513333333325
0.976,0.002255,0.002245,0.002267,0.002285,0.002293,0.002297,0.002313,0.002322,0.002331,0.002339,0.002362,0.002433,0.002513,0.002573,0.002552,0.002647,0.002728,0.002573440000000011,0.002552263333333331,0.0026473566666666572,0.002728143333333321
0.98,0.002257,0.002247,0.002268,0.002286,0.002294,0.002298,0.002313,0.002322,0.002332,0.00234,0.002363,0.002432,0.002512,0.002571,0.002549,0.002641,0.002718,0.0025707833333333302,0.002549133333333343,0.0026409466666666662,0.002718703333333328
0.984,0.002258,0.002248,0.002269,0.002287,0.002295,0.002299,0.002314,0.002322,0.002333,0.00234,0.002363,0.00243,0.00251,0.002567,0.002546,0.002633,0.00271,0.0025674633333333256,0.002546510000000011,0.002634123333333331,0.002709756666666659
0.988,0.002259,0.00225,0.00227,0.002289,0.002296,0.0023,0.002316,0.002323,0.002334,0.002341,0.002365,0.002428,0.002508,0.002565,0.002544,0.002628,0.002701,0.0025635433333333364,0.0025427666666666647,0.0026235199999999933,0.0026954033333333217
0.992,0.00226,0.002252,0.002272,0.00229,0.002297,0.002301,0.002317,0.002324,0.002335,0.002342,0.002366,0.002427,0.002507,0.002563,0.002541,0.002621,0.002693,0.0025622433333333293,0.0025410966666666703,0.002620563333333327,0.002691036666666655
0.996,0.002261,0.002253,0.002273,0.00229,0.002298,0.002302,0.002318,0.002324,0.002336,0.002343,0.002366,0.002426,0.002505,0.00256,0.002539,0.002614,0.002685,0.00255973666666667,0.0025391233333333318,0.00261483,0.002683846666666673
1.0,0.002262,0.002255,0.002274,0.002292,0.002299,0.002303,0.002319,0.002325,0.002337,0.002344,0.002367,0.002426,0.002504,0.002557,0.002537,0.002609,0.002676,0.002557016666666669,0.00253745666666667,0.002609009999999991,0.002675083333333342
1.004,0.002264,0.002257,0.002277,0.002293,0.002301,0.002305,0.00232,0.002326,0.002338,0.002345,0.002369,0.002425,0.002503,0.002556,0.002535,0.002603,0.002669,0.002555020000000005,0.0025345366666666568,0.0026015633333333417,0.0026664200000000074
1.008,0.002265,0.002259,0.002278,0.002294,0.002301,0.002306,0.002321,0.002327,0.002339,0.002346,0.00237,0.002425,0.002503,0.002553,0.002532,0.002598,0.002661,0.0025534100000000125,0.0025327233333333242,0.0025987233333333317,0.0026615866666666777
1.012,0.002266,0.00226,0.002279,0.002296,0.002303,0.002307,0.002323,0.002328,0.00234,0.002347,0.002371,0.002424,0.002502,0.002552,0.00253,0.002592,0.002654,0.0025514066666666706,0.0025300266666666658,0.00259277333333334,0.0026530100000000108
1.016,0.002267,0.002262,0.00228,0.002297,0.002304,0.002309,0.002324,0.002328,0.002341,0.002349,0.002373,0.002424,0.002501,0.002549,0.002527,0.002587,0.002646,0.0025484766666666768,0.0025276633333333226,0.0025882333333333385,0.002643590000000007
1.02,0.002269,0.002264,0.002282,0.002299,0.002305,0.002311,0.002326,0.002331,0.002343,0.00235,0.002375,0.002424,0.0025,0.002547,0.002525,0.002583,0.00264,0.00254491,0.0025255100000000008,0.0025834433333333353,0.0026327666666666584
1.024,0.002271,0.002267,0.002284,0.0023,0.002307,0.002312,0.002327,0.002331,0.002344,0.002352,0.002377,0.002425,0.0025,0.002545,0.002523,0.002578,0.002633,0.0025437133333333396,0.002524470000000011,0.0025797166666666656,0.002627639999999995
1.028,0.002272,0.002268,0.002285,0.002301,0.002307,0.002313,0.002328,0.002332,0.002345,0.002352,0.002378,0.002424,0.002499,0.002543,0.002521,0.002572,0.002625,0.00254164333333333,0.0025219633333333357,0.0025744800000000053,0.0026208333333333266
1.032,0.002274,0.002271,0.002287,0.002302,0.002309,0.002315,0.00233,0.002334,0.002347,0.002355,0.00238,0.002425,0.002499,0.002541,0.002519,0.002568,0.002619,0.0025396800000000016,0.00251944000000001,0.0025686333333333365,0.0026146000000000016
1.036,0.002275,0.002272,0.002289,0.002305,0.002311,0.002317,0.002332,0.002335,0.002348,0.002356,0.002382,0.002426,0.002499,0.002539,0.002518,0.002563,0.002613,0.0025392433333333306,0.0025181400000000116,0.0025639833333333272,0.0026133633333333267
1.04,0.002277,0.002275,0.002291,0.002306,0.002312,0.002319,0.002334,0.002336,0.00235,0.002358,0.002384,0.002426,0.002498,0.002537,0.002515,0.002558,0.002607,0.0025370100000000027,0.0025156266666666763,0.002558653333333325,0.002606000000000011
1.044,0.002279,0.002277,0.002294,0.002308,0.002314,0.002321,0.002335,0.002338,0.002351,0.00236,0.002385,0.002426,0.002498,0.002536,0.002514,0.002553,0.0026,0.0025346399999999956,0.002515553333333341,0.002556833333333342,0.0025950433333333436
1.048,0.00228,0.002279,0.002295,0.002309,0.002316,0.002323,0.002337,0.002339,0.002353,0.002361,0.002387,0.002427,0.002497,0.002533,0.002512,0.002548,0.002594,0.0025258200000000024,0.0025116633333333305,0.002549259999999999,0.0025742899999999986
1.052,0.002283,0.002282,0.002298,0.002312,0.002318,0.002326,0.00234,0.002341,0.002355,0.002364,0.00239,0.002428,0.002498,0.002532,0.002511,0.002544,0.002588,0.0025317033333333273,0.0025115600000000073,0.002545119999999993,0.0025866100000000005
1.056,0.002285,0.002285,0.002301,0.002314,0.00232,0.002329,0.002342,0.002343,0.002356,0.002366,0.002393,0.002429,0.002499,0.00253,0.00251,0.002539,0.002582,0.0025301166666666687,0.002510173333333339,0.002539796666666658,0.0025814599999999877
1.06,0.002287,0.002287,0.002303,0.002316,0.002322,0.002331,0.002345,0.002345,0.002358,0.002368,0.002395,0.00243,0.002499,0.002529,0.002509,0.002535,0.002575,0.002528136666666667,0.002509319999999995,0.002535613333333323,0.0025724733333333263
1.064,0.002289,0.002291,0.002306,0.002319,0.002325,0.002334,0.002348,0.002347,0.00236,0.002371,0.002398,0.002431,0.0025,0.002528,0.002508,0.002531,0.002569,0.002527463333333321,0.0025088299999999897,0.0025331833333333206,0.002567356666666672
1.068,0.002293,0.002295,0.00231,0.002322,0.002328,0.002338,0.002351,0.00235,0.002362,0.002374,0.002402,0.002433,0.002501,0.002528,0.002508,0.002528,0.002563,0.0025263566666666503,0.0025087466666666564,0.0025297133333333204,0.0025592466666666627
1.072,0.002296,0.002299,0.002314,0.002325,0.002331,0.002342,0.002354,0.002352,0.002364,0.002376,0.002405,0.002435,0.002502,0.002527,0.002508,0.002524,0.002557,0.002526123333333317,0.0025081899999999904,0.0025245066666666656,0.0025549466666666683
1.076,0.002299,0.002302,0.002318,0.002328,0.002334,0.002345,0.002358,0.002355,0.002367,0.002379,0.002408,0.002437,0.002504,0.002527,0.002509,0.002522,0.00255,0.00252613666666665,0.0025090733333333268,0.0025223266666666785,0.0025484266666666758
1.08,0.002302,0.002307,0.002322,0.002331,0.002337,0.002349,0.002362,0.002357,0.002369,0.002383,0.002412,0.002439,0.002506,0.002527,0.00251,0.002519,0.002544,0.002526823333333318,0.002510610000000003,0.002520916666666677,0.0025434399999999984
1.084,0.002307,0.002312,0.002327,0.002336,0.002342,0.002354,0.002367,0.002361,0.002373,0.002387,0.002417,0.002442,0.002509,0.002529,0.002512,0.002518,0.002539,0.00252859333333333,0.0025131099999999938,0.0025195166666666744,0.0025374166666666618
1.088,0.002311,0.002317,0.002332,0.00234,0.002346,0.002359,0.002372,0.002365,0.002376,0.002391,0.002422,0.002445,0.002512,0.002531,0.002515,0.002516,0.002534,0.0025302999999999914,0.0025151666666666695,0.002518273333333331,0.002534026666666668
1.092,0.002315,0.002322,0.002338,0.002345,0.00235,0.002365,0.002376,0.002368,0.002379,0.002395,0.002426,0.002448,0.002516,0.002533,0.002517,0.002516,0.002528,0.0025322466666666656,0.0025172299999999975,0.0025175533333333267,0.0025290933333333267
1.096,0.002321,0.002328,0.002344,0.002351,0.002355,0.002371,0.002382,0.002372,0.002383,0.002401,0.002432,0.002452,0.00252,0.002536,0.002521,0.002516,0.002523,0.0025351999999999914,0.00252121333333333,0.0025184399999999938,0.002524443333333344
1.1,0.002326,0.002335,0.002352,0.002357,0.002361,0.002378,0.002389,0.002377,0.002388,0.002406,0.002438,0.002456,0.002526,0.00254,0.002526,0.002516,0.002519,0.002539196666666658,0.002526750000000001,0.0025201633333333286,0.0025195466666666786
1.104,0.002332,0.002342,0.002359,0.002363,0.002367,0.002385,0.002395,0.002381,0.002392,0.002412,0.002444,0.00246,0.002532,0.002544,0.00253,0.002518,0.002515,0.0025428166666666605,0.002531073333333335,0.0025222433333333388,0.0025174866666666774
1.108,0.002339,0.00235,0.002367,0.002371,0.002374,0.002393,0.002403,0.002387,0.002397,0.002418,0.002452,0.002466,0.002538,0.00255,0.002536,0.002519,0.002511,0.0025495366666666735,0.0025383733333333262,0.002525573333333343,0.0025138166666666723
1.112,0.002347,0.002358,0.002376,0.002379,0.002382,0.002401,0.002411,0.002392,0.002403,0.002425,0.002459,0.002471,0.002545,0.002556,0.002543,0.002522,0.002508,0.00255390666666667,0.002543649999999993,0.0025259266666666775,0.0025109566666666632
1.116,0.002356,0.002367,0.002386,0.002388,0.00239,0.002411,0.00242,0.002399,0.002409,0.002432,0.002468,0.002477,0.002553,0.002563,0.002551,0.002527,0.002505,0.0025644733333333256,0.0025548733333333293,0.0025378666666666556,0.002516343333333323
1.12,0.002364,0.002377,0.002397,0.002397,0.002399,0.002421,0.00243,0.002406,0.002416,0.00244,0.002478,0.002484,0.002563,0.002571,0.002559,0.002531,0.002504,0.0025706466666666605,0.0025599799999999925,0.0025370499999999886,0.002511309999999992
1.124,0.002374,0.002387,0.002408,0.002407,0.002408,0.002431,0.00244,0.002413,0.002423,0.002448,0.002487,0.002492,0.002572,0.002579,0.002568,0.002536,0.002502,0.0025765766666666625,0.002566983333333336,0.0025416833333333244,0.0025110099999999993
1.128,0.002384,0.002399,0.00242,0.002418,0.002418,0.002443,0.002451,0.002422,0.002432,0.002458,0.002497,0.0025,0.002582,0.002589,0.00258,0.002542,0.002502,0.002589329999999992,0.0025812566666666777,0.002550210000000007,0.0025126133333333365
1.132,0.002395,0.002411,0.002433,0.002429,0.002429,0.002456,0.002463,0.002431,0.002441,0.002468,0.002509,0.002509,0.002594,0.0026,0.00259,0.00255,0.002502,0.0025996933333333394,0.0025913799999999947,0.0025556200000000106,0.002509900000000002
1.136,0.002406,0.002423,0.002446,0.002442,0.002441,0.002468,0.002475,0.002441,0.00245,0.002479,0.002521,0.002519,0.002606,0.002612,0.002603,0.002558,0.002504,0.002609503333333325,0.0026025433333333376,0.0025650499999999928,0.0025157166666666597
1.14,0.002419,0.002435,0.00246,0.002454,0.002453,0.002482,0.002487,0.002451,0.002461,0.002491,0.002534,0.00253,0.002619,0.002625,0.002616,0.002567,0.002506,0.002625083333333327,0.0026178766666666614,0.0025793433333333284,0.0025255333333333353
1.144,0.002431,0.002449,0.002474,0.002466,0.002466,0.002495,0.002501,0.002462,0.002472,0.002503,0.002547,0.002541,0.002633,0.002638,0.00263,0.002577,0.002509,0.002636263333333333,0.002629226666666674,0.002586763333333342,0.0025261733333333276
1.148,0.002445,0.002463,0.00249,0.002482,0.00248,0.002512,0.002516,0.002475,0.002484,0.002517,0.002562,0.002554,0.00265,0.002654,0.002646,0.002588,0.002513,0.0026564666666666734,0.002649546666666676,0.0026104466666666735,0.0025499733333333276
1.152,0.002459,0.002478,0.002506,0.002497,0.002494,0.002527,0.002531,0.002488,0.002496,0.002531,0.002578,0.002567,0.002666,0.00267,0.002662,0.0026,0.002518,0.0026693066666666613,0.0026622033333333463,0.002614703333333342,0.002545896666666672
1.156,0.002474,0.002494,0.002523,0.002513,0.00251,0.002544,0.002546,0.002501,0.00251,0.002546,0.002594,0.002581,0.002682,0.002686,0.002678,0.002613,0.002524,0.002684623333333327,0.002677273333333331,0.002625233333333328,0.002547529999999999
1.16,0.00249,0.002511,0.00254,0.002529,0.002525,0.002561,0.002562,0.002516,0.002525,0.002562,0.002611,0.002597,0.002701,0.002704,0.002695,0.002627,0.002531,0.0026987933333333363,0.002691183333333335,0.002632740000000007,0.002545899999999991
1.164,0.002506,0.002528,0.002558,0.002547,0.002543,0.002578,0.002579,0.002532,0.00254,0.002579,0.002629,0.002613,0.002718,0.002721,0.002713,0.002641,0.002539,0.0027147766666666567,0.0027085233333333293,0.0026475000000000036,0.0025560299999999934
1.168,0.002523,0.002545,0.002576,0.002564,0.002559,0.002596,0.002597,0.002547,0.002556,0.002596,0.002646,0.00263,0.002736,0.002739,0.00273,0.002656,0.002548,0.0027315766666666753,0.002724243333333338,0.002665989999999997,0.002575466666666663
1.172,0.00254,0.002563,0.002595,0.002583,0.002576,0.002614,0.002614,0.002564,0.002573,0.002613,0.002665,0.002647,0.002755,0.002757,0.00275,0.002671,0.002558,0.0027536600000000076,0.0027487433333333376,0.0026875766666666565,0.0025893466666666565
1.176,0.002557,0.002581,0.002613,0.0026,0.002594,0.002633,0.002632,0.002581,0.002589,0.002631,0.002683,0.002665,0.002774,0.002776,0.002768,0.002686,0.002568,0.002772666666666668,0.0027676433333333307,0.002707013333333328,0.0026086700000000035
1.18,0.002575,0.0026,0.002634,0.002619,0.002613,0.002652,0.002651,0.002598,0.002608,0.002649,0.002703,0.002683,0.002793,0.002795,0.002786,0.002703,0.002581,0.002792559999999996,0.0027861666666666556,0.002724586666666671,0.0026190699999999916
1.184,0.002595,0.00262,0.002655,0.00264,0.002633,0.002674,0.002672,0.002617,0.002627,0.00267,0.002724,0.002704,0.002814,0.002816,0.002808,0.002721,0.002596,0.0028168566666666728,0.0028102633333333383,0.0027464899999999908,0.002644200000000006
1.188,0.002613,0.002639,0.002675,0.002659,0.002652,0.002693,0.002691,0.002635,0.002645,0.002688,0.002744,0.002722,0.002834,0.002836,0.002828,0.002738,0.002609,0.002834203333333319,0.0028285666666666796,0.0027645800000000048,0.002661316666666657
1.192,0.002633,0.002658,0.002695,0.002679,0.002671,0.002713,0.00271,0.002654,0.002664,0.002708,0.002763,0.002743,0.002855,0.002859,0.002852,0.002755,0.002624,0.0028565299999999865,0.002851833333333332,0.0027859799999999956,0.002681039999999991
1.196,0.002651,0.002678,0.002717,0.002699,0.002691,0.002733,0.00273,0.002674,0.002683,0.002728,0.002784,0.002762,0.002878,0.002883,0.002875,0.002774,0.002639,0.0028816566666666613,0.0028771533333333253,0.002799950000000012,0.002682116666666653
1.2,0.002671,0.002698,0.002738,0.002721,0.002711,0.002753,0.00275,0.002693,0.002702,0.002747,0.002804,0.002782,0.002902,0.002906,0.002898,0.002796,0.002655,0.0029058199999999973,0.0029009499999999937,0.002824676666666673,0.0027036266666666587
1.204,0.002691,0.002717,0.00276,0.002741,0.002731,0.002774,0.00277,0.002712,0.002721,0.002768,0.002824,0.002802,0.002924,0.002928,0.002919,0.002818,0.002671,0.0029217200000000087,0.0029149666666666713,0.0028318733333333266,0.0027006499999999915
1.208,0.00271,0.002738,0.002782,0.002762,0.002751,0.002796,0.002793,0.002732,0.002741,0.002788,0.002845,0.002822,0.002945,0.002949,0.00294,0.002839,0.002688,0.002949556666666658,0.002943103333333349,0.0028656066666666704,0.0027409533333333422
1.212,0.002731,0.002762,0.002807,0.002785,0.002774,0.002821,0.002818,0.002752,0.002762,0.002809,0.002868,0.002843,0.002967,0.002972,0.002962,0.00286,0.002706,0.0029713499999999894,0.002965686666666678,0.0028906233333333238,0.002762173333333328
1.216,0.002752,0.002786,0.00283,0.002809,0.002798,0.002844,0.00284,0.002773,0.002782,0.002831,0.002892,0.002865,0.002988,0.002993,0.002983,0.002879,0.002723,0.002993530000000008,0.002989139999999991,0.002917089999999992,0.002790773333333337
1.22,0.002773,0.002809,0.002852,0.002831,0.00282,0.002865,0.002862,0.002795,0.002804,0.002856,0.002915,0.002889,0.003009,0.003014,0.003003,0.002897,0.00274,0.003011646666666657,0.0030064799999999898,0.0029282233333333425,0.002796826666666659
1.224,0.002794,0.002831,0.002874,0.002853,0.002842,0.002886,0.002883,0.002821,0.002829,0.002879,0.002937,0.002913,0.00303,0.003034,0.003023,0.002917,0.00276,0.003027873333333324,0.003022376666666666,0.002940006666666655,0.00280615666666666
1.228,0.002815,0.002853,0.002896,0.002874,0.002864,0.002908,0.002905,0.002843,0.002852,0.002902,0.002958,0.002937,0.003051,0.003055,0.003044,0.002937,0.002781,0.0030537500000000052,0.0030481733333333444,0.0029717499999999913,0.0028471333333333388
1.232,0.002836,0.002874,0.002916,0.002896,0.002885,0.002929,0.002925,0.002865,0.002874,0.002924,0.00298,0.002958,0.003071,0.003075,0.003063,0.002956,0.002804,0.0030728100000000157,0.0030643800000000093,0.0029788199999999884,0.0028513366666666692
1.236,0.002855,0.002894,0.002937,0.002915,0.002905,0.002948,0.002944,0.002886,0.002894,0.002944,0.002999,0.002979,0.00309,0.003094,0.003082,0.002974,0.002825,0.003088736666666679,0.003081533333333339,0.0029964466666666696,0.0028713733333333292
1.24,0.002875,0.002914,0.002958,0.002934,0.002925,0.002968,0.002964,0.002907,0.002915,0.002965,0.003019,0.003,0.003109,0.003113,0.003101,0.002993,0.002846,0.00310353000000001,0.003093963333333345,0.0030015800000000124,0.0028703300000000056
1.244,0.002894,0.002935,0.002979,0.002955,0.002946,0.00299,0.002985,0.002928,0.002937,0.002986,0.00304,0.003021,0.003129,0.003133,0.003121,0.003012,0.002866,0.0031183766666666828,0.003110770000000011,0.0030197600000000063,0.0028895300000000078
1.248,0.002914,0.002956,0.003,0.002976,0.002967,0.003011,0.003005,0.002949,0.002957,0.003007,0.00306,0.003042,0.003149,0.003152,0.003139,0.003031,0.002886,0.003139583333333345,0.0031326733333333343,0.003050770000000002,0.0029318833333333485
1.252,0.002934,0.002976,0.00302,0.002996,0.002987,0.00303,0.003024,0.00297,0.002977,0.003027,0.00308,0.003063,0.003167,0.00317,0.003157,0.003049,0.002906,0.0031624500000000046,0.003155993333333325,0.0030786566666666615,0.002969493333333331
1.256,0.002953,0.002995,0.003041,0.003015,0.003007,0.003054,0.003044,0.002991,0.002998,0.003047,0.003099,0.003083,0.003186,0.003189,0.003176,0.003067,0.002927,0.0031840099999999984,0.0031757333333333215,0.003087166666666675,0.002966136666666676
1.26,0.002972,0.003015,0.00306,0.003035,0.003027,0.003076,0.003064,0.003011,0.003018,0.003067,0.003118,0.003103,0.003205,0.003208,0.003194,0.003085,0.002947,0.0032052966666666588,0.0031953333333333343,0.0031021633333333377,0.002980090000000008
1.264,0.002991,0.003035,0.003081,0.003055,0.003047,0.003096,0.003083,0.003032,0.003038,0.003087,0.003137,0.003123,0.003222,0.003226,0.003212,0.003103,0.002966,0.003224996666666655,0.003214779999999998,0.0031239799999999954,0.003003910000000012
1.268,0.00301,0.003054,0.003099,0.003075,0.003066,0.003115,0.003102,0.003052,0.003058,0.003106,0.003156,0.003142,0.00324,0.003244,0.003228,0.00312,0.002986,0.0032400700000000094,0.0032286166666666725,0.0031398833333333392,0.0030220866666666795
1.272,0.003027,0.003073,0.003119,0.003093,0.003085,0.003133,0.00312,0.003071,0.003078,0.003125,0.003175,0.003161,0.003257,0.003261,0.003245,0.003136,0.003005,0.003261669999999993,0.003250180000000018,0.0031614900000000133,0.0030492600000000085
1.276,0.003046,0.003093,0.003138,0.003114,0.003105,0.003153,0.003139,0.003091,0.003097,0.003145,0.003194,0.00318,0.003275,0.003279,0.003263,0.003156,0.003025,0.0032808900000000055,0.0032695233333333374,0.003183583333333342,0.0030735800000000063
1.28,0.003064,0.003111,0.003156,0.003133,0.003124,0.003171,0.003157,0.00311,0.003116,0.003164,0.003212,0.003199,0.003293,0.003297,0.003281,0.003172,0.003043,0.0032961799999999992,0.0032830466666666567,0.003186926666666656,0.003066486666666673
1.284,0.003081,0.003128,0.003174,0.003151,0.003142,0.003189,0.003174,0.003129,0.003135,0.003182,0.00323,0.003217,0.00331,0.003313,0.003296,0.003189,0.003061,0.0033099000000000045,0.003295163333333323,0.0031976699999999945,0.0030766566666666603
1.288,0.003099,0.003147,0.003193,0.00317,0.00316,0.003208,0.003193,0.003148,0.003154,0.003201,0.003248,0.003235,0.003327,0.003331,0.003313,0.003205,0.00308,0.003328546666666658,0.003315230000000003,0.0032244900000000043,0.0031105933333333297
1.292,0.003117,0.003166,0.003211,0.003189,0.003179,0.003225,0.003211,0.003167,0.003172,0.003219,0.003267,0.003254,0.003345,0.003349,0.003331,0.003222,0.003097,0.0033453100000000124,0.0033320766666666535,0.0032427933333333166,0.0031309633333333376
1.296,0.003134,0.003184,0.003229,0.003207,0.003197,0.003242,0.003228,0.003186,0.003191,0.003237,0.003285,0.003271,0.003362,0.003364,0.003347,0.003238,0.003115,0.0033650866666666748,0.003355319999999994,0.0032752166666666542,0.003176719999999994
1.3,0.003151,0.003201,0.003247,0.003224,0.003214,0.003261,0.003245,0.003204,0.003208,0.003255,0.003302,0.003289,0.003378,0.003381,0.003363,0.003253,0.003132,0.0033811666666666634,0.0033669100000000038,0.0032738333333333174,0.0031659566666666777
1.304,0.003167,0.003217,0.003264,0.003242,0.003232,0.003278,0.003262,0.003223,0.003227,0.003273,0.003319,0.003307,0.003394,0.003397,0.003379,0.003269,0.003148,0.0033945266666666604,0.003379326666666678,0.0032836033333333223,0.00317371000000001
1.308,0.003184,0.003235,0.003282,0.00326,0.00325,0.003295,0.00328,0.003241,0.003245,0.00329,0.003338,0.003324,0.003411,0.003414,0.003395,0.003285,0.003165,0.003408590000000003,0.0033930233333333425,0.003300346666666659,0.0031910133333333244
1.312,0.0032,0.003252,0.003299,0.003277,0.003267,0.003312,0.003296,0.003258,0.003262,0.003308,0.003355,0.003342,0.003428,0.003432,0.003412,0.003301,0.003182,0.003426676666666665,0.0034107733333333294,0.003318603333333329,0.003213426666666675
1.316,0.003217,0.003268,0.003316,0.003294,0.003283,0.003327,0.003313,0.003276,0.00328,0.003326,0.003371,0.003358,0.003445,0.003449,0.003429,0.003315,0.003198,0.0034404633333333405,0.0034245433333333387,0.003331126666666653,0.003230000000000011
1.32,0.003233,0.003285,0.003333,0.003311,0.003301,0.003345,0.003329,0.003293,0.003298,0.003343,0.003388,0.003375,0.003463,0.003466,0.003446,0.003331,0.003214,0.0034605733333333277,0.0034458066666666555,0.0033535433333333185,0.0032570833333333484
1.324,0.003249,0.003302,0.003351,0.003329,0.003317,0.003363,0.003347,0.003311,0.003315,0.00336,0.003406,0.003393,0.00348,0.003483,0.003463,0.003346,0.003231,0.0034794200000000026,0.0034642499999999955,0.003367309999999986,0.0032668866666666625
1.328,0.003265,0.003319,0.003368,0.003346,0.003335,0.00338,0.003364,0.003327,0.003332,0.003377,0.003424,0.003409,0.003497,0.003501,0.00348,0.003361,0.003246,0.003495979999999991,0.0034801933333333404,0.0033825833333333156,0.003283636666666659
1.332,0.003281,0.003335,0.003384,0.003364,0.003352,0.003396,0.00338,0.003345,0.003349,0.003395,0.003441,0.003426,0.003515,0.003518,0.003497,0.003378,0.003262,0.0035143900000000066,0.0034987833333333233,0.0034002533333333295,0.003299633333333323
1.336,0.003296,0.00335,0.003401,0.003379,0.003369,0.003413,0.003395,0.003362,0.003366,0.003413,0.003458,0.003444,0.003531,0.003535,0.003513,0.003394,0.003277,0.0035286033333333257,0.0035123133333333292,0.00341538666666667,0.003313983333333321
1.34,0.003313,0.003367,0.003417,0.003397,0.003386,0.00343,0.003413,0.00338,0.003384,0.003431,0.003476,0.003462,0.003549,0.003553,0.003531,0.00341,0.003293,0.003547986666666664,0.003533716666666654,0.0034415300000000103,0.003343849999999994
1.344,0.003328,0.003384,0.003434,0.003414,0.003403,0.003446,0.00343,0.003397,0.003402,0.003448,0.003494,0.003479,0.003566,0.00357,0.003548,0.003426,0.003309,0.0035624066666666613,0.0035458733333333338,0.0034472066666666784,0.003347113333333335
1.348,0.003344,0.003399,0.00345,0.00343,0.003419,0.003463,0.003445,0.003414,0.003418,0.003466,0.003512,0.003497,0.003584,0.003587,0.003564,0.003441,0.003323,0.0035817000000000045,0.0035640933333333314,0.0034628166666666807,0.003359913333333325
1.352,0.00336,0.003414,0.003466,0.003446,0.003435,0.003479,0.003462,0.003432,0.003436,0.003484,0.003529,0.003514,0.003601,0.003604,0.003581,0.003458,0.003339,0.0035944466666666787,0.00357778333333332,0.0034821633333333227,0.0033846666666666565
1.356,0.003376,0.003431,0.003482,0.003463,0.003453,0.003495,0.003479,0.003449,0.003454,0.003501,0.003547,0.003533,0.003619,0.003622,0.003599,0.003474,0.003355,0.0036197133333333385,0.003602786666666668,0.0035070633333333222,0.0034134499999999993
1.36,0.003391,0.003446,0.003498,0.003478,0.003469,0.003512,0.003494,0.003465,0.00347,0.00352,0.003564,0.003549,0.003637,0.00364,0.003617,0.003489,0.003372,0.003636396666666664,0.0036191233333333272,0.0035153333333333265,0.0034147300000000086
1.364,0.003407,0.003461,0.003515,0.003495,0.003484,0.003528,0.003511,0.003482,0.003488,0.003537,0.003582,0.003567,0.003656,0.003658,0.003635,0.003505,0.003387,0.0036542400000000056,0.003637260000000017,0.003540046666666664,0.0034514200000000067
1.368,0.003422,0.003476,0.00353,0.00351,0.003501,0.003545,0.003527,0.003498,0.003505,0.003553,0.003599,0.003584,0.003674,0.003678,0.003654,0.003521,0.003402,0.003671103333333329,0.0036531233333333486,0.0035518766666666683,0.003456886666666672
1.372,0.003437,0.003492,0.003548,0.003527,0.003517,0.003562,0.003546,0.003515,0.003522,0.003572,0.003618,0.003602,0.003693,0.003696,0.003672,0.003537,0.003418,0.0036888533333333307,0.0036700466666666678,0.0035620266666666683,0.003460770000000003
1.376,0.003452,0.003508,0.003564,0.003544,0.003534,0.00358,0.003563,0.003533,0.003539,0.00359,0.003637,0.003621,0.003712,0.003715,0.003691,0.003554,0.003436,0.003711363333333337,0.0036897699999999937,0.0035651033333333193,0.0034539899999999966
1.38,0.003468,0.003523,0.003579,0.00356,0.00355,0.003596,0.003579,0.00355,0.003556,0.003608,0.003654,0.003638,0.00373,0.003734,0.00371,0.00357,0.00345,0.0037214499999999985,0.0037004066666666696,0.003577456666666659,0.003466229999999988
1.384,0.003483,0.003539,0.003596,0.003577,0.003568,0.003612,0.003596,0.003567,0.003574,0.003626,0.003673,0.003657,0.00375,0.003752,0.003728,0.003587,0.003467,0.0037398466666666535,0.0037189833333333166,0.0035967633333333373,0.003486890000000001
1.388,0.0035,0.003556,0.003613,0.003593,0.003585,0.003629,0.003615,0.003585,0.003592,0.003645,0.003692,0.003676,0.003769,0.003771,0.003747,0.003605,0.003484,0.0037579533333333246,0.00373618999999998,0.0036199900000000004,0.003523070000000011
1.392,0.003513,0.003571,0.003629,0.00361,0.003602,0.003646,0.003631,0.003603,0.00361,0.003663,0.003711,0.003695,0.003787,0.003791,0.003766,0.003623,0.0035,0.0037770166666666652,0.003754473333333339,0.00364092666666667,0.003546273333333323
1.396,0.003531,0.003586,0.003644,0.003625,0.003618,0.003663,0.003647,0.00362,0.003627,0.003681,0.003729,0.003713,0.003807,0.003809,0.003785,0.00364,0.003516,0.003798659999999984,0.003776133333333339,0.0036538533333333287,0.0035500499999999925
1.4,0.003546,0.003602,0.00366,0.003641,0.003634,0.003679,0.003664,0.003637,0.003644,0.003699,0.003747,0.003733,0.003826,0.003829,0.003804,0.003658,0.003533,0.003818760000000001,0.0037960266666666647,0.0036680333333333425,0.0035517000000000023
1.404,0.003562,0.003617,0.003677,0.003658,0.00365,0.003696,0.003681,0.003654,0.003663,0.003718,0.003766,0.003751,0.003847,0.00385,0.003825,0.003676,0.003551,0.0038405100000000036,0.003817326666666659,0.003685070000000008,0.0035703933333333326
1.408,0.003578,0.003632,0.003694,0.003674,0.003667,0.003715,0.003698,0.003671,0.00368,0.003736,0.003785,0.00377,0.003869,0.00387,0.003846,0.003694,0.003569,0.003856883333333343,0.003834996666666675,0.0037074899999999947,0.0035931600000000093
1.412,0.003593,0.003648,0.003711,0.00369,0.003683,0.003731,0.003715,0.003687,0.003698,0.003753,0.003804,0.003789,0.003888,0.00389,0.003865,0.003711,0.003586,0.0038693866666666514,0.003847900000000005,0.003726486666666673,0.003616466666666665
1.416,0.003607,0.003665,0.003727,0.003708,0.003701,0.003749,0.003734,0.003705,0.003716,0.003773,0.003824,0.003808,0.003909,0.00391,0.003885,0.003729,0.003604,0.003888559999999999,0.003866690000000007,0.0037470633333333307,0.0036451233333333467
1.42,0.003623,0.003681,0.003743,0.003726,0.003718,0.003766,0.003752,0.003724,0.003735,0.003792,0.003845,0.003828,0.003929,0.003931,0.003905,0.003747,0.003622,0.003916886666666662,0.003893306666666685,0.003758656666666645,0.0036483100000000088
1.424,0.003639,0.003697,0.00376,0.003741,0.003736,0.003784,0.00377,0.003742,0.003754,0.003812,0.003864,0.003849,0.00395,0.00395,0.003924,0.003767,0.003641,0.003942999999999994,0.003919260000000012,0.003780569999999997,0.0036655533333333403
1.428,0.003657,0.003712,0.003776,0.003758,0.003752,0.0038,0.003788,0.00376,0.003773,0.003831,0.003883,0.003869,0.003969,0.00397,0.003945,0.003784,0.003658,0.003966366666666673,0.003944213333333332,0.003803760000000001,0.003688373333333345
1.432,0.003672,0.003727,0.003791,0.003774,0.003769,0.003817,0.003804,0.003776,0.003792,0.00385,0.003903,0.003888,0.003989,0.00399,0.003964,0.003805,0.003676,0.0039876133333333385,0.003964413333333333,0.0038207299999999914,0.003700693333333341
1.436,0.003689,0.003743,0.003806,0.00379,0.003786,0.003834,0.003821,0.003794,0.003811,0.00387,0.003922,0.003909,0.004011,0.004011,0.003985,0.003824,0.003694,0.004008256666666657,0.003985096666666658,0.0038393400000000097,0.0037186066666666647
1.44,0.003705,0.003758,0.003823,0.003806,0.003802,0.003851,0.003838,0.003813,0.003829,0.003888,0.003941,0.003929,0.004031,0.004033,0.004006,0.003841,0.003712,0.004031953333333314,0.0040072499999999804,0.003852769999999992,0.0037293500000000084
1.444,0.003721,0.003772,0.003839,0.003822,0.003818,0.003868,0.003855,0.003829,0.003847,0.003906,0.003961,0.003947,0.004053,0.004053,0.004026,0.00386,0.003731,0.0040459266666666585,0.004021329999999991,0.0038680199999999868,0.003746773333333341
1.448,0.003736,0.003787,0.003856,0.003839,0.003835,0.003887,0.003873,0.003846,0.003865,0.003925,0.00398,0.003967,0.004073,0.004074,0.004047,0.00388,0.00375,0.004069606666666667,0.004046696666666665,0.003898846666666671,0.0037801166666666685
1.452,0.003752,0.003804,0.003872,0.003856,0.003853,0.003904,0.003892,0.003864,0.003883,0.003945,0.004001,0.003988,0.004095,0.004094,0.004068,0.0039,0.003771,0.004087996666666681,0.004064319999999985,0.003910403333333341,0.003790716666666661
1.456,0.003768,0.00382,0.003889,0.003873,0.00387,0.00392,0.003909,0.003881,0.003901,0.003964,0.004021,0.004008,0.004115,0.004113,0.004087,0.003919,0.003791,0.004103303333333349,0.004078963333333314,0.003921883333333341,0.0038012733333333327
1.46,0.003784,0.003837,0.003905,0.003889,0.003888,0.003937,0.003926,0.0039,0.00392,0.003984,0.004041,0.00403,0.004135,0.004133,0.004107,0.00394,0.00381,0.004128653333333345,0.004104396666666666,0.003947360000000024,0.0038244933333333327
1.464,0.003799,0.003852,0.00392,0.003906,0.003904,0.003952,0.003944,0.003919,0.003939,0.004003,0.004059,0.00405,0.004156,0.004153,0.004127,0.003959,0.00383,0.004142216666666672,0.0041172966666666614,0.003958913333333354,0.0038365966666666666
1.468,0.003818,0.003868,0.003936,0.003922,0.003922,0.00397,0.00396,0.003937,0.003959,0.004022,0.004079,0.004071,0.004177,0.004175,0.004147,0.003981,0.003849,0.004161856666666679,0.00413599999999999,0.003979963333333344,0.00385623666666666
1.472,0.003835,0.003883,0.003952,0.003938,0.003937,0.003987,0.003977,0.003955,0.003977,0.004041,0.004098,0.004091,0.004198,0.004195,0.004168,0.004002,0.003867,0.004184953333333318,0.004159836666666652,0.00400651333333333,0.003881729999999992
1.476,0.003848,0.003896,0.003968,0.003953,0.003952,0.004003,0.003994,0.00397,0.003995,0.004058,0.004117,0.00411,0.004218,0.004216,0.004188,0.004022,0.003887,0.00420744666666666,0.004181976666666666,0.004027443333333325,0.0039005533333333195
1.48,0.003864,0.003912,0.003985,0.00397,0.003969,0.004021,0.004011,0.003987,0.004012,0.004077,0.004136,0.00413,0.00424,0.004236,0.004209,0.00404,0.003907,0.00423170666666666,0.004206966666666662,0.004050796666666681,0.003924943333333338
1.484,0.003881,0.003927,0.004002,0.003986,0.003986,0.004038,0.004029,0.004005,0.00403,0.004096,0.004157,0.004151,0.00426,0.004255,0.004228,0.004059,0.003927,0.004255556666666658,0.004230446666666657,0.0040713133333333505,0.003944006666666674
1.488,0.003895,0.003943,0.004022,0.004003,0.004003,0.004055,0.004046,0.004022,0.004048,0.004115,0.004177,0.004171,0.00428,0.004275,0.004246,0.004078,0.003948,0.004274943333333339,0.004248033333333319,0.004086060000000016,0.003958373333333328
1.492,0.003911,0.00396,0.004035,0.004019,0.00402,0.004071,0.004063,0.004041,0.004066,0.004135,0.004197,0.004192,0.0043,0.004295,0.004267,0.004097,0.003968,0.004295053333333336,0.004270123333333343,0.004113990000000009,0.003990313333333326
1.496,0.003927,0.003974,0.004048,0.004036,0.004037,0.004086,0.00408,0.004059,0.004086,0.004153,0.004214,0.004213,0.004319,0.004314,0.004286,0.004118,0.003988,0.004308829999999999,0.0042868200000000115,0.004145369999999999,0.004027736666666672
1.5,0.003944,0.00399,0.004064,0.004051,0.004053,0.004102,0.004095,0.004077,0.004104,0.004172,0.004233,0.004232,0.004339,0.004335,0.004305,0.00414,0.004008,0.004321283333333325,0.004302480000000008,0.004181426666666674,0.004071633333333337
