Voltage,1,2,3,5,10,15,20,25,30,40,50,60,80,100,120,200,250,100_pred,120_pred,200_pred,250_pred
-0.996,0.001148,0.001199,0.001243,0.001275,0.001354,0.001388,0.001423,0.001444,0.00148,0.001542,0.001566,0.001594,0.001647,0.001669,0.001705,0.001553,0.001698,0.0016776366666666613,0.0017112633333333394,0.001617493333333339,0.0017148699999999953
-0.992,0.001139,0.001189,0.001232,0.001265,0.001344,0.001377,0.001412,0.001433,0.001469,0.00153,0.001554,0.001582,0.001635,0.001657,0.001693,0.001544,0.001687,0.0016635533333333376,0.0016965033333333345,0.0015791899999999968,0.001697606666666663
-0.988,0.001131,0.00118,0.001223,0.001256,0.001334,0.001367,0.001401,0.001422,0.001458,0.001519,0.001543,0.001571,0.001625,0.001646,0.001682,0.001535,0.001676,0.0016540266666666646,0.0016852666666666693,0.0015662133333333365,0.0016884400000000037
-0.984,0.001123,0.001172,0.001214,0.001247,0.001324,0.001357,0.001391,0.001413,0.001448,0.001509,0.001533,0.001561,0.001615,0.001636,0.001671,0.001527,0.001666,0.00164299333333334,0.0016745233333333301,0.0015514066666666678,0.001676413333333334
-0.98,0.001115,0.001164,0.001206,0.001239,0.001315,0.001348,0.001382,0.001404,0.001439,0.0015,0.001524,0.001551,0.001605,0.001627,0.001661,0.001519,0.001657,0.0016328099999999963,0.0016638566666666722,0.0015517599999999964,0.0016750000000000042
-0.976,0.001108,0.001157,0.001198,0.001232,0.001307,0.00134,0.001373,0.001396,0.001431,0.001491,0.001516,0.001543,0.001597,0.001618,0.001652,0.001512,0.001648,0.001622293333333336,0.001652989999999995,0.0015267533333333397,0.0016556799999999955
-0.972,0.001102,0.001151,0.001191,0.001225,0.0013,0.001332,0.001366,0.001388,0.001424,0.001483,0.001508,0.001535,0.001589,0.00161,0.001643,0.001506,0.00164,0.001615096666666667,0.0016455100000000028,0.001524073333333337,0.001649199999999992
-0.968,0.001096,0.001145,0.001185,0.001218,0.001293,0.001326,0.001359,0.001381,0.001417,0.001476,0.001501,0.001528,0.001581,0.001603,0.001635,0.001499,0.001632,0.001608073333333338,0.0016371366666666659,0.0015115833333333257,0.0016407633333333374
-0.964,0.001091,0.001139,0.001179,0.001212,0.001287,0.001319,0.001352,0.001375,0.001411,0.001469,0.001494,0.001521,0.001575,0.001596,0.001628,0.001494,0.001626,0.001601343333333328,0.0016302200000000045,0.001505909999999997,0.0016340533333333378
-0.96,0.001086,0.001134,0.001173,0.001207,0.001281,0.001313,0.001346,0.00137,0.001405,0.001463,0.001488,0.001515,0.001569,0.00159,0.001621,0.001489,0.00162,0.001594369999999995,0.0016234566666666634,0.001503910000000004,0.0016303033333333378
-0.956,0.001082,0.001129,0.001168,0.001202,0.001276,0.001308,0.00134,0.001364,0.001399,0.001457,0.001482,0.001509,0.001563,0.001584,0.001615,0.001484,0.001614,0.0015878833333333262,0.00161670666666666,0.001500336666666665,0.001624893333333336
-0.952,0.001077,0.001124,0.001164,0.001197,0.001271,0.001303,0.001335,0.001359,0.001394,0.001452,0.001477,0.001504,0.001558,0.001578,0.001609,0.001479,0.001609,0.0015818733333333391,0.0016106933333333395,0.0014933800000000034,0.001616306666666674
-0.948,0.001073,0.00112,0.001159,0.001192,0.001266,0.001298,0.00133,0.001355,0.001389,0.001447,0.001472,0.001499,0.001553,0.001573,0.001604,0.001475,0.001604,0.0015760033333333313,0.0016036399999999973,0.0014809666666666685,0.001608566666666665
-0.944,0.00107,0.001116,0.001155,0.001188,0.001261,0.001293,0.001325,0.00135,0.001384,0.001443,0.001467,0.001494,0.001548,0.001568,0.001599,0.001471,0.001599,0.0015706900000000063,0.0015980600000000034,0.0014728400000000007,0.0016003266666666696
-0.94,0.001066,0.001112,0.001151,0.001184,0.001257,0.001289,0.001321,0.001346,0.00138,0.001438,0.001463,0.00149,0.001544,0.001564,0.001594,0.001467,0.001594,0.0015665733333333394,0.0015935966666666634,0.0014690266666666644,0.0015956633333333295
-0.936,0.001063,0.001109,0.001147,0.001181,0.001254,0.001285,0.001316,0.001342,0.001376,0.001434,0.001459,0.001486,0.00154,0.00156,0.00159,0.001464,0.00159,0.0015622700000000045,0.0015892699999999935,0.0014656433333333366,0.0015913533333333273
-0.932,0.00106,0.001106,0.001144,0.001178,0.00125,0.001282,0.001313,0.001339,0.001372,0.001431,0.001455,0.001482,0.001536,0.001556,0.001586,0.001461,0.001586,0.0015591000000000023,0.0015851599999999926,0.0014631533333333301,0.0015879766666666599
-0.928,0.001057,0.001103,0.001141,0.001174,0.001247,0.001278,0.001309,0.001335,0.001369,0.001427,0.001451,0.001478,0.001532,0.001552,0.001582,0.001458,0.001583,0.0015543799999999993,0.0015810499999999938,0.001459493333333335,0.0015841033333333326
-0.924,0.001055,0.0011,0.001138,0.001171,0.001244,0.001275,0.001306,0.001332,0.001365,0.001424,0.001448,0.001475,0.001528,0.001549,0.001578,0.001455,0.001579,0.0015510733333333375,0.0015773266666666724,0.0014564399999999966,0.0015802799999999984
-0.92,0.001052,0.001098,0.001135,0.001169,0.001241,0.001272,0.001303,0.001329,0.001362,0.001421,0.001445,0.001472,0.001525,0.001546,0.001575,0.001453,0.001576,0.001547906666666663,0.0015741566666666645,0.0014539299999999965,0.0015770900000000045
-0.916,0.00105,0.001095,0.001133,0.001166,0.001238,0.001269,0.0013,0.001326,0.00136,0.001418,0.001442,0.001469,0.001523,0.001544,0.001572,0.00145,0.001573,0.0015455499999999951,0.0015711566666666702,0.0014511666666666683,0.0015741466666666635
-0.912,0.001048,0.001093,0.00113,0.001164,0.001236,0.001267,0.001298,0.001324,0.001357,0.001415,0.00144,0.001466,0.001521,0.001541,0.001569,0.001449,0.001571,0.0015424666666666695,0.001568136666666662,0.001449463333333327,0.0015717299999999958
-0.908,0.001047,0.001092,0.001128,0.001162,0.001234,0.001264,0.001296,0.001322,0.001355,0.001413,0.001437,0.001464,0.001518,0.001539,0.001567,0.001447,0.001569,0.0015401166666666737,0.001565916666666664,0.0014474466666666596,0.0015694899999999948
-0.904,0.001045,0.00109,0.001127,0.00116,0.001232,0.001263,0.001293,0.00132,0.001353,0.001411,0.001435,0.001462,0.001516,0.001537,0.001564,0.001446,0.001567,0.0015382933333333375,0.0015632200000000047,0.0014462200000000007,0.0015675099999999974
-0.9,0.001044,0.001088,0.001125,0.001159,0.00123,0.001261,0.001292,0.001318,0.001351,0.001409,0.001433,0.001461,0.001515,0.001536,0.001562,0.001444,0.001565,0.0015369466666666613,0.0015614833333333364,0.001444453333333334,0.0015656099999999953
-0.896,0.001043,0.001087,0.001124,0.001157,0.001229,0.001259,0.00129,0.001317,0.00135,0.001408,0.001432,0.001459,0.001513,0.001534,0.00156,0.001443,0.001563,0.0015349499999999946,0.001559560000000003,0.0014432233333333399,0.0015636366666666626
-0.892,0.001042,0.001086,0.001123,0.001156,0.001227,0.001258,0.001288,0.001316,0.001348,0.001406,0.00143,0.001458,0.001512,0.001533,0.001558,0.001442,0.001562,0.001533760000000002,0.00155769,0.0014421033333333352,0.0015623866666666694
-0.888,0.001041,0.001085,0.001121,0.001155,0.001226,0.001257,0.001287,0.001314,0.001347,0.001405,0.001429,0.001456,0.001511,0.001532,0.001557,0.001441,0.001561,0.0015325399999999954,0.001556586666666659,0.001441056666666674,0.0015612299999999972
-0.884,0.001041,0.001084,0.00112,0.001154,0.001225,0.001256,0.001286,0.001313,0.001346,0.001404,0.001428,0.001455,0.00151,0.001531,0.001556,0.00144,0.00156,0.0015315800000000016,0.0015555666666666663,0.0014402166666666655,0.00156021666666667
-0.88,0.00104,0.001083,0.00112,0.001153,0.001224,0.001255,0.001285,0.001313,0.001346,0.001403,0.001427,0.001455,0.001509,0.00153,0.001555,0.00144,0.001559,0.001530883333333327,0.0015544633333333295,0.0014399899999999986,0.0015594033333333297
-0.876,0.001039,0.001082,0.001119,0.001153,0.001224,0.001254,0.001284,0.001312,0.001345,0.001403,0.001427,0.001454,0.001509,0.00153,0.001553,0.001439,0.001558,0.0015304533333333281,0.0015530766666666774,0.001439093888888896,0.0015584538888888887
-0.872,0.001039,0.001082,0.001118,0.001153,0.001223,0.001253,0.001284,0.001312,0.001345,0.001402,0.001426,0.001454,0.001509,0.00153,0.001553,0.001439,0.001558,0.0015305399999999913,0.0015533733333333412,0.0014412526349206413,0.0015607293015873032
-0.868,0.001039,0.001082,0.001118,0.001152,0.001223,0.001253,0.001284,0.001312,0.001345,0.001402,0.001426,0.001454,0.001509,0.00153,0.001552,0.001438,0.001558,0.001531763333333324,0.0015545233333333333,0.001447086746031749,0.001567560079365079
-0.864,0.001039,0.001082,0.001118,0.001152,0.001223,0.001253,0.001284,0.001312,0.001345,0.001402,0.001426,0.001454,0.001509,0.00153,0.001552,0.001439,0.001559,0.001531763333333324,0.0015545233333333333,0.001447086746031749,0.001567560079365079
-0.86,0.001039,0.001082,0.001118,0.001153,0.001223,0.001253,0.001284,0.001312,0.001345,0.001403,0.001427,0.001454,0.001509,0.001531,0.001553,0.001439,0.001559,0.0015307066666666665,0.0015529533333333444,0.0014389723888888965,0.0015587357222222168
-0.856,0.001039,0.001083,0.001119,0.001153,0.001223,0.001254,0.001284,0.001312,0.001345,0.001403,0.001427,0.001455,0.00151,0.001531,0.001553,0.001439,0.001559,0.0015311633333333324,0.0015530800000000105,0.0014392783333333384,0.0015591583333333294
-0.852,0.00104,0.001083,0.001119,0.001153,0.001223,0.001254,0.001285,0.001312,0.001346,0.001403,0.001427,0.001455,0.00151,0.001532,0.001553,0.00144,0.00156,0.0015317233333333286,0.0015533000000000085,0.0014398366666666662,0.0015597333333333345
-0.848,0.00104,0.001083,0.001119,0.001154,0.001224,0.001254,0.001285,0.001313,0.001346,0.001403,0.001428,0.001455,0.001511,0.001533,0.001554,0.00144,0.00156,0.0015325400000000024,0.0015539966666666678,0.001440119999999999,0.0015600333333333361
-0.844,0.00104,0.001083,0.001119,0.001154,0.001224,0.001254,0.001285,0.001313,0.001347,0.001404,0.001428,0.001456,0.001512,0.001533,0.001554,0.001441,0.001561,0.0015328466666666696,0.0015541433333333327,0.00144072333333334,0.0015607499999999968
-0.84,0.001041,0.001083,0.00112,0.001155,0.001224,0.001255,0.001286,0.001314,0.001347,0.001405,0.001429,0.001457,0.001513,0.001534,0.001555,0.001441,0.001562,0.0015338199999999943,0.0015552499999999915,0.0014410800000000071,0.001561806666666669
-0.836,0.001041,0.001084,0.00112,0.001155,0.001225,0.001255,0.001286,0.001315,0.001348,0.001406,0.00143,0.001458,0.001514,0.001536,0.001556,0.001442,0.001563,0.0015351066666666618,0.0015560866666666665,0.0014417600000000007,0.001562573333333329
-0.832,0.001042,0.001084,0.001121,0.001156,0.001226,0.001256,0.001287,0.001316,0.001349,0.001407,0.001431,0.001459,0.001515,0.001537,0.001557,0.001443,0.001564,0.0015364900000000028,0.0015571466666666604,0.0014428266666666747,0.00156380666666667
-0.828,0.001042,0.001085,0.001122,0.001157,0.001227,0.001257,0.001288,0.001317,0.00135,0.001408,0.001432,0.00146,0.001517,0.001538,0.001558,0.001444,0.001566,0.0015374266666666634,0.0015581833333333341,0.001443770000000002,0.001565386666666672
-0.824,0.001043,0.001086,0.001123,0.001158,0.001228,0.001258,0.001289,0.001318,0.001351,0.001409,0.001434,0.001462,0.001518,0.00154,0.001559,0.001445,0.001567,0.0015391199999999967,0.0015592699999999952,0.0014447666666666603,0.0015665633333333308
-0.82,0.001044,0.001087,0.001124,0.001159,0.001229,0.001259,0.00129,0.001319,0.001353,0.001411,0.001435,0.001463,0.00152,0.001542,0.00156,0.001447,0.001569,0.0015414033333333267,0.001560276666666669,0.0014466366666666605,0.0015685599999999938
-0.816,0.001045,0.001088,0.001125,0.00116,0.00123,0.001261,0.001292,0.00132,0.001354,0.001412,0.001437,0.001465,0.001521,0.001544,0.001561,0.001448,0.00157,0.0015428366666666625,0.001561426666666664,0.001447613333333333,0.0015696033333333342
-0.812,0.001045,0.001089,0.001126,0.001161,0.001231,0.001262,0.001293,0.001322,0.001356,0.001414,0.001438,0.001466,0.001523,0.001545,0.001562,0.001449,0.001572,0.0015441833333333375,0.0015625566666666692,0.0014487333333333277,0.0015714200000000033
-0.808,0.001046,0.00109,0.001127,0.001162,0.001232,0.001263,0.001294,0.001324,0.001357,0.001416,0.00144,0.001468,0.001525,0.001547,0.001564,0.001451,0.001574,0.0015459333333333394,0.0015644033333333382,0.0014504266666666603,0.0015732433333333394
-0.804,0.001048,0.001091,0.001128,0.001164,0.001234,0.001265,0.001296,0.001325,0.001359,0.001417,0.001442,0.00147,0.001527,0.00155,0.001566,0.001453,0.001576,0.0015479733333333317,0.001566810000000005,0.001452049999999995,0.0015749600000000035
-0.8,0.001049,0.001092,0.00113,0.001165,0.001236,0.001267,0.001298,0.001327,0.001361,0.00142,0.001444,0.001472,0.001529,0.001552,0.001568,0.001455,0.001579,0.0015503899999999976,0.0015687766666666733,0.00145411333333333,0.001577713333333332
-0.796,0.00105,0.001094,0.001131,0.001167,0.001237,0.001269,0.0013,0.001329,0.001363,0.001422,0.001447,0.001474,0.001532,0.001555,0.001571,0.001458,0.001581,0.0015532566666666575,0.0015715866666666622,0.001456866666666668,0.0015800299999999992
-0.792,0.001051,0.001095,0.001133,0.001169,0.001239,0.00127,0.001302,0.001331,0.001365,0.001424,0.001449,0.001476,0.001534,0.001557,0.001573,0.00146,0.001583,0.001555246666666659,0.0015735033333333297,0.0014588000000000027,0.0015819500000000004
-0.788,0.001053,0.001097,0.001134,0.001171,0.001241,0.001272,0.001304,0.001333,0.001367,0.001426,0.001452,0.001479,0.001537,0.00156,0.001576,0.001463,0.001586,0.0015584666666666686,0.0015763833333333377,0.0014618199999999965,0.001585099999999994
-0.784,0.001054,0.001098,0.001136,0.001173,0.001243,0.001274,0.001306,0.001335,0.001369,0.001429,0.001454,0.001481,0.00154,0.001563,0.001579,0.001465,0.001589,0.0015613099999999967,0.0015789999999999986,0.0014639399999999963,0.0015878700000000003
-0.78,0.001056,0.0011,0.001138,0.001175,0.001245,0.001277,0.001308,0.001338,0.001372,0.001431,0.001457,0.001484,0.001544,0.001566,0.001581,0.001468,0.001592,0.0015643500000000047,0.0015813499999999972,0.001466686666666671,0.0015907999999999966
-0.776,0.001057,0.001102,0.00114,0.001177,0.001248,0.001279,0.001311,0.00134,0.001374,0.001434,0.00146,0.001487,0.001547,0.00157,0.001584,0.001471,0.001595,0.0015688666666666719,0.0015853933333333256,0.0014721533333333335,0.001595603333333337
-0.772,0.001059,0.001104,0.001142,0.001179,0.00125,0.001281,0.001313,0.001343,0.001377,0.001437,0.001463,0.00149,0.00155,0.001574,0.001587,0.001474,0.001598,0.0015718966666666736,0.0015886566666666669,0.001475553333333328,0.0015991299999999961
-0.768,0.001061,0.001106,0.001144,0.001181,0.001252,0.001284,0.001316,0.001345,0.001379,0.00144,0.001467,0.001493,0.001554,0.001577,0.001591,0.001477,0.001602,0.0015765166666666655,0.00159265666666667,0.0014797866666666688,0.0016038033333333297
-0.764,0.001063,0.001108,0.001146,0.001183,0.001255,0.001286,0.001318,0.001348,0.001382,0.001444,0.00147,0.001497,0.001557,0.001581,0.001594,0.00148,0.001606,0.0015805799999999998,0.0015965066666666643,0.0014855933333333302,0.0016104666666666642
-0.76,0.001065,0.00111,0.001148,0.001186,0.001258,0.001289,0.001321,0.001351,0.001385,0.001447,0.001474,0.0015,0.001561,0.001585,0.001598,0.001484,0.001609,0.0015905533333333355,0.001606649999999995,0.0015147899999999978,0.0016324966666666741
-0.756,0.001067,0.001112,0.001151,0.001188,0.00126,0.001292,0.001324,0.001354,0.001388,0.001451,0.001478,0.001504,0.001565,0.001589,0.001602,0.001487,0.001613,0.001590606666666671,0.0016060033333333298,0.0015012166666666699,0.0016230766666666618
-0.752,0.001069,0.001115,0.001153,0.00119,0.001263,0.001295,0.001327,0.001357,0.001391,0.001454,0.001482,0.001507,0.001569,0.001593,0.001606,0.001491,0.001617,0.0016030633333333393,0.0016209199999999977,0.0015570033333333392,0.0016672166666666603
-0.748,0.001071,0.001117,0.001155,0.001193,0.001266,0.001298,0.00133,0.00136,0.001394,0.001458,0.001485,0.001511,0.001573,0.001597,0.00161,0.001494,0.001621,0.0016094166666666705,0.0016274133333333335,0.0015732733333333317,0.0016809399999999956
-0.744,0.001073,0.001119,0.001157,0.001195,0.001269,0.001301,0.001333,0.001363,0.001398,0.001462,0.001489,0.001515,0.001577,0.001601,0.001615,0.001498,0.001625,0.0016082100000000055,0.0016254599999999944,0.0015452866666666662,0.00165941666666666
-0.74,0.001075,0.001121,0.00116,0.001198,0.001271,0.001304,0.001336,0.001367,0.001401,0.001465,0.001493,0.001519,0.001581,0.001605,0.001619,0.001502,0.001629,0.0016085500000000072,0.0016246133333333284,0.0015224966666666688,0.0016408233333333295
-0.736,0.001078,0.001124,0.001162,0.0012,0.001274,0.001307,0.001339,0.00137,0.001404,0.001469,0.001497,0.001523,0.001585,0.001609,0.001624,0.001506,0.001634,0.0016112766666666755,0.0016283300000000012,0.00152362666666667,0.0016425400000000048
-0.732,0.00108,0.001126,0.001165,0.001203,0.001278,0.001311,0.001343,0.001373,0.001408,0.001473,0.001502,0.001527,0.00159,0.001614,0.001628,0.00151,0.001638,0.0016184200000000024,0.0016353666666666714,0.0015363900000000057,0.0016506899999999933
-0.728,0.001083,0.001129,0.001168,0.001206,0.001281,0.001314,0.001346,0.001377,0.001411,0.001477,0.001506,0.001531,0.001594,0.001619,0.001633,0.001514,0.001643,0.001620103333333329,0.001636043333333332,0.001527606666666671,0.0016488766666666688
-0.724,0.001085,0.001131,0.001171,0.001209,0.001284,0.001317,0.00135,0.001381,0.001415,0.001481,0.001511,0.001535,0.001599,0.001623,0.001637,0.001518,0.001647,0.0016249199999999971,0.0016409366666666658,0.0015337100000000058,0.001654120000000004
-0.72,0.001088,0.001134,0.001173,0.001212,0.001288,0.001321,0.001353,0.001384,0.001419,0.001485,0.001515,0.001539,0.001603,0.001628,0.001642,0.001522,0.001652,0.0016278466666666694,0.0016433133333333277,0.001532160000000007,0.0016548033333333289
-0.716,0.00109,0.001137,0.001176,0.001215,0.001291,0.001324,0.001357,0.001388,0.001423,0.00149,0.001519,0.001544,0.001608,0.001633,0.001647,0.001527,0.001657,0.0016321133333333311,0.0016479233333333363,0.0015338200000000024,0.0016586500000000024
-0.712,0.001093,0.00114,0.001179,0.001218,0.001294,0.001328,0.001361,0.001392,0.001427,0.001494,0.001524,0.001548,0.001613,0.001638,0.001651,0.001531,0.001662,0.0016376533333333256,0.0016530366666666733,0.0015434933333333353,0.0016648733333333313
-0.708,0.001096,0.001143,0.001182,0.001221,0.001298,0.001332,0.001364,0.001396,0.001431,0.001498,0.001528,0.001552,0.001618,0.001643,0.001656,0.001536,0.001667,0.0016434933333333358,0.0016588599999999977,0.0015633466666666624,0.00167156666666666
-0.704,0.001099,0.001146,0.001185,0.001225,0.001302,0.001336,0.001369,0.0014,0.001435,0.001503,0.001533,0.001557,0.001623,0.001648,0.001661,0.001541,0.001672,0.0016489866666666631,0.001664680000000005,0.0015758733333333347,0.0016776900000000025
-0.7,0.001102,0.001149,0.001189,0.001229,0.001306,0.00134,0.001373,0.001405,0.00144,0.001508,0.001538,0.001562,0.001628,0.001653,0.001666,0.001546,0.001677,0.0016537733333333376,0.0016685866666666686,0.0015668233333333312,0.0016802399999999973
-0.696,0.001105,0.001153,0.001192,0.001232,0.00131,0.001344,0.001377,0.001409,0.001444,0.001512,0.001543,0.001567,0.001633,0.001659,0.001672,0.001551,0.001682,0.00165883333333334,0.0016730866666666703,0.001564146666666672,0.0016841466666666696
-0.692,0.001108,0.001156,0.001196,0.001236,0.001314,0.001349,0.001381,0.001414,0.001449,0.001517,0.001548,0.001572,0.001638,0.001664,0.001677,0.001556,0.001688,0.0016638100000000023,0.0016780100000000002,0.0015708566666666683,0.0016900033333333393
-0.688,0.001111,0.00116,0.0012,0.00124,0.001319,0.001353,0.001386,0.001418,0.001453,0.001522,0.001553,0.001578,0.001644,0.00167,0.001682,0.001561,0.001693,0.0016694433333333362,0.0016834366666666704,0.0015764766666666627,0.0016957200000000021
-0.684,0.001115,0.001164,0.001204,0.001244,0.001323,0.001358,0.001391,0.001423,0.001458,0.001528,0.001559,0.001583,0.001649,0.001675,0.001688,0.001566,0.001699,0.0016750733333333282,0.0016898066666666733,0.001581403333333337,0.0017021666666666713
-0.68,0.001118,0.001168,0.001208,0.001249,0.001328,0.001363,0.001396,0.001428,0.001463,0.001533,0.001564,0.001588,0.001655,0.001681,0.001693,0.001571,0.001705,0.0016801066666666605,0.0016941066666666686,0.0015842999999999962,0.001707206666666672
-0.676,0.001122,0.001172,0.001213,0.001253,0.001333,0.001368,0.001401,0.001434,0.001469,0.001538,0.00157,0.001594,0.001661,0.001687,0.001699,0.001576,0.00171,0.001686089999999996,0.0017001500000000044,0.0015909833333333367,0.001711619999999996
-0.672,0.001126,0.001176,0.001217,0.001258,0.001338,0.001373,0.001406,0.001439,0.001474,0.001544,0.001576,0.0016,0.001667,0.001693,0.001705,0.001582,0.001716,0.001693413333333332,0.001707976666666673,0.0016057833333333275,0.001720393333333331
-0.668,0.00113,0.001181,0.001222,0.001263,0.001343,0.001379,0.001412,0.001445,0.00148,0.00155,0.001582,0.001606,0.001673,0.0017,0.001711,0.001588,0.001722,0.0017010833333333279,0.0017143400000000065,0.0016086433333333302,0.0017270166666666662
-0.664,0.001134,0.001185,0.001226,0.001268,0.001349,0.001384,0.001417,0.00145,0.001485,0.001556,0.001588,0.001612,0.001679,0.001706,0.001717,0.001593,0.001729,0.0017073399999999975,0.0017216200000000081,0.0016256033333333386,0.001736276666666661
-0.66,0.001139,0.00119,0.001231,0.001273,0.001354,0.00139,0.001423,0.001456,0.001491,0.001562,0.001594,0.001619,0.001686,0.001713,0.001724,0.001599,0.001735,0.0017149266666666699,0.001729390000000003,0.001635146666666671,0.0017429833333333282
-0.656,0.001143,0.001195,0.001237,0.001278,0.00136,0.001396,0.001429,0.001462,0.001498,0.001568,0.001601,0.001625,0.001692,0.001719,0.00173,0.001605,0.001742,0.0017210866666666753,0.0017350166666666711,0.0016378166666666724,0.0017505800000000048
-0.652,0.001147,0.0012,0.001242,0.001284,0.001366,0.001402,0.001435,0.001468,0.001504,0.001575,0.001607,0.001632,0.001699,0.001726,0.001737,0.001611,0.001748,0.0017268966666666714,0.0017402833333333293,0.0016358999999999924,0.0017533566666666756
-0.648,0.001152,0.001205,0.001247,0.001289,0.001372,0.001408,0.001442,0.001475,0.00151,0.001581,0.001614,0.001638,0.001706,0.001733,0.001743,0.001617,0.001755,0.001733789999999998,0.001745716666666664,0.001634289999999992,0.0017587600000000033
-0.644,0.001156,0.00121,0.001252,0.001295,0.001377,0.001414,0.001448,0.001481,0.001516,0.001588,0.001621,0.001645,0.001713,0.00174,0.00175,0.001623,0.001762,0.0017427500000000047,0.0017562366666666602,0.0016572866666666641,0.0017740766666666666
-0.64,0.001161,0.001216,0.001257,0.0013,0.001383,0.00142,0.001454,0.001487,0.001523,0.001595,0.001628,0.001652,0.00172,0.001748,0.001757,0.00163,0.001769,0.0017499833333333421,0.0017654766666666691,0.001679443333333339,0.001784290000000006
-0.636,0.001166,0.001221,0.001263,0.001306,0.001389,0.001426,0.00146,0.001494,0.001529,0.001602,0.001635,0.001659,0.001727,0.001755,0.001764,0.001636,0.001776,0.0017562400000000018,0.0017720566666666615,0.0016898366666666742,0.0017939766666666653
-0.632,0.001171,0.001226,0.001268,0.001311,0.001395,0.001433,0.001467,0.0015,0.001536,0.001609,0.001642,0.001666,0.001734,0.001762,0.001772,0.001643,0.001783,0.001763106666666666,0.001777266666666664,0.0016820233333333372,0.0017957233333333275
-0.628,0.001175,0.001232,0.001274,0.001317,0.001402,0.001439,0.001473,0.001506,0.001542,0.001615,0.001649,0.001673,0.001741,0.00177,0.001779,0.00165,0.00179,0.001769169999999998,0.0017823266666666597,0.0016838399999999987,0.0017996200000000007
-0.624,0.00118,0.001237,0.001279,0.001323,0.001408,0.001445,0.00148,0.001513,0.001549,0.001622,0.001656,0.00168,0.001749,0.001777,0.001786,0.001656,0.001797,0.0017793366666666588,0.0017958366666666697,0.0017021666666666635,0.0018166199999999969
-0.62,0.001185,0.001243,0.001284,0.001328,0.001414,0.001452,0.001486,0.001519,0.001555,0.001629,0.001663,0.001687,0.001756,0.001784,0.001793,0.001663,0.001805,0.001785660000000003,0.0018056299999999993,0.0017215666666666734,0.001832289999999996
-0.616,0.00119,0.001248,0.00129,0.001334,0.00142,0.001458,0.001492,0.001526,0.001562,0.001636,0.00167,0.001694,0.001763,0.001792,0.0018,0.00167,0.001812,0.0017944866666666707,0.0018135766666666732,0.0017306566666666677,0.00184118333333333
-0.612,0.001195,0.001253,0.001295,0.00134,0.001426,0.001464,0.001498,0.001532,0.001568,0.001643,0.001677,0.001701,0.001771,0.001799,0.001808,0.001677,0.001819,0.0018038233333333325,0.0018195766666666646,0.0017294133333333325,0.001841900000000003
-0.608,0.001199,0.001258,0.0013,0.001345,0.001432,0.00147,0.001504,0.001539,0.001575,0.00165,0.001684,0.001708,0.001778,0.001807,0.001815,0.001684,0.001827,0.0018114666666666686,0.0018255433333333381,0.0017336133333333374,0.001846940000000007
-0.604,0.001204,0.001264,0.001306,0.001351,0.001438,0.001477,0.001511,0.001545,0.001582,0.001657,0.001691,0.001716,0.001786,0.001815,0.001823,0.001691,0.001834,0.0018223100000000056,0.0018362366666666726,0.0017433599999999994,0.0018593800000000023
-0.6,0.001209,0.001269,0.001311,0.001356,0.001444,0.001483,0.001517,0.001552,0.001588,0.001664,0.001698,0.001723,0.001793,0.001822,0.00183,0.001698,0.001842,0.0018265499999999964,0.0018390233333333327,0.0017382299999999936,0.0018597466666666717
-0.596,0.001213,0.001274,0.001316,0.001362,0.00145,0.001489,0.001523,0.001558,0.001595,0.001671,0.001705,0.00173,0.001801,0.00183,0.001837,0.001705,0.001849,0.0018345433333333315,0.0018467799999999938,0.0017455733333333378,0.001869203333333329
-0.592,0.001218,0.00128,0.001322,0.001368,0.001456,0.001495,0.001529,0.001565,0.001601,0.001678,0.001712,0.001737,0.001808,0.001837,0.001844,0.001713,0.001857,0.0018420899999999926,0.0018535200000000015,0.001750860000000006,0.0018744566666666633
-0.588,0.001223,0.001285,0.001327,0.001373,0.001462,0.001501,0.001536,0.001571,0.001608,0.001685,0.001719,0.001744,0.001815,0.001845,0.001851,0.00172,0.001864,0.0018476799999999948,0.0018566233333333355,0.0017439466666666684,0.0018750499999999914
-0.584,0.001227,0.00129,0.001332,0.001378,0.001468,0.001507,0.001542,0.001577,0.001614,0.001692,0.001726,0.001751,0.001823,0.001853,0.001858,0.001727,0.001871,0.0018540966666666602,0.0018615600000000101,0.0017425899999999966,0.0018774233333333338
-0.58,0.001232,0.001295,0.001337,0.001384,0.001474,0.001513,0.001548,0.001584,0.001621,0.001698,0.001733,0.001758,0.00183,0.00186,0.001865,0.001735,0.001879,0.0018607766666666563,0.0018685600000000046,0.0017572366666666632,0.0018870700000000033
-0.576,0.001237,0.001301,0.001343,0.001389,0.001479,0.00152,0.001555,0.00159,0.001627,0.001705,0.001741,0.001765,0.001837,0.001868,0.001872,0.001742,0.001887,0.001870899999999993,0.0018790199999999975,0.0017718866666666707,0.00189994333333334
-0.572,0.001241,0.001306,0.001348,0.001394,0.001485,0.001526,0.001561,0.001597,0.001634,0.001712,0.001748,0.001772,0.001845,0.001875,0.001879,0.00175,0.001894,0.0018781833333333334,0.0018867766666666689,0.0017811866666666621,0.0019068566666666676
-0.568,0.001246,0.001311,0.001353,0.0014,0.001491,0.001532,0.001567,0.001603,0.00164,0.001719,0.001755,0.00178,0.001852,0.001883,0.001886,0.001757,0.001901,0.0018848433333333366,0.00189101666666667,0.0017781500000000042,0.0019094333333333313
-0.564,0.001251,0.001316,0.001358,0.001406,0.001497,0.001538,0.001573,0.001609,0.001647,0.001726,0.001762,0.001787,0.00186,0.00189,0.001893,0.001765,0.001909,0.0018927799999999984,0.001899913333333332,0.0017929866666666723,0.0019206000000000008
-0.56,0.001256,0.001321,0.001363,0.001411,0.001503,0.001544,0.001579,0.001616,0.001654,0.001733,0.00177,0.001794,0.001867,0.001898,0.0019,0.001773,0.001917,0.0019006066666666674,0.0019076766666666703,0.0018055166666666753,0.0019315466666666643
-0.556,0.00126,0.001326,0.001368,0.001417,0.001509,0.00155,0.001586,0.001622,0.001661,0.001741,0.001777,0.001802,0.001875,0.001905,0.001907,0.00178,0.001924,0.0019078300000000003,0.0019151966666666638,0.0018151133333333376,0.0019393966666666651
-0.552,0.001265,0.001331,0.001374,0.001422,0.001515,0.001557,0.001592,0.001629,0.001667,0.001748,0.001784,0.001809,0.001882,0.001913,0.001914,0.001788,0.001932,0.001917463333333337,0.001926130000000004,0.0018375466666666733,0.00195314
-0.548,0.00127,0.001337,0.001379,0.001428,0.001521,0.001563,0.001599,0.001636,0.001674,0.001755,0.001791,0.001816,0.00189,0.001921,0.001921,0.001796,0.00194,0.0019263533333333327,0.0019351233333333325,0.001852203333333341,0.0019661733333333365
-0.544,0.001275,0.001342,0.001385,0.001433,0.001527,0.001569,0.001605,0.001642,0.001681,0.001762,0.001799,0.001823,0.001897,0.001928,0.001928,0.001804,0.001948,0.0019301533333333342,0.0019377033333333345,0.001847513333333342,0.001965119999999999
-0.54,0.00128,0.001347,0.00139,0.001438,0.001533,0.001575,0.001612,0.001649,0.001688,0.001769,0.001806,0.001831,0.001905,0.001936,0.001935,0.001812,0.001956,0.0019403000000000003,0.0019453033333333399,0.0018506799999999978,0.001972786666666668
-0.536,0.001285,0.001352,0.001396,0.001444,0.001539,0.001582,0.001618,0.001656,0.001694,0.001776,0.001813,0.001838,0.001913,0.001944,0.001942,0.00182,0.001963,0.0019484066666666643,0.0019546033333333324,0.001867943333333331,0.0019827566666666676
-0.532,0.00129,0.001358,0.001401,0.00145,0.001545,0.001588,0.001625,0.001662,0.001701,0.001783,0.001821,0.001846,0.001921,0.001952,0.001949,0.001828,0.001971,0.001956193333333333,0.0019601299999999922,0.001867976666666668,0.0019882799999999938
-0.528,0.001295,0.001363,0.001406,0.001455,0.001552,0.001595,0.001631,0.001669,0.001708,0.00179,0.001828,0.001853,0.001928,0.001959,0.001957,0.001836,0.001979,0.001962006666666667,0.0019664366666666583,0.0018749266666666642,0.0019954466666666643
-0.524,0.0013,0.001369,0.001412,0.001461,0.001558,0.001601,0.001638,0.001676,0.001715,0.001798,0.001836,0.001861,0.001936,0.001967,0.001964,0.001844,0.001987,0.0019712433333333368,0.001974556666666665,0.0018830733333333345,0.0020049933333333328
-0.52,0.001306,0.001374,0.001418,0.001467,0.001564,0.001608,0.001645,0.001683,0.001722,0.001805,0.001843,0.001869,0.001944,0.001975,0.001972,0.001853,0.001996,0.0019802733333333304,0.001985133333333325,0.0019025699999999967,0.002017136666666665
-0.516,0.001311,0.00138,0.001423,0.001473,0.001571,0.001614,0.001651,0.00169,0.00173,0.001813,0.001851,0.001877,0.001952,0.001983,0.001979,0.001861,0.002004,0.001987256666666667,0.0019903766666666627,0.0019038400000000004,0.002021340000000004
-0.512,0.001317,0.001386,0.001429,0.001479,0.001577,0.001621,0.001658,0.001697,0.001737,0.00182,0.001859,0.001885,0.00196,0.001991,0.001987,0.00187,0.002012,0.0019943500000000015,0.0019982833333333327,0.0019175899999999987,0.00203044333333334
-0.508,0.001322,0.001391,0.001435,0.001485,0.001584,0.001628,0.001665,0.001704,0.001744,0.001828,0.001867,0.001892,0.001968,0.001999,0.001995,0.001879,0.002021,0.002003599999999988,0.0020074400000000014,0.0019291966666666683,0.0020424233333333373
-0.504,0.001328,0.001397,0.001441,0.001491,0.00159,0.001635,0.001672,0.001711,0.001752,0.001836,0.001875,0.0019,0.001976,0.002007,0.002003,0.001888,0.002029,0.0020085099999999916,0.002009773333333326,0.0019184666666666671,0.0020392133333333286
-0.5,0.001334,0.001403,0.001447,0.001497,0.001597,0.001641,0.00168,0.001718,0.001759,0.001843,0.001883,0.001908,0.001984,0.002015,0.002011,0.001896,0.002038,0.002017863333333327,0.0020198699999999957,0.0019322033333333372,0.002051366666666661
-0.496,0.00134,0.001409,0.001453,0.001504,0.001604,0.001648,0.001687,0.001726,0.001767,0.001851,0.001891,0.001916,0.001992,0.002023,0.00202,0.001905,0.002046,0.002025786666666664,0.00202800333333334,0.001938413333333335,0.0020578399999999965
-0.492,0.001345,0.001415,0.001459,0.00151,0.001611,0.001655,0.001694,0.001733,0.001774,0.001859,0.001899,0.001925,0.002,0.002031,0.002028,0.001914,0.002055,0.002033740000000002,0.002035323333333333,0.0019427000000000031,0.002065606666666663
-0.488,0.001351,0.00142,0.001465,0.001516,0.001617,0.001662,0.001701,0.00174,0.001782,0.001866,0.001907,0.001933,0.002008,0.002039,0.002036,0.001924,0.002064,0.0020421333333333408,0.0020434233333333357,0.001949853333333334,0.0020752033333333295
-0.484,0.001356,0.001426,0.001472,0.001523,0.001624,0.001669,0.001708,0.001748,0.001789,0.001874,0.001915,0.001941,0.002017,0.002047,0.002045,0.001933,0.002073,0.0020495700000000075,0.0020507266666666656,0.001953749999999999,0.00208106333333333
-0.48,0.001362,0.001432,0.001478,0.001529,0.001631,0.001676,0.001715,0.001755,0.001797,0.001882,0.001923,0.001949,0.002025,0.002055,0.002053,0.001942,0.002081,0.0020563266666666644,0.002058053333333338,0.0019627133333333323,0.0020887999999999987
-0.476,0.001367,0.001438,0.001484,0.001535,0.001638,0.001684,0.001723,0.001763,0.001805,0.00189,0.001931,0.001957,0.002033,0.002063,0.002062,0.001951,0.00209,0.0020640599999999995,0.0020664100000000055,0.0019716533333333326,0.00209725
-0.472,0.001373,0.001444,0.00149,0.001542,0.001645,0.001691,0.00173,0.00177,0.001812,0.001898,0.001939,0.001966,0.002042,0.002071,0.00207,0.00196,0.002099,0.002071886666666668,0.002076350000000005,0.001993673333333336,0.002108963333333333
-0.468,0.001379,0.00145,0.001496,0.001548,0.001652,0.001698,0.001737,0.001777,0.00182,0.001906,0.001947,0.001974,0.00205,0.002079,0.002079,0.00197,0.002108,0.00208158666666667,0.0020869966666666713,0.0020062233333333433,0.0021209599999999986
-0.464,0.001384,0.001456,0.001502,0.001554,0.001659,0.001705,0.001744,0.001785,0.001828,0.001914,0.001955,0.001982,0.002058,0.002086,0.002087,0.001979,0.002117,0.0020905033333333332,0.002096749999999999,0.002014846666666667,0.0021303700000000004
-0.46,0.001389,0.001462,0.001508,0.00156,0.001665,0.001712,0.001752,0.001792,0.001835,0.001922,0.001963,0.00199,0.002066,0.002094,0.002096,0.001988,0.002125,0.0020946700000000016,0.002099666666666661,0.002010486666666662,0.002131426666666667
-0.456,0.001395,0.001468,0.001514,0.001567,0.001673,0.001719,0.001759,0.0018,0.001843,0.00193,0.001971,0.001999,0.002074,0.002102,0.002105,0.001998,0.002134,0.0021029933333333362,0.002109693333333339,0.002023323333333338,0.0021421133333333333
-0.452,0.001401,0.001474,0.001521,0.001574,0.00168,0.001727,0.001767,0.001808,0.001851,0.001938,0.001979,0.002008,0.002083,0.002111,0.002114,0.002008,0.002144,0.0021138566666666562,0.0021203333333333287,0.0020324733333333383,0.0021521999999999995
-0.448,0.001407,0.00148,0.001527,0.00158,0.001687,0.001734,0.001775,0.001816,0.001859,0.001946,0.001988,0.002016,0.002091,0.002119,0.002123,0.002018,0.002153,0.0021216999999999946,0.0021283433333333266,0.0020411666666666664,0.002161146666666663
-0.444,0.001413,0.001487,0.001533,0.001587,0.001694,0.001742,0.001782,0.001823,0.001867,0.001954,0.001996,0.002025,0.002099,0.002128,0.002132,0.002028,0.002162,0.002130850000000008,0.002137850000000007,0.0020499966666666643,0.0021697299999999978
-0.44,0.001418,0.001493,0.001539,0.001594,0.001701,0.001749,0.00179,0.001831,0.001875,0.001962,0.002004,0.002033,0.002107,0.002136,0.00214,0.002038,0.002171,0.002137213333333345,0.0021439166666666672,0.0020569099999999947,0.0021752966666666665
-0.436,0.001424,0.001499,0.001546,0.001601,0.001708,0.001756,0.001797,0.001839,0.001883,0.00197,0.002012,0.002041,0.002116,0.002144,0.002149,0.002048,0.00218,0.002146533333333336,0.0021540033333333295,0.0020674066666666706,0.002187213333333328
-0.432,0.001429,0.001505,0.001552,0.001607,0.001716,0.001764,0.001805,0.001847,0.001891,0.001978,0.002021,0.00205,0.002124,0.002153,0.002158,0.002058,0.002189,0.0021561166666666646,0.0021654099999999957,0.0020876633333333366,0.0022005066666666634
-0.428,0.001435,0.001511,0.001559,0.001614,0.001723,0.001771,0.001813,0.001855,0.001899,0.001986,0.002029,0.002058,0.002132,0.002161,0.002167,0.002068,0.002198,0.0021635366666666665,0.0021727099999999983,0.0020937066666666636,0.0022074466666666677
-0.424,0.001441,0.001518,0.001566,0.001621,0.00173,0.001779,0.001821,0.001863,0.001907,0.001994,0.002037,0.002067,0.002141,0.00217,0.002176,0.002078,0.002208,0.0021741833333333376,0.0021838266666666622,0.002109450000000006,0.002220306666666663
-0.42,0.001447,0.001524,0.001573,0.001628,0.001738,0.001787,0.001829,0.001871,0.001916,0.002002,0.002045,0.002076,0.002149,0.002178,0.002185,0.002088,0.002217,0.0021795333333333414,0.0021891433333333294,0.002113023333333327,0.0022242300000000076
-0.416,0.001453,0.00153,0.001579,0.001635,0.001745,0.001794,0.001836,0.001879,0.001924,0.00201,0.002053,0.002085,0.002158,0.002187,0.002194,0.002098,0.002226,0.002188136666666672,0.002198309999999996,0.002136973333333334,0.0022403899999999966
-0.412,0.001459,0.001537,0.001586,0.001642,0.001753,0.001802,0.001844,0.001887,0.001932,0.002019,0.002062,0.002093,0.002167,0.002196,0.002203,0.002109,0.002235,0.0021988766666666583,0.0022093299999999946,0.0021500800000000117,0.002252493333333327
-0.408,0.001465,0.001544,0.001593,0.001649,0.00176,0.00181,0.001852,0.001895,0.00194,0.002027,0.00207,0.002102,0.002175,0.002205,0.002212,0.002119,0.002244,0.0022073700000000045,0.002218423333333329,0.0021491233333333303,0.0022547333333333406
-0.404,0.001471,0.00155,0.0016,0.001656,0.001768,0.001817,0.00186,0.001903,0.001949,0.002035,0.002078,0.00211,0.002184,0.002214,0.002221,0.002129,0.002253,0.0022182866666666705,0.0022295233333333307,0.0021591700000000024,0.0022647299999999974
-0.4,0.001478,0.001557,0.001606,0.001663,0.001775,0.001825,0.001868,0.001911,0.001957,0.002043,0.002086,0.002119,0.002193,0.002223,0.00223,0.002139,0.002263,0.002225936666666658,0.0022366333333333293,0.0021651000000000005,0.0022731533333333388
-0.396,0.001484,0.001564,0.001613,0.001671,0.001783,0.001833,0.001876,0.001919,0.001965,0.002051,0.002095,0.002128,0.002201,0.002232,0.00224,0.00215,0.002272,0.0022343966666666724,0.0022457333333333403,0.0021749233333333297,0.0022804466666666735
-0.392,0.001491,0.001571,0.001621,0.001678,0.001791,0.001841,0.001884,0.001928,0.001974,0.00206,0.002103,0.002137,0.002211,0.002241,0.002249,0.00216,0.002281,0.0022470733333333406,0.0022593899999999935,0.0021922966666666735,0.0022960266666666594
-0.388,0.001497,0.001578,0.001628,0.001686,0.001799,0.001849,0.001892,0.001936,0.001983,0.002069,0.002112,0.002146,0.00222,0.002251,0.002259,0.002171,0.002291,0.0022555000000000027,0.002268896666666673,0.002208833333333337,0.002305813333333337
-0.384,0.001504,0.001585,0.001635,0.001693,0.001807,0.001857,0.001901,0.001945,0.001991,0.002077,0.002121,0.002155,0.002229,0.00226,0.002268,0.002181,0.0023,0.0022635433333333377,0.002275916666666674,0.002213209999999995,0.0023128133333333344
-0.38,0.001511,0.001592,0.001642,0.001701,0.001815,0.001865,0.001909,0.001953,0.002,0.002086,0.002129,0.002164,0.002238,0.00227,0.002278,0.002192,0.00231,0.002272716666666666,0.00228579666666667,0.0022269166666666674,0.0023235433333333336
-0.376,0.001517,0.001599,0.001649,0.001708,0.001822,0.001873,0.001918,0.001962,0.002009,0.002095,0.002138,0.002173,0.002248,0.002279,0.002288,0.002203,0.002319,0.0022837600000000006,0.0022976999999999963,0.002240866666666663,0.0023365299999999947
-0.372,0.001524,0.001606,0.001657,0.001716,0.00183,0.001881,0.001926,0.001971,0.002018,0.002104,0.002147,0.002183,0.002257,0.002289,0.002297,0.002213,0.002329,0.0022931233333333303,0.0023051366666666617,0.002242953333333341,0.002342170000000009
-0.368,0.001531,0.001613,0.001664,0.001723,0.001838,0.001889,0.001934,0.00198,0.002026,0.002113,0.002155,0.002192,0.002266,0.002298,0.002307,0.002224,0.002339,0.0023012566666666735,0.002314033333333324,0.0022523600000000023,0.002351133333333328
-0.364,0.001537,0.00162,0.001671,0.001731,0.001846,0.001897,0.001942,0.001988,0.002035,0.002121,0.002164,0.002201,0.002276,0.002308,0.002316,0.002234,0.002348,0.0023100499999999915,0.002322049999999993,0.0022593466666666643,0.002358290000000005
-0.36,0.001544,0.001627,0.001679,0.001738,0.001854,0.001905,0.001951,0.001997,0.002044,0.00213,0.002173,0.002211,0.002285,0.002318,0.002326,0.002245,0.002358,0.00232011666666667,0.0023325566666666728,0.002273730000000008,0.0023675166666666655
-0.356,0.001551,0.001634,0.001686,0.001746,0.001862,0.001914,0.00196,0.002006,0.002053,0.002139,0.002182,0.00222,0.002295,0.002327,0.002335,0.002255,0.002367,0.0023307866666666655,0.002342356666666656,0.002281780000000003,0.002377230000000004
-0.352,0.001558,0.001642,0.001694,0.001754,0.00187,0.001922,0.001968,0.002015,0.002062,0.002148,0.002191,0.002229,0.002304,0.002337,0.002345,0.002266,0.002377,0.002340516666666668,0.0023523500000000017,0.002290469999999995,0.002389019999999996
-0.348,0.001565,0.001649,0.001701,0.001761,0.001878,0.00193,0.001977,0.002024,0.002071,0.002157,0.002201,0.002239,0.002314,0.002347,0.002354,0.002276,0.002386,0.0023490366666666625,0.0023599366666666646,0.0022956266666666575,0.0023956766666666652
-0.344,0.001572,0.001656,0.001709,0.001769,0.001886,0.001938,0.001985,0.002033,0.00208,0.002166,0.00221,0.002248,0.002323,0.002356,0.002364,0.002287,0.002396,0.0023563700000000087,0.002366396666666666,0.0022991833333333334,0.0023995966666666597
-0.34,0.001579,0.001663,0.001716,0.001777,0.001894,0.001946,0.001994,0.002042,0.002088,0.002175,0.002219,0.002257,0.002332,0.002366,0.002373,0.002297,0.002405,0.002366789999999994,0.002377926666666663,0.002320196666666662,0.0024127766666666595
-0.336,0.001586,0.001671,0.001724,0.001785,0.001902,0.001954,0.002002,0.002051,0.002097,0.002184,0.002227,0.002267,0.002342,0.002375,0.002382,0.002307,0.002415,0.002376696666666669,0.002388966666666663,0.002337253333333329,0.00242699999999999
-0.332,0.001593,0.001678,0.001731,0.001792,0.00191,0.001962,0.002011,0.00206,0.002106,0.002193,0.002236,0.002276,0.002351,0.002385,0.002391,0.002317,0.002424,0.0023866166666666657,0.00239661,0.0023404200000000062,0.0024322033333333275
-0.328,0.0016,0.001685,0.001739,0.0018,0.001918,0.001971,0.002019,0.002069,0.002115,0.002202,0.002246,0.002285,0.002361,0.002394,0.002401,0.002327,0.002434,0.002396850000000002,0.0024074466666666604,0.0023461,0.002442946666666672
-0.324,0.001607,0.001692,0.001746,0.001808,0.001926,0.001979,0.002028,0.002078,0.002124,0.002211,0.002255,0.002295,0.00237,0.002404,0.00241,0.002337,0.002443,0.002405379999999995,0.002414416666666671,0.002353033333333334,0.002449073333333325
-0.32,0.001615,0.001699,0.001754,0.001816,0.001934,0.001987,0.002037,0.002087,0.002132,0.00222,0.002264,0.002304,0.00238,0.002413,0.002419,0.002347,0.002452,0.002415093333333331,0.002423886666666659,0.0023599466666666615,0.0024572066666666715
-0.316,0.001622,0.001706,0.001761,0.001824,0.001942,0.001996,0.002045,0.002096,0.002141,0.00223,0.002274,0.002313,0.002389,0.002423,0.002429,0.002358,0.002462,0.002425546666666659,0.002434943333333339,0.0023740000000000007,0.0024688499999999986
-0.312,0.001629,0.001713,0.001769,0.001832,0.00195,0.002004,0.002054,0.002105,0.00215,0.002239,0.002283,0.002323,0.002398,0.002432,0.002438,0.002368,0.002471,0.0024337366666666626,0.0024437433333333414,0.002387810000000001,0.0024796966666666685
-0.308,0.001636,0.001721,0.001777,0.00184,0.001958,0.002012,0.002063,0.002114,0.002159,0.002248,0.002292,0.002332,0.002407,0.002442,0.002447,0.002378,0.00248,0.0024450566666666756,0.0024535599999999944,0.0023955699999999944,0.002487846666666672
-0.304,0.001644,0.001728,0.001785,0.001848,0.001966,0.00202,0.002072,0.002123,0.002168,0.002257,0.002301,0.002341,0.002417,0.002451,0.002456,0.002388,0.00249,0.0024527533333333286,0.0024628200000000084,0.002413366666666656,0.0024997866666666645
-0.3,0.001651,0.001735,0.001793,0.001855,0.001975,0.002029,0.00208,0.002132,0.002177,0.002266,0.002311,0.002351,0.002426,0.002461,0.002465,0.002398,0.002499,0.0024615000000000054,0.0024702600000000093,0.0024188300000000016,0.0025073266666666666
-0.296,0.001659,0.001742,0.0018,0.001863,0.001983,0.002037,0.002089,0.002141,0.002186,0.002276,0.00232,0.00236,0.002435,0.00247,0.002474,0.002408,0.002508,0.0024713599999999928,0.0024793766666666617,0.002428359999999997,0.0025145499999999956
-0.292,0.001667,0.001749,0.001808,0.001872,0.001991,0.002046,0.002098,0.00215,0.002196,0.002285,0.002329,0.00237,0.002445,0.00248,0.002483,0.002418,0.002518,0.002478143333333338,0.002484560000000008,0.0024351666666666675,0.002519420000000006
-0.288,0.001674,0.001757,0.001816,0.00188,0.002,0.002055,0.002107,0.002159,0.002205,0.002294,0.002339,0.002379,0.002454,0.00249,0.002492,0.002429,0.002527,0.00248488333333333,0.0024906700000000104,0.0024463366666666714,0.0025265266666666558
-0.284,0.001682,0.001764,0.001824,0.001889,0.002008,0.002064,0.002116,0.002169,0.002214,0.002304,0.002349,0.002389,0.002464,0.002499,0.002502,0.002439,0.002536,0.0025032899999999996,0.0025113133333333373,0.0024707033333333326,0.0025503233333333255
-0.28,0.00169,0.001772,0.001833,0.001897,0.002017,0.002073,0.002126,0.002178,0.002223,0.002313,0.002358,0.002398,0.002474,0.002509,0.002511,0.002449,0.002546,0.0025088899999999945,0.0025166933333333405,0.0024815800000000023,0.0025569133333333397
-0.276,0.001699,0.001779,0.001842,0.001906,0.002026,0.002082,0.002135,0.002187,0.002233,0.002323,0.002368,0.002408,0.002484,0.002519,0.00252,0.00246,0.002555,0.0025262500000000085,0.0025357566666666643,0.0025062300000000056,0.002581626666666658
-0.272,0.001707,0.001787,0.00185,0.001914,0.002034,0.002091,0.002144,0.002197,0.002242,0.002332,0.002378,0.002418,0.002494,0.002529,0.00253,0.002471,0.002565,0.0025320933333333375,0.0025395633333333356,0.0025056000000000006,0.002582000000000006
-0.268,0.001715,0.001795,0.001859,0.001923,0.002043,0.0021,0.002154,0.002206,0.002252,0.002342,0.002388,0.002428,0.002504,0.002539,0.002539,0.002482,0.002574,0.0025440433333333316,0.002551759999999997,0.0025187366666666617,0.002594763333333329
-0.264,0.001724,0.001803,0.001868,0.001932,0.002053,0.002109,0.002163,0.002216,0.002261,0.002352,0.002398,0.002438,0.002514,0.002549,0.002549,0.002493,0.002584,0.0025523833333333415,0.0025610633333333415,0.00253169333333333,0.0026025500000000034
-0.26,0.001733,0.001811,0.001877,0.001941,0.002062,0.002119,0.002173,0.002226,0.002271,0.002362,0.002408,0.002448,0.002524,0.002559,0.002559,0.002504,0.002594,0.0025623266666666583,0.0025683233333333257,0.0025305833333333252,0.002607413333333331
-0.256,0.001741,0.001819,0.001886,0.00195,0.002071,0.002128,0.002183,0.002236,0.002281,0.002373,0.002419,0.002459,0.002534,0.002569,0.002568,0.002515,0.002603,0.0025708100000000054,0.0025781533333333368,0.002549486666666674,0.002617806666666675
-0.252,0.001751,0.001828,0.001895,0.00196,0.002081,0.002138,0.002193,0.002246,0.002292,0.002383,0.002429,0.002469,0.002545,0.002579,0.002578,0.002526,0.002613,0.0025830766666666664,0.0025886433333333313,0.002553763333333336,0.0026278599999999923
-0.248,0.00176,0.001836,0.001905,0.00197,0.002091,0.002149,0.002203,0.002256,0.002302,0.002393,0.00244,0.00248,0.002555,0.00259,0.002588,0.002538,0.002623,0.002590686666666661,0.002595596666666673,0.002565266666666676,0.0026346300000000067
-0.244,0.001769,0.001845,0.001914,0.001979,0.002101,0.002159,0.002214,0.002267,0.002312,0.002404,0.002451,0.00249,0.002566,0.0026,0.002599,0.002549,0.002634,0.0026032800000000086,0.0026078066666666727,0.0025731433333333427,0.0026463333333333443
-0.24,0.001779,0.001854,0.001924,0.001989,0.002111,0.002169,0.002224,0.002278,0.002323,0.002415,0.002462,0.002501,0.002577,0.002611,0.002609,0.002561,0.002644,0.002612903333333339,0.0026151966666666574,0.0025773900000000062,0.002652889999999994
-0.236,0.001789,0.001863,0.001934,0.001999,0.002122,0.00218,0.002235,0.002288,0.002333,0.002425,0.002473,0.002512,0.002587,0.002622,0.002619,0.002573,0.002655,0.0026236800000000076,0.0026266366666666723,0.0025957566666666766,0.002666119999999994
-0.232,0.001798,0.001872,0.001944,0.002009,0.002132,0.00219,0.002245,0.002299,0.002344,0.002436,0.002484,0.002523,0.002598,0.002632,0.00263,0.002584,0.002665,0.0026319266666666643,0.0026357800000000064,0.002602676666666671,0.002671706666666666
-0.228,0.001808,0.001882,0.001954,0.00202,0.002143,0.002201,0.002256,0.00231,0.002355,0.002447,0.002495,0.002534,0.002609,0.002644,0.00264,0.002596,0.002676,0.0026432066666666563,0.002646343333333325,0.002615716666666673,0.0026829533333333367
-0.224,0.001818,0.001891,0.001964,0.00203,0.002154,0.002211,0.002267,0.002321,0.002366,0.002458,0.002507,0.002546,0.002621,0.002655,0.002651,0.002608,0.002686,0.0026573133333333255,0.0026592833333333272,0.002631080000000009,0.002696679999999995
-0.22,0.001828,0.001901,0.001975,0.002041,0.002164,0.002222,0.002278,0.002332,0.002377,0.00247,0.002518,0.002557,0.002632,0.002666,0.002661,0.00262,0.002697,0.0026666766666666535,0.0026686033333333417,0.002639886666666659,0.0027056799999999903
-0.216,0.001839,0.001911,0.001985,0.002051,0.002175,0.002233,0.002289,0.002343,0.002388,0.002481,0.00253,0.002569,0.002643,0.002677,0.002672,0.002632,0.002708,0.0026826266666666767,0.002685320000000005,0.002659003333333327,0.0027247366666666765
-0.212,0.001849,0.001922,0.001996,0.002062,0.002186,0.002245,0.002301,0.002355,0.0024,0.002493,0.002541,0.00258,0.002655,0.002689,0.002684,0.002644,0.002719,0.002692333333333346,0.0026927966666666758,0.0026624033333333247,0.0027318566666666797
-0.208,0.00186,0.001932,0.002007,0.002073,0.002198,0.002256,0.002312,0.002366,0.002411,0.002504,0.002553,0.002592,0.002666,0.0027,0.002695,0.002656,0.00273,0.0027027933333333407,0.0027045166666666673,0.0026780066666666625,0.0027437166666666726
-0.204,0.001871,0.001943,0.002017,0.002083,0.002209,0.002267,0.002323,0.002377,0.002422,0.002516,0.002565,0.002604,0.002678,0.002711,0.002706,0.002668,0.002741,0.0027109066666666745,0.0027118399999999927,0.002685093333333334,0.0027497033333333297
-0.2,0.001881,0.001953,0.002028,0.002094,0.00222,0.002278,0.002335,0.002389,0.002434,0.002527,0.002577,0.002615,0.00269,0.002723,0.002717,0.00268,0.002752,0.0027274166666666723,0.002728626666666662,0.002699943333333342,0.0027654633333333224
-0.196,0.001892,0.001964,0.002039,0.002105,0.002231,0.00229,0.002346,0.0024,0.002445,0.002539,0.002588,0.002627,0.002701,0.002734,0.002728,0.002692,0.002763,0.002734796666666674,0.002733849999999992,0.0027054233333333472,0.002770873333333323
-0.192,0.001903,0.001975,0.00205,0.002117,0.002243,0.002301,0.002358,0.002412,0.002457,0.002551,0.0026,0.002639,0.002713,0.002746,0.002739,0.002704,0.002775,0.0027474933333333455,0.0027463366666666757,0.002720330000000011,0.002783269999999995
-0.188,0.001914,0.001986,0.002061,0.002128,0.002254,0.002313,0.00237,0.002424,0.002469,0.002563,0.002612,0.002651,0.002725,0.002758,0.002751,0.002716,0.002786,0.002759213333333344,0.0027569799999999913,0.0027312666666666776,0.0027934533333333266
-0.184,0.001925,0.001997,0.002072,0.002139,0.002266,0.002324,0.002381,0.002436,0.00248,0.002574,0.002624,0.002663,0.002736,0.002769,0.002762,0.002728,0.002797,0.0027672166666666775,0.002766796666666674,0.002747619999999991,0.0028054400000000076
-0.18,0.001936,0.002008,0.002084,0.00215,0.002277,0.002336,0.002393,0.002448,0.002492,0.002586,0.002636,0.002675,0.002748,0.002781,0.002773,0.00274,0.002809,0.002781293333333342,0.0027812666666666786,0.0027625333333333255,0.0028194099999999905
-0.176,0.001947,0.002019,0.002095,0.002161,0.002289,0.002347,0.002404,0.002459,0.002504,0.002598,0.002647,0.002687,0.00276,0.002793,0.002785,0.002752,0.00282,0.0027925000000000103,0.002790920000000008,0.002772013333333324,0.0028307366666666745
-0.172,0.001959,0.00203,0.002106,0.002172,0.0023,0.002358,0.002416,0.002471,0.002515,0.002609,0.002659,0.002698,0.002771,0.002804,0.002796,0.002764,0.002831,0.002806583333333337,0.0028063900000000093,0.002786893333333329,0.0028439533333333425
-0.168,0.001969,0.002041,0.002117,0.002183,0.002311,0.00237,0.002427,0.002482,0.002526,0.002621,0.002671,0.00271,0.002783,0.002815,0.002807,0.002775,0.002843,0.002816913333333343,0.0028157300000000007,0.002798096666666665,0.0028584066666666784
-0.164,0.00198,0.002051,0.002127,0.002193,0.002322,0.002381,0.002438,0.002493,0.002538,0.002632,0.002682,0.002721,0.002794,0.002827,0.002818,0.002787,0.002854,0.0028274800000000115,0.002826596666666659,0.002806423333333327,0.0028644866666666783
-0.16,0.001991,0.002062,0.002138,0.002204,0.002333,0.002392,0.002449,0.002504,0.002549,0.002643,0.002693,0.002732,0.002806,0.002838,0.002829,0.002798,0.002865,0.0028395500000000023,0.0028377466666666606,0.002817833333333326,0.0028780200000000024
-0.156,0.002001,0.002072,0.002148,0.002214,0.002344,0.002402,0.00246,0.002515,0.00256,0.002654,0.002704,0.002744,0.002817,0.002849,0.00284,0.002809,0.002875,0.002850139999999993,0.0028477899999999924,0.0028258633333333224,0.002883863333333328
-0.152,0.002011,0.002082,0.002158,0.002224,0.002354,0.002413,0.002471,0.002526,0.00257,0.002665,0.002715,0.002755,0.002828,0.00286,0.00285,0.00282,0.002886,0.002859243333333321,0.0028563966666666748,0.0028356066666666746,0.002893913333333348
-0.148,0.002021,0.002091,0.002168,0.002234,0.002364,0.002423,0.002481,0.002536,0.002581,0.002676,0.002726,0.002766,0.002838,0.00287,0.002861,0.002831,0.002897,0.002871806666666672,0.0028699733333333323,0.0028487833333333402,0.0029064133333333414
-0.144,0.002031,0.002101,0.002177,0.002243,0.002374,0.002433,0.002491,0.002546,0.002591,0.002686,0.002736,0.002776,0.002849,0.00288,0.002871,0.002841,0.002907,0.002881729999999995,0.002880169999999994,0.002860669999999992,0.00291890333333333
-0.14,0.002039,0.002109,0.002186,0.002252,0.002383,0.002443,0.002501,0.002556,0.0026,0.002696,0.002746,0.002786,0.002859,0.00289,0.002881,0.002852,0.002917,0.0028920933333333215,0.0028895400000000077,0.002868136666666658,0.0029285733333333235
-0.136,0.002048,0.002118,0.002195,0.002261,0.002393,0.002452,0.00251,0.002565,0.00261,0.002705,0.002756,0.002796,0.002868,0.0029,0.002891,0.002861,0.002927,0.002901326666666674,0.00289805666666666,0.002877129999999997,0.0029363766666666755
-0.132,0.002056,0.002126,0.002203,0.002269,0.002401,0.00246,0.002519,0.002574,0.002619,0.002715,0.002765,0.002805,0.002878,0.002909,0.0029,0.002871,0.002936,0.0029093566666666794,0.002904806666666675,0.0028825433333333236,0.0029406933333333456
-0.128,0.002064,0.002134,0.002211,0.002277,0.00241,0.002469,0.002527,0.002583,0.002627,0.002723,0.002774,0.002814,0.002887,0.002918,0.002909,0.00288,0.002945,0.0029213233333333258,0.0029174133333333433,0.0028960933333333286,0.002957299999999989
-0.124,0.002072,0.002141,0.002218,0.002284,0.002417,0.002477,0.002536,0.002591,0.002636,0.002732,0.002783,0.002823,0.002896,0.002927,0.002917,0.002889,0.002954,0.0029283933333333428,0.0029230333333333186,0.0029031766666666676,0.0029621800000000057
-0.12,0.002079,0.002148,0.002225,0.002291,0.002425,0.002484,0.002543,0.002599,0.002644,0.00274,0.002791,0.002831,0.002904,0.002935,0.002926,0.002898,0.002962,0.002936706666666678,0.002931523333333324,0.0029074299999999912,0.002967176666666674
-0.116,0.002086,0.002154,0.002231,0.002298,0.002432,0.002492,0.002551,0.002606,0.002651,0.002748,0.002799,0.002839,0.002912,0.002943,0.002934,0.002906,0.002971,0.002944930000000006,0.0029404199999999952,0.002918279999999991,0.002978426666666652
-0.112,0.002092,0.002161,0.002238,0.002304,0.002439,0.002499,0.002558,0.002614,0.002658,0.002756,0.002806,0.002847,0.00292,0.002951,0.002941,0.002914,0.002979,0.002953603333333343,0.002947979999999995,0.0029256899999999877,0.0029861466666666592
-0.108,0.002098,0.002166,0.002243,0.00231,0.002445,0.002505,0.002565,0.00262,0.002665,0.002763,0.002814,0.002855,0.002927,0.002958,0.002949,0.002922,0.002986,0.0029594933333333415,0.0029538399999999893,0.0029311766666666574,0.0029918133333333456
-0.104,0.002104,0.002172,0.002249,0.002315,0.002451,0.002511,0.002571,0.002627,0.002672,0.002769,0.002821,0.002862,0.002934,0.002965,0.002957,0.002929,0.002994,0.002967043333333331,0.002963493333333329,0.0029398833333333287,0.0030005033333333465
-0.1,0.002109,0.002177,0.002254,0.00232,0.002457,0.002517,0.002577,0.002633,0.002678,0.002776,0.002827,0.002869,0.002941,0.002972,0.002966,0.002936,0.003001,0.0029733699999999917,0.002972106666666672,0.002949036666666678,0.0030075700000000037
-0.096,0.002115,0.002182,0.002259,0.002325,0.002462,0.002522,0.002583,0.002639,0.002684,0.002782,0.002833,0.002875,0.002947,0.002978,0.002975,0.002943,0.003007,0.002980286666666672,0.002979926666666652,0.0029509300000000026,0.003011936666666658
-0.092,0.002119,0.002187,0.002263,0.00233,0.002467,0.002528,0.002588,0.002645,0.00269,0.002788,0.002839,0.002881,0.002954,0.002984,0.002983,0.002949,0.003014,0.002986409999999995,0.002986599999999992,0.0029540466666666556,0.003017639999999991
-0.088,0.002124,0.002191,0.002268,0.002334,0.002472,0.002533,0.002593,0.00265,0.002695,0.002793,0.002845,0.002887,0.002959,0.00299,0.00299,0.002956,0.00302,0.002992653333333346,0.0029937133333333447,0.0029607199999999913,0.003024363333333342
-0.084,0.002128,0.002195,0.002272,0.002338,0.002477,0.002537,0.002598,0.002655,0.0027,0.002799,0.00285,0.002893,0.002965,0.002996,0.002995,0.002962,0.003026,0.002998710000000001,0.002998949999999997,0.0029661966666666793,0.003030769999999993
-0.08,0.002131,0.002198,0.002275,0.002342,0.002481,0.002542,0.002602,0.00266,0.002705,0.002804,0.002856,0.002898,0.00297,0.003001,0.003001,0.002967,0.003032,0.0030023666666666687,0.003004420000000001,0.0029744433333333447,0.003037493333333342
-0.076,0.002135,0.002202,0.002279,0.002345,0.002485,0.002546,0.002607,0.002664,0.00271,0.002809,0.002861,0.002903,0.002975,0.003006,0.003006,0.002972,0.003037,0.0030078433333333193,0.003009539999999986,0.002977513333333325,0.0030420566666666603
-0.072,0.002138,0.002205,0.002282,0.002349,0.002489,0.002549,0.002611,0.002668,0.002714,0.002813,0.002865,0.002908,0.00298,0.00301,0.003011,0.002977,0.003043,0.00301267333333332,0.00301430999999999,0.0029808833333333394,0.0030472266666666747
-0.068,0.00214,0.002207,0.002284,0.002352,0.002492,0.002553,0.002615,0.002672,0.002718,0.002818,0.00287,0.002912,0.002984,0.003015,0.003015,0.002982,0.003048,0.003017266666666658,0.0030184933333333294,0.0029859966666666796,0.003052356666666681
-0.064,0.002142,0.002209,0.002287,0.002354,0.002495,0.002556,0.002618,0.002676,0.002722,0.002821,0.002874,0.002916,0.002988,0.003019,0.00302,0.002986,0.003052,0.0030202299999999935,0.003022133333333347,0.002990353333333344,0.003055220000000014
-0.06,0.002144,0.002211,0.002288,0.002356,0.002498,0.002559,0.002621,0.002679,0.002725,0.002825,0.0028770000000000002,0.00292,0.002992,0.003023,0.003024,0.002991,0.003057,0.0030247333333333283,0.003026236666666682,0.002992976666666662,0.003059529999999987
-0.056,0.002145,0.002212,0.00229,0.002358,0.0025,0.002561,0.002623,0.002682,0.002728,0.002828,0.00288,0.002923,0.002996,0.003026,0.003028,0.002994,0.00306,0.0030284599999999854,0.0030308100000000075,0.002996290000000007,0.003063586666666652
-0.052,0.002146,0.002214,0.002291,0.00236,0.002502,0.002563,0.002626,0.002684,0.002731,0.002831,0.002883,0.002927,0.002999,0.003029,0.003032,0.002998,0.003064,0.003031203333333321,0.003034333333333342,0.0029997399999999843,0.0030670533333333216
-0.048,0.002147,0.002214,0.002292,0.002362,0.002504,0.002566,0.002629,0.002687,0.002734,0.002834,0.002886,0.00293,0.003002,0.003032,0.003036,0.003001,0.003068,0.003034076666666674,0.0030378966666666776,0.003002680000000005,0.003070686666666661
-0.044,0.002147,0.002215,0.002293,0.002363,0.002506,0.002567,0.002631,0.002689,0.002736,0.002837,0.002889,0.002933,0.003005,0.003035,0.003039,0.003004,0.003071,0.003036293333333337,0.0030405000000000063,0.0030053866666666686,0.003073150000000014
-0.04,0.002147,0.002215,0.002294,0.002364,0.002507,0.002569,0.002632,0.002691,0.002738,0.002839,0.002891,0.002935,0.003007,0.003037,0.003042,0.003007,0.003075,0.003037776666666656,0.003042713333333328,0.0030071066666666605,0.003075613333333349
-0.036,0.002146,0.002215,0.002294,0.002364,0.002508,0.002569,0.002633,0.002692,0.00274,0.002841,0.002893,0.002937,0.003009,0.003038,0.003045,0.003008,0.003077,0.0030391866666666582,0.00304494666666666,0.003008343333333338,0.003077560000000003
-0.032,0.002144,0.002213,0.002293,0.002363,0.002508,0.00257,0.002634,0.002693,0.00274,0.002841,0.002893,0.002938,0.00301,0.003041,0.003046,0.003009,0.003079,0.003041633333333326,0.0030460533333333327,0.0030092833333333394,0.0030791800000000134
-0.028,0.002143,0.002212,0.002292,0.002363,0.002508,0.00257,0.002634,0.002693,0.002741,0.002842,0.002894,0.002938,0.003011,0.003044,0.003047,0.00301,0.00308,0.0030439033333333437,0.003047016666666679,0.003010336666666657,0.003080413333333334
-0.024,0.00214,0.002211,0.002291,0.002362,0.002507,0.002569,0.002634,0.002693,0.002741,0.002842,0.002894,0.002939,0.003011,0.003047,0.003048,0.00301,0.003082,0.0030463333333333445,0.00304779333333335,0.003010546666666654,0.0030819866666666673
-0.02,0.002138,0.002209,0.002289,0.002361,0.002506,0.002568,0.002633,0.002693,0.00274,0.002842,0.002894,0.002939,0.003011,0.003049,0.003048,0.00301,0.003084,0.0030481133333333304,0.0030479900000000195,0.0030105699999999867,0.003083603333333323
-0.016,0.002135,0.002206,0.002287,0.002359,0.002505,0.002567,0.002632,0.002692,0.00274,0.002841,0.002893,0.002938,0.00301,0.003049,0.003048,0.00301,0.003085,0.0030481833333333317,0.003047813333333352,0.0030100166666666597,0.003084300000000001
-0.012,0.002132,0.002203,0.002285,0.002357,0.002503,0.002565,0.002631,0.00269,0.002739,0.00284,0.002892,0.002937,0.003009,0.003048,0.003048,0.003009,0.003085,0.0030469900000000133,0.0030472666666666835,0.003008893333333341,0.0030840966666666695
-0.008,0.002128,0.002201,0.002283,0.002355,0.002501,0.002564,0.002629,0.002689,0.002737,0.002839,0.002891,0.002936,0.003007,0.003047,0.003047,0.003008,0.003085,0.003045130000000013,0.0030457866666666767,0.0030073666666666716,0.0030829833333333337
-0.004,0.002124,0.002197,0.00228,0.002352,0.002499,0.002561,0.002627,0.002687,0.002735,0.002837,0.002888,0.002934,0.003005,0.003044,0.003045,0.003007,0.003083,0.0030423366666666794,0.0030436833333333285,0.003005863333333327,0.003080666666666652
0.0,0.00212,0.002193,0.002276,0.002349,0.002496,0.002558,0.002625,0.002684,0.002733,0.002835,0.002886,0.002931,0.003002,0.003042,0.003043,0.003004,0.00308,0.0030396699999999974,0.0030412400000000067,0.0030028933333333336,0.0030773533333333268
0.004,0.002115,0.002189,0.002272,0.002346,0.002493,0.002555,0.002622,0.002681,0.00273,0.002832,0.002883,0.002928,0.002999,0.003039,0.003041,0.003002,0.003077,0.003037060000000006,0.003039179999999991,0.0030009833333333167,0.003074623333333332
0.008,0.00211,0.002184,0.002268,0.002342,0.002489,0.002552,0.002618,0.002678,0.002727,0.002828,0.002879,0.002925,0.002996,0.003036,0.003038,0.002999,0.003074,0.0030339600000000026,0.003036099999999996,0.002998709999999988,0.0030720400000000115
0.012,0.002105,0.00218,0.002264,0.002338,0.002486,0.002548,0.002615,0.002675,0.002724,0.002825,0.002876,0.002921,0.002992,0.003033,0.003035,0.002996,0.003071,0.003030573333333318,0.003032530000000008,0.002994490000000001,0.003067926666666675
0.016,0.0021,0.002175,0.00226,0.002334,0.002482,0.002544,0.002612,0.002672,0.002721,0.002822,0.002873,0.002918,0.002989,0.00303,0.003032,0.002993,0.003068,0.0030273533333333197,0.0030293666666666753,0.0029916633333333447,0.003064683333333324
0.02,0.002094,0.00217,0.002255,0.00233,0.002478,0.002541,0.002608,0.002668,0.002717,0.002818,0.002869,0.002915,0.002986,0.003026,0.003029,0.00299,0.003064,0.0030234599999999856,0.003026353333333316,0.0029881466666666786,0.0030610266666666573
0.024,0.002088,0.002165,0.002251,0.002326,0.002474,0.002537,0.002604,0.002664,0.002713,0.002815,0.002865,0.002911,0.002984,0.003022,0.003026,0.002987,0.003061,0.0030202599999999903,0.0030240599999999834,0.0029861333333333264,0.00305885999999999
0.028,0.002082,0.002159,0.002245,0.002321,0.00247,0.002532,0.0026,0.00266,0.002709,0.002811,0.002861,0.002907,0.002982,0.003018,0.003022,0.002984,0.003057,0.003016303333333322,0.003020226666666657,0.0029831766666666595,0.003054836666666658
0.032,0.002076,0.002154,0.00224,0.002316,0.002465,0.002527,0.002596,0.002655,0.002705,0.002806,0.002856,0.002902,0.00298,0.003014,0.003018,0.002982,0.003052,0.003012206666666658,0.003016083333333322,0.002980536666666673,0.003049780000000017
0.036,0.00207,0.002147,0.002234,0.00231,0.002459,0.002522,0.002591,0.002651,0.002701,0.002802,0.002851,0.002898,0.002975,0.003009,0.003014,0.002979,0.003048,0.0030073800000000104,0.003011829999999988,0.0029775233333333264,0.0030453400000000153
0.04,0.002063,0.002141,0.002228,0.002304,0.002454,0.002516,0.002585,0.002646,0.002696,0.002797,0.002846,0.002892,0.00297,0.003005,0.00301,0.002977,0.003043,0.003002566666666673,0.003007453333333322,0.0029749133333333375,0.00304005333333334
0.044,0.002056,0.002134,0.002222,0.002298,0.002448,0.002511,0.00258,0.00264,0.002691,0.002792,0.00284,0.002887,0.002965,0.002999,0.003006,0.002974,0.003038,0.002997046666666659,0.00300364999999999,0.002972656666666668,0.003035833333333325
0.048,0.002048,0.002126,0.002214,0.002291,0.002441,0.002504,0.002574,0.002634,0.002685,0.002786,0.002834,0.002881,0.002959,0.002994,0.003001,0.002971,0.003033,0.002991610000000011,0.0029997700000000023,0.0029733799999999886,0.003032809999999989
0.052,0.00204,0.002119,0.002207,0.002284,0.002434,0.002497,0.002567,0.002628,0.002678,0.00278,0.002828,0.002875,0.002953,0.002988,0.002995,0.002966,0.003028,0.0029860633333333316,0.002992883333333331,0.0029649766666666757,0.0030252900000000012
0.056,0.002032,0.002111,0.002199,0.002277,0.002427,0.00249,0.00256,0.002621,0.002672,0.002773,0.002821,0.002868,0.002947,0.002981,0.00299,0.00296,0.003022,0.002979680000000006,0.0029879966666666773,0.0029610599999999945,0.00302081666666666
0.06,0.002023,0.002102,0.00219,0.002268,0.002418,0.002481,0.002552,0.002613,0.002664,0.002766,0.002813,0.00286,0.002939,0.002974,0.002984,0.002954,0.003015,0.002971810000000008,0.002981786666666659,0.002956370000000007,0.0030144766666666653
0.064,0.002014,0.002093,0.002182,0.00226,0.00241,0.002473,0.002544,0.002604,0.002656,0.002758,0.002805,0.002853,0.002932,0.002967,0.002977,0.002947,0.003008,0.002966010000000016,0.0029781833333333346,0.0029557200000000063,0.003012680000000008
0.068,0.002005,0.002084,0.002172,0.002251,0.0024,0.002463,0.002535,0.002595,0.002647,0.002749,0.002795,0.002846,0.002923,0.002958,0.00297,0.00294,0.003001,0.0029547833333333413,0.002964633333333334,0.002938120000000014,0.0029966000000000072
0.072,0.001996,0.002074,0.002162,0.002241,0.00239,0.002453,0.002525,0.002585,0.002637,0.002739,0.002785,0.002837,0.002914,0.002949,0.002961,0.002932,0.002993,0.0029467633333333286,0.002958829999999994,0.0029361566666666773,0.00299286000000001
0.076,0.001985,0.002064,0.002152,0.00223,0.002379,0.002442,0.002514,0.002574,0.002627,0.002728,0.002774,0.002828,0.002903,0.002939,0.002952,0.002923,0.002984,0.0029368700000000124,0.002950626666666655,0.0029282266666666745,0.002984726666666661
0.08,0.001975,0.002053,0.002141,0.002219,0.002368,0.002431,0.002502,0.002562,0.002616,0.002718,0.002761,0.002817,0.002892,0.002927,0.002943,0.002913,0.002974,0.0029275600000000087,0.002943426666666671,0.0029216366666666794,0.002977196666666673
0.084,0.001964,0.002042,0.002129,0.002207,0.002356,0.002418,0.00249,0.00255,0.002603,0.002707,0.00275,0.002805,0.00288,0.002916,0.002932,0.002903,0.002963,0.002914110000000004,0.0029285200000000104,0.002905529999999992,0.002961630000000013
0.088,0.001953,0.002031,0.002117,0.002195,0.002343,0.002406,0.002477,0.002537,0.00259,0.002696,0.002739,0.002792,0.002867,0.002903,0.00292,0.002891,0.002951,0.002901179999999991,0.0029176533333333393,0.002895723333333321,0.0029520633333333414
0.092,0.001941,0.002019,0.002105,0.002183,0.00233,0.002393,0.002463,0.002523,0.002577,0.002684,0.002729,0.002778,0.002854,0.00289,0.002908,0.00288,0.002939,0.002886813333333319,0.002903890000000006,0.0028817966666666588,0.0029374966666666784
0.096,0.001929,0.002006,0.002092,0.00217,0.002316,0.002379,0.002449,0.002509,0.002563,0.00267,0.002717,0.002764,0.00284,0.002876,0.002895,0.002867,0.002927,0.0028753799999999916,0.0028957533333333254,0.002877089999999988,0.0029309166666666754
0.1,0.001917,0.001994,0.002079,0.002156,0.002302,0.002365,0.002435,0.002494,0.002548,0.002656,0.002704,0.002749,0.002826,0.002861,0.002882,0.002854,0.002913,0.0028582899999999994,0.0028760966666666775,0.002852750000000008,0.0029093133333333485
0.104,0.001905,0.001981,0.002065,0.002142,0.002288,0.00235,0.00242,0.002479,0.002533,0.002641,0.002689,0.002734,0.002811,0.002847,0.002868,0.00284,0.002899,0.0028443033333333425,0.0028634733333333254,0.0028406333333333214,0.0028976333333333303
0.108,0.001892,0.001968,0.002051,0.002128,0.002273,0.002335,0.002405,0.002464,0.002518,0.002625,0.002673,0.002718,0.002795,0.002831,0.002853,0.002826,0.002885,0.0028282566666666814,0.00284747333333333,0.0028259133333333295,0.0028811933333333494
0.112,0.001879,0.001954,0.002037,0.002114,0.002258,0.00232,0.002389,0.002448,0.002502,0.00261,0.002658,0.002703,0.002779,0.002816,0.002838,0.002811,0.00287,0.0028130600000000113,0.0028336600000000056,0.002816896666666672,0.002869060000000011
0.116,0.001866,0.001941,0.002023,0.0021,0.002242,0.002305,0.002373,0.002432,0.002486,0.002594,0.002641,0.002686,0.002764,0.0028,0.002823,0.002797,0.002855,0.0028007033333333447,0.0028231800000000106,0.0028091733333333426,0.002862260000000009
0.12,0.001853,0.001927,0.002009,0.002085,0.002227,0.002289,0.002357,0.002416,0.00247,0.002578,0.002625,0.00267,0.002747,0.002784,0.002808,0.002781,0.00284,0.002781796666666673,0.002803586666666674,0.0027838666666666722,0.0028383899999999884
0.124,0.00184,0.001913,0.001994,0.00207,0.002211,0.002273,0.002341,0.0024,0.002454,0.002561,0.002609,0.002654,0.002731,0.002767,0.002793,0.002766,0.002825,0.0027641566666666614,0.0027854666666666753,0.0027627433333333464,0.0028194833333333247
0.128,0.001826,0.001899,0.00198,0.002055,0.002195,0.002258,0.002325,0.002383,0.002437,0.002545,0.002592,0.002637,0.002715,0.002751,0.002777,0.00275,0.002809,0.0027485966666666584,0.0027705466666666685,0.0027501733333333373,0.0028049533333333234
0.132,0.001813,0.001885,0.001965,0.00204,0.00218,0.002242,0.002308,0.002366,0.002421,0.002528,0.002575,0.00262,0.002698,0.002734,0.002761,0.002734,0.002793,0.0027343900000000062,0.0027584733333333392,0.0027403300000000052,0.002794783333333341
0.136,0.001799,0.001871,0.00195,0.002025,0.002164,0.002225,0.002291,0.002349,0.002404,0.002511,0.002558,0.002603,0.002681,0.002717,0.002744,0.002718,0.002777,0.002719179999999999,0.002745126666666663,0.002730969999999998,0.002783470000000003
0.14,0.001785,0.001857,0.001935,0.00201,0.002147,0.002209,0.002275,0.002332,0.002387,0.002494,0.002541,0.002586,0.002664,0.0027,0.002728,0.002702,0.002761,0.002699783333333337,0.002724676666666661,0.002707336666666661,0.00276304333333334
0.144,0.001771,0.001843,0.00192,0.001994,0.002131,0.002193,0.002258,0.002315,0.00237,0.002477,0.002524,0.002568,0.002647,0.002683,0.002712,0.002685,0.002744,0.002683979999999995,0.00270949000000001,0.0026895633333333425,0.0027456266666666647
0.148,0.001758,0.001829,0.001905,0.001979,0.002115,0.002177,0.002241,0.002298,0.002353,0.00246,0.002507,0.002551,0.002629,0.002666,0.002694,0.002668,0.002727,0.002664629999999985,0.0026874433333333256,0.002665483333333336,0.0027226466666666694
0.152,0.001745,0.001815,0.001891,0.001964,0.002099,0.002161,0.002224,0.002281,0.002336,0.002442,0.002489,0.002533,0.002612,0.002648,0.002677,0.002651,0.00271,0.0026439866666666603,0.0026682033333333415,0.0026427266666666596,0.0027023533333333277
0.156,0.001732,0.001801,0.001876,0.001949,0.002083,0.002144,0.002207,0.002264,0.002319,0.002425,0.002472,0.002516,0.002594,0.002631,0.00266,0.002634,0.002693,0.002628433333333344,0.0026530899999999986,0.0026303566666666767,0.0026876933333333216
0.16,0.001719,0.001787,0.001862,0.001935,0.002068,0.002129,0.002191,0.002248,0.002302,0.002408,0.002455,0.002499,0.002577,0.002614,0.002643,0.002617,0.002677,0.002613550000000004,0.002637643333333326,0.0026154066666666622,0.0026745766666666742
0.164,0.001706,0.001774,0.001848,0.00192,0.002052,0.002113,0.002175,0.002231,0.002286,0.002392,0.002438,0.002482,0.00256,0.002597,0.002627,0.0026,0.00266,0.0025994166666666583,0.0026273300000000115,0.0026094533333333443,0.0026651533333333327
0.168,0.001693,0.001761,0.001834,0.001905,0.002037,0.002097,0.002159,0.002215,0.002269,0.002375,0.002421,0.002465,0.002543,0.00258,0.00261,0.002583,0.002643,0.0025809733333333426,0.0026067200000000007,0.002585726666666668,0.002644553333333324
0.172,0.00168,0.001748,0.00182,0.001891,0.002022,0.002082,0.002143,0.002199,0.002253,0.002358,0.002404,0.002448,0.002526,0.002563,0.002593,0.002566,0.002626,0.0025665166666666585,0.002594273333333326,0.00257795666666666,0.002633730000000008
0.176,0.001668,0.001735,0.001806,0.001877,0.002007,0.002067,0.002127,0.002183,0.002237,0.002341,0.002388,0.002431,0.002509,0.002546,0.002576,0.00255,0.00261,0.002548700000000007,0.002575043333333341,0.00255908000000001,0.002614836666666667
0.18,0.001656,0.001722,0.001793,0.001863,0.001992,0.002052,0.002111,0.002167,0.002221,0.002325,0.002371,0.002414,0.002493,0.002529,0.002559,0.002533,0.002593,0.002531406666666669,0.0025587133333333247,0.0025428600000000044,0.002598769999999993
0.184,0.001644,0.00171,0.00178,0.00185,0.001978,0.002038,0.002096,0.002151,0.002205,0.002309,0.002355,0.002398,0.002476,0.002513,0.002543,0.002517,0.002577,0.002511949999999992,0.002537676666666662,0.002517469999999994,0.002575280000000009
0.188,0.001632,0.001698,0.001767,0.001837,0.001964,0.002023,0.002081,0.002136,0.00219,0.002294,0.002339,0.002382,0.00246,0.002497,0.002526,0.002501,0.002561,0.002498949999999997,0.002526626666666669,0.002511523333333322,0.002567286666666672
0.192,0.001621,0.001686,0.001754,0.001824,0.00195,0.002009,0.002067,0.002121,0.002176,0.002278,0.002324,0.002366,0.002444,0.002481,0.00251,0.002485,0.002545,0.0024764333333333276,0.002500206666666674,0.0024721933333333255,0.0025351800000000084
0.196,0.001609,0.001674,0.001742,0.001811,0.001937,0.001995,0.002052,0.002107,0.002162,0.002263,0.002309,0.002351,0.002429,0.002465,0.002495,0.00247,0.00253,0.0024618200000000056,0.0024874866666666786,0.002459829999999988,0.002522736666666669
0.2,0.001598,0.001663,0.00173,0.001799,0.001923,0.001982,0.002039,0.002094,0.002148,0.002249,0.002294,0.002336,0.002414,0.00245,0.002479,0.002455,0.002514,0.0024504766666666586,0.0024767500000000063,0.002454289999999994,0.0025134866666666716
0.204,0.001587,0.001652,0.001719,0.001787,0.00191,0.001969,0.002025,0.002081,0.002135,0.002234,0.002279,0.002321,0.002399,0.002435,0.002464,0.00244,0.002499,0.002435603333333328,0.002462173333333344,0.0024405399999999997,0.0024988366666666654
0.208,0.001577,0.001641,0.001707,0.001775,0.001898,0.001956,0.002012,0.002069,0.002121,0.00222,0.002265,0.002306,0.002384,0.00242,0.002449,0.002425,0.002485,0.0024216233333333227,0.002448163333333339,0.002425600000000006,0.0024856466666666583
0.212,0.001566,0.00163,0.001696,0.001763,0.001885,0.001943,0.001999,0.002056,0.002107,0.002206,0.002251,0.002292,0.00237,0.002405,0.002434,0.002411,0.00247,0.0024060699999999932,0.0024317266666666728,0.002410120000000009,0.002470133333333325
0.216,0.001556,0.001619,0.001685,0.001752,0.001873,0.001931,0.001986,0.002042,0.002094,0.002192,0.002237,0.002278,0.002356,0.002391,0.00242,0.002397,0.002456,0.0023970999999999984,0.0024244799999999936,0.002409286666666662,0.00246478333333334
0.22,0.001546,0.001609,0.001674,0.001741,0.001861,0.001919,0.001973,0.00203,0.002082,0.002179,0.002223,0.002264,0.002342,0.002377,0.002406,0.002383,0.002442,0.002375789999999996,0.0024017133333333373,0.002378943333333339,0.002440780000000008
0.224,0.001537,0.001599,0.001664,0.00173,0.00185,0.001907,0.001961,0.002017,0.002069,0.002166,0.00221,0.002251,0.002328,0.002363,0.002392,0.00237,0.002428,0.0023605033333333352,0.002386229999999992,0.002360503333333328,0.0024240699999999943
0.228,0.001527,0.00159,0.001654,0.00172,0.001838,0.001895,0.001949,0.002005,0.002057,0.002153,0.002197,0.002238,0.002315,0.00235,0.002378,0.002357,0.002415,0.0023506133333333315,0.00237711666666666,0.0023556833333333413,0.002416436666666657
0.232,0.001518,0.00158,0.001644,0.001709,0.001827,0.001884,0.001937,0.001993,0.002045,0.002141,0.002184,0.002225,0.002302,0.002337,0.002365,0.002344,0.002402,0.0023406366666666695,0.002367533333333325,0.0023495133333333402,0.002408020000000004
0.236,0.001509,0.001571,0.001634,0.001699,0.001816,0.001873,0.001926,0.001982,0.002033,0.002129,0.002172,0.002212,0.002289,0.002324,0.002352,0.002331,0.002389,0.0023246499999999976,0.0023504166666666717,0.0023276300000000024,0.0023888966666666574
0.24,0.001501,0.001561,0.001624,0.001689,0.001806,0.001862,0.001914,0.00197,0.002021,0.002117,0.00216,0.0022,0.002276,0.002311,0.002339,0.002319,0.002376,0.0023132299999999947,0.0023394099999999914,0.002320496666666662,0.0023793966666666696
0.244,0.001492,0.001552,0.001615,0.00168,0.001795,0.001851,0.001903,0.001959,0.00201,0.002105,0.002148,0.002188,0.002264,0.002299,0.002327,0.002306,0.002363,0.0023006766666666748,0.0023273033333333316,0.002308900000000002,0.002365573333333335
0.248,0.001483,0.001544,0.001606,0.00167,0.001785,0.001841,0.001892,0.001948,0.001999,0.002093,0.002136,0.002176,0.002252,0.002287,0.002314,0.002294,0.002351,0.002287490000000007,0.0023132766666666723,0.002295273333333341,0.0023519166666666627
0.252,0.001475,0.001535,0.001597,0.001661,0.001775,0.00183,0.001882,0.001937,0.001988,0.002082,0.002124,0.002164,0.00224,0.002275,0.002302,0.002283,0.002338,0.0022740833333333463,0.002299073333333347,0.0022775300000000037,0.002336779999999994
0.256,0.001467,0.001526,0.001588,0.001652,0.001765,0.00182,0.001873,0.001926,0.001977,0.002071,0.002113,0.002152,0.002228,0.002263,0.00229,0.002271,0.002326,0.002263610000000006,0.0022884100000000063,0.0022662466666666763,0.0023260533333333395
0.26,0.001459,0.001518,0.001579,0.001643,0.001756,0.00181,0.001864,0.001916,0.001967,0.00206,0.002102,0.002141,0.002217,0.002252,0.002279,0.00226,0.002315,0.0022534433333333357,0.0022790566666666674,0.0022606666666666695,0.0023176233333333314
0.264,0.001452,0.00151,0.001571,0.001634,0.001747,0.001801,0.001855,0.001906,0.001956,0.002049,0.002092,0.00213,0.002206,0.002241,0.002267,0.002249,0.002303,0.002241623333333338,0.0022663766666666738,0.0022478799999999925,0.0023044100000000085
0.268,0.001444,0.001503,0.001563,0.001626,0.001737,0.001791,0.001845,0.001896,0.001946,0.002039,0.002081,0.00212,0.002195,0.00223,0.002256,0.002239,0.002292,0.0022312433333333296,0.002257150000000002,0.002244283333333328,0.002297439999999997
0.272,0.001437,0.001495,0.001554,0.001617,0.001728,0.001782,0.001835,0.001886,0.001937,0.002029,0.002071,0.002109,0.002185,0.002219,0.002246,0.002228,0.002281,0.0022218033333333363,0.002248753333333334,0.0022409500000000037,0.002290789999999993
0.276,0.00143,0.001487,0.001546,0.001609,0.001719,0.001773,0.001826,0.001877,0.001927,0.002018,0.00206,0.002099,0.002174,0.002209,0.002235,0.002218,0.002271,0.0022103100000000053,0.002235293333333327,0.002222040000000007,0.002276426666666674
0.28,0.001423,0.00148,0.001539,0.001601,0.001711,0.001764,0.001817,0.001867,0.001917,0.002009,0.00205,0.002089,0.002164,0.002198,0.002224,0.002208,0.00226,0.002197466666666668,0.002221203333333336,0.002202559999999995,0.0022605933333333353
0.284,0.001416,0.001472,0.001531,0.001593,0.001702,0.001755,0.001808,0.001858,0.001908,0.001999,0.00204,0.002079,0.002154,0.002188,0.002214,0.002198,0.00225,0.002187620000000001,0.0022115600000000035,0.002193580000000002,0.0022496899999999934
0.288,0.001409,0.001465,0.001523,0.001585,0.001694,0.001746,0.001799,0.001849,0.001899,0.001989,0.002031,0.002069,0.002144,0.002178,0.002204,0.002189,0.00224,0.0021781233333333394,0.002203059999999995,0.0021906499999999984,0.002242883333333339
0.292,0.001402,0.001458,0.001516,0.001577,0.001685,0.001737,0.00179,0.001841,0.00189,0.00198,0.002022,0.00206,0.002135,0.002169,0.002194,0.002179,0.002231,0.002168253333333328,0.0021924499999999964,0.002178640000000003,0.002232189999999996
0.296,0.001396,0.001452,0.001509,0.00157,0.001677,0.001729,0.001782,0.001832,0.001881,0.001971,0.002013,0.00205,0.002125,0.002159,0.002185,0.00217,0.002221,0.0021587833333333393,0.0021830833333333303,0.0021658166666666703,0.00222150333333333
0.3,0.001389,0.001445,0.001502,0.001563,0.001669,0.001721,0.001773,0.001824,0.001873,0.001962,0.002004,0.002041,0.002116,0.00215,0.002175,0.002162,0.002212,0.0021494366666666635,0.0021728200000000024,0.0021548299999999995,0.002211349999999995
0.304,0.001383,0.001438,0.001495,0.001555,0.001661,0.001713,0.001765,0.001816,0.001864,0.001953,0.001995,0.002032,0.002107,0.002141,0.002166,0.002153,0.002203,0.0021398633333333293,0.002163246666666668,0.002145876666666662,0.002200449999999994
0.308,0.001377,0.001432,0.001488,0.001548,0.001654,0.001705,0.001757,0.001807,0.001856,0.001945,0.001986,0.002023,0.002098,0.002132,0.002157,0.002145,0.002195,0.0021328066666666755,0.0021569899999999997,0.002144473333333329,0.0021965799999999923
0.312,0.001371,0.001426,0.001481,0.001541,0.001646,0.001697,0.001749,0.001799,0.001848,0.001936,0.001978,0.002015,0.00209,0.002124,0.002148,0.002137,0.002186,0.002125510000000004,0.002149620000000002,0.002139916666666672,0.00219052333333334
0.316,0.001365,0.00142,0.001475,0.001535,0.001639,0.001689,0.001742,0.001792,0.00184,0.001928,0.001969,0.002006,0.002081,0.002115,0.00214,0.00213,0.002178,0.002117459999999993,0.0021426133333333325,0.002135419999999998,0.0021830900000000086
0.32,0.001359,0.001414,0.001469,0.001528,0.001632,0.001681,0.001734,0.001784,0.001832,0.00192,0.001961,0.001998,0.002073,0.002107,0.002131,0.002122,0.00217,0.002105243333333335,0.002127553333333329,0.0021119699999999977,0.0021672366666666723
0.324,0.001354,0.001408,0.001463,0.001522,0.001625,0.001675,0.001727,0.001777,0.001825,0.001912,0.001953,0.00199,0.002065,0.002099,0.002123,0.002115,0.002163,0.002099236666666664,0.0021227066666666596,0.002111789999999994,0.0021631133333333444
0.328,0.001349,0.001402,0.001457,0.001515,0.001618,0.001669,0.00172,0.00177,0.001817,0.001905,0.001946,0.001983,0.002057,0.002091,0.002116,0.002109,0.002155,0.002093999999999996,0.0021189400000000023,0.002114496666666676,0.002160633333333341
0.332,0.001343,0.001397,0.001451,0.00151,0.001612,0.001665,0.001713,0.001763,0.001811,0.001898,0.001938,0.001975,0.00205,0.002084,0.002108,0.002102,0.002148,0.002084386666666656,0.0021079066666666677,0.002101253333333337,0.0021485033333333357
0.336,0.001338,0.001391,0.001445,0.001504,0.001605,0.00166,0.001707,0.001756,0.001804,0.001891,0.001931,0.001968,0.002043,0.002077,0.002101,0.002096,0.002141,0.0020786266666666625,0.0021028233333333403,0.0020996966666666597,0.002145136666666661
0.34,0.001333,0.001386,0.00144,0.001498,0.001599,0.001655,0.0017,0.00175,0.001798,0.001884,0.001924,0.00196,0.002035,0.002069,0.002093,0.002091,0.002135,0.0020701099999999944,0.0020939866666666728,0.0020923099999999957,0.002137223333333333
0.344,0.001328,0.001381,0.001435,0.001493,0.001593,0.001649,0.001695,0.001744,0.001791,0.001877,0.001917,0.001954,0.002028,0.002062,0.002086,0.002085,0.002128,0.0020612400000000032,0.00208362,0.002076156666666668,0.002125506666666673
0.348,0.001323,0.001376,0.00143,0.001488,0.001588,0.001643,0.001689,0.001738,0.001785,0.001871,0.00191,0.001947,0.002022,0.002055,0.00208,0.002081,0.002121,0.0020540266666666655,0.002076870000000001,0.0020712433333333335,0.0021180033333333356
0.352,0.001319,0.001371,0.001425,0.001483,0.001582,0.001637,0.001683,0.001732,0.00178,0.001865,0.001904,0.001941,0.002015,0.002049,0.002073,0.002076,0.002115,0.002048100000000001,0.002071076666666664,0.0020696066666666675,0.0021134033333333295
0.356,0.001314,0.001366,0.00142,0.001478,0.001577,0.001632,0.001679,0.001727,0.001775,0.001859,0.001898,0.001935,0.002009,0.002042,0.002067,0.002073,0.002109,0.0020418199999999945,0.0020655233333333354,0.002066879999999997,0.002107873333333342
0.36,0.00131,0.001362,0.001416,0.001474,0.001573,0.001627,0.001674,0.001723,0.001771,0.001854,0.001892,0.001929,0.002003,0.002036,0.002062,0.00207,0.002104,0.002036343333333334,0.00206133666666667,0.002068090000000003,0.002104659999999999
0.364,0.001306,0.001358,0.001413,0.00147,0.001568,0.001623,0.00167,0.001719,0.001767,0.00185,0.001887,0.001924,0.001998,0.002031,0.002056,0.002068,0.002099,0.002032093333333335,0.0020569966666666648,0.002066373333333332,0.002101359999999999
0.368,0.001302,0.001354,0.001409,0.001467,0.001565,0.001619,0.001667,0.001715,0.001764,0.001846,0.001883,0.00192,0.001993,0.002026,0.002052,0.002067,0.002094,0.0020281533333333258,0.0020536033333333394,0.002068213333333335,0.0020971900000000027
0.372,0.001298,0.00135,0.001406,0.001463,0.001562,0.001615,0.001664,0.001712,0.001761,0.001842,0.001878,0.001915,0.001988,0.002021,0.002047,0.002067,0.002089,0.00202121666666667,0.002047230000000008,0.0020664966666666695,0.0020903300000000027
0.376,0.001293,0.001346,0.001402,0.00146,0.001561,0.001612,0.001662,0.00171,0.001759,0.00184,0.001875,0.001912,0.001984,0.002016,0.002043,0.002068,0.002086,0.002016396666666672,0.002042960000000007,0.002066789999999998,0.002087116666666665
0.38,0.00129,0.001343,0.0014,0.001458,0.001559,0.001609,0.00166,0.001708,0.001757,0.001837,0.001872,0.001909,0.001981,0.002013,0.00204,0.00207,0.002083,0.002013253333333333,0.002040626666666667,0.002071570000000002,0.002084516666666662
0.384,0.001286,0.001339,0.001397,0.001456,0.001558,0.001607,0.001659,0.001707,0.001757,0.001836,0.001869,0.001906,0.001978,0.00201,0.002038,0.002073,0.00208,0.0020089266666666644,0.00203671333333333,0.002072443333333328,0.002078890000000005
0.388,0.001282,0.001336,0.001395,0.001454,0.001556,0.001605,0.001658,0.001706,0.001757,0.001835,0.001868,0.001905,0.001976,0.002007,0.002036,0.002077,0.002079,0.00200789666666666,0.002037260000000001,0.002080569999999996,0.0020807766666666744
0.392,0.001278,0.001333,0.001393,0.001453,0.001555,0.001604,0.001658,0.001706,0.001758,0.001836,0.001866,0.001904,0.001975,0.002006,0.002035,0.002082,0.002078,0.002005886666666663,0.002035350000000005,0.0020837899999999942,0.002078456666666679
0.396,0.001275,0.00133,0.001391,0.001451,0.001554,0.001603,0.001659,0.001707,0.001759,0.001836,0.001866,0.001903,0.001974,0.002005,0.002035,0.002088,0.002078,0.0020052399999999993,0.002035583333333339,0.002088449999999992,0.0020787766666666785
0.4,0.001271,0.001327,0.001389,0.00145,0.001554,0.001602,0.001659,0.001708,0.001761,0.001837,0.001866,0.001903,0.001974,0.002004,0.002036,0.002094,0.002079,0.002004473333333337,0.0020364066666666704,0.0020944000000000028,0.0020797566666666753
0.404,0.001268,0.001324,0.001387,0.001449,0.001553,0.001601,0.00166,0.001709,0.001763,0.001839,0.001866,0.001904,0.001974,0.002004,0.002037,0.002101,0.002081,0.0020042066666666708,0.002037283333333335,0.002100770000000008,0.0020811133333333343
0.408,0.001265,0.001321,0.001385,0.001448,0.001553,0.0016,0.001661,0.00171,0.001765,0.001841,0.001867,0.001904,0.001974,0.002005,0.002039,0.002107,0.002082,0.002004966666666666,0.0020388333333333382,0.0021052966666666706,0.002082126666666662
0.412,0.001261,0.001318,0.001383,0.001446,0.001551,0.001599,0.001661,0.00171,0.001766,0.001842,0.001867,0.001905,0.001975,0.002005,0.002041,0.002113,0.002084,0.0020050133333333327,0.0020407233333333305,0.0021114166666666673,0.0020837766666666566
0.416,0.001258,0.001315,0.00138,0.001444,0.00155,0.001597,0.001661,0.00171,0.001767,0.001843,0.001867,0.001904,0.001975,0.002005,0.002042,0.002118,0.002086,0.0020050533333333333,0.0020415066666666618,0.002114613333333328,0.00208508333333333
0.42,0.001254,0.001311,0.001377,0.001441,0.001547,0.001595,0.001659,0.001708,0.001766,0.001843,0.001866,0.001904,0.001974,0.002004,0.002044,0.002121,0.002087,0.0020041200000000016,0.0020431766666666675,0.002118806666666666,0.0020863999999999948
0.424,0.001251,0.001308,0.001373,0.001438,0.001544,0.001592,0.001657,0.001706,0.001764,0.001841,0.001864,0.001902,0.001973,0.002003,0.002044,0.002123,0.002088,0.00200313666666666,0.002043483333333336,0.0021207966666666614,0.0020871399999999912
0.428,0.001248,0.001304,0.001369,0.001433,0.00154,0.001587,0.001653,0.001702,0.001761,0.001839,0.001861,0.001899,0.00197,0.002001,0.002044,0.002122,0.002087,0.0020010466666666635,0.002043123333333335,0.002119169999999998,0.0020868966666666615
0.432,0.001245,0.0013,0.001365,0.001429,0.001536,0.001582,0.001648,0.001697,0.001756,0.001835,0.001856,0.001895,0.001966,0.001997,0.002042,0.002118,0.002086,0.0019987333333333418,0.002042536666666662,0.0021165033333333297,0.002086953333333331
0.436,0.001241,0.001296,0.00136,0.001423,0.00153,0.001576,0.001641,0.00169,0.001749,0.001829,0.00185,0.001888,0.001961,0.001992,0.002039,0.002112,0.002082,0.001993493333333332,0.0020379466666666703,0.0021042633333333343,0.0020818266666666626
0.44,0.001238,0.001292,0.001354,0.001417,0.001523,0.001569,0.001633,0.001682,0.001741,0.001821,0.001843,0.001881,0.001954,0.001986,0.002034,0.002102,0.002077,0.001986316666666666,0.002031323333333325,0.0020908333333333365,0.0020743633333333306
0.444,0.001235,0.001288,0.001349,0.001411,0.001515,0.001562,0.001624,0.001673,0.001731,0.001812,0.001835,0.001872,0.001946,0.001978,0.002026,0.00209,0.00207,0.0019799566666666647,0.002024576666666656,0.0020775166666666665,0.0020672033333333367
0.448,0.001232,0.001284,0.001343,0.001404,0.001508,0.001554,0.001614,0.001662,0.00172,0.001802,0.001825,0.001862,0.001936,0.001968,0.002018,0.002075,0.002061,0.0019691733333333378,0.0020128499999999988,0.0020543900000000027,0.002055813333333326
0.452,0.001229,0.00128,0.001337,0.001397,0.0015,0.001545,0.001604,0.001651,0.001708,0.00179,0.001815,0.001852,0.001926,0.001958,0.002007,0.002059,0.00205,0.001962093333333339,0.00200591666666666,0.0020459,0.0020507266666666634
0.456,0.001226,0.001276,0.001332,0.00139,0.001492,0.001537,0.001593,0.00164,0.001696,0.001778,0.001804,0.00184,0.001915,0.001947,0.001996,0.002041,0.002039,0.0019513166666666644,0.001993999999999997,0.0020281000000000006,0.002039083333333339
0.46,0.001223,0.001272,0.001326,0.001384,0.001483,0.001529,0.001583,0.001629,0.001684,0.001766,0.001793,0.001829,0.001903,0.001935,0.001983,0.002022,0.002027,0.0019366400000000066,0.00197854,0.0020047466666666693,0.0020231966666666673
0.464,0.001221,0.001269,0.001321,0.001377,0.001476,0.001521,0.001573,0.001619,0.001672,0.001754,0.001782,0.001817,0.001892,0.001924,0.00197,0.002004,0.002014,0.0019248133333333336,0.0019663500000000086,0.001994340000000005,0.0020132699999999976
0.468,0.001218,0.001265,0.001316,0.001371,0.001468,0.001513,0.001563,0.001609,0.00166,0.001742,0.001771,0.001806,0.001881,0.001913,0.001957,0.001985,0.002002,0.0019134066666666694,0.001952863333333326,0.001973770000000006,0.001998839999999996
0.472,0.001215,0.001261,0.001311,0.001365,0.001461,0.001506,0.001554,0.001599,0.001649,0.001731,0.001761,0.001795,0.00187,0.001902,0.001944,0.001967,0.001989,0.0019024299999999986,0.0019415766666666615,0.0019606300000000053,0.001987480000000007
0.476,0.001213,0.001258,0.001307,0.00136,0.001454,0.001499,0.001546,0.00159,0.001639,0.00172,0.001751,0.001785,0.00186,0.001891,0.001931,0.00195,0.001977,0.0018905566666666596,0.0019277133333333374,0.001941430000000005,0.001974063333333338
0.48,0.001211,0.001255,0.001302,0.001354,0.001448,0.001492,0.001537,0.001582,0.00163,0.00171,0.001742,0.001776,0.00185,0.001881,0.001919,0.001935,0.001966,0.001882783333333337,0.0019186633333333355,0.0019325233333333414,0.0019667633333333412
0.484,0.001208,0.001252,0.001298,0.00135,0.001442,0.001486,0.00153,0.001574,0.001621,0.001701,0.001734,0.001767,0.001841,0.001872,0.001908,0.00192,0.001956,0.0018732099999999956,0.001908503333333339,0.0019202099999999977,0.001957036666666668
0.488,0.001206,0.001249,0.001294,0.001345,0.001437,0.00148,0.001523,0.001567,0.001613,0.001693,0.001726,0.001759,0.001833,0.001863,0.001898,0.001907,0.001945,0.001863709999999999,0.0018972166666666667,0.001905843333333331,0.0019449466666666597
0.492,0.001204,0.001246,0.001291,0.001341,0.001431,0.001475,0.001517,0.00156,0.001605,0.001685,0.001718,0.001751,0.001825,0.001855,0.001888,0.001896,0.001936,0.0018555100000000003,0.0018898300000000001,0.001904563333333339,0.0019428200000000003
0.496,0.001201,0.001243,0.001287,0.001337,0.001426,0.00147,0.001511,0.001554,0.001598,0.001678,0.001711,0.001744,0.001818,0.001847,0.001879,0.001885,0.001927,0.0018473899999999985,0.001882343333333335,0.0019004966666666746,0.001939640000000003
0.5,0.001199,0.001241,0.001284,0.001333,0.001422,0.001465,0.001505,0.001548,0.001592,0.001671,0.001705,0.001738,0.001811,0.00184,0.00187,0.001874,0.001918,0.0018424533333333349,0.001879176666666666,0.0018997,0.0019398733333333277
0.504,0.001197,0.001238,0.001281,0.001329,0.001417,0.00146,0.0015,0.001542,0.001586,0.001665,0.001699,0.001732,0.001805,0.001834,0.001863,0.001865,0.00191,0.0018363033333333352,0.0018741033333333323,0.0018927766666666697,0.001935963333333334
0.508,0.001195,0.001235,0.001277,0.001325,0.001413,0.001456,0.001495,0.001537,0.00158,0.001659,0.001693,0.001726,0.001798,0.001827,0.001855,0.001856,0.001902,0.0018303800000000073,0.0018711566666666684,0.0018947166666666685,0.0019375466666666649
0.512,0.001193,0.001233,0.001274,0.001323,0.001409,0.001452,0.00149,0.001532,0.001575,0.001653,0.001688,0.00172,0.001792,0.001821,0.001848,0.001847,0.001894,0.0018240500000000022,0.001863943333333333,0.0018824933333333315,0.0019259866666666652
0.516,0.001191,0.00123,0.001271,0.00132,0.001405,0.001448,0.001486,0.001528,0.00157,0.001648,0.001682,0.001715,0.001787,0.001815,0.001842,0.00184,0.001886,0.0018187500000000048,0.0018548600000000027,0.0018702533333333335,0.0019132066666666695
0.52,0.001189,0.001228,0.001269,0.001318,0.001402,0.001444,0.001482,0.001523,0.001565,0.001643,0.001677,0.00171,0.001781,0.001809,0.001835,0.001832,0.001878,0.0018105533333333346,0.0018400666666666629,0.0018404599999999967,0.0018869466666666672
0.524,0.001188,0.001226,0.001267,0.001315,0.001398,0.00144,0.001478,0.001519,0.001561,0.001638,0.001672,0.001705,0.001776,0.001804,0.001829,0.001825,0.00187,0.0018048800000000076,0.0018321200000000041,0.001832803333333334,0.001876086666666665
0.528,0.001186,0.001224,0.001265,0.001312,0.001395,0.001437,0.001474,0.001515,0.001557,0.001633,0.001668,0.0017,0.001771,0.001798,0.001824,0.001818,0.001862,0.00180030666666667,0.0018278466666666663,0.0018301999999999934,0.0018727866666666626
0.532,0.001184,0.001222,0.001263,0.001309,0.001392,0.001434,0.00147,0.001511,0.001553,0.001629,0.001663,0.001696,0.001766,0.001793,0.001818,0.001812,0.001855,0.0017958399999999993,0.001822093333333328,0.0018223333333333299,0.0018655100000000006
0.536,0.001182,0.00122,0.001261,0.001307,0.001388,0.00143,0.001467,0.001508,0.001549,0.001625,0.001659,0.001691,0.001761,0.001788,0.001813,0.001805,0.001847,0.0017914800000000035,0.0018179066666666676,0.0018203833333333308,0.0018601599999999963
0.54,0.001181,0.001218,0.001259,0.001304,0.001385,0.001427,0.001463,0.001504,0.001545,0.001621,0.001654,0.001687,0.001756,0.001783,0.001807,0.0018,0.001841,0.001783439999999995,0.001808070000000002,0.0018015900000000066,0.001844936666666661
0.544,0.001179,0.001216,0.001256,0.001302,0.001382,0.001424,0.00146,0.001501,0.001542,0.001617,0.00165,0.001683,0.001752,0.001778,0.001802,0.001794,0.001834,0.0017800366666666637,0.001805420000000005,0.0018041000000000023,0.0018427633333333337
0.548,0.001177,0.001214,0.001254,0.001299,0.00138,0.001421,0.001457,0.001497,0.001538,0.001614,0.001646,0.001679,0.001747,0.001774,0.001797,0.001789,0.001828,0.0017766700000000017,0.0018027199999999988,0.0018082799999999998,0.001841253333333334
0.552,0.001176,0.001212,0.001252,0.001297,0.001377,0.001418,0.001454,0.001494,0.001535,0.00161,0.001642,0.001675,0.001743,0.001769,0.001793,0.001784,0.001822,0.0017720600000000067,0.0017979733333333314,0.0018020733333333353,0.0018362466666666621
0.556,0.001174,0.00121,0.00125,0.001295,0.001374,0.001415,0.001451,0.001491,0.001531,0.001606,0.001639,0.001672,0.001739,0.001765,0.001788,0.001779,0.001816,0.0017651666666666731,0.0017898233333333397,0.0017868699999999934,0.001822186666666665
0.56,0.001173,0.001208,0.001248,0.001292,0.001371,0.001412,0.001448,0.001488,0.001528,0.001603,0.001635,0.001668,0.001735,0.001761,0.001784,0.001775,0.001811,0.0017615900000000073,0.0017868800000000044,0.0017863833333333378,0.001819586666666669
0.564,0.001171,0.001206,0.001246,0.00129,0.001368,0.001409,0.001445,0.001485,0.001525,0.001599,0.001632,0.001664,0.001731,0.001757,0.00178,0.00177,0.001806,0.001758380000000005,0.0017849133333333344,0.0017881899999999977,0.0018186499999999928
0.568,0.00117,0.001204,0.001244,0.001288,0.001366,0.001407,0.001442,0.001481,0.001521,0.001596,0.001628,0.001661,0.001727,0.001753,0.001776,0.001766,0.001801,0.0017533766666666705,0.0017804966666666651,0.0017863233333333312,0.0018145333333333318
0.572,0.001168,0.001203,0.001242,0.001285,0.001363,0.001404,0.001439,0.001478,0.001518,0.001593,0.001625,0.001657,0.001723,0.001749,0.001772,0.001762,0.001797,0.0017514366666666677,0.0017803566666666649,0.0017900933333333331,0.001818083333333332
0.576,0.001167,0.001201,0.00124,0.001283,0.001361,0.001401,0.001436,0.001475,0.001515,0.00159,0.001622,0.001654,0.00172,0.001745,0.001768,0.001758,0.001792,0.001745743333333333,0.0017699566666666614,0.0017604333333333289,0.0017979466666666717
0.58,0.001165,0.001199,0.001238,0.001281,0.001358,0.001398,0.001433,0.001473,0.001512,0.001586,0.001619,0.001651,0.001716,0.001742,0.001764,0.001754,0.001788,0.0017443666666666728,0.0017685233333333283,0.0017654966666666612,0.00179927333333334
0.584,0.001163,0.001197,0.001236,0.001278,0.001355,0.001395,0.00143,0.001469,0.001509,0.001583,0.001615,0.001647,0.001713,0.001738,0.001761,0.00175,0.001784,0.0017384033333333396,0.0017614333333333405,0.0017470566666666588,0.0017870933333333375
0.588,0.001162,0.001195,0.001234,0.001276,0.001353,0.001393,0.001427,0.001466,0.001506,0.00158,0.001612,0.001644,0.001709,0.001734,0.001757,0.001747,0.00178,0.0017360500000000061,0.0017602100000000058,0.001754903333333333,0.0017850600000000024
0.592,0.00116,0.001193,0.001232,0.001274,0.00135,0.00139,0.001425,0.001463,0.001503,0.001577,0.001609,0.001641,0.001706,0.001731,0.001753,0.001743,0.001776,0.0017312566666666635,0.0017540933333333349,0.0017426199999999981,0.0017763299999999996
0.596,0.001159,0.001191,0.00123,0.001272,0.001348,0.001387,0.001422,0.00146,0.0015,0.001574,0.001606,0.001637,0.001702,0.001727,0.00175,0.001739,0.001772,0.0017281033333333292,0.0017512966666666625,0.001741269999999998,0.0017746333333333308
0.6,0.001157,0.001189,0.001228,0.001269,0.001345,0.001384,0.001419,0.001457,0.001497,0.001571,0.001602,0.001634,0.001699,0.001724,0.001746,0.001736,0.001768,0.001724650000000002,0.0017472966666666752,0.0017372700000000034,0.0017695499999999945
0.604,0.001156,0.001188,0.001226,0.001267,0.001342,0.001381,0.001416,0.001455,0.001494,0.001568,0.001599,0.001631,0.001695,0.00172,0.001743,0.001732,0.001764,0.0017212166666666683,0.0017444100000000007,0.0017345300000000045,0.0017661366666666604
0.608,0.001154,0.001186,0.001223,0.001265,0.00134,0.001379,0.001413,0.001452,0.001491,0.001565,0.001596,0.001627,0.001692,0.001717,0.001739,0.001729,0.00176,0.0017182266666666735,0.0017417266666666653,0.0017347633333333287,0.0017642599999999967
0.612,0.001152,0.001184,0.001222,0.001263,0.001337,0.001376,0.001411,0.001449,0.001488,0.001562,0.001593,0.001624,0.001689,0.001713,0.001736,0.001726,0.001757,0.0017154866666666713,0.001739726666666668,0.0017343366666666674,0.0017631266666666705
0.616,0.001151,0.001182,0.00122,0.001261,0.001334,0.001373,0.001408,0.001446,0.001485,0.001559,0.00159,0.001621,0.001685,0.00171,0.001732,0.001723,0.001753,0.0017117199999999962,0.0017346800000000025,0.0017317566666666614,0.001758123333333336
0.62,0.001149,0.001181,0.001218,0.001258,0.001332,0.001371,0.001405,0.001444,0.001483,0.001556,0.001587,0.001619,0.001682,0.001707,0.001729,0.00172,0.001749,0.0017095600000000015,0.0017318933333333294,0.0017265533333333332,0.001755700000000001
0.624,0.001147,0.00118,0.001216,0.001256,0.00133,0.001368,0.001403,0.001441,0.00148,0.001554,0.001584,0.001616,0.001679,0.001703,0.001726,0.001717,0.001745,0.001703540000000003,0.0017264633333333342,0.0017152400000000052,0.0017461833333333328
0.628,0.001146,0.001179,0.001213,0.001254,0.001327,0.001366,0.0014,0.001438,0.001477,0.001551,0.001581,0.001612,0.001676,0.0017,0.001723,0.001714,0.001742,0.0017020766666666625,0.0017254733333333283,0.001718616666666664,0.0017461400000000052
0.632,0.001144,0.001177,0.001211,0.001251,0.001324,0.001363,0.001397,0.001436,0.001475,0.001548,0.001578,0.001609,0.001672,0.001697,0.001719,0.001711,0.001738,0.0016967466666666672,0.0017191933333333398,0.0017088266666666686,0.0017387166666666702
0.636,0.001142,0.001175,0.001209,0.001249,0.001322,0.00136,0.001395,0.001433,0.001472,0.001545,0.001575,0.001606,0.001669,0.001693,0.001716,0.001708,0.001735,0.0016932166666666674,0.0017158966666666671,0.0017053133333333292,0.0017359299999999947
0.64,0.001141,0.001173,0.001207,0.001247,0.001319,0.001358,0.001392,0.00143,0.00147,0.001542,0.001572,0.001603,0.001666,0.00169,0.001713,0.001705,0.001731,0.0016909966666666723,0.0017143100000000036,0.0017089466666666694,0.0017344899999999941
0.644,0.00114,0.001171,0.001205,0.001244,0.001317,0.001355,0.00139,0.001428,0.001467,0.001539,0.001569,0.0016,0.001663,0.001687,0.00171,0.001702,0.001727,0.0016887366666666652,0.0017118433333333301,0.0017050033333333295,0.0017312499999999945
0.648,0.001138,0.001169,0.001203,0.001242,0.001315,0.001353,0.001387,0.001425,0.001464,0.001536,0.001566,0.001597,0.00166,0.001684,0.001707,0.001699,0.001724,0.0016835666666666711,0.0017063966666666696,0.0016886100000000012,0.001723553333333334
0.652,0.001136,0.001167,0.0012,0.00124,0.001312,0.00135,0.001384,0.001422,0.001462,0.001533,0.001563,0.001594,0.001656,0.00168,0.001703,0.001696,0.00172,0.001680763333333337,0.0017039233333333377,0.0016938366666666598,0.0017217833333333361
0.656,0.001135,0.001165,0.001198,0.001237,0.00131,0.001347,0.001382,0.00142,0.001459,0.00153,0.00156,0.001591,0.001653,0.001677,0.0017,0.001693,0.001717,0.0016778533333333316,0.0017012066666666622,0.0016931666666666664,0.001719273333333341
0.66,0.001132,0.001163,0.001196,0.001235,0.001307,0.001345,0.001379,0.001417,0.001456,0.001528,0.001557,0.001588,0.00165,0.001674,0.001697,0.00169,0.001713,0.0016740333333333352,0.0016966266666666662,0.0016821100000000062,0.0017132600000000049
0.664,0.00113,0.001161,0.001194,0.001233,0.001304,0.001342,0.001376,0.001414,0.001454,0.001525,0.001554,0.001585,0.001647,0.001671,0.001694,0.001687,0.00171,0.0016710299999999952,0.0016938733333333252,0.0016825099999999997,0.0017104766666666622
0.668,0.001129,0.001159,0.001191,0.00123,0.001302,0.00134,0.001374,0.001412,0.001452,0.001522,0.001551,0.001582,0.001644,0.001668,0.001691,0.001684,0.001706,0.0016687400000000025,0.0016916466666666657,0.0016809400000000023,0.0017076599999999982
0.672,0.001127,0.001157,0.001189,0.001228,0.0013,0.001338,0.001372,0.00141,0.001449,0.00152,0.001548,0.001579,0.001641,0.001665,0.001688,0.001681,0.001703,0.0016662133333333418,0.0016894366666666712,0.0016830366666666621,0.0017054166666666695
0.676,0.001125,0.001155,0.001187,0.001226,0.001298,0.001335,0.001369,0.001408,0.001447,0.001517,0.001546,0.001577,0.001638,0.001662,0.001685,0.001679,0.0017,0.0016641833333333337,0.001687699999999999,0.0016836766666666603,0.0017065399999999953
0.68,0.001123,0.001153,0.001185,0.001224,0.001295,0.001333,0.001367,0.001406,0.001444,0.001514,0.001543,0.001574,0.001635,0.001659,0.001682,0.001676,0.001697,0.0016600333333333368,0.0016831400000000016,0.001676826666666672,0.0017006133333333313
0.684,0.001122,0.001151,0.001183,0.001222,0.001293,0.001331,0.001365,0.001403,0.001442,0.001512,0.001541,0.001572,0.001633,0.001656,0.001679,0.001674,0.001694,0.0016577999999999977,0.0016808199999999963,0.0016762266666666722,0.0016988699999999938
0.688,0.00112,0.001149,0.001181,0.00122,0.001291,0.001328,0.001363,0.001401,0.00144,0.00151,0.001538,0.001569,0.00163,0.001653,0.001676,0.001672,0.001692,0.0016545100000000038,0.001677373333333336,0.0016737266666666717,0.0016956233333333393
0.692,0.001118,0.001147,0.001179,0.001217,0.001289,0.001326,0.001361,0.001399,0.001438,0.001507,0.001536,0.001567,0.001628,0.001651,0.001673,0.00167,0.001689,0.0016517266666666714,0.001673899999999994,0.0016708500000000035,0.0016918099999999987
0.696,0.001116,0.001145,0.001177,0.001215,0.001287,0.001324,0.001359,0.001397,0.001436,0.001505,0.001534,0.001565,0.001625,0.001648,0.001671,0.001668,0.001687,0.0016495299999999956,0.0016726133333333257,0.0016688033333333338,0.0016910833333333298
0.7,0.001114,0.001143,0.001175,0.001213,0.001284,0.001322,0.001357,0.001396,0.001434,0.001503,0.001532,0.001563,0.001623,0.001646,0.001669,0.001667,0.001685,0.0016478099999999935,0.001671079999999991,0.00167081999999999,0.001690133333333331
0.704,0.001111,0.001141,0.001173,0.001211,0.001283,0.00132,0.001356,0.001394,0.001433,0.001502,0.00153,0.001561,0.001621,0.001644,0.001667,0.001667,0.001684,0.0016452966666666595,0.0016681699999999918,0.0016677399999999887,0.0016870200000000046
0.708,0.001109,0.001139,0.001171,0.001209,0.001281,0.001319,0.001354,0.001393,0.001431,0.0015,0.001528,0.001559,0.001619,0.001642,0.001665,0.001667,0.001682,0.0016440399999999938,0.0016670233333333437,0.0016709599999999887,0.0016874033333333387
0.712,0.001107,0.001137,0.001169,0.001207,0.001279,0.001317,0.001353,0.001391,0.00143,0.001499,0.001527,0.001558,0.001618,0.001641,0.001663,0.001667,0.001682,0.0016417366666666656,0.0016639300000000088,0.001669283333333322,0.0016847533333333386
0.716,0.001104,0.001135,0.001167,0.001206,0.001277,0.001316,0.001352,0.00139,0.001429,0.001498,0.001526,0.001557,0.001617,0.00164,0.001662,0.001669,0.001682,0.0016400966666666604,0.001662060000000002,0.001669246666666658,0.0016831200000000045
0.72,0.001102,0.001133,0.001166,0.001204,0.001276,0.001314,0.001351,0.00139,0.001429,0.001497,0.001525,0.001556,0.001616,0.001639,0.001661,0.001671,0.001682,0.0016391533333333331,0.0016610900000000083,0.0016690866666666615,0.0016826833333333365
0.724,0.0011,0.001131,0.001164,0.001203,0.001275,0.001313,0.00135,0.001389,0.001428,0.001496,0.001524,0.001556,0.001616,0.001639,0.001661,0.001674,0.001683,0.001639803333333334,0.0016618933333333427,0.0016736633333333372,0.0016852266666666626
0.728,0.001098,0.001129,0.001162,0.001201,0.001273,0.001312,0.00135,0.001389,0.001428,0.001496,0.001524,0.001556,0.001616,0.001639,0.001661,0.001678,0.001685,0.0016401433333333324,0.0016621100000000079,0.0016776933333333389,0.0016872533333333317
0.732,0.001095,0.001127,0.001161,0.0012,0.001272,0.001312,0.00135,0.001389,0.001429,0.001496,0.001524,0.001557,0.001616,0.00164,0.001662,0.001683,0.001688,0.0016408266666666609,0.0016628100000000022,0.0016831066666666624,0.001690020000000008
0.736,0.001093,0.001126,0.00116,0.001199,0.001272,0.001312,0.001351,0.00139,0.00143,0.001497,0.001525,0.001558,0.001617,0.001641,0.001663,0.001691,0.001692,0.001641953333333335,0.0016638766666666762,0.001690639999999997,0.001693810000000009
0.74,0.001091,0.001124,0.00116,0.001198,0.001271,0.001312,0.001352,0.001392,0.001432,0.001498,0.001527,0.00156,0.001619,0.001643,0.001665,0.0017,0.001698,0.0016438766666666705,0.0016657666666666782,0.0016999033333333273,0.001699566666666662
0.744,0.001089,0.001123,0.001159,0.001198,0.001271,0.001313,0.001353,0.001394,0.001435,0.0015,0.001529,0.001563,0.001622,0.001647,0.001668,0.001711,0.001705,0.0016477266666666728,0.0016690966666666714,0.0017112166666666698,0.001706603333333336
0.748,0.001087,0.001123,0.001159,0.001198,0.001272,0.001314,0.001356,0.001397,0.001438,0.001503,0.001532,0.001566,0.001625,0.001651,0.001672,0.001724,0.001714,0.0016517900000000084,0.0016729933333333369,0.0017230166666666695,0.0017149699999999969
0.752,0.001085,0.001122,0.00116,0.001199,0.001272,0.001316,0.001359,0.001401,0.001442,0.001507,0.001536,0.001571,0.00163,0.001657,0.001677,0.00174,0.001725,0.0016580833333333397,0.0016787933333333312,0.0017393266666666718,0.0017278133333333253
0.756,0.001084,0.001123,0.001161,0.001199,0.001274,0.001319,0.001363,0.001406,0.001448,0.001511,0.001541,0.001578,0.001636,0.001664,0.001684,0.001759,0.001739,0.0016642966666666674,0.001684656666666671,0.0017548400000000032,0.0017388199999999973
0.76,0.001083,0.001123,0.001163,0.001201,0.001276,0.001323,0.001368,0.001412,0.001455,0.001517,0.001547,0.001585,0.001644,0.001672,0.001693,0.001781,0.001755,0.00167204666666667,0.0016930233333333352,0.0017737333333333295,0.0017536900000000018
0.764,0.001082,0.001124,0.001165,0.001203,0.001279,0.001327,0.001374,0.001419,0.001463,0.001524,0.001555,0.001594,0.001653,0.001683,0.001703,0.001805,0.001774,0.0016811933333333296,0.0017019433333333386,0.0017905466666666633,0.0017688666666666694
0.768,0.001081,0.001125,0.001168,0.001206,0.001282,0.001332,0.001381,0.001428,0.001473,0.001533,0.001564,0.001605,0.001664,0.001695,0.001716,0.001834,0.001796,0.0016925999999999996,0.0017141633333333322,0.001815616666666667,0.0017883933333333393
0.772,0.001081,0.001127,0.001172,0.001209,0.001287,0.001339,0.00139,0.001439,0.001484,0.001543,0.001575,0.001619,0.001677,0.00171,0.001731,0.001866,0.001821,0.001705796666666662,0.0017276433333333315,0.0018332633333333315,0.0018076500000000022
0.776,0.001081,0.00113,0.001176,0.001213,0.001292,0.001346,0.0014,0.00145,0.001498,0.001554,0.001587,0.001634,0.001692,0.001727,0.001748,0.001903,0.00185,0.001730249999999995,0.0017550500000000073,0.0018868599999999943,0.0018482233333333394
0.78,0.001081,0.001133,0.001181,0.001218,0.001298,0.001354,0.001412,0.001464,0.001512,0.001568,0.001601,0.00165,0.001709,0.001746,0.001767,0.001942,0.001882,0.0017449333333333394,0.0017680533333333374,0.0019022166666666654,0.0018660833333333344
0.784,0.001081,0.001136,0.001186,0.001223,0.001304,0.001363,0.001424,0.001478,0.001528,0.001582,0.001616,0.001669,0.001727,0.001767,0.001788,0.001985,0.001916,0.0017702466666666705,0.001800053333333339,0.001958093333333337,0.001916689999999995
0.788,0.001081,0.001139,0.001191,0.001228,0.00131,0.001372,0.001437,0.001494,0.001545,0.001598,0.001633,0.001689,0.001747,0.001789,0.001812,0.002029,0.001953,0.0017894499999999984,0.0018208233333333308,0.0020043799999999957,0.0019493299999999954
0.792,0.001082,0.001142,0.001196,0.001233,0.001317,0.001382,0.00145,0.00151,0.001563,0.001614,0.001651,0.00171,0.001768,0.001813,0.001837,0.002077,0.001992,0.0018153466666666692,0.0018509799999999936,0.0020533966666666653,0.0019937199999999957
0.796,0.001082,0.001145,0.001202,0.001239,0.001324,0.001391,0.001464,0.001526,0.001582,0.001632,0.001669,0.001732,0.00179,0.001838,0.001864,0.002125,0.002033,0.0018374200000000043,0.001873379999999992,0.002094910000000002,0.00202711333333333
0.8,0.001083,0.001147,0.001206,0.001244,0.00133,0.001401,0.001478,0.001542,0.0016,0.00165,0.001687,0.001754,0.001813,0.001865,0.001893,0.002175,0.002075,0.0018673800000000025,0.0019090533333333303,0.002164463333333335,0.002083070000000001
0.804,0.001083,0.001149,0.00121,0.001248,0.001337,0.001409,0.001491,0.001558,0.001619,0.001668,0.001706,0.001776,0.001836,0.001891,0.001923,0.002224,0.002117,0.00189441999999999,0.001931883333333337,0.002212090000000004,0.002116100000000001
0.808,0.001083,0.001151,0.001214,0.001252,0.001342,0.001417,0.001503,0.001573,0.001636,0.001686,0.001723,0.001798,0.001859,0.001918,0.001952,0.002272,0.002159,0.0019210966666666574,0.001962299999999999,0.0022626333333333427,0.0021588800000000054
0.812,0.001083,0.001152,0.001216,0.001255,0.001347,0.001424,0.001514,0.001587,0.001653,0.001702,0.00174,0.001818,0.001881,0.001943,0.001982,0.002318,0.002199,0.001940913333333328,0.001987153333333333,0.00229551666666667,0.0021894099999999962
0.816,0.001082,0.001152,0.001217,0.001257,0.001351,0.001429,0.001523,0.001598,0.001667,0.001717,0.001755,0.001837,0.001902,0.001967,0.00201,0.002361,0.002237,0.0019647200000000044,0.002012136666666668,0.0023418833333333257,0.0022278366666666698
0.82,0.001082,0.001151,0.001217,0.001258,0.001353,0.001432,0.001529,0.001607,0.001679,0.00173,0.001768,0.001854,0.00192,0.001989,0.002037,0.0024,0.002272,0.0019924666666666755,0.00204444,0.002399489999999997,0.0022754466666666763
0.824,0.00108,0.001149,0.001215,0.001257,0.001355,0.001434,0.001534,0.001614,0.001688,0.001741,0.001779,0.001868,0.001936,0.002008,0.002062,0.002434,0.002303,0.0020130533333333413,0.002071220000000001,0.002440366666666676,0.002310716666666679
0.828,0.001079,0.001147,0.001213,0.001256,0.001355,0.001434,0.001536,0.001618,0.001695,0.00175,0.001787,0.001879,0.001949,0.002024,0.002084,0.002464,0.00233,0.002026063333333344,0.0020888066666666584,0.002466446666666676,0.0023336000000000125
0.832,0.001078,0.001145,0.00121,0.001254,0.001354,0.001432,0.001537,0.00162,0.001699,0.001756,0.001793,0.001887,0.001959,0.002037,0.002103,0.002488,0.002353,0.0020389100000000027,0.002108173333333333,0.002491656666666671,0.0023570533333333427
0.836,0.001077,0.001142,0.001207,0.001252,0.001352,0.00143,0.001536,0.001619,0.0017,0.00176,0.001796,0.001892,0.001967,0.002047,0.00212,0.002508,0.002371,0.002046990000000008,0.002121490000000006,0.0025029799999999915,0.00236924333333334
0.84,0.001076,0.001139,0.001203,0.001249,0.00135,0.001426,0.001532,0.001617,0.001698,0.001762,0.001796,0.001894,0.001971,0.002053,0.002133,0.002521,0.002384,0.0020512533333333378,0.002130423333333339,0.002512143333333327,0.0023782866666666766
0.844,0.001075,0.001136,0.0012,0.001246,0.001347,0.001421,0.001528,0.001612,0.001694,0.001761,0.001794,0.001893,0.001973,0.002055,0.002142,0.002528,0.002392,0.0020538999999999987,0.0021392366666666616,0.002521783333333322,0.0023875299999999936
0.848,0.001074,0.001134,0.001196,0.001242,0.001344,0.001416,0.001522,0.001606,0.001689,0.001757,0.001791,0.001889,0.001971,0.002055,0.002147,0.00253,0.002396,0.0020534533333333316,0.0021447600000000042,0.002524966666666665,0.002391923333333327
0.852,0.001073,0.001131,0.001192,0.001239,0.00134,0.00141,0.001515,0.001598,0.001681,0.001753,0.001785,0.001883,0.001967,0.002051,0.002149,0.002527,0.002394,0.0020481900000000096,0.002145320000000001,0.0025164366666666597,0.002386616666666668
0.856,0.001072,0.001129,0.001189,0.001236,0.001337,0.001405,0.001508,0.00159,0.001673,0.001746,0.001778,0.001875,0.001961,0.002044,0.002147,0.002519,0.002388,0.002041176666666672,0.0021423466666666722,0.0025065766666666762,0.0023792266666666597
0.86,0.001071,0.001127,0.001185,0.001233,0.001334,0.0014,0.001501,0.001581,0.001663,0.001739,0.00177,0.001866,0.001953,0.002035,0.002143,0.002507,0.002379,0.0020308766666666746,0.0021366733333333366,0.002493550000000008,0.0023685166666666726
0.864,0.001071,0.001125,0.001183,0.001231,0.001331,0.001395,0.001493,0.001573,0.001653,0.001732,0.001762,0.001855,0.001943,0.002024,0.002135,0.002491,0.002365,0.002019593333333344,0.0021277733333333313,0.002475340000000009,0.0023532066666666625
0.868,0.001071,0.001123,0.00118,0.001228,0.001328,0.00139,0.001486,0.001564,0.001643,0.001724,0.001754,0.001844,0.001933,0.002012,0.002126,0.002472,0.002349,0.002008323333333338,0.002117699999999997,0.0024486566666666663,0.002333233333333339
0.872,0.001071,0.001122,0.001178,0.001226,0.001325,0.001386,0.001479,0.001556,0.001634,0.001716,0.001746,0.001833,0.001922,0.001999,0.002114,0.002451,0.002331,0.0019967066666666576,0.0021058133333333303,0.0024266899999999918,0.0023152933333333314
0.876,0.001071,0.001121,0.001177,0.001225,0.001323,0.001382,0.001473,0.001548,0.001624,0.001708,0.001737,0.001822,0.001911,0.001986,0.002101,0.002428,0.002312,0.001982703333333331,0.0020937966666666717,0.002411236666666663,0.0023004399999999913
0.88,0.001072,0.001121,0.001175,0.001223,0.001322,0.001378,0.001467,0.00154,0.001615,0.0017,0.001729,0.001811,0.0019,0.001972,0.002087,0.002403,0.002292,0.0019682066666666573,0.0020788899999999956,0.002386600000000004,0.0022796666666666603
0.884,0.001072,0.00112,0.001174,0.001222,0.00132,0.001375,0.001461,0.001533,0.001607,0.001692,0.001722,0.0018,0.00189,0.001959,0.002072,0.002378,0.00227,0.0019556333333333306,0.0020644166666666636,0.0023652533333333317,0.002260083333333327
0.888,0.001073,0.00112,0.001173,0.001221,0.001319,0.001373,0.001456,0.001526,0.001598,0.001685,0.001715,0.00179,0.001879,0.001946,0.002057,0.002352,0.002249,0.001940766666666669,0.0020486999999999897,0.002338100000000008,0.002238063333333325
0.892,0.001073,0.00112,0.001172,0.00122,0.001317,0.00137,0.001451,0.00152,0.001591,0.001678,0.001708,0.001781,0.001869,0.001933,0.002041,0.002327,0.002228,0.0019307966666666676,0.0020353533333333294,0.002317416666666669,0.0022203866666666667
0.896,0.001074,0.00112,0.001171,0.00122,0.001316,0.001368,0.001447,0.001515,0.001583,0.001671,0.001702,0.001772,0.00186,0.001921,0.002026,0.002302,0.002208,0.0019195100000000006,0.0020220899999999955,0.002293456666666676,0.0022019533333333266
0.9,0.001075,0.00112,0.001171,0.00122,0.001315,0.001366,0.001443,0.00151,0.001576,0.001665,0.001697,0.001764,0.001851,0.00191,0.002012,0.002278,0.002188,0.0019087133333333373,0.0020064866666666746,0.0022668599999999994,0.002180316666666667
0.904,0.001076,0.001121,0.001171,0.00122,0.001315,0.001365,0.001439,0.001505,0.00157,0.001659,0.001691,0.001756,0.001843,0.0019,0.001998,0.002254,0.00217,0.001898850000000006,0.0019939366666666745,0.0022456899999999916,0.0021639566666666697
0.908,0.001078,0.001122,0.001172,0.00122,0.001314,0.001364,0.001436,0.0015,0.001564,0.001654,0.001687,0.001749,0.001836,0.00189,0.001985,0.002231,0.002152,0.0018882999999999988,0.001978073333333338,0.0022161266666666625,0.0021412733333333344
0.912,0.001079,0.001123,0.001172,0.00122,0.001314,0.001362,0.001433,0.001496,0.001559,0.001648,0.001682,0.001742,0.001829,0.001881,0.001973,0.002209,0.002135,0.0018797233333333414,0.0019702266666666675,0.0022021566666666726,0.002131033333333331
0.916,0.00108,0.001124,0.001173,0.001221,0.001314,0.001361,0.001431,0.001492,0.001554,0.001644,0.001677,0.001735,0.001822,0.001873,0.001961,0.002187,0.002119,0.0018726700000000086,0.001959086666666661,0.002179183333333339,0.00211446666666666
0.92,0.001082,0.001126,0.001174,0.001221,0.001314,0.001361,0.001428,0.001489,0.001549,0.001639,0.001673,0.00173,0.001815,0.001865,0.001949,0.002167,0.002104,0.001863073333333337,0.0019443666666666614,0.00215574,0.00209729333333333
0.924,0.001084,0.001127,0.001175,0.001222,0.001314,0.00136,0.001426,0.001486,0.001545,0.001635,0.001669,0.001724,0.001809,0.001857,0.001939,0.002148,0.00209,0.0018554033333333334,0.0019339933333333411,0.002134890000000003,0.0020823899999999995
0.928,0.001086,0.001129,0.001176,0.001223,0.001314,0.00136,0.001424,0.001483,0.001541,0.001631,0.001666,0.001719,0.001803,0.00185,0.001929,0.002129,0.002077,0.0018498933333333382,0.0019254400000000005,0.0021143633333333346,0.0020683633333333316
0.932,0.001089,0.00113,0.001177,0.001224,0.001315,0.00136,0.001423,0.001481,0.001537,0.001627,0.001662,0.001714,0.001798,0.001843,0.001919,0.002111,0.002064,0.001843393333333333,0.0019173000000000013,0.0021034366666666604,0.0020594399999999996
0.936,0.001091,0.001132,0.001178,0.001225,0.001316,0.00136,0.001422,0.001478,0.001534,0.001624,0.001658,0.001709,0.001792,0.001837,0.00191,0.002094,0.002051,0.0018365066666666625,0.001906603333333335,0.002083993333333337,0.0020444066666666753
0.94,0.001093,0.001134,0.00118,0.001226,0.001316,0.00136,0.001421,0.001476,0.001531,0.00162,0.001655,0.001705,0.001787,0.001831,0.001902,0.002078,0.00204,0.0018323700000000083,0.001900986666666666,0.0020703466666666765,0.0020362033333333326
0.944,0.001096,0.001136,0.001181,0.001228,0.001317,0.001361,0.00142,0.001474,0.001528,0.001617,0.001652,0.0017,0.001783,0.001825,0.001894,0.002062,0.002029,0.0018256933333333383,0.0018937700000000006,0.002058466666666674,0.0020282666666666615
0.948,0.001098,0.001138,0.001183,0.001229,0.001318,0.001362,0.001419,0.001473,0.001525,0.001614,0.001649,0.001696,0.001778,0.001819,0.001886,0.002047,0.002018,0.0018189166666666694,0.0018827366666666697,0.0020406200000000073,0.002012873333333331
0.952,0.001101,0.001141,0.001185,0.001231,0.001319,0.001362,0.001418,0.001471,0.001523,0.001611,0.001646,0.001693,0.001773,0.001814,0.001879,0.002032,0.002007,0.0018144166666666627,0.0018768166666666686,0.0020284133333333338,0.002003923333333328
0.956,0.001104,0.001143,0.001187,0.001233,0.00132,0.001363,0.001418,0.00147,0.001521,0.001608,0.001643,0.001689,0.001769,0.001809,0.001872,0.002018,0.001997,0.0018091166666666665,0.0018699866666666623,0.002014843333333333,0.0019955533333333403
0.96,0.001106,0.001145,0.001189,0.001234,0.001322,0.001364,0.001418,0.001469,0.001519,0.001606,0.001641,0.001686,0.001765,0.001804,0.001866,0.002005,0.001987,0.0018050233333333405,0.00186435333333333,0.0019980699999999976,0.0019833466666666667
0.964,0.001109,0.001148,0.001191,0.001236,0.001323,0.001365,0.001418,0.001468,0.001517,0.001604,0.001638,0.001682,0.001761,0.0018,0.00186,0.001992,0.001978,0.0018012233333333401,0.001859213333333326,0.001987893333333329,0.0019756133333333316
0.968,0.001112,0.00115,0.001193,0.001238,0.001324,0.001366,0.001418,0.001467,0.001516,0.001602,0.001636,0.001679,0.001757,0.001795,0.001854,0.00198,0.001968,0.0017954799999999967,0.001853016666666671,0.001978149999999995,0.0019666200000000023
0.972,0.001115,0.001153,0.001196,0.00124,0.001326,0.001367,0.001418,0.001467,0.001515,0.0016,0.001634,0.001677,0.001753,0.001791,0.001848,0.001969,0.00196,0.0017905466666666581,0.0018464500000000025,0.001965403333333333,0.001956840000000001
0.976,0.001118,0.001156,0.001198,0.001243,0.001328,0.001369,0.001418,0.001467,0.001514,0.001598,0.001632,0.001674,0.00175,0.001787,0.001843,0.001958,0.001951,0.0017880299999999934,0.0018423833333333335,0.001956850000000003,0.0019497733333333326
0.98,0.001121,0.001158,0.001201,0.001245,0.001329,0.00137,0.001419,0.001466,0.001513,0.001596,0.00163,0.001672,0.001747,0.001783,0.001838,0.001947,0.001943,0.0017841166666666601,0.0018376733333333368,0.0019472933333333315,0.00194290333333333
0.984,0.001124,0.001161,0.001203,0.001247,0.001331,0.001372,0.00142,0.001466,0.001512,0.001595,0.001629,0.00167,0.001744,0.00178,0.001834,0.001937,0.001935,0.0017808366666666664,0.0018339300000000036,0.001937956666666671,0.0019365233333333424
0.988,0.001127,0.001164,0.001206,0.00125,0.001333,0.001373,0.00142,0.001467,0.001512,0.001594,0.001627,0.001668,0.001741,0.001777,0.001829,0.001928,0.001927,0.0017761866666666615,0.0018273933333333389,0.001923486666666669,0.0019229433333333404
0.992,0.00113,0.001167,0.001209,0.001252,0.001335,0.001375,0.001421,0.001467,0.001512,0.001593,0.001626,0.001666,0.001739,0.001773,0.001825,0.001919,0.00192,0.0017739466666666715,0.0018255466666666712,0.001919803333333336,0.0019207166666666674
0.996,0.001133,0.00117,0.001211,0.001255,0.001337,0.001377,0.001423,0.001467,0.001511,0.001592,0.001625,0.001664,0.001736,0.001771,0.001821,0.00191,0.001913,0.001770973333333338,0.001820676666666667,0.0019078733333333356,0.0019108400000000022
1.0,0.001136,0.001173,0.001214,0.001257,0.00134,0.001379,0.001424,0.001468,0.001511,0.001591,0.001624,0.001663,0.001734,0.001768,0.001818,0.001902,0.001906,0.0017682433333333321,0.0018170533333333261,0.001900406666666665,0.001904166666666666
1.004,0.001139,0.001176,0.001217,0.00126,0.001342,0.001381,0.001425,0.001469,0.001512,0.001591,0.001624,0.001662,0.001732,0.001765,0.001814,0.001895,0.001899,0.0017655000000000043,0.0018134933333333282,0.0018935166666666607,0.0018976966666666617
1.008,0.001142,0.001179,0.00122,0.001263,0.001344,0.001383,0.001426,0.00147,0.001512,0.00159,0.001623,0.001661,0.001731,0.001763,0.001811,0.001887,0.001893,0.001763273333333336,0.001810500000000001,0.0018853166666666712,0.0018914766666666646
1.012,0.001146,0.001182,0.001223,0.001265,0.001346,0.001385,0.001428,0.001471,0.001513,0.00159,0.001623,0.00166,0.001729,0.001761,0.001808,0.001881,0.001887,0.0017612833333333399,0.0018076066666666616,0.001878706666666672,0.0018857600000000048
1.016,0.001149,0.001185,0.001226,0.001268,0.001349,0.001387,0.00143,0.001472,0.001513,0.00159,0.001623,0.001659,0.001728,0.001759,0.001805,0.001874,0.001882,0.0017588400000000046,0.0018044833333333325,0.001872119999999996,0.0018807233333333335
1.02,0.001152,0.001189,0.001229,0.001271,0.001351,0.00139,0.001432,0.001473,0.001514,0.001591,0.001623,0.001659,0.001727,0.001757,0.001802,0.001868,0.001876,0.0017572433333333368,0.0018018733333333395,0.001866423333333325,0.0018751999999999955
1.024,0.001155,0.001192,0.001232,0.001274,0.001354,0.001392,0.001434,0.001475,0.001515,0.001591,0.001623,0.001659,0.001726,0.001756,0.0018,0.001862,0.001871,0.0017560833333333291,0.0017996666666666764,0.0018603033333333262,0.0018702199999999995
1.028,0.001159,0.001195,0.001236,0.001277,0.001357,0.001395,0.001436,0.001477,0.001517,0.001591,0.001623,0.001659,0.001725,0.001755,0.001798,0.001857,0.001866,0.001755143333333333,0.00179719333333334,0.0018536233333333314,0.0018640866666666648
1.032,0.001162,0.001199,0.001239,0.00128,0.00136,0.001397,0.001438,0.001478,0.001518,0.001592,0.001624,0.001659,0.001724,0.001754,0.001796,0.001852,0.001861,0.0017537999999999961,0.0017939633333333407,0.0018428700000000027,0.0018559100000000005
1.036,0.001166,0.001202,0.001242,0.001283,0.001363,0.0014,0.00144,0.00148,0.00152,0.001593,0.001625,0.001659,0.001724,0.001753,0.001794,0.001848,0.001857,0.001752473333333335,0.0017905000000000026,0.001832183333333335,0.0018475566666666654
1.04,0.001169,0.001206,0.001246,0.001287,0.001366,0.001403,0.001443,0.001482,0.001521,0.001594,0.001626,0.00166,0.001724,0.001753,0.001793,0.001844,0.001853,0.001753213333333337,0.0017897499999999973,0.001828880000000002,0.001843443333333329
1.044,0.001173,0.001209,0.001249,0.00129,0.001369,0.001406,0.001445,0.001485,0.001523,0.001596,0.001627,0.001661,0.001725,0.001753,0.001791,0.00184,0.001849,0.001753506666666671,0.0017877399999999947,0.0018215299999999998,0.001837919999999994
1.048,0.001177,0.001213,0.001253,0.001294,0.001372,0.001409,0.001448,0.001487,0.001525,0.001597,0.001629,0.001662,0.001725,0.001753,0.00179,0.001836,0.001846,0.0017542566666666711,0.001788963333333337,0.001824999999999997,0.0018407933333333334
1.052,0.00118,0.001217,0.001257,0.001298,0.001376,0.001412,0.001451,0.00149,0.001528,0.001599,0.00163,0.001664,0.001726,0.001753,0.00179,0.001833,0.001843,0.0017544233333333362,0.0017899500000000041,0.001829319999999991,0.0018425499999999988
1.056,0.001184,0.001221,0.001261,0.001301,0.001379,0.001415,0.001454,0.001493,0.00153,0.001601,0.001632,0.001665,0.001727,0.001754,0.001789,0.00183,0.00184,0.0017553966666666646,0.0017898200000000006,0.0018266999999999962,0.0018395699999999994
1.06,0.001188,0.001225,0.001265,0.001305,0.001383,0.001419,0.001457,0.001496,0.001533,0.001604,0.001635,0.001667,0.001729,0.001755,0.001789,0.001828,0.001838,0.0017561033333333353,0.0017892533333333327,0.0018217666666666694,0.001836816666666669
1.064,0.001193,0.001229,0.001269,0.001309,0.001387,0.001423,0.001461,0.001499,0.001536,0.001607,0.001637,0.001669,0.00173,0.001757,0.00179,0.001827,0.001837,0.0017583966666666702,0.0017905033333333383,0.0018215033333333405,0.0018376699999999935
1.068,0.001197,0.001234,0.001274,0.001314,0.001391,0.001427,0.001465,0.001503,0.00154,0.00161,0.00164,0.001672,0.001733,0.001758,0.00179,0.001826,0.001836,0.001761153333333331,0.0017924400000000036,0.0018230533333333326,0.0018398299999999963
1.072,0.001202,0.001238,0.001279,0.001318,0.001395,0.001431,0.001469,0.001507,0.001543,0.001613,0.001643,0.001675,0.001735,0.00176,0.001792,0.001825,0.001835,0.0017625833333333295,0.0017951633333333364,0.00182225666666667,0.0018413233333333268
1.076,0.001206,0.001243,0.001284,0.001323,0.0014,0.001436,0.001474,0.001511,0.001548,0.001617,0.001647,0.001679,0.001738,0.001763,0.001793,0.001825,0.001835,0.0017656566666666659,0.0017976066666666665,0.0018264900000000029,0.0018444433333333274
1.08,0.001211,0.001248,0.001289,0.001328,0.001405,0.001441,0.001479,0.001516,0.001552,0.001621,0.001651,0.001683,0.001741,0.001766,0.001796,0.001826,0.001836,0.0017692366666666641,0.0018025400000000055,0.0018357866666666644,0.0018521699999999974
1.084,0.001217,0.001254,0.001294,0.001334,0.001411,0.001446,0.001484,0.001521,0.001557,0.001626,0.001656,0.001687,0.001745,0.00177,0.001799,0.001827,0.001837,0.001776006666666666,0.001817309999999999,0.0018581966666666738,0.0018752599999999923
1.088,0.001222,0.00126,0.0013,0.00134,0.001417,0.001452,0.001489,0.001527,0.001563,0.001631,0.001661,0.001692,0.00175,0.001774,0.001802,0.00183,0.001839,0.001778410000000001,0.0018119633333333388,0.0018498733333333335,0.001861436666666663
1.092,0.001228,0.001266,0.001307,0.001346,0.001423,0.001458,0.001496,0.001533,0.001569,0.001637,0.001667,0.001698,0.001755,0.001779,0.001806,0.001832,0.001842,0.0017827299999999928,0.0018118366666666592,0.0018419633333333295,0.0018489466666666706
1.096,0.001234,0.001272,0.001313,0.001353,0.001429,0.001465,0.001502,0.001539,0.001575,0.001643,0.001673,0.001703,0.00176,0.001784,0.00181,0.001836,0.001845,0.0017881166666666678,0.0018154833333333257,0.0018419699999999983,0.0018508133333333305
1.1,0.001241,0.001279,0.001321,0.00136,0.001437,0.001472,0.00151,0.001547,0.001582,0.00165,0.00168,0.00171,0.001767,0.00179,0.001816,0.00184,0.001849,0.0017971300000000036,0.0018231499999999989,0.0018463666666666666,0.0018612733333333302
1.104,0.001248,0.001287,0.001328,0.001367,0.001445,0.00148,0.001518,0.001554,0.00159,0.001657,0.001687,0.001718,0.001773,0.001796,0.001821,0.001845,0.001854,0.0018014366666666733,0.001826963333333335,0.0018488866666666625,0.0018631900000000068
1.108,0.001256,0.001294,0.001336,0.001376,0.001453,0.001488,0.001526,0.001563,0.001598,0.001665,0.001695,0.001726,0.001781,0.001804,0.001828,0.001851,0.001859,0.0018108466666666755,0.0018365433333333366,0.0018609000000000002,0.0018708733333333383
1.112,0.001264,0.001303,0.001345,0.001385,0.001463,0.001498,0.001536,0.001572,0.001607,0.001675,0.001705,0.001735,0.00179,0.001812,0.001836,0.001858,0.001866,0.001820676666666664,0.001845469999999999,0.0018678166666666765,0.0018802266666666653
1.116,0.001272,0.001312,0.001355,0.001394,0.001473,0.001508,0.001546,0.001582,0.001617,0.001685,0.001715,0.001745,0.001799,0.001821,0.001844,0.001866,0.001873,0.0018334433333333355,0.0018599733333333358,0.0018915600000000013,0.0018942966666666723
1.12,0.001281,0.001321,0.001365,0.001404,0.001483,0.001518,0.001557,0.001593,0.001628,0.001696,0.001726,0.001756,0.001809,0.001831,0.001854,0.001875,0.001882,0.001843130000000009,0.0018699600000000075,0.0018960600000000002,0.0018990800000000022
1.124,0.001291,0.001332,0.001376,0.001415,0.001495,0.00153,0.001569,0.001605,0.00164,0.001708,0.001738,0.001768,0.001821,0.001843,0.001865,0.001885,0.001891,0.0018519000000000003,0.0018774966666666693,0.0019069966666666756,0.0019061033333333255
1.128,0.001301,0.001342,0.001387,0.001427,0.001507,0.001543,0.001582,0.001618,0.001653,0.001721,0.001751,0.001781,0.001833,0.001855,0.001876,0.001896,0.001902,0.0018639266666666684,0.0018893066666666632,0.0019187033333333385,0.0019182766666666655
1.132,0.001311,0.001354,0.001399,0.001439,0.00152,0.001556,0.001595,0.001632,0.001667,0.001735,0.001765,0.001795,0.001847,0.001868,0.001889,0.001909,0.001914,0.001879539999999995,0.0019063533333333283,0.0019412000000000014,0.0019372233333333378
1.136,0.001322,0.001366,0.001412,0.001452,0.001534,0.00157,0.00161,0.001647,0.001681,0.00175,0.00178,0.00181,0.001862,0.001882,0.001903,0.001922,0.001926,0.0018934300000000009,0.0019211166666666612,0.001954349999999996,0.0019491999999999953
1.14,0.001334,0.001378,0.001425,0.001466,0.001549,0.001585,0.001626,0.001662,0.001697,0.001766,0.001796,0.001826,0.001877,0.001898,0.001918,0.001937,0.00194,0.0019064233333333342,0.0019335166666666584,0.0019635233333333358,0.0019630100000000037
1.144,0.001346,0.001391,0.001439,0.00148,0.001564,0.001601,0.001642,0.001679,0.001714,0.001783,0.001813,0.001843,0.001894,0.001914,0.001934,0.001952,0.001955,0.0019243833333333397,0.0019507999999999952,0.001975826666666667,0.0019824900000000004
1.148,0.001358,0.001404,0.001453,0.001495,0.00158,0.001618,0.001659,0.001696,0.001731,0.001801,0.001831,0.001861,0.001911,0.001932,0.001951,0.001969,0.001972,0.0019445600000000012,0.001968856666666665,0.0019864833333333325,0.001995159999999991
1.152,0.001371,0.001418,0.001468,0.00151,0.001596,0.001635,0.001677,0.001714,0.00175,0.00182,0.001851,0.00188,0.00193,0.001951,0.001969,0.001987,0.001989,0.0019641699999999995,0.0019868366666666647,0.0020032099999999996,0.0020111066666666723
1.156,0.001384,0.001432,0.001483,0.001526,0.001613,0.001652,0.001695,0.001733,0.001769,0.00184,0.00187,0.0019,0.00195,0.00197,0.001988,0.002007,0.002007,0.0019839166666666772,0.00200817333333333,0.0020303899999999943,0.0020318399999999944
1.16,0.001397,0.001447,0.001498,0.001542,0.001631,0.001671,0.001715,0.001752,0.001789,0.00186,0.001891,0.001921,0.00197,0.001991,0.002008,0.002027,0.002027,0.0020035466666666686,0.0020265133333333377,0.002049496666666667,0.0020524233333333347
1.164,0.001411,0.001461,0.001514,0.001558,0.001649,0.001689,0.001734,0.001772,0.001809,0.001881,0.001912,0.001942,0.001991,0.002011,0.002029,0.002048,0.002047,0.002024019999999998,0.0020507699999999956,0.0020786466666666715,0.0020769566666666737
1.168,0.001425,0.001476,0.001529,0.001575,0.001667,0.001709,0.001754,0.001793,0.00183,0.001903,0.001934,0.001964,0.002013,0.002033,0.00205,0.00207,0.002068,0.002050769999999996,0.0020737999999999985,0.002099523333333339,0.0021039366666666622
1.172,0.001439,0.001491,0.001545,0.001591,0.001686,0.001728,0.001774,0.001814,0.001851,0.001925,0.001956,0.001987,0.002035,0.002055,0.002072,0.002092,0.00209,0.00206682333333333,0.002090499999999999,0.0021222033333333297,0.002126186666666667
1.176,0.001454,0.001506,0.001562,0.001609,0.001705,0.001748,0.001795,0.001835,0.001872,0.001947,0.001978,0.00201,0.002058,0.002078,0.002095,0.002116,0.002112,0.0020929133333333415,0.0021134666666666633,0.00213897666666667,0.0021447533333333363
1.18,0.001468,0.001522,0.001579,0.001627,0.001725,0.001768,0.001816,0.001857,0.001895,0.00197,0.002002,0.002033,0.002081,0.002102,0.002118,0.00214,0.002136,0.0021170966666666713,0.002138729999999997,0.0021777266666666655,0.002172736666666678
1.184,0.001483,0.001538,0.001596,0.001645,0.001745,0.001789,0.001838,0.001879,0.001917,0.001994,0.002026,0.002058,0.002105,0.002126,0.002143,0.002166,0.00216,0.002138866666666667,0.00215920666666667,0.002199173333333333,0.002193203333333339
1.188,0.001498,0.001554,0.001613,0.001663,0.001765,0.00181,0.00186,0.001901,0.00194,0.002018,0.00205,0.002082,0.00213,0.002151,0.002167,0.002191,0.002185,0.002160250000000007,0.002178323333333332,0.0022140800000000085,0.002210853333333331
1.192,0.001513,0.00157,0.001631,0.001681,0.001785,0.001831,0.001882,0.001924,0.001963,0.002042,0.002075,0.002107,0.002154,0.002175,0.002191,0.002216,0.002209,0.002186596666666669,0.0022069800000000073,0.002249376666666665,0.0022452400000000055
1.196,0.001528,0.001586,0.001648,0.001699,0.001805,0.001852,0.001904,0.001947,0.001986,0.002066,0.002099,0.002131,0.002178,0.002199,0.002215,0.002242,0.002234,0.002209736666666661,0.0022275899999999976,0.0022507366666666665,0.002261109999999995
1.2,0.001543,0.001602,0.001665,0.001717,0.001826,0.001874,0.001927,0.001969,0.00201,0.00209,0.002123,0.002156,0.002203,0.002224,0.00224,0.002268,0.002259,0.0022344966666666675,0.0022520266666666753,0.002271143333333339,0.002280043333333339
1.204,0.001559,0.001618,0.001683,0.001736,0.001847,0.001895,0.001949,0.001992,0.002033,0.002114,0.002147,0.00218,0.002227,0.002249,0.002264,0.002294,0.002284,0.0022597533333333255,0.00227724666666667,0.002301326666666675,0.0023057699999999948
1.208,0.001574,0.001635,0.0017,0.001755,0.001868,0.001917,0.001971,0.002015,0.002056,0.002138,0.002172,0.002205,0.002252,0.002274,0.002289,0.00232,0.002309,0.002284426666666666,0.002300929999999996,0.002320816666666662,0.0023294833333333356
1.212,0.00159,0.001651,0.001718,0.001774,0.001889,0.001939,0.001994,0.002038,0.002079,0.002162,0.002197,0.00223,0.002277,0.002298,0.002314,0.002346,0.002334,0.0023094366666666756,0.0023252033333333376,0.00233764666666666,0.0023520433333333226
1.216,0.001605,0.001668,0.001737,0.001793,0.00191,0.001961,0.002016,0.002061,0.002102,0.002186,0.002221,0.002255,0.002301,0.002323,0.002339,0.002372,0.00236,0.0023330133333333333,0.0023484433333333266,0.002363086666666671,0.002375389999999995
1.22,0.001621,0.001685,0.001755,0.001813,0.001931,0.001983,0.002039,0.002084,0.002126,0.002211,0.002246,0.00228,0.002326,0.002348,0.002363,0.002398,0.002385,0.00235475333333334,0.0023702800000000007,0.002390530000000005,0.0023983066666666665
1.224,0.001638,0.001703,0.001774,0.001832,0.001952,0.002005,0.002062,0.002108,0.00215,0.002235,0.002271,0.002305,0.002351,0.002373,0.002388,0.002424,0.00241,0.0023817899999999956,0.0023968933333333234,0.002413566666666661,0.00242672000000001
1.228,0.001654,0.00172,0.001793,0.001852,0.001974,0.002027,0.002085,0.002131,0.002173,0.002259,0.002295,0.002329,0.002375,0.002397,0.002412,0.00245,0.002435,0.0024063799999999936,0.002420736666666665,0.002437289999999992,0.002449543333333332
1.232,0.00167,0.001737,0.001811,0.001871,0.001995,0.002049,0.002108,0.002154,0.002196,0.002283,0.00232,0.002354,0.002399,0.002421,0.002436,0.002476,0.00246,0.0024309600000000033,0.002445139999999998,0.002466553333333337,0.0024750666666666743
1.236,0.001687,0.001755,0.001829,0.00189,0.002016,0.002071,0.002131,0.002177,0.002219,0.002307,0.002344,0.002378,0.002423,0.002444,0.00246,0.002501,0.002484,0.0024528600000000003,0.0024672200000000095,0.002490376666666656,0.0024969300000000057
1.24,0.001703,0.001772,0.001848,0.001909,0.002037,0.002093,0.002153,0.0022,0.002242,0.00233,0.002367,0.002401,0.002446,0.002467,0.002483,0.002527,0.002509,0.0024695533333333308,0.0024867100000000083,0.002524106666666656,0.0025233833333333272
1.244,0.00172,0.00179,0.001867,0.001929,0.002059,0.002116,0.002176,0.002223,0.002265,0.002353,0.002391,0.002424,0.002469,0.002491,0.002507,0.002551,0.002533,0.0024987633333333416,0.002515166666666672,0.0025514299999999973,0.0025516666666666704
1.248,0.001737,0.001807,0.001886,0.001949,0.002081,0.002138,0.002199,0.002246,0.002288,0.002376,0.002414,0.002448,0.002492,0.002514,0.00253,0.002576,0.002557,0.0025192700000000083,0.002534486666666672,0.002566413333333344,0.002565700000000003
1.252,0.001754,0.001826,0.001905,0.001969,0.002103,0.00216,0.002222,0.002269,0.002311,0.002399,0.002437,0.002471,0.002515,0.002537,0.002553,0.0026,0.00258,0.002540616666666673,0.002555623333333346,0.0025892633333333415,0.0025843200000000115
1.256,0.001771,0.001844,0.001924,0.001989,0.002124,0.002182,0.002244,0.002291,0.002333,0.002421,0.00246,0.002494,0.002537,0.00256,0.002575,0.002624,0.002603,0.002563270000000005,0.002580229999999996,0.0026195133333333257,0.0026096233333333424
1.26,0.001788,0.001862,0.001944,0.00201,0.002146,0.002205,0.002266,0.002313,0.002355,0.002444,0.002483,0.002517,0.002559,0.002581,0.002597,0.002648,0.002625,0.0025860366666666614,0.002600459999999992,0.002634729999999993,0.0026303633333333255
1.264,0.001806,0.00188,0.001964,0.00203,0.002168,0.002227,0.002289,0.002335,0.002376,0.002466,0.002505,0.002539,0.002581,0.002603,0.002618,0.002671,0.002648,0.0026075100000000056,0.002621743333333334,0.0026581333333333262,0.00265159666666666
1.268,0.001823,0.001899,0.001983,0.00205,0.002189,0.002248,0.002311,0.002357,0.002398,0.002488,0.002527,0.00256,0.002602,0.002624,0.002639,0.002694,0.00267,0.0026239799999999928,0.002638933333333324,0.002676876666666655,0.002667723333333326
1.272,0.001841,0.001918,0.002003,0.00207,0.002211,0.00227,0.002333,0.00238,0.00242,0.002509,0.002549,0.002582,0.002623,0.002645,0.00266,0.002717,0.002692,0.0026488833333333382,0.0026640533333333336,0.002707579999999995,0.002700743333333344
1.276,0.001859,0.001937,0.002023,0.002091,0.002232,0.002292,0.002355,0.002401,0.002442,0.00253,0.00257,0.002603,0.002644,0.002666,0.002681,0.00274,0.002713,0.0026728999999999885,0.0026862333333333424,0.002726899999999992,0.002721789999999995
1.28,0.001877,0.001956,0.002043,0.002111,0.002253,0.002313,0.002377,0.002423,0.002462,0.002551,0.002592,0.002625,0.002665,0.002688,0.002702,0.002763,0.002735,0.002693866666666675,0.0027063666666666594,0.00274754666666666,0.0027426800000000043
1.284,0.001895,0.001975,0.002063,0.002132,0.002275,0.002335,0.002399,0.002444,0.002483,0.002572,0.002613,0.002646,0.002686,0.002709,0.002722,0.002785,0.002756,0.002717756666666661,0.002729540000000001,0.0027705166666666756,0.0027644799999999928
1.288,0.001914,0.001995,0.002084,0.002152,0.002297,0.002357,0.00242,0.002465,0.002504,0.002593,0.002635,0.002668,0.002707,0.00273,0.002742,0.002807,0.002777,0.0027364533333333416,0.0027460133333333434,0.0027884033333333354,0.002781793333333333
1.292,0.001933,0.002014,0.002104,0.002173,0.002319,0.002378,0.002441,0.002486,0.002525,0.002615,0.002657,0.002689,0.002728,0.00275,0.002763,0.00283,0.002799,0.0027546800000000054,0.0027674099999999914,0.002817933333333334,0.0028084166666666635
1.296,0.001952,0.002034,0.002124,0.002194,0.00234,0.002399,0.002462,0.002508,0.002546,0.002636,0.002678,0.00271,0.002749,0.002771,0.002783,0.002852,0.00282,0.002774246666666662,0.002786846666666658,0.0028413766666666607,0.0028315833333333405
1.3,0.001971,0.002054,0.002144,0.002214,0.00236,0.00242,0.002483,0.002529,0.002567,0.002656,0.002699,0.002731,0.002769,0.002791,0.002803,0.002873,0.002841,0.0027958899999999923,0.002807653333333333,0.0028598600000000053,0.002847286666666659
1.304,0.00199,0.002074,0.002165,0.002235,0.002381,0.002441,0.002505,0.00255,0.002588,0.002677,0.00272,0.002752,0.00279,0.002812,0.002823,0.002895,0.002861,0.0028141366666666716,0.0028257833333333393,0.0028825099999999918,0.0028710833333333353
1.308,0.00201,0.002093,0.002186,0.002256,0.002402,0.002463,0.002526,0.002572,0.002609,0.002698,0.002742,0.002773,0.002811,0.002832,0.002843,0.002916,0.002882,0.002835886666666654,0.0028483466666666744,0.002908196666666669,0.002892806666666678
1.312,0.002029,0.002113,0.002207,0.002277,0.002423,0.002484,0.002548,0.002593,0.00263,0.00272,0.002764,0.002795,0.002831,0.002853,0.002863,0.002937,0.002902,0.002856876666666663,0.0028680666666666558,0.0029257899999999976,0.0029084333333333247
1.316,0.002049,0.002134,0.002228,0.002297,0.002445,0.002506,0.002569,0.002614,0.002652,0.002741,0.002785,0.002816,0.002852,0.002873,0.002882,0.002959,0.002922,0.0028763866666666705,0.0028855100000000095,0.002946126666666672,0.0029267333333333244
1.32,0.002069,0.002155,0.002248,0.002318,0.002466,0.002527,0.002591,0.002636,0.002673,0.002762,0.002806,0.002837,0.002872,0.002893,0.002902,0.00298,0.002942,0.0028955566666666746,0.002905643333333325,0.0029675333333333263,0.0029476066666666656
1.324,0.002089,0.002176,0.002268,0.002339,0.002488,0.002549,0.002613,0.002658,0.002695,0.002783,0.002827,0.002857,0.002892,0.002913,0.002922,0.003002,0.002963,0.002920283333333348,0.0029295599999999903,0.002991426666666654,0.0029735600000000088
1.328,0.00211,0.002196,0.002289,0.00236,0.002509,0.002571,0.002635,0.00268,0.002716,0.002804,0.002848,0.002878,0.002913,0.002933,0.002942,0.003023,0.002983,0.0029383366666666626,0.0029473533333333308,0.003009046666666663,0.0029933866666666596
1.332,0.002131,0.002217,0.00231,0.002381,0.002531,0.002593,0.002657,0.002701,0.002737,0.002824,0.002869,0.002899,0.002933,0.002954,0.002961,0.003044,0.003004,0.002959816666666673,0.002968666666666661,0.0030275933333333417,0.0030145533333333376
1.336,0.002151,0.002237,0.002332,0.002402,0.002553,0.002615,0.002678,0.002723,0.002758,0.002845,0.002891,0.00292,0.002954,0.002974,0.002981,0.003065,0.003024,0.0029788066666666725,0.002988746666666675,0.003062979999999995,0.0030384700000000114
1.34,0.002172,0.002258,0.002353,0.002423,0.002575,0.002637,0.0027,0.002745,0.002779,0.002867,0.002912,0.002942,0.002974,0.002995,0.003001,0.003086,0.003045,0.0029965633333333287,0.003006126666666671,0.0030835600000000065,0.003058273333333328
1.344,0.002193,0.00228,0.002375,0.002445,0.002597,0.002659,0.002722,0.002766,0.0028,0.002888,0.002934,0.002963,0.002995,0.003015,0.003022,0.003108,0.003066,0.0030190066666666627,0.0030303066666666606,0.0031032399999999997,0.0030830666666666756
1.348,0.002214,0.002301,0.002396,0.002467,0.002619,0.002681,0.002744,0.002788,0.002822,0.00291,0.002956,0.002985,0.003016,0.003036,0.003042,0.003129,0.003086,0.0030375566666666757,0.0030471833333333277,0.0031159266666666774,0.003091850000000007
1.352,0.002236,0.002323,0.002418,0.002489,0.002641,0.002703,0.002766,0.00281,0.002844,0.002931,0.002978,0.003006,0.003038,0.003058,0.003062,0.003151,0.003107,0.0030622266666666723,0.0030724900000000032,0.0031461966666666698,0.003119143333333331
1.356,0.002257,0.002345,0.002441,0.002511,0.002663,0.002725,0.002788,0.002832,0.002866,0.002953,0.003,0.003029,0.003059,0.003079,0.003083,0.003173,0.003129,0.0030842466666666794,0.0030940799999999873,0.003167609999999992,0.0031402700000000084
1.36,0.002279,0.002367,0.002464,0.002534,0.002686,0.002747,0.002811,0.002854,0.002888,0.002975,0.003022,0.003051,0.003081,0.0031,0.003104,0.003195,0.00315,0.0031067499999999954,0.003117616666666663,0.0031917666666666524,0.0031664766666666608
1.364,0.002301,0.002389,0.002486,0.002556,0.002708,0.002769,0.002833,0.0028770000000000002,0.00291,0.002997,0.003044,0.003073,0.003102,0.003122,0.003125,0.003218,0.003171,0.003127343333333329,0.0031358666666666726,0.003209506666666678,0.003180210000000006
1.368,0.002324,0.002412,0.002509,0.002579,0.00273,0.002792,0.002856,0.002899,0.002932,0.003019,0.003067,0.003095,0.003124,0.003143,0.003146,0.00324,0.003193,0.003145343333333336,0.0031540299999999934,0.0032297466666666784,0.003200793333333338
1.372,0.002346,0.002435,0.002532,0.002601,0.002753,0.002814,0.002879,0.002922,0.002955,0.003042,0.00309,0.003118,0.003146,0.003165,0.003168,0.003263,0.003215,0.0031663899999999903,0.0031747399999999862,0.003250810000000004,0.0032266666666666594
1.376,0.00237,0.002458,0.002555,0.002624,0.002775,0.002837,0.002902,0.002945,0.002978,0.003065,0.003112,0.003141,0.003168,0.003188,0.003189,0.003285,0.003237,0.0031871099999999943,0.003193016666666664,0.0032660266666666576,0.0032392366666666762
1.38,0.002393,0.002482,0.002578,0.002647,0.002798,0.002861,0.002925,0.002968,0.003001,0.003087,0.003136,0.003164,0.003191,0.00321,0.003211,0.003308,0.003259,0.003215736666666679,0.0032238966666666585,0.003297389999999988,0.0032660400000000035
1.384,0.002417,0.002505,0.002602,0.00267,0.002822,0.002884,0.002949,0.002992,0.003025,0.00311,0.003159,0.003187,0.003214,0.003233,0.003233,0.003331,0.003282,0.003236673333333348,0.0032434133333333437,0.003321066666666654,0.0032892833333333393
1.388,0.002441,0.002529,0.002625,0.002693,0.002845,0.002907,0.002972,0.003016,0.003048,0.003134,0.003182,0.003211,0.003237,0.003256,0.003255,0.003354,0.003305,0.003259136666666678,0.003264190000000005,0.0033404966666666577,0.003307253333333334
1.392,0.002465,0.002553,0.002649,0.002716,0.002869,0.002931,0.002996,0.00304,0.003071,0.003157,0.003207,0.003234,0.00326,0.003279,0.003278,0.003378,0.003328,0.003282400000000005,0.0032887833333333366,0.0033621399999999935,0.003331193333333328
1.396,0.002489,0.002576,0.002672,0.00274,0.002892,0.002955,0.00302,0.003063,0.003095,0.003181,0.00323,0.003258,0.003283,0.003303,0.0033,0.003401,0.00335,0.003307323333333323,0.0033119099999999956,0.0033878133333333257,0.003354393333333324
1.4,0.002513,0.0026,0.002696,0.002764,0.002916,0.002979,0.003044,0.003087,0.003118,0.003205,0.003254,0.003282,0.003307,0.003326,0.003323,0.003424,0.003373,0.0033286400000000177,0.003333196666666662,0.003410909999999993,0.0033753299999999876
1.404,0.002538,0.002624,0.00272,0.002788,0.002941,0.003003,0.003068,0.003111,0.003143,0.003229,0.003279,0.003306,0.00333,0.003349,0.003346,0.003449,0.003396,0.0033514433333333466,0.0033564999999999875,0.003435200000000007,0.003398829999999988
1.408,0.002562,0.002648,0.002744,0.002812,0.002965,0.003027,0.003092,0.003136,0.003167,0.003253,0.003303,0.00333,0.003354,0.003373,0.003369,0.003473,0.00342,0.0033782699999999927,0.003384776666666655,0.0034614499999999857,0.0034292866666666578
1.412,0.002587,0.002673,0.002769,0.002836,0.002989,0.003051,0.003117,0.003161,0.003192,0.003277,0.003328,0.003354,0.003377,0.003396,0.003392,0.003497,0.003444,0.003403959999999986,0.0034091099999999834,0.0034893566666666593,0.003454900000000002
1.416,0.002611,0.002697,0.002794,0.002861,0.003013,0.003075,0.003142,0.003186,0.003216,0.003301,0.003352,0.003378,0.003401,0.00342,0.003415,0.003522,0.003468,0.003424916666666655,0.0034301033333333166,0.003509216666666677,0.00347474666666668
1.42,0.002636,0.002722,0.002818,0.002885,0.003037,0.0031,0.003166,0.00321,0.003241,0.003326,0.003376,0.003403,0.003426,0.003445,0.003439,0.003546,0.003492,0.00345076666666667,0.003455519999999992,0.0035353300000000114,0.0035021066666666807
1.424,0.002661,0.002747,0.002843,0.00291,0.003062,0.003124,0.003191,0.003235,0.003265,0.00335,0.003401,0.003428,0.003451,0.003469,0.003463,0.00357,0.003516,0.00347575333333332,0.0034786099999999983,0.0035599666666666628,0.0035232333333333303
1.428,0.002686,0.002772,0.002869,0.002935,0.003087,0.003149,0.003216,0.00326,0.00329,0.003375,0.003426,0.003453,0.003475,0.003494,0.003487,0.003594,0.00354,0.003499516666666673,0.003500726666666677,0.0035871033333333326,0.003547606666666668
1.432,0.002712,0.002797,0.002894,0.002959,0.003111,0.003174,0.00324,0.003285,0.003314,0.0034,0.003451,0.003479,0.0035,0.003519,0.003511,0.003619,0.003564,0.0035209300000000163,0.0035202633333333475,0.0036112066666666785,0.0035718466666666707
1.436,0.002737,0.002822,0.002919,0.002984,0.003136,0.003198,0.003265,0.003309,0.003339,0.003425,0.003477,0.003504,0.003524,0.003543,0.003535,0.003643,0.003588,0.003544679999999996,0.003545333333333326,0.003636656666666658,0.0036005066666666705
1.44,0.002763,0.002848,0.002944,0.003008,0.00316,0.003223,0.00329,0.003334,0.003364,0.00345,0.003502,0.003529,0.003549,0.003568,0.003559,0.003668,0.003612,0.003565800000000008,0.0035619466666666575,0.0036589533333333322,0.003622029999999982
1.444,0.002789,0.002873,0.002968,0.003033,0.003185,0.003247,0.003315,0.003359,0.003389,0.003475,0.003527,0.003554,0.003574,0.003592,0.003582,0.003693,0.003637,0.0035946600000000104,0.0035881033333333198,0.003692383333333318,0.003647306666666661
1.448,0.002815,0.002899,0.002993,0.003058,0.00321,0.003272,0.00334,0.003385,0.003414,0.003499,0.003552,0.003578,0.003598,0.003617,0.003606,0.003719,0.003661,0.0036179099999999915,0.003611863333333331,0.0037153666666666766,0.0036723033333333362
1.452,0.002842,0.002924,0.003019,0.003083,0.003234,0.003297,0.003365,0.00341,0.003439,0.003524,0.003577,0.003603,0.003623,0.003641,0.00363,0.003744,0.003687,0.0036424699999999975,0.003636946666666675,0.0037421166666666617,0.0037025699999999983
1.456,0.002868,0.002949,0.003044,0.003108,0.003258,0.003321,0.00339,0.003435,0.003464,0.003549,0.003601,0.003628,0.003647,0.003666,0.003655,0.003769,0.003712,0.003663066666666647,0.003655469999999992,0.0037593666666666725,0.0037170633333333397
1.46,0.002894,0.002975,0.003069,0.003132,0.003283,0.003346,0.003415,0.003459,0.003489,0.003573,0.003626,0.003653,0.003672,0.003691,0.00368,0.003793,0.003736,0.003683633333333325,0.003675716666666668,0.0037720933333333395,0.0037354599999999873
1.464,0.00292,0.003,0.003094,0.003157,0.003307,0.00337,0.003439,0.003484,0.003513,0.003598,0.003651,0.003679,0.003697,0.003717,0.003704,0.003817,0.00376,0.0037169799999999956,0.003708446666666668,0.003809109999999988,0.0037637733333333273
1.468,0.002946,0.003026,0.00312,0.003182,0.003332,0.003395,0.003464,0.003509,0.003537,0.003622,0.003676,0.003704,0.003721,0.003742,0.003728,0.003841,0.003784,0.00374266,0.003733779999999985,0.0038357633333333248,0.003787523333333339
1.472,0.002972,0.003052,0.003145,0.003207,0.003357,0.003419,0.003488,0.003533,0.003562,0.003647,0.003701,0.003729,0.003746,0.003766,0.003752,0.003865,0.003807,0.003761890000000004,0.0037524499999999857,0.003850166666666666,0.0038044566666666623
1.476,0.002999,0.003078,0.003171,0.003232,0.003381,0.003443,0.003512,0.003557,0.003586,0.003672,0.003726,0.003753,0.003771,0.00379,0.003775,0.00389,0.003831,0.003783496666666654,0.0037720866666666577,0.0038736399999999803,0.003824896666666664
1.48,0.003026,0.003104,0.003196,0.003256,0.003405,0.003467,0.003536,0.003581,0.00361,0.003697,0.00375,0.003777,0.003794,0.003813,0.003798,0.003914,0.003855,0.0038049399999999945,0.0037932833333333238,0.003894876666666649,0.0038474533333333408
1.484,0.003052,0.003129,0.003221,0.003281,0.00343,0.00349,0.00356,0.003606,0.003635,0.003721,0.003774,0.003801,0.003818,0.003837,0.003821,0.003939,0.003879,0.0038278666666666608,0.0038141266666666626,0.0039126466666666694,0.0038677266666666613
1.488,0.003079,0.003155,0.003247,0.003306,0.003453,0.003514,0.003584,0.003631,0.003659,0.003744,0.003798,0.003825,0.003841,0.00386,0.003844,0.003962,0.003904,0.0038576699999999862,0.0038451133333333204,0.003949563333333344,0.003899863333333333
1.492,0.003106,0.003181,0.003272,0.003331,0.003477,0.003538,0.003608,0.003655,0.003683,0.003768,0.003821,0.003848,0.003864,0.003884,0.003867,0.003985,0.003927,0.003880126666666665,0.003866516666666659,0.003970440000000002,0.003918796666666672
1.496,0.003133,0.003207,0.003298,0.003356,0.0035,0.003562,0.003632,0.003679,0.003707,0.003791,0.003844,0.003872,0.003888,0.003908,0.003891,0.004008,0.003949,0.003905906666666677,0.0038933099999999966,0.003998226666666672,0.003943726666666655
1.5,0.00316,0.003233,0.003323,0.00338,0.003524,0.003586,0.003656,0.003702,0.00373,0.003813,0.003867,0.003896,0.003911,0.003932,0.003914,0.00403,0.003971,0.003925996666666681,0.00391365333333332,0.0040116499999999925,0.0039575999999999795
