Voltage,1,2,3,5,10,15,20,25,30,40,50,60,80,100,120,200,250,100_pred,120_pred,200_pred,250_pred
-0.996,0.001795,0.001863,0.001889,0.001932,0.001998,0.002051,0.002056,0.002075,0.002115,0.002156,0.00216,0.002162,0.002181,0.002202,0.002203,0.002199,0.002195,0.002199710000000002,0.0022002333333333277,0.002204206666666662,0.00220044666666666
-0.992,0.00178,0.001848,0.001874,0.001917,0.001984,0.002036,0.002042,0.002061,0.0021,0.002141,0.002146,0.002148,0.002167,0.002188,0.002188,0.002185,0.002182,0.0021839933333333336,0.0021848533333333336,0.002188389999999998,0.0021852066666666727
-0.988,0.001767,0.001834,0.00186,0.001903,0.00197,0.002022,0.002028,0.002047,0.002085,0.002128,0.002132,0.002134,0.002154,0.002174,0.002174,0.002172,0.002169,0.0021703866666666714,0.002171116666666671,0.0021748033333333287,0.002172293333333325
-0.984,0.001754,0.001821,0.001847,0.00189,0.001957,0.002009,0.002015,0.002035,0.002072,0.002115,0.002119,0.002122,0.002141,0.002161,0.002161,0.002159,0.002158,0.002157106666666667,0.0021568466666666676,0.002162480000000006,0.0021607933333333278
-0.98,0.001741,0.001808,0.001835,0.001878,0.001945,0.001997,0.002003,0.002023,0.002059,0.002104,0.002108,0.002111,0.002129,0.002149,0.002149,0.002148,0.002146,0.0021458533333333298,0.0021457399999999975,0.0021524266666666705,0.0021501499999999943
-0.976,0.00173,0.001797,0.001824,0.001866,0.001934,0.001986,0.001992,0.002013,0.002047,0.002093,0.002097,0.0021,0.002119,0.002138,0.002138,0.002138,0.002136,0.00213606999999999,0.00213587999999999,0.002141983333333323,0.0021400666666666762
-0.972,0.00172,0.001787,0.001814,0.001856,0.001924,0.001975,0.001982,0.002003,0.002037,0.002083,0.002087,0.002091,0.002109,0.002127,0.002128,0.002129,0.002126,0.0021254499999999953,0.0021260466666666714,0.002132833333333336,0.002130026666666665
-0.968,0.001711,0.001777,0.001804,0.001847,0.001915,0.001966,0.001973,0.001994,0.002027,0.002075,0.002078,0.002082,0.0021,0.002118,0.002118,0.00212,0.002117,0.002116849999999994,0.002116993333333331,0.002123586666666672,0.002120433333333333
-0.964,0.001702,0.001768,0.001796,0.001839,0.001907,0.001957,0.001965,0.001986,0.002017,0.002066,0.002069,0.002074,0.002092,0.00211,0.002109,0.002112,0.00211,0.0021088266666666592,0.0021079533333333445,0.0021158600000000015,0.002113763333333325
-0.96,0.001694,0.00176,0.001788,0.001831,0.001899,0.001949,0.001958,0.001978,0.002009,0.002059,0.002062,0.002066,0.002084,0.002102,0.002101,0.002105,0.002102,0.002102270000000001,0.002103336666666674,0.0021130233333333413,0.0021117233333333364
-0.956,0.001687,0.001753,0.001781,0.001824,0.001892,0.001942,0.001951,0.001971,0.002001,0.002052,0.002055,0.002059,0.002077,0.002094,0.002094,0.002098,0.002096,0.0020937766666666684,0.0020950933333333368,0.0021075533333333356,0.0021070433333333248
-0.952,0.001681,0.001746,0.001774,0.001818,0.001885,0.001934,0.001944,0.001965,0.001994,0.002045,0.002049,0.002053,0.002071,0.002088,0.002088,0.002092,0.00209,0.0020867566666666598,0.0020869299999999916,0.002095736666666661,0.002094019999999998
-0.948,0.001674,0.00174,0.001768,0.001812,0.001879,0.001928,0.001938,0.001959,0.001987,0.002039,0.002043,0.002047,0.002065,0.002081,0.002082,0.002086,0.002084,0.0020793833333333338,0.002080073333333332,0.002087766666666666,0.0020855366666666544
-0.944,0.001669,0.001734,0.001763,0.001806,0.001874,0.001922,0.001933,0.001954,0.001981,0.002034,0.002037,0.002042,0.00206,0.002076,0.002076,0.002081,0.002079,0.002074673333333336,0.002074883333333336,0.002083829999999997,0.0020819866666666686
-0.94,0.001663,0.001728,0.001758,0.001801,0.001869,0.001917,0.001927,0.001949,0.001976,0.002029,0.002032,0.002037,0.002055,0.00207,0.00207,0.002076,0.002074,0.0020693100000000043,0.0020693500000000063,0.0020790833333333325,0.002076866666666673
-0.936,0.001659,0.001724,0.001753,0.001796,0.001864,0.001913,0.001922,0.001944,0.00197,0.002024,0.002027,0.002032,0.00205,0.002066,0.002066,0.002072,0.00207,0.0020646133333333374,0.0020645833333333375,0.0020739666666666676,0.002071726666666674
-0.932,0.001654,0.001719,0.001749,0.001792,0.00186,0.001909,0.001918,0.00194,0.001966,0.00202,0.002023,0.002028,0.002046,0.002061,0.002061,0.002068,0.002066,0.0020604233333333245,0.0020603366666666584,0.002069716666666666,0.00206788333333334
-0.928,0.001651,0.001716,0.001745,0.001788,0.001856,0.001905,0.001914,0.001937,0.001962,0.002016,0.002019,0.002024,0.002043,0.002057,0.002058,0.002064,0.002062,0.002056583333333326,0.0020575866666666704,0.0020679933333333325,0.0020669266666666717
-0.924,0.001647,0.001712,0.001742,0.001785,0.001853,0.001901,0.001911,0.001933,0.001958,0.002013,0.002015,0.002021,0.002039,0.002053,0.002054,0.00206,0.002059,0.0020524066666666708,0.0020529000000000046,0.0020616733333333297,0.00206012
-0.92,0.001644,0.001709,0.001738,0.001782,0.001849,0.001898,0.001907,0.00193,0.001954,0.002009,0.002012,0.002017,0.002036,0.00205,0.002051,0.002057,0.002056,0.0020493600000000005,0.002049976666666677,0.0020584066666666577,0.002056989999999994
-0.916,0.001641,0.001706,0.001735,0.001779,0.001847,0.001894,0.001905,0.001927,0.001951,0.002006,0.002009,0.002014,0.002033,0.002047,0.002048,0.002054,0.002053,0.0020459866666666746,0.0020466400000000054,0.002055519999999998,0.002054453333333336
-0.912,0.001639,0.001703,0.001733,0.001776,0.001844,0.001892,0.001902,0.001924,0.001948,0.002004,0.002006,0.002012,0.00203,0.002044,0.002045,0.002052,0.002051,0.0020434266666666694,0.0020441533333333327,0.0020531133333333384,0.002051593333333345
-0.908,0.001637,0.001701,0.001731,0.001774,0.001842,0.001889,0.001899,0.001922,0.001945,0.002002,0.002004,0.002009,0.002028,0.002041,0.002043,0.00205,0.002049,0.0020406733333333316,0.0020422200000000047,0.0020506433333333327,0.0020493166666666718
-0.904,0.001635,0.0017,0.001729,0.001772,0.00184,0.001887,0.001897,0.00192,0.001943,0.002,0.002002,0.002008,0.002026,0.002039,0.002041,0.002048,0.002047,0.0020388466666666715,0.0020404133333333306,0.0020487200000000056,0.002047400000000008
-0.9,0.001633,0.001698,0.001727,0.001771,0.001838,0.001885,0.001896,0.001919,0.001941,0.001999,0.002,0.002006,0.002025,0.002038,0.002039,0.002047,0.002045,0.002037626666666662,0.0020385900000000064,0.0020476533333333405,0.002045736666666667
-0.896,0.001631,0.001696,0.001725,0.00177,0.001837,0.001883,0.001894,0.001919,0.001939,0.001997,0.001999,0.002005,0.002023,0.002036,0.002037,0.002046,0.002044,0.0020357699999999997,0.0020366566666666654,0.002046426666666665,0.0020443366666666684
-0.892,0.00163,0.001695,0.001724,0.001769,0.001836,0.001882,0.001893,0.001918,0.001938,0.001996,0.001998,0.002004,0.002023,0.002035,0.002036,0.002045,0.002043,0.00203478,0.0020357666666666694,0.0020453699999999995,0.002043393333333339
-0.888,0.001629,0.001694,0.001724,0.001768,0.001835,0.001881,0.001892,0.001917,0.001936,0.001995,0.001997,0.002003,0.002022,0.002034,0.002036,0.002045,0.002043,0.0020339399999999906,0.0020354900000000005,0.002044823333333334,0.0020430800000000083
-0.884,0.001629,0.001694,0.001723,0.001768,0.001835,0.001881,0.001892,0.001917,0.001935,0.001995,0.001996,0.002002,0.002022,0.002034,0.002035,0.002044,0.002043,0.0020337366666666576,0.0020348233333333356,0.0020441966666666675,0.0020430033333333417
-0.88,0.001629,0.001693,0.001723,0.001768,0.001835,0.00188,0.001892,0.001917,0.001935,0.001995,0.001996,0.002002,0.002022,0.002033,0.002034,0.002044,0.002043,0.0020331899999999946,0.0020342033333333263,0.0020441466666666678,0.0020430100000000083
-0.876,0.001629,0.001693,0.001723,0.001768,0.001834,0.00188,0.001891,0.001917,0.001934,0.001995,0.001996,0.002002,0.002022,0.002033,0.002034,0.002044,0.002043,0.002033069999999996,0.00203407999999999,0.0020441466666666695,0.002043006666666675
-0.872,0.001629,0.001694,0.001723,0.001768,0.001835,0.00188,0.001892,0.001917,0.001934,0.001996,0.001996,0.002002,0.002022,0.002033,0.002034,0.002045,0.002043,0.002033196666666662,0.002034203333333326,0.0020446866666666676,0.0020430200000000082
-0.868,0.00163,0.001694,0.001724,0.001769,0.001835,0.00188,0.001892,0.001918,0.001935,0.001997,0.001997,0.002003,0.002023,0.002034,0.002034,0.002046,0.002044,0.002033979999999992,0.0020344633333333265,0.002045629999999996,0.002043716666666671
-0.864,0.001631,0.001695,0.001725,0.00177,0.001836,0.001881,0.001893,0.001919,0.001936,0.001998,0.001998,0.002004,0.002024,0.002034,0.002035,0.002047,0.002045,0.0020343733333333257,0.002035326666666671,0.0020465433333333397,0.0020445200000000015
-0.86,0.001632,0.001696,0.001726,0.001771,0.001837,0.001882,0.001894,0.00192,0.001937,0.001999,0.001999,0.002006,0.002025,0.002036,0.002036,0.002049,0.002046,0.002036103333333333,0.002036500000000003,0.002048343333333335,0.0020457466666666648
-0.856,0.001633,0.001697,0.001727,0.001772,0.001839,0.001883,0.001895,0.001922,0.001938,0.002001,0.002,0.002007,0.002027,0.002037,0.002038,0.00205,0.002048,0.002037193333333331,0.0020380899999999963,0.0020495000000000005,0.002047570000000004
-0.852,0.001634,0.001698,0.001728,0.001773,0.00184,0.001884,0.001897,0.001923,0.001939,0.002002,0.002002,0.002008,0.002028,0.002038,0.002038,0.002051,0.002049,0.002038113333333329,0.002038523333333329,0.0020504533333333425,0.00204854666666667
-0.848,0.001635,0.001699,0.00173,0.001775,0.001841,0.001886,0.001898,0.001924,0.00194,0.002004,0.002003,0.002009,0.00203,0.00204,0.00204,0.002053,0.002051,0.0020398800000000004,0.0020402366666666667,0.0020521366666666724,0.0020503433333333423
-0.844,0.001637,0.001701,0.001731,0.001777,0.001843,0.001887,0.0019,0.001926,0.001941,0.002005,0.002005,0.002011,0.002031,0.002041,0.002041,0.002055,0.002052,0.0020412133333333306,0.0020417766666666654,0.002054829999999998,0.002052696666666675
-0.84,0.001638,0.001703,0.001733,0.001779,0.001845,0.001889,0.001901,0.001928,0.001943,0.002007,0.002007,0.002013,0.002033,0.002043,0.002043,0.002057,0.002054,0.0020435633333333375,0.0020439866666666713,0.0020578933333333252,0.0020560533333333357
-0.836,0.00164,0.001705,0.001735,0.001781,0.001847,0.00189,0.001903,0.00193,0.001945,0.002009,0.002008,0.002014,0.002035,0.002045,0.002044,0.002059,0.002056,0.0020452733333333356,0.002044793333333337,0.002057836666666663,0.002055459999999995
-0.832,0.001642,0.001707,0.001738,0.001783,0.001849,0.001892,0.001905,0.001932,0.001947,0.002011,0.00201,0.002016,0.002037,0.002047,0.002046,0.002061,0.002058,0.002047210000000007,0.0020467799999999998,0.0020604733333333255,0.002058496666666666
-0.828,0.001645,0.001709,0.00174,0.001786,0.001851,0.001895,0.001908,0.001935,0.001949,0.002014,0.002013,0.002019,0.00204,0.002049,0.002048,0.002063,0.002061,0.0020497666666666687,0.0020494800000000063,0.002064236666666666,0.002062866666666659
-0.824,0.001647,0.001712,0.001742,0.001788,0.001854,0.001897,0.00191,0.001937,0.001951,0.002016,0.002016,0.002021,0.002042,0.002051,0.002051,0.002066,0.002063,0.002051703333333341,0.00205211000000001,0.002066460000000005,0.0020643633333333323
-0.82,0.00165,0.001714,0.001745,0.001791,0.001856,0.0019,0.001913,0.00194,0.001953,0.002018,0.002018,0.002023,0.002045,0.002054,0.002053,0.002069,0.002066,0.0020564766666666652,0.002057383333333338,0.0020746766666666604,0.00207483333333334
-0.816,0.001652,0.001717,0.001747,0.001794,0.001859,0.001902,0.001915,0.001942,0.001956,0.002021,0.00202,0.002026,0.002047,0.002056,0.002056,0.002071,0.002069,0.002057589999999992,0.002057813333333327,0.002072803333333335,0.002071889999999997
-0.812,0.001655,0.001719,0.00175,0.001796,0.001862,0.001905,0.001917,0.001945,0.001958,0.002023,0.002023,0.002028,0.00205,0.002059,0.002058,0.002074,0.002071,0.0020599399999999967,0.0020596633333333334,0.0020749066666666737,0.0020728200000000026
-0.808,0.001658,0.001722,0.001753,0.001799,0.001865,0.001907,0.00192,0.001948,0.001961,0.002026,0.002026,0.002031,0.002052,0.002061,0.002061,0.002077,0.002074,0.0020620766666666597,0.002062336666666661,0.0020785433333333323,0.0020765400000000087
-0.804,0.001661,0.001725,0.001756,0.001802,0.001868,0.00191,0.001923,0.001951,0.001964,0.00203,0.002029,0.002034,0.002056,0.002064,0.002064,0.00208,0.002077,0.002065913333333332,0.0020658899999999995,0.0020800266666666685,0.0020782333333333332
-0.8,0.001664,0.001729,0.00176,0.001806,0.001871,0.001914,0.001927,0.001955,0.001967,0.002033,0.002032,0.002037,0.002059,0.002068,0.002067,0.002084,0.002081,0.0020689099999999976,0.0020681066666666725,0.0020834666666666567,0.0020811699999999994
-0.796,0.001668,0.001732,0.001764,0.00181,0.001875,0.001917,0.00193,0.001958,0.00197,0.002037,0.002036,0.002041,0.002063,0.002071,0.00207,0.002088,0.002084,0.0020731300000000025,0.0020728766666666737,0.0020885733333333247,0.0020862599999999895
-0.792,0.001672,0.001736,0.001767,0.001814,0.001879,0.001921,0.001934,0.001962,0.001974,0.00204,0.002039,0.002044,0.002067,0.002075,0.002074,0.002091,0.002088,0.002075800000000005,0.0020757333333333407,0.0020913066666666622,0.002088913333333323
-0.788,0.001675,0.00174,0.001771,0.001818,0.001883,0.001924,0.001938,0.001966,0.001977,0.002044,0.002043,0.002048,0.002071,0.002079,0.002077,0.002095,0.002092,0.0020803766666666716,0.002079279999999997,0.0020951933333333323,0.0020930099999999924
-0.784,0.001679,0.001744,0.001775,0.001822,0.001887,0.001928,0.001942,0.00197,0.001981,0.002048,0.002047,0.002052,0.002075,0.002083,0.002082,0.002099,0.002096,0.0020846933333333252,0.002084649999999996,0.0021013366666666647,0.0021000466666666585
-0.78,0.001683,0.001748,0.001779,0.001826,0.001891,0.001932,0.001946,0.001974,0.001985,0.002052,0.002051,0.002056,0.002079,0.002087,0.002086,0.002103,0.0021,0.002090846666666662,0.0020922366666666654,0.002109199999999999,0.0021090933333333265
-0.776,0.001688,0.001753,0.001784,0.001831,0.001895,0.001937,0.001951,0.001979,0.001989,0.002057,0.002055,0.00206,0.002083,0.002091,0.00209,0.002108,0.002104,0.0020935866666666634,0.0020939900000000013,0.0021118233333333337,0.002109629999999997
-0.772,0.001692,0.001757,0.001789,0.001835,0.0019,0.001941,0.001955,0.001983,0.001994,0.002061,0.00206,0.002064,0.002087,0.002096,0.002094,0.002112,0.002109,0.00210013666666666,0.0021002666666666715,0.0021192633333333368,0.0021181933333333427
-0.768,0.001697,0.001762,0.001793,0.00184,0.001905,0.001946,0.001959,0.001988,0.001998,0.002066,0.002064,0.002069,0.002092,0.0021,0.002098,0.002117,0.002113,0.0021030666666666605,0.00210229666666667,0.0021203633333333346,0.0021184599999999982
-0.764,0.001702,0.001767,0.001798,0.001845,0.001909,0.00195,0.001964,0.001993,0.002003,0.00207,0.002069,0.002073,0.002097,0.002105,0.002103,0.002122,0.002118,0.002108903333333338,0.0021086000000000017,0.0021271866666666655,0.0021251033333333285
-0.76,0.001707,0.001772,0.001803,0.00185,0.001915,0.001955,0.001969,0.001998,0.002008,0.002075,0.002074,0.002078,0.002102,0.00211,0.002108,0.002127,0.002123,0.0021125099999999915,0.002111143333333332,0.0021281133333333293,0.002125069999999993
-0.756,0.001712,0.001777,0.001808,0.001855,0.00192,0.00196,0.001974,0.002003,0.002013,0.00208,0.002079,0.002083,0.002107,0.002115,0.002113,0.002133,0.002129,0.002117196666666658,0.0021159133333333332,0.0021314533333333372,0.002128893333333336
-0.752,0.001717,0.001782,0.001813,0.00186,0.001925,0.001965,0.001979,0.002008,0.002018,0.002085,0.002084,0.002088,0.002112,0.00212,0.002118,0.002138,0.002134,0.002121320000000004,0.0021202333333333293,0.002136936666666658,0.002134216666666669
-0.748,0.001723,0.001788,0.001819,0.001866,0.001931,0.001971,0.001984,0.002013,0.002023,0.00209,0.002089,0.002093,0.002118,0.002125,0.002123,0.002143,0.00214,0.0021269800000000014,0.002125989999999993,0.0021427233333333345,0.002140253333333333
-0.744,0.001728,0.001793,0.001825,0.001871,0.001936,0.001976,0.001989,0.002018,0.002028,0.002096,0.002094,0.002098,0.002123,0.00213,0.002128,0.002149,0.002145,0.0021327833333333324,0.0021317400000000035,0.0021489333333333314,0.002147519999999998
-0.74,0.001734,0.001799,0.00183,0.001877,0.001942,0.001981,0.001995,0.002024,0.002034,0.002101,0.002099,0.002104,0.002129,0.002136,0.002134,0.002155,0.002151,0.002138266666666673,0.002136326666666667,0.002153843333333338,0.0021519000000000048
-0.736,0.00174,0.001805,0.001836,0.001882,0.001947,0.001987,0.002,0.00203,0.002039,0.002107,0.002105,0.002109,0.002134,0.002142,0.002139,0.00216,0.002157,0.0021439333333333264,0.0021420400000000004,0.0021597633333333404,0.0021577099999999984
-0.732,0.001746,0.001811,0.001842,0.001888,0.001953,0.001993,0.002006,0.002035,0.002045,0.002113,0.002111,0.002115,0.00214,0.002148,0.002145,0.002166,0.002162,0.0021499300000000004,0.0021483999999999948,0.002165503333333335,0.0021618266666666637
-0.728,0.001751,0.001816,0.001848,0.001894,0.001959,0.001998,0.002012,0.002041,0.00205,0.002118,0.002116,0.002121,0.002146,0.002154,0.002151,0.002173,0.002169,0.0021555033333333284,0.002153400000000005,0.002171043333333329,0.0021679399999999915
-0.724,0.001758,0.001823,0.001854,0.0019,0.001965,0.002004,0.002018,0.002047,0.002056,0.002125,0.002122,0.002127,0.002152,0.00216,0.002157,0.002179,0.002175,0.00216110333333334,0.0021592100000000004,0.0021780033333333357,0.0021741000000000017
-0.72,0.001764,0.001829,0.00186,0.001906,0.001971,0.00201,0.002024,0.002053,0.002062,0.002131,0.002128,0.002133,0.002159,0.002166,0.002163,0.002185,0.002181,0.002167953333333334,0.002166416666666675,0.0021849099999999982,0.0021818966666666616
-0.716,0.00177,0.001835,0.001866,0.001912,0.001977,0.002016,0.00203,0.002059,0.002068,0.002136,0.002134,0.002139,0.002165,0.002172,0.002169,0.002191,0.002187,0.002175389999999995,0.0021738399999999903,0.002193630000000008,0.0021898466666666725
-0.712,0.001776,0.001841,0.001872,0.001919,0.001984,0.002022,0.002036,0.002065,0.002075,0.002143,0.002141,0.002145,0.002171,0.002179,0.002176,0.002197,0.002194,0.002180529999999999,0.002179509999999997,0.002197026666666669,0.002193809999999999
-0.708,0.001783,0.001847,0.001879,0.001925,0.00199,0.002029,0.002042,0.002072,0.002081,0.002149,0.002147,0.002151,0.002178,0.002185,0.002182,0.002204,0.0022,0.0021875699999999968,0.002186863333333337,0.002204946666666661,0.002201123333333325
-0.704,0.001789,0.001854,0.001885,0.001932,0.001996,0.002035,0.002049,0.002078,0.002087,0.002155,0.002153,0.002158,0.002184,0.002192,0.002189,0.002211,0.002207,0.0021945766666666678,0.002193369999999997,0.0022115866666666643,0.0022079366666666613
-0.7,0.001796,0.00186,0.001892,0.001938,0.002003,0.002042,0.002055,0.002085,0.002094,0.002162,0.00216,0.002164,0.002191,0.002199,0.002196,0.002218,0.002214,0.002200409999999995,0.0021982366666666578,0.0022171500000000084,0.0022143533333333376
-0.696,0.001803,0.001867,0.001899,0.001945,0.00201,0.002048,0.002062,0.002092,0.002101,0.002169,0.002167,0.002171,0.002198,0.002206,0.002202,0.002225,0.002221,0.0022055900000000034,0.0022037100000000002,0.002223950000000001,0.0022198433333333305
-0.692,0.00181,0.001874,0.001906,0.001952,0.002017,0.002055,0.002069,0.002098,0.002108,0.002176,0.002174,0.002178,0.002205,0.002213,0.002209,0.002232,0.002228,0.0022158400000000062,0.0022139766666666714,0.002235923333333337,0.0022316466666666692
-0.688,0.001817,0.001881,0.001912,0.001959,0.002024,0.002062,0.002076,0.002105,0.002115,0.002183,0.002181,0.002185,0.002212,0.00222,0.002216,0.002239,0.002235,0.002222539999999999,0.002219773333333329,0.002241826666666662,0.0022381666666666604
-0.684,0.001824,0.001888,0.00192,0.001966,0.002032,0.002069,0.002083,0.002112,0.002122,0.00219,0.002188,0.002192,0.002219,0.002227,0.002223,0.002246,0.002242,0.0022276633333333257,0.002226279999999989,0.002248289999999999,0.002243119999999996
-0.68,0.001831,0.001895,0.001927,0.001974,0.002039,0.002077,0.00209,0.00212,0.002129,0.002197,0.002195,0.002199,0.002226,0.002234,0.002231,0.002253,0.002249,0.0022360333333333307,0.002234809999999994,0.0022561299999999916,0.0022517999999999917
-0.676,0.001838,0.001902,0.001934,0.001981,0.002046,0.002084,0.002097,0.002127,0.002136,0.002204,0.002202,0.002206,0.002234,0.002242,0.002238,0.002261,0.002256,0.00224362333333333,0.002242579999999998,0.0022642099999999987,0.0022598900000000027
-0.672,0.001845,0.001909,0.001942,0.001988,0.002054,0.002091,0.002104,0.002135,0.002143,0.002211,0.00221,0.002214,0.002241,0.002249,0.002246,0.002268,0.002264,0.0022495133333333243,0.0022496100000000017,0.0022706266666666724,0.0022680033333333373
-0.668,0.001853,0.001917,0.001949,0.001996,0.002061,0.002099,0.002112,0.002142,0.002151,0.002219,0.002217,0.002221,0.002249,0.002257,0.002253,0.002276,0.002272,0.002259969999999994,0.0022598699999999937,0.002281433333333325,0.0022791266666666726
-0.664,0.00186,0.001925,0.001957,0.002004,0.002069,0.002107,0.00212,0.00215,0.002159,0.002227,0.002225,0.002229,0.002257,0.002265,0.002261,0.002283,0.00228,0.0022661299999999964,0.0022644266666666624,0.00228591,0.0022836566666666618
-0.66,0.001868,0.001932,0.001965,0.002012,0.002077,0.002114,0.002127,0.002158,0.002167,0.002235,0.002233,0.002237,0.002265,0.002273,0.002269,0.002292,0.002287,0.002273996666666666,0.0022731833333333312,0.002294603333333328,0.0022909133333333387
-0.656,0.001876,0.00194,0.001973,0.00202,0.002086,0.002122,0.002135,0.002166,0.002175,0.002243,0.002241,0.002245,0.002273,0.002281,0.002277,0.0023,0.002295,0.0022818266666666588,0.0022812533333333228,0.0023029299999999973,0.002299796666666673
-0.652,0.001883,0.001948,0.001981,0.002028,0.002094,0.00213,0.002144,0.002174,0.002183,0.002251,0.002249,0.002253,0.002281,0.002289,0.002285,0.002308,0.002304,0.002289676666666662,0.0022891033333333265,0.002310303333333322,0.0023077833333333213
-0.648,0.001891,0.001956,0.00199,0.002036,0.002102,0.002139,0.002152,0.002182,0.002192,0.002259,0.002257,0.002261,0.002289,0.002297,0.002294,0.002316,0.002312,0.0022975433333333305,0.0022980866666666745,0.002318496666666661,0.0023154899999999904
-0.644,0.001899,0.001965,0.001998,0.002044,0.00211,0.002147,0.00216,0.002191,0.0022,0.002267,0.002265,0.002269,0.002298,0.002306,0.002302,0.002325,0.00232,0.002306813333333334,0.0023067166666666757,0.0023277033333333396,0.0023242799999999954
-0.64,0.001907,0.001973,0.002006,0.002053,0.002119,0.002155,0.002169,0.002199,0.002208,0.002276,0.002274,0.002277,0.002306,0.002314,0.00231,0.002333,0.002329,0.002316196666666668,0.002316160000000003,0.002337096666666667,0.002334826666666676
-0.636,0.001915,0.001981,0.002015,0.002061,0.002127,0.002164,0.002177,0.002208,0.002217,0.002284,0.002282,0.002286,0.002315,0.002323,0.002319,0.002342,0.002337,0.002325759999999998,0.0023251166666666627,0.002346059999999997,0.0023435966666666675
-0.632,0.001923,0.001989,0.002023,0.00207,0.002136,0.002172,0.002185,0.002216,0.002226,0.002293,0.002291,0.002294,0.002324,0.002332,0.002328,0.002351,0.002346,0.002333113333333334,0.002334040000000001,0.0023541166666666644,0.002351139999999994
-0.628,0.001932,0.001998,0.002032,0.002079,0.002145,0.002181,0.002194,0.002225,0.002234,0.002301,0.0023,0.002303,0.002333,0.002341,0.002337,0.002359,0.002355,0.0023426366666666715,0.002342120000000004,0.002362266666666667,0.0023602533333333306
-0.624,0.00194,0.002007,0.00204,0.002087,0.002154,0.00219,0.002203,0.002234,0.002243,0.00231,0.002309,0.002312,0.002342,0.00235,0.002346,0.002368,0.002364,0.0023508599999999998,0.002350396666666663,0.002370316666666669,0.002368420000000002
-0.62,0.001948,0.002015,0.002049,0.002096,0.002163,0.002199,0.002212,0.002243,0.002252,0.002319,0.002317,0.002321,0.002351,0.002359,0.002354,0.002377,0.002373,0.0023612100000000033,0.0023601299999999993,0.0023814033333333278,0.0023788233333333314
-0.616,0.001957,0.002024,0.002058,0.002105,0.002171,0.002208,0.002221,0.002252,0.002261,0.002328,0.002326,0.00233,0.00236,0.002368,0.002363,0.002386,0.002382,0.002370043333333338,0.002367080000000001,0.0023892599999999977,0.0023870066666666647
-0.612,0.001965,0.002032,0.002067,0.002114,0.00218,0.002217,0.00223,0.00226,0.00227,0.002337,0.002335,0.002339,0.002369,0.002377,0.002373,0.002395,0.002391,0.002378403333333328,0.002375906666666662,0.0023978800000000037,0.0023939900000000025
-0.608,0.001973,0.002041,0.002076,0.002123,0.002189,0.002226,0.002239,0.002269,0.002279,0.002346,0.002344,0.002347,0.002378,0.002387,0.002382,0.002405,0.0024,0.0023873533333333315,0.002384486666666665,0.002406186666666664,0.002402596666666664
-0.604,0.001982,0.00205,0.002085,0.002132,0.002199,0.002235,0.002249,0.002278,0.002289,0.002355,0.002353,0.002357,0.002387,0.002396,0.002391,0.002414,0.002409,0.0023965433333333255,0.002393813333333335,0.0024162300000000114,0.002412133333333329
-0.6,0.001991,0.002059,0.002094,0.002141,0.002208,0.002244,0.002258,0.002287,0.002298,0.002364,0.002362,0.002366,0.002397,0.002405,0.0024,0.002423,0.002419,0.0024049799999999923,0.002403003333333332,0.002424633333333329,0.0024200033333333245
-0.596,0.001999,0.002068,0.002103,0.00215,0.002217,0.002253,0.002267,0.002297,0.002307,0.002373,0.002371,0.002375,0.002406,0.002415,0.00241,0.002433,0.002428,0.002414969999999988,0.002413106666666672,0.0024340033333333402,0.0024294433333333296
-0.592,0.002008,0.002077,0.002112,0.002159,0.002227,0.002263,0.002277,0.002306,0.002317,0.002382,0.002381,0.002384,0.002415,0.002424,0.002419,0.002442,0.002437,0.002424519999999992,0.0024212399999999886,0.002443536666666677,0.0024389833333333414
-0.588,0.002017,0.002086,0.002122,0.002169,0.002236,0.002272,0.002286,0.002315,0.002326,0.002392,0.00239,0.002393,0.002425,0.002434,0.002428,0.002451,0.002447,0.0024343100000000038,0.002430259999999996,0.0024519033333333293,0.0024484599999999926
-0.584,0.002026,0.002095,0.002131,0.002178,0.002246,0.002281,0.002295,0.002324,0.002336,0.002401,0.002399,0.002402,0.002434,0.002443,0.002438,0.002461,0.002456,0.0024438599999999895,0.0024404466666666743,0.0024626666666666755,0.002458300000000006
-0.58,0.002035,0.002104,0.002141,0.002188,0.002256,0.002291,0.002305,0.002334,0.002345,0.00241,0.002409,0.002411,0.002444,0.002453,0.002447,0.002471,0.002466,0.0024531966666666697,0.002449156666666657,0.0024720333333333355,0.0024678533333333326
-0.576,0.002044,0.002114,0.00215,0.002197,0.002265,0.0023,0.002315,0.002344,0.002355,0.00242,0.002418,0.002421,0.002453,0.002462,0.002457,0.00248,0.002475,0.0024607666666666664,0.0024576666666666666,0.002480146666666672,0.0024757033333333354
-0.572,0.002053,0.002123,0.00216,0.002207,0.002275,0.00231,0.002325,0.002353,0.002365,0.002429,0.002428,0.00243,0.002463,0.002472,0.002466,0.00249,0.002485,0.002473066666666667,0.0024722699999999986,0.0024929966666666636,0.0024867699999999928
-0.568,0.002063,0.002133,0.002169,0.002217,0.002285,0.00232,0.002335,0.002363,0.002374,0.002439,0.002437,0.002439,0.002472,0.002482,0.002476,0.002499,0.002494,0.002480726666666663,0.0024781333333333353,0.002500063333333333,0.0024936266666666634
-0.564,0.002072,0.002143,0.002179,0.002227,0.002295,0.00233,0.002345,0.002373,0.002384,0.002449,0.002447,0.002449,0.002482,0.002492,0.002485,0.002509,0.002504,0.0024914366666666746,0.002489309999999994,0.0025117966666666613,0.002503069999999991
-0.56,0.002082,0.002153,0.002189,0.002237,0.002305,0.00234,0.002355,0.002382,0.002394,0.002459,0.002456,0.002459,0.002492,0.002502,0.002495,0.002519,0.002514,0.0024997933333333346,0.0024975666666666764,0.0025182733333333402,0.0025096300000000044
-0.556,0.002092,0.002162,0.002199,0.002247,0.002316,0.00235,0.002365,0.002392,0.002404,0.002469,0.002466,0.002468,0.002502,0.002512,0.002505,0.002529,0.002523,0.0025106666666666597,0.002508693333333327,0.0025288900000000033,0.002519680000000013
-0.552,0.002102,0.002172,0.00221,0.002258,0.002326,0.00236,0.002376,0.002403,0.002415,0.002479,0.002476,0.002478,0.002512,0.002522,0.002515,0.002538,0.002533,0.0025209166666666743,0.002517640000000004,0.0025383900000000054,0.0025311400000000064
-0.548,0.002111,0.002183,0.00222,0.002268,0.002336,0.00237,0.002386,0.002412,0.002425,0.002489,0.002486,0.002488,0.002522,0.002533,0.002525,0.002548,0.002543,0.00253146666666667,0.0025262699999999984,0.0025470133333333296,0.0025406099999999974
-0.544,0.002121,0.002193,0.00223,0.002278,0.002347,0.002381,0.002397,0.002422,0.002435,0.002499,0.002496,0.002497,0.002532,0.002543,0.002535,0.002558,0.002553,0.002540266666666662,0.0025373599999999924,0.0025581966666666563,0.0025480366666666776
-0.54,0.002132,0.002203,0.002241,0.002289,0.002357,0.002391,0.002407,0.002433,0.002446,0.002509,0.002506,0.002507,0.002543,0.002553,0.002545,0.002568,0.002563,0.00255367000000001,0.002553550000000006,0.002577070000000004,0.002565099999999997
-0.536,0.002142,0.002214,0.002252,0.0023,0.002368,0.002402,0.002418,0.002443,0.002456,0.00252,0.002516,0.002517,0.002553,0.002563,0.002555,0.002579,0.002573,0.002562869999999995,0.0025583699999999895,0.002580886666666666,0.002571630000000008
-0.532,0.002153,0.002224,0.002263,0.002311,0.002379,0.002412,0.002429,0.002454,0.002467,0.00253,0.002527,0.002528,0.002563,0.002573,0.002565,0.002589,0.002584,0.0025720900000000065,0.0025681833333333366,0.0025897333333333274,0.00258028666666667
-0.528,0.002163,0.002235,0.002273,0.002322,0.00239,0.002423,0.00244,0.002465,0.002477,0.002541,0.002537,0.002538,0.002573,0.002584,0.002575,0.002599,0.002594,0.0025801533333333383,0.002575349999999997,0.0025971133333333395,0.00258811333333333
-0.524,0.002174,0.002246,0.002284,0.002332,0.002401,0.002434,0.00245,0.002475,0.002488,0.002551,0.002548,0.002548,0.002584,0.002594,0.002585,0.00261,0.002604,0.0025936766666666616,0.0025900466666666563,0.0026122900000000015,0.002601733333333342
-0.52,0.002184,0.002256,0.002295,0.002343,0.002412,0.002445,0.002462,0.002486,0.002499,0.002562,0.002559,0.002558,0.002595,0.002605,0.002596,0.00262,0.002615,0.0026047133333333295,0.0025995333333333395,0.00262037666666666,0.0026145533333333383
-0.516,0.002195,0.002267,0.002306,0.002354,0.002423,0.002455,0.002473,0.002497,0.00251,0.002572,0.002569,0.002569,0.002605,0.002616,0.002606,0.002631,0.002625,0.0026140599999999897,0.002607443333333333,0.0026287700000000094,0.002621466666666661
-0.512,0.002206,0.002278,0.002317,0.002365,0.002434,0.002466,0.002484,0.002508,0.002521,0.002583,0.00258,0.002579,0.002616,0.002627,0.002617,0.002641,0.002636,0.002625583333333341,0.002620443333333326,0.002640486666666671,0.0026330133333333293
-0.508,0.002216,0.002289,0.002328,0.002376,0.002445,0.002477,0.002495,0.002519,0.002532,0.002594,0.002591,0.00259,0.002627,0.002637,0.002627,0.002652,0.002647,0.002635893333333336,0.0026298800000000054,0.002652353333333327,0.0026466533333333263
-0.504,0.002226,0.002299,0.002339,0.002387,0.002456,0.002488,0.002506,0.002529,0.002543,0.002605,0.002601,0.002601,0.002638,0.002649,0.002638,0.002663,0.002658,0.0026466433333333403,0.0026400066666666696,0.002661153333333329,0.0026553500000000094
-0.5,0.002237,0.00231,0.00235,0.002398,0.002467,0.002499,0.002518,0.00254,0.002555,0.002616,0.002612,0.002612,0.002649,0.002661,0.002649,0.002674,0.002668,0.0026608600000000114,0.002655206666666672,0.0026758199999999915,0.0026682433333333365
-0.496,0.002247,0.002321,0.002361,0.002409,0.002478,0.00251,0.002529,0.002551,0.002566,0.002627,0.002623,0.002622,0.00266,0.002672,0.00266,0.002685,0.00268,0.0026705566666666717,0.002663263333333331,0.0026830166666666757,0.0026768733333333394
-0.492,0.002257,0.002331,0.002371,0.00242,0.002489,0.002521,0.00254,0.002562,0.002577,0.002638,0.002634,0.002633,0.002671,0.002683,0.002671,0.002695,0.00269,0.0026816833333333273,0.0026738399999999916,0.0026946466666666695,0.0026867666666666634
-0.488,0.002267,0.002341,0.002382,0.00243,0.002499,0.002531,0.002551,0.002573,0.002588,0.002648,0.002644,0.002644,0.002682,0.002694,0.002681,0.002706,0.002701,0.002691519999999989,0.002683756666666674,0.0027027166666666615,0.002695999999999991
-0.484,0.002277,0.002351,0.002392,0.002441,0.00251,0.002542,0.002562,0.002584,0.002599,0.002659,0.002655,0.002654,0.002693,0.002704,0.002692,0.002717,0.002712,0.002704226666666673,0.002695606666666678,0.0027182499999999954,0.002711266666666677
-0.48,0.002287,0.002361,0.002403,0.002451,0.00252,0.002552,0.002573,0.002594,0.002609,0.00267,0.002666,0.002665,0.002704,0.002715,0.002703,0.002728,0.002723,0.0027131200000000094,0.0027050233333333396,0.0027256133333333227,0.0027198100000000052
-0.476,0.002297,0.002371,0.002413,0.002461,0.002531,0.002563,0.002583,0.002604,0.00262,0.00268,0.002676,0.002675,0.002715,0.002726,0.002713,0.002738,0.002734,0.0027246600000000037,0.0027158099999999943,0.0027364466666666733,0.0027324600000000056
-0.472,0.002306,0.002381,0.002423,0.002472,0.002541,0.002573,0.002594,0.002614,0.002631,0.002691,0.002687,0.002685,0.002725,0.002737,0.002723,0.002749,0.002744,0.0027360466666666613,0.0027267700000000025,0.0027489766666666674,0.002742229999999997
-0.468,0.002316,0.002391,0.002433,0.002481,0.002552,0.002583,0.002604,0.002625,0.002641,0.002701,0.002697,0.002696,0.002736,0.002747,0.002734,0.002759,0.002755,0.0027440766666666783,0.002732926666666672,0.002754843333333327,0.002750739999999991
-0.464,0.002325,0.0024,0.002443,0.002491,0.002562,0.002593,0.002614,0.002634,0.002651,0.002711,0.002707,0.002705,0.002746,0.002757,0.002744,0.002769,0.002765,0.002754380000000007,0.00274436333333333,0.0027657633333333415,0.002761930000000006
-0.46,0.002335,0.00241,0.002453,0.002501,0.002573,0.002603,0.002625,0.002645,0.002662,0.002721,0.002717,0.002715,0.002756,0.002768,0.002754,0.00278,0.002775,0.002765803333333331,0.002756060000000004,0.0027777000000000027,0.002773943333333332
-0.456,0.002344,0.00242,0.002463,0.002512,0.002583,0.002613,0.002635,0.002655,0.002672,0.002731,0.002727,0.002725,0.002767,0.002778,0.002764,0.00279,0.002786,0.002775719999999988,0.002766396666666663,0.002786899999999993,0.0027837933333333255
-0.452,0.002354,0.00243,0.002474,0.002522,0.002594,0.002623,0.002646,0.002665,0.002683,0.002741,0.002738,0.002736,0.002777,0.002789,0.002774,0.002801,0.002796,0.002787413333333337,0.002776330000000014,0.002798370000000014,0.0027913033333333394
-0.448,0.002364,0.00244,0.002484,0.002533,0.002604,0.002634,0.002657,0.002676,0.002693,0.002752,0.002748,0.002746,0.002788,0.002799,0.002785,0.002811,0.002806,0.00279666333333333,0.0027865666666666736,0.0028084133333333375,0.002801439999999989
-0.444,0.002374,0.00245,0.002494,0.002543,0.002615,0.002644,0.002667,0.002686,0.002704,0.002762,0.002758,0.002756,0.002798,0.00281,0.002795,0.002821,0.002817,0.002806343333333325,0.002795216666666663,0.002815726666666661,0.0028101466666666584
-0.44,0.002383,0.00246,0.002504,0.002553,0.002625,0.002654,0.002677,0.002696,0.002714,0.002771,0.002768,0.002766,0.002808,0.00282,0.002805,0.002831,0.002827,0.0028166066666666756,0.002806093333333319,0.0028268733333333446,0.0028188933333333434
-0.436,0.002393,0.00247,0.002514,0.002563,0.002635,0.002664,0.002687,0.002706,0.002724,0.002782,0.002778,0.002776,0.002818,0.00283,0.002815,0.002841,0.002837,0.00282676,0.0028154333333333384,0.0028371699999999948,0.0028309099999999916
-0.432,0.002403,0.00248,0.002525,0.002574,0.002646,0.002674,0.002698,0.002717,0.002735,0.002792,0.002788,0.002786,0.002829,0.002841,0.002824,0.002851,0.002848,0.002837746666666661,0.002826260000000011,0.002847776666666675,0.002842693333333327
-0.428,0.002412,0.00249,0.002535,0.002584,0.002656,0.002684,0.002708,0.002727,0.002745,0.002802,0.002798,0.002796,0.002839,0.002851,0.002834,0.002861,0.002858,0.002849340000000009,0.0028380200000000036,0.0028600233333333364,0.002855206666666677
-0.424,0.002422,0.0025,0.002545,0.002594,0.002666,0.002694,0.002719,0.002737,0.002756,0.002812,0.002808,0.002806,0.002849,0.002861,0.002844,0.002871,0.002868,0.0028573666666666673,0.00284677666666666,0.0028675599999999925,0.002861489999999994
-0.42,0.002432,0.00251,0.002556,0.002605,0.002677,0.002704,0.002729,0.002747,0.002766,0.002822,0.002819,0.002816,0.00286,0.002871,0.002854,0.002881,0.002878,0.0028685499999999945,0.0028576100000000065,0.0028792800000000075,0.0028735833333333417
-0.416,0.002442,0.00252,0.002566,0.002615,0.002687,0.002715,0.00274,0.002758,0.002777,0.002832,0.002829,0.002826,0.00287,0.002882,0.002864,0.002891,0.002888,0.002878243333333343,0.0028660066666666606,0.0028878699999999933,0.0028831866666666687
-0.412,0.002452,0.002531,0.002577,0.002626,0.002697,0.002725,0.002751,0.002768,0.002787,0.002842,0.002839,0.002836,0.00288,0.002892,0.002874,0.002901,0.002898,0.002888073333333338,0.0028764466666666754,0.002897053333333342,0.002892866666666657
-0.408,0.002462,0.002541,0.002587,0.002636,0.002708,0.002735,0.002761,0.002778,0.002798,0.002852,0.002849,0.002846,0.002891,0.002902,0.002884,0.002911,0.002908,0.002901683333333327,0.002892819999999999,0.002912546666666663,0.0029091600000000074
-0.404,0.002472,0.002551,0.002598,0.002647,0.002718,0.002745,0.002771,0.002788,0.002808,0.002862,0.002859,0.002856,0.002901,0.002912,0.002893,0.002921,0.002918,0.002908510000000011,0.002896140000000007,0.002918056666666654,0.0029127599999999895
-0.4,0.002483,0.002561,0.002608,0.002657,0.002729,0.002755,0.002781,0.002798,0.002818,0.002872,0.002869,0.002866,0.002911,0.002922,0.002903,0.00293,0.002928,0.0029179333333333277,0.00290533333333333,0.0029266133333333273,0.0029207200000000077
-0.396,0.002493,0.002572,0.002619,0.002667,0.002739,0.002765,0.002792,0.002809,0.002829,0.002882,0.002879,0.002876,0.002921,0.002932,0.002913,0.00294,0.002938,0.0029282900000000074,0.0029152666666666808,0.002937016666666681,0.002932383333333334
-0.392,0.002503,0.002583,0.00263,0.002678,0.00275,0.002776,0.002803,0.002819,0.002839,0.002893,0.00289,0.002886,0.002932,0.002942,0.002923,0.00295,0.002948,0.0029412666666666656,0.0029278533333333408,0.002950616666666672,0.0029476966666666547
-0.388,0.002514,0.002593,0.002641,0.002689,0.002761,0.002787,0.002814,0.00283,0.00285,0.002903,0.0029,0.002896,0.002942,0.002952,0.002932,0.00296,0.002958,0.0029494999999999895,0.0029375366666666777,0.0029590099999999933,0.0029551366666666743
-0.384,0.002524,0.002604,0.002652,0.0027,0.002772,0.002797,0.002824,0.00284,0.002861,0.002914,0.002911,0.002906,0.002952,0.002962,0.002942,0.00297,0.002968,0.0029608100000000056,0.002948163333333335,0.0029701933333333348,0.002966349999999998
-0.38,0.002535,0.002615,0.002663,0.002711,0.002784,0.002808,0.002835,0.002851,0.002872,0.002924,0.002921,0.002916,0.002962,0.002972,0.002952,0.00298,0.002978,0.002970273333333322,0.002956606666666657,0.0029791599999999946,0.0029739933333333413
-0.376,0.002546,0.002626,0.002674,0.002723,0.002795,0.002819,0.002846,0.002862,0.002883,0.002934,0.002932,0.002927,0.002973,0.002982,0.002962,0.00299,0.002988,0.00298010333333334,0.002965680000000006,0.0029887166666666765,0.002984559999999996
-0.372,0.002557,0.002637,0.002685,0.002734,0.002806,0.00283,0.002857,0.002873,0.002893,0.002945,0.002942,0.002937,0.002983,0.002992,0.002972,0.002999,0.002998,0.002990713333333331,0.0029807466666666583,0.0029999133333333244,0.002996953333333319
-0.368,0.002568,0.002648,0.002696,0.002745,0.002817,0.00284,0.002868,0.002884,0.002904,0.002955,0.002953,0.002947,0.002993,0.003002,0.002981,0.003009,0.003007,0.002999756666666651,0.0029874500000000043,0.003007973333333343,0.0030048566666666583
-0.364,0.002578,0.002659,0.002708,0.002756,0.002828,0.002851,0.002879,0.002894,0.002915,0.002965,0.002963,0.002957,0.003004,0.003011,0.002991,0.003018,0.003017,0.003008396666666658,0.0029978566666666617,0.003016713333333326,0.0030143333333333437
-0.36,0.002589,0.00267,0.002719,0.002768,0.002839,0.002862,0.00289,0.002905,0.002926,0.002976,0.002973,0.002968,0.003014,0.003021,0.003,0.003028,0.003026,0.003017103333333344,0.0030056400000000047,0.003024813333333336,0.0030195499999999885
-0.356,0.0026,0.002682,0.00273,0.002779,0.00285,0.002873,0.002902,0.002916,0.002937,0.002986,0.002984,0.002978,0.003024,0.00303,0.00301,0.003037,0.003036,0.00302795666666666,0.003015869999999995,0.0030352399999999907,0.0030321900000000062
-0.352,0.002612,0.002693,0.002742,0.00279,0.002862,0.002884,0.002913,0.002927,0.002948,0.002996,0.002994,0.002988,0.003034,0.00304,0.00302,0.003047,0.003045,0.0030357700000000075,0.0030222600000000084,0.0030416066666666725,0.0030358533333333273
-0.348,0.002623,0.002704,0.002754,0.002802,0.002873,0.002895,0.002924,0.002938,0.002959,0.003006,0.003005,0.002998,0.003044,0.003049,0.003029,0.003057,0.003055,0.0030478199999999954,0.0030385633333333203,0.00305827999999999,0.003053766666666671
-0.344,0.002634,0.002716,0.002765,0.002813,0.002884,0.002906,0.002935,0.002949,0.00297,0.003016,0.003015,0.003008,0.003054,0.003058,0.003039,0.003066,0.003065,0.003053550000000003,0.0030425133333333403,0.003059946666666673,0.003055303333333329
-0.34,0.002645,0.002727,0.002777,0.002825,0.002896,0.002917,0.002946,0.00296,0.002981,0.003026,0.003025,0.003018,0.003063,0.003066,0.003048,0.003075,0.003074,0.003065400000000008,0.0030557866666666798,0.003074763333333345,0.00307178333333334
-0.336,0.002656,0.002739,0.002789,0.002836,0.002907,0.002928,0.002957,0.00297,0.002991,0.003036,0.003035,0.003028,0.003073,0.003075,0.003058,0.003084,0.003083,0.0030717166666666797,0.003058983333333337,0.003078766666666657,0.003073493333333319
-0.332,0.002667,0.00275,0.0028,0.002848,0.002918,0.002939,0.002968,0.002981,0.003002,0.003046,0.003045,0.003037,0.003082,0.003083,0.003067,0.003093,0.003092,0.0030811033333333197,0.0030726966666666743,0.003089930000000004,0.003086033333333325
-0.328,0.002679,0.002761,0.002812,0.002859,0.00293,0.00295,0.002979,0.002992,0.003012,0.003056,0.003056,0.003047,0.003091,0.003091,0.003076,0.003103,0.003101,0.0030885466666666513,0.003079056666666661,0.003098809999999994,0.003093836666666674
-0.324,0.00269,0.002773,0.002823,0.002871,0.002941,0.00296,0.00299,0.003003,0.003023,0.003066,0.003066,0.003057,0.003101,0.003099,0.003086,0.003112,0.00311,0.0030961566666666564,0.003086676666666672,0.0031067800000000004,0.00310183666666665
-0.32,0.002701,0.002784,0.002834,0.002882,0.002952,0.002971,0.003001,0.003013,0.003033,0.003075,0.003076,0.003066,0.003109,0.003107,0.003095,0.00312,0.003119,0.0031054766666666614,0.0030962799999999908,0.0031155433333333402,0.0031110099999999913
-0.316,0.002712,0.002795,0.002846,0.002893,0.002964,0.002982,0.003012,0.003024,0.003044,0.003084,0.003085,0.003076,0.003118,0.003115,0.003105,0.003129,0.003127,0.0031126566666666577,0.003106116666666673,0.0031224100000000117,0.0031161299999999973
-0.312,0.002724,0.002806,0.002858,0.002905,0.002975,0.002993,0.003023,0.003035,0.003054,0.003094,0.003095,0.003085,0.003127,0.003123,0.003114,0.003137,0.003136,0.0031209433333333272,0.0031158999999999866,0.0031306399999999845,0.003125216666666679
-0.308,0.002735,0.002818,0.002869,0.002917,0.002986,0.003004,0.003034,0.003046,0.003064,0.003103,0.003105,0.003094,0.003136,0.003132,0.003123,0.003147,0.003145,0.003129836666666677,0.003124639999999995,0.003139753333333338,0.00313074999999999
-0.304,0.002746,0.002829,0.002881,0.002928,0.002997,0.003014,0.003045,0.003056,0.003074,0.003112,0.003115,0.003104,0.003144,0.00314,0.003132,0.003156,0.003154,0.0031378600000000058,0.003133356666666679,0.0031492366666666777,0.003139533333333329
-0.3,0.002757,0.002841,0.002892,0.00294,0.003008,0.003025,0.003055,0.003067,0.003084,0.00312,0.003124,0.003113,0.003152,0.003147,0.003141,0.003165,0.003163,0.003146966666666672,0.003144476666666657,0.0031580799999999885,0.0031488933333333456
-0.296,0.002769,0.002852,0.002904,0.002951,0.00302,0.003035,0.003066,0.003077,0.003094,0.003129,0.003134,0.003122,0.00316,0.003155,0.003151,0.003174,0.003171,0.00315511000000001,0.0031535866666666723,0.003169630000000007,0.003163410000000008
-0.292,0.002781,0.002864,0.002916,0.002962,0.003031,0.003046,0.003077,0.003088,0.003104,0.003137,0.003143,0.003132,0.003168,0.003164,0.00316,0.003183,0.00318,0.0031642266666666525,0.0031625400000000158,0.003179810000000013,0.003174326666666655
-0.288,0.002792,0.002875,0.002928,0.002974,0.003042,0.003056,0.003088,0.003098,0.003114,0.003146,0.003153,0.003141,0.003177,0.003172,0.00317,0.003192,0.003189,0.003171419999999986,0.0031713166666666715,0.0031863733333333216,0.0031788433333333295
-0.284,0.002804,0.002887,0.002939,0.002985,0.003053,0.003067,0.003099,0.003109,0.003124,0.003154,0.003163,0.00315,0.003185,0.00318,0.00318,0.003201,0.003198,0.003180719999999992,0.0031826766666666582,0.00319660666666667,0.003189750000000008
-0.28,0.002816,0.002899,0.002951,0.002997,0.003065,0.003078,0.003109,0.00312,0.003133,0.003162,0.003172,0.003159,0.003193,0.003189,0.003189,0.003211,0.003208,0.003187616666666666,0.0031894766666666643,0.003202443333333326,0.0031946766666666646
-0.276,0.002828,0.002911,0.002963,0.003009,0.003076,0.003088,0.00312,0.00313,0.003143,0.00317,0.003181,0.003169,0.003202,0.003197,0.003199,0.00322,0.003217,0.0031952166666666696,0.0031976733333333213,0.0032091166666666656,0.0032009500000000106
-0.272,0.00284,0.002923,0.002975,0.003021,0.003088,0.003099,0.003131,0.003141,0.003152,0.003178,0.003191,0.003178,0.00321,0.003206,0.003209,0.003229,0.003226,0.003202786666666674,0.003206553333333335,0.0032168533333333414,0.003207543333333325
-0.268,0.002852,0.002934,0.002987,0.003033,0.003099,0.003109,0.003141,0.003152,0.003161,0.003186,0.0032,0.003188,0.003218,0.003215,0.003219,0.003239,0.003235,0.0032116799999999937,0.0032157999999999944,0.003225656666666662,0.0032183299999999923
-0.264,0.002865,0.002947,0.003,0.003045,0.00311,0.00312,0.003152,0.003162,0.003171,0.003194,0.003209,0.003198,0.003227,0.003225,0.003229,0.003249,0.003245,0.0032201233333333423,0.0032239333333333392,0.0032342733333333173,0.00322804666666668
-0.26,0.002878,0.002959,0.003012,0.003057,0.003122,0.003131,0.003162,0.003173,0.00318,0.003202,0.003219,0.003207,0.003235,0.003234,0.003239,0.00326,0.003255,0.0032354933333333226,0.0032383766666666623,0.003254626666666678,0.0032459800000000033
-0.256,0.00289,0.002971,0.003024,0.003069,0.003134,0.003141,0.003173,0.003184,0.003189,0.00321,0.003228,0.003217,0.003244,0.003244,0.00325,0.00327,0.003265,0.0032426133333333406,0.0032472366666666543,0.003262983333333334,0.003255619999999991
-0.252,0.002904,0.002984,0.003037,0.003081,0.003146,0.003152,0.003184,0.003195,0.003198,0.003218,0.003237,0.003227,0.003253,0.003254,0.00326,0.00328,0.003275,0.0032565633333333254,0.00326356000000001,0.003275889999999986,0.003263170000000011
-0.248,0.002917,0.002997,0.00305,0.003094,0.003157,0.003163,0.003195,0.003206,0.003208,0.003227,0.003247,0.003237,0.003262,0.003264,0.003271,0.00329,0.003286,0.0032633133333333426,0.0032696133333333455,0.0032797133333333367,0.0032675733333333407
-0.244,0.002931,0.00301,0.003063,0.003107,0.003169,0.003173,0.003206,0.003217,0.003217,0.003235,0.003256,0.003247,0.003271,0.003275,0.003281,0.003301,0.003296,0.0032760933333333474,0.003282789999999992,0.003295553333333333,0.0032839799999999936
-0.24,0.002945,0.003023,0.003076,0.003119,0.003182,0.003184,0.003217,0.003228,0.003227,0.003244,0.003266,0.003257,0.003281,0.003286,0.003292,0.003312,0.003306,0.003287566666666674,0.003294479999999985,0.003307749999999991,0.003295676666666672
-0.236,0.002959,0.003036,0.003089,0.003132,0.003194,0.003195,0.003227,0.003239,0.003236,0.003253,0.003275,0.003268,0.003291,0.003296,0.003303,0.003322,0.003316,0.0032949799999999934,0.0033031966666666464,0.00331642000000001,0.0033063666666666614
-0.232,0.002973,0.003049,0.003103,0.003145,0.003206,0.003205,0.003238,0.00325,0.003246,0.003262,0.003285,0.003279,0.003301,0.003307,0.003313,0.003333,0.003327,0.003305729999999983,0.0033117900000000015,0.003327436666666675,0.0033179499999999914
-0.228,0.002988,0.003063,0.003116,0.003158,0.003218,0.003216,0.003248,0.003261,0.003255,0.003271,0.003295,0.003289,0.00331,0.003317,0.003324,0.003344,0.003338,0.0033150433333333372,0.003322133333333328,0.0033392666666666746,0.0033292933333333202
-0.224,0.003003,0.003077,0.00313,0.003171,0.00323,0.003226,0.003258,0.003272,0.003265,0.003281,0.003305,0.0033,0.003321,0.003328,0.003335,0.003355,0.003349,0.0033244333333333335,0.0033314099999999882,0.0033495366666666665,0.003342413333333342
-0.22,0.003018,0.003091,0.003144,0.003184,0.003243,0.003237,0.003269,0.003283,0.003275,0.00329,0.003315,0.003311,0.003331,0.00334,0.003347,0.003366,0.00336,0.0033385766666666713,0.003346579999999991,0.0033645133333333227,0.0033584800000000087
-0.216,0.003034,0.003105,0.003157,0.003198,0.003256,0.003248,0.00328,0.003295,0.003286,0.003301,0.003325,0.003323,0.003342,0.003351,0.003358,0.003377,0.003371,0.003348243333333331,0.003356436666666653,0.003371689999999987,0.0033616200000000096
-0.212,0.00305,0.003119,0.003171,0.003211,0.003268,0.003259,0.00329,0.003306,0.003296,0.003311,0.003336,0.003334,0.003353,0.003363,0.003371,0.003389,0.003382,0.0033655966666666683,0.0033746400000000064,0.003387273333333319,0.0033765933333333316
-0.208,0.003066,0.003133,0.003185,0.003224,0.003281,0.003269,0.0033,0.003317,0.003306,0.003321,0.003346,0.003345,0.003365,0.003374,0.003383,0.003401,0.003394,0.0033761633333333277,0.0033853233333333453,0.003397506666666658,0.0033871400000000033
-0.204,0.003082,0.003148,0.003199,0.003238,0.003293,0.00328,0.00331,0.003328,0.003317,0.003332,0.003356,0.003357,0.003376,0.003386,0.003395,0.003413,0.003405,0.0033864566666666654,0.003396383333333346,0.003411080000000002,0.003403259999999997
-0.2,0.003099,0.003162,0.003214,0.003251,0.003306,0.00329,0.003321,0.003339,0.003328,0.003343,0.003367,0.003369,0.003387,0.003398,0.003406,0.003426,0.003416,0.003396626666666674,0.0034048333333333456,0.0034194433333333465,0.003410269999999988
-0.196,0.003115,0.003177,0.003228,0.003265,0.003318,0.003301,0.003331,0.003351,0.003339,0.003355,0.003378,0.003381,0.003399,0.00341,0.003418,0.003437,0.003428,0.0034072066666666788,0.003414916666666675,0.0034266466666666765,0.0034182133333333265
-0.192,0.003132,0.003192,0.003243,0.003278,0.003331,0.003312,0.003341,0.003362,0.00335,0.003367,0.003389,0.003393,0.003411,0.003422,0.003429,0.003449,0.00344,0.00342074000000001,0.0034286000000000078,0.0034433633333333454,0.0034374966666666693
-0.188,0.00315,0.003207,0.003257,0.003292,0.003343,0.003323,0.003352,0.003373,0.003362,0.003379,0.0034,0.003405,0.003423,0.003435,0.003441,0.00346,0.003452,0.0034318799999999952,0.003437173333333349,0.0034500400000000105,0.0034393733333333404
-0.184,0.003167,0.003221,0.003272,0.003305,0.003356,0.003334,0.003362,0.003384,0.003373,0.003391,0.003411,0.003417,0.003436,0.003447,0.003453,0.003472,0.003465,0.0034454199999999907,0.0034512566666666787,0.0034671433333333386,0.003460540000000014
-0.18,0.003185,0.003236,0.003286,0.003319,0.003368,0.003345,0.003372,0.003396,0.003385,0.003404,0.003423,0.00343,0.003448,0.00346,0.003464,0.003483,0.003477,0.003460480000000006,0.0034647200000000114,0.003478326666666674,0.0034693999999999884
-0.176,0.003202,0.003251,0.003301,0.003332,0.00338,0.003355,0.003382,0.003407,0.003397,0.003416,0.003434,0.003442,0.00346,0.003472,0.003476,0.003495,0.003488,0.003469870000000007,0.0034749566666666763,0.0034853700000000115,0.003477353333333341
-0.172,0.00322,0.003266,0.003315,0.003344,0.003391,0.003366,0.003392,0.003418,0.003409,0.003429,0.003445,0.003454,0.003472,0.003484,0.003487,0.003506,0.003499,0.0034820766666666795,0.003486646666666678,0.00349998333333334,0.003491670000000006
-0.168,0.003238,0.003281,0.003329,0.003357,0.003403,0.003377,0.003402,0.003429,0.003421,0.003441,0.003457,0.003466,0.003483,0.003496,0.003499,0.003518,0.003511,0.0034953533333333523,0.0034989066666666715,0.0035100533333333396,0.0035009133333333458
-0.164,0.003255,0.003296,0.003343,0.003369,0.003414,0.003388,0.003413,0.00344,0.003433,0.003454,0.003469,0.003478,0.003495,0.003508,0.00351,0.003529,0.003522,0.003502623333333332,0.003505276666666673,0.0035174866666666665,0.0035082900000000146
-0.16,0.003273,0.00331,0.003356,0.003381,0.003425,0.003398,0.003422,0.003451,0.003445,0.003466,0.00348,0.00349,0.003507,0.003519,0.003521,0.00354,0.003533,0.003515853333333349,0.003518530000000001,0.003530739999999998,0.0035238300000000056
-0.156,0.00329,0.003324,0.00337,0.003393,0.003436,0.003409,0.003432,0.003461,0.003458,0.003479,0.003492,0.003502,0.003519,0.003531,0.003533,0.003551,0.003545,0.0035285166666666583,0.0035301433333333352,0.0035393833333333346,0.0035291266666666703
-0.152,0.003306,0.003338,0.003383,0.003404,0.003446,0.003419,0.003442,0.003472,0.00347,0.003491,0.003504,0.003514,0.003531,0.003542,0.003544,0.003561,0.003556,0.003538930000000006,0.0035405966666666607,0.003551446666666674,0.0035469066666666627
-0.148,0.003322,0.003351,0.003395,0.003415,0.003456,0.00343,0.003452,0.003483,0.003482,0.003504,0.003516,0.003526,0.003543,0.003553,0.003555,0.003572,0.003566,0.00355160666666667,0.003553483333333319,0.0035601033333333377,0.003549846666666655
-0.144,0.003336,0.003364,0.003407,0.003425,0.003466,0.00344,0.003462,0.003493,0.003494,0.003515,0.003527,0.003537,0.003555,0.003565,0.003565,0.003583,0.003577,0.0035632533333333463,0.003562423333333345,0.0035689866666666617,0.0035635900000000127
-0.14,0.00335,0.003376,0.003419,0.003435,0.003475,0.003449,0.003471,0.003503,0.003505,0.003527,0.003538,0.003549,0.003567,0.003575,0.003576,0.003593,0.003587,0.003575033333333336,0.0035757000000000106,0.0035804399999999877,0.003566623333333338
-0.136,0.003363,0.003388,0.00343,0.003444,0.003484,0.003458,0.00348,0.003512,0.003516,0.003538,0.003549,0.00356,0.003578,0.003585,0.003586,0.003603,0.003597,0.003585079999999988,0.0035839433333333306,0.0035919366666666724,0.0035877199999999935
-0.132,0.003375,0.003399,0.00344,0.003453,0.003493,0.003468,0.003489,0.003521,0.003527,0.003549,0.003559,0.003571,0.003588,0.003595,0.003595,0.003612,0.003607,0.003593766666666673,0.0035921300000000046,0.0036018366666666535,0.0035980066666666697
-0.128,0.003386,0.00341,0.00345,0.003461,0.003501,0.003476,0.003498,0.00353,0.003538,0.00356,0.00357,0.003582,0.003598,0.003604,0.003605,0.003622,0.003616,0.0036044500000000116,0.0036036166666666663,0.003613943333333336,0.0036117166666666594
-0.124,0.003396,0.003419,0.003459,0.003469,0.003509,0.003485,0.003507,0.003539,0.003549,0.003571,0.00358,0.003592,0.003608,0.003613,0.003614,0.003631,0.003626,0.0036120699999999985,0.0036119300000000045,0.0036235433333333396,0.0036208966666666695
-0.12,0.003405,0.003429,0.003468,0.003476,0.003517,0.003494,0.003515,0.003547,0.003558,0.003581,0.00359,0.003601,0.003617,0.003622,0.003623,0.003639,0.003634,0.003623616666666674,0.003624483333333341,0.0036354633333333147,0.0036304933333333378
-0.116,0.003413,0.003437,0.003476,0.003483,0.003524,0.003503,0.003524,0.003556,0.003568,0.003591,0.003599,0.00361,0.003626,0.003631,0.003632,0.003648,0.003643,0.0036325533333333394,0.0036316833333333303,0.0036399599999999985,0.0036332599999999893
-0.112,0.00342,0.003444,0.003483,0.00349,0.003531,0.003511,0.003532,0.003564,0.003577,0.003601,0.003608,0.003618,0.003634,0.003639,0.00364,0.003656,0.003651,0.0036393766666666487,0.0036394666666666603,0.003650596666666667,0.0036437666666666577
-0.108,0.003426,0.003451,0.00349,0.003496,0.003538,0.003518,0.00354,0.003572,0.003586,0.003609,0.003616,0.003626,0.003642,0.003647,0.003648,0.003664,0.00366,0.0036482533333333177,0.0036480099999999984,0.003659009999999992,0.0036545199999999966
-0.104,0.003431,0.003456,0.003495,0.003502,0.003545,0.003525,0.003548,0.00358,0.003594,0.003617,0.003624,0.003634,0.00365,0.003655,0.003656,0.003671,0.003667,0.003656103333333328,0.0036564733333333344,0.0036688299999999867,0.0036643966666666606
-0.1,0.003436,0.003461,0.003501,0.003507,0.003551,0.003532,0.003555,0.003587,0.003603,0.003624,0.003632,0.003641,0.003657,0.003662,0.003663,0.003678,0.003675,0.0036617566666666853,0.0036621333333333285,0.0036731399999999927,0.003667309999999996
-0.096,0.003439,0.003465,0.003505,0.003511,0.003556,0.003539,0.003562,0.003594,0.003611,0.003631,0.00364,0.003648,0.003664,0.003668,0.00367,0.003685,0.003682,0.00367003333333334,0.0036713399999999917,0.003682966666666672,0.0036782466666666603
-0.092,0.003443,0.003469,0.003508,0.003515,0.003561,0.003545,0.003569,0.003601,0.003619,0.003638,0.003648,0.003655,0.003671,0.003675,0.003676,0.003691,0.003689,0.003677613333333336,0.003678773333333341,0.003691483333333328,0.003688686666666684
-0.088,0.003445,0.003472,0.003511,0.003518,0.003566,0.003551,0.003575,0.003607,0.003627,0.003644,0.003656,0.003661,0.003677,0.003681,0.003683,0.003698,0.003695,0.0036853700000000116,0.00368715000000001,0.003700269999999994,0.003697643333333339
-0.084,0.003448,0.003474,0.003514,0.003521,0.003571,0.003557,0.003581,0.003613,0.003634,0.00365,0.003663,0.003667,0.003683,0.003687,0.003689,0.003704,0.003702,0.003688666666666662,0.0036899133333333544,0.0037011133333333403,0.003697776666666668
-0.08,0.003449,0.003476,0.003515,0.003524,0.003575,0.003562,0.003586,0.003619,0.00364,0.003656,0.003669,0.003673,0.003689,0.003693,0.003695,0.00371,0.003708,0.003694216666666645,0.00369523333333334,0.003704110000000004,0.003697850000000014
-0.076,0.003451,0.003477,0.003516,0.003526,0.003579,0.003567,0.003591,0.003624,0.003646,0.003661,0.003675,0.003678,0.003694,0.003698,0.0037,0.003715,0.003714,0.003699356666666657,0.003700603333333344,0.0037132566666666705,0.0037125200000000013
-0.072,0.003451,0.003477,0.003517,0.003528,0.003583,0.003571,0.003596,0.003629,0.003652,0.003665,0.003681,0.003684,0.003699,0.003704,0.003706,0.003721,0.003719,0.003704226666666674,0.003705659999999998,0.0037182366666666596,0.0037164500000000118
-0.068,0.003451,0.003477,0.003517,0.003529,0.003587,0.003575,0.003601,0.003634,0.003657,0.00367,0.003686,0.003688,0.003704,0.003708,0.003711,0.003726,0.003725,0.00370858666666668,0.003711136666666676,0.0037248066666666652,0.003723069999999996
-0.064,0.00345,0.003477,0.003516,0.00353,0.003589,0.003579,0.003604,0.003638,0.003661,0.003674,0.003691,0.003693,0.003709,0.003713,0.003716,0.003731,0.00373,0.0037135766666666686,0.0037164666666666822,0.0037308233333333417,0.003729726666666676
-0.06,0.003449,0.003476,0.003516,0.003531,0.003592,0.003582,0.003608,0.003642,0.003666,0.003677,0.003695,0.003697,0.003713,0.003718,0.00372,0.003735,0.003735,0.0037174333333333406,0.0037190966666666497,0.0037323266666666817,0.0037322933333333503
-0.056,0.003447,0.003475,0.003514,0.003531,0.003594,0.003585,0.003611,0.003644,0.003669,0.00368,0.003698,0.0037,0.003717,0.003721,0.003724,0.003739,0.003739,0.003720416666666664,0.0037225899999999857,0.003735383333333347,0.0037356433333333465
-0.052,0.003444,0.003473,0.003513,0.003531,0.003596,0.003588,0.003614,0.003648,0.003672,0.003683,0.003702,0.003703,0.003721,0.003725,0.003729,0.003743,0.003743,0.003725326666666656,0.003729113333333328,0.0037428500000000176,0.0037430066666666807
-0.048,0.003442,0.003472,0.003511,0.003532,0.003598,0.003591,0.003617,0.003651,0.003675,0.003686,0.003706,0.003707,0.003724,0.003729,0.003733,0.003748,0.003747,0.0037288466666666616,0.003733336666666661,0.0037479233333333308,0.0037473899999999846
-0.044,0.003439,0.003469,0.003509,0.003532,0.0036,0.003594,0.00362,0.003653,0.003678,0.003688,0.003709,0.00371,0.003728,0.003732,0.003737,0.003751,0.003752,0.003732449999999996,0.0037381,0.003752496666666654,0.003752726666666651
-0.04,0.003435,0.003467,0.003507,0.003532,0.003601,0.003596,0.003623,0.003656,0.00368,0.00369,0.003711,0.003712,0.00373,0.003735,0.00374,0.003755,0.003755,0.0037346100000000123,0.003739736666666663,0.003754716666666647,0.0037548099999999804
-0.036,0.00343,0.003464,0.003504,0.00353,0.003601,0.003597,0.003624,0.003657,0.003681,0.003691,0.003712,0.003714,0.003732,0.003737,0.003742,0.003758,0.003758,0.003736723333333342,0.003741983333333331,0.0037576499999999982,0.003757766666666665
-0.032,0.003425,0.00346,0.0035,0.003528,0.0036,0.003598,0.003624,0.003658,0.003681,0.003691,0.003713,0.003715,0.003733,0.003738,0.003744,0.00376,0.00376,0.003737930000000013,0.0037439233333333276,0.003759889999999996,0.003759889999999996
-0.028,0.003419,0.003456,0.003497,0.003526,0.003599,0.003598,0.003624,0.003658,0.003681,0.003691,0.003713,0.003715,0.003734,0.003739,0.003746,0.003762,0.003762,0.003738800000000013,0.003745533333333341,0.0037615233333333433,0.0037615100000000096
-0.024,0.003412,0.003452,0.003493,0.003523,0.003597,0.003597,0.003623,0.003658,0.00368,0.003691,0.003713,0.003715,0.003734,0.00374,0.003747,0.003763,0.003763,0.003739699999999999,0.003747243333333318,0.003763233333333326,0.003762826666666658
-0.02,0.003406,0.003447,0.003489,0.00352,0.003595,0.003595,0.003622,0.003657,0.003679,0.00369,0.003712,0.003714,0.003734,0.00374,0.00375,0.003766,0.003764,0.0037397233333333313,0.003749119999999997,0.0037651000000000065,0.0037635000000000004
-0.016,0.003398,0.003442,0.003484,0.003517,0.003592,0.003594,0.00362,0.003655,0.003677,0.003688,0.003711,0.003713,0.003734,0.003739,0.003753,0.003769,0.003765,0.0037389700000000094,0.003752753333333329,0.0037685700000000045,0.003764616666666676
-0.012,0.003391,0.003437,0.003479,0.003512,0.003589,0.003591,0.003618,0.003653,0.003675,0.003686,0.003709,0.003711,0.003732,0.003738,0.003757,0.003772,0.003765,0.003737790000000012,0.0037562233333333374,0.003771370000000008,0.0037648066666666796
-0.008,0.003383,0.003431,0.003474,0.003508,0.003586,0.003589,0.003615,0.00365,0.003672,0.003684,0.003707,0.003709,0.003731,0.003737,0.003759,0.003775,0.003766,0.0037367933333333414,0.003757729999999999,0.0037733699999999994,0.0037653733333333447
-0.004,0.003374,0.003424,0.003469,0.003503,0.003582,0.003585,0.003611,0.003647,0.003668,0.00368,0.003704,0.003707,0.003728,0.003735,0.003758,0.003774,0.003766,0.0037345400000000123,0.003756053333333335,0.0037716800000000108,0.003764686666666678
0.0,0.003365,0.003417,0.003462,0.003498,0.003578,0.003581,0.003607,0.003643,0.003664,0.003676,0.0037,0.003703,0.003725,0.003733,0.003755,0.003771,0.003765,0.0037324699999999942,0.003752116666666652,0.003766906666666662,0.003761793333333346
0.004,0.003356,0.00341,0.003456,0.003492,0.003573,0.003576,0.003602,0.003638,0.00366,0.003672,0.003696,0.003699,0.003722,0.003733,0.003752,0.003768,0.003764,0.00373209666666666,0.003748946666666655,0.0037644599999999955,0.003761496666666676
0.008,0.003346,0.003402,0.003449,0.003485,0.003568,0.003571,0.003597,0.003633,0.003655,0.003668,0.003691,0.003695,0.003718,0.003734,0.003749,0.003764,0.003762,0.0037325266666666623,0.0037460733333333357,0.0037608866666666682,0.003759376666666679
0.012,0.003337,0.003395,0.003441,0.003479,0.003563,0.003565,0.003592,0.003628,0.00365,0.003663,0.003687,0.003691,0.003714,0.003734,0.003745,0.003761,0.003759,0.003732473333333331,0.0037429100000000094,0.0037584766666666656,0.003756819999999998
0.016,0.003327,0.003387,0.003434,0.003473,0.003558,0.00356,0.003587,0.003623,0.003645,0.003659,0.003682,0.003687,0.00371,0.003734,0.003742,0.003757,0.003756,0.0037307200000000007,0.003738306666666673,0.003753006666666671,0.0037522366666666624
0.02,0.003317,0.003378,0.003427,0.003466,0.003552,0.003554,0.003581,0.003618,0.00364,0.003654,0.003678,0.003682,0.003706,0.003731,0.003738,0.003753,0.003751,0.003726610000000005,0.0037326633333333438,0.0037470066666666626,0.00374630333333332
0.024,0.003307,0.00337,0.003419,0.00346,0.003546,0.003548,0.003575,0.003612,0.003634,0.003649,0.003672,0.003677,0.003701,0.003726,0.003734,0.003749,0.003747,0.003721296666666664,0.003727820000000004,0.003742136666666669,0.003741123333333316
0.028,0.003297,0.003361,0.00341,0.003453,0.003539,0.003542,0.003569,0.003606,0.003628,0.003644,0.003667,0.003672,0.003696,0.003722,0.00373,0.003745,0.003742,0.003717560000000002,0.003724086666666673,0.003737190000000008,0.003735363333333334
0.032,0.003286,0.003351,0.003402,0.003445,0.003532,0.003535,0.003562,0.003599,0.003622,0.003638,0.003661,0.003666,0.003691,0.003717,0.003725,0.00374,0.003738,0.0037135799999999954,0.003720659999999989,0.003734070000000002,0.0037323733333333394
0.036,0.003275,0.003342,0.003393,0.003437,0.003524,0.003528,0.003555,0.003592,0.003615,0.003632,0.003655,0.003661,0.003686,0.003711,0.00372,0.003735,0.003733,0.0037086466666666706,0.003716139999999984,0.003730356666666678,0.003730106666666658
0.04,0.003263,0.003332,0.003383,0.003428,0.003516,0.00352,0.003548,0.003585,0.003608,0.003626,0.003649,0.003655,0.00368,0.003706,0.003715,0.00373,0.003728,0.0037030266666666562,0.003711370000000002,0.003726660000000006,0.0037250966666666527
0.044,0.003251,0.003321,0.003374,0.003419,0.003508,0.003512,0.003541,0.003578,0.003601,0.00362,0.003642,0.003649,0.003677,0.003701,0.003709,0.003725,0.003722,0.003698796666666652,0.003706959999999992,0.003722943333333326,0.0037205133333333314
0.048,0.003239,0.003311,0.003363,0.00341,0.003499,0.003504,0.003532,0.00357,0.003593,0.003613,0.003635,0.003642,0.003676,0.003695,0.003704,0.003719,0.003717,0.003693016666666666,0.003701403333333336,0.0037164266666666747,0.003715243333333329
0.052,0.003226,0.003299,0.003353,0.003399,0.003489,0.003495,0.003524,0.003561,0.003585,0.003606,0.003628,0.003635,0.003674,0.003688,0.003698,0.003713,0.003711,0.003686653333333337,0.0036960099999999905,0.0037110299999999975,0.0037097100000000076
0.056,0.003213,0.003288,0.003342,0.003389,0.003478,0.003485,0.003514,0.003552,0.003577,0.003598,0.00362,0.003628,0.003671,0.003682,0.003691,0.003707,0.003705,0.0036812666666666597,0.003690299999999996,0.003706323333333336,0.0037055399999999955
0.06,0.003199,0.003276,0.00333,0.003377,0.003467,0.003475,0.003505,0.003542,0.003567,0.00359,0.003612,0.003619,0.003665,0.003675,0.003685,0.0037,0.003698,0.0036741099999999987,0.003683610000000008,0.003698550000000007,0.0036990099999999887
0.064,0.003185,0.003263,0.003318,0.003365,0.003456,0.003464,0.003494,0.003532,0.003557,0.003582,0.003603,0.003612,0.003657,0.003668,0.003678,0.003693,0.003691,0.003664676666666668,0.0036759466666666614,0.0036890466666666503,0.0036886233333333265
0.068,0.003171,0.00325,0.003305,0.003352,0.003444,0.003452,0.003483,0.003521,0.003547,0.003572,0.003593,0.003606,0.003648,0.00366,0.003671,0.003685,0.003684,0.003656689999999998,0.003670209999999996,0.0036822500000000067,0.003684206666666673
0.072,0.003156,0.003236,0.003292,0.003339,0.003431,0.00344,0.00347,0.003509,0.003535,0.003561,0.003582,0.003602,0.003639,0.003651,0.003662,0.003677,0.003675,0.003647843333333328,0.003659793333333353,0.0036719533333333426,0.00367413666666666
0.076,0.00314,0.003222,0.003278,0.003325,0.003417,0.003426,0.003457,0.003496,0.003523,0.003549,0.003571,0.003596,0.003629,0.003641,0.003652,0.003668,0.003666,0.0036406533333333377,0.0036544199999999976,0.003668163333333337,0.00366980999999998
0.08,0.003124,0.003207,0.003263,0.00331,0.003402,0.003413,0.003443,0.003482,0.00351,0.003536,0.003559,0.003588,0.003618,0.00363,0.003642,0.003658,0.003656,0.0036314766666666783,0.0036462366666666704,0.0036625766666666757,0.00366894
0.084,0.003108,0.003192,0.003248,0.003295,0.003387,0.003398,0.003428,0.003468,0.003496,0.003522,0.003545,0.003576,0.003606,0.003619,0.003631,0.003647,0.003645,0.0036219366666666777,0.003639006666666673,0.003656993333333324,0.00366518333333333
0.088,0.003091,0.003176,0.003232,0.003279,0.003372,0.003382,0.003413,0.003453,0.003481,0.003507,0.003531,0.003562,0.003593,0.003606,0.00362,0.003635,0.003634,0.003608516666666664,0.0036257699999999874,0.00364161333333335,0.0036476866666666726
0.092,0.003073,0.003159,0.003216,0.003262,0.003356,0.003367,0.003397,0.003438,0.003466,0.003492,0.003516,0.003547,0.003579,0.003593,0.003607,0.003623,0.003621,0.00359291333333332,0.0036092066666666735,0.0036256433333333414,0.0036336499999999996
0.096,0.003056,0.003142,0.0032,0.003245,0.003339,0.00335,0.003381,0.003422,0.00345,0.003476,0.003501,0.003532,0.003565,0.003579,0.003594,0.00361,0.003608,0.0035829233333333314,0.0036000933333333305,0.0036200199999999994,0.0036291900000000087
0.1,0.003038,0.003125,0.003182,0.003228,0.003322,0.003333,0.003364,0.003405,0.003434,0.003459,0.003485,0.003517,0.00355,0.003565,0.00358,0.003596,0.003594,0.0035654433333333455,0.003583426666666672,0.003599313333333341,0.0036055433333333285
0.104,0.003019,0.003107,0.003165,0.00321,0.003305,0.003316,0.003347,0.003388,0.003417,0.003442,0.003469,0.003501,0.003535,0.00355,0.003566,0.003581,0.00358,0.003552610000000013,0.0035716166666666556,0.0035893999999999857,0.003595093333333338
0.108,0.003001,0.003089,0.003146,0.003192,0.003287,0.003299,0.00333,0.003371,0.0034,0.003424,0.003452,0.003485,0.003519,0.003534,0.003551,0.003566,0.003565,0.0035400366666666727,0.0035604733333333325,0.003581419999999986,0.0035918900000000116
0.112,0.002982,0.003071,0.003128,0.003173,0.003268,0.003281,0.003312,0.003353,0.003382,0.003406,0.003435,0.003468,0.003502,0.003518,0.003535,0.003551,0.00355,0.003520080000000007,0.003540986666666661,0.003558646666666662,0.003566070000000013
0.116,0.002963,0.003052,0.003109,0.003154,0.00325,0.003262,0.003294,0.003335,0.003363,0.003389,0.003417,0.003452,0.003486,0.003502,0.003519,0.003535,0.003534,0.0035044733333333346,0.003526033333333346,0.003544596666666652,0.003552300000000005
0.12,0.002944,0.003033,0.00309,0.003135,0.003231,0.003244,0.003276,0.003317,0.003343,0.003373,0.0034,0.003434,0.003469,0.003486,0.003503,0.003519,0.003519,0.0034912199999999993,0.003511440000000011,0.0035340200000000153,0.0035435166666666833
0.124,0.002924,0.003014,0.003071,0.003117,0.003212,0.003225,0.003257,0.003299,0.003325,0.003359,0.003384,0.003417,0.003453,0.003469,0.003487,0.003503,0.003503,0.0034761166666666525,0.0034962600000000067,0.003522343333333342,0.003533093333333343
0.128,0.002905,0.002995,0.003052,0.003097,0.003193,0.003207,0.003239,0.00328,0.003311,0.003345,0.00337,0.0034,0.003436,0.003452,0.00347,0.003486,0.003487,0.003454933333333338,0.003476923333333322,0.0034938366666666647,0.0034998800000000064
0.132,0.002885,0.002975,0.003033,0.003078,0.003174,0.003188,0.00322,0.003262,0.003299,0.00333,0.003357,0.003382,0.003418,0.003435,0.003454,0.003469,0.003471,0.0034338533333333277,0.003455546666666658,0.0034708533333333226,0.0034778766666666667
0.136,0.002866,0.002956,0.003014,0.003058,0.003155,0.003169,0.003201,0.003243,0.003286,0.003313,0.003344,0.003364,0.003401,0.003418,0.003437,0.003452,0.003454,0.003421823333333338,0.0034422533333333407,0.003465480000000006,0.0034731366666666584
0.14,0.002846,0.002937,0.002994,0.003039,0.003136,0.00315,0.003182,0.003224,0.003272,0.003294,0.003328,0.003346,0.003383,0.003401,0.003419,0.003435,0.003437,0.003403803333333326,0.003422343333333319,0.0034460733333333275,0.003451770000000008
0.144,0.002826,0.002917,0.002975,0.003019,0.003117,0.003131,0.003163,0.003205,0.003253,0.003275,0.00331,0.003328,0.003365,0.003383,0.003402,0.003418,0.00342,0.003384173333333343,0.003404406666666669,0.003422903333333335,0.003426859999999993
0.148,0.002807,0.002898,0.002955,0.003,0.003097,0.003111,0.003143,0.003186,0.003234,0.003256,0.003291,0.00331,0.003347,0.003366,0.003384,0.0034,0.003403,0.003363999999999993,0.003384740000000017,0.0034005333333333204,0.003406603333333347
0.152,0.002787,0.002878,0.002936,0.00298,0.003078,0.003092,0.003124,0.003166,0.003214,0.003236,0.003272,0.003292,0.003329,0.003348,0.003366,0.003382,0.003386,0.0033503766666666767,0.003371136666666657,0.003390976666666663,0.0033973366666666675
0.156,0.002768,0.002859,0.002916,0.002961,0.003058,0.003073,0.003105,0.003147,0.003195,0.003217,0.003254,0.003274,0.003311,0.00333,0.003348,0.003364,0.003368,0.0033302833333333543,0.0033504900000000076,0.003367766666666672,0.0033703666666666755
0.16,0.002749,0.00284,0.002897,0.002942,0.003039,0.003054,0.003086,0.003128,0.003176,0.003198,0.003235,0.003255,0.003293,0.003313,0.00333,0.003347,0.00335,0.003314170000000008,0.0033341900000000155,0.0033537366666666593,0.003357736666666659
0.164,0.00273,0.002822,0.002878,0.002923,0.00302,0.003035,0.003067,0.003109,0.003158,0.003179,0.003217,0.003237,0.003275,0.003295,0.003312,0.003329,0.003332,0.003297736666666681,0.003317493333333326,0.0033396566666666766,0.003347596666666666
0.168,0.002711,0.002803,0.002859,0.002904,0.003001,0.003016,0.003048,0.003091,0.003139,0.00316,0.003198,0.003219,0.003257,0.003277,0.003294,0.003311,0.003315,0.0032773633333333203,0.003295400000000009,0.0033159599999999854,0.003320356666666653
0.172,0.002693,0.002784,0.002841,0.002885,0.002982,0.002997,0.00303,0.003072,0.00312,0.003142,0.00318,0.0032,0.003239,0.003259,0.003276,0.003293,0.003297,0.0032593900000000074,0.003278343333333321,0.0032977066666666608,0.003300799999999994
0.176,0.002674,0.002766,0.002822,0.002866,0.002964,0.002978,0.003011,0.003053,0.003101,0.003123,0.003162,0.003182,0.003221,0.003241,0.003258,0.003274,0.003279,0.0032439933333333485,0.0032627166666666586,0.0032817866666666677,0.0032874366666666714
0.18,0.002656,0.002748,0.002804,0.002848,0.002945,0.00296,0.002992,0.003035,0.003083,0.003105,0.003144,0.003164,0.003203,0.003223,0.00324,0.003256,0.003261,0.003225936666666657,0.003246263333333338,0.0032676333333333447,0.003278929999999992
0.184,0.002638,0.00273,0.002786,0.00283,0.002927,0.002941,0.002974,0.003017,0.003065,0.003086,0.003126,0.003146,0.003185,0.003205,0.003222,0.003239,0.003243,0.003205280000000008,0.0032248199999999837,0.0032459566666666654,0.00325056333333333
0.188,0.00262,0.002713,0.002768,0.002812,0.002909,0.002924,0.002956,0.002999,0.003047,0.003068,0.003108,0.003129,0.003167,0.003188,0.003204,0.003221,0.003226,0.0031857599999999967,0.003204533333333326,0.0032238166666666707,0.0032277933333333206
0.192,0.002603,0.002696,0.002751,0.002795,0.002891,0.002906,0.002939,0.002981,0.003029,0.003051,0.003091,0.003111,0.00315,0.00317,0.003187,0.003204,0.003208,0.0031637900000000023,0.0031825766666666827,0.003196499999999994,0.00320323666666666
0.196,0.002586,0.002679,0.002734,0.002778,0.002874,0.002889,0.002922,0.002964,0.003012,0.003034,0.003074,0.003094,0.003133,0.003153,0.00317,0.003186,0.003191,0.0031532799999999927,0.0031722500000000045,0.003190196666666675,0.0032001766666666827
0.2,0.002569,0.002662,0.002717,0.002761,0.002857,0.002871,0.002905,0.002947,0.002995,0.003017,0.003057,0.003077,0.003116,0.003136,0.003152,0.003169,0.003174,0.0031349866666666795,0.0031538266666666804,0.003171626666666655,0.0031794466666666705
0.204,0.002553,0.002646,0.002701,0.002744,0.00284,0.002855,0.002888,0.00293,0.002978,0.003,0.00304,0.003061,0.0031,0.003119,0.003136,0.003153,0.003157,0.0031210233333333302,0.0031397266666666774,0.0031619466666666565,0.003169263333333326
0.208,0.002537,0.00263,0.002685,0.002728,0.002824,0.002839,0.002871,0.002914,0.002962,0.002983,0.003024,0.003045,0.003083,0.003102,0.003119,0.003136,0.003141,0.003106633333333345,0.00312486666666666,0.0031500866666666744,0.0031589833333333186
0.212,0.002521,0.002614,0.002669,0.002712,0.002808,0.002822,0.002855,0.002897,0.002946,0.002967,0.003008,0.003028,0.003067,0.003086,0.003102,0.00312,0.003124,0.0030938400000000087,0.003112650000000011,0.0031415966666666698,0.0031554266666666718
0.216,0.002505,0.002599,0.002653,0.002696,0.002792,0.002806,0.002839,0.002881,0.00293,0.002951,0.002992,0.003013,0.003052,0.00307,0.003086,0.003104,0.003108,0.0030720533333333405,0.0030881566666666736,0.0031107899999999965,0.003117370000000001
0.22,0.00249,0.002584,0.002638,0.002681,0.002776,0.002791,0.002823,0.002865,0.002914,0.002936,0.002976,0.002997,0.003037,0.003055,0.00307,0.003088,0.003093,0.003059140000000006,0.003073833333333341,0.0030976166666666564,0.003104796666666673
0.224,0.002475,0.002569,0.002623,0.002666,0.002761,0.002776,0.002807,0.00285,0.002898,0.002921,0.002961,0.002982,0.003022,0.003039,0.003055,0.003072,0.003077,0.003042886666666675,0.0030586600000000073,0.00308141999999999,0.0030891833333333324
0.228,0.002461,0.002555,0.002608,0.002651,0.002746,0.002761,0.002791,0.002834,0.002883,0.002906,0.002947,0.002967,0.003007,0.003025,0.00304,0.003057,0.003062,0.0030270366666666775,0.00304459000000001,0.0030638099999999884,0.0030698566666666725
0.232,0.002446,0.00254,0.002594,0.002637,0.002731,0.002746,0.002778,0.002819,0.002869,0.002891,0.002932,0.002953,0.002992,0.00301,0.003025,0.003043,0.003047,0.0030156766666666573,0.003031873333333345,0.003055413333333339,0.0030628266666666744
0.236,0.002432,0.002526,0.00258,0.002622,0.002717,0.002732,0.002769,0.002808,0.002854,0.0028770000000000002,0.002918,0.002939,0.002978,0.002995,0.003011,0.003028,0.003033,0.0029965366666666617,0.0030134033333333262,0.0030317666666666715,0.003038739999999988
0.24,0.002419,0.002513,0.002566,0.002608,0.002703,0.002718,0.00276,0.002799,0.00284,0.002863,0.002903,0.002925,0.002964,0.002981,0.002996,0.003013,0.003018,0.00298253333333334,0.0030014566666666655,0.0030184166666666775,0.003025543333333324
0.244,0.002405,0.002499,0.002552,0.002594,0.002689,0.002704,0.002752,0.00279,0.002826,0.002849,0.00289,0.002911,0.00295,0.002967,0.002982,0.002999,0.003004,0.002972366666666682,0.0029902066666666763,0.0030109666666666567,0.0030185466666666693
0.248,0.002392,0.002486,0.002539,0.002581,0.002675,0.00269,0.00274,0.00278,0.002812,0.002836,0.002876,0.002897,0.002937,0.002953,0.002968,0.002985,0.00299,0.002957316666666663,0.0029762599999999975,0.0029967133333333386,0.0030061466666666784
0.252,0.002378,0.002473,0.002526,0.002568,0.002661,0.002676,0.002726,0.002767,0.002798,0.002823,0.002862,0.002884,0.002923,0.00294,0.002954,0.002972,0.002976,0.002942050000000015,0.002961350000000004,0.002978706666666661,0.002985443333333328
0.256,0.002366,0.00246,0.002513,0.002555,0.002648,0.002663,0.002713,0.002753,0.002785,0.00281,0.002849,0.002871,0.00291,0.002927,0.002941,0.002958,0.002963,0.0029303200000000084,0.002947289999999998,0.0029672900000000052,0.0029748833333333446
0.26,0.002353,0.002447,0.0025,0.002542,0.002635,0.002649,0.002701,0.00274,0.002772,0.002797,0.002837,0.002858,0.002898,0.002914,0.002927,0.002945,0.002949,0.002917463333333325,0.0029331733333333395,0.0029553899999999905,0.0029607799999999914
0.264,0.002341,0.002435,0.002488,0.002529,0.002622,0.002635,0.002688,0.002728,0.002759,0.002784,0.002824,0.002846,0.002885,0.002901,0.002915,0.002932,0.002937,0.0029055966666666753,0.002924783333333333,0.002945156666666677,0.002955579999999994
0.268,0.002329,0.002423,0.002475,0.002517,0.00261,0.002622,0.002676,0.002715,0.002747,0.002772,0.002812,0.002833,0.002873,0.002888,0.002902,0.00292,0.002924,0.002890470000000002,0.0029092299999999927,0.0029261966666666735,0.0029326333333333406
0.272,0.002317,0.002411,0.002463,0.002505,0.002597,0.002613,0.002664,0.002703,0.002735,0.00276,0.0028,0.002821,0.00286,0.002876,0.002889,0.002907,0.002911,0.002878826666666661,0.002896243333333337,0.0029148999999999985,0.0029204166666666666
0.276,0.002305,0.002399,0.002451,0.002493,0.002585,0.002606,0.002652,0.002691,0.002722,0.002748,0.002787,0.00281,0.002848,0.002863,0.0028770000000000002,0.002895,0.002899,0.002865826666666651,0.0028851733333333397,0.002903273333333326,0.0029091533333333273
0.28,0.002293,0.002387,0.002439,0.002481,0.002573,0.002601,0.00264,0.002679,0.00271,0.002736,0.002776,0.002798,0.002836,0.002852,0.002865,0.002883,0.002887,0.0028534099999999894,0.0028709366666666686,0.0028884799999999975,0.0028937466666666524
0.284,0.002282,0.002376,0.002428,0.002469,0.002561,0.002594,0.002629,0.002668,0.002698,0.002725,0.002764,0.002787,0.002824,0.00284,0.002853,0.002871,0.002875,0.002843793333333323,0.002863216666666663,0.0028819133333333256,0.0028896266666666548
0.288,0.00227,0.002365,0.002416,0.002457,0.002549,0.002584,0.002617,0.002656,0.002687,0.002713,0.002752,0.002776,0.002813,0.002828,0.002841,0.00286,0.002864,0.0028289700000000088,0.0028453066666666586,0.0028634633333333194,0.002867699999999987
0.292,0.002259,0.002354,0.002405,0.002446,0.002538,0.002573,0.002606,0.002645,0.002675,0.002702,0.002741,0.002765,0.002802,0.002817,0.00283,0.002849,0.002853,0.00282064999999999,0.0028409733333333315,0.002859673333333326,0.002865703333333328
0.296,0.002248,0.002343,0.002394,0.002434,0.002526,0.002561,0.002595,0.002634,0.002664,0.002691,0.002731,0.002754,0.002791,0.002806,0.002819,0.002838,0.002842,0.0028069633333333227,0.0028245400000000056,0.0028442433333333364,0.0028480500000000065
0.3,0.002237,0.002332,0.002383,0.002423,0.002515,0.00255,0.002584,0.002623,0.002653,0.00268,0.00272,0.002744,0.00278,0.002796,0.002808,0.002827,0.002831,0.00279755333333334,0.0028171866666666726,0.0028324900000000087,0.0028388400000000117
0.304,0.002227,0.002321,0.002372,0.002412,0.002504,0.002539,0.002574,0.002612,0.002642,0.002669,0.00271,0.002734,0.00277,0.002785,0.002798,0.002817,0.002821,0.0027886200000000073,0.0028052833333333306,0.002824529999999993,0.002831826666666661
0.308,0.002216,0.00231,0.002361,0.002401,0.002493,0.002529,0.002563,0.002602,0.002632,0.002659,0.002699,0.002723,0.002759,0.002775,0.002787,0.002806,0.002811,0.0027764533333333335,0.0027903199999999937,0.0028096499999999895,0.0028163266666666703
0.312,0.002205,0.0023,0.002351,0.00239,0.002482,0.002518,0.002553,0.002592,0.002621,0.002648,0.002689,0.002713,0.002749,0.002765,0.002777,0.002796,0.002801,0.0027667233333333405,0.0027823633333333357,0.0028010833333333407,0.002807120000000013
0.316,0.002195,0.002289,0.00234,0.00238,0.002471,0.002508,0.002543,0.002581,0.002611,0.002638,0.002679,0.002704,0.002739,0.002755,0.002767,0.002787,0.002791,0.00275494999999999,0.002771579999999993,0.002789579999999991,0.0027956533333333275
0.32,0.002185,0.002279,0.00233,0.00237,0.00246,0.002498,0.002533,0.002571,0.002601,0.002628,0.002669,0.002694,0.00273,0.002745,0.002758,0.002777,0.002782,0.0027451933333333314,0.0027631400000000046,0.002779646666666667,0.0027848766666666584
0.324,0.002174,0.00227,0.00232,0.002359,0.002448,0.002488,0.002523,0.002562,0.002591,0.002619,0.00266,0.002685,0.002721,0.002736,0.002749,0.002768,0.002773,0.002737246666666658,0.002756136666666666,0.0027725266666666633,0.0027787966666666768
0.328,0.002166,0.00226,0.00231,0.002349,0.002437,0.002478,0.002513,0.002552,0.002581,0.002609,0.002651,0.002675,0.002712,0.002727,0.002739,0.002759,0.002764,0.0027279533333333383,0.0027442433333333444,0.002762633333333323,0.0027676733333333284
0.332,0.002162,0.00225,0.002301,0.002339,0.00243,0.002469,0.002504,0.002543,0.002572,0.0026,0.002642,0.002666,0.002703,0.002718,0.002731,0.002751,0.002756,0.0027226533333333334,0.0027396566666666763,0.002762836666666653,0.002771333333333325
0.336,0.002159,0.002241,0.002291,0.002329,0.002425,0.002459,0.002495,0.002533,0.002563,0.002591,0.002633,0.002658,0.002695,0.002709,0.002722,0.002742,0.002748,0.0027135966666666594,0.0027319700000000015,0.002752866666666675,0.0027625299999999866
0.34,0.002155,0.002232,0.002282,0.00232,0.002421,0.00245,0.002486,0.002524,0.002554,0.002582,0.002624,0.002649,0.002686,0.002701,0.002714,0.002734,0.00274,0.002705136666666656,0.00272586333333333,0.0027440833333333393,0.0027531466666666604
0.344,0.00215,0.002223,0.002273,0.002311,0.002416,0.002441,0.002477,0.002516,0.002545,0.002574,0.002616,0.002641,0.002678,0.002693,0.002706,0.002727,0.002732,0.0026953799999999864,0.002714956666666656,0.0027323966666666743,0.0027415366666666548
0.348,0.002139,0.002214,0.002264,0.002301,0.002408,0.002433,0.002468,0.002507,0.002536,0.002565,0.002608,0.002633,0.00267,0.002685,0.002698,0.002719,0.002724,0.0026896266666666733,0.0027101033333333225,0.00273016666666668,0.0027385766666666524
0.352,0.002131,0.002205,0.002255,0.002292,0.002398,0.002424,0.00246,0.002498,0.002527,0.002557,0.0026,0.002625,0.002662,0.002678,0.00269,0.002711,0.002717,0.002682473333333325,0.0027009633333333273,0.0027228266666666765,0.0027312833333333277
0.356,0.002122,0.002197,0.002246,0.002283,0.002389,0.002416,0.002452,0.00249,0.00252,0.00255,0.002592,0.002618,0.002655,0.002671,0.002682,0.002704,0.00271,0.002671729999999991,0.0026876433333333266,0.0027075333333333408,0.0027142033333333302
0.36,0.002114,0.002189,0.002238,0.002275,0.002381,0.002409,0.002444,0.002483,0.002512,0.002543,0.002585,0.002611,0.002648,0.002664,0.002676,0.002697,0.002703,0.0026672799999999984,0.0026842766666666726,0.0027039966666666552,0.002711720000000004
0.364,0.002106,0.002182,0.002231,0.002267,0.002374,0.002401,0.002437,0.002476,0.002505,0.002537,0.002579,0.002605,0.002641,0.002657,0.002669,0.002691,0.002697,0.002658976666666674,0.002675573333333338,0.002696929999999997,0.0027045266666666573
0.368,0.002098,0.002174,0.002223,0.002259,0.002366,0.002395,0.00243,0.002469,0.002498,0.00253,0.002573,0.002599,0.002635,0.002651,0.002663,0.002686,0.00269,0.00265203666666666,0.002668500000000001,0.002689253333333326,0.002694966666666666
0.372,0.00209,0.002167,0.002215,0.002252,0.002359,0.002388,0.002423,0.002462,0.002492,0.002524,0.002567,0.002593,0.002629,0.002645,0.002658,0.002679,0.002685,0.0026457733333333355,0.002664806666666676,0.0026827199999999904,0.0026898333333333422
0.376,0.002082,0.002159,0.002208,0.002244,0.002352,0.002382,0.002417,0.002455,0.002486,0.002519,0.002561,0.002587,0.002623,0.002639,0.002652,0.002674,0.002679,0.0026418466666666583,0.002658909999999997,0.0026827799999999905,0.0026896366666666624
0.38,0.002075,0.002153,0.002201,0.002236,0.002345,0.002376,0.002411,0.002449,0.00248,0.002514,0.002556,0.002582,0.002618,0.002634,0.002647,0.002668,0.002674,0.0026332666666666754,0.00265184666666666,0.0026699666666666682,0.0026762199999999913
0.384,0.002067,0.002146,0.002195,0.002229,0.002338,0.00237,0.002405,0.002444,0.002475,0.00251,0.002552,0.002578,0.002614,0.002629,0.002642,0.002664,0.002669,0.0026295366666666624,0.002646550000000002,0.002666383333333334,0.002672580000000003
0.388,0.00206,0.00214,0.002188,0.002221,0.002332,0.002366,0.0024,0.002439,0.002471,0.002506,0.002548,0.002575,0.00261,0.002625,0.002639,0.00266,0.002665,0.0026248066666666606,0.0026411399999999893,0.0026607499999999973,0.002666240000000003
0.392,0.002053,0.002134,0.002183,0.002214,0.002327,0.002361,0.002396,0.002435,0.002468,0.002504,0.002545,0.002573,0.002607,0.002622,0.002636,0.002656,0.002661,0.0026209166666666737,0.0026375099999999983,0.002655996666666663,0.0026612066666666773
0.396,0.002046,0.002128,0.002177,0.002212,0.002322,0.002358,0.002392,0.002431,0.002465,0.002502,0.002543,0.002571,0.002605,0.002619,0.002634,0.002654,0.002659,0.0026190933333333417,0.0026352500000000113,0.0026546166666666735,0.002660056666666664
0.4,0.002039,0.002123,0.002171,0.002213,0.002317,0.002355,0.002389,0.002428,0.002463,0.002501,0.002542,0.002571,0.002604,0.002618,0.002633,0.002652,0.002657,0.0026181466666666702,0.0026342333333333333,0.0026530066666666592,0.002658363333333343
0.404,0.002032,0.002117,0.002166,0.002214,0.002312,0.002352,0.002387,0.002426,0.002462,0.0025,0.002541,0.002571,0.002604,0.002617,0.002633,0.002652,0.002657,0.002617859999999991,0.002634400000000001,0.002653516666666658,0.0026589000000000087
0.408,0.002026,0.002112,0.002161,0.002213,0.002308,0.002349,0.002384,0.002424,0.002462,0.002501,0.002542,0.002572,0.002605,0.002617,0.002634,0.002652,0.002656,0.0026176266666666594,0.0026351233333333436,0.002654223333333327,0.0026580666666666656
0.412,0.002019,0.002106,0.002155,0.002209,0.002303,0.002347,0.002382,0.002422,0.002462,0.002502,0.002542,0.002573,0.002606,0.002619,0.002636,0.002653,0.002657,0.002620073333333339,0.0026370933333333337,0.0026557866666666735,0.0026610200000000087
0.416,0.002012,0.002101,0.00215,0.002203,0.002299,0.002344,0.00238,0.00242,0.002462,0.002503,0.002543,0.002575,0.002609,0.00262,0.002638,0.002654,0.002659,0.002621046666666663,0.002638826666666667,0.0026554166666666766,0.0026603733333333333
0.42,0.002005,0.002095,0.002144,0.002198,0.002294,0.002342,0.002378,0.002419,0.002463,0.002505,0.002544,0.002578,0.002611,0.002623,0.002641,0.002657,0.002661,0.0026237266666666714,0.0026416900000000004,0.00265826000000001,0.0026628800000000094
0.424,0.001999,0.002089,0.002138,0.002192,0.00229,0.002339,0.002376,0.002417,0.002463,0.002506,0.002546,0.00258,0.002614,0.002626,0.002644,0.002659,0.002663,0.002626900000000005,0.0026453233333333234,0.0026608166666666666,0.0026653633333333323
0.428,0.001992,0.002083,0.002133,0.002187,0.002285,0.002335,0.002373,0.002414,0.002463,0.002507,0.002546,0.002581,0.002617,0.002628,0.002647,0.002661,0.002665,0.0026285399999999995,0.0026475899999999926,0.002661713333333342,0.0026661599999999977
0.432,0.001986,0.002076,0.002126,0.002181,0.002279,0.002331,0.00237,0.002411,0.002462,0.002507,0.002546,0.002582,0.002619,0.00263,0.00265,0.002663,0.002667,0.0026307300000000125,0.002650760000000002,0.0026643700000000005,0.0026687266666666556
0.436,0.00198,0.002069,0.002119,0.002175,0.002273,0.002325,0.002365,0.002406,0.002459,0.002506,0.002545,0.002581,0.002619,0.002631,0.002651,0.002664,0.002668,0.0026323766666666803,0.0026525466666666602,0.002667573333333333,0.0026726999999999975
0.44,0.001973,0.002062,0.002112,0.002168,0.002266,0.002318,0.002359,0.0024,0.002455,0.002503,0.002541,0.002578,0.002619,0.002631,0.002651,0.002663,0.002667,0.002632346666666679,0.002652743333333325,0.002667116666666666,0.0026728333333333226
0.444,0.001967,0.002055,0.002105,0.002161,0.002259,0.002311,0.002352,0.002393,0.00245,0.002498,0.002536,0.002574,0.002616,0.002628,0.00265,0.002661,0.002665,0.0026302266666666635,0.002652226666666673,0.002668173333333343,0.002673919999999998
0.448,0.001961,0.002047,0.002097,0.002154,0.002251,0.002302,0.002344,0.002385,0.002442,0.002491,0.002529,0.002567,0.002611,0.002624,0.002646,0.002656,0.00266,0.002626669999999993,0.002649353333333339,0.002664609999999998,0.0026706166666666652
0.452,0.001956,0.00204,0.002089,0.002146,0.002243,0.002293,0.002335,0.002375,0.002433,0.002482,0.002521,0.002558,0.002604,0.002618,0.00264,0.002649,0.002654,0.0026231100000000027,0.00264594666666666,0.0026640200000000057,0.0026698866666666743
0.456,0.00195,0.002032,0.002081,0.002138,0.002235,0.002283,0.002325,0.002365,0.002423,0.002471,0.00251,0.002547,0.002594,0.002609,0.002631,0.002641,0.002646,0.0026143566666666546,0.0026358100000000062,0.0026510266666666697,0.0026580966666666724
0.46,0.001944,0.002025,0.002073,0.002131,0.002227,0.002273,0.002315,0.002355,0.002411,0.002458,0.002498,0.002534,0.002583,0.002598,0.00262,0.00263,0.002635,0.0026072933333333263,0.0026287266666666616,0.0026478500000000084,0.0026584066666666775
0.464,0.001939,0.002017,0.002065,0.002123,0.002218,0.002263,0.002304,0.002344,0.002399,0.002445,0.002485,0.00252,0.00257,0.002585,0.002608,0.002617,0.002624,0.0025925999999999883,0.002615173333333345,0.0026331633333333253,0.0026410033333333265
0.468,0.001933,0.00201,0.002057,0.002116,0.00221,0.002252,0.002293,0.002333,0.002387,0.002431,0.002471,0.002506,0.002555,0.002571,0.002593,0.002603,0.00261,0.002577919999999994,0.002599593333333328,0.002615963333333341,0.0026270733333333333
0.472,0.001928,0.002003,0.002053,0.002109,0.002203,0.002243,0.002283,0.002323,0.002374,0.002417,0.002458,0.002491,0.00254,0.002557,0.002578,0.002589,0.002596,0.0025637600000000017,0.0025853799999999965,0.0026031599999999933,0.0026131166666666732
0.476,0.001923,0.001996,0.002051,0.002102,0.002195,0.002233,0.002273,0.002312,0.002362,0.002402,0.002444,0.002476,0.002524,0.002541,0.002562,0.002574,0.002582,0.0025476400000000055,0.0025702099999999942,0.0025906033333333305,0.0026035399999999893
0.48,0.001918,0.001988,0.002049,0.002095,0.002187,0.002224,0.002263,0.002302,0.002349,0.002389,0.00243,0.002461,0.002509,0.002526,0.002545,0.002558,0.002567,0.002532446666666668,0.002552273333333341,0.0025719866666666577,0.002587496666666658
0.484,0.001914,0.001982,0.002045,0.002088,0.00218,0.002215,0.002254,0.002293,0.002338,0.002375,0.002417,0.002447,0.002494,0.002511,0.002529,0.002544,0.002553,0.002516170000000007,0.0025340700000000037,0.002556036666666664,0.002566783333333341
0.488,0.001909,0.00198,0.002039,0.002082,0.002173,0.002207,0.002246,0.002284,0.002327,0.002363,0.002405,0.002433,0.00248,0.002496,0.002514,0.002529,0.002539,0.0025008166666666783,0.002521876666666673,0.0025421733333333353,0.0025558133333333285
0.492,0.001905,0.00198,0.002033,0.002076,0.002167,0.0022,0.002238,0.002276,0.002317,0.002351,0.002394,0.002421,0.002466,0.002483,0.0025,0.002516,0.002526,0.0024876766666666744,0.002508179999999991,0.002528276666666661,0.0025417200000000025
0.496,0.0019,0.001979,0.002027,0.002071,0.002161,0.002192,0.00223,0.002268,0.002307,0.002341,0.002384,0.00241,0.002454,0.002471,0.002486,0.002504,0.002514,0.00246808,0.0024868599999999914,0.0025039533333333242,0.0025140133333333404
0.5,0.001896,0.001977,0.002022,0.002065,0.002155,0.002186,0.002223,0.002261,0.002299,0.002331,0.002374,0.0024,0.002443,0.002459,0.002474,0.002493,0.002503,0.002460696666666662,0.0024791499999999894,0.0024985599999999956,0.0025106266666666726
0.504,0.001891,0.001972,0.002017,0.00206,0.002149,0.00218,0.002217,0.002255,0.00229,0.002322,0.002365,0.00239,0.002432,0.002448,0.002463,0.002482,0.002493,0.0024488033333333373,0.0024671166666666634,0.002485613333333327,0.002496750000000001
0.508,0.001887,0.001966,0.002013,0.002055,0.002144,0.002173,0.002211,0.002249,0.002283,0.002313,0.002357,0.002381,0.002422,0.002438,0.002452,0.002472,0.002483,0.002439396666666677,0.002455970000000004,0.002475709999999999,0.0024867000000000075
0.512,0.001883,0.001962,0.002008,0.00205,0.002138,0.002168,0.002205,0.002243,0.002276,0.002305,0.00235,0.002373,0.002413,0.002429,0.002443,0.002463,0.002474,0.002431616666666672,0.002447969999999992,0.0024686933333333294,0.0024805933333333276
0.516,0.001879,0.001958,0.002003,0.002045,0.002133,0.002162,0.002199,0.002237,0.002269,0.002298,0.002343,0.002365,0.002405,0.002421,0.002434,0.002455,0.002465,0.0024215433333333375,0.002435936666666675,0.0024563499999999913,0.002466880000000009
0.52,0.001875,0.001954,0.001999,0.002041,0.002128,0.002157,0.002194,0.002232,0.002263,0.002292,0.002336,0.002358,0.002397,0.002413,0.002426,0.002446,0.002456,0.002413236666666666,0.0024282233333333407,0.002447549999999989,0.002457623333333341
0.524,0.001871,0.00195,0.001995,0.002036,0.002124,0.002152,0.002189,0.002226,0.002257,0.002285,0.002329,0.002351,0.00239,0.002405,0.002418,0.002439,0.002448,0.0024073466666666645,0.002423150000000005,0.002443596666666664,0.0024535233333333357
0.528,0.001868,0.001946,0.001991,0.002032,0.002119,0.002147,0.002185,0.002221,0.002251,0.002279,0.002323,0.002345,0.002383,0.002398,0.00241,0.002431,0.00244,0.002398646666666672,0.002413333333333341,0.0024336966666666606,0.002442973333333332
0.532,0.001864,0.001942,0.001986,0.002028,0.002114,0.002143,0.00218,0.002216,0.002245,0.002273,0.002317,0.002338,0.002376,0.002391,0.002401,0.002423,0.002432,0.00239087666666667,0.0024038933333333265,0.0024247266666666567,0.0024339999999999935
0.536,0.00186,0.001938,0.001982,0.002024,0.00211,0.002138,0.002176,0.002212,0.00224,0.002268,0.002312,0.002332,0.002369,0.002384,0.002395,0.002416,0.002424,0.0023832800000000084,0.0023952566666666656,0.002415266666666656,0.00242362999999999
0.54,0.001856,0.001935,0.001978,0.00202,0.002106,0.002134,0.002171,0.002207,0.002234,0.002263,0.002306,0.002326,0.002363,0.002378,0.002388,0.002409,0.002416,0.002378909999999999,0.002391129999999991,0.002410826666666663,0.002418563333333322
0.544,0.001853,0.001931,0.001974,0.002016,0.002101,0.00213,0.002167,0.002203,0.002229,0.002258,0.0023,0.002321,0.002357,0.002371,0.002382,0.002402,0.002408,0.002372613333333338,0.0023854399999999956,0.002405156666666671,0.0024121633333333285
0.548,0.001849,0.001927,0.00197,0.002012,0.002097,0.002126,0.002162,0.002198,0.002224,0.002253,0.002295,0.002315,0.002351,0.002364,0.002376,0.002394,0.002401,0.002364196666666668,0.0023769133333333354,0.002394503333333337,0.002401393333333324
0.552,0.001845,0.001923,0.001966,0.002008,0.002093,0.002122,0.002158,0.002194,0.00222,0.002248,0.00229,0.00231,0.002345,0.002358,0.002369,0.002387,0.002393,0.002357696666666668,0.002369373333333328,0.0023863400000000007,0.0023927399999999913
0.556,0.001842,0.00192,0.001963,0.002004,0.002089,0.002118,0.002153,0.002189,0.002215,0.002243,0.002285,0.002305,0.002339,0.002352,0.002363,0.002381,0.002386,0.0023516366666666722,0.0023628100000000042,0.00238021333333333,0.002385643333333335
0.56,0.001838,0.001916,0.001959,0.002,0.002085,0.002114,0.002149,0.002185,0.00221,0.002239,0.002279,0.002299,0.002333,0.002347,0.002356,0.002374,0.002379,0.0023462033333333295,0.0023558133333333423,0.002373726666666661,0.0023786266666666776
0.564,0.001834,0.001912,0.001955,0.001996,0.00208,0.00211,0.002145,0.00218,0.002205,0.002234,0.002275,0.002294,0.002328,0.002341,0.00235,0.002368,0.002372,0.0023408433333333336,0.0023497933333333334,0.0023677400000000006,0.0023723300000000045
0.568,0.001831,0.001909,0.001951,0.001992,0.002076,0.002106,0.002141,0.002176,0.002201,0.00223,0.00227,0.002289,0.002323,0.002335,0.002345,0.002362,0.002366,0.002334689999999992,0.002343986666666668,0.0023613666666666582,0.0023657366666666583
0.572,0.001827,0.001905,0.001947,0.001988,0.002072,0.002103,0.002137,0.002171,0.002196,0.002225,0.002265,0.002285,0.002317,0.00233,0.002339,0.002356,0.00236,0.002329893333333344,0.0023393999999999924,0.0023560433333333418,0.0023603200000000004
0.576,0.001823,0.001901,0.001943,0.001984,0.002068,0.002099,0.002132,0.002167,0.002192,0.002221,0.002261,0.00228,0.002313,0.002325,0.002334,0.002351,0.002354,0.0023249700000000074,0.00233499666666666,0.0023515733333333315,0.0023548566666666652
0.58,0.00182,0.001898,0.00194,0.001981,0.002064,0.002095,0.002128,0.002163,0.002187,0.002216,0.002256,0.002275,0.002308,0.00232,0.002329,0.002345,0.002348,0.0023199533333333284,0.0023299366666666753,0.00234642666666667,0.002349796666666671
0.584,0.001816,0.001894,0.001936,0.001977,0.00206,0.002091,0.002124,0.002159,0.002183,0.002212,0.002251,0.002271,0.002303,0.002315,0.002324,0.00234,0.002343,0.002317086666666663,0.0023296899999999975,0.0023447300000000045,0.0023483999999999957
0.588,0.001812,0.00189,0.001932,0.001973,0.002056,0.002088,0.00212,0.002154,0.002178,0.002208,0.002247,0.002266,0.002298,0.00231,0.002319,0.002335,0.002337,0.00230996666666667,0.002321019999999996,0.002336583333333328,0.0023393200000000024
0.592,0.001808,0.001886,0.001929,0.001969,0.002052,0.002084,0.002115,0.00215,0.002174,0.002203,0.002243,0.002262,0.002293,0.002305,0.002314,0.00233,0.002332,0.002307573333333335,0.002319570000000003,0.0023351100000000087,0.002338530000000001
0.596,0.001804,0.001882,0.001925,0.001965,0.002048,0.002079,0.002111,0.002146,0.00217,0.002199,0.002238,0.002257,0.002289,0.0023,0.002309,0.002325,0.002327,0.002300286666666666,0.002310543333333337,0.0023262833333333407,0.0023294533333333336
0.6,0.001801,0.001879,0.001921,0.001961,0.002044,0.002075,0.002107,0.002141,0.002165,0.002194,0.002234,0.002252,0.002284,0.002296,0.002305,0.00232,0.002322,0.002296336666666665,0.002306980000000001,0.0023220166666666608,0.0023250600000000064
0.604,0.001797,0.001875,0.001917,0.001957,0.00204,0.002071,0.002102,0.002137,0.002161,0.00219,0.002229,0.002248,0.00228,0.002291,0.0023,0.002315,0.002318,0.0022917033333333375,0.002301543333333334,0.002317126666666662,0.002321216666666672
0.608,0.001793,0.001871,0.001913,0.001953,0.002036,0.002067,0.002098,0.002133,0.002156,0.002185,0.002224,0.002244,0.002275,0.002287,0.002295,0.00231,0.002313,0.0022864200000000047,0.0022948966666666735,0.0023108900000000016,0.0023146200000000025
0.612,0.00179,0.001868,0.001909,0.001949,0.002033,0.002063,0.002094,0.002128,0.002152,0.002181,0.00222,0.002239,0.00227,0.002282,0.002291,0.002306,0.002308,0.0022820600000000024,0.002291823333333339,0.0023072766666666663,0.002310336666666656
0.616,0.001786,0.001864,0.001905,0.001945,0.002029,0.002059,0.00209,0.002124,0.002147,0.002176,0.002216,0.002235,0.002266,0.002277,0.002286,0.002301,0.002304,0.0022780099999999905,0.0022889600000000057,0.002304406666666664,0.002308423333333321
0.62,0.001782,0.00186,0.001901,0.001941,0.002025,0.002055,0.002085,0.00212,0.002143,0.002172,0.002211,0.00223,0.002261,0.002273,0.002282,0.002297,0.002299,0.0022735000000000003,0.00228429666666667,0.0022995866666666617,0.0023034566666666734
0.624,0.001778,0.001856,0.001897,0.001937,0.002021,0.002051,0.002081,0.002115,0.002139,0.002167,0.002207,0.002226,0.002257,0.002268,0.002277,0.002292,0.002295,0.0022691066666666736,0.002279586666666658,0.0022953233333333272,0.0022994633333333404
0.628,0.001772,0.001853,0.001894,0.001933,0.002018,0.002047,0.002077,0.002111,0.002134,0.002163,0.002203,0.002221,0.002252,0.002264,0.002272,0.002288,0.00229,0.0022644566666666726,0.0022737766666666736,0.0022904199999999944,0.0022940200000000043
0.632,0.001769,0.001849,0.00189,0.001929,0.002014,0.002043,0.002073,0.002107,0.00213,0.002159,0.002199,0.002217,0.002248,0.00226,0.002268,0.002283,0.002285,0.002262066666666671,0.00227338333333334,0.002290826666666668,0.0022961866666666624
0.636,0.001768,0.001845,0.001886,0.001926,0.00201,0.002039,0.002068,0.002102,0.002126,0.002155,0.002194,0.002212,0.002244,0.002255,0.002264,0.002279,0.00228,0.002256476666666672,0.002267980000000004,0.0022845799999999996,0.0022880966666666593
0.64,0.001769,0.001841,0.001882,0.001922,0.002007,0.002035,0.002064,0.002098,0.002122,0.002151,0.00219,0.002208,0.002239,0.002251,0.002259,0.002274,0.002276,0.002250650000000002,0.002259340000000006,0.002275703333333332,0.002278383333333325
0.644,0.001769,0.001837,0.001878,0.001918,0.002003,0.002031,0.00206,0.002094,0.002118,0.002147,0.002186,0.002204,0.002235,0.002246,0.002255,0.00227,0.002271,0.002246943333333334,0.0022566633333333374,0.002273366666666662,0.002275766666666674
0.648,0.001768,0.001833,0.001874,0.001914,0.001999,0.002027,0.002056,0.00209,0.002113,0.002142,0.002181,0.0022,0.00223,0.002242,0.002251,0.002265,0.002267,0.002243669999999999,0.002253406666666669,0.0022698099999999962,0.002273120000000007
0.652,0.001764,0.00183,0.00187,0.00191,0.001995,0.002023,0.002052,0.002086,0.002109,0.002139,0.002177,0.002196,0.002226,0.002238,0.002246,0.002261,0.002262,0.002238726666666664,0.002249263333333333,0.0022641499999999978,0.00226712666666666
0.656,0.001759,0.001826,0.001867,0.001906,0.001991,0.002019,0.002048,0.002082,0.002105,0.002134,0.002173,0.002191,0.002222,0.002233,0.002242,0.002256,0.002258,0.0022337966666666712,0.0022427433333333316,0.0022579033333333344,0.0022601766666666607
0.66,0.001756,0.001822,0.001863,0.001903,0.001987,0.002015,0.002044,0.002077,0.002101,0.00213,0.002168,0.002187,0.002218,0.002229,0.002238,0.002252,0.002253,0.0022295666666666703,0.002238723333333332,0.002254383333333333,0.002256023333333329
0.664,0.001753,0.001818,0.001859,0.001899,0.001983,0.002011,0.00204,0.002073,0.002097,0.002126,0.002164,0.002183,0.002213,0.002224,0.002233,0.002247,0.002248,0.0022245733333333363,0.0022346300000000044,0.0022493366666666657,0.002250983333333345
0.668,0.00175,0.001815,0.001856,0.001895,0.001979,0.002007,0.002036,0.002069,0.002093,0.002123,0.00216,0.002179,0.002209,0.00222,0.002229,0.002243,0.002244,0.0022213933333333326,0.0022322766666666694,0.002247176666666663,0.002249653333333344
0.672,0.001746,0.001811,0.001852,0.001892,0.001976,0.002003,0.002032,0.002066,0.002089,0.002119,0.002156,0.002175,0.002205,0.002216,0.002225,0.002238,0.00224,0.002217386666666663,0.0022280766666666675,0.0022422033333333296,0.0022447533333333396
0.676,0.001743,0.001808,0.001849,0.001889,0.001972,0.001999,0.002028,0.002062,0.002085,0.002115,0.002152,0.002171,0.002201,0.002212,0.002221,0.002234,0.002235,0.0022142699999999956,0.0022245333333333317,0.0022396799999999965,0.002241656666666662
0.68,0.00174,0.001805,0.001845,0.001886,0.001968,0.001996,0.002024,0.002058,0.002081,0.002111,0.002148,0.002167,0.002197,0.002207,0.002216,0.00223,0.002231,0.0022074066666666605,0.002217283333333329,0.0022319066666666642,0.002233543333333325
0.684,0.001737,0.001801,0.001842,0.001882,0.001965,0.001992,0.002021,0.002054,0.002077,0.002107,0.002144,0.002163,0.002193,0.002203,0.002212,0.002225,0.002226,0.002203356666666661,0.0022129899999999937,0.0022263900000000004,0.002227959999999992
0.688,0.001734,0.001798,0.001838,0.00188,0.001961,0.001988,0.002017,0.00205,0.002073,0.002103,0.00214,0.002159,0.002188,0.002199,0.002208,0.002221,0.002222,0.002199563333333326,0.002209509999999991,0.002222740000000001,0.002224559999999993
0.692,0.00173,0.001795,0.001835,0.001877,0.001957,0.001985,0.002014,0.002046,0.002069,0.002099,0.002136,0.002155,0.002184,0.002195,0.002204,0.002217,0.002218,0.002196213333333327,0.0022060166666666584,0.0022206566666666773,0.002222403333333341
0.696,0.001727,0.001791,0.001832,0.001874,0.001954,0.001981,0.00201,0.002043,0.002066,0.002096,0.002132,0.002151,0.00218,0.002191,0.0022,0.002213,0.002214,0.0021923166666666747,0.002202343333333323,0.0022175066666666765,0.002219610000000007
0.7,0.001724,0.001788,0.001828,0.001871,0.001951,0.001978,0.002006,0.00204,0.002062,0.002092,0.002129,0.002147,0.002176,0.002187,0.002196,0.002209,0.00221,0.002187733333333339,0.0021968166666666575,0.002211856666666675,0.0022134600000000056
0.704,0.001721,0.001786,0.001825,0.001868,0.001947,0.001975,0.002003,0.002036,0.002059,0.002089,0.002125,0.002144,0.002172,0.002183,0.002192,0.002205,0.002206,0.0021835533333333383,0.0021933200000000003,0.002207610000000008,0.0022088433333333395
0.708,0.001718,0.001783,0.001822,0.001866,0.001944,0.001972,0.002,0.002033,0.002055,0.002085,0.002122,0.00214,0.002169,0.002179,0.002188,0.002202,0.002202,0.002179553333333334,0.0021888533333333333,0.002203413333333338,0.0022044466666666686
0.712,0.001715,0.00178,0.00182,0.001863,0.001941,0.001969,0.001997,0.00203,0.002052,0.002082,0.002119,0.002137,0.002166,0.002176,0.002185,0.002198,0.002199,0.0021766233333333305,0.002186039999999998,0.002199463333333332,0.0022005499999999943
0.716,0.001712,0.001777,0.001817,0.00186,0.001938,0.001966,0.001994,0.002027,0.002049,0.002079,0.002116,0.002134,0.002163,0.002173,0.002182,0.002195,0.002196,0.002173423333333327,0.0021828100000000055,0.002196646666666659,0.0021978699999999902
0.72,0.00171,0.001774,0.001815,0.001858,0.001935,0.001963,0.001992,0.002024,0.002046,0.002076,0.002113,0.002131,0.002159,0.00217,0.002179,0.002192,0.002193,0.002169926666666669,0.0021784300000000007,0.002193010000000004,0.0021945100000000015
0.724,0.001707,0.001772,0.001812,0.001855,0.001933,0.001961,0.001989,0.002021,0.002044,0.002074,0.00211,0.002129,0.002157,0.002167,0.002176,0.00219,0.00219,0.0021682166666666665,0.0021769999999999958,0.0021925933333333428,0.002193996666666675
0.728,0.001705,0.00177,0.00181,0.001853,0.00193,0.001959,0.001986,0.002019,0.002041,0.002071,0.002108,0.002126,0.002154,0.002164,0.002173,0.002187,0.002188,0.0021650833333333413,0.002174293333333325,0.0021899500000000073,0.0021916400000000016
0.732,0.001702,0.001768,0.001808,0.00185,0.001928,0.001957,0.001984,0.002016,0.002039,0.002069,0.002105,0.002124,0.002152,0.002162,0.002171,0.002185,0.002186,0.0021616333333333345,0.0021707533333333298,0.0021853199999999962,0.0021866933333333396
0.736,0.001701,0.001766,0.001806,0.001848,0.001926,0.001955,0.001982,0.002015,0.002037,0.002067,0.002103,0.002123,0.00215,0.00216,0.002169,0.002184,0.002185,0.002160233333333337,0.0021694599999999894,0.0021848433333333324,0.002186236666666663
0.74,0.001699,0.001764,0.001805,0.001846,0.001924,0.001954,0.001981,0.002013,0.002035,0.002066,0.002102,0.002121,0.002148,0.002158,0.002168,0.002183,0.002185,0.0021582133333333284,0.0021678799999999927,0.002183600000000003,0.0021856999999999966
0.744,0.001697,0.001763,0.001804,0.001845,0.001922,0.001953,0.00198,0.002012,0.002034,0.002064,0.002101,0.00212,0.002147,0.002158,0.002167,0.002183,0.002185,0.002157886666666663,0.0021670366666666652,0.0021838866666666697,0.0021860099999999995
0.748,0.001696,0.001762,0.001803,0.001844,0.001921,0.001952,0.001979,0.002011,0.002033,0.002064,0.0021,0.00212,0.002146,0.002157,0.002166,0.002184,0.002186,0.002157446666666666,0.0021666866666666664,0.0021850099999999985,0.002187423333333342
0.752,0.001695,0.001761,0.001803,0.001843,0.00192,0.001952,0.001979,0.00201,0.002033,0.002063,0.0021,0.00212,0.002146,0.002157,0.002167,0.002185,0.002188,0.002157839999999998,0.002167469999999997,0.0021864433333333303,0.002189613333333336
0.756,0.001695,0.001761,0.001803,0.001842,0.001919,0.001952,0.001979,0.00201,0.002033,0.002064,0.0021,0.002121,0.002147,0.002158,0.002168,0.002188,0.002191,0.0021582166666666625,0.0021681866666666606,0.0021881300000000004,0.002191090000000008
0.76,0.001694,0.00176,0.001803,0.001842,0.001919,0.001953,0.001979,0.002011,0.002033,0.002064,0.002101,0.002122,0.002148,0.00216,0.00217,0.002192,0.002195,0.002159696666666669,0.002169793333333333,0.002191326666666668,0.002194466666666662
0.764,0.001694,0.001761,0.001803,0.001842,0.001919,0.001955,0.00198,0.002012,0.002034,0.002066,0.002103,0.002125,0.00215,0.002162,0.002173,0.002196,0.0022,0.0021615399999999987,0.0021722199999999925,0.0021944466666666586,0.0021983133333333253
0.768,0.001695,0.001762,0.001804,0.001843,0.00192,0.001958,0.001982,0.002014,0.002036,0.002068,0.002106,0.002129,0.002153,0.002166,0.002177,0.002203,0.002207,0.00216462,0.002175399999999993,0.002198836666666661,0.0022027699999999954
0.772,0.001696,0.001764,0.001806,0.001844,0.001921,0.001962,0.001985,0.002017,0.00204,0.002072,0.00211,0.002134,0.002158,0.002171,0.002183,0.002211,0.002215,0.0021706266666666665,0.002182963333333335,0.002207823333333331,0.0022122633333333318
0.776,0.001698,0.001766,0.001808,0.001846,0.001923,0.001967,0.001989,0.002021,0.002044,0.002077,0.002116,0.00214,0.002164,0.002177,0.00219,0.002222,0.002226,0.0021772966666666607,0.0021907000000000094,0.002218849999999991,0.0022228566666666586
0.78,0.0017,0.001769,0.00181,0.001848,0.001926,0.001972,0.001994,0.002026,0.002049,0.002083,0.002122,0.002148,0.002171,0.002184,0.002198,0.002234,0.002239,0.0021840966666666632,0.002197320000000003,0.0022294966666666634,0.0022352533333333275
0.784,0.001702,0.001772,0.001812,0.001851,0.001929,0.001979,0.002,0.002032,0.002055,0.002089,0.00213,0.002157,0.002179,0.002194,0.002208,0.002248,0.002253,0.0021951066666666655,0.0022100999999999935,0.002244756666666676,0.00225111666666666
0.788,0.001704,0.001776,0.001815,0.001854,0.001932,0.001986,0.002006,0.002038,0.002061,0.002097,0.002138,0.002167,0.002188,0.002204,0.002219,0.002264,0.00227,0.0022030599999999945,0.002218396666666667,0.002256323333333339,0.0022626599999999958
0.792,0.001707,0.00178,0.001818,0.001857,0.001936,0.001995,0.002013,0.002045,0.002069,0.002106,0.002148,0.002178,0.002199,0.002216,0.002232,0.002283,0.002289,0.0022162733333333305,0.0022321433333333386,0.002277006666666671,0.002283963333333329
0.796,0.00171,0.001783,0.001821,0.001861,0.00194,0.002004,0.002021,0.002053,0.002078,0.002115,0.00216,0.00219,0.002212,0.002229,0.002247,0.002303,0.00231,0.002230883333333337,0.002248586666666667,0.0022995833333333436,0.0023071700000000016
0.8,0.001713,0.001787,0.001825,0.001865,0.001945,0.002014,0.00203,0.002061,0.002088,0.002126,0.002172,0.002204,0.002225,0.002244,0.002264,0.002325,0.002333,0.0022472233333333423,0.002268613333333337,0.002322833333333341,0.0023323033333333323
0.804,0.001715,0.001791,0.001829,0.001869,0.00195,0.002024,0.002039,0.002071,0.002099,0.002138,0.002185,0.002219,0.00224,0.00226,0.002282,0.00235,0.002358,0.0022623600000000045,0.0022842900000000044,0.002344106666666667,0.0023543366666666688
0.808,0.001717,0.001794,0.001832,0.001873,0.001955,0.002035,0.002048,0.00208,0.00211,0.00215,0.002199,0.002235,0.002256,0.002278,0.002301,0.002376,0.002384,0.0022841933333333344,0.0023090866666666664,0.002380676666666675,0.002391730000000013
0.812,0.001719,0.001797,0.001836,0.001877,0.00196,0.002045,0.002057,0.002089,0.002121,0.002163,0.002214,0.002251,0.002273,0.002296,0.002321,0.002403,0.002411,0.002298906666666665,0.0023256766666666724,0.0024011300000000065,0.0024137500000000096
0.816,0.00172,0.0018,0.001839,0.00188,0.001964,0.002055,0.002066,0.002098,0.002131,0.002175,0.002228,0.002268,0.00229,0.002315,0.002342,0.00243,0.002439,0.0023156266666666627,0.0023448566666666617,0.0024224500000000052,0.0024348733333333324
0.82,0.001721,0.001802,0.001841,0.001883,0.001968,0.002063,0.002073,0.002106,0.002141,0.002187,0.002242,0.002284,0.002308,0.002333,0.002363,0.002457,0.002467,0.002340506666666665,0.002372163333333338,0.0024650900000000057,0.0024798933333333357
0.824,0.001721,0.001803,0.001843,0.001885,0.001971,0.002071,0.00208,0.002113,0.002151,0.002199,0.002255,0.002299,0.002324,0.002352,0.002384,0.002484,0.002495,0.002354463333333338,0.002387386666666674,0.002483006666666671,0.002498760000000012
0.828,0.001721,0.001804,0.001844,0.001886,0.001973,0.002076,0.002086,0.002118,0.00216,0.002209,0.002267,0.002313,0.002341,0.00237,0.002404,0.00251,0.002522,0.0023703233333333272,0.0024050566666666637,0.0025038133333333407,0.002519520000000011
0.832,0.001721,0.001804,0.001844,0.001887,0.001974,0.002081,0.00209,0.002123,0.002167,0.002219,0.002278,0.002326,0.002356,0.002387,0.002424,0.002535,0.002548,0.0023907166666666648,0.0024281933333333244,0.00253613666666666,0.0025511466666666652
0.836,0.00172,0.001803,0.001844,0.001887,0.001975,0.002084,0.002093,0.002126,0.002174,0.002227,0.002288,0.002337,0.00237,0.002403,0.002443,0.002559,0.002573,0.002407090000000005,0.002447016666666656,0.0025591399999999936,0.0025741533333333423
0.84,0.001719,0.001803,0.001843,0.001886,0.001975,0.002084,0.002094,0.002128,0.002178,0.002233,0.002295,0.002347,0.002383,0.002418,0.00246,0.00258,0.002595,0.002422243333333335,0.002464213333333339,0.0025819000000000124,0.002597426666666675
0.844,0.001718,0.001801,0.001842,0.001885,0.001974,0.002083,0.002093,0.002128,0.002181,0.002237,0.002301,0.002355,0.002394,0.002431,0.002475,0.002599,0.002615,0.002434239999999999,0.002478450000000002,0.0026004866666666754,0.002616586666666671
0.848,0.001717,0.0018,0.001841,0.001884,0.001973,0.00208,0.002091,0.002126,0.002181,0.00224,0.002304,0.00236,0.002403,0.002441,0.002489,0.002614,0.002632,0.002442866666666678,0.002490283333333329,0.0026139266666666714,0.002631359999999998
0.852,0.001715,0.001798,0.001839,0.001881,0.00197,0.002076,0.002088,0.002123,0.002181,0.002241,0.002306,0.002363,0.00241,0.002449,0.002499,0.002627,0.002647,0.002450680000000003,0.0025008933333333315,0.0026276833333333392,0.0026470233333333276
0.856,0.001714,0.001796,0.001837,0.001879,0.001968,0.00207,0.002083,0.002119,0.002178,0.00224,0.002305,0.002364,0.002414,0.002455,0.002508,0.002637,0.002658,0.002455489999999995,0.0025083766666666616,0.0026364499999999994,0.0026572100000000053
0.86,0.001713,0.001794,0.001836,0.001877,0.001965,0.002064,0.002078,0.002115,0.002175,0.002238,0.002303,0.002363,0.002417,0.002459,0.002514,0.002644,0.002667,0.0024585866666666624,0.0025133400000000063,0.0026419199999999916,0.0026641833333333254
0.864,0.001712,0.001792,0.001834,0.001875,0.001963,0.002057,0.002073,0.002109,0.00217,0.002234,0.002299,0.002361,0.002417,0.00246,0.002518,0.002648,0.002673,0.0024599433333333393,0.002517256666666673,0.002645909999999994,0.0026701266666666703
0.868,0.001711,0.001791,0.001832,0.001873,0.00196,0.00205,0.002068,0.002104,0.002165,0.002229,0.002294,0.002356,0.002416,0.00246,0.00252,0.002649,0.002676,0.0024595833333333397,0.0025194666666666665,0.0026483233333333372,0.002675326666666676
0.872,0.001711,0.00179,0.001831,0.001871,0.001957,0.002043,0.002062,0.002098,0.002159,0.002223,0.002288,0.002351,0.002413,0.002458,0.002519,0.002648,0.002677,0.002456443333333326,0.002517673333333338,0.0026458699999999916,0.002674716666666677
0.876,0.001711,0.001789,0.00183,0.00187,0.001955,0.002036,0.002056,0.002093,0.002153,0.002218,0.002282,0.002344,0.00241,0.002454,0.002517,0.002644,0.002676,0.002453739999999994,0.0025155733333333302,0.0026422233333333258,0.002671760000000008
0.88,0.001712,0.001788,0.001829,0.001869,0.001954,0.00203,0.002051,0.002088,0.002147,0.002211,0.002275,0.002337,0.002404,0.002449,0.002513,0.002638,0.002672,0.002447793333333336,0.0025111533333333266,0.002635600000000005,0.002668943333333336
0.884,0.001712,0.001788,0.001829,0.001868,0.001952,0.002024,0.002046,0.002083,0.002141,0.002205,0.002267,0.002329,0.002398,0.002443,0.002508,0.002631,0.002667,0.0024431599999999885,0.0025065966666666596,0.002629320000000011,0.0026623266666666572
0.888,0.001713,0.001787,0.001828,0.001867,0.00195,0.002018,0.002041,0.002079,0.002135,0.002199,0.00226,0.002321,0.002391,0.002436,0.002502,0.002622,0.00266,0.00243482666666666,0.002499180000000001,0.002617770000000005,0.002653903333333328
0.892,0.001715,0.001788,0.001828,0.001866,0.001949,0.002013,0.002037,0.002075,0.00213,0.002193,0.002253,0.002313,0.002384,0.002428,0.002494,0.002612,0.002651,0.0024274533333333253,0.002492393333333333,0.0026086099999999878,0.002646539999999992
0.896,0.001716,0.001788,0.001828,0.001866,0.001948,0.002009,0.002034,0.002071,0.002125,0.002187,0.002246,0.002305,0.002377,0.00242,0.002487,0.002601,0.002642,0.0024196399999999907,0.002484483333333338,0.0025974366666666584,0.002636493333333336
0.9,0.001717,0.001788,0.001828,0.001866,0.001948,0.002005,0.00203,0.002068,0.00212,0.002181,0.002239,0.002297,0.00237,0.002412,0.002478,0.002589,0.002632,0.0024121333333333296,0.0024754366666666625,0.0025848933333333267,0.002624479999999996
0.904,0.001719,0.001789,0.001829,0.001867,0.001948,0.002001,0.002027,0.002066,0.002116,0.002176,0.002233,0.00229,0.002362,0.002404,0.002469,0.002577,0.002621,0.002404489999999993,0.002467076666666679,0.0025751100000000115,0.00261389666666666
0.908,0.00172,0.00179,0.001829,0.001867,0.001947,0.001998,0.002025,0.002063,0.002112,0.002171,0.002227,0.002283,0.002355,0.002396,0.002461,0.002565,0.00261,0.0023973299999999914,0.0024588000000000084,0.002563670000000009,0.00260248
0.912,0.001722,0.001791,0.00183,0.001868,0.001948,0.001995,0.002023,0.002061,0.002108,0.002166,0.002222,0.002276,0.002348,0.002388,0.002452,0.002553,0.002599,0.0023901733333333225,0.0024495766666666717,0.0025481500000000155,0.0025898000000000075
0.916,0.001724,0.001792,0.001831,0.001868,0.001948,0.001993,0.002021,0.002059,0.002105,0.002162,0.002218,0.002269,0.002341,0.00238,0.002443,0.002541,0.002588,0.0023790300000000055,0.0024397766666666583,0.0025372066666666747,0.002581093333333342
0.92,0.001726,0.001793,0.001833,0.00187,0.001949,0.001991,0.00202,0.002058,0.002102,0.002158,0.002213,0.002263,0.002335,0.002372,0.002434,0.002529,0.002577,0.0023716666666666725,0.0024317233333333416,0.0025255400000000023,0.0025710366666666803
0.924,0.001728,0.001795,0.001834,0.001871,0.00195,0.00199,0.002019,0.002057,0.0021,0.002154,0.002208,0.002258,0.002329,0.002365,0.002426,0.002517,0.002565,0.002366899999999997,0.0024258066666666737,0.0025180633333333315,0.002564006666666674
0.928,0.00173,0.001797,0.001836,0.001872,0.00195,0.001989,0.002018,0.002056,0.002097,0.002151,0.002204,0.002252,0.002323,0.002358,0.002417,0.002506,0.002554,0.002359016666666669,0.002416753333333338,0.0025068200000000047,0.002550979999999989
0.932,0.001732,0.001798,0.001838,0.001874,0.001951,0.001988,0.002017,0.002056,0.002096,0.002148,0.0022,0.002248,0.002317,0.002352,0.00241,0.002495,0.002543,0.0023522300000000072,0.0024087833333333434,0.0024941600000000087,0.0025387599999999923
0.936,0.001735,0.0018,0.001839,0.001875,0.001952,0.001987,0.002017,0.002055,0.002094,0.002145,0.002197,0.002243,0.002312,0.002345,0.002402,0.002485,0.002533,0.0023463500000000036,0.0024021433333333408,0.002486659999999994,0.0025296066666666704
0.94,0.001738,0.001803,0.001841,0.001877,0.001954,0.001987,0.002017,0.002055,0.002093,0.002143,0.002194,0.002239,0.002307,0.002339,0.002395,0.002474,0.002522,0.002339763333333326,0.002394396666666669,0.002475053333333325,0.002518976666666675
0.944,0.00174,0.001805,0.001843,0.001879,0.001955,0.001987,0.002017,0.002055,0.002092,0.002141,0.002191,0.002235,0.002302,0.002333,0.002388,0.002464,0.002512,0.002334979999999998,0.002388806666666657,0.002466103333333339,0.002511453333333327
0.948,0.001743,0.001807,0.001846,0.001881,0.001957,0.001987,0.002017,0.002055,0.002091,0.002139,0.002189,0.002231,0.002297,0.002328,0.002381,0.002455,0.002503,0.0023283766666666633,0.002380273333333329,0.0024536866666666607,0.0025011133333333367
0.952,0.001746,0.00181,0.001848,0.001883,0.001958,0.001988,0.002018,0.002055,0.00209,0.002137,0.002186,0.002228,0.002293,0.002323,0.002374,0.002446,0.002493,0.002324399999999998,0.002374819999999993,0.002447893333333326,0.0024936366666666663
0.956,0.00175,0.001812,0.00185,0.001885,0.00196,0.001988,0.002018,0.002056,0.00209,0.002136,0.002184,0.002225,0.002289,0.002318,0.002368,0.002438,0.002484,0.0023179766666666696,0.0023672733333333323,0.0024375066666666736,0.002483513333333337
0.96,0.001753,0.001814,0.001853,0.001888,0.001962,0.001989,0.002019,0.002056,0.002089,0.002135,0.002182,0.002222,0.002285,0.002314,0.002362,0.002429,0.002475,0.0023143333333333384,0.0023617066666666575,0.002428660000000006,0.002474933333333335
0.964,0.001756,0.001817,0.001855,0.00189,0.001964,0.00199,0.00202,0.002056,0.002089,0.002134,0.00218,0.002219,0.002282,0.002309,0.002357,0.002422,0.002467,0.0023108266666666696,0.0023579933333333397,0.0024237966666666735,0.0024688333333333307
0.968,0.001759,0.00182,0.001858,0.001892,0.001966,0.001991,0.002021,0.002057,0.002089,0.002133,0.002179,0.002216,0.002278,0.002305,0.002351,0.002414,0.002459,0.0023054966666666687,0.0023506066666666627,0.0024123466666666786,0.0024567466666666595
0.972,0.001763,0.001823,0.00186,0.001895,0.001968,0.001992,0.002022,0.002058,0.00209,0.002132,0.002177,0.002214,0.002275,0.002301,0.002346,0.002407,0.002451,0.0023009900000000006,0.0023454533333333244,0.0024061633333333425,0.0024496933333333247
0.976,0.001767,0.001826,0.001863,0.001898,0.00197,0.001994,0.002024,0.002059,0.00209,0.002132,0.002176,0.002212,0.002272,0.002298,0.002342,0.002401,0.002444,0.0022980733333333426,0.002341249999999992,0.002400553333333328,0.002442373333333332
0.98,0.00177,0.001829,0.001866,0.0019,0.001972,0.001996,0.002025,0.00206,0.00209,0.002131,0.002175,0.00221,0.002269,0.002295,0.002338,0.002394,0.002436,0.0022951266666666735,0.0023378899999999918,0.0023945266666666677,0.002436609999999996
0.984,0.001774,0.001832,0.001869,0.001903,0.001974,0.001997,0.002027,0.002061,0.002091,0.002131,0.002174,0.002209,0.002267,0.002292,0.002333,0.002388,0.00243,0.0022922933333333305,0.0023333100000000008,0.002388429999999995,0.0024299499999999993
0.988,0.001778,0.001835,0.001872,0.001906,0.001976,0.001999,0.002028,0.002062,0.002092,0.002131,0.002174,0.002207,0.002264,0.002289,0.00233,0.002383,0.002423,0.002289303333333329,0.0023299200000000105,0.0023831100000000086,0.0024233866666666594
0.992,0.001782,0.001838,0.001875,0.001908,0.001979,0.002001,0.002029,0.002063,0.002092,0.002131,0.002173,0.002206,0.002262,0.002287,0.002326,0.002377,0.002417,0.0022874600000000007,0.0023265266666666774,0.002378000000000001,0.00241773
0.996,0.001785,0.001841,0.001878,0.001911,0.001981,0.002003,0.002031,0.002064,0.002093,0.002131,0.002173,0.002204,0.00226,0.002284,0.002322,0.002372,0.002411,0.0022841933333333305,0.0023218700000000054,0.002371310000000005,0.0024099900000000072
1.0,0.001789,0.001844,0.001881,0.001914,0.001983,0.002005,0.002033,0.002066,0.002094,0.002131,0.002172,0.002203,0.002258,0.002282,0.002319,0.002367,0.002405,0.0022814766666666695,0.0023182199999999945,0.002365746666666672,0.002403046666666665
1.004,0.001793,0.001847,0.001884,0.001917,0.001986,0.002007,0.002034,0.002067,0.002095,0.002132,0.002172,0.002202,0.002256,0.002279,0.002316,0.002363,0.002399,0.0022791233333333332,0.002315183333333328,0.0023618433333333372,0.0023972000000000073
1.008,0.001797,0.00185,0.001887,0.001919,0.001988,0.002009,0.002036,0.002069,0.002096,0.002133,0.002172,0.002202,0.002255,0.002277,0.002313,0.002358,0.002394,0.0022769166666666597,0.002312530000000003,0.002357493333333334,0.002392676666666669
1.012,0.0018,0.001853,0.001889,0.001922,0.00199,0.002011,0.002038,0.00207,0.002097,0.002133,0.002171,0.002201,0.002253,0.002275,0.00231,0.002354,0.002389,0.00227508000000001,0.00230927,0.0023530299999999973,0.0023873633333333258
1.016,0.001804,0.001857,0.001892,0.001925,0.001993,0.002013,0.00204,0.002071,0.002098,0.002134,0.002172,0.0022,0.002252,0.002274,0.002307,0.00235,0.002384,0.0022739033333333356,0.002306923333333328,0.002349649999999995,0.0023831733333333407
1.02,0.001808,0.00186,0.001895,0.001927,0.001995,0.002015,0.002042,0.002073,0.002099,0.002135,0.002172,0.0022,0.00225,0.002272,0.002305,0.002346,0.002379,0.0022717933333333386,0.002304490000000003,0.0023457866666666593,0.002378520000000006
1.024,0.001812,0.001863,0.001898,0.00193,0.001997,0.002017,0.002044,0.002075,0.002101,0.002136,0.002172,0.0022,0.002249,0.00227,0.002302,0.002342,0.002374,0.002270186666666665,0.0023018466666666778,0.0023418099999999924,0.0023734533333333264
1.028,0.001816,0.001866,0.001901,0.001933,0.002,0.00202,0.002046,0.002076,0.002102,0.002137,0.002173,0.0022,0.002248,0.002269,0.0023,0.002339,0.002369,0.00226919,0.0023001100000000036,0.0023387733333333225,0.002368913333333325
1.032,0.00182,0.00187,0.001904,0.001936,0.002002,0.002022,0.002048,0.002078,0.002103,0.002139,0.002173,0.0022,0.002247,0.002268,0.002298,0.002335,0.002365,0.002268233333333338,0.0022982166666666746,0.002335303333333322,0.002364809999999991
1.036,0.001824,0.001873,0.001908,0.001939,0.002005,0.002025,0.00205,0.00208,0.002105,0.00214,0.002174,0.0022,0.002247,0.002267,0.002296,0.002332,0.00236,0.0022671266666666728,0.002296436666666668,0.002332679999999998,0.0023611600000000015
1.04,0.001828,0.001876,0.001911,0.001942,0.002008,0.002028,0.002053,0.002082,0.002107,0.002142,0.002175,0.0022,0.002246,0.002265,0.002294,0.002329,0.002356,0.0022651866666666643,0.0022943366666666716,0.002328640000000012,0.0023557066666666784
1.044,0.001832,0.00188,0.001914,0.001945,0.002011,0.00203,0.002055,0.002084,0.002109,0.002144,0.002176,0.0022,0.002245,0.002264,0.002292,0.002325,0.002352,0.0022643666666666705,0.0022928866666666646,0.002325370000000012,0.0023519066666666754
1.048,0.001837,0.001883,0.001917,0.001949,0.002013,0.002033,0.002058,0.002087,0.002111,0.002146,0.002177,0.002201,0.002245,0.002264,0.002291,0.002322,0.002347,0.002264016666666672,0.0022908000000000026,0.0023216766666666736,0.0023464499999999978
1.052,0.001841,0.001887,0.001921,0.001952,0.002016,0.002036,0.00206,0.002089,0.002113,0.002148,0.002179,0.002202,0.002245,0.002264,0.002289,0.00232,0.002344,0.002263940000000006,0.0022890533333333298,0.0023196666666666635,0.002343553333333339
1.056,0.001846,0.001891,0.001925,0.001956,0.00202,0.002039,0.002063,0.002092,0.002115,0.002151,0.00218,0.002203,0.002245,0.002263,0.002288,0.002317,0.00234,0.0022630633333333406,0.0022876566666666636,0.0023163866666666717,0.0023390666666666723
1.06,0.001851,0.001895,0.001929,0.001959,0.002023,0.002042,0.002067,0.002094,0.002118,0.002153,0.002182,0.002205,0.002245,0.002263,0.002287,0.002315,0.002337,0.002262956666666672,0.0022869200000000035,0.0023150666666666648,0.0023368100000000034
1.064,0.001855,0.001899,0.001933,0.001963,0.002027,0.002046,0.00207,0.002097,0.002121,0.002156,0.002184,0.002206,0.002246,0.002262,0.002286,0.002313,0.002333,0.002262206666666662,0.0022858866666666737,0.0023122466666666702,0.0023319400000000007
1.068,0.001861,0.001904,0.001937,0.001968,0.00203,0.00205,0.002074,0.002101,0.002124,0.002159,0.002187,0.002208,0.002247,0.002263,0.002286,0.002312,0.002331,0.0022629100000000043,0.0022847966666666732,0.002309679999999994,0.0023276799999999986
1.072,0.001866,0.001909,0.001942,0.001972,0.002034,0.002054,0.002078,0.002104,0.002127,0.002163,0.002189,0.00221,0.002248,0.002264,0.002286,0.00231,0.002328,0.002263503333333336,0.00228430333333334,0.0023074933333333335,0.0023242233333333326
1.076,0.001872,0.001914,0.001946,0.001977,0.002039,0.002059,0.002082,0.002108,0.002131,0.002167,0.002192,0.002212,0.00225,0.002265,0.002286,0.002309,0.002326,0.002265076666666664,0.0022842866666666723,0.0023069233333333373,0.0023221566666666756
1.08,0.001878,0.001919,0.001952,0.001982,0.002044,0.002063,0.002086,0.002113,0.002135,0.002171,0.002196,0.002215,0.002251,0.002267,0.002287,0.002309,0.002325,0.0022661733333333395,0.0022843500000000053,0.0023059466666666703,0.0023203000000000095
1.084,0.001884,0.001925,0.001958,0.001988,0.002049,0.002069,0.002092,0.002117,0.00214,0.002176,0.002199,0.002219,0.002254,0.002269,0.002288,0.002309,0.002324,0.0022681800000000016,0.00228559333333333,0.0023062600000000027,0.002319336666666667
1.088,0.001891,0.001932,0.001964,0.001994,0.002055,0.002074,0.002097,0.002122,0.002145,0.002181,0.002204,0.002222,0.002257,0.002271,0.00229,0.00231,0.002324,0.0022710733333333407,0.0022878866666666683,0.0023078133333333337,0.0023201533333333303
1.092,0.001899,0.001938,0.001971,0.002001,0.002061,0.002081,0.002103,0.002128,0.00215,0.002186,0.002208,0.002226,0.00226,0.002274,0.002292,0.002311,0.002324,0.002273433333333333,0.0022896966666666628,0.002308799999999996,0.002319673333333331
1.096,0.001906,0.001946,0.001978,0.002008,0.002068,0.002087,0.002109,0.002134,0.002156,0.002192,0.002213,0.002231,0.002264,0.002278,0.002294,0.002313,0.002325,0.0022769633333333352,0.00229110333333334,0.00230993666666667,0.0023202166666666715
1.1,0.001915,0.001954,0.001986,0.002016,0.002075,0.002095,0.002117,0.002141,0.002163,0.002199,0.002219,0.002236,0.002268,0.002282,0.002298,0.002316,0.002327,0.0022801533333333362,0.0022938033333333428,0.0023120099999999963,0.0023200866666666666
1.104,0.001924,0.001963,0.001995,0.002024,0.002083,0.002103,0.002124,0.002148,0.00217,0.002206,0.002226,0.002242,0.002273,0.002287,0.002302,0.002319,0.00233,0.00228487666666667,0.0022974233333333434,0.0023152899999999933,0.00232291000000001
1.108,0.001934,0.001972,0.002004,0.002034,0.002092,0.002112,0.002133,0.002156,0.002178,0.002214,0.002233,0.002249,0.002279,0.002292,0.002307,0.002323,0.002333,0.002290626666666663,0.0023028699999999933,0.0023199999999999957,0.0023268166666666683
1.112,0.001945,0.001983,0.002015,0.002044,0.002102,0.002122,0.002143,0.002165,0.002187,0.002223,0.002241,0.002256,0.002286,0.002298,0.002313,0.002328,0.002337,0.0022976100000000068,0.0023092000000000043,0.002325809999999998,0.0023321166666666663
1.116,0.001956,0.001995,0.002027,0.002056,0.002113,0.002133,0.002154,0.002176,0.002197,0.002232,0.00225,0.002265,0.002293,0.002306,0.00232,0.002334,0.002342,0.0023055866666666664,0.0023160866666666613,0.002331736666666659,0.002337759999999995
1.12,0.001969,0.002007,0.002039,0.002068,0.002125,0.002145,0.002165,0.002187,0.002208,0.002243,0.00226,0.002274,0.002302,0.002314,0.002327,0.002341,0.002348,0.0023141033333333376,0.0023228433333333325,0.0023392266666666713,0.0023429600000000063
1.124,0.001982,0.002021,0.002053,0.002082,0.002139,0.002158,0.002178,0.002199,0.00222,0.002254,0.00227,0.002284,0.002312,0.002323,0.002336,0.002348,0.002355,0.0023236066666666635,0.0023321466666666683,0.0023475266666666723,0.002351439999999999
1.128,0.001997,0.002035,0.002067,0.002096,0.002153,0.002172,0.002191,0.002212,0.002234,0.002267,0.002282,0.002296,0.002322,0.002333,0.002345,0.002357,0.002363,0.002334303333333334,0.002343026666666672,0.0023576300000000103,0.0023619666666666677
1.132,0.002012,0.00205,0.002083,0.002111,0.002168,0.002187,0.002206,0.002227,0.002249,0.002281,0.002295,0.002308,0.002334,0.002345,0.002356,0.002367,0.002373,0.002344423333333337,0.0023519333333333423,0.0023663400000000037,0.0023693266666666626
1.136,0.002028,0.002067,0.0021,0.002128,0.002185,0.002203,0.002222,0.002242,0.002264,0.002296,0.00231,0.002322,0.002347,0.002357,0.002368,0.002377,0.002383,0.0023577766666666765,0.002365003333333336,0.0023774966666666618,0.0023808433333333415
1.14,0.002045,0.002084,0.002117,0.002146,0.002202,0.002221,0.00224,0.002259,0.002281,0.002312,0.002325,0.002336,0.00236,0.002371,0.002381,0.002389,0.002394,0.002370910000000004,0.0023774433333333283,0.0023901199999999917,0.0023922166666666715
1.144,0.002063,0.002102,0.002136,0.002164,0.002221,0.00224,0.002258,0.002277,0.002299,0.002329,0.002342,0.002352,0.002376,0.002385,0.002395,0.002403,0.002407,0.002385299999999999,0.002391506666666669,0.0024043266666666724,0.0024054333333333403
1.148,0.002081,0.002121,0.002156,0.002184,0.00224,0.00226,0.002277,0.002296,0.002318,0.002347,0.002359,0.002369,0.002392,0.002401,0.00241,0.002417,0.00242,0.0024026899999999916,0.0024088366666666756,0.002420903333333336,0.0024210499999999893
1.152,0.0021,0.002141,0.002176,0.002204,0.002261,0.00228,0.002298,0.002316,0.002339,0.002366,0.002378,0.002387,0.002409,0.002418,0.002427,0.002432,0.002434,0.002418733333333332,0.002425786666666663,0.0024356699999999957,0.002434930000000006
1.156,0.00212,0.002162,0.002197,0.002226,0.002282,0.002301,0.002319,0.002337,0.00236,0.002386,0.002398,0.002407,0.002428,0.002436,0.002444,0.002448,0.00245,0.0024378133333333276,0.002442483333333334,0.0024530700000000047,0.0024525733333333253
1.16,0.002141,0.002184,0.00222,0.002248,0.002305,0.002323,0.002341,0.002359,0.002382,0.002407,0.002418,0.002427,0.002447,0.002455,0.002463,0.002466,0.002467,0.002450236666666664,0.0024560099999999955,0.0024649233333333314,0.0024564133333333325
1.164,0.002162,0.002206,0.002243,0.002271,0.002328,0.002347,0.002364,0.002382,0.002405,0.002429,0.00244,0.002448,0.002467,0.002475,0.002483,0.002484,0.002485,0.002475483333333336,0.00247968333333334,0.002486456666666671,0.0024857399999999932
1.168,0.002184,0.002229,0.002267,0.002295,0.002352,0.002371,0.002388,0.002405,0.002429,0.002453,0.002463,0.00247,0.002489,0.002497,0.002503,0.002504,0.002504,0.0024975666666666664,0.0025017100000000046,0.002509026666666658,0.0025055533333333256
1.172,0.002207,0.002253,0.002291,0.00232,0.002377,0.002396,0.002413,0.00243,0.002454,0.002477,0.002486,0.002493,0.002511,0.002519,0.002525,0.002524,0.002524,0.002523000000000007,0.0025254966666666654,0.002529273333333332,0.0025271433333333353
1.176,0.002231,0.002278,0.002317,0.002346,0.002404,0.002422,0.002439,0.002455,0.002481,0.002502,0.002511,0.002517,0.002535,0.002542,0.002548,0.002546,0.002545,0.0025386933333333395,0.00254370333333333,0.0025443733333333413,0.0025372033333333406
1.18,0.002256,0.002304,0.002344,0.002373,0.002431,0.002449,0.002466,0.002482,0.002507,0.002528,0.002537,0.002542,0.002559,0.002566,0.002572,0.002569,0.002567,0.0025661133333333276,0.0025695833333333417,0.0025707933333333406,0.0025672466666666607
1.184,0.002281,0.002331,0.002371,0.0024,0.002459,0.002477,0.002493,0.002509,0.002535,0.002554,0.002562,0.002568,0.002584,0.002591,0.002596,0.002592,0.00259,0.002592196666666673,0.0025950833333333407,0.002595423333333342,0.002592889999999992
1.188,0.002307,0.002358,0.002399,0.002428,0.002487,0.002505,0.002521,0.002537,0.002563,0.002581,0.002589,0.002593,0.00261,0.002616,0.002621,0.002616,0.002613,0.002618363333333325,0.0026201933333333278,0.0026219666666666593,0.0026198466666666562
1.192,0.002333,0.002386,0.002427,0.002457,0.002515,0.002533,0.002549,0.002565,0.002591,0.002608,0.002615,0.00262,0.002635,0.002642,0.002646,0.002641,0.002637,0.002642026666666671,0.0026441400000000058,0.0026450633333333345,0.002642783333333336
1.196,0.002359,0.002413,0.002456,0.002485,0.002544,0.002562,0.002578,0.002593,0.002619,0.002636,0.002642,0.002646,0.002661,0.002668,0.002671,0.002665,0.002661,0.002671570000000001,0.002671273333333325,0.002670466666666669,0.0026695766666666758
1.2,0.002386,0.002441,0.002485,0.002514,0.002574,0.002591,0.002607,0.002621,0.002648,0.002663,0.00267,0.002673,0.002687,0.002694,0.002697,0.00269,0.002686,0.002695823333333323,0.0026951999999999896,0.002692416666666663,0.00269519666666666
1.204,0.002414,0.00247,0.002514,0.002544,0.002604,0.00262,0.002636,0.00265,0.002677,0.002691,0.002697,0.0027,0.002713,0.00272,0.002723,0.002714,0.00271,0.002721440000000009,0.002721453333333337,0.0027179566666666634,0.0027172199999999968
1.208,0.002441,0.002498,0.002544,0.002574,0.002634,0.00265,0.002665,0.002679,0.002707,0.00272,0.002725,0.002727,0.00274,0.002746,0.002749,0.00274,0.002735,0.0027464300000000115,0.002746063333333333,0.0027442033333333264,0.0027426500000000092
1.212,0.002469,0.002528,0.002574,0.002604,0.002665,0.00268,0.002695,0.002708,0.002736,0.002748,0.002753,0.002754,0.002767,0.002772,0.002775,0.002765,0.00276,0.0027726599999999975,0.0027741499999999965,0.0027717166666666737,0.002767633333333327
1.216,0.002498,0.002557,0.002604,0.002635,0.002695,0.00271,0.002725,0.002737,0.002765,0.002776,0.002781,0.002781,0.002793,0.0028,0.002802,0.002792,0.002786,0.0028006133333333444,0.0028016233333333293,0.0027972866666666723,0.0027909733333333275
1.22,0.002526,0.002587,0.002635,0.002665,0.002726,0.002739,0.002754,0.002766,0.002794,0.002804,0.002809,0.002809,0.002821,0.002827,0.002829,0.002818,0.002812,0.0028269833333333435,0.0028276933333333293,0.0028231933333333265,0.0028176766666666735
1.224,0.002555,0.002616,0.002665,0.002696,0.002755,0.002768,0.002783,0.002795,0.002823,0.002833,0.002836,0.002836,0.002848,0.002854,0.002856,0.002845,0.002838,0.0028542600000000104,0.002854146666666664,0.002848846666666661,0.0028469200000000015
1.228,0.002583,0.002646,0.002694,0.002725,0.002784,0.002797,0.002812,0.002824,0.002852,0.002862,0.002864,0.002863,0.002875,0.002882,0.002883,0.002871,0.002864,0.0028792033333333465,0.002879429999999998,0.0028726599999999913,0.002870113333333324
1.232,0.002611,0.002674,0.002723,0.002753,0.002812,0.002825,0.002841,0.002852,0.002882,0.002891,0.002891,0.002891,0.002902,0.002908,0.002909,0.002897,0.002889,0.0029060166666666724,0.0029057400000000134,0.002899206666666675,0.0028962833333333387
1.236,0.002639,0.002701,0.002749,0.00278,0.002841,0.002854,0.00287,0.002881,0.002911,0.002919,0.002919,0.002918,0.002928,0.002934,0.002935,0.002922,0.002914,0.002932026666666662,0.002932746666666677,0.0029265199999999924,0.002922146666666655
1.24,0.002666,0.002727,0.002776,0.002808,0.00287,0.002884,0.002899,0.00291,0.00294,0.002946,0.002947,0.002945,0.002954,0.00296,0.002961,0.002947,0.002938,0.0029591633333333287,0.0029596233333333325,0.002953683333333341,0.00294806333333333
1.244,0.002693,0.002752,0.002804,0.002837,0.0029,0.002913,0.002929,0.002938,0.002968,0.002974,0.002975,0.002971,0.00298,0.002986,0.002986,0.002972,0.002963,0.0029859166666666723,0.0029854766666666736,0.002979923333333323,0.002974846666666679
1.248,0.00272,0.00278,0.002833,0.002867,0.002931,0.002942,0.002958,0.002967,0.002997,0.003002,0.003002,0.002998,0.003006,0.003012,0.003012,0.002997,0.002987,0.003010753333333337,0.003010166666666671,0.003001600000000012,0.0029949433333333266
1.252,0.002747,0.002808,0.002863,0.002897,0.00296,0.002971,0.002987,0.002995,0.003025,0.003029,0.003029,0.003024,0.003032,0.003038,0.003038,0.003022,0.003012,0.00303660666666666,0.0030357999999999948,0.0030273766666666585,0.0030213966666666724
1.256,0.002774,0.002838,0.002893,0.002927,0.00299,0.003,0.003015,0.003023,0.003053,0.003057,0.003055,0.00305,0.003057,0.003063,0.003063,0.003046,0.003036,0.0030639533333333404,0.003064450000000008,0.003055826666666661,0.0030469033333333398
1.26,0.002801,0.002866,0.002922,0.002956,0.003019,0.003028,0.003044,0.003051,0.003081,0.003084,0.003082,0.003075,0.003083,0.003088,0.003088,0.003071,0.003061,0.0030879199999999914,0.0030889133333333245,0.0030789366666666754,0.0030700766666666595
1.264,0.002829,0.002894,0.00295,0.002985,0.003048,0.003056,0.003072,0.003079,0.003109,0.00311,0.003108,0.003101,0.003108,0.003113,0.003112,0.003094,0.003084,0.003113276666666671,0.003113240000000001,0.003104733333333345,0.0030978599999999896
1.268,0.002856,0.002922,0.002979,0.003014,0.003076,0.003084,0.003099,0.003106,0.003136,0.003136,0.003134,0.003126,0.003132,0.003138,0.003137,0.003118,0.003107,0.0031394766666666533,0.003139846666666652,0.0031279533333333233,0.0031183999999999947
1.272,0.002883,0.00295,0.003007,0.003042,0.003105,0.003111,0.003127,0.003133,0.003163,0.003162,0.00316,0.003151,0.003157,0.003163,0.003161,0.003141,0.00313,0.0031648366666666788,0.00316481666666666,0.0031505999999999865,0.0031385199999999936
1.276,0.00291,0.002977,0.003034,0.00307,0.003133,0.003138,0.003154,0.00316,0.00319,0.003188,0.003185,0.003176,0.003181,0.003187,0.003184,0.003164,0.003153,0.003187100000000012,0.003187149999999996,0.0031743066666666585,0.003163369999999992
1.28,0.002936,0.003004,0.003062,0.003098,0.00316,0.003166,0.003181,0.003186,0.003216,0.003214,0.00321,0.003201,0.003205,0.00321,0.003208,0.003187,0.003176,0.0032079733333333455,0.0032077633333333264,0.0031914700000000135,0.0031801233333333223
1.284,0.002963,0.003031,0.00309,0.003125,0.003188,0.003193,0.003208,0.003213,0.003243,0.003239,0.003235,0.003225,0.003229,0.003234,0.003231,0.00321,0.003198,0.003233046666666657,0.003229036666666661,0.003219283333333343,0.003205386666666673
1.288,0.00299,0.003058,0.003118,0.003153,0.003215,0.003219,0.003234,0.003239,0.003269,0.003264,0.00326,0.00325,0.003252,0.003257,0.003255,0.003232,0.00322,0.003259366666666656,0.0032598600000000033,0.0032499200000000042,0.003238509999999998
1.292,0.003016,0.003085,0.003145,0.00318,0.003243,0.003246,0.00326,0.003265,0.003295,0.003289,0.003285,0.003274,0.003276,0.003281,0.003278,0.003254,0.003242,0.0032862133333333198,0.0032866066666666673,0.003275729999999993,0.0032664466666666573
1.296,0.003043,0.003112,0.003172,0.003207,0.00327,0.003272,0.003285,0.003291,0.00332,0.003314,0.003309,0.003297,0.003299,0.003304,0.0033,0.003276,0.003264,0.003306843333333319,0.0033056433333333276,0.0032951133333333207,0.0032873833333333428
1.3,0.003068,0.003138,0.003198,0.003234,0.003296,0.003297,0.003311,0.003316,0.003345,0.003338,0.003333,0.003321,0.003322,0.003327,0.003323,0.003298,0.003285,0.003328009999999993,0.0033268399999999937,0.0033178500000000093,0.003310466666666661
1.304,0.003094,0.003164,0.003224,0.00326,0.003322,0.003323,0.003337,0.003341,0.00337,0.003362,0.003357,0.003344,0.003344,0.00335,0.003345,0.003319,0.003306,0.003354216666666656,0.0033525566666666794,0.0033390633333333225,0.0033296066666666712
1.308,0.00312,0.00319,0.003251,0.003286,0.003348,0.003348,0.003364,0.003366,0.003395,0.003386,0.003381,0.003367,0.003367,0.003372,0.003367,0.003341,0.003328,0.003378140000000011,0.003376313333333339,0.003362843333333343,0.0033552900000000004
1.312,0.003146,0.003216,0.003277,0.003312,0.003374,0.003373,0.003388,0.00339,0.003419,0.00341,0.003404,0.00339,0.003389,0.003394,0.003389,0.003362,0.003348,0.0034001366666666704,0.0033991499999999953,0.0033858466666666603,0.003375706666666675
1.316,0.003172,0.003242,0.003303,0.003338,0.003399,0.003398,0.003413,0.003414,0.003444,0.003433,0.003427,0.003413,0.003412,0.003416,0.003411,0.003383,0.003369,0.0034236533333333254,0.003421290000000017,0.0034045000000000104,0.003395546666666658
1.32,0.003197,0.003267,0.003328,0.003363,0.003424,0.003423,0.003437,0.003439,0.003468,0.003457,0.00345,0.003436,0.003434,0.003438,0.003432,0.003404,0.00339,0.003443966666666686,0.003440746666666666,0.0034245233333333254,0.0034146833333333357
1.324,0.003223,0.003292,0.003354,0.003389,0.003449,0.003447,0.003462,0.003463,0.003493,0.00348,0.003474,0.003459,0.003456,0.003461,0.003454,0.003425,0.003411,0.0034687066666666795,0.003465963333333328,0.0034522066666666713,0.0034422433333333494
1.328,0.003248,0.003317,0.003379,0.003414,0.003475,0.003472,0.003487,0.003488,0.003518,0.003504,0.003497,0.003482,0.003479,0.003484,0.003477,0.003446,0.003431,0.0034914533333333473,0.0034896833333333214,0.00347333999999999,0.003461703333333327
1.332,0.003273,0.003342,0.003404,0.003439,0.0035,0.003497,0.003511,0.003512,0.003542,0.003527,0.00352,0.003505,0.003501,0.003506,0.003499,0.003468,0.003452,0.003512063333333339,0.0035085366666666668,0.003488790000000013,0.003476646666666671
1.336,0.003298,0.003366,0.003429,0.003464,0.003525,0.003521,0.003536,0.003536,0.003566,0.003551,0.003544,0.003528,0.003524,0.003528,0.003521,0.003489,0.003474,0.0035356333333333247,0.003531666666666667,0.003509369999999996,0.0034915333333333225
1.34,0.003323,0.003391,0.003454,0.003489,0.00355,0.003546,0.00356,0.00356,0.00359,0.003574,0.003567,0.003551,0.003546,0.00355,0.003543,0.003511,0.003495,0.003565013333333346,0.0035603866666666633,0.00353478000000001,0.0035152300000000107
1.344,0.003348,0.003417,0.003479,0.003514,0.003574,0.00357,0.003584,0.003584,0.003613,0.003597,0.00359,0.003574,0.003568,0.003572,0.003565,0.003532,0.003516,0.0035838633333333406,0.003578196666666679,0.003553706666666659,0.003537386666666663
1.348,0.003373,0.003442,0.003504,0.003539,0.003599,0.003594,0.003608,0.003608,0.003637,0.00362,0.003614,0.003597,0.003591,0.003595,0.003587,0.003554,0.003538,0.00360882333333334,0.003602043333333338,0.0035747166666666515,0.003557473333333346
1.352,0.003399,0.003467,0.003529,0.003564,0.003623,0.003618,0.003632,0.003632,0.003661,0.003643,0.003636,0.003619,0.003613,0.003617,0.003609,0.003575,0.003559,0.003632889999999991,0.0036257399999999906,0.0035926500000000015,0.0035665899999999993
1.356,0.003424,0.003492,0.003554,0.003588,0.003647,0.003641,0.003655,0.003655,0.003684,0.003666,0.003659,0.003642,0.003635,0.003639,0.003631,0.003596,0.00358,0.003649133333333318,0.003641686666666675,0.0036074033333333435,0.003583183333333341
1.36,0.00345,0.003517,0.003579,0.003613,0.003671,0.003665,0.003678,0.003678,0.003708,0.003689,0.003682,0.003664,0.003657,0.003662,0.003653,0.003618,0.003601,0.0036763033333333498,0.003668200000000004,0.0036340800000000018,0.003605783333333326
1.364,0.003475,0.003541,0.003604,0.003636,0.003695,0.003688,0.003702,0.003701,0.003732,0.003712,0.003705,0.003687,0.00368,0.003685,0.003675,0.00364,0.003622,0.003701273333333345,0.003692053333333331,0.00365915,0.0036348900000000048
1.368,0.0035,0.003566,0.003628,0.00366,0.003719,0.003712,0.003725,0.003725,0.003756,0.003735,0.003729,0.00371,0.003703,0.003708,0.003698,0.003662,0.003644,0.003721273333333349,0.00371103999999999,0.0036744433333333504,0.0036458133333333244
1.372,0.003526,0.003591,0.003652,0.003684,0.003743,0.003736,0.00375,0.003749,0.00378,0.003759,0.003752,0.003733,0.003726,0.003731,0.003721,0.003684,0.003666,0.003740216666666676,0.003729846666666659,0.0036916066666666763,0.003662216666666649
1.376,0.003551,0.003615,0.003677,0.003709,0.003767,0.00376,0.003775,0.003773,0.003804,0.003782,0.003776,0.003757,0.003749,0.003754,0.003744,0.003706,0.003688,0.0037581100000000076,0.003747633333333325,0.0037102333333333282,0.003684780000000007
1.38,0.003576,0.00364,0.003701,0.003733,0.003791,0.003784,0.003799,0.003797,0.003828,0.003805,0.003799,0.003781,0.003772,0.003777,0.003767,0.003729,0.003711,0.0037824133333333337,0.0037722133333333296,0.0037346033333333314,0.003709120000000011
1.384,0.003601,0.003664,0.003727,0.003758,0.003816,0.003808,0.003822,0.003821,0.003851,0.003829,0.003821,0.003804,0.003796,0.0038,0.00379,0.003752,0.003734,0.0038120400000000105,0.0038016233333333193,0.0037632599999999905,0.003734346666666667
1.388,0.003627,0.00369,0.003752,0.003783,0.00384,0.003831,0.003845,0.003844,0.003875,0.003852,0.003845,0.003827,0.003819,0.003823,0.003813,0.003775,0.003756,0.0038397233333333372,0.0038300399999999903,0.003793136666666658,0.0037664866666666627
1.392,0.003652,0.003715,0.003777,0.003808,0.003863,0.003855,0.003868,0.003868,0.003899,0.003875,0.003868,0.00385,0.003842,0.003846,0.003836,0.003798,0.003779,0.0038623433333333395,0.0038526533333333142,0.003812306666666656,0.003780653333333325
1.396,0.003678,0.00374,0.003802,0.003832,0.003887,0.003879,0.003891,0.003891,0.003922,0.003898,0.003892,0.003873,0.003865,0.003868,0.003859,0.003821,0.003801,0.003892086666666662,0.0038821499999999887,0.003835909999999995,0.0038045166666666797
1.4,0.003704,0.003766,0.003827,0.003856,0.003911,0.003902,0.003915,0.003915,0.003947,0.003922,0.003916,0.003897,0.003888,0.003892,0.003883,0.003844,0.003824,0.0039172899999999995,0.003906460000000001,0.0038549599999999867,0.0038212866666666855
1.404,0.00373,0.003791,0.003852,0.00388,0.003935,0.003926,0.00394,0.003939,0.003971,0.003946,0.00394,0.003921,0.003912,0.003917,0.003907,0.003867,0.003847,0.003933246666666649,0.003922163333333337,0.0038725266666666566,0.003842363333333343
1.408,0.003756,0.003816,0.003876,0.003904,0.00396,0.003951,0.003964,0.003964,0.003996,0.00397,0.003964,0.003946,0.003937,0.003942,0.003931,0.00389,0.00387,0.003963603333333321,0.003951146666666665,0.0038955399999999816,0.003861476666666679
1.412,0.003783,0.003842,0.003901,0.003929,0.003985,0.003976,0.003989,0.003989,0.004021,0.003995,0.003988,0.00397,0.003961,0.003966,0.003955,0.003915,0.003894,0.003988603333333334,0.003977763333333338,0.00393009999999999,0.0038996099999999956
1.416,0.003809,0.003867,0.003926,0.003955,0.00401,0.004,0.004013,0.004013,0.004045,0.004019,0.004013,0.003994,0.003985,0.00399,0.00398,0.003939,0.003919,0.004002500000000003,0.003992873333333336,0.003949946666666668,0.003923860000000002
1.42,0.003835,0.003892,0.003951,0.003981,0.004035,0.004024,0.004037,0.004037,0.004069,0.004042,0.004037,0.004018,0.004009,0.004014,0.004003,0.003964,0.003943,0.004032799999999986,0.004022886666666657,0.003981966666666669,0.003955240000000013
1.424,0.003861,0.003917,0.003978,0.004006,0.004058,0.004048,0.004061,0.004061,0.004093,0.004066,0.004061,0.004042,0.004033,0.004038,0.004027,0.003988,0.003967,0.004065236666666661,0.004055430000000005,0.004014456666666672,0.003986113333333355
1.428,0.003887,0.003943,0.004004,0.004031,0.004082,0.004072,0.004084,0.004084,0.004117,0.004089,0.004085,0.004065,0.004057,0.004062,0.004051,0.004012,0.003991,0.004084750000000008,0.004075506666666684,0.004037259999999991,0.004010356666666673
1.432,0.003913,0.00397,0.004029,0.004056,0.004107,0.004096,0.004108,0.004108,0.004142,0.004113,0.004109,0.004089,0.004081,0.004086,0.004075,0.004036,0.004015,0.004110470000000009,0.0041023366666666835,0.004067026666666659,0.004040660000000007
1.436,0.00394,0.003996,0.004054,0.004081,0.004131,0.004121,0.004133,0.004133,0.004167,0.004138,0.004132,0.004114,0.004105,0.00411,0.0041,0.00406,0.004038,0.004122686666666662,0.004114383333333333,0.004077753333333314,0.004053469999999994
1.44,0.003967,0.004022,0.00408,0.004105,0.004156,0.004146,0.004157,0.004158,0.004192,0.004163,0.004158,0.004139,0.00413,0.004135,0.004125,0.004084,0.004063,0.0041519899999999995,0.004143783333333337,0.004106533333333321,0.00408268
1.444,0.003994,0.004047,0.004104,0.00413,0.004181,0.00417,0.004182,0.004182,0.004216,0.004187,0.004182,0.004164,0.004154,0.00416,0.00415,0.00411,0.004088,0.004172563333333337,0.004164266666666672,0.004127909999999991,0.004103916666666667
1.448,0.004021,0.004072,0.00413,0.004154,0.004205,0.004195,0.004206,0.004207,0.00424,0.00421,0.004206,0.004188,0.004179,0.004184,0.004174,0.004135,0.004112,0.004198513333333324,0.004190723333333325,0.0041552499999999975,0.0041294066666666554
1.452,0.004047,0.004098,0.004155,0.00418,0.004229,0.004219,0.00423,0.004231,0.004264,0.004234,0.00423,0.004212,0.004203,0.004208,0.004199,0.00416,0.004137,0.0042180033333333285,0.004211199999999993,0.004178910000000003,0.004155576666666659
1.456,0.004074,0.004123,0.004181,0.004205,0.004253,0.004242,0.004254,0.004254,0.004288,0.004257,0.004254,0.004235,0.004227,0.004232,0.004222,0.004184,0.004162,0.004238923333333341,0.004230513333333313,0.0041954399999999895,0.0041721533333333345
1.46,0.004099,0.004148,0.004206,0.00423,0.004277,0.004266,0.004277,0.004278,0.004312,0.004281,0.004278,0.004259,0.004251,0.004256,0.004246,0.004208,0.004186,0.0042632700000000134,0.004255549999999984,0.004222756666666661,0.004200166666666679
1.464,0.004126,0.004174,0.004232,0.004254,0.004301,0.004289,0.0043,0.004301,0.004337,0.004305,0.004302,0.004283,0.004275,0.00428,0.004271,0.004232,0.00421,0.004284473333333335,0.00427604666666666,0.004238833333333341,0.0042161933333333505
1.468,0.004152,0.0042,0.004256,0.004278,0.004324,0.004313,0.004324,0.004327,0.004361,0.004329,0.004326,0.004308,0.004299,0.004305,0.004296,0.004256,0.004234,0.004307393333333336,0.004298286666666674,0.004257793333333345,0.0042344733333333434
1.472,0.004179,0.004225,0.00428,0.004302,0.004348,0.004338,0.004348,0.004352,0.004385,0.004353,0.004349,0.004332,0.004324,0.004329,0.00432,0.004281,0.004258,0.0043290600000000104,0.004319796666666676,0.004279946666666661,0.004256430000000012
1.476,0.004205,0.00425,0.004305,0.004326,0.004372,0.004362,0.004372,0.004375,0.004409,0.004376,0.004373,0.004356,0.004348,0.004354,0.004344,0.004306,0.004283,0.0043547099999999925,0.004345113333333326,0.004306566666666653,0.004283246666666682
1.48,0.004231,0.004274,0.004329,0.004351,0.004396,0.004385,0.004395,0.004398,0.004432,0.004399,0.004397,0.004379,0.004371,0.004376,0.004368,0.00433,0.004307,0.004376583333333328,0.004368023333333331,0.004330219999999975,0.004307400000000002
1.484,0.004257,0.004299,0.004354,0.004375,0.004419,0.004408,0.004417,0.00442,0.004455,0.004422,0.00442,0.004402,0.004394,0.0044,0.004391,0.004354,0.004332,0.0044004499999999854,0.004391623333333341,0.004354609999999984,0.004332426666666669
1.488,0.004282,0.004323,0.004379,0.004399,0.004442,0.00443,0.00444,0.004441,0.004478,0.004444,0.004442,0.004424,0.004417,0.004423,0.004414,0.004378,0.004356,0.004420209999999992,0.0044114066666666625,0.004374943333333328,0.004352903333333343
1.492,0.004307,0.004348,0.004402,0.004422,0.004465,0.004453,0.004462,0.004464,0.004501,0.004467,0.004464,0.004447,0.00444,0.004446,0.004438,0.004401,0.004379,0.004444476666666645,0.0044361333333333385,0.004399260000000007,0.004377249999999998
1.496,0.004332,0.004372,0.004426,0.004445,0.004487,0.004475,0.004485,0.004488,0.004523,0.004489,0.004487,0.00447,0.004463,0.00447,0.004461,0.004424,0.004402,0.0044654366666666495,0.004456633333333352,0.004419523333333328,0.00439751333333334
1.5,0.004357,0.004397,0.004449,0.004467,0.004509,0.004497,0.004507,0.004513,0.004546,0.004512,0.004509,0.004492,0.004486,0.004494,0.004485,0.004447,0.004425,0.004478476666666659,0.00446957666666668,0.0044320200000000035,0.004410009999999995
