Voltage,1,2,3,5,10,15,20,25,30,40,50,60,80,100,120,200,250,100_pred,120_pred,200_pred,250_pred
-0.996,0.001726,0.001743,0.001747,0.001738,0.001747,0.001756,0.001766,0.001772,0.001596,0.001775,0.001787,0.001798,0.001819,0.001831,0.00183,0.001833,0.001862,0.0018288400000000093,0.0018335599999999986,0.001839306666666656,0.0018510933333333276
-0.992,0.001712,0.00173,0.001733,0.001725,0.001734,0.001742,0.001753,0.001757,0.001585,0.001761,0.001774,0.001784,0.001806,0.001818,0.001817,0.001821,0.001847,0.0018165933333333284,0.0018204800000000017,0.0018267900000000004,0.0018391733333333294
-0.988,0.001699,0.001718,0.00172,0.001712,0.001721,0.001729,0.001739,0.001744,0.001575,0.001748,0.001762,0.001772,0.001794,0.001805,0.001805,0.001809,0.001832,0.0018037766666666637,0.0018083733333333315,0.0018150999999999998,0.0018231733333333299
-0.984,0.001686,0.001706,0.001708,0.0017,0.00171,0.001718,0.001727,0.001731,0.001565,0.001736,0.001751,0.00176,0.001782,0.001793,0.001793,0.001798,0.001818,0.001792019999999996,0.001796649999999997,0.0018032166666666694,0.0018105233333333256
-0.98,0.001675,0.001695,0.001697,0.001689,0.001699,0.001707,0.001716,0.00172,0.001557,0.001724,0.00174,0.001749,0.001771,0.001781,0.001783,0.001788,0.001806,0.0017801166666666613,0.0017873733333333283,0.0017940533333333382,0.0017980966666666595
-0.976,0.001664,0.001685,0.001687,0.001678,0.001688,0.001696,0.001705,0.001708,0.001548,0.001714,0.00173,0.001738,0.001761,0.00177,0.001773,0.001778,0.001794,0.001768839999999998,0.0017751000000000064,0.001781119999999999,0.0017869233333333357
-0.972,0.001655,0.001675,0.001677,0.001668,0.001679,0.001686,0.001695,0.001698,0.001541,0.001704,0.00172,0.001729,0.001751,0.001761,0.001763,0.001769,0.001783,0.0017593000000000036,0.0017647966666666682,0.0017713666666666734,0.0017768866666666623
-0.968,0.001645,0.001665,0.001667,0.001658,0.001669,0.001677,0.001686,0.001688,0.001534,0.001696,0.001711,0.001721,0.001743,0.001752,0.001755,0.001761,0.001773,0.0017517099999999923,0.0017564033333333365,0.001762910000000008,0.0017707866666666731
-0.964,0.001637,0.001657,0.001659,0.00165,0.00166,0.001669,0.001677,0.00168,0.001527,0.001687,0.001703,0.001713,0.001735,0.001744,0.001747,0.001753,0.001764,0.0017445100000000027,0.0017494566666666697,0.0017560166666666717,0.0017626199999999973
-0.96,0.001629,0.001649,0.001651,0.001643,0.001653,0.001661,0.001669,0.001672,0.001521,0.001679,0.001696,0.001705,0.001727,0.001736,0.00174,0.001746,0.001755,0.0017372166666666678,0.0017438066666666697,0.0017506300000000074,0.001753496666666669
-0.956,0.001621,0.001642,0.001643,0.001636,0.001646,0.001654,0.001662,0.001665,0.001516,0.001672,0.00169,0.001698,0.00172,0.001729,0.001733,0.001739,0.001747,0.001728646666666661,0.0017341433333333304,0.0017410333333333305,0.0017449566666666676
-0.952,0.001614,0.001635,0.001636,0.00163,0.001639,0.001647,0.001655,0.001658,0.001511,0.001665,0.001684,0.001692,0.001713,0.001722,0.001726,0.001733,0.001739,0.00172261,0.0017287333333333365,0.0017362533333333296,0.0017376466666666653
-0.948,0.001608,0.001628,0.00163,0.001623,0.001633,0.00164,0.001648,0.001651,0.001506,0.001658,0.001678,0.001686,0.001707,0.001716,0.00172,0.001728,0.001732,0.0017161866666666648,0.0017220166666666692,0.0017301999999999999,0.0017307966666666708
-0.944,0.001602,0.001623,0.001623,0.001617,0.001627,0.001635,0.001642,0.001645,0.001501,0.001652,0.001672,0.00168,0.001701,0.00171,0.001715,0.001723,0.001726,0.001710843333333328,0.0017174900000000049,0.0017257966666666617,0.0017250266666666702
-0.94,0.001597,0.001617,0.001618,0.001611,0.001622,0.001629,0.001636,0.001639,0.001497,0.001646,0.001667,0.001675,0.001696,0.001705,0.00171,0.001718,0.00172,0.0017055500000000027,0.0017114899999999978,0.0017199233333333322,0.00171956
-0.936,0.001592,0.001612,0.001612,0.001606,0.001617,0.001624,0.001631,0.001633,0.001493,0.001641,0.001663,0.00167,0.001691,0.0017,0.001705,0.001713,0.001714,0.0017007966666666618,0.0017071366666666712,0.0017154433333333389,0.0017141233333333294
-0.932,0.001587,0.001608,0.001608,0.001601,0.001612,0.001619,0.001626,0.001628,0.001489,0.001637,0.001658,0.001665,0.001687,0.001695,0.001701,0.001709,0.001708,0.0016950166666666662,0.0017017566666666713,0.001709903333333338,0.0017072766666666613
-0.928,0.001583,0.001603,0.001603,0.001596,0.001607,0.001615,0.001621,0.001623,0.001486,0.001632,0.001654,0.001661,0.001684,0.001691,0.001697,0.001705,0.001703,0.0016916399999999986,0.001698546666666669,0.0017067300000000055,0.001703160000000004
-0.924,0.001579,0.001599,0.001599,0.001592,0.001603,0.001611,0.001617,0.001618,0.001483,0.001629,0.00165,0.001657,0.00168,0.001687,0.001693,0.001702,0.001699,0.0016869166666666623,0.001693753333333335,0.001702516666666662,0.0016982500000000018
-0.92,0.001575,0.001595,0.001595,0.001587,0.001599,0.001607,0.001613,0.001614,0.00148,0.001625,0.001646,0.001653,0.001676,0.001683,0.00169,0.001698,0.001694,0.0016837299999999955,0.0016910766666666725,0.0016993599999999942,0.0016944299999999937
-0.916,0.001571,0.001592,0.001592,0.001584,0.001595,0.001602,0.001609,0.00161,0.001477,0.001622,0.001643,0.00165,0.001673,0.00168,0.001687,0.001695,0.00169,0.001680396666666669,0.0016881599999999982,0.0016963600000000011,0.0016900800000000046
-0.912,0.001568,0.001589,0.001588,0.001581,0.001591,0.001599,0.001606,0.001606,0.001474,0.001619,0.00164,0.001647,0.00167,0.001677,0.001684,0.001692,0.001687,0.001677099999999997,0.0016848600000000044,0.0016930700000000103,0.0016866833333333301
-0.908,0.001565,0.001586,0.001585,0.001578,0.001588,0.001596,0.001603,0.001603,0.001472,0.001616,0.001637,0.001644,0.001667,0.001674,0.001681,0.00169,0.001683,0.0016739633333333348,0.001681796666666661,0.001690736666666676,0.0016827266666666623
-0.904,0.001562,0.001584,0.001582,0.001575,0.001585,0.001593,0.0016,0.0016,0.00147,0.001613,0.001635,0.001641,0.001665,0.001671,0.001679,0.001688,0.00168,0.0016714999999999946,0.001679813333333327,0.0016887200000000062,0.0016802400000000017
-0.9,0.00156,0.001582,0.001579,0.001573,0.001583,0.001591,0.001598,0.001597,0.001469,0.001611,0.001633,0.001639,0.001662,0.001669,0.001677,0.001685,0.001678,0.0016687733333333261,0.001677289999999995,0.0016855266666666638,0.001677743333333341
-0.896,0.001558,0.001579,0.001577,0.00157,0.001581,0.001589,0.001596,0.001594,0.001467,0.001608,0.001631,0.001637,0.00166,0.001666,0.001675,0.001683,0.001676,0.001666466666666666,0.00167553666666666,0.0016840166666666622,0.00167592333333334
-0.892,0.001556,0.001577,0.001575,0.001568,0.001578,0.001586,0.001593,0.001592,0.001466,0.001606,0.001629,0.001635,0.001658,0.001664,0.001673,0.001682,0.001674,0.0016642100000000008,0.0016736566666666604,0.0016824666666666705,0.0016736033333333389
-0.888,0.001554,0.001575,0.001573,0.001566,0.001576,0.001584,0.001591,0.00159,0.001465,0.001604,0.001627,0.001633,0.001657,0.001663,0.001672,0.00168,0.001672,0.0016630433333333422,0.0016724000000000027,0.001680796666666669,0.0016719166666666714
-0.884,0.001553,0.001574,0.001571,0.001564,0.001574,0.001582,0.001589,0.001588,0.001464,0.001603,0.001626,0.001631,0.001656,0.001661,0.00167,0.001679,0.00167,0.0016613600000000076,0.0016707466666666681,0.0016796066666666634,0.001669973333333337
-0.88,0.001552,0.001572,0.001569,0.001562,0.001573,0.001581,0.001588,0.001586,0.001464,0.001601,0.001624,0.00163,0.001654,0.00166,0.001669,0.001678,0.001668,0.0016599566666666665,0.00166947666666666,0.001678443333333339,0.0016676866666666694
-0.876,0.00155,0.001571,0.001568,0.001561,0.001571,0.001579,0.001586,0.001585,0.001463,0.0016,0.001623,0.001629,0.001653,0.001659,0.001668,0.001677,0.001666,0.001658926666666672,0.001668396666666667,0.0016772499999999995,0.0016660200000000033
-0.872,0.001549,0.001569,0.001566,0.001559,0.00157,0.001578,0.001585,0.001583,0.001463,0.001599,0.001622,0.001628,0.001652,0.001658,0.001668,0.001676,0.001665,0.0016577733333333338,0.0016678133333333308,0.0016762200000000067,0.0016649666666666777
-0.868,0.001549,0.001569,0.001565,0.001558,0.001569,0.001577,0.001584,0.001582,0.001464,0.001598,0.001622,0.001627,0.001652,0.001657,0.001667,0.001676,0.001665,0.001657196666666673,0.0016672299999999907,0.001676100000000007,0.0016648033333333436
-0.864,0.001548,0.001568,0.001564,0.001558,0.001568,0.001576,0.001583,0.001581,0.001464,0.001597,0.001622,0.001626,0.001652,0.001657,0.001667,0.001676,0.001664,0.0016570266666666737,0.0016670966666666558,0.001676050000000007,0.0016641500000000025
-0.86,0.001548,0.001567,0.001563,0.001557,0.001567,0.001576,0.001582,0.00158,0.001464,0.001597,0.001621,0.001626,0.001651,0.001657,0.001667,0.001676,0.001664,0.0016567766666666713,0.0016670499999999885,0.0016760333333333407,0.0016637900000000027
-0.856,0.001547,0.001567,0.001562,0.001556,0.001567,0.001575,0.001582,0.001579,0.001464,0.001597,0.001621,0.001626,0.001651,0.001656,0.001667,0.001676,0.001663,0.0016562166666666633,0.0016670599999999887,0.001676050000000007,0.0016631866666666766
-0.852,0.001547,0.001567,0.001562,0.001556,0.001566,0.001575,0.001581,0.001579,0.001465,0.001597,0.001621,0.001625,0.001651,0.001656,0.001667,0.001676,0.001663,0.0016560433333333276,0.001667016666666655,0.001676016666666674,0.0016630366666666781
-0.848,0.001547,0.001567,0.001561,0.001555,0.001566,0.001575,0.001581,0.001578,0.001465,0.001597,0.001621,0.001625,0.001651,0.001656,0.001667,0.001676,0.001663,0.0016560499999999942,0.0016670333333333217,0.0016760333333333403,0.0016630266666666784
-0.844,0.001547,0.001566,0.001561,0.001555,0.001566,0.001575,0.00158,0.001578,0.001466,0.001596,0.001621,0.001625,0.001651,0.001656,0.001667,0.001676,0.001663,0.001656116666666662,0.0016671133333333225,0.0016761133333333396,0.0016630300000000115
-0.84,0.001547,0.001566,0.001561,0.001554,0.001566,0.001574,0.00158,0.001578,0.001467,0.001597,0.001622,0.001626,0.001652,0.001657,0.001668,0.001677,0.001663,0.001656806666666672,0.0016678966666666642,0.0016768933333333326,0.001663126666666677
-0.836,0.001548,0.001566,0.001561,0.001554,0.001566,0.001574,0.00158,0.001578,0.001468,0.001597,0.001623,0.001626,0.001652,0.001657,0.001669,0.001678,0.001664,0.0016570266666666733,0.0016686799999999927,0.0016776733333333385,0.0016637633333333362
-0.832,0.001548,0.001566,0.00156,0.001554,0.001566,0.001574,0.001581,0.001578,0.00147,0.001597,0.001624,0.001627,0.001653,0.001658,0.00167,0.001679,0.001664,0.0016579966666666667,0.0016699433333333335,0.0016789433333333284,0.0016641366666666686
-0.828,0.001549,0.001566,0.001561,0.001555,0.001567,0.001575,0.001581,0.001578,0.001471,0.001599,0.001624,0.001627,0.001654,0.001659,0.001671,0.00168,0.001665,0.0016587166666666737,0.001670689999999994,0.0016796866666666692,0.001664853333333344
-0.824,0.001549,0.001567,0.001561,0.001555,0.001567,0.001575,0.001582,0.001578,0.001473,0.001599,0.001625,0.001628,0.001655,0.001659,0.001672,0.001681,0.001665,0.0016589733333333407,0.0016716366666666683,0.001680633333333329,0.0016650133333333454
-0.82,0.00155,0.001567,0.001562,0.001555,0.001568,0.001576,0.001582,0.001579,0.001474,0.0016,0.001627,0.001629,0.001656,0.00166,0.001673,0.001682,0.001666,0.0016600433333333337,0.0016729399999999954,0.0016819400000000022,0.0016660833333333347
-0.816,0.001551,0.001568,0.001562,0.001555,0.001569,0.001577,0.001583,0.001579,0.001476,0.001601,0.001628,0.00163,0.001657,0.001661,0.001674,0.001683,0.001667,0.00166086333333334,0.0016737700000000022,0.0016827799999999968,0.0016669099999999926
-0.812,0.001552,0.001569,0.001562,0.001556,0.001569,0.001577,0.001583,0.00158,0.001478,0.001602,0.001629,0.001631,0.001658,0.001662,0.001675,0.001684,0.001668,0.0016618266666666671,0.001674736666666663,0.0016838133333333383,0.0016678833333333327
-0.808,0.001553,0.00157,0.001564,0.001556,0.00157,0.001578,0.001584,0.001581,0.00148,0.001603,0.00163,0.001632,0.001659,0.001663,0.001676,0.001686,0.001669,0.0016628533333333422,0.0016757600000000047,0.0016854600000000067,0.0016688699999999937
-0.804,0.001554,0.001571,0.001565,0.001557,0.001571,0.001579,0.001585,0.001582,0.001482,0.001605,0.001631,0.001633,0.00166,0.001665,0.001678,0.001688,0.00167,0.0016647466666666777,0.0016773933333333406,0.0016874000000000075,0.0016703400000000013
-0.8,0.001556,0.001572,0.001567,0.001559,0.001572,0.00158,0.001587,0.001583,0.001484,0.001606,0.001633,0.001635,0.001662,0.001666,0.00168,0.001689,0.001672,0.0016660333333333363,0.0016794933333333377,0.0016887999999999996,0.0016721800000000031
-0.796,0.001558,0.001574,0.001568,0.00156,0.001574,0.001582,0.001588,0.001585,0.001486,0.001608,0.001635,0.001637,0.001664,0.001668,0.001682,0.001691,0.001673,0.0016690000000000027,0.0016822933333333397,0.0016920599999999959,0.0016745333333333275
-0.792,0.001559,0.001575,0.001568,0.001561,0.001575,0.001584,0.001589,0.001586,0.001489,0.001609,0.001637,0.001638,0.001666,0.00167,0.001684,0.001694,0.001675,0.0016700500000000036,0.0016835766666666741,0.0016936466666666572,0.001675409999999995
-0.788,0.001561,0.001576,0.001568,0.001563,0.001576,0.001585,0.001591,0.001588,0.001491,0.001611,0.00164,0.00164,0.001668,0.001672,0.001686,0.001696,0.001676,0.0016724933333333385,0.0016858800000000074,0.0016961466666666576,0.0016776466666666681
-0.784,0.001563,0.001578,0.00157,0.001564,0.001578,0.001587,0.001593,0.001589,0.001494,0.001614,0.001642,0.001642,0.00167,0.001674,0.001688,0.001698,0.001679,0.0016754266666666724,0.0016891800000000065,0.0016996899999999937,0.0016819033333333262
-0.78,0.001564,0.00158,0.001571,0.001565,0.00158,0.001589,0.001595,0.001591,0.001497,0.001616,0.001644,0.001645,0.001672,0.001676,0.001691,0.001701,0.001681,0.0016775266666666732,0.0016916266666666647,0.0017025400000000024,0.0016842133333333264
-0.776,0.001566,0.001581,0.001573,0.001567,0.001581,0.001591,0.001597,0.001593,0.0015,0.001619,0.001647,0.001647,0.001675,0.001678,0.001694,0.001703,0.001683,0.0016787666666666734,0.001694156666666656,0.0017037466666666716,0.0016844366666666603
-0.772,0.001568,0.001583,0.001574,0.001569,0.001583,0.001593,0.001599,0.001595,0.001504,0.001621,0.00165,0.001649,0.001677,0.00168,0.001696,0.001706,0.001685,0.0016808733333333378,0.0016964766666666582,0.001706783333333332,0.0016869399999999957
-0.768,0.001571,0.001585,0.001576,0.001571,0.001585,0.001595,0.001601,0.001597,0.001507,0.001623,0.001652,0.001652,0.00168,0.001683,0.001699,0.001709,0.001687,0.0016832066666666646,0.0016986299999999998,0.0017093133333333347,0.0016886166666666628
-0.764,0.001575,0.001588,0.001579,0.001573,0.001588,0.001598,0.001604,0.0016,0.00151,0.001627,0.001656,0.001655,0.001683,0.001686,0.001702,0.001712,0.00169,0.0016891733333333373,0.001703359999999996,0.001715096666666665,0.0016953566666666727
-0.76,0.001577,0.00159,0.001581,0.001575,0.00159,0.0016,0.001606,0.001603,0.001514,0.001629,0.001659,0.001658,0.001686,0.001689,0.001706,0.001715,0.001693,0.0016897800000000012,0.0017057666666666633,0.0017156700000000066,0.0016946333333333345
-0.756,0.00158,0.001593,0.001583,0.001578,0.001593,0.001603,0.001609,0.001605,0.001518,0.001632,0.001662,0.001661,0.001689,0.001692,0.001709,0.001719,0.001696,0.001692893333333341,0.0017089900000000031,0.0017193833333333424,0.0016979366666666615
-0.752,0.001582,0.001596,0.001586,0.00158,0.001595,0.001606,0.001612,0.001608,0.001522,0.001636,0.001665,0.001664,0.001692,0.001695,0.001713,0.001722,0.001699,0.0016950400000000014,0.0017123200000000052,0.0017216200000000033,0.0016997100000000014
-0.748,0.001586,0.001598,0.001588,0.001583,0.001598,0.001609,0.001615,0.001611,0.001526,0.001639,0.001668,0.001667,0.001695,0.001698,0.001716,0.001726,0.001702,0.0016978133333333276,0.0017151633333333332,0.0017251233333333376,0.0017020866666666626
-0.744,0.001589,0.001601,0.001591,0.001586,0.001601,0.001612,0.001618,0.001614,0.00153,0.001643,0.001672,0.00167,0.001699,0.001702,0.00172,0.00173,0.001705,0.0017017433333333283,0.0017192766666666655,0.0017293466666666731,0.0017053200000000024
-0.74,0.001592,0.001604,0.001594,0.001588,0.001604,0.001615,0.001621,0.001617,0.001535,0.001646,0.001676,0.001673,0.001702,0.001705,0.001723,0.001734,0.001708,0.0017046133333333373,0.0017221633333333256,0.0017329500000000087,0.0017082266666666628
-0.736,0.001595,0.001607,0.001596,0.001591,0.001607,0.001618,0.001625,0.00162,0.001539,0.00165,0.00168,0.001677,0.001706,0.001709,0.001727,0.001738,0.001712,0.0017082833333333359,0.001725679999999994,0.0017365766666666742,0.0017121099999999974
-0.732,0.001599,0.001611,0.001599,0.001594,0.00161,0.001622,0.001628,0.001624,0.001544,0.001654,0.001684,0.001681,0.00171,0.001712,0.001731,0.001742,0.001715,0.0017128899999999973,0.0017309799999999952,0.0017422800000000075,0.0017169233333333396
-0.728,0.001602,0.001614,0.001602,0.001597,0.001613,0.001625,0.001631,0.001627,0.001548,0.001657,0.001688,0.001684,0.001713,0.001716,0.001735,0.001746,0.001719,0.0017156733333333314,0.0017341633333333283,0.0017455166666666755,0.0017201900000000088
-0.724,0.001606,0.001617,0.001605,0.001601,0.001616,0.001628,0.001635,0.001631,0.001553,0.001661,0.001692,0.001688,0.001718,0.00172,0.00174,0.00175,0.001723,0.001720383333333334,0.001739913333333338,0.0017503166666666618,0.0017240866666666627
-0.72,0.001609,0.00162,0.001609,0.001604,0.001619,0.001632,0.001638,0.001634,0.001558,0.001665,0.001696,0.001692,0.001721,0.001724,0.001744,0.001754,0.001726,0.001723846666666667,0.0017431866666666736,0.0017536333333333287,0.001727420000000002
-0.716,0.001612,0.001623,0.001612,0.001607,0.001623,0.001636,0.001642,0.001638,0.001563,0.001669,0.0017,0.001696,0.001725,0.001728,0.001748,0.001759,0.00173,0.0017284600000000024,0.0017479566666666745,0.0017586900000000016,0.0017309833333333392
-0.712,0.001616,0.001626,0.001615,0.001611,0.001626,0.001639,0.001646,0.001641,0.001568,0.001673,0.001705,0.0017,0.00173,0.001732,0.001752,0.001763,0.001734,0.0017322133333333377,0.0017518833333333276,0.001762786666666668,0.0017345933333333418
-0.708,0.001619,0.00163,0.001618,0.001614,0.001629,0.001643,0.001649,0.001645,0.001573,0.001678,0.001709,0.001704,0.001734,0.001736,0.001757,0.001768,0.001738,0.0017361366666666686,0.0017563833333333354,0.0017672433333333305,0.0017386766666666724
-0.704,0.001624,0.001633,0.001622,0.001618,0.001633,0.001647,0.001653,0.001649,0.001577,0.001682,0.001714,0.001709,0.001739,0.001741,0.001762,0.001773,0.001743,0.001740753333333331,0.0017607333333333323,0.0017714400000000074,0.0017438299999999996
-0.7,0.001628,0.001637,0.001625,0.001622,0.001636,0.001651,0.001658,0.001653,0.001583,0.001687,0.001719,0.001713,0.001744,0.001745,0.001767,0.001778,0.001747,0.0017452699999999973,0.001765766666666669,0.0017765100000000007,0.0017483866666666663
-0.696,0.001633,0.001641,0.001629,0.001625,0.00164,0.001655,0.001662,0.001657,0.001588,0.001692,0.001724,0.001718,0.001749,0.00175,0.001772,0.001783,0.001752,0.0017514299999999935,0.0017711799999999974,0.0017818299999999949,0.0017545233333333243
-0.692,0.001637,0.001644,0.001633,0.001629,0.001645,0.001659,0.001666,0.001661,0.001593,0.001697,0.001729,0.001723,0.001754,0.001755,0.001777,0.001788,0.001756,0.001757006666666668,0.0017756499999999928,0.001786160000000004,0.00175967666666666
-0.688,0.001641,0.001648,0.001637,0.001633,0.001649,0.001664,0.001671,0.001666,0.001599,0.001702,0.001735,0.001728,0.001759,0.00176,0.001782,0.001793,0.001761,0.001762046666666664,0.0017812633333333335,0.0017921899999999965,0.001765050000000005
-0.684,0.001646,0.001653,0.00164,0.001637,0.001653,0.001668,0.001675,0.00167,0.001604,0.001707,0.00174,0.001733,0.001764,0.001765,0.001787,0.001799,0.001766,0.0017668900000000025,0.0017861533333333286,0.0017975333333333302,0.0017695066666666651
-0.68,0.001651,0.001657,0.001644,0.001642,0.001657,0.001673,0.00168,0.001675,0.00161,0.001712,0.001745,0.001738,0.00177,0.00177,0.001793,0.001804,0.001771,0.0017732233333333318,0.001792389999999997,0.001803520000000006,0.001776440000000004
-0.676,0.001656,0.001661,0.001648,0.001646,0.001662,0.001678,0.001685,0.00168,0.001616,0.001717,0.001751,0.001743,0.001775,0.001776,0.001798,0.00181,0.001776,0.001779896666666666,0.001797193333333336,0.0018090333333333276,0.0017832166666666661
-0.672,0.00166,0.001666,0.001652,0.00165,0.001666,0.001682,0.001689,0.001684,0.001622,0.001723,0.001756,0.001748,0.00178,0.001781,0.001804,0.001816,0.001782,0.001784609999999995,0.0018022366666666726,0.001814026666666666,0.0017888166666666645
-0.668,0.001666,0.00167,0.001657,0.001655,0.001671,0.001687,0.001695,0.001689,0.001628,0.001728,0.001762,0.001754,0.001786,0.001787,0.00181,0.001822,0.001787,0.001790609999999994,0.0018084833333333271,0.0018205699999999958,0.0017937433333333275
-0.664,0.001671,0.001675,0.001661,0.001659,0.001676,0.001692,0.0017,0.001694,0.001634,0.001735,0.001768,0.001759,0.001792,0.001793,0.001816,0.001828,0.001793,0.0017961399999999953,0.0018140199999999976,0.001825746666666667,0.0017984299999999954
-0.66,0.001676,0.00168,0.001666,0.001664,0.001681,0.001697,0.001705,0.0017,0.00164,0.001741,0.001774,0.001765,0.001798,0.001799,0.001823,0.001834,0.001798,0.0018032366666666652,0.001821003333333338,0.0018325000000000017,0.0018056600000000023
-0.656,0.001681,0.001684,0.00167,0.001669,0.001686,0.001703,0.00171,0.001705,0.001647,0.001747,0.001781,0.001771,0.001804,0.001804,0.001829,0.00184,0.001804,0.0018077300000000096,0.0018282300000000047,0.0018396766666666676,0.0018100500000000045
-0.652,0.001687,0.001689,0.001675,0.001674,0.001691,0.001708,0.001715,0.001711,0.001654,0.001753,0.001787,0.001777,0.00181,0.001811,0.001835,0.001847,0.00181,0.0018135833333333391,0.0018332333333333287,0.001845396666666664,0.0018156899999999942
-0.648,0.001692,0.001694,0.001679,0.001679,0.001697,0.001714,0.001721,0.001716,0.00166,0.001759,0.001794,0.001783,0.001817,0.001817,0.001841,0.001853,0.001817,0.0018204300000000061,0.0018396233333333272,0.0018518933333333272,0.0018233566666666689
-0.644,0.001698,0.001699,0.001684,0.001683,0.001702,0.001719,0.001726,0.001722,0.001667,0.001765,0.001801,0.001789,0.001823,0.001823,0.001848,0.00186,0.001823,0.0018253966666666732,0.001847856666666667,0.0018601033333333229,0.0018267466666666717
-0.64,0.001703,0.001704,0.001689,0.001688,0.001707,0.001725,0.001732,0.001727,0.001674,0.001772,0.001807,0.001795,0.00183,0.00183,0.001855,0.001867,0.00183,0.0018327099999999985,0.0018551400000000008,0.0018678533333333326,0.0018336733333333326
-0.636,0.00171,0.00171,0.001694,0.001694,0.001712,0.001731,0.001738,0.001733,0.001681,0.001778,0.001814,0.001802,0.001836,0.001837,0.001861,0.001874,0.001836,0.001839059999999994,0.00186057,0.001873863333333331,0.0018395333333333327
-0.632,0.001716,0.001715,0.001699,0.001699,0.001718,0.001737,0.001744,0.001739,0.001688,0.001785,0.001821,0.001809,0.001843,0.001843,0.001868,0.001881,0.001843,0.0018454566666666653,0.0018674566666666591,0.0018809066666666725,0.001846663333333333
-0.628,0.001722,0.001721,0.001705,0.001705,0.001724,0.001743,0.001751,0.001745,0.001695,0.001792,0.001828,0.001815,0.001851,0.00185,0.001876,0.001888,0.00185,0.0018542566666666723,0.001875799999999995,0.0018890099999999998,0.0018559633333333385
-0.624,0.001728,0.001727,0.00171,0.00171,0.00173,0.001749,0.001757,0.001751,0.001702,0.0018,0.001836,0.001822,0.001858,0.001857,0.001883,0.001895,0.001857,0.001859949999999997,0.0018824700000000024,0.0018952566666666586,0.001860996666666663
-0.62,0.001735,0.001733,0.001716,0.001716,0.001736,0.001755,0.001763,0.001758,0.00171,0.001807,0.001843,0.001829,0.001865,0.001864,0.00189,0.001903,0.001864,0.001866993333333325,0.0018894966666666642,0.0019029266666666597,0.0018684866666666582
-0.616,0.001742,0.001739,0.001721,0.001722,0.001742,0.001761,0.00177,0.001764,0.001717,0.001814,0.001851,0.001836,0.001872,0.001872,0.001898,0.00191,0.001872,0.0018755599999999957,0.0018983800000000018,0.00191126,0.001877316666666663
-0.612,0.001748,0.001744,0.001727,0.001727,0.001748,0.001768,0.001776,0.001771,0.001725,0.001821,0.001858,0.001843,0.001879,0.001879,0.001905,0.001918,0.001879,0.001881826666666669,0.00190442,0.0019180499999999915,0.001883513333333336
-0.608,0.001755,0.00175,0.001732,0.001733,0.001754,0.001774,0.001783,0.001777,0.001733,0.001829,0.001865,0.00185,0.001887,0.001886,0.001913,0.001925,0.001886,0.001888253333333339,0.0019118166666666706,0.0019247399999999986,0.001890170000000005
-0.604,0.001762,0.001757,0.001738,0.00174,0.001761,0.001781,0.00179,0.001784,0.001741,0.001836,0.001873,0.001858,0.001894,0.001894,0.001921,0.001933,0.001894,0.0018977266666666663,0.0019203699999999998,0.0019340566666666678,0.0019010966666666662
-0.6,0.001769,0.001763,0.001744,0.001746,0.001767,0.001788,0.001797,0.001791,0.001749,0.001844,0.00188,0.001865,0.001902,0.001901,0.001928,0.001941,0.001901,0.0019054366666666647,0.0019272066666666688,0.0019418733333333355,0.001909056666666666
-0.596,0.001776,0.00177,0.001751,0.001752,0.001774,0.001795,0.001804,0.001798,0.001757,0.001851,0.001888,0.001873,0.00191,0.001909,0.001936,0.001949,0.001909,0.00191272,0.0019340233333333345,0.0019488799999999931,0.0019165033333333333
-0.592,0.001783,0.001777,0.001757,0.001759,0.001781,0.001802,0.001811,0.001805,0.001765,0.001859,0.001896,0.00188,0.001917,0.001917,0.001944,0.001956,0.001917,0.0019241533333333297,0.0019429366666666626,0.0019596300000000004,0.0019314033333333294
-0.588,0.00179,0.001784,0.001764,0.001765,0.001788,0.001809,0.001819,0.001812,0.001773,0.001868,0.001904,0.001888,0.001925,0.001925,0.001952,0.001964,0.001925,0.0019315633333333334,0.001950473333333332,0.0019673666666666662,0.0019397633333333327
-0.584,0.001797,0.00179,0.00177,0.001772,0.001795,0.001817,0.001826,0.00182,0.001781,0.001876,0.001912,0.001896,0.001933,0.001933,0.00196,0.001972,0.001933,0.0019392466666666676,0.0019586133333333337,0.0019744799999999894,0.0019467866666666679
-0.58,0.001804,0.001797,0.001777,0.001779,0.001802,0.001824,0.001833,0.001827,0.001789,0.001884,0.00192,0.001904,0.001941,0.001941,0.001968,0.00198,0.00194,0.001945920000000005,0.0019664000000000044,0.001983346666666661,0.001955473333333336
-0.576,0.001812,0.001804,0.001784,0.001786,0.001809,0.001832,0.001841,0.001835,0.001797,0.001892,0.001928,0.001912,0.001949,0.001948,0.001977,0.001989,0.001949,0.0019544066666666647,0.001977163333333338,0.001993386666666674,0.0019630433333333256
-0.572,0.001819,0.001811,0.001791,0.001793,0.001817,0.00184,0.001848,0.001842,0.001806,0.001899,0.001936,0.00192,0.001957,0.001956,0.001985,0.001997,0.001957,0.0019601833333333335,0.001984250000000005,0.002000106666666678,0.001967499999999991
-0.568,0.001826,0.001819,0.001798,0.0018,0.001824,0.001847,0.001856,0.00185,0.001815,0.001907,0.001945,0.001928,0.001965,0.001964,0.001993,0.002005,0.001965,0.0019670600000000014,0.001991760000000007,0.0020074833333333336,0.001976389999999996
-0.564,0.001834,0.001826,0.001805,0.001807,0.001831,0.001854,0.001864,0.001858,0.001823,0.001915,0.001953,0.001936,0.001973,0.001973,0.002001,0.002013,0.001973,0.001977760000000002,0.0020011633333333295,0.00201868,0.001988613333333335
-0.56,0.001841,0.001834,0.001812,0.001815,0.001839,0.001862,0.001871,0.001866,0.001832,0.001924,0.001961,0.001944,0.001982,0.001981,0.00201,0.002021,0.001981,0.0019848600000000063,0.0020092333333333314,0.002028130000000003,0.002001670000000006
-0.556,0.001849,0.001841,0.001819,0.001822,0.001846,0.00187,0.001879,0.001874,0.001841,0.001933,0.001969,0.001953,0.001991,0.001989,0.002019,0.00203,0.001989,0.0019942233333333412,0.0020191833333333296,0.0020400566666666574,0.0020150866666666743
-0.552,0.001856,0.001849,0.001827,0.001829,0.001854,0.001878,0.001887,0.001882,0.00185,0.001941,0.001978,0.001961,0.001999,0.001998,0.002027,0.002038,0.001998,0.001999566666666673,0.002025753333333333,0.0020460533333333275,0.002019203333333341
-0.548,0.001864,0.001856,0.001834,0.001837,0.001862,0.001886,0.001895,0.00189,0.001859,0.00195,0.001987,0.001969,0.002007,0.002006,0.002036,0.002047,0.002006,0.002008093333333332,0.0020353566666666658,0.0020548966666666716,0.002026133333333332
-0.544,0.001872,0.001864,0.001842,0.001844,0.00187,0.001895,0.001903,0.001898,0.001868,0.001958,0.001995,0.001977,0.002016,0.002014,0.002044,0.002055,0.002014,0.0020147399999999984,0.0020414633333333356,0.002055853333333331,0.002022113333333331
-0.54,0.00188,0.001871,0.001849,0.001852,0.001878,0.001903,0.001912,0.001906,0.001877,0.001966,0.002004,0.001986,0.002024,0.002023,0.002053,0.002064,0.002023,0.0020223999999999993,0.0020493233333333367,0.0020624766666666626,0.0020271399999999993
-0.536,0.001888,0.001879,0.001856,0.001859,0.001885,0.001911,0.00192,0.001914,0.001886,0.001975,0.002013,0.001995,0.002033,0.002031,0.002062,0.002072,0.002031,0.002031123333333336,0.002058463333333337,0.002070906666666665,0.0020355033333333355
-0.532,0.001896,0.001887,0.001864,0.001867,0.001893,0.001919,0.001928,0.001922,0.001895,0.001984,0.002022,0.002003,0.002042,0.00204,0.002071,0.002081,0.00204,0.002038376666666668,0.0020665733333333366,0.0020795199999999996,0.0020436600000000014
-0.528,0.001904,0.001895,0.001872,0.001875,0.001901,0.001927,0.001936,0.00193,0.001905,0.001993,0.002031,0.002012,0.002051,0.002048,0.002079,0.00209,0.002048,0.0020498233333333363,0.002078346666666672,0.0020943299999999997,0.002058686666666669
-0.524,0.001912,0.001903,0.001879,0.001883,0.001909,0.001935,0.001945,0.001939,0.001915,0.002002,0.00204,0.002021,0.00206,0.002057,0.002088,0.002099,0.002057,0.0020608266666666607,0.0020886766666666614,0.0021043733333333315,0.0020684666666666587
-0.52,0.00192,0.00191,0.001887,0.001891,0.001917,0.001944,0.001953,0.001947,0.001924,0.002011,0.00205,0.002029,0.002069,0.002066,0.002097,0.002108,0.002065,0.002067260000000005,0.0020955300000000034,0.0021106599999999986,0.0020736333333333267
-0.516,0.001928,0.001918,0.001895,0.001899,0.001925,0.001953,0.001961,0.001956,0.001934,0.00202,0.002059,0.002038,0.002078,0.002075,0.002107,0.002117,0.002074,0.002077693333333335,0.0021073400000000036,0.0021213566666666655,0.00208360666666667
-0.512,0.001936,0.001926,0.001903,0.001907,0.001933,0.001961,0.00197,0.001965,0.001944,0.00203,0.002068,0.002047,0.002087,0.002083,0.002116,0.002126,0.002083,0.002087443333333328,0.002116190000000004,0.00213245333333333,0.002097569999999994
-0.508,0.001945,0.001935,0.001911,0.001915,0.001942,0.00197,0.001979,0.001973,0.001954,0.002039,0.002078,0.002057,0.002096,0.002092,0.002125,0.002135,0.002092,0.002099869999999995,0.002127763333333334,0.002143099999999999,0.002108253333333329
-0.504,0.001953,0.001943,0.001919,0.001923,0.00195,0.001978,0.001987,0.001982,0.001965,0.002049,0.002087,0.002066,0.002105,0.002102,0.002135,0.002144,0.002101,0.0021050833333333342,0.002134879999999999,0.002146263333333333,0.0021076300000000044
-0.5,0.001963,0.001951,0.001928,0.001931,0.001959,0.001987,0.001996,0.001991,0.001975,0.002058,0.002097,0.002075,0.002115,0.002111,0.002145,0.002154,0.00211,0.0021115299999999917,0.002142196666666662,0.0021522366666666616,0.0021121566666666616
-0.496,0.001972,0.00196,0.001936,0.00194,0.001968,0.001997,0.002006,0.002,0.001986,0.002068,0.002107,0.002085,0.002125,0.002121,0.002154,0.002164,0.002119,0.0021228333333333333,0.0021516166666666627,0.002162126666666673,0.002123079999999994
-0.492,0.001981,0.001969,0.001945,0.001948,0.001977,0.002006,0.002015,0.002009,0.001997,0.002079,0.002117,0.002095,0.002135,0.00213,0.002164,0.002174,0.002129,0.0021360533333333325,0.0021633366666666738,0.002176226666666672,0.002141126666666668
-0.488,0.001991,0.001978,0.001953,0.001957,0.001986,0.002016,0.002025,0.002018,0.002008,0.002089,0.002127,0.002104,0.002145,0.00214,0.002174,0.002184,0.002138,0.002142156666666667,0.0021704500000000043,0.0021811166666666645,0.0021448966666666558
-0.484,0.002,0.001987,0.001962,0.001966,0.001995,0.002026,0.002034,0.002028,0.002019,0.002099,0.002138,0.002115,0.002155,0.00215,0.002185,0.002194,0.002148,0.0021550799999999954,0.00218280333333333,0.002193879999999998,0.002158253333333334
-0.48,0.00201,0.001996,0.001971,0.001975,0.002005,0.002036,0.002044,0.002038,0.00203,0.00211,0.002149,0.002125,0.002165,0.002161,0.002195,0.002204,0.002158,0.002167293333333334,0.0021926466666666593,0.002205306666666661,0.002171279999999995
-0.476,0.002021,0.002006,0.00198,0.001985,0.002014,0.002045,0.002054,0.002048,0.002042,0.002121,0.002159,0.002135,0.002176,0.002171,0.002206,0.002215,0.002168,0.0021786200000000005,0.002205253333333337,0.0022178899999999962,0.0021840766666666603
-0.472,0.002031,0.002015,0.00199,0.001994,0.002024,0.002056,0.002064,0.002058,0.002053,0.002131,0.00217,0.002146,0.002186,0.002181,0.002216,0.002225,0.002178,0.0021896599999999948,0.0022175533333333294,0.0022312466666666673,0.0021971333333333396
-0.468,0.002041,0.002025,0.001999,0.002003,0.002034,0.002066,0.002075,0.002069,0.002064,0.002142,0.00218,0.002157,0.002197,0.002192,0.002227,0.002236,0.002189,0.0021952966666666683,0.0022232266666666585,0.002234963333333339,0.0021973166666666654
-0.464,0.002052,0.002035,0.002009,0.002013,0.002044,0.002076,0.002085,0.002079,0.002074,0.002152,0.002191,0.002167,0.002207,0.002202,0.002237,0.002246,0.002199,0.002208083333333337,0.0022328566666666703,0.002245893333333332,0.002213086666666661
-0.46,0.002062,0.002045,0.002019,0.002023,0.002054,0.002087,0.002095,0.002089,0.002085,0.002163,0.002202,0.002178,0.002218,0.002213,0.002247,0.002257,0.002209,0.002217410000000008,0.0022427033333333327,0.00225594333333333,0.002220663333333338
-0.456,0.002073,0.002056,0.002029,0.002034,0.002064,0.002098,0.002106,0.0021,0.002095,0.002174,0.002212,0.002189,0.002229,0.002223,0.002258,0.002267,0.00222,0.002224946666666658,0.0022488266666666618,0.0022589733333333393,0.0022271900000000013
-0.452,0.002083,0.002066,0.002039,0.002044,0.002075,0.002108,0.002117,0.002111,0.002105,0.002184,0.002223,0.002199,0.002239,0.002233,0.002268,0.002278,0.00223,0.002233476666666672,0.002257333333333338,0.002269113333333335,0.002237463333333329
-0.448,0.002093,0.002077,0.00205,0.002054,0.002086,0.002119,0.002127,0.002122,0.002114,0.002195,0.002233,0.002209,0.00225,0.002244,0.002278,0.002288,0.00224,0.0022518700000000082,0.002278180000000002,0.002292399999999996,0.0022593833333333403
-0.444,0.002102,0.002087,0.00206,0.002065,0.002096,0.002129,0.002138,0.002133,0.002123,0.002205,0.002243,0.00222,0.00226,0.002254,0.002288,0.002298,0.00225,0.002258533333333327,0.0022859433333333305,0.0022986800000000065,0.002261919999999991
-0.44,0.002111,0.002097,0.00207,0.002075,0.002106,0.002139,0.002148,0.002143,0.002132,0.002215,0.002252,0.00223,0.002269,0.002264,0.002298,0.002308,0.00226,0.0022671900000000036,0.0022944866666666725,0.0023063366666666594,0.00226970666666667
-0.436,0.002119,0.002107,0.00208,0.002085,0.002116,0.002149,0.002158,0.002153,0.002141,0.002225,0.002262,0.002239,0.002279,0.002273,0.002308,0.002317,0.00227,0.002277550000000002,0.0023058833333333252,0.002317533333333338,0.0022818299999999986
-0.432,0.002126,0.002116,0.00209,0.002095,0.002126,0.002159,0.002168,0.002163,0.002149,0.002234,0.002271,0.002249,0.002288,0.002283,0.002317,0.002327,0.002279,0.0022851233333333345,0.002314376666666674,0.0023258933333333335,0.002286519999999999
-0.428,0.002134,0.002125,0.0021,0.002105,0.002135,0.002168,0.002177,0.002173,0.002158,0.002243,0.00228,0.002258,0.002297,0.002292,0.002326,0.002336,0.002288,0.002294989999999999,0.0023220500000000043,0.0023347100000000003,0.0022973499999999975
-0.424,0.002141,0.002133,0.00211,0.002114,0.002144,0.002177,0.002186,0.002182,0.002167,0.002251,0.002288,0.002267,0.002306,0.002301,0.002335,0.002346,0.002296,0.002303333333333334,0.0023321933333333234,0.002345299999999995,0.002302969999999999
-0.42,0.002147,0.002141,0.002119,0.002124,0.002153,0.002185,0.002195,0.002191,0.002176,0.00226,0.002297,0.002276,0.002315,0.002309,0.002343,0.002355,0.002305,0.0023107533333333367,0.002339743333333327,0.002353283333333332,0.002311026666666669
-0.416,0.002153,0.002149,0.002128,0.002132,0.002161,0.002193,0.002204,0.0022,0.002185,0.002269,0.002306,0.002284,0.002324,0.002318,0.002352,0.002364,0.002313,0.0023200766666666693,0.0023480733333333405,0.002361293333333334,0.0023201566666666727
-0.412,0.002159,0.002156,0.002136,0.00214,0.002168,0.0022,0.002212,0.002208,0.002194,0.002277,0.002315,0.002293,0.002333,0.002327,0.002361,0.002374,0.002322,0.002328956666666667,0.0023569199999999907,0.002371093333333328,0.002329086666666673
-0.408,0.002164,0.002162,0.002143,0.002148,0.002176,0.002207,0.002219,0.002215,0.002203,0.002286,0.002323,0.002301,0.002341,0.002335,0.00237,0.002383,0.00233,0.0023350433333333255,0.0023630133333333277,0.002376326666666673,0.002334900000000009
-0.404,0.002171,0.002168,0.00215,0.002155,0.002182,0.002215,0.002227,0.002223,0.002213,0.002295,0.002332,0.002309,0.00235,0.002344,0.002379,0.002392,0.002339,0.0023483266666666715,0.0023770333333333377,0.0023913033333333245,0.002350066666666659
-0.4,0.002177,0.002174,0.002156,0.002162,0.002189,0.002222,0.002234,0.002231,0.002222,0.002304,0.002341,0.002318,0.002359,0.002353,0.002388,0.002401,0.002347,0.002355460000000005,0.002385233333333328,0.0023990166666666597,0.0023538299999999943
-0.396,0.002183,0.00218,0.002163,0.002168,0.002196,0.002229,0.002242,0.002238,0.002232,0.002313,0.002351,0.002327,0.002369,0.002362,0.002398,0.002411,0.002356,0.002363889999999992,0.0023957800000000053,0.002409860000000007,0.002361160000000007
-0.392,0.00219,0.002186,0.002169,0.002175,0.002203,0.002237,0.00225,0.002247,0.002241,0.002322,0.00236,0.002336,0.002378,0.002371,0.002407,0.00242,0.002365,0.0023729566666666722,0.0024044866666666762,0.002418346666666659,0.0023701266666666596
-0.388,0.002197,0.002192,0.002175,0.002181,0.00221,0.002245,0.002257,0.002254,0.002251,0.002332,0.00237,0.002345,0.002388,0.002381,0.002417,0.00243,0.002374,0.0023829766666666656,0.0024131200000000012,0.002427586666666671,0.002379383333333327
-0.384,0.002204,0.002198,0.002181,0.002188,0.002217,0.002252,0.002265,0.002262,0.002261,0.002341,0.002379,0.002355,0.002397,0.00239,0.002427,0.002439,0.002383,0.002391740000000002,0.0024229766666666636,0.0024366433333333323,0.0023884500000000055
-0.38,0.002211,0.002204,0.002188,0.002194,0.002224,0.00226,0.002273,0.002271,0.002271,0.002351,0.002389,0.002364,0.002407,0.0024,0.002437,0.002449,0.002392,0.002404123333333328,0.002435400000000008,0.002449230000000003,0.002400733333333324
-0.376,0.002218,0.00221,0.002194,0.002201,0.002232,0.002268,0.002281,0.002279,0.002281,0.002361,0.002399,0.002373,0.002417,0.002409,0.002447,0.002458,0.002401,0.0024127433333333273,0.0024462433333333265,0.002458899999999996,0.002407773333333325
-0.372,0.002226,0.002217,0.0022,0.002208,0.00224,0.002277,0.00229,0.002288,0.002292,0.002371,0.002409,0.002384,0.002427,0.002419,0.002457,0.002468,0.002411,0.0024221566666666563,0.0024548866666666692,0.0024671633333333393,0.0024176066666666725
-0.368,0.002234,0.002224,0.002207,0.002215,0.002248,0.002285,0.002298,0.002297,0.002302,0.002381,0.002419,0.002393,0.002437,0.002429,0.002467,0.002478,0.00242,0.0024307066666666693,0.0024658899999999984,0.0024787099999999938,0.0024232133333333267
-0.364,0.002242,0.002232,0.002214,0.002223,0.002256,0.002294,0.002307,0.002306,0.002313,0.002391,0.002429,0.002403,0.002446,0.002439,0.002477,0.002488,0.00243,0.0024395999999999997,0.002474403333333326,0.002486920000000005,0.0024325866666666694
-0.36,0.00225,0.00224,0.002221,0.00223,0.002264,0.002303,0.002316,0.002315,0.002323,0.002401,0.002439,0.002413,0.002457,0.002449,0.002487,0.002498,0.002439,0.002458200000000005,0.002490790000000006,0.0025046266666666674,0.0024582033333333296
-0.356,0.002258,0.002248,0.002229,0.002238,0.002273,0.002311,0.002326,0.002324,0.002333,0.002411,0.002449,0.002423,0.002467,0.002459,0.002497,0.002508,0.002449,0.0024627199999999972,0.0024967066666666663,0.0025102933333333265,0.0024569033333333356
-0.352,0.002267,0.002256,0.002237,0.002246,0.002281,0.002321,0.002335,0.002334,0.002344,0.002421,0.00246,0.002433,0.002478,0.002469,0.002508,0.002518,0.002458,0.0024750000000000123,0.002507089999999994,0.00252099333333334,0.002469639999999996
-0.348,0.002276,0.002264,0.002245,0.002255,0.00229,0.00233,0.002345,0.002343,0.002355,0.002432,0.00247,0.002443,0.002488,0.00248,0.002518,0.002528,0.002468,0.0024848733333333404,0.0025154033333333386,0.002529293333333324,0.002480386666666675
-0.344,0.002285,0.002272,0.002253,0.002263,0.002299,0.00234,0.002354,0.002353,0.002365,0.002442,0.00248,0.002453,0.002498,0.00249,0.002528,0.002538,0.002477,0.002496199999999996,0.0025249299999999908,0.0025385133333333393,0.0024915266666666602
-0.34,0.002294,0.00228,0.002262,0.002271,0.002308,0.002349,0.002363,0.002363,0.002376,0.002452,0.002491,0.002464,0.002508,0.0025,0.002538,0.002547,0.002487,0.0025042699999999886,0.0025341300000000055,0.00254703333333333,0.0024964266666666736
-0.336,0.002303,0.002289,0.00227,0.00228,0.002317,0.002358,0.002373,0.002372,0.002386,0.002462,0.002501,0.002474,0.002518,0.00251,0.002549,0.002557,0.002496,0.002514553333333338,0.002543556666666675,0.0025536100000000035,0.0025061766666666786
-0.332,0.002311,0.002297,0.002278,0.002289,0.002326,0.002368,0.002382,0.002382,0.002397,0.002472,0.002511,0.002484,0.002528,0.00252,0.002559,0.002566,0.002505,0.00252256333333333,0.0025531066666666584,0.0025620299999999955,0.0025122399999999946
-0.328,0.00232,0.002306,0.002287,0.002298,0.002335,0.002377,0.002392,0.002392,0.002407,0.002482,0.002521,0.002494,0.002539,0.00253,0.002569,0.002576,0.002514,0.0025332966666666676,0.0025655133333333377,0.002573680000000008,0.0025207533333333394
-0.324,0.002329,0.002315,0.002296,0.002307,0.002345,0.002386,0.002402,0.002402,0.002417,0.002493,0.002531,0.002504,0.002549,0.00254,0.002579,0.002585,0.002523,0.0025418866666666626,0.0025744600000000006,0.002582239999999993,0.0025289733333333443
-0.32,0.002338,0.002323,0.002304,0.002315,0.002354,0.002396,0.002412,0.002411,0.002428,0.002503,0.002541,0.002514,0.002559,0.00255,0.002588,0.002595,0.002532,0.0025535300000000083,0.0025846000000000037,0.002593863333333339,0.002538089999999995
-0.316,0.002347,0.002332,0.002313,0.002325,0.002363,0.002406,0.002421,0.002421,0.002439,0.002513,0.002552,0.002525,0.002569,0.00256,0.002598,0.002604,0.002542,0.002562690000000005,0.0025949199999999954,0.00260306000000001,0.002548623333333339
-0.312,0.002356,0.002341,0.002322,0.002334,0.002373,0.002415,0.002431,0.002431,0.002449,0.002523,0.002562,0.002535,0.002579,0.002569,0.002608,0.002613,0.002551,0.002571606666666672,0.002604573333333342,0.0026113533333333274,0.002558086666666665
-0.308,0.002365,0.00235,0.002331,0.002343,0.002382,0.002425,0.002441,0.002441,0.002459,0.002533,0.002572,0.002544,0.002588,0.002579,0.002617,0.002622,0.002559,0.002581673333333334,0.0026120866666666585,0.0026179766666666743,0.0025646066666666595
-0.304,0.002374,0.002359,0.00234,0.002352,0.002391,0.002434,0.00245,0.002451,0.002469,0.002543,0.002581,0.002554,0.002598,0.002588,0.002626,0.002631,0.002568,0.0025914900000000027,0.0026229600000000058,0.0026297500000000084,0.002576616666666671
-0.3,0.002383,0.002367,0.002349,0.002361,0.0024,0.002443,0.002459,0.00246,0.00248,0.002553,0.002591,0.002564,0.002607,0.002598,0.002636,0.00264,0.002576,0.0025995533333333294,0.002627876666666667,0.0026326499999999938,0.00258149333333334
-0.296,0.002391,0.002376,0.002358,0.00237,0.00241,0.002452,0.002469,0.00247,0.00249,0.002563,0.0026,0.002573,0.002617,0.002607,0.002645,0.002649,0.002585,0.0026134566666666755,0.002643593333333338,0.0026509566666666723,0.002598219999999989
-0.292,0.0024,0.002385,0.002366,0.002379,0.002419,0.002462,0.002479,0.00248,0.0025,0.002572,0.00261,0.002583,0.002626,0.002616,0.002654,0.002657,0.002593,0.0026206399999999944,0.002650060000000007,0.0026561400000000056,0.0026058133333333264
-0.288,0.002409,0.002394,0.002375,0.002388,0.002428,0.002471,0.002488,0.00249,0.002511,0.002582,0.00262,0.002593,0.002636,0.002626,0.002663,0.002666,0.002602,0.002630206666666674,0.002657193333333333,0.002664106666666654,0.00261511333333333
-0.284,0.002418,0.002403,0.002385,0.002397,0.002437,0.002481,0.002498,0.0025,0.002521,0.002592,0.002629,0.002603,0.002646,0.002636,0.002672,0.002674,0.00261,0.0026479633333333324,0.0026782466666666715,0.0026873066666666555,0.0026353800000000014
-0.28,0.002427,0.002412,0.002394,0.002407,0.002447,0.002491,0.002508,0.00251,0.002531,0.002602,0.002639,0.002613,0.002655,0.002645,0.002681,0.002683,0.002619,0.002653563333333339,0.002683576666666674,0.002690709999999993,0.002638106666666674
-0.276,0.002436,0.002421,0.002403,0.002416,0.002456,0.0025,0.002517,0.002519,0.002542,0.002612,0.002648,0.002622,0.002664,0.002654,0.00269,0.002691,0.002627,0.002663880000000008,0.0026939566666666654,0.002703853333333331,0.002650540000000009
-0.272,0.002445,0.00243,0.002412,0.002425,0.002465,0.00251,0.002527,0.002529,0.002552,0.002622,0.002658,0.002632,0.002674,0.002664,0.002699,0.002699,0.002636,0.0026700633333333348,0.0026994666666666704,0.0027037533333333376,0.002649553333333333
-0.268,0.002454,0.002439,0.002421,0.002434,0.002475,0.002519,0.002537,0.002539,0.002563,0.002631,0.002668,0.002642,0.002683,0.002673,0.002708,0.002708,0.002645,0.0026863333333333387,0.0027144233333333415,0.0027248266666666746,0.0026739800000000037
-0.264,0.002463,0.002448,0.00243,0.002444,0.002484,0.002529,0.002547,0.002548,0.002574,0.002641,0.002678,0.002651,0.002694,0.002682,0.002716,0.002716,0.002654,0.0026922899999999943,0.002719993333333344,0.002729046666666676,0.0026789266666666757
-0.26,0.002472,0.002457,0.002439,0.002453,0.002493,0.002538,0.002556,0.002558,0.002584,0.002651,0.002688,0.002661,0.002704,0.002691,0.002725,0.002724,0.002663,0.0026984599999999997,0.002728573333333324,0.002733323333333318,0.0026802999999999983
-0.256,0.002481,0.002466,0.002449,0.002462,0.002503,0.002548,0.002566,0.002567,0.002595,0.002661,0.002698,0.00267,0.002715,0.0027,0.002733,0.002732,0.002672,0.0027059800000000045,0.0027317199999999948,0.0027337633333333246,0.0026829166666666724
-0.252,0.002491,0.002475,0.002458,0.002471,0.002512,0.002557,0.002575,0.002577,0.002605,0.002671,0.002707,0.00268,0.002724,0.002709,0.002742,0.00274,0.002681,0.0027162199999999936,0.002742086666666672,0.0027458299999999916,0.002696353333333341
-0.248,0.0025,0.002485,0.002467,0.002481,0.002522,0.002567,0.002585,0.002588,0.002616,0.002681,0.002717,0.00269,0.002733,0.002718,0.002751,0.002748,0.00269,0.0027251133333333305,0.0027501766666666555,0.0027540399999999854,0.0027072466666666667
-0.244,0.002509,0.002494,0.002477,0.002491,0.002532,0.002577,0.002595,0.002598,0.002627,0.002691,0.002727,0.0027,0.002742,0.002728,0.002759,0.002756,0.002699,0.0027355499999999902,0.0027607999999999908,0.0027643266666666578,0.002717103333333336
-0.24,0.002519,0.002503,0.002486,0.0025,0.002541,0.002587,0.002605,0.002607,0.002638,0.002701,0.002737,0.002709,0.00275,0.002737,0.002767,0.002765,0.002709,0.0027446833333333275,0.002767343333333327,0.0027721800000000065,0.002729293333333328
-0.236,0.002528,0.002512,0.002495,0.00251,0.002551,0.002596,0.002615,0.002617,0.002649,0.002711,0.002747,0.002719,0.002758,0.002746,0.002775,0.002772,0.002718,0.0027513400000000084,0.002775726666666664,0.002777783333333333,0.0027342
-0.232,0.002538,0.002522,0.002504,0.002519,0.00256,0.002606,0.002625,0.002627,0.002661,0.002721,0.002757,0.002729,0.002767,0.002755,0.002784,0.00278,0.002727,0.0027646899999999894,0.002789893333333339,0.0027924066666666697,0.002748963333333338
-0.228,0.002548,0.002531,0.002514,0.002528,0.00257,0.002616,0.002635,0.002637,0.002672,0.002731,0.002766,0.002738,0.002776,0.002764,0.002792,0.002789,0.002737,0.0027696533333333296,0.0027900566666666754,0.0027900533333333434,0.002747853333333331
-0.224,0.002558,0.002541,0.002523,0.002538,0.00258,0.002626,0.002645,0.002647,0.002684,0.002741,0.002776,0.002747,0.002785,0.002774,0.0028,0.002797,0.002746,0.0027793333333333463,0.002799816666666679,0.0028014666666666774,0.002761290000000011
-0.22,0.002568,0.00255,0.002533,0.002548,0.002589,0.002636,0.002655,0.002658,0.002695,0.002751,0.002786,0.002757,0.002794,0.002783,0.002809,0.002805,0.002756,0.002788699999999994,0.0028074699999999916,0.0028082033333333223,0.002768993333333327
-0.216,0.002578,0.00256,0.002543,0.002558,0.002599,0.002646,0.002665,0.002668,0.002707,0.002761,0.002796,0.002767,0.002804,0.002792,0.002817,0.002814,0.002766,0.0027978733333333386,0.0028158233333333243,0.0028164399999999912,0.002776380000000008
-0.212,0.002589,0.00257,0.002554,0.002568,0.002609,0.002656,0.002675,0.002678,0.002719,0.002772,0.002806,0.002777,0.002813,0.002802,0.002826,0.002822,0.002775,0.002806616666666666,0.0028253766666666634,0.0028255566666666614,0.0027858600000000007
-0.208,0.0026,0.00258,0.002564,0.002578,0.002619,0.002667,0.002686,0.002688,0.002732,0.002782,0.002817,0.002786,0.002823,0.002812,0.002835,0.002831,0.002785,0.0028176500000000066,0.0028344266666666704,0.002835026666666675,0.002799253333333341
-0.204,0.00261,0.00259,0.002574,0.002588,0.00263,0.002677,0.002696,0.002699,0.002744,0.002793,0.002827,0.002796,0.002832,0.002822,0.002844,0.00284,0.002795,0.0028269599999999934,0.002842499999999994,0.0028431833333333236,0.0028069766666666608
-0.2,0.002622,0.0026,0.002583,0.002597,0.00264,0.002688,0.002707,0.002709,0.002757,0.002803,0.002837,0.002806,0.002842,0.002832,0.002853,0.002849,0.002805,0.0028369499999999844,0.002852679999999995,0.00285275666666666,0.002815279999999985
-0.196,0.002633,0.00261,0.002594,0.002608,0.002651,0.002698,0.002717,0.00272,0.002769,0.002814,0.002847,0.002815,0.002852,0.002842,0.002862,0.002858,0.002815,0.0028460933333333397,0.002861220000000004,0.002861160000000012,0.002827803333333339
-0.192,0.002644,0.002621,0.002604,0.002618,0.002662,0.002709,0.002728,0.002731,0.002782,0.002825,0.002858,0.002825,0.002862,0.002852,0.002871,0.002867,0.002826,0.0028576299999999977,0.002872116666666663,0.0028747066666666597,0.002844033333333331
-0.188,0.002657,0.002632,0.002615,0.002629,0.002673,0.00272,0.00274,0.002742,0.002796,0.002836,0.002869,0.002835,0.002873,0.002862,0.002881,0.0028770000000000002,0.002837,0.002868790000000005,0.002881013333333341,0.0028812533333333365,0.0028502066666666586
-0.184,0.002669,0.002643,0.002626,0.00264,0.002684,0.002731,0.002751,0.002753,0.002809,0.002847,0.002879,0.002845,0.002883,0.002873,0.002891,0.002887,0.002848,0.002877856666666673,0.002889889999999992,0.0028901433333333227,0.0028606633333333243
-0.18,0.002681,0.002655,0.002637,0.002651,0.002695,0.002743,0.002762,0.002764,0.002823,0.002858,0.00289,0.002856,0.002894,0.002884,0.002901,0.002898,0.002859,0.0028925433333333345,0.0029046966666666746,0.0029080199999999903,0.002880896666666652
-0.176,0.002694,0.002667,0.002649,0.002662,0.002707,0.002755,0.002774,0.002776,0.002837,0.002869,0.002901,0.002867,0.002905,0.002895,0.002912,0.002908,0.00287,0.002900233333333326,0.002910696666666678,0.0029100566666666744,0.0028795966666666744
-0.172,0.002707,0.002679,0.002661,0.002674,0.002719,0.002767,0.002786,0.002788,0.002851,0.002881,0.002912,0.002878,0.002916,0.002906,0.002923,0.00292,0.002882,0.002910053333333325,0.0029208933333333383,0.002920746666666675,0.0028905966666666815
-0.168,0.002721,0.002692,0.002672,0.002686,0.002731,0.00278,0.002799,0.0028,0.002866,0.002892,0.002923,0.002888,0.002927,0.002918,0.002934,0.002931,0.002893,0.002921213333333322,0.002931906666666665,0.0029324566666666745,0.0029018400000000075
-0.164,0.002735,0.002704,0.002685,0.002698,0.002744,0.002793,0.002811,0.002812,0.00288,0.002904,0.002935,0.002899,0.002938,0.00293,0.002946,0.002942,0.002904,0.002935839999999992,0.0029460866666666708,0.0029480933333333346,0.0029191533333333434
-0.16,0.002749,0.002717,0.002697,0.002711,0.002756,0.002805,0.002824,0.002825,0.002895,0.002916,0.002946,0.002911,0.002949,0.002941,0.002958,0.002954,0.002916,0.002945773333333329,0.0029579866666666742,0.002958533333333341,0.0029292633333333398
-0.156,0.002763,0.00273,0.00271,0.002724,0.002769,0.002818,0.002837,0.002837,0.00291,0.002928,0.002957,0.002922,0.002961,0.002954,0.00297,0.002966,0.002928,0.0029565433333333404,0.002967596666666669,0.0029657766666666783,0.0029346800000000102
-0.152,0.002778,0.002744,0.002722,0.002737,0.002783,0.002832,0.00285,0.002851,0.002925,0.00294,0.002969,0.002934,0.002973,0.002966,0.002983,0.002978,0.00294,0.002969620000000011,0.002979653333333325,0.002980236666666676,0.0029522233333333482
-0.148,0.002793,0.002758,0.002735,0.002751,0.002797,0.002846,0.002864,0.002864,0.002941,0.002952,0.002981,0.002946,0.002986,0.002979,0.002995,0.002991,0.002952,0.0029814433333333217,0.0029917599999999952,0.0029920966666666608,0.0029626833333333234
-0.144,0.002808,0.002773,0.002749,0.002764,0.002811,0.002861,0.002878,0.002878,0.002955,0.002964,0.002993,0.002958,0.002998,0.002992,0.003008,0.003004,0.002964,0.0029967933333333295,0.003008553333333339,0.003010983333333339,0.0029822599999999957
-0.14,0.002823,0.002788,0.002763,0.002778,0.002825,0.002875,0.002892,0.002892,0.00297,0.002977,0.003005,0.00297,0.003011,0.003005,0.003021,0.003017,0.002977,0.003006586666666673,0.0030167300000000143,0.003015346666666677,0.00298609666666667
-0.136,0.002838,0.002802,0.002778,0.002792,0.002839,0.002889,0.002906,0.002905,0.002984,0.002989,0.003016,0.002982,0.003023,0.003018,0.003034,0.00303,0.002989,0.003018463333333327,0.0030281799999999936,0.003026806666666656,0.0029973133333333424
-0.132,0.002854,0.002817,0.002793,0.002807,0.002854,0.002903,0.00292,0.002919,0.002997,0.003001,0.003028,0.002994,0.003036,0.003031,0.003047,0.003042,0.003001,0.0030341333333333362,0.0030449566666666743,0.0030431099999999925,0.0030108500000000063
-0.128,0.002868,0.002832,0.002808,0.002821,0.002869,0.002918,0.002935,0.002933,0.00301,0.003013,0.003039,0.003006,0.003048,0.003043,0.00306,0.003055,0.003013,0.003043946666666673,0.0030552633333333214,0.0030513200000000045,0.0030154233333333415
-0.124,0.002883,0.002847,0.002822,0.002835,0.002883,0.002933,0.002949,0.002947,0.003023,0.003024,0.00305,0.003018,0.003061,0.003056,0.003072,0.003067,0.003026,0.0030593533333333196,0.0030690866666666593,0.0030637366666666764,0.0030267499999999887
-0.12,0.002898,0.002863,0.002838,0.00285,0.002898,0.002947,0.002963,0.002961,0.003035,0.003036,0.003061,0.003031,0.003073,0.003069,0.003085,0.00308,0.003038,0.0030685099999999926,0.0030778800000000016,0.0030730033333333305,0.003039549999999992
-0.116,0.002912,0.002878,0.002853,0.002865,0.002913,0.002962,0.002977,0.002974,0.003046,0.003047,0.003072,0.003043,0.003085,0.003081,0.003096,0.003092,0.00305,0.0030809199999999987,0.0030916799999999934,0.0030885133333333264,0.0030522166666666654
-0.112,0.002926,0.002893,0.002868,0.00288,0.002927,0.002976,0.002991,0.002988,0.003056,0.003058,0.003082,0.003055,0.003097,0.003093,0.003108,0.003103,0.003062,0.003091096666666673,0.0031026833333333307,0.003097829999999992,0.0030610133333333384
-0.108,0.002938,0.002908,0.002884,0.002895,0.002942,0.00299,0.003005,0.003001,0.003065,0.003068,0.003092,0.003066,0.003108,0.003105,0.003119,0.003114,0.003074,0.00310496000000001,0.003114629999999992,0.0031128199999999858,0.003080016666666677
-0.104,0.00295,0.002923,0.002899,0.002909,0.002956,0.003003,0.003018,0.003014,0.003073,0.003078,0.0031,0.003077,0.003119,0.003116,0.003129,0.003125,0.003085,0.003114266666666671,0.0031236800000000115,0.0031207766666666746,0.0030868033333333383
-0.1,0.00296,0.002937,0.002914,0.002923,0.00297,0.003016,0.003031,0.003026,0.00308,0.003086,0.003108,0.003087,0.003129,0.003126,0.003139,0.003135,0.003096,0.0031241999999999915,0.0031326766666666703,0.003130463333333332,0.003100099999999996
-0.096,0.002969,0.00295,0.002928,0.002937,0.002982,0.003028,0.003042,0.003037,0.003086,0.003094,0.003115,0.003097,0.003138,0.003136,0.003148,0.003145,0.003106,0.003134166666666674,0.0031411500000000096,0.003140389999999989,0.0031112966666666793
-0.092,0.002978,0.002963,0.002941,0.00295,0.002995,0.003039,0.003054,0.003048,0.003092,0.003101,0.003122,0.003107,0.003147,0.003145,0.003156,0.003154,0.003116,0.0031446933333333232,0.003151653333333346,0.0031511999999999933,0.0031186233333333393
-0.088,0.002985,0.002974,0.002955,0.002963,0.003006,0.00305,0.003064,0.003058,0.003097,0.003108,0.003128,0.003115,0.003155,0.003153,0.003164,0.003162,0.003125,0.0031533399999999897,0.003160566666666661,0.0031582033333333323,0.003124720000000009
-0.084,0.002992,0.002986,0.002967,0.002975,0.003017,0.00306,0.003073,0.003067,0.003102,0.003114,0.003134,0.003124,0.003163,0.003161,0.003172,0.00317,0.003134,0.0031608499999999915,0.0031693633333333255,0.00316762666666667,0.003134769999999997
-0.08,0.002997,0.002996,0.002979,0.002986,0.003027,0.003069,0.003081,0.003076,0.003107,0.00312,0.00314,0.003131,0.00317,0.003168,0.003179,0.003177,0.003142,0.003170289999999989,0.0031775800000000067,0.0031742599999999973,0.0031410499999999903
-0.076,0.003001,0.003004,0.00299,0.002996,0.003036,0.003076,0.003088,0.003083,0.00311,0.003125,0.003145,0.003138,0.003176,0.003175,0.003185,0.003183,0.00315,0.0031758933333333405,0.0031834266666666664,0.003182333333333344,0.0031521999999999926
-0.072,0.003004,0.003012,0.002999,0.003006,0.003044,0.003083,0.003095,0.003089,0.003114,0.00313,0.00315,0.003144,0.003182,0.003181,0.003191,0.003189,0.003157,0.0031812466666666624,0.003189276666666684,0.0031888599999999974,0.003159416666666658
-0.068,0.003007,0.003018,0.003007,0.003014,0.003051,0.003088,0.0031,0.003095,0.003117,0.003135,0.003154,0.00315,0.003188,0.003187,0.003197,0.003195,0.003164,0.003186900000000012,0.003194676666666672,0.0031935233333333208,0.0031648933333333243
-0.064,0.003009,0.003024,0.003015,0.003022,0.003057,0.003093,0.003105,0.003101,0.00312,0.00314,0.003158,0.003155,0.003194,0.003193,0.003202,0.003201,0.00317,0.0031934200000000045,0.003200920000000005,0.003200946666666672,0.0031735933333333338
-0.06,0.003011,0.003029,0.003022,0.003028,0.003063,0.003098,0.003109,0.003105,0.003122,0.003144,0.003162,0.00316,0.003199,0.003198,0.003207,0.003206,0.003176,0.0031985133333333427,0.0032057133333333212,0.003205153333333343,0.003177413333333323
-0.056,0.003012,0.003033,0.003027,0.003033,0.003067,0.003102,0.003113,0.003109,0.003124,0.003147,0.003166,0.003165,0.003204,0.003203,0.003211,0.003211,0.003181,0.003203503333333322,0.003210623333333323,0.0032108299999999913,0.0031834866666666647
-0.052,0.003014,0.003036,0.003032,0.003038,0.003071,0.003105,0.003116,0.003113,0.003126,0.003151,0.00317,0.003169,0.003208,0.003208,0.003216,0.003215,0.003187,0.0032083266666666564,0.003215543333333331,0.0032151666666666596,0.0031882566666666776
-0.048,0.003015,0.003039,0.003036,0.003042,0.003075,0.003108,0.003118,0.003115,0.003128,0.003155,0.003174,0.003174,0.003213,0.003212,0.003221,0.00322,0.003192,0.0032127999999999966,0.0032199300000000006,0.003219253333333335,0.003193856666666658
-0.044,0.003017,0.003042,0.00304,0.003045,0.003078,0.003111,0.003121,0.003118,0.003129,0.003159,0.003178,0.003178,0.003217,0.003217,0.003226,0.003224,0.003197,0.0032169933333333445,0.0032247633333333187,0.0032226833333333384,0.003195800000000005
-0.04,0.003018,0.003044,0.003043,0.003047,0.003081,0.003113,0.003123,0.003121,0.003131,0.003162,0.003182,0.003182,0.003221,0.003221,0.00323,0.003229,0.003202,0.003221943333333341,0.003229549999999991,0.0032279800000000105,0.0032022433333333458
-0.036,0.003018,0.003046,0.003045,0.003049,0.003084,0.003115,0.003124,0.003124,0.003132,0.003166,0.003185,0.003186,0.003225,0.003225,0.003233,0.003232,0.003206,0.0032253266666666773,0.0032324500000000117,0.0032314500000000055,0.0032060833333333485
-0.032,0.003019,0.003047,0.003047,0.00305,0.003086,0.003116,0.003126,0.003126,0.003132,0.003168,0.003187,0.00319,0.003228,0.003229,0.003236,0.003235,0.00321,0.0032281900000000127,0.003234620000000008,0.0032343833333333275,0.003211570000000016
-0.028,0.003019,0.003049,0.003048,0.003052,0.003088,0.003118,0.003127,0.003128,0.003132,0.003171,0.00319,0.003193,0.003231,0.003232,0.003239,0.003239,0.003214,0.003232380000000008,0.0032381533333333285,0.0032379866666666607,0.003214246666666684
-0.024,0.003019,0.00305,0.00305,0.003054,0.003089,0.003119,0.003128,0.00313,0.003132,0.003174,0.003192,0.003196,0.003234,0.003235,0.003242,0.003242,0.003218,0.0032354866666666603,0.0032414499999999964,0.003242709999999996,0.0032203333333333532
-0.02,0.003019,0.00305,0.003051,0.003055,0.003091,0.00312,0.003128,0.003132,0.003131,0.003176,0.003194,0.003199,0.003237,0.003238,0.003244,0.003245,0.003221,0.003238503333333329,0.0032435233333333465,0.0032450433333333466,0.0032221800000000076
-0.016,0.003019,0.003051,0.003052,0.003056,0.003092,0.00312,0.003129,0.003133,0.00313,0.003179,0.003197,0.003201,0.00324,0.003241,0.003245,0.003247,0.003224,0.0032412700000000157,0.0032450733333333516,0.003247289999999999,0.003225250000000004
-0.012,0.003019,0.003052,0.003052,0.003057,0.003093,0.003121,0.003129,0.003135,0.003129,0.003181,0.003198,0.003204,0.003242,0.003244,0.003247,0.00325,0.003228,0.003244013333333345,0.0032470300000000006,0.0032499233333333224,0.003228973333333338
-0.008,0.003019,0.003052,0.003053,0.003058,0.003095,0.003121,0.00313,0.003137,0.003127,0.003182,0.0032,0.003206,0.003244,0.003246,0.00325,0.003252,0.003231,0.003245823333333331,0.0032496566666666542,0.003252076666666667,0.0032317099999999966
-0.004,0.003018,0.003052,0.003053,0.003058,0.003095,0.00312,0.00313,0.003138,0.003125,0.003183,0.003201,0.003208,0.003246,0.003247,0.003251,0.003253,0.003233,0.0032472266666666648,0.0032514566666666626,0.003253323333333319,0.0032336966666666766
0.0,0.003017,0.003051,0.003052,0.003058,0.003095,0.00312,0.00313,0.003138,0.003122,0.003184,0.003202,0.003209,0.003246,0.003248,0.003253,0.003254,0.003235,0.0032479433333333346,0.003252503333333315,0.0032539399999999908,0.003234896666666663
0.004,0.003015,0.003051,0.003051,0.003057,0.003096,0.00312,0.003129,0.003139,0.003118,0.003185,0.003202,0.003209,0.003246,0.003249,0.003253,0.003255,0.003236,0.003248783333333313,0.00325263666666665,0.003254773333333336,0.0032361466666666755
0.008,0.003013,0.00305,0.003051,0.003056,0.003096,0.003119,0.003129,0.003139,0.003115,0.003185,0.003203,0.00321,0.003247,0.003249,0.003252,0.003255,0.003237,0.003248909999999976,0.0032521200000000033,0.003254910000000006,0.003236963333333344
0.012,0.00301,0.003049,0.00305,0.003056,0.003095,0.003118,0.003128,0.00314,0.003111,0.003186,0.003203,0.00321,0.003247,0.003249,0.003252,0.003255,0.003238,0.0032489899999999755,0.0032519833333333427,0.003254986666666673,0.0032381266666666594
0.016,0.003008,0.003048,0.003049,0.003056,0.003095,0.003117,0.003127,0.00314,0.003106,0.003185,0.003203,0.00321,0.003247,0.003249,0.003252,0.003255,0.003239,0.0032489799999999756,0.0032518266666666756,0.003254963333333339,0.00323878333333333
0.02,0.003006,0.003047,0.003049,0.003055,0.003095,0.003115,0.003127,0.003141,0.003102,0.003185,0.003202,0.00321,0.003246,0.003249,0.003251,0.003255,0.00324,0.003248963333333309,0.003251203333333335,0.003254900000000004,0.0032394133333333414
0.024,0.003002,0.003045,0.003048,0.003053,0.003093,0.003113,0.003125,0.00314,0.003097,0.003184,0.003201,0.003209,0.003245,0.003249,0.003249,0.003254,0.00324,0.0032493766666666472,0.003250536666666651,0.0032557699999999873,0.0032420233333333446
0.028,0.002999,0.003043,0.003046,0.003052,0.003092,0.003112,0.003124,0.003139,0.003092,0.003182,0.003199,0.003208,0.003243,0.003247,0.003248,0.003253,0.00324,0.003246386666666665,0.003247320000000001,0.0032520766666666516,0.0032384300000000083
0.032,0.002996,0.003041,0.003044,0.00305,0.003091,0.00311,0.003122,0.003138,0.003086,0.00318,0.003197,0.003206,0.003242,0.003246,0.003246,0.003251,0.003239,0.0032451466666666654,0.0032455166666666632,0.003250426666666663,0.0032372233333333306
0.036,0.002992,0.003038,0.003042,0.003048,0.003089,0.003107,0.00312,0.003137,0.003081,0.003178,0.003195,0.003205,0.003239,0.003244,0.003243,0.00325,0.003238,0.0032435066666666765,0.0032428900000000004,0.0032492399999999883,0.0032370233333333257
0.04,0.002988,0.003036,0.003039,0.003046,0.003087,0.003105,0.003118,0.003135,0.003074,0.003175,0.003192,0.003202,0.003237,0.003242,0.003241,0.003247,0.003236,0.003241443333333328,0.003241040000000012,0.003246820000000001,0.0032347633333333387
0.044,0.002983,0.003033,0.003037,0.003043,0.003085,0.003102,0.003116,0.003134,0.003068,0.003173,0.003189,0.003199,0.003234,0.003239,0.003238,0.003245,0.003235,0.0032383066666666653,0.0032377166666666575,0.0032440166666666812,0.003234309999999997
0.048,0.002978,0.003029,0.003034,0.00304,0.003082,0.003098,0.003114,0.003132,0.003062,0.003169,0.003185,0.003196,0.003231,0.003236,0.003235,0.003242,0.003232,0.003235723333333341,0.003235463333333325,0.003242099999999994,0.0032319033333333383
0.052,0.002973,0.003026,0.003031,0.003037,0.003079,0.003095,0.003111,0.003129,0.003056,0.003166,0.003182,0.003193,0.003228,0.003233,0.003231,0.003238,0.00323,0.003231643333333343,0.003230293333333328,0.0032364366666666556,0.0032274799999999874
0.056,0.002967,0.003021,0.003028,0.003033,0.003076,0.003091,0.003108,0.003127,0.003049,0.003162,0.003178,0.00319,0.003225,0.00323,0.003228,0.003235,0.003227,0.0032289699999999873,0.003227093333333337,0.0032336333333333276,0.003227333333333325
0.06,0.002962,0.003017,0.003024,0.00303,0.003073,0.003088,0.003105,0.003124,0.003043,0.003158,0.003174,0.003186,0.003221,0.003227,0.003224,0.003232,0.003225,0.0032256066666666527,0.0032233866666666684,0.003230580000000007,0.0032247766666666723
0.064,0.002956,0.003012,0.00302,0.003026,0.003069,0.003084,0.003101,0.003121,0.003036,0.003154,0.00317,0.003183,0.003217,0.003223,0.00322,0.003228,0.003222,0.00322121333333332,0.003218966666666666,0.0032261466666666733,0.003219183333333323
0.068,0.002949,0.003007,0.003016,0.003022,0.003065,0.00308,0.003097,0.003117,0.003029,0.003149,0.003165,0.003178,0.003213,0.003219,0.003215,0.003225,0.003218,0.003215989999999994,0.0032126566666666623,0.003219746666666675,0.0032147833333333524
0.072,0.002942,0.003001,0.003011,0.003017,0.00306,0.003075,0.003093,0.003113,0.003021,0.003144,0.00316,0.003173,0.003208,0.003215,0.00321,0.00322,0.003214,0.0032124866666666625,0.003208656666666679,0.0032169733333333337,0.0032099700000000177
0.076,0.002935,0.002996,0.003006,0.003012,0.003056,0.003069,0.003089,0.003109,0.003013,0.003139,0.003155,0.003169,0.003203,0.00321,0.003206,0.003215,0.00321,0.0032078733333333487,0.003204586666666676,0.0032134399999999915,0.0032082600000000157
0.08,0.002927,0.002989,0.003001,0.003007,0.00305,0.003064,0.003084,0.003104,0.003005,0.003133,0.003149,0.003164,0.003198,0.003205,0.0032,0.003211,0.003206,0.0032019400000000077,0.003198223333333323,0.003207283333333328,0.003202993333333344
0.084,0.00292,0.002983,0.002995,0.003001,0.003045,0.003059,0.003079,0.003099,0.002996,0.003128,0.003143,0.003158,0.003192,0.0032,0.003195,0.003206,0.003201,0.0031956166666666595,0.0031920999999999846,0.003200386666666674,0.0031935766666666703
0.088,0.002911,0.002976,0.002989,0.002996,0.003039,0.003053,0.003074,0.003094,0.002986,0.003121,0.003136,0.003153,0.003186,0.003194,0.003189,0.0032,0.003196,0.003189983333333336,0.003186283333333332,0.003195106666666661,0.003189063333333328
0.092,0.002902,0.002968,0.002983,0.002989,0.003033,0.003047,0.003068,0.003088,0.002976,0.003115,0.003129,0.003147,0.00318,0.003189,0.003182,0.003194,0.003191,0.0031851900000000005,0.003181693333333341,0.003189323333333337,0.003183960000000015
0.096,0.002894,0.002961,0.002976,0.002983,0.003027,0.003041,0.003062,0.003082,0.002965,0.003108,0.003122,0.00314,0.003174,0.003182,0.003175,0.003188,0.003186,0.0031787033333333433,0.003174010000000008,0.003184293333333328,0.0031792300000000086
0.1,0.002884,0.002953,0.002969,0.002976,0.00302,0.003034,0.003056,0.003075,0.002952,0.0031,0.003114,0.003133,0.003166,0.003175,0.003168,0.003182,0.003181,0.0031712700000000107,0.0031653833333333222,0.0031767700000000093,0.0031756299999999953
0.104,0.002874,0.002944,0.002962,0.002969,0.003013,0.003026,0.003049,0.003068,0.002939,0.003091,0.003105,0.003125,0.003158,0.003167,0.003159,0.003174,0.003174,0.0031628500000000074,0.0031574100000000076,0.0031678800000000066,0.003165153333333337
0.108,0.002863,0.002935,0.002954,0.002961,0.003005,0.003018,0.003041,0.00306,0.002925,0.003081,0.003095,0.003116,0.003148,0.003159,0.003149,0.003166,0.003168,0.0031533166666666747,0.003145446666666658,0.003158736666666666,0.003161189999999989
0.112,0.002852,0.002925,0.002946,0.002953,0.002996,0.00301,0.003033,0.003052,0.00291,0.00307,0.003084,0.003107,0.003139,0.00315,0.003139,0.003157,0.00316,0.0031465133333333267,0.003137553333333337,0.0031511366666666586,0.003153706666666681
0.116,0.00284,0.002915,0.002938,0.002945,0.002987,0.003001,0.003024,0.003043,0.002894,0.003059,0.003072,0.003097,0.003128,0.00314,0.003128,0.003147,0.003152,0.003134356666666673,0.0031245033333333434,0.003137250000000004,0.0031408966666666787
0.12,0.002829,0.002905,0.002929,0.002936,0.002978,0.002992,0.003015,0.003034,0.002878,0.003048,0.00306,0.003086,0.003117,0.00313,0.003116,0.003137,0.003144,0.003125329999999991,0.003113936666666671,0.003129776666666651,0.0031369500000000107
0.124,0.002817,0.002894,0.00292,0.002927,0.002968,0.002982,0.003006,0.003023,0.002862,0.003035,0.003047,0.003074,0.003105,0.003118,0.003103,0.003125,0.003135,0.0031119233333333223,0.0030999299999999942,0.003116416666666681,0.003122586666666667
0.128,0.002804,0.002883,0.00291,0.002917,0.002957,0.002971,0.002995,0.003012,0.002845,0.003021,0.003033,0.003062,0.003092,0.003106,0.00309,0.003113,0.003125,0.003101343333333346,0.0030886733333333406,0.0031049233333333413,0.0031130933333333435
0.132,0.002791,0.002871,0.0029,0.002907,0.002945,0.002959,0.002984,0.003001,0.002828,0.003007,0.003018,0.003048,0.003078,0.003092,0.003076,0.0031,0.003114,0.0030847533333333297,0.003072379999999994,0.0030869433333333258,0.0030960866666666555
0.136,0.002777,0.002859,0.002889,0.002896,0.002933,0.002947,0.002972,0.002988,0.002811,0.002992,0.003003,0.003034,0.003063,0.003079,0.003061,0.003087,0.003103,0.003073783333333348,0.003059043333333323,0.0030765299999999853,0.0030881866666666604
0.14,0.002763,0.002847,0.002878,0.002885,0.002921,0.002934,0.002959,0.002975,0.002793,0.002976,0.002988,0.00302,0.003048,0.003064,0.003046,0.003073,0.00309,0.003057696666666658,0.003043849999999995,0.003059583333333328,0.003069006666666673
0.144,0.002749,0.002834,0.002866,0.002873,0.002907,0.002921,0.002945,0.002961,0.002776,0.00296,0.002972,0.003005,0.003033,0.003049,0.003031,0.003058,0.003077,0.003040839999999994,0.0030252233333333345,0.003043753333333337,0.0030610499999999983
0.148,0.002733,0.00282,0.002854,0.00286,0.002893,0.002906,0.002931,0.002946,0.002758,0.002944,0.002956,0.002989,0.003018,0.003034,0.003015,0.003043,0.003063,0.003028103333333324,0.003013043333333328,0.0030303566666666734,0.003044416666666675
0.152,0.002718,0.002806,0.002841,0.002847,0.002879,0.002892,0.002916,0.00293,0.00274,0.002928,0.002939,0.002972,0.003002,0.003018,0.003,0.003028,0.003049,0.003011056666666659,0.002996303333333335,0.0030135766666666724,0.003029059999999996
0.156,0.002703,0.002792,0.002828,0.002834,0.002863,0.0028770000000000002,0.002902,0.002914,0.002723,0.002911,0.002922,0.002956,0.002986,0.003002,0.002983,0.003012,0.003035,0.0029964699999999876,0.0029806866666666613,0.0030008466666666743,0.003019626666666674
0.16,0.002687,0.002777,0.002814,0.00282,0.002848,0.002862,0.002886,0.002898,0.002705,0.002894,0.002906,0.00294,0.00297,0.002986,0.002966,0.002997,0.00302,0.002981583333333341,0.0029651800000000104,0.0029865066666666805,0.0030045300000000118
0.164,0.002672,0.002762,0.0028,0.002806,0.002832,0.002846,0.00287,0.002882,0.002687,0.0028770000000000002,0.002889,0.002924,0.002954,0.00297,0.00295,0.002981,0.003005,0.002968000000000006,0.002951640000000004,0.0029718633333333396,0.0029856366666666766
0.168,0.002655,0.002747,0.002785,0.002791,0.002816,0.00283,0.002854,0.002865,0.002669,0.002859,0.002871,0.002907,0.002937,0.002954,0.002933,0.002965,0.00299,0.0029507466666666743,0.0029342833333333264,0.0029545266666666657,0.0029698900000000123
0.172,0.002639,0.002731,0.00277,0.002776,0.002799,0.002814,0.002837,0.002849,0.002651,0.002841,0.002854,0.00289,0.002919,0.002937,0.002916,0.002948,0.002974,0.0029316166666666626,0.002913723333333339,0.002937396666666657,0.00295751333333334
0.176,0.002622,0.002715,0.002754,0.00276,0.002782,0.002796,0.00282,0.002831,0.002632,0.002823,0.002836,0.002872,0.002902,0.00292,0.0029,0.002932,0.002958,0.002915390000000003,0.002898193333333343,0.002923380000000007,0.0029450100000000074
0.18,0.002605,0.002698,0.002738,0.002744,0.002764,0.002779,0.002803,0.002814,0.002614,0.002805,0.002818,0.002854,0.002885,0.002902,0.002882,0.002915,0.002942,0.0028982466666666574,0.00288178666666668,0.0029051999999999997,0.0029239366666666683
0.184,0.002588,0.002681,0.002722,0.002728,0.002747,0.002762,0.002785,0.002796,0.002596,0.002787,0.0028,0.002836,0.002867,0.002885,0.002865,0.002898,0.002926,0.0028822966666666784,0.0028648566666666726,0.002890949999999993,0.0029137933333333275
0.188,0.002571,0.002664,0.002704,0.002711,0.002729,0.002743,0.002768,0.002778,0.002578,0.002769,0.002782,0.002819,0.00285,0.002867,0.002847,0.002881,0.002909,0.0028649199999999913,0.0028478033333333417,0.0028731100000000103,0.0028953500000000122
0.192,0.002554,0.002647,0.002688,0.002695,0.002711,0.002726,0.00275,0.002759,0.00256,0.00275,0.002764,0.002801,0.002832,0.002849,0.00283,0.002864,0.002893,0.0028464199999999923,0.0028298799999999995,0.0028556533333333246,0.0028756700000000077
0.196,0.002537,0.00263,0.00267,0.002678,0.002693,0.002708,0.002732,0.002741,0.002543,0.002732,0.002746,0.002783,0.002815,0.002832,0.002812,0.002847,0.002876,0.002829959999999985,0.00281364333333334,0.00283824333333334,0.0028538466666666617
0.2,0.00252,0.002612,0.002653,0.002661,0.002675,0.00269,0.002714,0.002722,0.002526,0.002714,0.002728,0.002765,0.002797,0.002814,0.002794,0.002831,0.002859,0.002812619999999995,0.0027948599999999936,0.002823150000000006,0.0028409733333333194
0.204,0.002503,0.002595,0.002635,0.002643,0.002657,0.002671,0.002695,0.002704,0.002509,0.002695,0.00271,0.002747,0.002779,0.002796,0.002777,0.002813,0.002842,0.0027943266666666734,0.0027776733333333362,0.0028047799999999907,0.002825223333333338
0.208,0.002486,0.002577,0.002617,0.002626,0.002638,0.002653,0.002677,0.002685,0.002492,0.002677,0.002692,0.002728,0.002761,0.002778,0.002759,0.002796,0.002825,0.002774856666666654,0.002760463333333325,0.002786393333333341,0.0028027999999999955
0.212,0.002469,0.002559,0.002599,0.002608,0.00262,0.002635,0.002658,0.002666,0.002476,0.002659,0.002674,0.00271,0.002743,0.002761,0.002742,0.002779,0.002808,0.0027577366666666748,0.002742633333333339,0.0027688266666666588,0.0027847400000000043
0.216,0.002452,0.002541,0.002581,0.00259,0.002601,0.002616,0.00264,0.002647,0.00246,0.002641,0.002657,0.002692,0.002726,0.002743,0.002724,0.002761,0.002791,0.002739463333333346,0.002723583333333321,0.002751616666666673,0.0027733866666666616
0.22,0.002435,0.002523,0.002563,0.002572,0.002582,0.002598,0.002621,0.002628,0.002445,0.002623,0.002639,0.002675,0.002709,0.002725,0.002707,0.002744,0.002774,0.0027226033333333267,0.002707590000000005,0.0027365466666666614,0.002757603333333348
0.224,0.002418,0.002506,0.002545,0.002554,0.002564,0.00258,0.002603,0.00261,0.00243,0.002606,0.002622,0.002657,0.002691,0.002708,0.002691,0.002728,0.002757,0.0027042933333333388,0.0026900366666666657,0.0027147366666666587,0.0027343900000000054
0.228,0.002403,0.002488,0.002527,0.002537,0.002546,0.002562,0.002585,0.002592,0.002416,0.002589,0.002605,0.00264,0.002675,0.002691,0.002674,0.002712,0.00274,0.002686769999999998,0.002672379999999993,0.0026994033333333414,0.002724779999999995
0.232,0.002386,0.002471,0.002509,0.002519,0.002527,0.002544,0.002567,0.002574,0.002402,0.002572,0.002589,0.002623,0.002658,0.002674,0.002658,0.002695,0.002723,0.002672883333333326,0.002658886666666677,0.0026852966666666687,0.0027060866666666697
0.236,0.002371,0.002454,0.002492,0.002501,0.00251,0.002526,0.00255,0.002556,0.002388,0.002555,0.002572,0.002606,0.002642,0.002658,0.002642,0.002679,0.002706,0.002657910000000009,0.0026452600000000056,0.0026706499999999936,0.0026830899999999943
0.24,0.002355,0.002437,0.002474,0.002484,0.002492,0.002509,0.002532,0.002538,0.002375,0.002539,0.002556,0.00259,0.002626,0.002642,0.002626,0.002664,0.002689,0.0026394866666666723,0.002627286666666674,0.0026566499999999982,0.0026738133333333454
0.244,0.00234,0.00242,0.002457,0.002467,0.002475,0.002492,0.002515,0.002521,0.002362,0.002523,0.002541,0.002574,0.002611,0.002626,0.002611,0.002648,0.002672,0.002623600000000008,0.00261154666666667,0.0026424399999999937,0.0026607800000000045
0.248,0.002325,0.002404,0.00244,0.00245,0.002458,0.002475,0.002498,0.002504,0.002349,0.002507,0.002525,0.002558,0.002595,0.00261,0.002596,0.002633,0.002656,0.002608536666666668,0.002597870000000006,0.0026270966666666657,0.0026401499999999943
0.252,0.002311,0.002388,0.002423,0.002433,0.002441,0.002459,0.002481,0.002487,0.002337,0.002492,0.00251,0.002543,0.00258,0.002595,0.002581,0.002618,0.002639,0.002592606666666675,0.002580703333333325,0.0026076766666666726,0.00261893999999999
0.256,0.002296,0.002372,0.002407,0.002417,0.002425,0.002443,0.002465,0.002471,0.002325,0.002477,0.002495,0.002528,0.002565,0.00258,0.002566,0.002603,0.002623,0.0025779066666666785,0.0025650899999999934,0.002593913333333341,0.002606603333333341
0.26,0.002282,0.002356,0.002391,0.002401,0.002409,0.002427,0.002449,0.002455,0.002313,0.002462,0.002481,0.002513,0.00255,0.002565,0.002552,0.002589,0.002607,0.0025620300000000064,0.00254992,0.0025803066666666595,0.0025922400000000113
0.264,0.002268,0.002341,0.002375,0.002385,0.002393,0.002412,0.002434,0.00244,0.002302,0.002447,0.002467,0.002499,0.002536,0.002551,0.002538,0.002575,0.002592,0.0025462233333333334,0.002535350000000007,0.0025675599999999974,0.0025792000000000076
0.268,0.002254,0.002326,0.002359,0.00237,0.002378,0.002397,0.002418,0.002424,0.002291,0.002433,0.002453,0.002484,0.002522,0.002537,0.002525,0.002561,0.002578,0.002536730000000008,0.0025258533333333342,0.002558970000000004,0.002570926666666663
0.272,0.002241,0.002312,0.002344,0.002354,0.002362,0.002382,0.002403,0.002409,0.00228,0.002419,0.002439,0.00247,0.002508,0.002523,0.002511,0.002547,0.002563,0.002524636666666676,0.0025136566666666737,0.0025465666666666634,0.002559463333333329
0.276,0.002228,0.002297,0.002329,0.002339,0.002347,0.002367,0.002389,0.002394,0.002269,0.002405,0.002426,0.002456,0.002495,0.002509,0.002498,0.002534,0.002549,0.002508119999999996,0.002497856666666668,0.0025306200000000034,0.002544066666666674
0.28,0.002215,0.002283,0.002314,0.002324,0.002332,0.002353,0.002374,0.00238,0.002258,0.002392,0.002412,0.002443,0.002481,0.002496,0.002484,0.00252,0.002535,0.0024938966666666765,0.002484456666666671,0.0025169233333333305,0.0025266166666666617
0.284,0.002203,0.002269,0.002299,0.00231,0.002318,0.002339,0.00236,0.002366,0.002248,0.002379,0.002399,0.002429,0.002468,0.002482,0.002471,0.002507,0.002522,0.002480746666666664,0.0024750200000000014,0.002506746666666671,0.0025092466666666743
0.288,0.00219,0.002255,0.002284,0.002296,0.002304,0.002325,0.002346,0.002352,0.002238,0.002366,0.002386,0.002416,0.002455,0.002469,0.002459,0.002494,0.002508,0.002461313333333345,0.0024581766666666605,0.00248974333333333,0.002484876666666662
0.292,0.002178,0.002242,0.00227,0.002282,0.00229,0.002311,0.002332,0.002338,0.002227,0.002353,0.002374,0.002403,0.002442,0.002456,0.002446,0.002482,0.002495,0.0024544266666666733,0.0024485699999999906,0.0024825866666666626,0.00248634000000001
0.296,0.002167,0.002229,0.002256,0.002268,0.002277,0.002298,0.002319,0.002324,0.002217,0.00234,0.002361,0.00239,0.002429,0.002443,0.002434,0.002469,0.002481,0.002442643333333321,0.002437583333333341,0.0024692233333333453,0.0024756266666666627
0.3,0.002155,0.002216,0.002242,0.002255,0.002264,0.002285,0.002306,0.002311,0.002207,0.002328,0.002349,0.002378,0.002417,0.002431,0.002422,0.002457,0.002469,0.002431729999999991,0.002427016666666672,0.00245914333333334,0.00246529666666668
0.304,0.002144,0.002203,0.002229,0.002241,0.002251,0.002272,0.002293,0.002298,0.002197,0.002316,0.002337,0.002365,0.002405,0.002419,0.002411,0.002445,0.002456,0.002418393333333325,0.0024136866666666767,0.0024448700000000035,0.0024509500000000056
0.308,0.002132,0.002191,0.002216,0.002228,0.002237,0.002259,0.00228,0.002286,0.002187,0.002304,0.002325,0.002353,0.002393,0.002407,0.002399,0.002433,0.002443,0.0024053200000000064,0.002400913333333341,0.002431450000000008,0.0024364099999999874
0.312,0.002121,0.002178,0.002203,0.002216,0.002225,0.002247,0.002267,0.002273,0.002177,0.002292,0.002314,0.002342,0.002381,0.002395,0.002388,0.002421,0.002431,0.0023907200000000037,0.0023880366666666603,0.002417060000000006,0.0024216866666666595
0.316,0.00211,0.002166,0.002191,0.002203,0.002212,0.002235,0.002255,0.002261,0.002168,0.002281,0.002302,0.00233,0.00237,0.002384,0.002376,0.00241,0.002419,0.002381156666666675,0.0023780666666666696,0.0024081300000000083,0.002411323333333325
0.32,0.002099,0.002155,0.002179,0.002191,0.0022,0.002222,0.002243,0.002248,0.002159,0.002269,0.002291,0.002319,0.002359,0.002373,0.002365,0.002399,0.002407,0.002371059999999998,0.002367636666666661,0.0023971966666666697,0.002400383333333339
0.324,0.002088,0.002143,0.002166,0.002179,0.002188,0.002211,0.002231,0.002237,0.00215,0.002259,0.002281,0.002308,0.002348,0.002362,0.002355,0.002388,0.002396,0.0023589133333333247,0.0023569966666666647,0.002383633333333322,0.002386289999999995
0.328,0.002078,0.002132,0.002155,0.002167,0.002177,0.002199,0.00222,0.002225,0.002142,0.002248,0.002271,0.002298,0.002337,0.002351,0.002345,0.002378,0.002385,0.0023462299999999965,0.0023453333333333373,0.0023715733333333298,0.0023729500000000004
0.332,0.002068,0.002121,0.002143,0.002156,0.002165,0.002188,0.002208,0.002214,0.002134,0.002238,0.00226,0.002287,0.002327,0.002341,0.002335,0.002368,0.002374,0.002338253333333336,0.002335749999999993,0.0023654166666666697,0.0023679466666666604
0.336,0.002058,0.00211,0.002132,0.002145,0.002154,0.002178,0.002197,0.002203,0.002126,0.002228,0.00225,0.002277,0.002317,0.002332,0.002325,0.002357,0.002364,0.002328616666666667,0.002328880000000005,0.0023566400000000092,0.002355840000000002
0.34,0.002049,0.0021,0.002121,0.002134,0.002143,0.002167,0.002186,0.002192,0.002118,0.002218,0.00224,0.002267,0.002307,0.002322,0.002316,0.002348,0.002354,0.002319336666666673,0.002319003333333328,0.0023465566666666725,0.002346799999999999
0.344,0.002039,0.002089,0.00211,0.002123,0.002133,0.002156,0.002175,0.002182,0.002111,0.002208,0.00223,0.002258,0.002297,0.002313,0.002307,0.002338,0.002344,0.0023087100000000024,0.002308989999999997,0.0023357633333333304,0.0023354533333333374
0.348,0.00203,0.002079,0.0021,0.002112,0.002122,0.002146,0.002165,0.002171,0.002104,0.002199,0.002221,0.002248,0.002288,0.002304,0.002298,0.002329,0.002334,0.0023000866666666587,0.0022992000000000064,0.002326720000000006,0.002328339999999996
0.352,0.002021,0.002069,0.002089,0.002102,0.002111,0.002136,0.002155,0.002161,0.002097,0.002189,0.002212,0.002239,0.002279,0.002294,0.002289,0.00232,0.002325,0.0022925100000000063,0.0022922066666666635,0.002319949999999994,0.0023226866666666746
0.356,0.002013,0.002059,0.002079,0.002091,0.002101,0.002126,0.002145,0.002151,0.002091,0.00218,0.002203,0.00223,0.00227,0.002286,0.002281,0.002311,0.002316,0.002284000000000006,0.0022822299999999914,0.0023102799999999923,0.002313999999999995
0.36,0.002004,0.00205,0.002069,0.002081,0.002091,0.002116,0.002135,0.002141,0.002086,0.002172,0.002194,0.002222,0.002261,0.002278,0.002273,0.002303,0.002307,0.002277450000000002,0.0022754033333333324,0.0023039733333333427,0.0023074399999999926
0.364,0.001996,0.002041,0.002059,0.002072,0.002082,0.002107,0.002126,0.002131,0.00208,0.002163,0.002186,0.002214,0.002253,0.00227,0.002265,0.002295,0.002299,0.002270006666666664,0.0022695299999999957,0.0022979066666666734,0.0023025166666666755
0.368,0.001987,0.002032,0.00205,0.002062,0.002072,0.002097,0.002116,0.002123,0.002076,0.002155,0.002178,0.002206,0.002244,0.002262,0.002258,0.002288,0.002291,0.00225750666666666,0.002255116666666661,0.0022824699999999965,0.0022845733333333386
0.372,0.001979,0.002023,0.00204,0.002053,0.002063,0.002088,0.002107,0.002114,0.002072,0.002147,0.00217,0.002198,0.002237,0.002255,0.002251,0.002281,0.002283,0.002250310000000004,0.0022487766666666703,0.0022758633333333235,0.0022751500000000023
0.376,0.001971,0.002014,0.002031,0.002044,0.002054,0.002079,0.002098,0.002105,0.002069,0.00214,0.002162,0.00219,0.002229,0.002247,0.002244,0.002273,0.002275,0.0022434333333333357,0.0022436700000000075,0.0022698699999999976,0.0022692466666666775
0.38,0.001963,0.002005,0.002022,0.002035,0.002045,0.00207,0.002089,0.002096,0.002067,0.002132,0.002155,0.002182,0.002221,0.00224,0.002237,0.002266,0.002268,0.0022366633333333417,0.0022363000000000027,0.002263169999999995,0.002263293333333338
0.384,0.001956,0.001996,0.002013,0.002026,0.002036,0.002061,0.002081,0.002088,0.002065,0.002125,0.002147,0.002175,0.002214,0.002233,0.002231,0.00226,0.002261,0.0022302566666666714,0.002230326666666662,0.0022573066666666686,0.0022563499999999964
0.388,0.001948,0.001988,0.002004,0.002017,0.002028,0.002052,0.002072,0.00208,0.002065,0.002118,0.002141,0.002168,0.002207,0.002226,0.002224,0.002253,0.002254,0.0022231799999999943,0.002223473333333336,0.002250433333333326,0.002249136666666659
0.392,0.001941,0.00198,0.001996,0.002008,0.002019,0.002044,0.002064,0.002072,0.002065,0.002111,0.002134,0.002161,0.002201,0.00222,0.002219,0.002247,0.002247,0.0022186233333333335,0.0022195800000000027,0.0022462366666666663,0.0022445133333333315
0.396,0.001934,0.001972,0.001987,0.002,0.002011,0.002036,0.002056,0.002064,0.002067,0.002105,0.002128,0.002155,0.002195,0.002214,0.002213,0.002241,0.002241,0.002211763333333339,0.002212736666666673,0.0022390833333333394,0.002237270000000003
0.4,0.001926,0.001964,0.001979,0.001992,0.002003,0.002028,0.002049,0.002057,0.002071,0.002099,0.002123,0.002149,0.002189,0.002209,0.002208,0.002236,0.002235,0.0022077633333333394,0.002208619999999994,0.002234806666666672,0.0022335066666666604
0.404,0.001919,0.001956,0.001971,0.001984,0.001995,0.002021,0.002041,0.00205,0.002077,0.002093,0.002118,0.002143,0.002183,0.002203,0.002204,0.002231,0.00223,0.0022030299999999964,0.002204943333333326,0.002230119999999995,0.0022292599999999946
0.408,0.001912,0.001948,0.001963,0.001976,0.001988,0.002013,0.002034,0.002044,0.002083,0.002088,0.002113,0.002138,0.002178,0.002198,0.0022,0.002226,0.002224,0.0021965699999999997,0.002199823333333326,0.0022235633333333284,0.0022210433333333325
0.412,0.001905,0.00194,0.001955,0.001968,0.00198,0.002006,0.002027,0.002037,0.002092,0.002084,0.002109,0.002133,0.002173,0.002194,0.002197,0.002221,0.002219,0.0021924633333333344,0.0021971366666666656,0.0022193466666666664,0.0022166633333333343
0.416,0.001898,0.001933,0.001947,0.00196,0.001972,0.001999,0.00202,0.002031,0.002101,0.00208,0.002105,0.002128,0.00217,0.00219,0.002195,0.002217,0.002215,0.002188040000000011,0.002194503333333326,0.002214366666666678,0.0022116066666666664
0.42,0.001891,0.001925,0.00194,0.001953,0.001965,0.001993,0.002014,0.002026,0.002113,0.002076,0.002102,0.002125,0.002167,0.002186,0.002193,0.002213,0.002211,0.0021862300000000086,0.002193779999999999,0.0022125033333333433,0.0022108399999999995
0.424,0.001885,0.001918,0.001932,0.001946,0.001959,0.001987,0.002008,0.002021,0.002126,0.002074,0.0021,0.002122,0.002164,0.002184,0.002193,0.00221,0.002208,0.002182620000000002,0.002191836666666667,0.00220850666666667,0.0022064266666666625
0.428,0.001879,0.001912,0.001925,0.001939,0.001953,0.001981,0.002003,0.002017,0.002139,0.002073,0.002099,0.00212,0.002163,0.002182,0.002193,0.002208,0.002206,0.002181816666666674,0.0021926299999999992,0.0022074599999999936,0.002205506666666672
0.432,0.001872,0.001905,0.001918,0.001932,0.001947,0.001976,0.001998,0.002014,0.002154,0.002072,0.002099,0.002119,0.002163,0.002182,0.002195,0.002207,0.002205,0.002181826666666675,0.002194479999999993,0.0022066833333333267,0.0022047733333333376
0.436,0.001866,0.001899,0.001912,0.001926,0.001942,0.001972,0.001994,0.002012,0.002168,0.002073,0.002099,0.002118,0.002164,0.002182,0.002197,0.002207,0.002204,0.0021821600000000085,0.0021966133333333354,0.0022069799999999934,0.0022044199999999947
0.44,0.00186,0.001892,0.001905,0.00192,0.001937,0.001967,0.001991,0.00201,0.002182,0.002074,0.002101,0.002119,0.002165,0.002183,0.002201,0.002207,0.002204,0.0021830033333333364,0.0021995700000000057,0.0022072566666666627,0.0022047866666666614
0.444,0.001854,0.001886,0.001899,0.001914,0.001932,0.001964,0.001988,0.002009,0.002195,0.002076,0.002103,0.00212,0.002168,0.002185,0.002205,0.002209,0.002206,0.0021849133333333307,0.0022032133333333417,0.0022089166666666702,0.0022071333333333353
0.448,0.001848,0.00188,0.001893,0.001908,0.001928,0.00196,0.001986,0.002009,0.002205,0.002079,0.002105,0.002122,0.002171,0.002188,0.002209,0.002212,0.002208,0.00218805,0.0022075533333333415,0.0022121833333333305,0.002209719999999994
0.452,0.001843,0.001874,0.001888,0.001903,0.001925,0.001958,0.001984,0.00201,0.002213,0.002082,0.002108,0.002126,0.002174,0.002191,0.002214,0.002215,0.002212,0.002191886666666671,0.002213176666666674,0.0022164233333333326,0.002214533333333328
0.456,0.001837,0.001869,0.001882,0.001898,0.001921,0.001956,0.001983,0.002011,0.002218,0.002085,0.002111,0.002129,0.002178,0.002195,0.002218,0.002219,0.002216,0.0021958733333333263,0.0022171533333333404,0.0022199233333333327,0.0022183366666666624
0.46,0.001832,0.001863,0.001877,0.001894,0.001919,0.001954,0.001983,0.002013,0.002219,0.002088,0.002113,0.002133,0.002181,0.002199,0.002221,0.002223,0.002221,0.002199583333333327,0.002219983333333333,0.0022233799999999897,0.0022224799999999976
0.464,0.001826,0.001858,0.001872,0.001889,0.001917,0.001953,0.001983,0.002016,0.002216,0.00209,0.002114,0.002137,0.002184,0.002203,0.002224,0.002227,0.002226,0.002203429999999995,0.0022229400000000022,0.002226793333333325,0.002226869999999993
0.468,0.001821,0.001854,0.001868,0.001885,0.001915,0.001952,0.001984,0.002018,0.002208,0.002091,0.002115,0.00214,0.002185,0.002207,0.002225,0.002229,0.002231,0.0022065499999999964,0.0022240000000000003,0.002228809999999998,0.0022309499999999933
0.472,0.001816,0.001849,0.001864,0.001882,0.001912,0.001951,0.001984,0.002021,0.002196,0.002091,0.002113,0.002141,0.002186,0.00221,0.002224,0.002231,0.002236,0.0022090233333333345,0.002222856666666669,0.002229919999999993,0.002235013333333336
0.476,0.001811,0.001844,0.001859,0.001878,0.001911,0.00195,0.001984,0.002022,0.00218,0.002089,0.00211,0.002142,0.002184,0.002211,0.002221,0.002231,0.002239,0.00220978333333333,0.0022203533333333327,0.002230099999999993,0.002237936666666663
0.48,0.001806,0.001839,0.001855,0.001874,0.001908,0.001948,0.001984,0.002023,0.002159,0.002085,0.002105,0.002141,0.00218,0.002211,0.002215,0.002229,0.002242,0.002208259999999995,0.0022131166666666635,0.002227110000000003,0.002238736666666664
0.484,0.001801,0.001834,0.001851,0.001871,0.001906,0.001946,0.001983,0.002023,0.002136,0.00208,0.002097,0.002138,0.002175,0.002208,0.002207,0.002225,0.002242,0.0022039299999999915,0.002206226666666663,0.00222313,0.0022375733333333324
0.488,0.001796,0.001829,0.001847,0.001867,0.001903,0.001943,0.001981,0.00202,0.002111,0.002072,0.002088,0.002132,0.002167,0.002204,0.002197,0.002219,0.002241,0.002199619999999994,0.002197883333333335,0.0022176300000000004,0.0022363066666666715
0.492,0.001791,0.001825,0.001843,0.001863,0.001899,0.001939,0.001978,0.002017,0.002085,0.002062,0.002077,0.002124,0.002157,0.002197,0.002185,0.002211,0.002238,0.0021880033333333353,0.0021804499999999952,0.0022029699999999972,0.0022266866666666636
0.496,0.001786,0.00182,0.001839,0.001859,0.001895,0.001934,0.001973,0.002011,0.002058,0.002051,0.002065,0.002115,0.002146,0.002188,0.002171,0.002202,0.002232,0.0021808766666666663,0.002167726666666665,0.0021953133333333357,0.0022231333333333388
0.5,0.001781,0.001815,0.001834,0.001854,0.001889,0.001928,0.001967,0.002003,0.002032,0.002038,0.002052,0.002104,0.002133,0.002176,0.002157,0.00219,0.002224,0.0021661299999999988,0.0021522666666666662,0.002184510000000011,0.002213753333333336
0.504,0.001777,0.00181,0.00183,0.001849,0.001883,0.001921,0.00196,0.001994,0.002006,0.002025,0.002038,0.002091,0.00212,0.002164,0.002142,0.002177,0.002214,0.002154526666666674,0.0021409533333333255,0.002179103333333331,0.0022109900000000056
0.508,0.001772,0.001805,0.001825,0.001844,0.001876,0.001913,0.001951,0.001983,0.001982,0.00201,0.002024,0.002077,0.002105,0.00215,0.002127,0.002163,0.002202,0.002146613333333331,0.0021293833333333265,0.0021732900000000087,0.00221024666666667
0.512,0.001768,0.0018,0.001819,0.001838,0.001868,0.001905,0.001941,0.001971,0.001959,0.001996,0.00201,0.002063,0.002091,0.002135,0.002111,0.002148,0.002188,0.002131473333333332,0.0021201599999999894,0.002175230000000003,0.0022143799999999993
0.516,0.001764,0.001795,0.001813,0.001832,0.00186,0.001896,0.00193,0.001958,0.001938,0.001982,0.001996,0.002048,0.002077,0.00212,0.002096,0.002134,0.002173,0.002112010000000004,0.002106769999999994,0.00216782,0.0022055266666666574
0.52,0.001759,0.001789,0.001808,0.001825,0.001852,0.001887,0.00192,0.001945,0.001919,0.001968,0.001983,0.002034,0.002063,0.002104,0.002081,0.002119,0.002158,0.0021001233333333316,0.0020855566666666677,0.002133643333333328,0.0021704166666666608
0.524,0.001755,0.001784,0.001802,0.001819,0.001843,0.001877,0.001909,0.001933,0.001902,0.001955,0.001971,0.00202,0.00205,0.002089,0.002067,0.002105,0.002142,0.0020868366666666693,0.0020710966666666704,0.00211583333333334,0.0021521099999999905
0.528,0.001751,0.001779,0.001796,0.001812,0.001835,0.001868,0.001898,0.00192,0.001886,0.001943,0.00196,0.002006,0.002038,0.002075,0.002054,0.002092,0.002127,0.0020704433333333357,0.0020562333333333316,0.002099896666666663,0.0021333299999999945
0.532,0.001747,0.001774,0.00179,0.001806,0.001827,0.001859,0.001887,0.001907,0.001872,0.001932,0.00195,0.001993,0.002027,0.002061,0.002042,0.002079,0.002112,0.0020618633333333272,0.0020455099999999947,0.0020865833333333374,0.002118246666666668
0.536,0.001743,0.001769,0.001784,0.001799,0.001819,0.00185,0.001877,0.001895,0.00186,0.001922,0.00194,0.001982,0.002017,0.002048,0.002031,0.002068,0.002097,0.002050086666666669,0.002037483333333336,0.002075236666666662,0.0021031633333333374
0.54,0.001739,0.001764,0.001778,0.001793,0.001811,0.001842,0.001867,0.001884,0.001848,0.001912,0.001931,0.001971,0.002007,0.002036,0.002021,0.002057,0.002084,0.0020388733333333354,0.0020266533333333364,0.002064386666666659,0.0020899466666666595
0.544,0.001736,0.00176,0.001773,0.001787,0.001803,0.001834,0.001858,0.001873,0.001837,0.001902,0.001923,0.001961,0.001997,0.002025,0.002011,0.002046,0.002071,0.002026266666666671,0.0020164166666666633,0.0020523899999999947,0.0020760700000000006
0.548,0.001732,0.001755,0.001767,0.001781,0.001796,0.001827,0.001849,0.001864,0.001828,0.001894,0.001915,0.001951,0.001988,0.002014,0.002002,0.002037,0.002059,0.002015079999999998,0.0020056999999999957,0.002042313333333331,0.002064696666666667
0.552,0.001728,0.001751,0.001762,0.001775,0.001789,0.001819,0.001841,0.001855,0.001819,0.001886,0.001908,0.001943,0.00198,0.002005,0.001994,0.002027,0.002047,0.0020057333333333323,0.0019976700000000048,0.0020321533333333332,0.00205176333333334
0.556,0.001725,0.001746,0.001757,0.00177,0.001783,0.001813,0.001833,0.001846,0.001811,0.001879,0.001901,0.001935,0.001972,0.001996,0.001986,0.002019,0.002037,0.0019965399999999967,0.001987236666666667,0.0020205699999999954,0.002037416666666666
0.56,0.001721,0.001742,0.001752,0.001765,0.001777,0.001807,0.001826,0.001838,0.001803,0.001872,0.001894,0.001927,0.001964,0.001988,0.001978,0.00201,0.002027,0.0019879766666666605,0.0019783899999999957,0.002010799999999998,0.0020264200000000014
0.564,0.001717,0.001738,0.001747,0.00176,0.001771,0.001801,0.001819,0.001831,0.001796,0.001865,0.001888,0.00192,0.001956,0.00198,0.001971,0.002002,0.002017,0.001981806666666661,0.001971759999999994,0.002004526666666663,0.0020179466666666703
0.568,0.001714,0.001734,0.001743,0.001755,0.001766,0.001795,0.001813,0.001824,0.00179,0.001859,0.001882,0.001913,0.001949,0.001973,0.001964,0.001995,0.002008,0.0019737666666666677,0.0019668199999999998,0.0019975566666666673,0.00201019666666667
0.572,0.001711,0.00173,0.001738,0.00175,0.001761,0.00179,0.001807,0.001818,0.001783,0.001853,0.001876,0.001907,0.001942,0.001966,0.001958,0.001987,0.001999,0.001964593333333341,0.0019586266666666713,0.0019874566666666644,0.0019967033333333243
0.576,0.001707,0.001726,0.001734,0.001746,0.001756,0.001785,0.001802,0.001813,0.001778,0.001847,0.001871,0.001901,0.001936,0.001959,0.001951,0.00198,0.001991,0.001958246666666667,0.001952296666666666,0.0019807333333333285,0.0019892633333333325
0.58,0.001704,0.001722,0.00173,0.001741,0.001751,0.00178,0.001797,0.001807,0.001772,0.001842,0.001866,0.001895,0.00193,0.001953,0.001945,0.001973,0.001983,0.0019509833333333294,0.001945549999999994,0.0019728933333333365,0.0019801666666666657
0.584,0.0017,0.001718,0.001726,0.001737,0.001747,0.001775,0.001792,0.001801,0.001767,0.001837,0.00186,0.00189,0.001924,0.001946,0.001939,0.001966,0.001974,0.001944876666666669,0.0019393700000000077,0.0019658466666666752,0.001972369999999999
0.588,0.001697,0.001714,0.001722,0.001733,0.001743,0.001771,0.001787,0.001796,0.001761,0.001832,0.001855,0.001884,0.001919,0.00194,0.001933,0.00196,0.001967,0.00193943666666667,0.0019340066666666685,0.0019604466666666674,0.001966053333333335
0.592,0.001694,0.00171,0.001717,0.001729,0.001738,0.001766,0.001782,0.001791,0.001756,0.001827,0.001851,0.001879,0.001913,0.001934,0.001928,0.001953,0.001959,0.0019326366666666634,0.0019274966666666692,0.0019520233333333284,0.0019572333333333332
0.596,0.001691,0.001707,0.001713,0.001725,0.001734,0.001761,0.001777,0.001786,0.001751,0.001822,0.001846,0.001874,0.001908,0.001928,0.001923,0.001947,0.001952,0.0019263833333333343,0.0019225666666666697,0.0019463366666666645,0.0019493666666666638
0.6,0.001687,0.001703,0.00171,0.00172,0.00173,0.001757,0.001773,0.001781,0.001746,0.001817,0.001841,0.001869,0.001903,0.001923,0.001917,0.001941,0.001945,0.0019211033333333346,0.001916266666666668,0.001940030000000005,0.001942216666666661
0.604,0.001684,0.0017,0.001706,0.001716,0.001725,0.001753,0.001769,0.001777,0.001742,0.001813,0.001837,0.001865,0.001898,0.001918,0.001912,0.001936,0.001939,0.0019167833333333265,0.0019117233333333424,0.001935230000000001,0.0019374200000000063
0.608,0.001681,0.001696,0.001702,0.001713,0.001722,0.001749,0.001764,0.001772,0.001737,0.001809,0.001833,0.00186,0.001894,0.001913,0.001908,0.00193,0.001933,0.0019120266666666696,0.00190750333333334,0.001929433333333328,0.0019310666666666686
0.612,0.001678,0.001693,0.001699,0.001709,0.001717,0.001745,0.00176,0.001767,0.001732,0.001804,0.001829,0.001856,0.001889,0.001909,0.001903,0.001925,0.001927,0.001908286666666668,0.0019032233333333294,0.0019254199999999984,0.0019265033333333396
0.616,0.001674,0.001689,0.001695,0.001705,0.001713,0.00174,0.001756,0.001763,0.001728,0.0018,0.001824,0.001851,0.001884,0.001904,0.001898,0.00192,0.001921,0.0019025600000000043,0.0018976000000000008,0.0019190966666666632,0.0019191366666666669
0.62,0.00167,0.001686,0.001691,0.001701,0.001709,0.001736,0.001751,0.001759,0.001723,0.001796,0.00182,0.001846,0.00188,0.001899,0.001894,0.001915,0.001915,0.001899063333333328,0.0018936866666666651,0.0019150033333333336,0.0019150566666666679
0.624,0.001667,0.001682,0.001688,0.001698,0.001705,0.001732,0.001747,0.001755,0.001719,0.001792,0.001816,0.001841,0.001876,0.001895,0.001889,0.00191,0.00191,0.0018946499999999914,0.0018890366666666637,0.0019098566666666697,0.0019092800000000039
0.628,0.001664,0.001679,0.001684,0.001694,0.001701,0.001728,0.001743,0.001751,0.001714,0.001788,0.001812,0.001837,0.001871,0.001891,0.001885,0.001905,0.001905,0.001891633333333325,0.0018861333333333426,0.0019072399999999997,0.0019069966666666687
0.632,0.001661,0.001675,0.00168,0.00169,0.001697,0.001724,0.001739,0.001747,0.00171,0.001784,0.001808,0.001832,0.001867,0.001886,0.001881,0.001901,0.0019,0.0018860566666666686,0.0018819966666666725,0.001902526666666665,0.0019019600000000048
0.636,0.001658,0.001672,0.001677,0.001687,0.001693,0.00172,0.001735,0.001743,0.001705,0.001779,0.001804,0.001827,0.001863,0.001882,0.001876,0.001897,0.001895,0.0018805166666666683,0.0018759466666666614,0.0018964633333333329,0.0018931833333333265
0.64,0.001654,0.001668,0.001673,0.001683,0.00169,0.001716,0.001731,0.001738,0.001701,0.001775,0.0018,0.001823,0.001859,0.001878,0.001872,0.001892,0.001891,0.0018762066666666683,0.0018711999999999937,0.0018910466666666684,0.0018887199999999937
0.644,0.001651,0.001665,0.001669,0.001679,0.001686,0.001712,0.001727,0.001734,0.001697,0.001771,0.001796,0.001818,0.001855,0.001873,0.001868,0.001888,0.001886,0.0018724633333333412,0.0018680233333333248,0.0018879733333333334,0.001885560000000004
0.648,0.001648,0.001661,0.001665,0.001675,0.001682,0.001708,0.001723,0.00173,0.001693,0.001767,0.001793,0.001814,0.001851,0.001869,0.001864,0.001884,0.001881,0.0018681233333333392,0.0018639133333333228,0.0018837899999999967,0.0018801700000000076
0.652,0.001645,0.001658,0.001662,0.001672,0.001678,0.001704,0.001719,0.001726,0.001689,0.001764,0.001789,0.001811,0.001847,0.001865,0.00186,0.00188,0.001877,0.0018647166666666706,0.0018597299999999894,0.0018800633333333283,0.0018767400000000078
0.656,0.001641,0.001654,0.001658,0.001668,0.001674,0.0017,0.001715,0.001722,0.001685,0.00176,0.001785,0.001807,0.001844,0.001862,0.001856,0.001876,0.001873,0.0018604466666666678,0.0018550966666666699,0.0018750633333333262,0.001871843333333342
0.66,0.001637,0.001651,0.001655,0.001664,0.00167,0.001696,0.001711,0.001718,0.001681,0.001756,0.001781,0.001803,0.00184,0.001858,0.001852,0.001872,0.001869,0.0018575466666666761,0.0018521633333333364,0.0018719766666666611,0.0018692366666666733
0.664,0.001633,0.001647,0.001651,0.001661,0.001667,0.001692,0.001707,0.001714,0.001677,0.001752,0.001777,0.001799,0.001836,0.001854,0.001848,0.001867,0.001865,0.0018524000000000097,0.0018473300000000003,0.0018659233333333317,0.0018633200000000038
0.668,0.00163,0.001644,0.001648,0.001657,0.001663,0.001688,0.001703,0.00171,0.001674,0.001749,0.001773,0.001795,0.001832,0.00185,0.001845,0.001863,0.001861,0.0018494233333333414,0.0018447933333333288,0.0018629566666666642,0.001860336666666668
0.672,0.001626,0.00164,0.001644,0.001653,0.001659,0.001684,0.001699,0.001706,0.00167,0.001745,0.001768,0.001791,0.001828,0.001846,0.001841,0.001859,0.001857,0.0018447933333333392,0.0018405599999999917,0.0018589900000000048,0.001855693333333331
0.676,0.001622,0.001636,0.00164,0.001649,0.001655,0.001681,0.001695,0.001703,0.001666,0.001741,0.001764,0.001787,0.001824,0.001842,0.001837,0.001856,0.001853,0.0018399466666666733,0.0018361166666666568,0.001854716666666671,0.0018504499999999946
0.68,0.001619,0.001633,0.001637,0.001646,0.001651,0.001677,0.001692,0.001699,0.001662,0.001738,0.00176,0.001783,0.00182,0.001838,0.001833,0.001852,0.001849,0.0018367266666666701,0.00183288999999999,0.0018513733333333372,0.0018470499999999942
0.684,0.001615,0.001629,0.001633,0.001642,0.001648,0.001673,0.001687,0.001695,0.001659,0.001733,0.001756,0.001779,0.001816,0.001835,0.00183,0.001848,0.001845,0.0018333733333333324,0.0018292733333333297,0.0018469800000000013,0.0018428999999999943
0.688,0.001611,0.001626,0.001629,0.001638,0.001644,0.001669,0.001683,0.001691,0.001655,0.001729,0.001752,0.001775,0.001812,0.001831,0.001826,0.001844,0.001841,0.0018292100000000104,0.0018256066666666616,0.0018434600000000023,0.001838853333333325
0.692,0.001607,0.001622,0.001625,0.001634,0.00164,0.001665,0.001679,0.001687,0.001651,0.001724,0.001749,0.001771,0.001808,0.001827,0.001822,0.00184,0.001837,0.0018247600000000092,0.0018215999999999935,0.0018390033333333332,0.0018341766666666582
0.696,0.001603,0.001618,0.001621,0.00163,0.001636,0.001661,0.001675,0.001683,0.001647,0.00172,0.001745,0.001767,0.001804,0.001823,0.001818,0.001836,0.001833,0.001821050000000007,0.001818259999999992,0.0018356133333333321,0.0018307733333333262
0.7,0.001599,0.001614,0.001617,0.001626,0.001632,0.001657,0.001671,0.001679,0.001644,0.001716,0.001741,0.001763,0.0018,0.001819,0.001814,0.001832,0.001829,0.00181789666666667,0.0018141399999999938,0.001832449999999997,0.0018279466666666702
0.704,0.001595,0.001611,0.001614,0.001623,0.001628,0.001654,0.001667,0.001676,0.00164,0.001712,0.001738,0.00176,0.001796,0.001816,0.00181,0.001828,0.001825,0.001814979999999998,0.0018102799999999948,0.0018280733333333329,0.001825446666666668
0.708,0.001591,0.001607,0.00161,0.001619,0.001624,0.00165,0.001663,0.001672,0.001637,0.001708,0.001734,0.001756,0.001793,0.001812,0.001807,0.001824,0.001822,0.0018102666666666622,0.0018065300000000037,0.0018229033333333332,0.0018198566666666597
0.712,0.001588,0.001603,0.001606,0.001615,0.001621,0.001646,0.00166,0.001668,0.001634,0.001705,0.001731,0.001752,0.001789,0.001808,0.001804,0.001821,0.001818,0.001806076666666662,0.0018038200000000072,0.0018203000000000032,0.0018161833333333248
0.716,0.001584,0.0016,0.001602,0.001611,0.001617,0.001642,0.001656,0.001664,0.001631,0.001701,0.001727,0.001748,0.001785,0.001804,0.001801,0.001817,0.001814,0.0018018266666666753,0.0018006566666666697,0.0018158433333333383,0.0018121766666666587
0.72,0.00158,0.001596,0.001598,0.001607,0.001613,0.001638,0.001652,0.00166,0.001628,0.001697,0.001724,0.001744,0.001781,0.0018,0.001798,0.001813,0.00181,0.0017992800000000086,0.0017977866666666702,0.0018130966666666684,0.0018100199999999914
0.724,0.001576,0.001592,0.001595,0.001603,0.001609,0.001634,0.001648,0.001656,0.001625,0.001694,0.00172,0.001741,0.001778,0.001796,0.001794,0.001809,0.001806,0.0017953466666666732,0.001793943333333335,0.001809133333333332,0.001805483333333325
0.728,0.001573,0.001588,0.001591,0.0016,0.001605,0.00163,0.001644,0.001653,0.001623,0.00169,0.001717,0.001737,0.001774,0.001793,0.001791,0.001806,0.001802,0.0017920399999999978,0.0017909433333333287,0.0018060666666666588,0.001801393333333339
0.732,0.001569,0.001584,0.001587,0.001596,0.001601,0.001626,0.001641,0.001649,0.00162,0.001686,0.001713,0.001733,0.00177,0.001789,0.001788,0.001802,0.001798,0.0017881233333333316,0.0017877133333333377,0.0018023400000000051,0.0017980466666666698
0.736,0.001565,0.001581,0.001583,0.001592,0.001597,0.001623,0.001637,0.001645,0.001618,0.001683,0.00171,0.00173,0.001767,0.001786,0.001785,0.001799,0.001795,0.0017854999999999995,0.0017855766666666636,0.0017999333333333326,0.0017949999999999984
0.74,0.001562,0.001577,0.00158,0.001588,0.001594,0.001619,0.001633,0.001642,0.001617,0.001679,0.001707,0.001727,0.001764,0.001783,0.001782,0.001796,0.001792,0.0017812366666666605,0.0017814466666666651,0.0017951300000000059,0.001789726666666671
0.744,0.001558,0.001574,0.001576,0.001584,0.00159,0.001616,0.00163,0.001639,0.001616,0.001676,0.001704,0.001725,0.001761,0.00178,0.001779,0.001793,0.001788,0.0017799433333333323,0.0017789099999999905,0.001793843333333334,0.0017887066666666715
0.748,0.001555,0.00157,0.001572,0.001581,0.001587,0.001612,0.001627,0.001635,0.001615,0.001673,0.001702,0.001722,0.001758,0.001777,0.001777,0.00179,0.001785,0.0017757233333333278,0.001775833333333326,0.001788730000000005,0.0017821666666666639
0.752,0.001552,0.001567,0.001569,0.001577,0.001584,0.001609,0.001624,0.001632,0.001615,0.00167,0.001699,0.00172,0.001756,0.001775,0.001774,0.001788,0.001782,0.001773786666666672,0.0017734099999999994,0.0017871866666666735,0.0017804033333333337
0.756,0.001548,0.001563,0.001565,0.001574,0.00158,0.001606,0.001621,0.001629,0.001615,0.001667,0.001697,0.001717,0.001754,0.001772,0.001772,0.001786,0.00178,0.0017708566666666656,0.0017712666666666636,0.0017849266666666711,0.0017779333333333347
0.76,0.001545,0.00156,0.001562,0.00157,0.001577,0.001603,0.001617,0.001627,0.001616,0.001665,0.001695,0.001715,0.001751,0.00177,0.00177,0.001784,0.001778,0.0017695433333333324,0.0017701999999999976,0.0017843066666666707,0.0017778800000000001
0.764,0.001542,0.001556,0.001558,0.001567,0.001574,0.0016,0.001614,0.001624,0.001617,0.001663,0.001693,0.001713,0.001749,0.001767,0.001768,0.001782,0.001775,0.0017668833333333342,0.0017681566666666623,0.0017821299999999992,0.0017750566666666734
0.768,0.001539,0.001553,0.001555,0.001564,0.001571,0.001597,0.001612,0.001622,0.001619,0.001661,0.001692,0.001712,0.001748,0.001766,0.001768,0.001781,0.001774,0.0017658433333333293,0.0017679066666666631,0.001781436666666661,0.0017741933333333374
0.772,0.001536,0.001551,0.001551,0.001561,0.001569,0.001594,0.001609,0.00162,0.001622,0.00166,0.001691,0.00171,0.001747,0.001764,0.001767,0.001781,0.001773,0.0017642366666666591,0.0017673433333333355,0.00178123666666666,0.0017732700000000108
0.776,0.001534,0.001548,0.001549,0.001558,0.001567,0.001592,0.001607,0.001619,0.001627,0.001659,0.001691,0.00171,0.001746,0.001764,0.001768,0.001781,0.001773,0.0017640633333333255,0.0017677233333333315,0.0017813099999999936,0.001773283333333345
0.78,0.001531,0.001545,0.001546,0.001555,0.001564,0.00159,0.001605,0.001617,0.001632,0.001658,0.001692,0.00171,0.001746,0.001763,0.001769,0.001782,0.001773,0.001763383333333333,0.0017688066666666706,0.0017823566666666669,0.0017733166666666778
0.784,0.001528,0.001542,0.001543,0.001552,0.001562,0.001587,0.001603,0.001616,0.001638,0.001658,0.001693,0.00171,0.001747,0.001763,0.00177,0.001784,0.001773,0.0017630900000000006,0.0017700933333333329,0.0017839166666666702,0.0017731866666666769
0.788,0.001525,0.001538,0.00154,0.001549,0.00156,0.001585,0.001601,0.001615,0.001646,0.001658,0.001695,0.00171,0.001747,0.001763,0.001772,0.001786,0.001774,0.0017633066666666653,0.0017722633333333334,0.0017862300000000008,0.0017743066666666696
0.792,0.001523,0.001535,0.001537,0.001547,0.001558,0.001583,0.001599,0.001615,0.001655,0.001659,0.001697,0.001712,0.001749,0.001764,0.001775,0.001789,0.001776,0.0017642366666666604,0.00177478333333334,0.0017888266666666655,0.0017763466666666664
0.796,0.00152,0.001532,0.001534,0.001544,0.001556,0.001581,0.001598,0.001615,0.001666,0.00166,0.001701,0.001713,0.001751,0.001766,0.00178,0.001793,0.001779,0.001766726666666664,0.0017799800000000033,0.0017936633333333304,0.0017801799999999917
0.8,0.001518,0.001529,0.001532,0.001541,0.001555,0.00158,0.001597,0.001615,0.001678,0.001663,0.001705,0.001716,0.001754,0.001769,0.001785,0.001798,0.001783,0.0017692600000000051,0.0017840266666666635,0.0017976866666666697,0.001783196666666659
0.804,0.001515,0.001526,0.001529,0.001539,0.001554,0.001579,0.001597,0.001615,0.001692,0.001665,0.001711,0.001719,0.001758,0.001772,0.001791,0.001805,0.001787,0.0017735599999999974,0.0017904166666666596,0.0018056366666666652,0.0017900666666666612
0.808,0.001513,0.001524,0.001527,0.001537,0.001553,0.001579,0.001596,0.001615,0.001708,0.001669,0.001717,0.001724,0.001763,0.001777,0.001799,0.001813,0.001793,0.0017788199999999922,0.0017989633333333292,0.0018153700000000028,0.0017983333333333306
0.812,0.001512,0.001522,0.001525,0.001536,0.001553,0.001579,0.001597,0.001616,0.001725,0.001674,0.001726,0.001729,0.001769,0.001783,0.001809,0.001823,0.001801,0.0017850899999999935,0.0018083266666666647,0.0018247033333333392,0.001805950000000001
0.816,0.00151,0.00152,0.001523,0.001534,0.001553,0.001579,0.001598,0.001618,0.001745,0.001679,0.001735,0.001736,0.001776,0.00179,0.00182,0.001834,0.00181,0.0017908133333333365,0.0018180199999999966,0.0018341400000000008,0.001813573333333327
0.82,0.001508,0.001518,0.001521,0.001533,0.001553,0.00158,0.0016,0.001621,0.001766,0.001685,0.001746,0.001744,0.001784,0.001799,0.001833,0.001847,0.00182,0.0018022466666666643,0.0018347566666666582,0.001851253333333331,0.0018281133333333285
0.824,0.001506,0.001516,0.001519,0.001532,0.001554,0.001581,0.001603,0.001626,0.001788,0.001693,0.001758,0.001753,0.001793,0.001809,0.001847,0.001862,0.001833,0.0018111199999999987,0.0018460133333333306,0.0018634633333333307,0.0018405199999999902
0.828,0.001505,0.001514,0.001517,0.001531,0.001556,0.001583,0.001606,0.001631,0.001811,0.001701,0.001771,0.001763,0.001804,0.00182,0.001863,0.001879,0.001847,0.001825303333333331,0.0018624999999999991,0.0018860566666666697,0.0018640599999999944
0.832,0.001503,0.001513,0.001516,0.001531,0.001558,0.001586,0.001611,0.001638,0.001835,0.00171,0.001786,0.001775,0.001816,0.001834,0.00188,0.001898,0.001862,0.0018394900000000022,0.0018812133333333289,0.001906706666666668,0.0018799333333333287
0.836,0.001502,0.001512,0.001515,0.001531,0.001561,0.00159,0.001617,0.001647,0.001859,0.001721,0.001802,0.001789,0.001829,0.001848,0.001899,0.001919,0.00188,0.0018494400000000004,0.0018953833333333289,0.0019207466666666692,0.001889009999999996
0.84,0.001502,0.001512,0.001515,0.001531,0.001565,0.001594,0.001623,0.001656,0.001883,0.001732,0.00182,0.001803,0.001843,0.001865,0.001919,0.001942,0.0019,0.001867993333333337,0.0019170800000000018,0.0019451866666666665,0.0019111233333333408
0.844,0.001501,0.001512,0.001515,0.001532,0.00157,0.001599,0.001631,0.001667,0.001907,0.001743,0.001837,0.001819,0.001858,0.001882,0.001939,0.001967,0.001921,0.0018852400000000029,0.0019367600000000074,0.0019685533333333384,0.0019338933333333305
0.848,0.001501,0.001512,0.001516,0.001534,0.001575,0.001605,0.00164,0.001677,0.001929,0.001755,0.001856,0.001836,0.001873,0.001901,0.00196,0.001993,0.001945,0.001906969999999999,0.0019595866666666665,0.0019997933333333424,0.00197723999999999
0.852,0.001501,0.001512,0.001516,0.001536,0.001581,0.001611,0.001649,0.001689,0.001949,0.001768,0.001874,0.001853,0.001888,0.001921,0.001982,0.002019,0.001969,0.001930066666666667,0.0019847933333333343,0.0020322099999999983,0.002015046666666665
0.856,0.001501,0.001513,0.001518,0.001538,0.001587,0.001618,0.001659,0.001701,0.001968,0.00178,0.001892,0.001871,0.001904,0.001941,0.002004,0.002047,0.001995,0.0019490033333333346,0.0020066733333333362,0.0020574666666666732,0.002037010000000002
0.86,0.0015,0.001513,0.001519,0.001541,0.001593,0.001625,0.00167,0.001713,0.001984,0.001792,0.001909,0.001888,0.001919,0.001961,0.002026,0.002074,0.002021,0.001972856666666661,0.0020348633333333267,0.002092060000000009,0.002066506666666671
0.864,0.001499,0.001514,0.001521,0.001545,0.0016,0.001632,0.001681,0.001725,0.001997,0.001803,0.001925,0.001906,0.001934,0.001982,0.002048,0.002101,0.002048,0.0019900033333333346,0.0020540066666666725,0.0021136633333333414,0.002077736666666673
0.868,0.001499,0.001515,0.001523,0.001548,0.001607,0.001638,0.001692,0.001737,0.002006,0.001813,0.00194,0.001923,0.001948,0.002002,0.00207,0.002128,0.002076,0.002011609999999996,0.0020782900000000056,0.002144556666666673,0.0021087266666666676
0.872,0.001499,0.001516,0.001525,0.001552,0.001613,0.001645,0.001702,0.001748,0.002013,0.001822,0.001952,0.001939,0.00196,0.002021,0.00209,0.002154,0.002103,0.0020262500000000046,0.0020945566666666715,0.0021625933333333292,0.0021197666666666667
0.876,0.001499,0.001518,0.001527,0.001555,0.001619,0.001651,0.001711,0.001758,0.002016,0.00183,0.001963,0.001954,0.001972,0.002039,0.002109,0.002179,0.00213,0.0020396966666666734,0.0021079466666666775,0.0021782233333333327,0.0021355333333333342
0.88,0.001499,0.001519,0.00153,0.001559,0.001625,0.001657,0.001719,0.001767,0.002015,0.001837,0.001972,0.001967,0.001982,0.002056,0.002126,0.002203,0.002156,0.0020571299999999956,0.002125276666666664,0.0022035533333333297,0.002164240000000005
0.884,0.001499,0.00152,0.001532,0.001562,0.001629,0.001662,0.001726,0.001775,0.002011,0.001842,0.001979,0.001979,0.001991,0.002072,0.002142,0.002224,0.002182,0.0020738766666666656,0.0021424333333333262,0.002227080000000001,0.002192210000000007
0.888,0.001498,0.00152,0.001534,0.001565,0.001633,0.001665,0.001732,0.001781,0.002005,0.001845,0.001984,0.001989,0.001998,0.002085,0.002156,0.002243,0.002206,0.0020881366666666685,0.002158606666666669,0.002248159999999999,0.002215790000000006
0.892,0.001498,0.001521,0.001535,0.001567,0.001636,0.001668,0.001737,0.001785,0.001997,0.001847,0.001986,0.001997,0.002003,0.002097,0.002168,0.00226,0.002228,0.0020983033333333376,0.0021692033333333294,0.002262770000000006,0.002233586666666669
0.896,0.001497,0.001521,0.001536,0.001568,0.001637,0.00167,0.00174,0.001788,0.001987,0.001848,0.001987,0.002003,0.002007,0.002107,0.002178,0.002275,0.002249,0.0021068533333333363,0.002177703333333339,0.002275430000000012,0.0022509866666666576
0.9,0.001496,0.001521,0.001537,0.001569,0.001637,0.00167,0.001743,0.00179,0.001977,0.001848,0.001986,0.002007,0.002009,0.002115,0.002186,0.002288,0.002269,0.002115679999999994,0.002186586666666675,0.0022896999999999995,0.002273026666666662
0.904,0.001496,0.00152,0.001537,0.001569,0.001636,0.00167,0.001744,0.00179,0.001965,0.001847,0.001983,0.00201,0.002011,0.002121,0.002192,0.002299,0.002288,0.002119126666666667,0.0021900333333333367,0.0022958600000000063,0.0022831799999999945
0.908,0.001495,0.001519,0.001537,0.001569,0.001635,0.001669,0.001743,0.001789,0.001952,0.001845,0.001979,0.002011,0.00201,0.002125,0.002195,0.002307,0.002305,0.002123123333333335,0.002193379999999995,0.0023037066666666624,0.0022992966666666656
0.912,0.001494,0.001518,0.001536,0.001568,0.001633,0.001666,0.001741,0.001787,0.001939,0.001842,0.001975,0.00201,0.002009,0.002128,0.002198,0.002313,0.00232,0.0021255333333333407,0.002195546666666667,0.0023087633333333385,0.0023121899999999935
0.916,0.001493,0.001517,0.001535,0.001567,0.00163,0.001664,0.001738,0.001783,0.001926,0.001838,0.001969,0.002008,0.002007,0.002129,0.002199,0.002317,0.002333,0.0021265700000000056,0.0021965533333333296,0.0023124500000000076,0.0023241599999999983
0.92,0.001493,0.001516,0.001534,0.001565,0.001626,0.00166,0.001734,0.00178,0.001912,0.001834,0.001962,0.002005,0.002004,0.002129,0.002198,0.002319,0.002344,0.002126696666666672,0.002196056666666664,0.0023145866666666654,0.0023340633333333413
0.924,0.001492,0.001514,0.001532,0.001563,0.001622,0.001655,0.001729,0.001775,0.001899,0.001829,0.001954,0.002,0.002,0.002127,0.002196,0.002319,0.002353,0.002123466666666665,0.002192006666666659,0.0023133266666666647,0.002343923333333338
0.928,0.001491,0.001513,0.001531,0.00156,0.001618,0.00165,0.001724,0.001769,0.001886,0.001825,0.001946,0.001994,0.001996,0.002124,0.002192,0.002317,0.002361,0.0021209400000000043,0.0021887100000000017,0.002311990000000007,0.0023523099999999937
0.932,0.001491,0.001512,0.001529,0.001557,0.001614,0.001645,0.001718,0.001763,0.001874,0.00182,0.001938,0.001988,0.001991,0.00212,0.002187,0.002314,0.002367,0.0021141566666666714,0.0021806133333333393,0.0023038500000000057,0.002351693333333337
0.936,0.001491,0.00151,0.001527,0.001555,0.00161,0.00164,0.001712,0.001757,0.001862,0.001816,0.001929,0.001981,0.001985,0.002115,0.002181,0.002309,0.002371,0.0021108066666666613,0.0021764733333333288,0.002302293333333338,0.0023619400000000055
0.94,0.00149,0.001509,0.001525,0.001552,0.001606,0.001635,0.001707,0.001751,0.00185,0.001811,0.001921,0.001975,0.00198,0.002109,0.002175,0.002303,0.002373,0.0021030500000000095,0.0021680200000000014,0.00229256000000001,0.002358253333333329
0.944,0.00149,0.001508,0.001524,0.001549,0.001602,0.001632,0.001701,0.001745,0.001839,0.001807,0.001912,0.001967,0.001975,0.002102,0.002167,0.002296,0.002374,0.002094746666666673,0.002159240000000001,0.0022823133333333334,0.002351979999999994
0.948,0.00149,0.001507,0.001522,0.001547,0.001599,0.001628,0.001695,0.001739,0.001829,0.001802,0.001904,0.001959,0.001969,0.002095,0.00216,0.002288,0.002372,0.0020866833333333347,0.0021502433333333397,0.0022709833333333313,0.0023459366666666705
0.952,0.001491,0.001507,0.001521,0.001545,0.001595,0.001625,0.00169,0.001734,0.001819,0.001798,0.001896,0.001952,0.001964,0.002087,0.002151,0.002278,0.002369,0.0020772799999999965,0.00214026333333334,0.0022606400000000017,0.0023401633333333285
0.956,0.001491,0.001506,0.00152,0.001543,0.001593,0.001622,0.001685,0.001728,0.00181,0.001794,0.001888,0.001944,0.001959,0.00208,0.002142,0.002268,0.002365,0.002074816666666669,0.0021368999999999937,0.002259616666666671,0.002350626666666659
0.96,0.001491,0.001506,0.001519,0.001541,0.00159,0.00162,0.00168,0.001723,0.001802,0.00179,0.001881,0.001936,0.001954,0.002071,0.002133,0.002258,0.002359,0.0020677533333333348,0.0021297933333333384,0.0022517466666666613,0.0023456799999999993
0.964,0.001492,0.001506,0.001518,0.00154,0.001589,0.001617,0.001676,0.001718,0.001794,0.001787,0.001873,0.001929,0.001949,0.002063,0.002124,0.002247,0.002352,0.0020602700000000008,0.002121246666666671,0.002242549999999997,0.0023431333333333395
0.968,0.001493,0.001506,0.001517,0.001538,0.001587,0.001615,0.001672,0.001713,0.001786,0.001784,0.001866,0.001922,0.001944,0.002054,0.002114,0.002235,0.002343,0.0020486733333333323,0.002108316666666664,0.002225973333333327,0.002328483333333327
0.972,0.001494,0.001506,0.001516,0.001537,0.001586,0.001614,0.001668,0.001709,0.001779,0.001781,0.00186,0.001915,0.001939,0.002046,0.002105,0.002224,0.002333,0.002043136666666662,0.0021020700000000075,0.00221876,0.002322529999999998
0.976,0.001495,0.001507,0.001516,0.001537,0.001585,0.001612,0.001665,0.001706,0.001773,0.001778,0.001854,0.001909,0.001934,0.002038,0.002095,0.002212,0.002323,0.002035023333333326,0.0020924066666666665,0.0022063033333333277,0.0023096266666666615
0.98,0.001496,0.001507,0.001516,0.001537,0.001584,0.001611,0.001663,0.001702,0.001767,0.001775,0.001848,0.001903,0.00193,0.00203,0.002086,0.0022,0.002312,0.002025623333333324,0.0020817366666666635,0.002192226666666659,0.002294493333333327
0.984,0.001497,0.001508,0.001517,0.001537,0.001583,0.00161,0.00166,0.001699,0.001761,0.001772,0.001843,0.001897,0.001926,0.002023,0.002077,0.002188,0.0023,0.0020194766666666625,0.002074186666666662,0.002182546666666664,0.0022862966666666643
0.988,0.001498,0.001509,0.001517,0.001537,0.001582,0.00161,0.001658,0.001696,0.001756,0.00177,0.001837,0.001891,0.001922,0.002015,0.002069,0.002177,0.002289,0.0020114966666666617,0.0020658133333333255,0.002170483333333328,0.0022702899999999943
0.992,0.001499,0.001509,0.001517,0.001538,0.001581,0.00161,0.001655,0.001693,0.001751,0.001768,0.001833,0.001886,0.001918,0.002008,0.002061,0.002166,0.002276,0.00200274666666667,0.0020562799999999932,0.002155833333333333,0.0022481533333333268
0.996,0.001501,0.001511,0.001518,0.001539,0.00158,0.001609,0.001654,0.001691,0.001746,0.001766,0.001828,0.001881,0.001915,0.002001,0.002052,0.002154,0.002264,0.0019951066666666645,0.002046840000000004,0.002142559999999996,0.002232513333333335
1.0,0.001503,0.001512,0.001519,0.00154,0.00158,0.001609,0.001652,0.001689,0.001742,0.001765,0.001824,0.001876,0.001911,0.001994,0.002044,0.002144,0.002252,0.0019885333333333364,0.0020381333333333355,0.0021329100000000017,0.0022264700000000025
1.004,0.001505,0.001513,0.00152,0.001541,0.00158,0.00161,0.001651,0.001688,0.001739,0.001763,0.00182,0.001872,0.001908,0.001988,0.002036,0.002133,0.00224,0.0019835333333333293,0.002031853333333332,0.0021241566666666714,0.0022204400000000084
1.008,0.001507,0.001515,0.001521,0.001541,0.00158,0.00161,0.00165,0.001687,0.001735,0.001762,0.001817,0.001867,0.001905,0.001982,0.002029,0.002123,0.002228,0.0019801966666666672,0.002026766666666663,0.002117973333333329,0.0022199333333333374
1.012,0.001509,0.001516,0.001522,0.001541,0.001581,0.001611,0.001649,0.001686,0.001732,0.001761,0.001814,0.001863,0.001903,0.001977,0.002022,0.002113,0.002216,0.0019756866666666693,0.0020207800000000002,0.002110616666666664,0.0022106300000000003
1.016,0.001512,0.001518,0.001523,0.001541,0.001583,0.001612,0.001649,0.001685,0.001729,0.001759,0.001811,0.00186,0.0019,0.001971,0.002015,0.002103,0.002205,0.0019702466666666634,0.0020144633333333286,0.0021017300000000004,0.00220009333333334
1.02,0.001514,0.001519,0.001525,0.001542,0.001583,0.001613,0.001648,0.001684,0.001727,0.001758,0.001808,0.001856,0.001897,0.001966,0.002009,0.002094,0.002193,0.00196341333333334,0.002005709999999998,0.0020881233333333374,0.002183886666666669
1.024,0.001517,0.001521,0.001526,0.001543,0.001584,0.001614,0.001648,0.001684,0.001724,0.001757,0.001805,0.001852,0.001895,0.001961,0.002003,0.002085,0.002182,0.0019608999999999985,0.0020027599999999928,0.002084560000000003,0.002180623333333339
1.028,0.00152,0.001523,0.001528,0.001544,0.001586,0.001615,0.001649,0.001684,0.001722,0.001756,0.001803,0.001849,0.001892,0.001956,0.001996,0.002076,0.002171,0.001954883333333334,0.001994786666666665,0.0020736566666666677,0.0021667600000000024
1.032,0.001523,0.001525,0.001531,0.001546,0.001587,0.001616,0.001649,0.001683,0.001721,0.001755,0.001801,0.001846,0.00189,0.001951,0.00199,0.002067,0.00216,0.0019496633333333329,0.001988600000000002,0.0020649100000000027,0.002155160000000004
1.036,0.001525,0.001527,0.001533,0.001548,0.001588,0.001617,0.00165,0.001683,0.001719,0.001755,0.001799,0.001843,0.001888,0.001946,0.001985,0.002059,0.002149,0.001946200000000002,0.001984970000000004,0.0020591366666666685,0.0021472933333333316
1.04,0.001527,0.001529,0.001536,0.00155,0.00159,0.001619,0.001651,0.001683,0.001718,0.001754,0.001797,0.001841,0.001885,0.001942,0.001979,0.002051,0.002139,0.0019416666666666697,0.0019783133333333342,0.002049993333333344,0.002135490000000001
1.044,0.001529,0.001531,0.001539,0.001552,0.001592,0.00162,0.001651,0.001683,0.001717,0.001754,0.001796,0.001838,0.001883,0.001939,0.001973,0.002043,0.002129,0.00193859000000001,0.001973063333333335,0.0020427933333333416,0.002126310000000003
1.048,0.001531,0.001534,0.001541,0.001554,0.001593,0.001622,0.001652,0.001683,0.001716,0.001753,0.001794,0.001836,0.001881,0.001935,0.001968,0.002035,0.002119,0.0019342066666666765,0.001966803333333339,0.0020338033333333386,0.0021158366666666636
1.052,0.001533,0.001536,0.001542,0.001556,0.001595,0.001623,0.001653,0.001684,0.001716,0.001753,0.001793,0.001834,0.001879,0.001931,0.001962,0.002028,0.002109,0.0019314233333333408,0.0019629000000000066,0.002028849999999999,0.00210793333333334
1.056,0.001535,0.001539,0.001544,0.001558,0.001597,0.001625,0.001654,0.001684,0.001716,0.001753,0.001792,0.001832,0.001877,0.001927,0.001957,0.002021,0.0021,0.0019254266666666735,0.0019546499999999927,0.0020177900000000006,0.0020943533333333307
1.06,0.001538,0.001542,0.001545,0.00156,0.0016,0.001627,0.001655,0.001685,0.001716,0.001753,0.001792,0.00183,0.001875,0.001924,0.001952,0.002014,0.00209,0.0019230866666666672,0.0019509899999999964,0.002011959999999997,0.0020871800000000005
1.064,0.001541,0.001545,0.001547,0.001563,0.001602,0.001628,0.001656,0.001686,0.001716,0.001753,0.001791,0.001828,0.001873,0.00192,0.001947,0.002007,0.002081,0.0019201199999999959,0.0019466599999999968,0.0020067433333333263,0.002080186666666666
1.068,0.001544,0.001549,0.00155,0.001565,0.001605,0.00163,0.001658,0.001687,0.001716,0.001754,0.001791,0.001827,0.001872,0.001918,0.001942,0.002001,0.002072,0.001917303333333327,0.001941573333333331,0.002000136666666663,0.002070576666666666
1.072,0.001546,0.001552,0.001553,0.001567,0.001607,0.001632,0.001659,0.001688,0.001717,0.001754,0.00179,0.001825,0.001871,0.001914,0.001938,0.001994,0.002063,0.0019146433333333379,0.0019383899999999962,0.001994860000000001,0.002063356666666668
1.076,0.001549,0.001555,0.001556,0.00157,0.00161,0.001634,0.001661,0.00169,0.001718,0.001755,0.00179,0.001824,0.00187,0.001912,0.001934,0.001988,0.002054,0.0019120633333333432,0.001933889999999994,0.0019885066666666625,0.0020530166666666667
1.08,0.001552,0.001557,0.001559,0.001572,0.001613,0.001637,0.001663,0.001691,0.00172,0.001756,0.001791,0.001824,0.001869,0.00191,0.00193,0.001982,0.002045,0.0019102500000000063,0.0019309033333333265,0.0019836966666666655,0.0020454366666666658
1.084,0.001555,0.001559,0.001562,0.001575,0.001616,0.001639,0.001664,0.001693,0.001722,0.001758,0.001792,0.001824,0.001869,0.001908,0.001927,0.001976,0.002037,0.0019086033333333412,0.0019277400000000042,0.001977566666666659,0.0020378433333333315
1.088,0.001558,0.001561,0.001565,0.001579,0.001619,0.001642,0.001666,0.001695,0.001724,0.00176,0.001793,0.001823,0.001869,0.001906,0.001924,0.001971,0.002029,0.0019063066666666698,0.0019243099999999998,0.0019715966666666597,0.0020290899999999947
1.092,0.001561,0.001564,0.001568,0.001582,0.001622,0.001645,0.001668,0.001697,0.001727,0.001762,0.001794,0.001824,0.001869,0.001904,0.001921,0.001966,0.002022,0.0019045166666666708,0.0019213099999999988,0.0019664233333333368,0.002020883333333334
1.096,0.001564,0.001567,0.001571,0.001585,0.001625,0.001648,0.001671,0.0017,0.00173,0.001765,0.001796,0.001824,0.00187,0.001903,0.001919,0.001961,0.002014,0.0019031566666666622,0.0019194766666666677,0.0019618833333333286,0.002013603333333332
1.1,0.001567,0.001569,0.001575,0.001588,0.001629,0.001651,0.001673,0.001702,0.001733,0.001768,0.001798,0.001825,0.001871,0.001902,0.001917,0.001957,0.002008,0.0019024333333333325,0.0019173933333333296,0.0019575366666666587,0.0020074466666666693
1.104,0.00157,0.001573,0.001578,0.001591,0.001632,0.001654,0.001676,0.001706,0.001737,0.001771,0.0018,0.001826,0.001872,0.001902,0.001916,0.001953,0.002002,0.001902409999999999,0.0019162666666666598,0.0019540966666666605,0.002002246666666664
1.108,0.001574,0.001576,0.001582,0.001595,0.001636,0.001657,0.00168,0.001709,0.001741,0.001775,0.001803,0.001827,0.001874,0.001902,0.001916,0.00195,0.001996,0.001902123333333332,0.001915933333333327,0.0019505033333333348,0.001995783333333332
1.112,0.001578,0.001579,0.001585,0.001598,0.00164,0.001661,0.001683,0.001712,0.001747,0.001779,0.001806,0.001829,0.001877,0.001902,0.001915,0.001948,0.001991,0.001902293333333333,0.001915229999999997,0.0019482633333333305,0.0019911599999999996
1.116,0.001582,0.001583,0.001589,0.001602,0.001644,0.001665,0.001687,0.001716,0.001752,0.001783,0.00181,0.001832,0.00188,0.001904,0.001916,0.001946,0.001987,0.001904083333333337,0.0019162566666666614,0.001946696666666666,0.0019865166666666644
1.12,0.001587,0.001587,0.001594,0.001605,0.001648,0.001669,0.001691,0.001721,0.001759,0.001789,0.001815,0.001835,0.001884,0.001905,0.001917,0.001945,0.001984,0.0019051933333333357,0.0019169666666666622,0.0019449733333333245,0.00198287333333333
1.124,0.001591,0.001591,0.001598,0.001608,0.001653,0.001674,0.001695,0.001725,0.001766,0.001794,0.00182,0.001839,0.001888,0.001908,0.001919,0.001944,0.001981,0.0019075933333333398,0.0019180200000000007,0.0019434699999999927,0.0019791133333333356
1.128,0.001596,0.001595,0.001602,0.001612,0.001658,0.001678,0.001699,0.00173,0.001773,0.0018,0.001826,0.001844,0.001893,0.001911,0.001921,0.001944,0.00198,0.0019104333333333345,0.0019202333333333333,0.0019439499999999931,0.001978569999999995
1.132,0.001601,0.001599,0.001606,0.001616,0.001663,0.001684,0.001704,0.001736,0.001781,0.001807,0.001832,0.001849,0.001898,0.001914,0.001925,0.001945,0.00198,0.001915680000000005,0.0019271099999999997,0.001948759999999989,0.0019813299999999925
1.136,0.001607,0.001604,0.001611,0.001621,0.001669,0.001689,0.00171,0.001742,0.00179,0.001814,0.00184,0.001854,0.001905,0.001919,0.001929,0.001947,0.00198,0.00192088666666667,0.001931669999999998,0.0019529899999999947,0.0019839899999999928
1.14,0.001613,0.001609,0.001616,0.001626,0.001675,0.001695,0.001716,0.001748,0.001801,0.001823,0.001848,0.001861,0.001912,0.001924,0.001934,0.00195,0.001982,0.0019270299999999993,0.0019367633333333286,0.001957286666666668,0.0019866133333333344
1.144,0.001619,0.001615,0.001622,0.001631,0.001681,0.001701,0.001722,0.001755,0.001812,0.001832,0.001857,0.001868,0.00192,0.001931,0.001941,0.001954,0.001985,0.0019341200000000044,0.0019434300000000038,0.0019611600000000065,0.0019888400000000043
1.148,0.001625,0.00162,0.001628,0.001637,0.001688,0.001708,0.001729,0.001763,0.001825,0.001842,0.001867,0.001876,0.001929,0.001938,0.001948,0.001958,0.001988,0.0019417833333333313,0.0019505966666666652,0.0019659466666666716,0.0019917833333333306
1.152,0.001632,0.001626,0.001634,0.001643,0.001696,0.001715,0.001737,0.001772,0.001838,0.001853,0.001877,0.001884,0.001939,0.001946,0.001956,0.001964,0.001993,0.0019514766666666682,0.001961460000000001,0.0019756733333333365,0.0020010400000000056
1.156,0.00164,0.001633,0.001641,0.00165,0.001704,0.001723,0.001745,0.001782,0.001853,0.001865,0.001889,0.001894,0.001951,0.001955,0.001965,0.00197,0.001999,0.0019634700000000006,0.0019721433333333314,0.001986793333333343,0.0020128933333333236
1.16,0.001648,0.00164,0.001648,0.001657,0.001713,0.001732,0.001754,0.001793,0.001868,0.001879,0.001901,0.001905,0.001964,0.001965,0.001975,0.001978,0.002007,0.0019711733333333294,0.001980999999999996,0.0019922733333333337,0.0020183533333333263
1.164,0.001657,0.001647,0.001655,0.001665,0.001723,0.001742,0.001764,0.001805,0.001885,0.001893,0.001915,0.001917,0.001977,0.001976,0.001986,0.001987,0.002016,0.0019817566666666593,0.001991436666666666,0.002003163333333331,0.0020273600000000032
1.168,0.001666,0.001655,0.001663,0.001673,0.001734,0.001753,0.001774,0.001818,0.001903,0.001908,0.00193,0.00193,0.001992,0.001988,0.001999,0.001997,0.002025,0.001993069999999994,0.0020038499999999906,0.0020119633333333426,0.0020371200000000064
1.172,0.001676,0.001664,0.001672,0.001682,0.001745,0.001764,0.001786,0.001832,0.001921,0.001925,0.001945,0.001943,0.002008,0.002002,0.002012,0.002007,0.002036,0.002005829999999996,0.002016916666666672,0.002022443333333327,0.0020492266666666684
1.176,0.001687,0.001673,0.001681,0.001692,0.001757,0.001776,0.001798,0.001847,0.001941,0.001942,0.001962,0.001958,0.002024,0.002016,0.002027,0.002019,0.002049,0.0020224300000000056,0.002036066666666667,0.0020412733333333285,0.002066666666666669
1.18,0.001699,0.001682,0.001691,0.001702,0.00177,0.001789,0.001812,0.001863,0.001962,0.001961,0.00198,0.001974,0.002042,0.002032,0.002043,0.002032,0.002062,0.0020404599999999996,0.002053903333333339,0.0020596133333333345,0.002086430000000005
1.184,0.001712,0.001693,0.001701,0.001714,0.001784,0.001803,0.001827,0.001881,0.001984,0.001981,0.002,0.001991,0.002062,0.002049,0.00206,0.002047,0.002077,0.0020677200000000016,0.002081476666666665,0.0020956566666666724,0.00212657333333333
1.188,0.001725,0.001704,0.001713,0.001726,0.001799,0.001818,0.001843,0.001899,0.002007,0.002002,0.00202,0.00201,0.002082,0.002067,0.002079,0.002062,0.002094,0.002074500000000004,0.002087483333333338,0.002084006666666672,0.0021156333333333358
1.192,0.001739,0.001717,0.001725,0.001739,0.001814,0.001834,0.001859,0.001917,0.002031,0.002023,0.002041,0.002029,0.002103,0.002086,0.002098,0.002079,0.002111,0.0020963000000000006,0.0021091466666666703,0.0021053866666666744,0.0021391833333333243
1.196,0.001754,0.00173,0.001738,0.001752,0.001831,0.001851,0.001877,0.001937,0.002055,0.002046,0.002062,0.00205,0.002125,0.002106,0.002118,0.002096,0.00213,0.0021137633333333395,0.0021269966666666645,0.0021202466666666625,0.002151626666666666
1.2,0.001769,0.001743,0.001751,0.001767,0.001848,0.001869,0.001895,0.001957,0.002079,0.002069,0.002085,0.002071,0.002148,0.002126,0.002139,0.002114,0.002149,0.0021379033333333323,0.0021544066666666674,0.0021562033333333277,0.0021882799999999964
1.204,0.001784,0.001757,0.001766,0.001782,0.001866,0.001888,0.001914,0.001978,0.002104,0.002093,0.002107,0.002093,0.002171,0.002148,0.00216,0.002133,0.00217,0.00216703666666667,0.002182950000000006,0.002181406666666674,0.0022102566666666696
1.208,0.0018,0.001772,0.001782,0.001798,0.001885,0.001907,0.001934,0.002,0.002129,0.002117,0.002131,0.002116,0.002196,0.002171,0.002182,0.002154,0.002191,0.0021895500000000006,0.0022045233333333387,0.0021998233333333284,0.0022291666666666736
1.212,0.001816,0.001788,0.001798,0.001815,0.001904,0.001927,0.001955,0.002023,0.002154,0.002142,0.002155,0.00214,0.002221,0.002194,0.002205,0.002175,0.002214,0.0022131866666666657,0.002228236666666674,0.0022236133333333355,0.0022557900000000053
1.216,0.001833,0.001805,0.001815,0.001833,0.001923,0.001948,0.001976,0.002046,0.00218,0.002167,0.00218,0.002164,0.002246,0.002218,0.002229,0.002197,0.002237,0.002237110000000008,0.0022531933333333368,0.0022503366666666693,0.0022826100000000035
1.22,0.00185,0.001823,0.001832,0.001851,0.001944,0.00197,0.001999,0.00207,0.002206,0.002193,0.002204,0.002189,0.002272,0.002242,0.002253,0.00222,0.002261,0.0022594566666666637,0.0022767366666666578,0.002270620000000001,0.00230673333333333
1.224,0.001868,0.001841,0.00185,0.00187,0.001966,0.001992,0.002021,0.002094,0.002232,0.002218,0.002229,0.002214,0.002298,0.002267,0.002277,0.002243,0.002286,0.002286163333333339,0.002303559999999991,0.0022960399999999966,0.0023347633333333376
1.228,0.001887,0.00186,0.001869,0.001889,0.001987,0.002014,0.002044,0.002118,0.002258,0.002244,0.002254,0.002239,0.002324,0.002292,0.002302,0.002266,0.00231,0.0023062866666666636,0.002321733333333344,0.002307479999999995,0.0023468566666666702
1.232,0.001906,0.001878,0.001888,0.001909,0.00201,0.002037,0.002067,0.002143,0.002285,0.00227,0.00228,0.002264,0.002349,0.002318,0.002326,0.00229,0.002335,0.0023351266666666697,0.0023487733333333407,0.0023372033333333374,0.0023775499999999904
1.236,0.001926,0.001898,0.001907,0.001929,0.002033,0.00206,0.002088,0.002168,0.002311,0.002296,0.002305,0.00229,0.002375,0.002343,0.002351,0.002314,0.002361,0.00236191666666666,0.002375913333333329,0.002365963333333336,0.002405723333333322
1.24,0.001946,0.001917,0.001927,0.00195,0.002056,0.002084,0.002105,0.002194,0.002338,0.002323,0.00233,0.002315,0.002401,0.002369,0.002376,0.002338,0.002386,0.0023911199999999935,0.002405436666666672,0.0023989666666666587,0.002438193333333332
1.244,0.001967,0.001937,0.001948,0.001972,0.002079,0.002108,0.002121,0.002219,0.002364,0.00235,0.002356,0.002342,0.002427,0.002394,0.002401,0.002363,0.002411,0.0024115700000000018,0.002422916666666661,0.002408636666666668,0.0024526633333333435
1.248,0.001988,0.001958,0.001969,0.001993,0.002103,0.002132,0.002139,0.002245,0.002391,0.002377,0.002382,0.002368,0.002453,0.002421,0.002426,0.002388,0.002437,0.002429670000000004,0.0024386300000000037,0.002417903333333321,0.002459010000000011
1.252,0.00201,0.001978,0.00199,0.002015,0.002127,0.002156,0.00216,0.002271,0.002417,0.002404,0.002408,0.002394,0.002478,0.002447,0.002451,0.002414,0.002463,0.002465449999999991,0.0024744099999999933,0.0024575900000000117,0.002495889999999997
1.256,0.002031,0.001999,0.002012,0.002037,0.00215,0.002181,0.002186,0.002297,0.002442,0.00243,0.002433,0.00242,0.002504,0.002473,0.002476,0.002439,0.002488,0.0024890699999999904,0.0024964600000000003,0.0024770900000000017,0.002516230000000004
1.26,0.002052,0.002021,0.002035,0.00206,0.002175,0.002206,0.002212,0.002324,0.002468,0.002457,0.002458,0.002446,0.002528,0.002498,0.002501,0.002464,0.002513,0.0025217366666666673,0.002532229999999988,0.002527553333333342,0.0025619733333333275
1.264,0.002074,0.002042,0.002057,0.002083,0.002199,0.002231,0.002239,0.002351,0.002492,0.002482,0.002482,0.002472,0.002553,0.002523,0.002525,0.002489,0.002538,0.0025434366666666776,0.0025514166666666684,0.002538566666666661,0.00257889333333334
1.268,0.002095,0.002064,0.002079,0.002106,0.002223,0.002256,0.002265,0.002377,0.002517,0.002507,0.002506,0.002497,0.002578,0.002548,0.00255,0.002513,0.002564,0.0025650833333333315,0.0025727000000000124,0.0025567133333333275,0.0025986566666666706
1.272,0.002117,0.002085,0.002101,0.002129,0.002248,0.002281,0.002292,0.002403,0.002543,0.002532,0.00253,0.002521,0.002603,0.002573,0.002575,0.002537,0.00259,0.0025910333333333422,0.002600586666666667,0.0025893866666666723,0.002630239999999992
1.276,0.002138,0.002106,0.002123,0.002152,0.002273,0.002305,0.002319,0.002428,0.002569,0.002557,0.002554,0.002546,0.002628,0.002598,0.002599,0.002562,0.002616,0.0026169733333333283,0.0026269566666666747,0.0026173433333333248,0.0026587833333333224
1.28,0.00216,0.002128,0.002146,0.002176,0.002298,0.00233,0.002345,0.002453,0.002595,0.002582,0.002579,0.002571,0.002653,0.002623,0.002624,0.002588,0.002641,0.002644843333333337,0.0026547933333333266,0.002644870000000004,0.0026906700000000013
1.284,0.002182,0.002153,0.00217,0.0022,0.002323,0.002355,0.002372,0.002477,0.00262,0.002608,0.002603,0.002597,0.002678,0.002648,0.002649,0.002613,0.002666,0.0026711399999999933,0.0026800900000000048,0.002670803333333324,0.0027159799999999876
1.288,0.002204,0.002172,0.002193,0.002224,0.002348,0.00238,0.002398,0.002501,0.002644,0.002633,0.002627,0.002622,0.002701,0.002673,0.002672,0.002638,0.00269,0.0026924600000000063,0.0026985066666666696,0.002685006666666672,0.0027321599999999948
1.292,0.002225,0.002183,0.002217,0.002248,0.002372,0.002404,0.002423,0.002526,0.002667,0.002657,0.00265,0.002646,0.002725,0.002696,0.002695,0.002662,0.002714,0.0027110866666666717,0.002715866666666667,0.002699523333333349,0.0027457199999999945
1.296,0.002246,0.002191,0.00224,0.002271,0.002396,0.002428,0.002448,0.002551,0.00269,0.002681,0.002672,0.002669,0.002748,0.002719,0.002718,0.002685,0.002737,0.002737810000000013,0.002743566666666663,0.002731156666666676,0.0027764033333333264
1.3,0.002267,0.002198,0.002263,0.002295,0.002419,0.002451,0.002472,0.002577,0.002713,0.002704,0.002694,0.002692,0.00277,0.002742,0.00274,0.002708,0.00276,0.0027613566666666767,0.0027648166666666596,0.0027536900000000096,0.0027991433333333276
1.304,0.002287,0.002212,0.002286,0.002318,0.002442,0.002474,0.002496,0.002601,0.002735,0.002726,0.002715,0.002714,0.002792,0.002764,0.002762,0.00273,0.002782,0.002779786666666661,0.002782400000000005,0.002769930000000005,0.0028166833333333223
1.308,0.002307,0.002235,0.002309,0.002341,0.002465,0.002498,0.002522,0.002625,0.002757,0.002748,0.002737,0.002737,0.002814,0.002786,0.002783,0.002753,0.002804,0.002802843333333322,0.0028056533333333266,0.002795216666666669,0.0028413099999999997
1.312,0.002327,0.002259,0.002331,0.002363,0.002488,0.002522,0.002547,0.002647,0.002779,0.00277,0.002758,0.002759,0.002835,0.002808,0.002804,0.002774,0.002826,0.0028238966666666713,0.002825626666666669,0.0028139266666666806,0.00285971333333333
1.316,0.002348,0.002281,0.002353,0.002385,0.002513,0.002546,0.002571,0.002669,0.002801,0.002792,0.002779,0.00278,0.002856,0.002829,0.002825,0.002795,0.002848,0.002846619999999996,0.002850509999999994,0.0028421299999999974,0.002887093333333326
1.32,0.00237,0.002303,0.002374,0.002408,0.002537,0.002569,0.002595,0.002691,0.002823,0.002813,0.0028,0.002801,0.0028770000000000002,0.00285,0.002845,0.002816,0.002869,0.0028685033333333393,0.0028712099999999925,0.0028667533333333406,0.002911420000000005
1.324,0.002399,0.002325,0.002396,0.002431,0.002561,0.002592,0.002617,0.002714,0.002845,0.002835,0.00282,0.002822,0.002897,0.002871,0.002865,0.002837,0.002889,0.002890863333333326,0.0028934066666666688,0.002889796666666658,0.0029370433333333382
1.328,0.00241,0.002346,0.002419,0.002455,0.002583,0.002613,0.002639,0.002735,0.002866,0.002856,0.002841,0.002842,0.002917,0.002891,0.002884,0.002857,0.002909,0.0029045199999999907,0.0029036866666666645,0.0028926933333333336,0.0029373066666666787
1.332,0.002408,0.002368,0.002443,0.002479,0.002604,0.002635,0.002661,0.002757,0.002887,0.002876,0.00286,0.002863,0.002937,0.002911,0.002903,0.0028770000000000002,0.002929,0.0029285266666666627,0.002928333333333328,0.00292387000000001,0.0029692433333333244
1.336,0.002401,0.002392,0.002466,0.002501,0.002626,0.002656,0.002682,0.002778,0.002908,0.002896,0.00288,0.002883,0.002956,0.00293,0.002922,0.002896,0.002948,0.002947123333333328,0.002947209999999993,0.002943043333333338,0.0029887999999999902
1.34,0.002398,0.002416,0.002488,0.002522,0.002647,0.002677,0.002704,0.002799,0.002929,0.002916,0.002899,0.002902,0.002976,0.00295,0.00294,0.002915,0.002967,0.0029612266666666706,0.0029578033333333446,0.002948570000000001,0.002994066666666679
1.344,0.002405,0.002438,0.002508,0.002543,0.002668,0.002698,0.002725,0.00282,0.00295,0.002936,0.002919,0.002922,0.002995,0.002969,0.002959,0.002934,0.002986,0.0029840400000000016,0.0029821333333333424,0.0029784299999999976,0.003026690000000013
1.348,0.00243,0.002459,0.002527,0.002565,0.00269,0.002719,0.002747,0.002841,0.002971,0.002957,0.002939,0.002941,0.003015,0.002989,0.002977,0.002953,0.003005,0.003002673333333343,0.002998370000000006,0.0029896733333333236,0.0030375200000000106
1.352,0.00245,0.002479,0.002548,0.002586,0.002711,0.00274,0.002768,0.002861,0.002993,0.002977,0.002958,0.00296,0.003034,0.003008,0.002996,0.002972,0.003024,0.003026153333333343,0.0030259400000000004,0.0030250099999999877,0.003071363333333348
1.356,0.00247,0.002498,0.002568,0.002607,0.002732,0.002761,0.002789,0.002882,0.003014,0.002998,0.002978,0.00298,0.003054,0.003027,0.003015,0.002991,0.003043,0.003044703333333337,0.0030431699999999935,0.0030420599999999905,0.0030902633333333433
1.36,0.00249,0.002519,0.002589,0.002628,0.002753,0.002782,0.002811,0.002902,0.003035,0.003018,0.002998,0.002999,0.003073,0.003047,0.003033,0.00301,0.003062,0.003064710000000012,0.003060819999999988,0.003060589999999988,0.003113230000000007
1.364,0.00251,0.002539,0.002609,0.002649,0.002774,0.002803,0.002832,0.002923,0.003056,0.003038,0.003018,0.003019,0.003092,0.003066,0.003052,0.003028,0.003081,0.0030847966666666757,0.003081746666666679,0.0030812133333333355,0.003132390000000001
1.368,0.00253,0.002558,0.00263,0.00267,0.002794,0.002824,0.002852,0.002943,0.003077,0.003059,0.003037,0.003038,0.003111,0.003086,0.003071,0.003047,0.0031,0.0030956200000000094,0.0030879866666666785,0.003078933333333341,0.0031268366666666616
1.372,0.00255,0.002578,0.00265,0.002691,0.002815,0.002844,0.002872,0.002964,0.003099,0.003079,0.003057,0.003058,0.00313,0.003105,0.003089,0.003065,0.003118,0.0031093533333333492,0.0030980500000000076,0.0030825633333333258,0.003130273333333318
1.376,0.00257,0.002598,0.00267,0.002711,0.002835,0.002865,0.002893,0.002984,0.00312,0.003099,0.003076,0.003078,0.003149,0.003125,0.003108,0.003084,0.003137,0.003135043333333346,0.003127553333333334,0.003119446666666655,0.0031658933333333166
1.38,0.00259,0.002617,0.00269,0.002732,0.002855,0.002885,0.002913,0.003005,0.003142,0.00312,0.003096,0.003098,0.003169,0.003145,0.003127,0.003103,0.003156,0.0031581466666666573,0.003150879999999993,0.003147739999999991,0.0031928966666666765
1.384,0.00261,0.002637,0.00271,0.002753,0.002875,0.002905,0.002933,0.003026,0.003164,0.00314,0.003117,0.003118,0.003188,0.003164,0.003146,0.003122,0.003175,0.0031789433333333224,0.003172546666666656,0.003171566666666657,0.0032163400000000094
1.388,0.002631,0.002657,0.00273,0.002774,0.002896,0.002926,0.002953,0.003047,0.003186,0.003162,0.003137,0.003137,0.003209,0.003185,0.003166,0.003141,0.003195,0.0031992999999999948,0.0031913199999999992,0.003186903333333321,0.0032349399999999865
1.392,0.002651,0.002676,0.00275,0.002794,0.002917,0.002947,0.002973,0.003068,0.003208,0.003183,0.003158,0.003157,0.003229,0.003205,0.003185,0.00316,0.003214,0.0032223300000000068,0.003217083333333331,0.00321754666666668,0.0032667366666666755
1.396,0.002672,0.002696,0.00277,0.002814,0.002937,0.002968,0.002994,0.00309,0.00323,0.003204,0.003178,0.003177,0.003249,0.003225,0.003205,0.00318,0.003234,0.0032377833333333416,0.0032281400000000087,0.0032209366666666565,0.003266226666666656
1.4,0.002692,0.002715,0.002789,0.002834,0.002958,0.002989,0.003015,0.003111,0.003252,0.003225,0.003199,0.003197,0.00327,0.003245,0.003225,0.003199,0.003254,0.00325899333333335,0.003251226666666676,0.0032429299999999837,0.0032884799999999886
1.404,0.002712,0.002735,0.002809,0.002855,0.002978,0.003009,0.003036,0.003132,0.003275,0.003247,0.00322,0.003218,0.00329,0.003264,0.003244,0.003219,0.003273,0.003280770000000014,0.0032742466666666765,0.003273779999999992,0.0033163133333333245
1.408,0.002733,0.002754,0.002829,0.002875,0.002998,0.00303,0.003058,0.003154,0.003298,0.003268,0.003241,0.003238,0.003311,0.003284,0.003264,0.003239,0.003293,0.0032974366666666598,0.003288116666666678,0.003282046666666663,0.0033278733333333282
1.412,0.002753,0.002773,0.002849,0.002896,0.003019,0.003051,0.003079,0.003175,0.003321,0.00329,0.003262,0.003259,0.003332,0.003305,0.003285,0.003259,0.003314,0.003322280000000001,0.0033172533333333284,0.0033159066666666724,0.003361213333333343
1.416,0.002774,0.002792,0.002868,0.002916,0.00304,0.003072,0.003101,0.003197,0.003344,0.003312,0.003284,0.00328,0.003353,0.003325,0.003306,0.003279,0.003334,0.0033441433333333435,0.0033383633333333405,0.003337076666666674,0.003386569999999987
1.42,0.002794,0.002812,0.002889,0.002937,0.003061,0.003094,0.003123,0.003219,0.003367,0.003334,0.003306,0.003302,0.003375,0.003346,0.003326,0.0033,0.003355,0.0033588366666666572,0.003347130000000016,0.0033379066666666597,0.003389703333333333
1.424,0.002815,0.002832,0.002909,0.002957,0.003082,0.003115,0.003144,0.003241,0.003391,0.003356,0.003327,0.003323,0.003397,0.003367,0.003347,0.00332,0.003376,0.0033756000000000007,0.0033629399999999966,0.0033491899999999936,0.003399096666666678
1.428,0.002836,0.002852,0.002929,0.002978,0.003103,0.003136,0.003167,0.003263,0.003415,0.003379,0.003349,0.003345,0.00342,0.003389,0.003368,0.003341,0.003396,0.0033981899999999906,0.0033848300000000075,0.003372110000000009,0.00342057999999999
1.432,0.002857,0.002872,0.002949,0.002999,0.003124,0.003158,0.003189,0.003286,0.003439,0.003402,0.00337,0.003367,0.003442,0.003411,0.003389,0.003362,0.003418,0.0034220266666666822,0.00340941999999999,0.003398216666666657,0.003450166666666669
1.436,0.002878,0.002892,0.00297,0.00302,0.003145,0.00318,0.003211,0.003308,0.003463,0.003425,0.003393,0.003389,0.003464,0.003433,0.00341,0.003383,0.003439,0.0034461566666666756,0.0034333766666666743,0.0034229700000000082,0.003474263333333328
1.44,0.002899,0.002912,0.00299,0.003041,0.003167,0.003201,0.003232,0.003331,0.003487,0.003448,0.003416,0.003412,0.003487,0.003455,0.003432,0.003404,0.00346,0.0034700266666666643,0.003459970000000001,0.0034566433333333246,0.0035084233333333398
1.444,0.002921,0.002932,0.003011,0.003062,0.003189,0.003223,0.003254,0.003353,0.003511,0.003471,0.00344,0.003435,0.003509,0.003477,0.003454,0.003426,0.003482,0.0034924099999999857,0.0034812399999999905,0.0034746700000000065,0.003527496666666662
1.448,0.002942,0.002952,0.003032,0.003084,0.003211,0.003246,0.003276,0.003376,0.003535,0.003493,0.003462,0.003458,0.003532,0.0035,0.003476,0.003448,0.003504,0.003516159999999986,0.003505316666666675,0.0035016066666666663,0.0035540133333333192
1.452,0.002964,0.002973,0.003053,0.003105,0.003233,0.003268,0.003298,0.0034,0.00356,0.003517,0.003486,0.003481,0.003555,0.003523,0.003498,0.00347,0.003527,0.003537463333333348,0.0035239766666666653,0.003519076666666657,0.003574703333333322
1.456,0.002986,0.002994,0.003074,0.003127,0.003255,0.003291,0.00332,0.003423,0.003584,0.00354,0.003509,0.003505,0.003578,0.003546,0.00352,0.003492,0.003549,0.0035588333333333505,0.0035425566666666586,0.0035374800000000164,0.003590633333333341
1.46,0.003008,0.003015,0.003095,0.003149,0.003277,0.003313,0.003344,0.003447,0.003608,0.003563,0.003533,0.003528,0.0036,0.003569,0.003542,0.003515,0.003571,0.003579380000000009,0.0035620000000000066,0.0035537733333333454,0.003605043333333328
1.464,0.00303,0.003036,0.003117,0.003171,0.0033,0.003336,0.003366,0.00347,0.003633,0.003587,0.003556,0.003552,0.003623,0.003592,0.003565,0.003537,0.003594,0.0036028466666666783,0.003585703333333347,0.0035777566666666725,0.0036271833333333297
1.468,0.003051,0.003057,0.003138,0.003193,0.003323,0.003359,0.00339,0.003494,0.003658,0.003611,0.003579,0.003575,0.003647,0.003615,0.003588,0.00356,0.003617,0.003627896666666669,0.0036100366666666703,0.003602183333333339,0.0036537066666666564
1.472,0.003073,0.003079,0.00316,0.003214,0.003346,0.003383,0.003414,0.003517,0.003683,0.003634,0.003603,0.003598,0.00367,0.003639,0.003611,0.003583,0.00364,0.003650366666666649,0.0036323500000000103,0.0036235899999999964,0.003674799999999993
1.476,0.003096,0.0031,0.003181,0.003237,0.003369,0.003406,0.003437,0.003541,0.003708,0.003659,0.003627,0.003622,0.003694,0.003663,0.003634,0.003606,0.003664,0.003671823333333325,0.0036500866666666736,0.0036380333333333333,0.0036842199999999907
1.48,0.003118,0.003121,0.003203,0.003259,0.003392,0.00343,0.00346,0.003566,0.003732,0.003683,0.003651,0.003646,0.003718,0.003686,0.003657,0.003629,0.003687,0.0036915299999999984,0.0036702866666666794,0.003655506666666671,0.0037000099999999966
1.484,0.00314,0.003144,0.003225,0.003281,0.003416,0.003454,0.003484,0.00359,0.003757,0.003707,0.003675,0.00367,0.003741,0.00371,0.003681,0.003653,0.003711,0.0037134733333333363,0.0036932400000000156,0.003681080000000002,0.003722960000000009
1.488,0.003163,0.003165,0.003247,0.003304,0.003439,0.003477,0.003508,0.003615,0.003782,0.003731,0.0037,0.003695,0.003765,0.003734,0.003705,0.003677,0.003734,0.0037445066666666658,0.003722619999999995,0.0037148733333333367,0.0037544266666666667
1.492,0.003186,0.003186,0.00327,0.003326,0.003463,0.003501,0.003532,0.003639,0.003807,0.003756,0.003724,0.003719,0.003788,0.003758,0.003728,0.003701,0.003758,0.0037598133333333356,0.0037352099999999827,0.0037181066666666512,0.003763360000000007
1.496,0.003208,0.003208,0.003292,0.003349,0.003487,0.003525,0.003556,0.003663,0.003831,0.00378,0.003748,0.003743,0.003811,0.003782,0.003752,0.003725,0.003781,0.003785533333333317,0.003760513333333319,0.00374485333333332,0.003788980000000011
1.5,0.003231,0.003229,0.003314,0.003372,0.003511,0.003549,0.00358,0.003687,0.003856,0.003804,0.003772,0.003767,0.003834,0.003805,0.003775,0.003749,0.003805,0.0038092666666666554,0.0037855899999999915,0.003775066666666665,0.003812026666666661
