Voltage,1,2,3,5,10,15,20,25,30,40,50,60,80,100,120,200,250,100_pred,120_pred,200_pred,250_pred
-0.996,0.001628,0.001676,0.001736,0.001778,0.001886,0.001933,0.001941,0.00191,0.001894,0.00186,0.001859,0.001859,0.001874,0.001871,0.001859,0.001818,0.001783,0.0018730733333333354,0.0018623333333333358,0.0018283799999999943,0.0017956966666666623
-0.992,0.001618,0.001663,0.001723,0.001767,0.001872,0.00192,0.001928,0.0019,0.001883,0.001852,0.001845,0.001846,0.001862,0.001859,0.001845,0.001809,0.001775,0.0018617033333333376,0.0018489333333333302,0.0018156366666666661,0.0017828733333333392
-0.988,0.001605,0.00164,0.001712,0.001755,0.001859,0.001908,0.001916,0.001886,0.001868,0.001836,0.001831,0.001833,0.001844,0.001842,0.001835,0.001791,0.001756,0.0018449000000000046,0.0018366433333333288,0.0017996766666666596,0.0017665966666666614
-0.984,0.001593,0.001642,0.001702,0.001744,0.001848,0.001896,0.001905,0.001875,0.001856,0.001823,0.001819,0.001819,0.001833,0.00183,0.001818,0.00178,0.001742,0.0018330833333333317,0.001822203333333327,0.0017869799999999999,0.0017520233333333391
-0.98,0.001585,0.001632,0.001692,0.001735,0.001838,0.001886,0.001895,0.001865,0.001848,0.001816,0.001806,0.001808,0.001824,0.001818,0.001808,0.001766,0.001732,0.0018230899999999936,0.0018130399999999932,0.001775466666666664,0.0017407833333333382
-0.976,0.001577,0.001623,0.001691,0.001726,0.001831,0.001877,0.001885,0.001858,0.001837,0.001803,0.001798,0.0018,0.001812,0.001806,0.001796,0.001757,0.001719,0.001809993333333324,0.0018004666666666717,0.0017627566666666705,0.0017264333333333426
-0.972,0.001569,0.001614,0.001678,0.001719,0.001821,0.001868,0.001877,0.00185,0.001829,0.001794,0.001787,0.001789,0.001803,0.001801,0.001789,0.001746,0.001714,0.0018030966666666667,0.0017928300000000011,0.0017522633333333412,0.001718616666666664
-0.968,0.001562,0.001607,0.001671,0.001714,0.001812,0.00186,0.001869,0.001842,0.001822,0.001787,0.001779,0.001782,0.001795,0.00179,0.001777,0.001736,0.001701,0.0017930400000000046,0.001781743333333327,0.0017417500000000048,0.0017053933333333333
-0.964,0.001555,0.001601,0.001662,0.001708,0.001805,0.001854,0.001863,0.001836,0.001815,0.001781,0.001772,0.001774,0.00179,0.001784,0.001778,0.001732,0.001696,0.00178634666666667,0.001779346666666665,0.001736380000000006,0.0017005299999999926
-0.96,0.001548,0.001596,0.001623,0.001702,0.001799,0.001847,0.001857,0.00183,0.001808,0.00177,0.001764,0.001768,0.001783,0.001775,0.001768,0.001723,0.00169,0.001777746666666674,0.001770846666666663,0.0017275166666666614,0.0016938600000000051
-0.956,0.001543,0.001592,0.001639,0.001697,0.001794,0.001841,0.00185,0.001824,0.001803,0.001766,0.001761,0.00176,0.001778,0.001771,0.001765,0.001717,0.001681,0.001772106666666673,0.0017659833333333375,0.0017206433333333397,0.0016842199999999956
-0.952,0.001538,0.001587,0.001643,0.001692,0.001788,0.001835,0.001848,0.001819,0.001799,0.001758,0.001754,0.001757,0.001773,0.001765,0.001756,0.001714,0.00165,0.0017667766666666699,0.001758533333333329,0.0017167733333333312,0.0016632299999999964
-0.948,0.001535,0.001584,0.001636,0.001688,0.001783,0.001831,0.001841,0.001816,0.001796,0.001752,0.001749,0.001751,0.001768,0.001762,0.00175,0.001711,0.001677,0.0017628533333333334,0.0017524599999999935,0.001712706666666672,0.0016743266666666631
-0.944,0.00153,0.001582,0.001638,0.001684,0.001777,0.001826,0.001836,0.001813,0.001792,0.001751,0.001746,0.001747,0.001763,0.001758,0.001746,0.001706,0.001692,0.0017586699999999958,0.0017476066666666738,0.001707869999999998,0.0016833900000000073
-0.94,0.001527,0.001576,0.001639,0.001682,0.001774,0.001822,0.001831,0.00181,0.001788,0.001748,0.001742,0.001746,0.00176,0.001754,0.001744,0.001702,0.001662,0.0017539999999999956,0.0017442366666666738,0.0017030166666666612,0.0016554633333333336
-0.936,0.001523,0.001575,0.001634,0.001679,0.001771,0.001818,0.001828,0.001807,0.001786,0.001742,0.001739,0.001742,0.001759,0.001751,0.001742,0.0017,0.001622,0.0017515133333333337,0.001742056666666674,0.001701033333333328,0.001636683333333339
-0.932,0.001521,0.001572,0.00163,0.001675,0.001767,0.001816,0.001826,0.001804,0.001784,0.001741,0.001738,0.001741,0.001756,0.001746,0.001738,0.001699,0.001684,0.001747643333333341,0.0017389133333333398,0.001699720000000003,0.0016714900000000046
-0.928,0.001519,0.001571,0.001633,0.001673,0.001765,0.001812,0.001823,0.001804,0.001781,0.001736,0.001735,0.001737,0.001757,0.001747,0.001739,0.001695,0.001663,0.0017473966666666692,0.0017387633333333322,0.0016966266666666688,0.0016640500000000085
-0.924,0.001518,0.001568,0.00163,0.001669,0.001762,0.00181,0.001819,0.001801,0.001779,0.001739,0.001732,0.001738,0.001753,0.001744,0.001736,0.001697,0.001671,0.0017451066666666726,0.001736010000000003,0.0016963100000000023,0.0016684999999999972
-0.92,0.001515,0.001568,0.001625,0.001672,0.00176,0.001808,0.001819,0.001801,0.001779,0.001738,0.00173,0.001734,0.00175,0.001747,0.001734,0.00169,0.001665,0.0017465033333333353,0.001734150000000007,0.0016918133333333407,0.0016638800000000104
-0.916,0.001512,0.001565,0.001622,0.001671,0.001758,0.001807,0.001816,0.001799,0.001777,0.001733,0.001729,0.001735,0.001751,0.001746,0.001731,0.001695,0.001665,0.0017455633333333428,0.0017316899999999973,0.0016944533333333345,0.0016607700000000113
-0.912,0.001512,0.001566,0.001622,0.001664,0.001757,0.001805,0.001813,0.001799,0.001778,0.001735,0.001729,0.001732,0.001752,0.001741,0.001732,0.00169,0.001653,0.0017427099999999984,0.0017321266666666699,0.0016915733333333412,0.0016556533333333396
-0.908,0.00151,0.001565,0.001622,0.001665,0.001756,0.001803,0.001812,0.001798,0.001776,0.001734,0.001727,0.001734,0.001751,0.001745,0.00173,0.001692,0.001653,0.0017449966666666676,0.0017313800000000024,0.00169263333333334,0.0016501866666666712
-0.904,0.001508,0.001562,0.001621,0.001667,0.001754,0.001802,0.001811,0.001799,0.001776,0.001733,0.001729,0.001733,0.00175,0.001742,0.001733,0.001694,0.001649,0.0017443966666666744,0.0017343399999999957,0.0016966833333333234,0.0016500066666666723
-0.9,0.001516,0.001563,0.001625,0.001667,0.001755,0.001802,0.001811,0.001798,0.001778,0.001733,0.001729,0.001736,0.001752,0.001747,0.001733,0.001695,0.001665,0.0017460300000000039,0.0017333399999999958,0.0016949199999999993,0.0016607500000000112
-0.896,0.001508,0.001564,0.001622,0.001668,0.001754,0.001801,0.001811,0.001801,0.00178,0.001733,0.001727,0.001735,0.001751,0.001746,0.001735,0.001694,0.001627,0.0017459533333333429,0.0017346933333333284,0.001694273333333324,0.001636543333333331
-0.892,0.001512,0.001564,0.001637,0.001668,0.001754,0.001801,0.00181,0.001802,0.001781,0.001735,0.001731,0.001738,0.001752,0.001746,0.001736,0.001696,0.001655,0.001746156666666677,0.0017361600000000013,0.001696176666666658,0.0016547000000000046
-0.888,0.001512,0.001567,0.001624,0.001667,0.001755,0.001802,0.001811,0.001803,0.001782,0.001736,0.001731,0.001738,0.001753,0.001746,0.001738,0.001698,0.00167,0.0017459266666666766,0.0017369166666666713,0.001696903333333326,0.001664883333333338
-0.884,0.001511,0.001568,0.001624,0.00167,0.001758,0.001803,0.001811,0.001801,0.001778,0.001737,0.001732,0.001742,0.001756,0.00175,0.00174,0.001703,0.001654,0.0017489566666666616,0.001739026666666672,0.001701223333333338,0.0016563766666666626
-0.88,0.001513,0.00157,0.001625,0.001671,0.001755,0.001802,0.001812,0.001806,0.001789,0.001738,0.001752,0.001741,0.001757,0.001749,0.00174,0.001703,0.001688,0.001750106666666668,0.0017409866666666719,0.001703383333333338,0.0016783933333333382
-0.876,0.001514,0.001572,0.001627,0.001672,0.001757,0.001802,0.001813,0.001808,0.00179,0.00174,0.001731,0.001742,0.001759,0.001756,0.00174,0.001707,0.001654,0.001753513333333329,0.0017401833333333388,0.001704900000000003,0.001657343333333329
-0.872,0.001515,0.001575,0.001629,0.001672,0.001757,0.001803,0.001815,0.00181,0.001791,0.001742,0.001749,0.001746,0.001763,0.001757,0.001747,0.001709,0.001671,0.0017565033333333357,0.0017464166666666685,0.0017087300000000042,0.0016706033333333274
-0.868,0.001518,0.001575,0.001634,0.001681,0.001759,0.001805,0.001815,0.001812,0.001793,0.001744,0.001738,0.001747,0.001766,0.001758,0.001751,0.001713,0.001644,0.0017573399999999961,0.0017492000000000007,0.0017108800000000058,0.0016506599999999941
-0.864,0.001522,0.001578,0.001633,0.00168,0.00176,0.001808,0.001818,0.001817,0.00174,0.001748,0.001746,0.001751,0.001769,0.001761,0.001757,0.001719,0.001664,0.0017609166666666723,0.0017548900000000053,0.001716676666666676,0.00166849
-0.86,0.001522,0.001579,0.001637,0.00168,0.001763,0.00181,0.001821,0.001819,0.001783,0.00175,0.00175,0.001755,0.001771,0.001766,0.001759,0.00172,0.00168,0.0017641899999999984,0.0017572300000000042,0.0017181833333333367,0.0016750200000000025
-0.856,0.001525,0.001582,0.00164,0.001685,0.001764,0.001812,0.001823,0.001825,0.001777,0.001754,0.001754,0.00176,0.001776,0.001771,0.001766,0.001727,0.001687,0.0017697666666666723,0.001764216666666664,0.0017246566666666641,0.0016843799999999986
-0.852,0.001529,0.001586,0.001642,0.001689,0.001767,0.001812,0.001825,0.001826,0.001779,0.001758,0.001753,0.001765,0.001779,0.001771,0.001766,0.001728,0.00169,0.0017710766666666719,0.0017655866666666635,0.0017270500000000004,0.0016880600000000045
-0.848,0.001529,0.001589,0.001645,0.001692,0.001769,0.001814,0.001828,0.00183,0.001762,0.001761,0.001758,0.001768,0.001783,0.001779,0.001771,0.001736,0.001704,0.0017770366666666614,0.0017699300000000025,0.0017335266666666674,0.0016989299999999974
-0.844,0.001532,0.001591,0.001648,0.001694,0.001771,0.001817,0.001831,0.001834,0.001781,0.001765,0.001761,0.001772,0.001788,0.001782,0.001776,0.001737,0.001706,0.0017811933333333322,0.0017746900000000006,0.0017362566666666638,0.001703686666666662
-0.84,0.001535,0.001595,0.001652,0.001697,0.001775,0.00182,0.001834,0.001838,0.001784,0.001769,0.001766,0.001776,0.001792,0.001785,0.001778,0.001742,0.001708,0.0017848933333333298,0.001777983333333332,0.0017408800000000058,0.0017061199999999933
-0.836,0.00154,0.001599,0.001654,0.001703,0.001778,0.001822,0.001837,0.001843,0.001791,0.001772,0.001767,0.001782,0.001798,0.001792,0.001785,0.001748,0.001696,0.001791310000000004,0.0017837366666666617,0.001746490000000009,0.0017009433333333253
-0.832,0.001542,0.001602,0.001659,0.001707,0.001775,0.001826,0.001841,0.001847,0.001792,0.001779,0.001771,0.001785,0.001802,0.001798,0.001788,0.001751,0.001714,0.0017972900000000048,0.0017880666666666707,0.0017507000000000028,0.001712546666666661
-0.828,0.001546,0.001606,0.001664,0.001708,0.001784,0.001828,0.001844,0.001851,0.0018,0.001782,0.001775,0.001791,0.001807,0.0018,0.001796,0.001759,0.001724,0.0018021333333333412,0.0017960900000000065,0.0017600466666666708,0.0017255499999999993
-0.824,0.00155,0.00161,0.001675,0.001715,0.001788,0.001832,0.001849,0.001856,0.001806,0.001785,0.001782,0.001796,0.001812,0.001807,0.0018,0.001762,0.001725,0.0018065466666666692,0.0017996866666666737,0.001762643333333335,0.0017274799999999965
-0.82,0.001553,0.001616,0.001674,0.001719,0.001791,0.001835,0.001854,0.001862,0.001813,0.001792,0.001786,0.001801,0.001818,0.001809,0.001806,0.00177,0.001738,0.0018112533333333337,0.001806493333333326,0.0017705933333333327,0.0017382400000000046
-0.816,0.001557,0.00162,0.001677,0.001722,0.001796,0.001838,0.001857,0.001867,0.001818,0.001795,0.001794,0.001807,0.001822,0.001821,0.001813,0.001774,0.001738,0.001819856666666667,0.0018119299999999976,0.0017736800000000004,0.0017391600000000059
-0.812,0.001561,0.001623,0.001681,0.001727,0.001798,0.001842,0.001861,0.001871,0.001823,0.001798,0.001775,0.001812,0.001828,0.001825,0.001818,0.001782,0.001722,0.0018246133333333359,0.0018164166666666595,0.0017813266666666665,0.0017336733333333358
-0.808,0.001564,0.001628,0.001685,0.001732,0.001802,0.001846,0.001866,0.001876,0.00183,0.001803,0.001816,0.001819,0.001834,0.001832,0.001821,0.00179,0.001769,0.0018317599999999963,0.0018209800000000013,0.0017907033333333373,0.0017652466666666744
-0.804,0.001569,0.001632,0.001688,0.001738,0.001806,0.00185,0.001871,0.001883,0.001838,0.00181,0.001809,0.001825,0.001841,0.001837,0.001831,0.001795,0.001761,0.0018366299999999932,0.0018289266666666752,0.0017960766666666632,0.0017649433333333405
-0.8,0.001575,0.00164,0.001695,0.001744,0.001812,0.001855,0.001876,0.001889,0.001846,0.001814,0.001806,0.001832,0.001847,0.001843,0.001834,0.001803,0.00177,0.001841889999999998,0.0018330333333333349,0.0018024833333333298,0.0017704499999999994
-0.796,0.001579,0.001645,0.001698,0.001749,0.001817,0.001859,0.001882,0.001897,0.001853,0.001822,0.00182,0.001837,0.001853,0.001853,0.001843,0.001806,0.001778,0.001851016666666664,0.0018412899999999991,0.0018075099999999922,0.0017780633333333317
-0.792,0.001584,0.001653,0.001705,0.001756,0.001821,0.001864,0.001887,0.001902,0.001859,0.001826,0.001784,0.001847,0.00186,0.001858,0.00185,0.001816,0.001781,0.0018575000000000089,0.0018485466666666695,0.0018158733333333318,0.0017826533333333303
-0.788,0.001588,0.001657,0.001714,0.001762,0.001828,0.001868,0.001894,0.001909,0.001867,0.001833,0.001835,0.001857,0.00187,0.00187,0.00186,0.001823,0.001794,0.0018680099999999992,0.0018580566666666575,0.0018244466666666715,0.0017955933333333363
-0.784,0.001595,0.001661,0.001718,0.001768,0.001834,0.001874,0.0019,0.001916,0.001875,0.00184,0.001841,0.001859,0.001875,0.001872,0.001866,0.001834,0.001801,0.0018713533333333298,0.0018634399999999955,0.001831506666666668,0.001800386666666668
-0.78,0.0016,0.001669,0.001725,0.001772,0.001839,0.001879,0.001905,0.001923,0.001883,0.001846,0.001842,0.00187,0.001882,0.001884,0.001872,0.001841,0.001808,0.001881476666666665,0.0018707633333333292,0.0018411933333333278,0.0018102899999999952
-0.776,0.001606,0.001674,0.001732,0.001781,0.001844,0.001884,0.001912,0.001931,0.001887,0.001853,0.001851,0.001875,0.00189,0.001887,0.001881,0.001846,0.001819,0.001886570000000006,0.0018795233333333391,0.001848933333333335,0.0018228433333333357
-0.772,0.001611,0.001682,0.001738,0.001788,0.001851,0.001891,0.001919,0.001938,0.001898,0.00186,0.001861,0.001882,0.001899,0.001896,0.001892,0.001859,0.001824,0.001896233333333337,0.0018906733333333373,0.0018607933333333368,0.0018347633333333328
-0.768,0.001617,0.001686,0.001746,0.001795,0.001856,0.001897,0.001928,0.001945,0.001905,0.001868,0.001873,0.001894,0.001907,0.001907,0.001898,0.001866,0.00188,0.0019074599999999975,0.0018983566666666673,0.0018704999999999993,0.0018744799999999972
-0.764,0.001622,0.001693,0.001753,0.001802,0.001862,0.001903,0.001931,0.001953,0.001915,0.001874,0.00188,0.001905,0.001916,0.001917,0.001905,0.001878,0.001851,0.0019164599999999955,0.0019046366666666669,0.0018771299999999999,0.0018598699999999994
-0.76,0.001629,0.001701,0.00176,0.001809,0.001869,0.00191,0.00194,0.001961,0.00192,0.001884,0.001889,0.001907,0.001924,0.001923,0.001918,0.001882,0.001853,0.0019238633333333373,0.001915393333333325,0.0018845166666666686,0.0018626666666666629
-0.756,0.001636,0.001708,0.001765,0.001817,0.001877,0.001916,0.001945,0.001968,0.001932,0.001891,0.001897,0.001918,0.001934,0.001937,0.001926,0.001896,0.001868,0.001934330000000002,0.00192363666666666,0.0018942733333333372,0.0018709066666666597
-0.752,0.001642,0.001716,0.001766,0.001825,0.001884,0.001923,0.001954,0.001977,0.00194,0.001901,0.001904,0.001937,0.001944,0.001944,0.001932,0.001904,0.001866,0.0019458833333333295,0.001935136666666666,0.0019111933333333375,0.001882009999999997
-0.748,0.001649,0.001723,0.00178,0.00183,0.00189,0.001929,0.001961,0.001985,0.00195,0.001909,0.001914,0.001935,0.001952,0.001952,0.001946,0.001918,0.001879,0.001951003333333332,0.0019428300000000006,0.0019176966666666607,0.001888150000000002
-0.744,0.001655,0.001729,0.001787,0.001838,0.001897,0.001936,0.001968,0.001991,0.001959,0.001917,0.001924,0.001942,0.001961,0.001967,0.001953,0.001927,0.001914,0.001965010000000003,0.001952809999999995,0.0019299633333333393,0.0019203766666666714
-0.74,0.001661,0.001736,0.001794,0.001846,0.001904,0.001944,0.001977,0.002002,0.001964,0.001929,0.001932,0.001948,0.001971,0.001975,0.001968,0.001935,0.001938,0.001974863333333332,0.0019666933333333386,0.001938663333333341,0.001940349999999998
-0.736,0.001667,0.001744,0.001801,0.001853,0.001911,0.001951,0.001985,0.002009,0.001973,0.001936,0.001941,0.001962,0.00198,0.001982,0.001977,0.001946,0.001915,0.0019814233333333344,0.0019750000000000054,0.0019500566666666693,0.0019316599999999998
-0.732,0.001675,0.00175,0.001809,0.001861,0.001919,0.001958,0.001988,0.002018,0.001986,0.001946,0.001952,0.001974,0.001991,0.001995,0.001985,0.001957,0.001924,0.0019947100000000024,0.001987483333333334,0.001964243333333329,0.0019419133333333331
-0.728,0.001681,0.001757,0.001817,0.001867,0.001926,0.001965,0.00199,0.002027,0.001998,0.001954,0.001962,0.001983,0.002,0.001998,0.001999,0.001962,0.001931,0.001999216666666673,0.001997796666666657,0.001969566666666671,0.0019461366666666707
-0.724,0.001688,0.001765,0.001824,0.001877,0.001934,0.001973,0.002011,0.002037,0.002007,0.001964,0.001971,0.001992,0.002011,0.002011,0.002007,0.001977,0.00195,0.002010526666666665,0.002006419999999991,0.0019825966666666708,0.0019596433333333376
-0.72,0.001695,0.001775,0.001831,0.001885,0.001942,0.00198,0.002017,0.002045,0.002017,0.001972,0.001983,0.002005,0.002021,0.002024,0.002015,0.001988,0.001952,0.002020566666666674,0.002012446666666662,0.0019892866666666635,0.001961226666666666
-0.716,0.001702,0.001782,0.001839,0.001893,0.00195,0.001987,0.002025,0.002055,0.002027,0.001983,0.001989,0.002012,0.002031,0.002033,0.002021,0.001995,0.001961,0.0020287433333333305,0.002019683333333336,0.0019994633333333335,0.0019724433333333296
-0.712,0.00171,0.001788,0.001847,0.001901,0.001957,0.001995,0.00203,0.002062,0.002037,0.001993,0.002001,0.002022,0.002041,0.00204,0.002034,0.002003,0.001979,0.002038466666666665,0.002032883333333329,0.0020090499999999927,0.0019875433333333306
-0.708,0.001718,0.001796,0.001855,0.001911,0.001965,0.002003,0.002043,0.002072,0.002047,0.002002,0.002007,0.002031,0.002051,0.002053,0.002044,0.002013,0.001988,0.0020523066666666696,0.0020454200000000022,0.002023599999999999,0.0020051166666666615
-0.704,0.001723,0.001804,0.001865,0.001919,0.001973,0.00201,0.002051,0.002083,0.002058,0.002011,0.002021,0.00204,0.002061,0.002059,0.002054,0.002025,0.001997,0.0020632999999999975,0.0020578299999999996,0.002038933333333337,0.0020197000000000097
-0.7,0.00173,0.001811,0.001872,0.001927,0.001981,0.002019,0.002058,0.002091,0.002062,0.002021,0.00203,0.002049,0.00207,0.002073,0.00206,0.00203,0.002008,0.0020731599999999958,0.002063129999999997,0.0020420333333333266,0.002023440000000007
-0.696,0.001736,0.001819,0.001881,0.001935,0.001991,0.002026,0.002068,0.002099,0.002075,0.00203,0.002039,0.00206,0.002081,0.002079,0.00207,0.002043,0.002021,0.002084460000000003,0.002077680000000003,0.002064390000000005,0.00204413666666667
-0.692,0.001746,0.001828,0.00189,0.001945,0.001999,0.002035,0.002077,0.00211,0.002084,0.002037,0.002049,0.00207,0.002089,0.002087,0.00208,0.002051,0.001991,0.0020896833333333307,0.002082543333333336,0.0020612300000000076,0.002019173333333335
-0.688,0.001753,0.001838,0.001898,0.001954,0.002008,0.002043,0.002086,0.002115,0.002094,0.002048,0.002055,0.002077,0.002101,0.002094,0.002086,0.002055,0.00204,0.002093893333333335,0.002084789999999999,0.0020584999999999974,0.0020382466666666686
-0.684,0.001761,0.001844,0.001908,0.001963,0.002017,0.002051,0.002095,0.002127,0.002102,0.002055,0.002066,0.002088,0.002107,0.002104,0.002088,0.002061,0.002024,0.0021018866666666627,0.002088419999999993,0.002064019999999993,0.0020349300000000103
-0.68,0.001767,0.001854,0.001916,0.001972,0.002024,0.002061,0.002103,0.002136,0.002115,0.002067,0.002077,0.002095,0.002115,0.002111,0.0021,0.002073,0.002047,0.0021086799999999904,0.0020981599999999965,0.0020775233333333296,0.002054800000000007
-0.676,0.001776,0.001864,0.001925,0.001981,0.002034,0.002069,0.002113,0.002145,0.002122,0.002075,0.002084,0.002105,0.002126,0.002118,0.002109,0.002081,0.002057,0.002117236666666666,0.002107803333333341,0.0020863400000000003,0.002065293333333325
-0.672,0.001786,0.001873,0.001934,0.001989,0.002042,0.002076,0.002121,0.002154,0.00213,0.002082,0.002091,0.002109,0.002133,0.002124,0.002111,0.002089,0.002069,0.002124123333333339,0.00211264666666666,0.0020917433333333363,0.0020746533333333263
-0.668,0.001792,0.001882,0.001943,0.001998,0.00205,0.002085,0.002129,0.002163,0.00214,0.002092,0.002098,0.002118,0.002139,0.002132,0.002122,0.00209,0.002089,0.0021308633333333425,0.0021201166666666646,0.0020929266666666665,0.002086693333333336
-0.664,0.001802,0.001892,0.001952,0.002008,0.002059,0.002094,0.002138,0.002172,0.002148,0.002098,0.002106,0.002125,0.002149,0.002139,0.002128,0.0021,0.00208,0.002137943333333335,0.0021272133333333403,0.0021033799999999954,0.0020870633333333346
-0.66,0.00181,0.0019,0.001962,0.002017,0.002068,0.002104,0.002148,0.002181,0.002158,0.002107,0.002115,0.002134,0.002157,0.002147,0.002133,0.002107,0.002085,0.0021468533333333377,0.00213472333333334,0.002110726666666669,0.0020935300000000006
-0.656,0.001818,0.001911,0.001971,0.002026,0.002078,0.002111,0.002156,0.00219,0.002164,0.002116,0.00212,0.002142,0.002163,0.00215,0.002143,0.002112,0.002096,0.002151093333333331,0.0021415933333333377,0.0021139533333333353,0.0020991466666666595
-0.652,0.001826,0.00192,0.001981,0.002035,0.002086,0.002119,0.002164,0.002198,0.002174,0.002123,0.002128,0.00215,0.002173,0.00216,0.002149,0.002121,0.0021,0.002160630000000003,0.0021491799999999992,0.002123380000000004,0.002105203333333329
-0.648,0.001837,0.001928,0.001989,0.002044,0.002095,0.002127,0.002172,0.002208,0.002183,0.002129,0.002134,0.002155,0.002178,0.002165,0.002153,0.002129,0.002105,0.0021656733333333253,0.0021533733333333306,0.0021285766666666716,0.0021091900000000064
-0.644,0.001845,0.001937,0.001999,0.002056,0.002103,0.002136,0.002181,0.002216,0.002192,0.002139,0.002141,0.002166,0.002189,0.002172,0.00216,0.002133,0.002114,0.002172209999999996,0.0021599900000000036,0.002134230000000008,0.0021172066666666654
-0.64,0.001854,0.001947,0.00201,0.002064,0.002113,0.002145,0.00219,0.002225,0.002199,0.002144,0.00215,0.002169,0.002195,0.002178,0.002167,0.002136,0.002121,0.0021798633333333407,0.002168786666666666,0.0021412500000000116,0.0021291500000000037
-0.636,0.001864,0.001957,0.002018,0.002072,0.002122,0.002153,0.002198,0.002233,0.002206,0.002151,0.002155,0.00218,0.002202,0.002186,0.002179,0.002148,0.002139,0.0021866900000000068,0.0021771900000000025,0.002149870000000005,0.002140536666666666
-0.632,0.001872,0.001968,0.002027,0.002082,0.00213,0.002162,0.002206,0.002243,0.002219,0.002159,0.002161,0.002184,0.002207,0.002196,0.002182,0.002155,0.00214,0.0021956933333333274,0.002183110000000007,0.002158130000000007,0.0021461766666666647
-0.628,0.001882,0.001977,0.002035,0.00209,0.002139,0.002171,0.002215,0.002252,0.002224,0.002165,0.002169,0.002192,0.002215,0.002201,0.002191,0.002161,0.002142,0.00220149666666667,0.0021906800000000095,0.0021640933333333364,0.002147349999999993
-0.624,0.00189,0.001985,0.002045,0.002101,0.00215,0.002179,0.002224,0.00226,0.002232,0.002172,0.002176,0.0022,0.002226,0.00221,0.002197,0.00217,0.002151,0.0022113700000000033,0.0022002400000000013,0.0021777466666666697,0.0021607400000000078
-0.62,0.001901,0.001995,0.002055,0.00211,0.002157,0.002188,0.002232,0.00227,0.002243,0.002178,0.002181,0.002205,0.00223,0.002216,0.002208,0.00218,0.00216,0.0022154366666666636,0.0022068733333333295,0.0021834099999999976,0.00216515333333334
-0.616,0.00191,0.002003,0.002064,0.002118,0.002167,0.002196,0.00224,0.002278,0.002249,0.002186,0.002189,0.002215,0.002238,0.002222,0.002214,0.002185,0.002171,0.0022222066666666576,0.0022134266666666716,0.002189369999999995,0.0021753300000000022
-0.612,0.00192,0.002014,0.002073,0.002128,0.002176,0.002204,0.002249,0.002287,0.002263,0.002192,0.002197,0.002221,0.002244,0.002234,0.002218,0.002192,0.002174,0.002235823333333328,0.002223106666666676,0.0022029033333333327,0.0021880900000000054
-0.608,0.001928,0.002021,0.002083,0.002138,0.002185,0.002213,0.002258,0.002295,0.002266,0.002201,0.002202,0.002226,0.002251,0.002243,0.002229,0.002204,0.002183,0.002245159999999997,0.0022322300000000043,0.0022120533333333295,0.002195623333333338
-0.604,0.001938,0.002032,0.002092,0.002147,0.002193,0.002223,0.002266,0.002304,0.002273,0.002218,0.00221,0.002235,0.002259,0.002254,0.00224,0.002213,0.002189,0.0022538066666666604,0.0022402866666666773,0.0022175266666666703,0.0021966033333333333
-0.6,0.001949,0.002039,0.002104,0.002155,0.002201,0.002232,0.002275,0.002312,0.002281,0.002214,0.002217,0.002241,0.002266,0.00226,0.002245,0.002222,0.002197,0.002259416666666669,0.0022448600000000095,0.002222633333333326,0.0022015066666666696
-0.596,0.001957,0.002049,0.002111,0.002164,0.002211,0.00224,0.002284,0.002321,0.00229,0.002221,0.002222,0.002248,0.002271,0.002269,0.002256,0.002229,0.002209,0.002266836666666664,0.0022537366666666708,0.002230000000000001,0.002210506666666674
-0.592,0.001964,0.00206,0.002114,0.002172,0.002221,0.002249,0.002292,0.002329,0.002295,0.002227,0.002231,0.002255,0.00228,0.002277,0.002265,0.00224,0.002218,0.002275276666666657,0.002263693333333331,0.0022406700000000054,0.0022231033333333415
-0.588,0.001974,0.002067,0.002128,0.002182,0.002228,0.002257,0.0023,0.002337,0.002302,0.002237,0.002235,0.002258,0.002288,0.002282,0.002275,0.00225,0.002231,0.0022812333333333346,0.002272123333333342,0.0022482166666666597,0.002237943333333332
-0.584,0.001982,0.002075,0.002138,0.002191,0.002238,0.002265,0.002309,0.002345,0.00231,0.002242,0.002243,0.002264,0.002292,0.002295,0.002284,0.002255,0.002302,0.0022922000000000047,0.002281949999999997,0.0022557166666666685,0.0022804000000000092
-0.58,0.001992,0.002085,0.002147,0.002199,0.002246,0.002274,0.002317,0.002352,0.002317,0.002251,0.002252,0.002274,0.002301,0.002307,0.002294,0.002269,0.002243,0.002303843333333328,0.002292020000000007,0.0022682733333333305,0.0022565766666666647
-0.576,0.002,0.002093,0.002154,0.002207,0.002255,0.002283,0.002325,0.00236,0.002322,0.002257,0.002257,0.002279,0.002309,0.002314,0.002302,0.002281,0.002258,0.002312573333333335,0.0023011633333333455,0.002279736666666657,0.002260683333333326
-0.572,0.002007,0.002101,0.002163,0.002214,0.002263,0.002292,0.002332,0.002366,0.002328,0.002264,0.002266,0.002284,0.002317,0.002324,0.002313,0.002289,0.002266,0.00232253333333333,0.002312160000000009,0.0022897699999999952,0.002268539999999992
-0.568,0.002014,0.002108,0.002169,0.002222,0.002272,0.002299,0.002339,0.002373,0.002334,0.002269,0.002272,0.002292,0.002324,0.002333,0.002325,0.002299,0.002276,0.0023309966666666664,0.002323186666666677,0.00229988333333334,0.002278156666666655
-0.564,0.002024,0.002116,0.002176,0.002231,0.002281,0.002309,0.002346,0.002381,0.002341,0.002275,0.002279,0.002298,0.002329,0.002344,0.002345,0.00231,0.002285,0.00234037333333334,0.002337796666666671,0.002308876666666672,0.0022860466666666567
-0.56,0.002032,0.002123,0.002185,0.002238,0.002288,0.002317,0.002354,0.002387,0.002348,0.00228,0.002287,0.002307,0.00234,0.002351,0.002339,0.002321,0.002297,0.0023497633333333314,0.00233991666666666,0.0023200200000000077,0.0022974333333333273
-0.556,0.002039,0.002131,0.002193,0.002245,0.002297,0.002326,0.002361,0.002396,0.002355,0.002287,0.002293,0.002312,0.002347,0.002364,0.002349,0.002327,0.002311,0.0023635266666666693,0.00235128,0.0023316333333333345,0.0023141466666666624
-0.552,0.002047,0.002139,0.002201,0.002255,0.002305,0.002332,0.002367,0.002402,0.002361,0.002294,0.002301,0.002318,0.002351,0.002371,0.002362,0.00234,0.002317,0.0023696466666666732,0.002360516666666654,0.0023417166666666713,0.002320756666666675
-0.548,0.002055,0.002147,0.002209,0.002263,0.002312,0.00234,0.002374,0.00241,0.002367,0.0023,0.002309,0.002327,0.002363,0.002381,0.00237,0.002348,0.002325,0.0023797699999999976,0.002369806666666658,0.0023504633333333393,0.0023290733333333423
-0.544,0.002062,0.002155,0.002217,0.00227,0.002321,0.002348,0.002382,0.002416,0.002372,0.002306,0.002318,0.002334,0.00237,0.002393,0.002381,0.002362,0.002342,0.0023901199999999925,0.0023796666666666627,0.0023639166666666587,0.002346016666666664
-0.54,0.002071,0.002163,0.002227,0.002278,0.00233,0.002356,0.002388,0.002422,0.002379,0.002311,0.002324,0.002343,0.002378,0.002401,0.002386,0.00237,0.002355,0.0023993066666666576,0.0023861699999999987,0.002370039999999993,0.002354313333333331
-0.536,0.002077,0.002171,0.002232,0.002285,0.002335,0.002364,0.002395,0.00243,0.002386,0.00232,0.002334,0.002353,0.002388,0.002409,0.0024,0.002379,0.002358,0.0024071433333333297,0.0023976666666666647,0.0023780566666666736,0.0023599066666666665
-0.532,0.002085,0.002179,0.002241,0.002293,0.002344,0.002372,0.002403,0.002437,0.002394,0.002326,0.002342,0.002359,0.002397,0.002421,0.00241,0.002386,0.002366,0.0024166900000000035,0.002406893333333341,0.0023873333333333333,0.002368899999999993
-0.528,0.002092,0.002187,0.002246,0.0023,0.002351,0.002379,0.002408,0.002444,0.0024,0.002332,0.002351,0.002367,0.002405,0.00243,0.002419,0.002401,0.002379,0.002423236666666671,0.002412886666666663,0.002395693333333327,0.002377263333333339
-0.524,0.002099,0.002194,0.002256,0.002308,0.002359,0.002386,0.002417,0.002452,0.002407,0.00234,0.00236,0.002375,0.002415,0.00244,0.002425,0.002412,0.002391,0.002435509999999998,0.0024225933333333377,0.002408606666666663,0.00239114666666667
-0.52,0.002107,0.002201,0.002263,0.002316,0.002365,0.002393,0.002423,0.002459,0.002414,0.002347,0.002371,0.002385,0.002423,0.00245,0.002439,0.002415,0.002401,0.002446043333333326,0.0024353666666666655,0.002416453333333322,0.002401529999999993
-0.516,0.002117,0.00221,0.002271,0.002324,0.002373,0.002401,0.002431,0.002466,0.002422,0.002359,0.002378,0.002395,0.002434,0.002459,0.002447,0.002427,0.002408,0.002455553333333327,0.002443676666666658,0.0024249466666666623,0.0024081033333333292
-0.512,0.002121,0.002218,0.002279,0.002332,0.00238,0.002408,0.002438,0.002473,0.002429,0.002362,0.00239,0.002406,0.002446,0.002475,0.002456,0.002441,0.002418,0.002468793333333336,0.00245345333333334,0.0024395433333333437,0.002418636666666666
-0.508,0.002131,0.002226,0.002285,0.00234,0.002387,0.002414,0.002444,0.002479,0.002436,0.00237,0.002398,0.002413,0.002453,0.002476,0.002465,0.002453,0.00243,0.00247023666666667,0.0024586500000000093,0.002447366666666674,0.002427726666666671
-0.504,0.00214,0.002234,0.002296,0.002348,0.002396,0.002423,0.002451,0.002487,0.002443,0.002379,0.002407,0.002425,0.002464,0.002488,0.002474,0.002462,0.002441,0.0024859300000000055,0.0024748833333333243,0.0024654333333333288,0.0024465833333333427
-0.5,0.002146,0.002242,0.002303,0.002357,0.002405,0.002431,0.002459,0.002496,0.00245,0.002388,0.002418,0.002432,0.002474,0.002497,0.002486,0.002474,0.00245,0.0024924399999999994,0.002482253333333326,0.0024724766666666567,0.0024513899999999964
-0.496,0.002164,0.002251,0.00231,0.002365,0.002411,0.002439,0.002465,0.002501,0.002462,0.002398,0.002427,0.002443,0.002484,0.002508,0.002499,0.002486,0.002461,0.002501826666666662,0.002493119999999998,0.0024825566666666584,0.0024634833333333377
-0.492,0.002171,0.002258,0.002319,0.002372,0.002419,0.002446,0.002473,0.002509,0.002468,0.002406,0.002434,0.002451,0.002496,0.002519,0.002505,0.002494,0.002475,0.002512740000000007,0.002501789999999992,0.002492953333333331,0.002475593333333337
-0.488,0.002179,0.002267,0.002326,0.00238,0.002427,0.002452,0.002479,0.002515,0.002477,0.002417,0.002445,0.002465,0.002505,0.002528,0.002517,0.002504,0.002483,0.0025246133333333243,0.0025143499999999933,0.0025046899999999926,0.002487753333333341
-0.484,0.00218,0.002274,0.002334,0.00239,0.002435,0.00246,0.002487,0.002522,0.002489,0.002425,0.002454,0.00247,0.002516,0.002544,0.002528,0.002519,0.002497,0.0025380933333333253,0.002524969999999988,0.0025177166666666756,0.0024989400000000003
-0.48,0.002187,0.002283,0.002343,0.002397,0.002444,0.002468,0.002493,0.00253,0.002497,0.002434,0.002466,0.002483,0.002526,0.002554,0.00254,0.002534,0.002509,0.002547356666666652,0.0025348266666666576,0.0025291633333333406,0.002508266666666661
-0.476,0.002197,0.002293,0.002352,0.002405,0.00245,0.002477,0.002501,0.002536,0.002506,0.002443,0.002474,0.002493,0.002537,0.002565,0.002554,0.002545,0.002522,0.002559353333333338,0.002548849999999986,0.0025406200000000064,0.0025204666666666753
-0.472,0.002204,0.0023,0.00236,0.002414,0.002458,0.002485,0.002507,0.002544,0.002516,0.002455,0.002485,0.002502,0.002543,0.002575,0.002563,0.002558,0.002533,0.002568129999999996,0.0025576766666666586,0.0025500433333333224,0.002529156666666671
-0.468,0.002213,0.002308,0.002369,0.002423,0.002467,0.002493,0.002515,0.002552,0.002525,0.002465,0.002496,0.002513,0.002557,0.002586,0.002578,0.002563,0.002546,0.0025801566666666556,0.002572519999999996,0.002560556666666658,0.0025467033333333427
-0.464,0.002221,0.002318,0.002377,0.002433,0.002475,0.002501,0.002522,0.002559,0.002536,0.002474,0.002506,0.002523,0.002562,0.002594,0.002581,0.002571,0.002561,0.0025871666666666595,0.002577143333333323,0.002567193333333325,0.002556686666666673
-0.46,0.002229,0.002328,0.002384,0.00244,0.002482,0.002509,0.00253,0.002566,0.002546,0.002482,0.002515,0.002532,0.002575,0.002602,0.002594,0.002582,0.002564,0.0025943033333333293,0.0025868633333333275,0.002575826666666654,0.0025611733333333405
-0.456,0.002237,0.002333,0.002395,0.002447,0.002491,0.002516,0.002536,0.002571,0.002555,0.002494,0.002522,0.002543,0.002585,0.002608,0.002601,0.002597,0.002569,0.002603660000000013,0.0025971999999999953,0.0025938399999999922,0.0025732866666666734
-0.452,0.002247,0.002346,0.002404,0.002457,0.002501,0.002526,0.002546,0.002579,0.002567,0.002503,0.002536,0.002553,0.002599,0.002625,0.002611,0.002606,0.002586,0.002617249999999995,0.0026063666666666673,0.002601916666666665,0.0025848699999999896
-0.448,0.002253,0.002355,0.002412,0.002465,0.002508,0.002535,0.002551,0.002587,0.002578,0.002515,0.002563,0.002564,0.002608,0.002632,0.002623,0.002622,0.002593,0.0026259799999999965,0.0026175400000000067,0.002616190000000007,0.002594679999999992
-0.444,0.002262,0.002362,0.002422,0.002474,0.002516,0.002542,0.002558,0.002594,0.002585,0.002525,0.002555,0.002573,0.00262,0.002646,0.002637,0.002632,0.002611,0.0026401966666666737,0.0026319100000000008,0.0026299599999999954,0.002612853333333336
-0.44,0.002272,0.002371,0.00243,0.002482,0.002524,0.00255,0.002567,0.002601,0.002596,0.002536,0.002567,0.002584,0.00263,0.002654,0.002641,0.002642,0.00262,0.0026471100000000094,0.002636723333333336,0.002637026666666671,0.0026227966666666595
-0.436,0.00228,0.002378,0.002439,0.002495,0.002534,0.002559,0.002562,0.002608,0.002606,0.002544,0.002594,0.002594,0.002644,0.002666,0.002653,0.002651,0.002638,0.0026628866666666556,0.0026515233333333425,0.0026504333333333273,0.0026400633333333364
-0.432,0.002288,0.002388,0.002448,0.002497,0.002542,0.002566,0.002581,0.002616,0.002616,0.002557,0.002587,0.002607,0.002652,0.002672,0.002662,0.002662,0.002635,0.0026690500000000044,0.0026602900000000126,0.0026614000000000125,0.0026452533333333464
-0.428,0.002296,0.002396,0.002454,0.002506,0.002549,0.002574,0.002588,0.002622,0.002624,0.002564,0.002598,0.002616,0.002664,0.002683,0.002675,0.002672,0.002658,0.0026774866666666626,0.002670709999999998,0.0026677366666666724,0.0026583400000000125
-0.424,0.002304,0.002405,0.002462,0.002515,0.002558,0.002581,0.002598,0.00263,0.002635,0.002575,0.002609,0.002628,0.002678,0.002689,0.002682,0.002681,0.002664,0.0026874833333333423,0.0026805899999999905,0.002679580000000011,0.002667726666666669
-0.42,0.002312,0.002413,0.002472,0.002521,0.002564,0.002589,0.002604,0.002638,0.002644,0.002585,0.002621,0.002637,0.002685,0.002701,0.002693,0.002689,0.002669,0.002694549999999991,0.0026878933333333186,0.0026828700000000134,0.0026698866666666704
-0.416,0.002322,0.002421,0.002478,0.002531,0.002572,0.002597,0.002612,0.002646,0.002654,0.002596,0.002632,0.002652,0.002697,0.002706,0.002703,0.0027,0.002683,0.0027062833333333252,0.002701226666666672,0.002700086666666672,0.002687579999999999
-0.412,0.002329,0.002429,0.002486,0.002539,0.002579,0.002604,0.002619,0.002652,0.002664,0.002603,0.002641,0.002662,0.002704,0.002722,0.002707,0.002706,0.002689,0.0027183666666666675,0.0027065433333333397,0.0027060266666666614,0.0026922466666666795
-0.408,0.002338,0.002437,0.002494,0.002547,0.002589,0.002612,0.002627,0.00266,0.002673,0.002617,0.00265,0.002675,0.002716,0.002726,0.002721,0.002719,0.002699,0.0027250666666666715,0.0027183599999999883,0.0027177133333333423,0.0027059966666666733
-0.404,0.002343,0.002445,0.002501,0.002553,0.002595,0.002619,0.002634,0.002669,0.002681,0.002624,0.002659,0.002683,0.002723,0.002735,0.002729,0.002725,0.002712,0.0027318100000000077,0.002725713333333324,0.002724003333333327,0.0027139733333333446
-0.4,0.002352,0.002454,0.002509,0.002561,0.002602,0.002626,0.002644,0.002677,0.002692,0.002635,0.002664,0.002692,0.002735,0.002743,0.002735,0.002731,0.002717,0.002740983333333347,0.0027329300000000062,0.002730490000000007,0.0027217599999999984
-0.396,0.002359,0.002461,0.002516,0.002568,0.002609,0.002632,0.002651,0.002685,0.002702,0.002647,0.002681,0.002702,0.002744,0.002749,0.002741,0.002742,0.002726,0.002746550000000003,0.0027391566666666646,0.0027388500000000084,0.002729020000000005
-0.392,0.002367,0.002471,0.002525,0.002576,0.002617,0.002641,0.002661,0.002694,0.002711,0.002658,0.002688,0.002712,0.002753,0.00276,0.002753,0.002748,0.002731,0.0027576699999999964,0.002750573333333335,0.002747499999999991,0.0027368600000000085
-0.388,0.002375,0.002477,0.002532,0.002585,0.002625,0.002649,0.00267,0.002703,0.002723,0.002672,0.002698,0.002722,0.002763,0.002768,0.002764,0.002762,0.002743,0.002767966666666663,0.002762503333333327,0.002759630000000007,0.002745810000000013
-0.384,0.002383,0.002485,0.00254,0.002591,0.002632,0.002656,0.002677,0.002711,0.002734,0.002679,0.002707,0.002731,0.002772,0.002777,0.002769,0.002768,0.002751,0.002776406666666669,0.002768680000000008,0.0027675633333333312,0.0027539999999999887
-0.38,0.00239,0.002494,0.002547,0.002598,0.002639,0.002662,0.002688,0.002719,0.002744,0.002689,0.002717,0.002739,0.002784,0.002786,0.002779,0.002774,0.002764,0.002784969999999995,0.002777489999999991,0.0027736533333333445,0.00276478666666666
-0.376,0.002397,0.002501,0.002555,0.002607,0.002647,0.002669,0.002697,0.002729,0.002754,0.0027,0.002724,0.00275,0.002788,0.002792,0.00279,0.002787,0.002771,0.002790720000000005,0.002786419999999989,0.0027833399999999957,0.0027721333333333266
-0.372,0.002405,0.002509,0.002561,0.002613,0.002654,0.002677,0.002706,0.00274,0.002767,0.002711,0.002733,0.002761,0.0028,0.002802,0.0028,0.002793,0.002778,0.0028009733333333314,0.0027976033333333406,0.0027911333333333396,0.0027772633333333213
-0.368,0.002412,0.002517,0.00257,0.00262,0.002661,0.002684,0.002714,0.00275,0.002778,0.002716,0.002744,0.002771,0.002806,0.002811,0.002807,0.002805,0.002789,0.0028104900000000053,0.002805936666666668,0.00280402333333332,0.00279031333333334
-0.364,0.002423,0.002524,0.002574,0.002627,0.002667,0.002691,0.002723,0.002759,0.002788,0.00273,0.002749,0.002779,0.002817,0.00282,0.002817,0.002813,0.002796,0.002818733333333343,0.0028142733333333257,0.002811203333333321,0.002796646666666676
-0.36,0.00243,0.002533,0.002582,0.002635,0.002674,0.002699,0.002754,0.00277,0.0028,0.002739,0.002762,0.002789,0.002825,0.002829,0.002825,0.002825,0.002804,0.002827636666666665,0.0028232333333333263,0.002821326666666659,0.0028055966666666694
-0.356,0.002437,0.002541,0.002609,0.002642,0.002684,0.002706,0.002747,0.002781,0.002812,0.00275,0.00277,0.002797,0.002834,0.002842,0.002832,0.002833,0.002824,0.002838810000000006,0.0028306866666666522,0.002829716666666653,0.0028216900000000104
-0.352,0.002445,0.00255,0.002596,0.002651,0.002691,0.002714,0.002759,0.002792,0.00282,0.002759,0.002779,0.002809,0.002844,0.002848,0.002845,0.002841,0.002817,0.0028475399999999943,0.002843919999999995,0.002840826666666661,0.002825353333333326
-0.348,0.002455,0.002556,0.002605,0.002658,0.002699,0.002721,0.002767,0.002802,0.002832,0.002769,0.002791,0.002816,0.002852,0.002858,0.002855,0.002851,0.002842,0.0028563633333333464,0.0028533166666666796,0.0028499933333333456,0.0028410333333333407
-0.344,0.002461,0.002564,0.002614,0.002664,0.002705,0.002729,0.002778,0.002813,0.002842,0.002778,0.002798,0.002827,0.002861,0.002865,0.002862,0.002858,0.002843,0.002863933333333341,0.0028604733333333398,0.002857546666666679,0.002847333333333343
-0.34,0.002472,0.002572,0.002623,0.002673,0.002715,0.002737,0.002788,0.002822,0.002869,0.002789,0.002807,0.002837,0.002873,0.0028770000000000002,0.002879,0.002871,0.002854,0.002875276666666677,0.002874799999999994,0.0028701366666666595,0.0028599300000000097
-0.336,0.002479,0.002582,0.002631,0.00268,0.002723,0.002746,0.002799,0.002834,0.002866,0.002799,0.002818,0.002848,0.002883,0.002888,0.002884,0.002879,0.002865,0.0028858200000000033,0.002882839999999997,0.0028793966666666587,0.002867196666666673
-0.332,0.002487,0.002588,0.002639,0.002688,0.002732,0.002754,0.002809,0.002846,0.002875,0.00281,0.002826,0.002856,0.002892,0.002897,0.002893,0.002891,0.002873,0.0028956733333333406,0.002892106666666673,0.0028901933333333224,0.0028761033333333397
-0.328,0.002496,0.002597,0.002648,0.002698,0.002738,0.002763,0.002819,0.002856,0.002886,0.00282,0.002837,0.002868,0.002901,0.002903,0.002903,0.002901,0.002882,0.0029029999999999967,0.002902726666666661,0.002900496666666674,0.002884360000000015
-0.324,0.002505,0.002605,0.002655,0.002708,0.002747,0.002773,0.002832,0.002867,0.002896,0.00283,0.002849,0.002878,0.002907,0.002916,0.002917,0.002911,0.002893,0.0029136066666666707,0.0029137266666666504,0.002909846666666666,0.0028960033333333434
-0.32,0.002515,0.002614,0.002666,0.002717,0.002756,0.002781,0.002844,0.002879,0.002908,0.002841,0.00286,0.002887,0.002921,0.002926,0.002927,0.002922,0.002903,0.002924749999999995,0.002924076666666673,0.0029222033333333266,0.002907403333333331
-0.316,0.002525,0.002624,0.002675,0.002725,0.002765,0.002791,0.002854,0.00289,0.002918,0.00285,0.002868,0.0029,0.00293,0.002937,0.002935,0.002931,0.002913,0.0029366933333333273,0.0029345433333333422,0.002934303333333339,0.002920993333333345
-0.312,0.002536,0.002633,0.002686,0.002736,0.002775,0.002802,0.002867,0.002902,0.002928,0.002862,0.002878,0.002909,0.00294,0.002947,0.002948,0.002939,0.002922,0.0029459133333333385,0.002946363333333323,0.002941470000000011,0.002927219999999994
-0.308,0.002546,0.002641,0.002695,0.002744,0.002785,0.00281,0.002879,0.002914,0.002942,0.002874,0.002892,0.002923,0.00295,0.002955,0.002957,0.002952,0.002927,0.002956576666666677,0.002958749999999992,0.002956896666666659,0.0029372400000000063
-0.304,0.002557,0.002652,0.002707,0.002755,0.002795,0.002822,0.002891,0.002926,0.002955,0.002886,0.002902,0.002933,0.002961,0.002967,0.002966,0.002963,0.002942,0.0029655300000000153,0.002965423333333343,0.002963636666666675,0.002945986666666668
-0.3,0.002568,0.002659,0.002717,0.002767,0.002807,0.002833,0.002904,0.002938,0.002962,0.002894,0.002911,0.002943,0.00297,0.002981,0.002974,0.002968,0.002949,0.0029795000000000073,0.002974293333333341,0.0029722199999999963,0.0029568699999999917
-0.296,0.002581,0.00267,0.002728,0.002777,0.002816,0.002844,0.002909,0.002949,0.002975,0.002907,0.002922,0.002957,0.002981,0.002988,0.00299,0.002983,0.002958,0.0029876499999999958,0.0029877466666666797,0.0029845799999999893,0.0029680500000000064
-0.292,0.002593,0.00268,0.002761,0.002787,0.002829,0.002855,0.002928,0.002963,0.002984,0.002919,0.002935,0.002966,0.002993,0.002999,0.003002,0.002991,0.002968,0.0030003766666666545,0.0030020133333333258,0.002997756666666659,0.0029803166666666657
-0.288,0.002606,0.00269,0.002734,0.002799,0.002841,0.002866,0.002939,0.002976,0.002996,0.00293,0.002946,0.002978,0.003002,0.003007,0.003009,0.003002,0.002977,0.0030071599999999914,0.003006596666666677,0.0030021633333333214,0.0029864233333333373
-0.284,0.002619,0.0027,0.002757,0.002811,0.002852,0.002878,0.00295,0.002989,0.003006,0.002939,0.002961,0.002989,0.003017,0.003023,0.003024,0.003009,0.002988,0.0030241633333333317,0.0030244066666666814,0.0030160700000000083,0.002998899999999994
-0.28,0.00263,0.002712,0.002778,0.002823,0.002865,0.002891,0.002965,0.003001,0.003019,0.002953,0.002968,0.002997,0.003023,0.003032,0.003031,0.003022,0.002998,0.003030616666666674,0.0030293800000000047,0.0030233299999999947,0.003004079999999984
-0.276,0.002643,0.002723,0.002787,0.002838,0.002875,0.002902,0.002978,0.003014,0.003028,0.002964,0.002977,0.00301,0.003035,0.00304,0.00304,0.003034,0.003004,0.0030389600000000085,0.0030380700000000095,0.0030363166666666584,0.003014950000000002
-0.272,0.002656,0.002733,0.002799,0.002848,0.002887,0.002916,0.002991,0.003028,0.00304,0.002976,0.002991,0.003024,0.003047,0.003052,0.003054,0.003044,0.003015,0.0030511133333333477,0.003052416666666669,0.0030475800000000076,0.003027699999999995
-0.268,0.00267,0.002744,0.002814,0.00286,0.0029,0.002926,0.003004,0.003039,0.003051,0.002985,0.003,0.003033,0.003058,0.003064,0.003065,0.003049,0.003025,0.003063959999999988,0.0030648666666666592,0.0030536933333333255,0.003033430000000013
-0.264,0.002683,0.002756,0.002823,0.00287,0.002912,0.002939,0.003017,0.00305,0.003061,0.002995,0.003011,0.003044,0.003066,0.003069,0.003072,0.00306,0.003034,0.0030685899999999917,0.0030705099999999907,0.0030604233333333193,0.003037886666666659
-0.26,0.002694,0.002767,0.002849,0.002885,0.002924,0.00295,0.00303,0.003062,0.003073,0.00301,0.003023,0.003058,0.003077,0.003081,0.003084,0.00307,0.003041,0.003080119999999997,0.0030822199999999854,0.0030719233333333365,0.0030508066666666595
-0.256,0.002708,0.002779,0.002849,0.002895,0.002937,0.002963,0.003043,0.003072,0.003082,0.003022,0.003033,0.003064,0.003087,0.003091,0.003095,0.003076,0.003048,0.0030894366666666564,0.0030925533333333215,0.0030772933333333297,0.00305460666666668
-0.252,0.002719,0.002791,0.002871,0.002906,0.002947,0.002975,0.003052,0.00308,0.003092,0.003031,0.003044,0.003074,0.003101,0.003097,0.003105,0.003085,0.003055,0.00309796333333334,0.003103373333333342,0.003087553333333336,0.0030648666666666757
-0.248,0.002732,0.002802,0.002874,0.00292,0.002959,0.002986,0.003064,0.003091,0.003103,0.003041,0.003055,0.003086,0.003107,0.003108,0.003114,0.003089,0.003063,0.0031068066666666678,0.0031107599999999876,0.0030905666666666727,0.0030721633333333415
-0.244,0.002744,0.002813,0.002892,0.002931,0.002972,0.002999,0.003074,0.003102,0.003111,0.003055,0.003064,0.003095,0.003119,0.00312,0.003121,0.003097,0.003072,0.003118340000000007,0.003119143333333343,0.003100656666666675,0.003083609999999995
-0.24,0.002754,0.002824,0.002893,0.002942,0.002983,0.00301,0.003085,0.003108,0.00312,0.003065,0.003075,0.003105,0.003127,0.003121,0.003128,0.003108,0.003079,0.0031224633333333442,0.0031271300000000088,0.0031110066666666675,0.0030904000000000144
-0.236,0.002764,0.002835,0.002924,0.002952,0.002995,0.003022,0.003095,0.003118,0.003128,0.003075,0.003086,0.003117,0.003137,0.003135,0.003139,0.003111,0.003087,0.003135226666666662,0.003137176666666668,0.003116353333333323,0.0031018466666666556
-0.232,0.002775,0.002843,0.002915,0.002961,0.003004,0.003033,0.003103,0.003124,0.003137,0.003085,0.003095,0.003126,0.003145,0.003137,0.003143,0.003117,0.003086,0.0031398266666666516,0.0031438966666666713,0.003124536666666672,0.00310268666666667
-0.228,0.002786,0.002855,0.002924,0.002971,0.003016,0.003045,0.003114,0.003133,0.003143,0.003094,0.003105,0.003135,0.003151,0.003141,0.003148,0.003124,0.003092,0.0031440399999999864,0.003149420000000011,0.0031285400000000095,0.003104023333333327
-0.224,0.002794,0.002863,0.002935,0.002981,0.003027,0.003056,0.003122,0.00314,0.003151,0.003102,0.003114,0.003144,0.003161,0.00315,0.003159,0.003125,0.003097,0.003152866666666663,0.003159213333333341,0.003131366666666682,0.003107816666666674
-0.22,0.002803,0.002873,0.002941,0.002988,0.003038,0.003067,0.00313,0.003146,0.003155,0.00311,0.003119,0.00315,0.003166,0.003159,0.003161,0.003129,0.003101,0.003158983333333346,0.0031623733333333284,0.0031349400000000166,0.0031109666666666786
-0.216,0.002812,0.00288,0.002948,0.002998,0.003048,0.003079,0.003138,0.003154,0.003161,0.00312,0.003128,0.003156,0.003173,0.003159,0.003166,0.003132,0.003106,0.003161943333333345,0.003167753333333332,0.00313859666666668,0.003114353333333352
-0.212,0.00282,0.002887,0.002959,0.003005,0.003058,0.00309,0.003147,0.00316,0.003166,0.003129,0.003134,0.003163,0.003182,0.003166,0.003172,0.003136,0.003105,0.0031689866666666697,0.003174973333333324,0.0031439866666666725,0.0031171400000000074
-0.208,0.002829,0.002893,0.002965,0.003012,0.003068,0.0031,0.003154,0.003166,0.003175,0.003135,0.003142,0.003171,0.003189,0.00317,0.003179,0.003137,0.00311,0.003172120000000002,0.0031792233333333446,0.0031410966666666476,0.003116236666666653
-0.204,0.002833,0.002901,0.002972,0.003021,0.003078,0.00311,0.00316,0.003169,0.003179,0.003143,0.003147,0.003176,0.003191,0.003176,0.003179,0.003137,0.003105,0.003176536666666658,0.003180546666666681,0.00314114999999998,0.0031116333333333426
-0.2,0.002841,0.002908,0.00298,0.003028,0.003087,0.00312,0.003165,0.003175,0.003183,0.003148,0.003154,0.003182,0.003196,0.003179,0.003182,0.003139,0.003109,0.003181286666666673,0.003184653333333341,0.003146163333333332,0.003118603333333342
-0.196,0.002848,0.002915,0.002987,0.003035,0.003096,0.003128,0.003173,0.00318,0.003187,0.003156,0.003159,0.003189,0.003202,0.003184,0.003188,0.003139,0.003105,0.0031856166666666577,0.0031895299999999925,0.0031463133333333314,0.0031165100000000116
-0.192,0.002852,0.002921,0.002992,0.003042,0.003106,0.003137,0.003178,0.003184,0.003194,0.00316,0.003164,0.003191,0.003207,0.003184,0.003188,0.003137,0.003107,0.003185636666666656,0.0031894733333333244,0.003141683333333315,0.003112023333333333
-0.188,0.002859,0.002925,0.002997,0.003046,0.003115,0.003144,0.003184,0.003189,0.003197,0.003166,0.00317,0.003197,0.003209,0.003185,0.003188,0.003137,0.003101,0.0031872399999999974,0.0031906733333333225,0.003142489999999983,0.0031093033333333435
-0.184,0.002864,0.002929,0.003005,0.003054,0.003122,0.003151,0.003188,0.003192,0.003201,0.003171,0.003176,0.003199,0.003213,0.00319,0.003195,0.003136,0.003105,0.003192726666666682,0.0031971566666666477,0.0031456333333333393,0.003121563333333342
-0.18,0.00287,0.002934,0.003007,0.003061,0.003129,0.003158,0.003193,0.003197,0.003205,0.003176,0.003179,0.003205,0.003218,0.003191,0.003195,0.00313,0.003122,0.003195776666666683,0.003198966666666651,0.0031450699999999885,0.0031391333333333255
-0.176,0.002875,0.002939,0.003013,0.003066,0.003136,0.003164,0.003197,0.0032,0.003205,0.003181,0.003182,0.003209,0.00322,0.003196,0.003194,0.003138,0.003147,0.0031981866666666607,0.0031983033333333327,0.00315378333333332,0.003158263333333334
-0.172,0.002879,0.002942,0.00302,0.003072,0.003143,0.003168,0.003202,0.003202,0.003216,0.003187,0.003188,0.003213,0.003224,0.003194,0.003199,0.003161,0.003169,0.0031969466666666745,0.0032008466666666496,0.0031735833333333256,0.003176816666666655
-0.168,0.002884,0.002947,0.003024,0.003076,0.003148,0.003174,0.003206,0.003205,0.003212,0.003188,0.003189,0.003214,0.003226,0.00319,0.003195,0.003189,0.003188,0.0031984800000000113,0.003200676666666652,0.0031971233333333293,0.0031927833333333265
-0.164,0.002886,0.002951,0.003027,0.003081,0.003154,0.00318,0.00321,0.003208,0.003216,0.003192,0.00319,0.003216,0.003228,0.003195,0.003198,0.003207,0.003193,0.003202179999999988,0.0031986566666666765,0.00320857999999999,0.003195150000000004
-0.16,0.00289,0.002953,0.003031,0.003084,0.003158,0.003184,0.003213,0.003209,0.003221,0.003198,0.003194,0.003219,0.00323,0.003217,0.003194,0.003217,0.003202,0.0032194700000000086,0.0031979600000000075,0.0032183800000000094,0.003201473333333342
-0.156,0.002892,0.002954,0.003033,0.003085,0.003162,0.003189,0.003216,0.003211,0.003214,0.003199,0.003197,0.003219,0.003228,0.00323,0.003189,0.003223,0.0032,0.003227646666666657,0.003196503333333333,0.0032227099999999915,0.003201849999999993
-0.152,0.002896,0.002956,0.003037,0.003087,0.003165,0.003192,0.003217,0.003212,0.003215,0.003203,0.003195,0.00322,0.003231,0.003237,0.003204,0.003232,0.003204,0.003238606666666679,0.0032158433333333305,0.003231900000000007,0.003206126666666658
-0.148,0.002895,0.002962,0.003038,0.003094,0.00317,0.003196,0.003221,0.003213,0.003218,0.003204,0.003198,0.003224,0.003231,0.003243,0.003225,0.003229,0.003203,0.003242763333333334,0.0032286000000000094,0.003230203333333344,0.0032056799999999855
-0.144,0.002896,0.002962,0.003041,0.003091,0.003173,0.0032,0.003224,0.003212,0.003217,0.003205,0.003201,0.003223,0.003231,0.003245,0.003236,0.003234,0.003212,0.0032441700000000154,0.0032380466666666733,0.0032351833333333245,0.003213949999999992
-0.14,0.002897,0.002964,0.003042,0.003092,0.003176,0.003202,0.003225,0.003213,0.003217,0.003207,0.003198,0.003221,0.003231,0.003243,0.003247,0.003232,0.003211,0.003243406666666668,0.003245723333333333,0.003232460000000004,0.0032107533333333225
-0.136,0.002897,0.002965,0.003042,0.003091,0.003178,0.003205,0.003224,0.003212,0.003215,0.003206,0.003197,0.003221,0.003231,0.003246,0.003253,0.003231,0.003207,0.003245049999999998,0.0032501566666666526,0.0032320933333333276,0.003208879999999987
-0.132,0.002896,0.002964,0.00304,0.003092,0.003179,0.003208,0.003225,0.003213,0.003215,0.003208,0.003197,0.00322,0.003233,0.003244,0.003252,0.003238,0.003215,0.0032436600000000137,0.0032506066666666707,0.003236333333333324,0.0032131233333333267
-0.128,0.002896,0.002961,0.003039,0.003093,0.003182,0.003209,0.003225,0.003209,0.003212,0.003207,0.003196,0.003216,0.003232,0.003245,0.003252,0.003235,0.003217,0.003244546666666688,0.003250326666666672,0.003235146666666659,0.003215613333333345
-0.124,0.002895,0.002963,0.003034,0.003091,0.003182,0.003211,0.003225,0.003208,0.003208,0.003206,0.003194,0.003216,0.003231,0.003245,0.003253,0.003238,0.003214,0.003244633333333354,0.0032509466666666522,0.0032365433333333246,0.003213800000000014
-0.12,0.002892,0.002963,0.003037,0.00309,0.003182,0.003211,0.003225,0.003206,0.003208,0.003208,0.003193,0.003213,0.003222,0.003245,0.003249,0.003236,0.003216,0.003239193333333353,0.003240676666666651,0.003231100000000005,0.0032126566666666662
-0.116,0.002893,0.002963,0.003031,0.003089,0.003183,0.003213,0.003224,0.003205,0.003206,0.003203,0.003189,0.003211,0.003226,0.003245,0.003244,0.003235,0.003213,0.0032404166666666857,0.003239076666666674,0.0032317266666666623,0.0032116733333333427
-0.112,0.002889,0.00296,0.003034,0.003086,0.003184,0.003212,0.003223,0.003203,0.003203,0.003202,0.003185,0.003206,0.003236,0.003245,0.003248,0.003233,0.003211,0.0032418166666666813,0.0032461566666666703,0.003233813333333345,0.003213766666666662
-0.108,0.002887,0.002956,0.003029,0.003083,0.003183,0.003212,0.003223,0.003199,0.003196,0.003201,0.003184,0.003202,0.003244,0.00323,0.003246,0.003232,0.003214,0.003233869999999993,0.003244713333333333,0.0032327433333333433,0.003214316666666676
-0.104,0.002882,0.002952,0.003027,0.003079,0.003181,0.003211,0.003218,0.003195,0.003191,0.003199,0.003179,0.003199,0.003242,0.003237,0.003244,0.003232,0.003208,0.003236016666666676,0.0032418833333333476,0.0032305600000000086,0.003209283333333328
-0.1,0.002879,0.00295,0.003024,0.003078,0.003182,0.003211,0.003218,0.003194,0.003192,0.003195,0.003175,0.003193,0.003244,0.003239,0.003241,0.003228,0.003208,0.003236626666666665,0.003240273333333351,0.0032271333333333376,0.0032063233333333285
-0.096,0.002875,0.002947,0.003019,0.003074,0.00318,0.003209,0.003215,0.003189,0.003189,0.003192,0.003172,0.003191,0.003239,0.003236,0.003241,0.003223,0.003201,0.0032344633333333374,0.003240266666666686,0.0032231633333333256,0.003202036666666671
-0.092,0.00287,0.002943,0.003015,0.00307,0.003177,0.003207,0.003213,0.003185,0.003184,0.003189,0.003171,0.003184,0.003239,0.00323,0.003241,0.00322,0.003202,0.0032295733333333196,0.0032396500000000184,0.0032191500000000005,0.0031983000000000085
-0.088,0.002867,0.002936,0.003011,0.003066,0.003176,0.003205,0.00321,0.003181,0.003179,0.003184,0.003168,0.003179,0.003234,0.003226,0.00324,0.003218,0.003195,0.0032258266666666522,0.003237240000000009,0.003216216666666681,0.003192829999999988
-0.084,0.002862,0.002932,0.003007,0.003062,0.003173,0.003203,0.003215,0.003177,0.003175,0.003181,0.003167,0.003173,0.003228,0.003226,0.003234,0.003216,0.003198,0.0032226799999999878,0.0032312499999999867,0.003212053333333331,0.003193043333333341
-0.08,0.002857,0.002927,0.003002,0.003058,0.003169,0.0032,0.003206,0.00317,0.003169,0.003177,0.00316,0.003168,0.003228,0.00322,0.003234,0.003212,0.003194,0.003219443333333334,0.003231723333333321,0.003210349999999997,0.003190620000000004
-0.076,0.002853,0.002922,0.002997,0.003052,0.003166,0.003198,0.003202,0.003166,0.003164,0.003174,0.003144,0.003163,0.003223,0.003217,0.003228,0.003209,0.003184,0.003215653333333347,0.003226393333333333,0.003206456666666674,0.0031816933333333294
-0.072,0.002846,0.002917,0.00299,0.003046,0.003163,0.003194,0.003205,0.003159,0.003158,0.003167,0.003154,0.003156,0.003218,0.00321,0.003222,0.003201,0.003187,0.003209603333333348,0.0032212033333333164,0.0032000766666666694,0.0031817433333333474
-0.068,0.002841,0.002909,0.002983,0.003041,0.00316,0.003191,0.003197,0.003155,0.003152,0.003166,0.003159,0.003154,0.003211,0.003205,0.003222,0.003199,0.003175,0.0032035300000000113,0.0032176766666666494,0.003197309999999986,0.0031745300000000135
-0.064,0.002834,0.002902,0.002977,0.003036,0.003155,0.003188,0.003193,0.003147,0.003145,0.003158,0.003163,0.003148,0.003211,0.003205,0.003215,0.003196,0.003171,0.0032030700000000092,0.0032143899999999923,0.0031947833333333246,0.003169396666666678
-0.06,0.002826,0.002895,0.002971,0.003029,0.00315,0.003182,0.003185,0.003141,0.003135,0.003153,0.003159,0.003137,0.003207,0.003193,0.003213,0.003187,0.00317,0.0031928866666666683,0.00320974333333334,0.0031852433333333496,0.0031657433333333383
-0.056,0.002816,0.002888,0.002964,0.003022,0.003146,0.003179,0.003178,0.003134,0.003126,0.003148,0.003158,0.003132,0.003204,0.003193,0.003207,0.003182,0.003164,0.003190673333333335,0.0032051333333333243,0.003181290000000012,0.003160426666666659
-0.052,0.002808,0.00288,0.002956,0.003014,0.003141,0.003174,0.003174,0.003126,0.003118,0.003144,0.003151,0.00312,0.003197,0.003182,0.003202,0.003179,0.003156,0.0031809633333333416,0.0031985866666666713,0.003175830000000012,0.003149743333333345
-0.048,0.0028,0.00287,0.002949,0.003008,0.003136,0.003169,0.003165,0.003117,0.003107,0.003137,0.003146,0.00312,0.003192,0.003174,0.003195,0.003171,0.003151,0.0031742666666666718,0.003192263333333321,0.0031693233333333418,0.0031412000000000037
-0.044,0.002792,0.002861,0.002942,0.003001,0.003131,0.003165,0.003159,0.003111,0.003096,0.003132,0.003142,0.003128,0.003187,0.003172,0.003186,0.003162,0.003145,0.0031706399999999906,0.003184786666666673,0.0031625566666666663,0.0031399066666666533
-0.04,0.002783,0.002853,0.002931,0.00299,0.003125,0.00316,0.003151,0.003099,0.003085,0.003125,0.003134,0.003128,0.003179,0.003159,0.003175,0.003154,0.003137,0.00316198000000001,0.0031769966666666772,0.0031565099999999956,0.0031337133333333143
-0.036,0.002774,0.002845,0.002922,0.002983,0.00312,0.003154,0.003144,0.003089,0.003071,0.003116,0.003124,0.003129,0.003169,0.003152,0.003172,0.003144,0.003126,0.003153176666666679,0.003169273333333323,0.003146720000000008,0.0031233299999999884
-0.032,0.002765,0.002832,0.00291,0.002973,0.003112,0.003146,0.003135,0.003078,0.003058,0.003107,0.003115,0.003119,0.003162,0.003143,0.003158,0.003134,0.003117,0.003144423333333339,0.0031577166666666634,0.003137869999999994,0.0031148800000000056
-0.028,0.002754,0.00282,0.002897,0.002962,0.003105,0.00314,0.003123,0.003067,0.003043,0.0031,0.003106,0.00311,0.003153,0.003131,0.003136,0.003122,0.003103,0.003134043333333332,0.0031405766666666767,0.003126526666666657,0.003101126666666661
-0.024,0.002744,0.002811,0.002892,0.002952,0.003097,0.003131,0.003113,0.003053,0.003028,0.003089,0.003091,0.003096,0.003139,0.003116,0.003136,0.00311,0.003099,0.0031194366666666713,0.003134390000000013,0.0031149899999999863,0.003096976666666658
-0.02,0.002733,0.002799,0.002879,0.002941,0.003087,0.003122,0.003101,0.003041,0.003013,0.003075,0.003081,0.003088,0.003131,0.003106,0.00312,0.003093,0.003087,0.003110420000000015,0.0031223933333333403,0.003102386666666671,0.003089463333333324
-0.016,0.00272,0.002785,0.002865,0.00293,0.003078,0.003113,0.003086,0.003029,0.002995,0.003059,0.003069,0.003072,0.003117,0.00309,0.003107,0.003081,0.003079,0.0030940900000000085,0.0031073533333333264,0.003088063333333334,0.0030798333333333493
-0.012,0.002709,0.002773,0.002852,0.002918,0.003067,0.003103,0.003074,0.003014,0.00298,0.003049,0.003058,0.003055,0.003106,0.003076,0.003087,0.003069,0.003066,0.0030814033333333274,0.003090619999999987,0.0030758633333333282,0.0030661866666666752
-0.008,0.002695,0.002759,0.002839,0.002905,0.003057,0.003093,0.003058,0.003,0.002964,0.003047,0.003041,0.003042,0.00309,0.003062,0.003076,0.00305,0.003051,0.0030669933333333376,0.003077143333333327,0.0030585299999999972,0.003057080000000013
-0.004,0.002682,0.002747,0.002827,0.00289,0.003047,0.003082,0.00304,0.002986,0.002946,0.003039,0.00303,0.003027,0.003078,0.003048,0.003061,0.003037,0.003042,0.0030542233333333453,0.00306330666666666,0.0030459233333333235,0.0030436533333333283
0.0,0.002668,0.002733,0.002813,0.002878,0.003034,0.003071,0.003025,0.002972,0.002931,0.003025,0.00301,0.003009,0.003063,0.003033,0.003043,0.003022,0.003024,0.0030395233333333233,0.0030463300000000064,0.003030253333333327,0.0030259733333333444
0.004,0.002652,0.002716,0.002796,0.002862,0.00302,0.003057,0.003012,0.002954,0.002911,0.003011,0.002996,0.002992,0.003046,0.003012,0.003011,0.003007,0.003014,0.0030196600000000043,0.0030196399999999927,0.0030154966666666584,0.003014423333333325
0.008,0.002638,0.002701,0.002781,0.002848,0.003008,0.003044,0.002962,0.002938,0.002894,0.002994,0.002978,0.002977,0.003031,0.003001,0.003005,0.002987,0.002997,0.003008400000000003,0.0030096566666666727,0.002999273333333324,0.0029985333333333456
0.012,0.002625,0.002685,0.002767,0.002833,0.002996,0.003033,0.002986,0.002924,0.002875,0.002981,0.002966,0.00296,0.003017,0.002983,0.002994,0.002975,0.002984,0.002990866666666654,0.0029978466666666813,0.002982489999999987,0.002978626666666662
0.016,0.002609,0.002672,0.002751,0.002818,0.002983,0.003018,0.002966,0.002908,0.00286,0.002967,0.002947,0.00294,0.003004,0.002971,0.002973,0.002957,0.002973,0.0029757599999999814,0.002979853333333337,0.0029639933333333274,0.002957850000000002
0.02,0.002594,0.002655,0.002734,0.002802,0.002969,0.003004,0.002946,0.002892,0.002843,0.002949,0.002931,0.002925,0.002987,0.002952,0.002957,0.002944,0.002956,0.002958086666666654,0.0029623466666666622,0.002950169999999986,0.0029491333333333245
0.024,0.002579,0.00264,0.002721,0.002787,0.002955,0.002989,0.002926,0.002875,0.002825,0.00293,0.002916,0.002907,0.002973,0.002934,0.002939,0.002924,0.00294,0.002943279999999996,0.0029472166666666784,0.0029356233333333393,0.002937550000000013
0.028,0.002563,0.002625,0.002705,0.002772,0.00294,0.002976,0.002907,0.002861,0.002809,0.002916,0.002899,0.002892,0.002958,0.002919,0.002924,0.002907,0.002923,0.0029288233333333346,0.0029338500000000087,0.0029210833333333307,0.002918066666666672
0.032,0.002548,0.002607,0.002689,0.002755,0.002926,0.00296,0.002891,0.002845,0.002793,0.002899,0.002881,0.002875,0.002943,0.002907,0.002906,0.002893,0.002907,0.002917749999999997,0.002918983333333328,0.0029073866666666725,0.0029026833333333298
0.036,0.00253,0.002592,0.002672,0.002739,0.00291,0.002944,0.002873,0.002827,0.002772,0.00288,0.002864,0.002858,0.002926,0.002889,0.002888,0.002872,0.002895,0.002897613333333338,0.0028958633333333378,0.002885036666666661,0.002891303333333326
0.04,0.002515,0.002576,0.002656,0.002724,0.002895,0.002929,0.002855,0.002812,0.002754,0.002865,0.002847,0.00284,0.00291,0.002873,0.002873,0.002859,0.002878,0.002879426666666675,0.0028800566666666726,0.002868149999999988,0.0028701166666666744
0.044,0.002499,0.00256,0.002643,0.002707,0.002881,0.002914,0.002837,0.002797,0.002737,0.002847,0.002831,0.002825,0.002897,0.002858,0.002857,0.002847,0.00286,0.002866500000000015,0.002866050000000001,0.002855780000000008,0.0028513799999999893
0.048,0.002483,0.002543,0.002625,0.00269,0.002865,0.002897,0.002819,0.00278,0.002727,0.00283,0.002815,0.002809,0.00288,0.002842,0.002838,0.002822,0.002844,0.002851303333333342,0.0028484100000000065,0.002835513333333331,0.0028363099999999942
0.052,0.002467,0.002528,0.002611,0.002673,0.002849,0.00288,0.002802,0.002765,0.002715,0.002813,0.002799,0.00279,0.002866,0.002827,0.002824,0.002808,0.00283,0.002833206666666677,0.002831256666666678,0.0028162566666666716,0.0028181400000000007
0.056,0.002448,0.002515,0.002595,0.002657,0.002834,0.002865,0.002784,0.002748,0.002702,0.002794,0.00278,0.002773,0.002846,0.00281,0.002808,0.002788,0.002812,0.0028177366666666597,0.002814623333333337,0.002797223333333339,0.0028048033333333403
0.06,0.002434,0.0025,0.002579,0.002643,0.002818,0.002849,0.002768,0.002734,0.002688,0.002781,0.002765,0.002758,0.002833,0.002798,0.00279,0.002771,0.0028,0.0028040266666666622,0.002797713333333324,0.0027794866666666623,0.0027898033333333436
0.064,0.002418,0.002482,0.002564,0.002628,0.002801,0.002832,0.002752,0.00272,0.002676,0.002763,0.002748,0.00274,0.002817,0.002784,0.002777,0.002756,0.002781,0.002790843333333337,0.0027857433333333373,0.002766536666666659,0.002770846666666672
0.068,0.002402,0.002466,0.002548,0.002612,0.002785,0.002817,0.002735,0.002706,0.00266,0.002744,0.002731,0.002723,0.002803,0.002768,0.002761,0.002741,0.002769,0.002775703333333329,0.0027698100000000075,0.0027548866666666626,0.002768073333333343
0.072,0.002387,0.002451,0.002532,0.002598,0.002769,0.002801,0.002717,0.002693,0.002648,0.002731,0.002718,0.002707,0.002788,0.002753,0.002745,0.002726,0.002746,0.0027565800000000033,0.002750366666666665,0.0027333733333333374,0.0027437533333333477
0.076,0.002371,0.002437,0.002517,0.00258,0.002753,0.002785,0.002699,0.002681,0.002634,0.002713,0.002701,0.002692,0.002774,0.002735,0.002733,0.002706,0.002739,0.002742700000000007,0.002740233333333329,0.002719109999999993,0.002734363333333344
0.08,0.002357,0.002421,0.002501,0.002566,0.002737,0.002768,0.002683,0.002666,0.002619,0.002698,0.002685,0.002676,0.002758,0.002724,0.002715,0.002683,0.002717,0.0027279399999999925,0.00272224000000001,0.0026969366666666607,0.0027162233333333334
0.084,0.002339,0.002406,0.002487,0.002554,0.002722,0.002752,0.002668,0.002645,0.002607,0.002683,0.002669,0.002662,0.002745,0.002704,0.002703,0.002671,0.002704,0.0027129233333333404,0.00271059333333334,0.0026837799999999902,0.00270428000000001
0.088,0.002326,0.002394,0.002473,0.002537,0.002706,0.002735,0.002652,0.002637,0.002595,0.002667,0.002655,0.002648,0.002732,0.002697,0.002687,0.002651,0.002689,0.002700259999999991,0.0026931933333333305,0.002662086666666658,0.0026858800000000107
0.092,0.002312,0.002379,0.002457,0.002522,0.002691,0.00272,0.002635,0.00263,0.002582,0.00265,0.002639,0.00263,0.002717,0.002677,0.002671,0.002638,0.00267,0.0026815333333333386,0.002677699999999993,0.0026492500000000006,0.002670573333333327
0.096,0.002297,0.002365,0.002444,0.00251,0.002675,0.002704,0.00262,0.002619,0.002568,0.002636,0.002624,0.002617,0.002703,0.002655,0.002662,0.002624,0.002661,0.0026622299999999968,0.00266534000000001,0.002632776666666661,0.002659350000000008
0.1,0.002283,0.002352,0.00243,0.002494,0.00266,0.002689,0.002606,0.002606,0.002555,0.00262,0.002609,0.002602,0.002688,0.00265,0.002645,0.002606,0.00264,0.002655110000000007,0.0026516566666666707,0.0026189033333333324,0.002645623333333324
0.104,0.002269,0.002339,0.002417,0.002481,0.002645,0.002673,0.00259,0.002594,0.002543,0.002606,0.002594,0.002588,0.002677,0.002636,0.002639,0.002592,0.002629,0.002641899999999999,0.0026409899999999898,0.0026058066666666746,0.0026336866666666603
0.108,0.002255,0.002324,0.002401,0.002467,0.00263,0.002659,0.002576,0.00258,0.002528,0.00259,0.00258,0.002572,0.002665,0.002622,0.0026,0.00258,0.00262,0.0026272666666666725,0.002615446666666672,0.0025904366666666804,0.002621813333333325
0.112,0.002244,0.002311,0.00239,0.002455,0.002616,0.002643,0.002562,0.002568,0.002517,0.002578,0.002567,0.002562,0.002649,0.002606,0.002624,0.002565,0.002601,0.0026165433333333325,0.00262541666666666,0.002583413333333341,0.0026103699999999934
0.116,0.002229,0.002296,0.002376,0.002441,0.002601,0.002628,0.002545,0.002557,0.002505,0.002565,0.002555,0.002547,0.002637,0.002592,0.002566,0.002552,0.00259,0.002598063333333338,0.002583119999999994,0.0025627200000000014,0.002589903333333326
0.12,0.002216,0.002284,0.002362,0.002429,0.002587,0.002613,0.002537,0.002543,0.002492,0.00255,0.002541,0.002533,0.002626,0.002581,0.002575,0.002537,0.002577,0.002586823333333328,0.002580629999999994,0.0025481466666666722,0.0025764600000000065
0.124,0.002205,0.002272,0.00235,0.002415,0.002573,0.0026,0.002522,0.002532,0.002481,0.002537,0.002527,0.002519,0.002613,0.002568,0.002562,0.002521,0.002558,0.0025715233333333375,0.0025640466666666606,0.0025292199999999996,0.0025573899999999927
0.128,0.002191,0.002261,0.002338,0.002403,0.00256,0.002586,0.002522,0.00252,0.002469,0.002525,0.002517,0.002508,0.002602,0.002559,0.002534,0.002507,0.002547,0.0025640699999999912,0.002546700000000004,0.0025189966666666727,0.002549869999999995
0.132,0.002177,0.002248,0.002324,0.002392,0.002546,0.002572,0.002505,0.00251,0.002454,0.002512,0.002504,0.002494,0.002589,0.002544,0.002541,0.002496,0.002524,0.0025496266666666626,0.002544043333333339,0.0025067466666666774,0.002531016666666666
0.136,0.002167,0.002237,0.002313,0.002379,0.002533,0.00256,0.002481,0.002496,0.002446,0.002499,0.002491,0.002483,0.002578,0.002534,0.002529,0.002486,0.002519,0.002540260000000006,0.0025356100000000024,0.002499026666666662,0.002526256666666675
0.14,0.002153,0.002224,0.002302,0.002368,0.002521,0.002548,0.00247,0.002487,0.002435,0.002486,0.00248,0.00247,0.002567,0.002522,0.002517,0.002472,0.002508,0.0025267500000000134,0.0025236833333333293,0.002485056666666668,0.002514353333333329
0.144,0.002143,0.002215,0.002289,0.002355,0.002506,0.002536,0.00247,0.002476,0.002423,0.002475,0.00247,0.002459,0.002559,0.002507,0.002517,0.00246,0.002503,0.0025231300000000067,0.0025262433333333293,0.0024858766666666717,0.0025139666666666696
0.148,0.002132,0.002203,0.002279,0.002344,0.002495,0.002523,0.002447,0.002466,0.002411,0.002464,0.002457,0.002448,0.002548,0.002497,0.002492,0.002447,0.002491,0.00250977333333333,0.00250629333333334,0.0024718199999999926,0.0024978733333333417
0.152,0.002119,0.002193,0.002268,0.002333,0.002483,0.00251,0.002432,0.002455,0.002402,0.002451,0.002446,0.002436,0.002536,0.002489,0.002481,0.002437,0.002469,0.0024971999999999937,0.002492283333333331,0.00245922333333334,0.0024767233333333437
0.156,0.00211,0.002182,0.002258,0.002323,0.002471,0.002496,0.002421,0.002445,0.00239,0.002441,0.002434,0.002425,0.002525,0.002473,0.002469,0.002422,0.002468,0.0024814966666666547,0.002476793333333343,0.0024385600000000024,0.0024726566666666786
0.16,0.002098,0.002172,0.002247,0.00231,0.002459,0.00249,0.002411,0.002434,0.00238,0.002429,0.002424,0.002416,0.002516,0.002466,0.002456,0.002415,0.002454,0.002468913333333329,0.0024618466666666734,0.0024237666666666567,0.002455449999999997
0.164,0.002086,0.00216,0.002235,0.002299,0.002447,0.002481,0.0024,0.002425,0.002368,0.002419,0.002413,0.002403,0.002506,0.002453,0.002447,0.002399,0.00244,0.0024609500000000034,0.002455926666666658,0.0024167666666666684,0.002447566666666665
0.168,0.002075,0.00215,0.002226,0.002287,0.002436,0.00247,0.002391,0.002415,0.002358,0.002408,0.002401,0.002392,0.002497,0.002444,0.002435,0.002393,0.002433,0.002453863333333337,0.0024478133333333285,0.002415259999999995,0.002445170000000004
0.172,0.002066,0.00214,0.002216,0.002276,0.002425,0.002459,0.002379,0.002406,0.002348,0.002395,0.002391,0.002383,0.002487,0.002433,0.002423,0.00238,0.002424,0.002443750000000007,0.002437503333333327,0.002406946666666673,0.002436676666666661
0.176,0.002061,0.00213,0.002204,0.002266,0.002415,0.002447,0.002367,0.002395,0.002337,0.002386,0.002381,0.002368,0.002475,0.00242,0.002412,0.00237,0.00241,0.0024268299999999922,0.0024212499999999994,0.002387949999999995,0.0024170633333333432
0.18,0.002048,0.00212,0.002195,0.002255,0.002403,0.002435,0.002356,0.002385,0.002328,0.002377,0.002372,0.002363,0.002466,0.002413,0.002403,0.00236,0.002399,0.0024215633333333317,0.002415140000000006,0.0023820199999999995,0.002407560000000008
0.184,0.002036,0.002109,0.002185,0.002246,0.002392,0.002425,0.002346,0.002376,0.002317,0.002364,0.00236,0.002351,0.002455,0.002402,0.002392,0.002351,0.002389,0.002406900000000004,0.0024004166666666588,0.0023675966666666624,0.0023931566666666572
0.188,0.002027,0.0021,0.002173,0.002238,0.002393,0.002414,0.002336,0.002365,0.002308,0.002354,0.002353,0.002343,0.002444,0.002392,0.002382,0.002342,0.002382,0.0023960433333333276,0.002388706666666661,0.0023543566666666595,0.002382943333333328
0.192,0.002017,0.002091,0.002163,0.002228,0.002384,0.002402,0.002325,0.002357,0.002299,0.002344,0.002344,0.002331,0.002435,0.002385,0.002374,0.002333,0.00237,0.0023880333333333335,0.0023788466666666576,0.0023420766666666652,0.0023736033333333273
0.196,0.002008,0.00208,0.002152,0.002216,0.002372,0.00239,0.002314,0.002348,0.00229,0.002332,0.002333,0.002326,0.002427,0.002376,0.002365,0.002321,0.002367,0.0023812966666666726,0.002371819999999991,0.0023335033333333373,0.0023695933333333376
0.2,0.001999,0.002071,0.002142,0.002209,0.002361,0.00238,0.002303,0.002339,0.00228,0.002326,0.002324,0.002317,0.002415,0.002368,0.002355,0.002312,0.002353,0.002371820000000004,0.00236108333333333,0.0023229699999999963,0.002358573333333339
0.204,0.001992,0.002063,0.002137,0.002199,0.002351,0.00237,0.002297,0.00233,0.002271,0.002314,0.002316,0.002306,0.002406,0.002354,0.002345,0.002299,0.002342,0.002360803333333333,0.0023523600000000017,0.002312260000000006,0.0023467699999999967
0.208,0.001978,0.002053,0.002124,0.002191,0.002342,0.00236,0.002288,0.002321,0.002261,0.002305,0.002305,0.002295,0.002398,0.002348,0.002338,0.002295,0.002336,0.0023521500000000073,0.002343416666666661,0.002305826666666673,0.0023388033333333375
0.212,0.001969,0.002043,0.002113,0.002181,0.002332,0.00235,0.002278,0.002313,0.002252,0.002296,0.002299,0.002288,0.002388,0.002337,0.002325,0.002284,0.002329,0.0023401433333333373,0.0023296400000000065,0.0022923799999999923,0.002330706666666677
0.216,0.001961,0.002034,0.002104,0.002169,0.00232,0.00234,0.002268,0.002303,0.002244,0.002286,0.002288,0.002279,0.002379,0.002327,0.002315,0.002276,0.002319,0.0023301566666666675,0.00231936333333333,0.0022829499999999906,0.002321509999999994
0.22,0.001952,0.002027,0.002094,0.002156,0.002312,0.00233,0.002261,0.002295,0.002236,0.002275,0.00228,0.002272,0.002373,0.002321,0.00231,0.002271,0.002308,0.0023243600000000058,0.002313776666666669,0.002277430000000005,0.002313336666666657
0.224,0.001943,0.002018,0.002085,0.002156,0.0023,0.002321,0.002251,0.002287,0.002226,0.002268,0.002274,0.002261,0.002362,0.002314,0.0023,0.002258,0.002301,0.002319963333333338,0.002308286666666667,0.0022732733333333294,0.002310436666666664
0.228,0.001934,0.002009,0.002077,0.002152,0.00229,0.002312,0.002239,0.002277,0.002218,0.002256,0.002265,0.002252,0.002353,0.0023,0.00229,0.002251,0.002294,0.002309343333333334,0.0022998233333333382,0.0022673900000000015,0.002304190000000006
0.232,0.001925,0.001999,0.002067,0.002144,0.00228,0.002303,0.00223,0.002268,0.00221,0.00225,0.002256,0.00225,0.002345,0.002297,0.002282,0.002241,0.002286,0.0023027599999999974,0.0022899933333333376,0.0022556000000000065,0.002294556666666673
0.236,0.001916,0.001992,0.002061,0.002137,0.002272,0.002294,0.002224,0.00226,0.002202,0.002243,0.00225,0.002238,0.002338,0.00229,0.002273,0.002236,0.002274,0.0022941433333333377,0.0022789566666666693,0.002246576666666673,0.0022820433333333354
0.24,0.001908,0.001982,0.002051,0.002128,0.002263,0.002286,0.002216,0.002252,0.002196,0.002233,0.002243,0.002234,0.002328,0.002282,0.002265,0.002228,0.002268,0.002281513333333339,0.0022660933333333287,0.0022323300000000033,0.0022690266666666728
0.244,0.001899,0.001975,0.002043,0.00212,0.002253,0.002278,0.002211,0.002241,0.00219,0.002226,0.002233,0.002221,0.002322,0.002271,0.002254,0.002219,0.00226,0.002272386666666675,0.002255826666666657,0.0022216700000000015,0.0022612133333333373
0.248,0.001888,0.001966,0.002035,0.002111,0.002245,0.002268,0.002202,0.002235,0.002183,0.002217,0.002228,0.002216,0.002312,0.002266,0.00225,0.002211,0.002254,0.0022660833333333318,0.0022491866666666553,0.0022137833333333327,0.0022552733333333287
0.252,0.001883,0.00196,0.002028,0.002104,0.002236,0.00226,0.002196,0.002227,0.002177,0.00221,0.002221,0.00221,0.002307,0.002255,0.002239,0.002201,0.002246,0.0022590333333333363,0.0022380499999999936,0.002207973333333335,0.0022488833333333316
0.256,0.001875,0.001952,0.002019,0.002096,0.002229,0.002252,0.002187,0.002221,0.002172,0.002199,0.002215,0.002206,0.002302,0.002252,0.002198,0.002199,0.002238,0.0022557300000000027,0.0022174199999999986,0.002206363333333331,0.002243589999999996
0.26,0.001866,0.001944,0.002012,0.002087,0.00222,0.002244,0.00218,0.002212,0.002166,0.002195,0.002205,0.002197,0.002291,0.002244,0.002226,0.002187,0.00223,0.00224461000000001,0.002223133333333327,0.002192470000000007,0.002232086666666662
0.264,0.00186,0.001935,0.002001,0.002079,0.002212,0.002236,0.002174,0.002207,0.002162,0.002186,0.0022,0.002192,0.002283,0.002236,0.002221,0.002186,0.002225,0.0022379766666666755,0.002221523333333334,0.002188123333333343,0.002226663333333337
0.268,0.001852,0.001929,0.00199,0.002071,0.002204,0.002228,0.002166,0.0022,0.002157,0.002179,0.002194,0.002188,0.002276,0.002232,0.002213,0.002178,0.002219,0.002232440000000007,0.002213673333333342,0.0021803766666666745,0.0022196400000000036
0.272,0.001846,0.00192,0.001995,0.002064,0.002197,0.002222,0.002158,0.002194,0.002155,0.002174,0.002188,0.002182,0.002269,0.002225,0.002206,0.002171,0.00221,0.002226436666666668,0.002207480000000006,0.002173626666666666,0.0022119833333333373
0.276,0.001838,0.001914,0.00199,0.002056,0.002189,0.002213,0.002153,0.002187,0.002153,0.002166,0.002183,0.002176,0.002262,0.002224,0.002202,0.002168,0.002209,0.002225620000000003,0.0022057633333333374,0.00217382666666666,0.002212433333333338
0.28,0.001831,0.001906,0.001985,0.002048,0.002181,0.002206,0.002144,0.002182,0.002151,0.002161,0.002177,0.002171,0.002257,0.002214,0.002197,0.002161,0.0022,0.002218183333333338,0.0022011633333333374,0.0021699533333333345,0.0022068033333333273
0.284,0.001823,0.0019,0.001979,0.002041,0.002174,0.002198,0.002141,0.002176,0.002151,0.002157,0.002175,0.002168,0.002254,0.002212,0.002192,0.002159,0.002201,0.002214549999999996,0.002196276666666668,0.0021677933333333435,0.002204383333333335
0.288,0.001816,0.001891,0.001973,0.002034,0.002168,0.002191,0.002133,0.002171,0.002149,0.002156,0.00217,0.002165,0.002248,0.002208,0.002189,0.00216,0.002189,0.002210833333333329,0.0021922033333333308,0.002165256666666675,0.0021956800000000015
0.292,0.001807,0.001883,0.001967,0.002028,0.00216,0.002184,0.002129,0.002168,0.00215,0.002147,0.002168,0.002161,0.002246,0.002206,0.002184,0.002152,0.002191,0.002213016666666672,0.0021933433333333314,0.0021685066666666717,0.0022024200000000087
0.296,0.001804,0.001878,0.001961,0.002022,0.002153,0.002177,0.002123,0.002164,0.002152,0.002146,0.002167,0.00216,0.002244,0.002207,0.002179,0.002155,0.002192,0.002207926666666663,0.00218084666666667,0.002155820000000008,0.0021922366666666717
0.3,0.001795,0.001872,0.001954,0.002017,0.002147,0.00217,0.002118,0.00216,0.002152,0.002143,0.002162,0.00216,0.002244,0.002211,0.002178,0.002151,0.002192,0.002210559999999997,0.0021808433333333405,0.002156053333333342,0.002194730000000003
0.304,0.001787,0.001865,0.001947,0.002012,0.002141,0.002164,0.002114,0.002156,0.002151,0.00214,0.002159,0.002158,0.002239,0.002202,0.002175,0.002151,0.002187,0.002202953333333332,0.0021757066666666693,0.0021509966666666738,0.002187476666666669
0.308,0.00178,0.001857,0.001941,0.002007,0.002134,0.002158,0.002107,0.002152,0.002151,0.002139,0.002158,0.002155,0.002238,0.0022,0.002176,0.002148,0.002185,0.0022002733333333258,0.002175106666666661,0.002148246666666671,0.0021848533333333297
0.312,0.001773,0.001851,0.001935,0.001999,0.002128,0.002152,0.002104,0.002147,0.002148,0.00214,0.00216,0.002154,0.002236,0.002201,0.002173,0.002148,0.002184,0.0022004799999999995,0.0021725266666666587,0.0021468866666666695,0.0021834266666666655
0.316,0.001767,0.001846,0.001929,0.001996,0.002123,0.002146,0.002102,0.002143,0.002147,0.002138,0.002159,0.002156,0.002236,0.0022,0.002171,0.002144,0.002183,0.0021997133333333243,0.002171079999999998,0.0021444600000000004,0.002182400000000005
0.32,0.001763,0.00184,0.001923,0.00199,0.002116,0.002141,0.002097,0.00214,0.002141,0.00214,0.002159,0.002153,0.002236,0.002199,0.002169,0.002145,0.002179,0.0021990166666666596,0.00216961999999999,0.002144589999999996,0.0021798933333333353
0.324,0.001756,0.001832,0.00192,0.001985,0.002111,0.002136,0.002091,0.002134,0.002133,0.002138,0.002156,0.002148,0.002232,0.002197,0.002166,0.002133,0.002174,0.0021951933333333364,0.0021657066666666684,0.002134440000000006,0.0021737033333333383
0.328,0.001752,0.001829,0.001914,0.00198,0.002106,0.002131,0.002086,0.002127,0.002128,0.002138,0.002156,0.002146,0.002231,0.002192,0.002164,0.002134,0.002175,0.0021925533333333365,0.002164393333333342,0.002134343333333334,0.0021743766666666702
0.332,0.001744,0.001822,0.001936,0.001975,0.002101,0.002127,0.002081,0.002122,0.002117,0.002138,0.002154,0.002143,0.002227,0.002186,0.002156,0.002127,0.002169,0.0021871433333333396,0.0021589700000000035,0.0021298066666666617,0.002169536666666661
0.336,0.00174,0.001816,0.001899,0.00197,0.002095,0.002121,0.002076,0.002115,0.002104,0.002134,0.00215,0.002138,0.002223,0.00218,0.002153,0.002115,0.002163,0.002179753333333331,0.0021531199999999984,0.0021179066666666586,0.0021630466666666746
0.34,0.001733,0.001811,0.001895,0.001965,0.002089,0.002117,0.002071,0.002107,0.002096,0.002134,0.002145,0.002133,0.002218,0.002171,0.002143,0.002104,0.002153,0.0021709166666666665,0.002143050000000001,0.0021058233333333303,0.0021535766666666636
0.344,0.001728,0.001805,0.001891,0.001959,0.002084,0.002112,0.002065,0.0021,0.002084,0.002126,0.002139,0.002123,0.00221,0.002162,0.002131,0.002095,0.002148,0.0021633733333333307,0.002134969999999998,0.0021003799999999998,0.002148606666666667
0.348,0.00172,0.0018,0.001884,0.001953,0.00208,0.002107,0.002058,0.002093,0.002073,0.00212,0.00213,0.002118,0.002203,0.002153,0.002124,0.002085,0.002134,0.002155559999999995,0.0021284733333333363,0.002093563333333335,0.0021401733333333353
0.352,0.001719,0.001795,0.00188,0.001948,0.002074,0.002101,0.00205,0.002084,0.002062,0.002115,0.002122,0.002103,0.002193,0.002142,0.002111,0.002077,0.002128,0.0021456733333333235,0.0021193766666666586,0.0020878699999999995,0.0021338800000000055
0.356,0.001714,0.001787,0.001876,0.001942,0.002069,0.002097,0.002044,0.002077,0.00205,0.002101,0.002111,0.002096,0.002184,0.002127,0.002101,0.002062,0.002115,0.002137736666666661,0.002115450000000005,0.002085183333333336,0.0021307133333333264
0.36,0.001709,0.001779,0.00187,0.001936,0.002063,0.002093,0.002036,0.002069,0.00204,0.002095,0.002099,0.002082,0.002172,0.00212,0.002091,0.002046,0.002103,0.0021289666666666723,0.002106143333333331,0.0020732533333333303,0.002119966666666664
0.364,0.001699,0.001772,0.001866,0.001932,0.002058,0.002087,0.002031,0.002066,0.002034,0.002085,0.002091,0.002076,0.002163,0.002109,0.002081,0.002041,0.002096,0.002118086666666679,0.0020957233333333334,0.0020635999999999953,0.002109473333333326
0.368,0.001695,0.001778,0.001863,0.001926,0.002053,0.002081,0.002024,0.002058,0.002024,0.002076,0.002078,0.002064,0.002152,0.002097,0.00207,0.00203,0.002085,0.0020995466666666723,0.0020762633333333367,0.0020409133333333255,0.0020885866666666675
0.372,0.001689,0.001774,0.001855,0.00192,0.002046,0.002075,0.002016,0.002051,0.002017,0.002064,0.002067,0.002052,0.002142,0.002087,0.002061,0.002016,0.002075,0.002088669999999999,0.00206397666666666,0.002023320000000004,0.0020786633333333355
0.376,0.001694,0.001769,0.001851,0.001914,0.002041,0.002068,0.002009,0.002046,0.002009,0.00205,0.002057,0.002045,0.002132,0.002079,0.00205,0.002004,0.002067,0.0020804666666666733,0.00205327333333333,0.0020106333333333357,0.0020689500000000026
0.38,0.001688,0.001765,0.001845,0.00191,0.002034,0.002063,0.002003,0.002039,0.002004,0.002045,0.002046,0.002035,0.002122,0.00207,0.00204,0.001999,0.002061,0.00207140333333334,0.0020431799999999995,0.002002419999999993,0.0020613566666666627
0.384,0.001684,0.001763,0.001844,0.001904,0.002028,0.002056,0.001997,0.002033,0.001996,0.002034,0.002038,0.00203,0.002114,0.002062,0.002036,0.001989,0.002052,0.0020620833333333402,0.0020357166666666693,0.001991460000000004,0.00205090333333334
0.388,0.001681,0.00176,0.001835,0.001899,0.002023,0.00205,0.001991,0.002029,0.00199,0.002025,0.002026,0.002017,0.002105,0.002053,0.002025,0.001981,0.002039,0.002053546666666672,0.0020255433333333404,0.001981933333333337,0.0020411533333333414
0.392,0.001677,0.001757,0.001834,0.001895,0.002017,0.002044,0.001985,0.002023,0.001987,0.002019,0.002019,0.002014,0.0021,0.002048,0.002017,0.001972,0.002036,0.0020488166666666713,0.002019233333333339,0.0019750699999999937,0.002038153333333339
0.396,0.001677,0.001754,0.00183,0.00189,0.002012,0.002038,0.001982,0.002019,0.00198,0.002011,0.002011,0.002003,0.002093,0.00204,0.002012,0.001967,0.002039,0.0020417866666666657,0.0020143400000000073,0.0019698800000000024,0.002035153333333342
0.4,0.001673,0.001749,0.001826,0.001886,0.002007,0.002031,0.001976,0.002016,0.001977,0.002004,0.002005,0.002,0.002083,0.002033,0.002006,0.001958,0.002016,0.002036486666666664,0.0020101033333333345,0.0019657133333333397,0.0020230966666666722
0.404,0.001671,0.001748,0.001818,0.001881,0.002001,0.002026,0.001971,0.002011,0.001972,0.001997,0.001999,0.001991,0.002077,0.00203,0.001997,0.001955,0.002015,0.0020314599999999928,0.0020014766666666766,0.001960610000000002,0.002018149999999995
0.408,0.001668,0.001743,0.001813,0.001876,0.001998,0.00202,0.001965,0.002007,0.001967,0.00199,0.001993,0.001987,0.00207,0.00202,0.001996,0.001947,0.002006,0.00202237333333334,0.001996559999999999,0.0019514833333333312,0.002010036666666663
0.412,0.001664,0.00174,0.001809,0.001873,0.001992,0.002015,0.001963,0.002003,0.001964,0.001983,0.001987,0.001984,0.002068,0.002017,0.001988,0.001942,0.002005,0.002018873333333338,0.0019920833333333275,0.00194895,0.002009446666666664
0.416,0.001663,0.001737,0.001804,0.001868,0.001987,0.002009,0.001957,0.001999,0.001959,0.00198,0.001979,0.001975,0.00206,0.002008,0.00198,0.001938,0.001996,0.0020113833333333373,0.0019845366666666597,0.001942899999999999,0.0020002633333333314
0.42,0.001659,0.001733,0.001799,0.001862,0.001982,0.002004,0.001952,0.001997,0.001956,0.001972,0.001975,0.001972,0.002054,0.002006,0.001978,0.001927,0.00199,0.0020109933333333314,0.0019845166666666633,0.001941003333333338,0.0020003400000000015
0.424,0.001656,0.00173,0.001794,0.001859,0.001978,0.002,0.001949,0.001991,0.001954,0.001971,0.001966,0.001968,0.002047,0.002,0.001972,0.001922,0.001986,0.0020044833333333345,0.0019786666666666572,0.0019337633333333278,0.0019924700000000005
0.428,0.001652,0.001726,0.001792,0.001855,0.001973,0.001996,0.001945,0.00199,0.001949,0.001963,0.001966,0.001965,0.002045,0.001998,0.00197,0.001917,0.001975,0.0020030766666666714,0.0019781033333333433,0.0019333599999999973,0.0019881833333333303
0.432,0.001651,0.001722,0.001788,0.001851,0.00197,0.001991,0.001941,0.001986,0.001944,0.001958,0.00196,0.001958,0.002042,0.001991,0.001963,0.001915,0.001971,0.0019924200000000013,0.0019666600000000055,0.0019223300000000014,0.001974896666666662
0.436,0.001649,0.00172,0.001785,0.001849,0.001966,0.001987,0.001938,0.001984,0.001942,0.001956,0.001957,0.001954,0.002039,0.001986,0.001962,0.001913,0.001962,0.001989523333333335,0.0019659533333333395,0.0019220600000000039,0.0019696866666666724
0.44,0.001645,0.001716,0.001782,0.001846,0.001961,0.001984,0.001933,0.001982,0.001936,0.001951,0.001954,0.001947,0.002032,0.001984,0.001957,0.001907,0.00196,0.0019833133333333297,0.00195753666666666,0.0019089366666666643,0.0019584066666666687
0.444,0.001641,0.001715,0.001777,0.001842,0.001958,0.00198,0.00193,0.001978,0.001933,0.001946,0.001947,0.001946,0.002028,0.00198,0.001953,0.001902,0.001951,0.001978473333333326,0.0019522166666666577,0.0019024066666666636,0.0019512466666666657
0.448,0.001639,0.001711,0.001774,0.001839,0.001954,0.001976,0.001927,0.001976,0.00193,0.001945,0.001945,0.001942,0.002024,0.001971,0.001945,0.001895,0.001947,0.001972336666666661,0.001946873333333321,0.0018971999999999945,0.0019464333333333312
0.452,0.001635,0.001707,0.001768,0.001835,0.00195,0.001973,0.001923,0.001972,0.001928,0.001939,0.001943,0.001937,0.002018,0.001967,0.001945,0.001892,0.00194,0.001969336666666667,0.0019447533333333252,0.0018939366666666658,0.0019399633333333354
0.456,0.001633,0.001705,0.001765,0.001831,0.001947,0.001968,0.001919,0.001969,0.001922,0.001935,0.001937,0.001936,0.002017,0.001965,0.001939,0.001891,0.001934,0.0019720533333333298,0.0019407366666666748,0.0018936099999999922,0.001935133333333331
0.46,0.00163,0.0017,0.001763,0.001828,0.001944,0.001966,0.001916,0.001968,0.001919,0.001932,0.001935,0.001931,0.002009,0.001992,0.001939,0.001889,0.001928,0.0019817566666666627,0.001938793333333343,0.001889799999999994,0.0019302800000000012
0.464,0.001626,0.001698,0.001759,0.001824,0.00194,0.001963,0.001913,0.001964,0.001915,0.001926,0.001929,0.001929,0.002008,0.001959,0.001933,0.001879,0.001927,0.001963706666666666,0.0019345100000000015,0.0018837200000000024,0.0019281900000000056
0.468,0.001623,0.001693,0.001755,0.001821,0.001938,0.001959,0.001909,0.00196,0.001912,0.001924,0.001928,0.001927,0.002003,0.001955,0.001929,0.001879,0.001921,0.0019580500000000007,0.0019314466666666653,0.001883156666666669,0.001925483333333333
0.472,0.001619,0.00169,0.001753,0.001817,0.001935,0.001956,0.001906,0.001957,0.00191,0.001919,0.001924,0.001924,0.001997,0.001951,0.001923,0.001871,0.001915,0.0019519999999999987,0.0019262266666666688,0.00187772666666667,0.0019185899999999997
0.476,0.001616,0.001686,0.001749,0.001814,0.001932,0.001953,0.001904,0.001955,0.001906,0.001917,0.001919,0.001919,0.001999,0.001947,0.001924,0.001873,0.001915,0.0019463766666666653,0.0019232899999999983,0.0018737466666666727,0.0019133333333333346
0.48,0.001612,0.001684,0.001744,0.001812,0.001928,0.00195,0.0019,0.00195,0.001904,0.001916,0.001916,0.001917,0.001994,0.00194,0.001917,0.001867,0.001908,0.0019427900000000035,0.0019193433333333316,0.0018709400000000002,0.001911336666666673
0.484,0.001609,0.00168,0.001741,0.001807,0.001924,0.001946,0.001896,0.001948,0.001898,0.001909,0.001911,0.00191,0.001988,0.001941,0.001914,0.001864,0.001906,0.0019425266666666704,0.0019176866666666724,0.0018713166666666625,0.001911850000000002
0.488,0.001604,0.001677,0.001739,0.001804,0.001921,0.001943,0.001893,0.001943,0.001895,0.001907,0.001907,0.001909,0.001986,0.001934,0.00191,0.001858,0.001901,0.0019375533333333306,0.0019130300000000041,0.0018646833333333416,0.0019056366666666653
0.492,0.001601,0.001672,0.001736,0.001801,0.001918,0.00194,0.001891,0.001939,0.001893,0.001905,0.001902,0.001905,0.001983,0.001937,0.001905,0.001858,0.001898,0.001936080000000001,0.001907030000000001,0.0018595333333333427,0.0018983099999999985
0.496,0.001597,0.00167,0.00173,0.001797,0.001915,0.001937,0.001887,0.001937,0.001889,0.001899,0.0019,0.001903,0.001975,0.001933,0.001905,0.001853,0.001891,0.0019324233333333338,0.0019048299999999989,0.0018540199999999985,0.0018931233333333271
0.5,0.001593,0.001667,0.001731,0.001795,0.001911,0.001935,0.001883,0.001935,0.001884,0.001897,0.001896,0.001895,0.001975,0.001925,0.001903,0.001849,0.001892,0.0019265499999999987,0.0019023733333333281,0.0018507133333333292,0.0018924900000000014
0.504,0.001589,0.001664,0.001727,0.001791,0.001908,0.00193,0.001879,0.001931,0.001881,0.001894,0.001894,0.001891,0.00197,0.001922,0.001893,0.001844,0.001887,0.0019233999999999929,0.0018958233333333304,0.0018470066666666685,0.0018889233333333388
0.508,0.001587,0.00166,0.001722,0.00179,0.001905,0.001927,0.001877,0.001927,0.001877,0.00189,0.001891,0.001891,0.001965,0.00192,0.001893,0.00184,0.001886,0.001920073333333328,0.0018931533333333295,0.001841056666666668,0.0018846066666666703
0.512,0.001583,0.001658,0.00172,0.001787,0.001902,0.001925,0.001874,0.001924,0.001874,0.001886,0.001886,0.001884,0.001966,0.001919,0.001892,0.00184,0.001878,0.0019191533333333356,0.0018927233333333353,0.0018411900000000014,0.0018801533333333339
0.516,0.00158,0.001653,0.001717,0.001783,0.001898,0.001922,0.001871,0.00192,0.00187,0.001883,0.001883,0.001884,0.001958,0.001913,0.001888,0.001834,0.001875,0.001914056666666672,0.0018884800000000023,0.0018350733333333364,0.0018751033333333337
0.52,0.001576,0.001651,0.001714,0.00178,0.001895,0.001918,0.001868,0.001917,0.001865,0.001877,0.001879,0.001878,0.001957,0.001912,0.001885,0.001829,0.001869,0.0019105466666666734,0.0018836600000000092,0.001829090000000007,0.001868896666666671
0.524,0.001573,0.001646,0.00171,0.001777,0.001892,0.001916,0.001866,0.001915,0.001865,0.001875,0.001875,0.00188,0.00195,0.001907,0.001879,0.001827,0.001867,0.0019068599999999987,0.0018800466666666709,0.0018280133333333397,0.001866103333333334
0.528,0.00157,0.001644,0.001707,0.001774,0.001889,0.001914,0.001863,0.001911,0.001861,0.001869,0.001873,0.001875,0.001952,0.001902,0.001878,0.001826,0.001861,0.001903286666666667,0.001878110000000003,0.0018258966666666646,0.0018627800000000014
0.532,0.001567,0.00164,0.001704,0.001774,0.001887,0.001911,0.001859,0.001907,0.001858,0.001868,0.001869,0.001871,0.001944,0.0019,0.001873,0.00182,0.001863,0.0019000666666666732,0.0018733133333333402,0.0018209166666666636,0.001861466666666665
0.536,0.001562,0.001637,0.0017,0.001766,0.001884,0.001907,0.001857,0.001904,0.001854,0.001864,0.001866,0.001865,0.001944,0.001897,0.001869,0.001817,0.001856,0.001896253333333332,0.0018677233333333377,0.0018167933333333372,0.001855466666666669
0.54,0.001559,0.001634,0.001696,0.001765,0.001881,0.001905,0.001854,0.001902,0.001851,0.00186,0.001863,0.001863,0.001941,0.001894,0.001862,0.001815,0.001853,0.0018942499999999992,0.0018642099999999968,0.0018156500000000052,0.0018532733333333302
0.544,0.001557,0.001631,0.001691,0.001763,0.001879,0.001902,0.001851,0.001897,0.001849,0.001858,0.001858,0.001862,0.001937,0.001891,0.001865,0.001813,0.001848,0.0018911066666666592,0.0018646300000000034,0.0018135600000000023,0.0018499366666666654
0.548,0.001553,0.001628,0.00169,0.00176,0.001875,0.001898,0.001848,0.001895,0.001845,0.001855,0.001859,0.001856,0.001934,0.001884,0.001858,0.001803,0.001847,0.0018860199999999976,0.0018594433333333424,0.0018064033333333326,0.0018475233333333297
0.552,0.001549,0.001625,0.001688,0.001757,0.001872,0.001895,0.001845,0.001891,0.001842,0.001852,0.001856,0.001853,0.00193,0.001886,0.001857,0.001803,0.001841,0.0018863933333333372,0.0018586266666666673,0.0018083299999999984,0.0018454566666666595
0.556,0.001546,0.001621,0.001685,0.001757,0.001871,0.001892,0.001842,0.001888,0.00184,0.001849,0.00185,0.00185,0.001925,0.001881,0.001852,0.001805,0.001841,0.001882206666666672,0.0018544533333333339,0.0018084099999999958,0.00184306666666666
0.56,0.001544,0.001616,0.001682,0.001752,0.001868,0.001889,0.001839,0.001885,0.001833,0.001846,0.001847,0.001847,0.001924,0.001876,0.001851,0.001799,0.001834,0.0018819133333333308,0.0018564433333333305,0.0018182699999999962,0.0018459866666666654
0.564,0.00154,0.001614,0.001679,0.001749,0.001865,0.001886,0.001836,0.001882,0.001833,0.001843,0.001846,0.001844,0.001917,0.001877,0.001837,0.001832,0.001833,0.001878770000000005,0.0018459366666666594,0.0018282966666666638,0.0018390133333333262
0.568,0.001537,0.00161,0.001672,0.001747,0.001861,0.001883,0.001833,0.001879,0.001828,0.001841,0.00184,0.001839,0.001917,0.001873,0.001844,0.001793,0.001824,0.0018782066666666738,0.0018506033333333327,0.001810846666666663,0.001837786666666666
0.572,0.001532,0.001609,0.001668,0.001746,0.001859,0.001879,0.001831,0.001876,0.001828,0.001839,0.001839,0.001839,0.001913,0.001869,0.001841,0.001789,0.001825,0.0018737300000000047,0.001846979999999994,0.0018025599999999986,0.0018342500000000017
0.576,0.001529,0.001605,0.001676,0.001743,0.001857,0.001875,0.001828,0.001874,0.001826,0.001837,0.001836,0.001831,0.00191,0.001868,0.001835,0.001786,0.00182,0.0018691066666666608,0.001838943333333329,0.0017934966666666666,0.0018258833333333316
0.58,0.001526,0.001601,0.001669,0.001739,0.001853,0.001873,0.001826,0.00187,0.001819,0.00183,0.001832,0.001834,0.001905,0.00186,0.001834,0.001783,0.001816,0.0018642966666666545,0.0018378366666666694,0.0017909433333333298,0.001824113333333331
0.584,0.001522,0.001599,0.001669,0.001732,0.001849,0.00187,0.001823,0.001868,0.001821,0.001829,0.001829,0.001828,0.001904,0.00186,0.001831,0.001771,0.001816,0.0018632599999999883,0.001835830000000009,0.0017849633333333374,0.0018233333333333305
0.588,0.00152,0.001597,0.001665,0.001731,0.001846,0.001867,0.001821,0.001866,0.001817,0.001827,0.001825,0.001828,0.001897,0.001855,0.001826,0.00178,0.00181,0.0018571666666666639,0.00182835,0.0017817366666666682,0.0018135899999999932
0.592,0.001517,0.001594,0.00166,0.00173,0.001843,0.001863,0.001817,0.001862,0.001815,0.00182,0.001819,0.001826,0.001896,0.001857,0.001824,0.001779,0.001808,0.0018560499999999975,0.001824266666666668,0.0017769733333333274,0.0018083733333333256
0.596,0.001514,0.00159,0.001661,0.001728,0.00184,0.001861,0.001816,0.00186,0.001814,0.00182,0.00182,0.001824,0.001895,0.001853,0.001823,0.001771,0.001806,0.00185398333333333,0.0018239266666666728,0.0017715466666666686,0.001808116666666656
0.6,0.001512,0.001587,0.001658,0.001725,0.001836,0.001857,0.001813,0.001858,0.001811,0.001816,0.001817,0.001821,0.001889,0.00185,0.001819,0.001736,0.001806,0.0018499633333333388,0.0018204600000000038,0.0017496266666666674,0.0018060666666666583
0.604,0.001509,0.001587,0.001656,0.001721,0.001834,0.001854,0.00181,0.001856,0.001809,0.001816,0.001815,0.001817,0.001888,0.001846,0.00182,0.001764,0.001801,0.0018477233333333376,0.0018201866666666658,0.0017613233333333292,0.0018034999999999998
0.608,0.001508,0.001584,0.001653,0.00172,0.001831,0.001851,0.001808,0.001853,0.001808,0.001814,0.001812,0.001814,0.001885,0.001847,0.001815,0.001746,0.001802,0.0018466166666666658,0.001815886666666671,0.0017584333333333394,0.001802793333333337
0.612,0.001503,0.001579,0.001651,0.001716,0.001827,0.001847,0.001806,0.001851,0.001805,0.001813,0.00181,0.001812,0.001884,0.001841,0.001813,0.001782,0.001798,0.001842539999999994,0.0018136066666666686,0.0017775933333333367,0.0017994233333333376
0.616,0.001501,0.001578,0.001645,0.001714,0.001825,0.001846,0.001804,0.001849,0.001806,0.001808,0.001807,0.001812,0.001879,0.001844,0.001811,0.001769,0.001799,0.0018424766666666665,0.0018111433333333356,0.001773796666666672,0.001798339999999999
0.62,0.001499,0.001576,0.001643,0.001711,0.001822,0.001843,0.001801,0.001847,0.001805,0.001805,0.00181,0.00181,0.001882,0.001837,0.001808,0.001787,0.001793,0.0018388266666666605,0.001809769999999995,0.001784549999999997,0.0017955966666666674
0.624,0.001496,0.001575,0.001642,0.001711,0.001819,0.00184,0.0018,0.001845,0.001804,0.001806,0.001806,0.00181,0.001878,0.00184,0.00181,0.001782,0.001796,0.00183938,0.0018101833333333257,0.0017811100000000005,0.0017965533333333394
0.628,0.001494,0.001572,0.00164,0.001708,0.001816,0.001836,0.001798,0.001844,0.001804,0.001802,0.001804,0.00181,0.001875,0.001838,0.001812,0.001775,0.001798,0.0018383166666666687,0.0018114933333333283,0.001777453333333337,0.001798433333333336
0.632,0.00149,0.001569,0.001638,0.001707,0.001814,0.001835,0.001796,0.001843,0.001805,0.001802,0.001802,0.001809,0.001877,0.001837,0.001809,0.001779,0.001799,0.0018381499999999943,0.0018101533333333309,0.0017801799999999917,0.0017998333333333308
0.636,0.001489,0.001569,0.001637,0.001704,0.001811,0.001832,0.001795,0.001843,0.001807,0.001803,0.001802,0.001807,0.001878,0.001842,0.001814,0.001789,0.001805,0.0018411200000000032,0.0018135099999999945,0.0017842666666666636,0.0018036166666666627
0.64,0.001489,0.001568,0.001634,0.001701,0.00181,0.001829,0.001793,0.001843,0.00181,0.001802,0.001802,0.001809,0.001874,0.001839,0.001818,0.001777,0.001806,0.0018406766666666638,0.0018154433333333257,0.0017807899999999928,0.0018062099999999915
0.644,0.001488,0.001564,0.001632,0.001698,0.001806,0.001828,0.001793,0.001844,0.001813,0.001801,0.001797,0.001809,0.00188,0.001845,0.001805,0.001786,0.001809,0.001844609999999997,0.0018099999999999965,0.0017876933333333326,0.0018097799999999978
0.648,0.001484,0.001565,0.001631,0.001697,0.001804,0.001825,0.001791,0.001845,0.001817,0.0018,0.001799,0.00181,0.001877,0.001846,0.001814,0.001798,0.001815,0.0018468000000000022,0.0018149333333333283,0.0017983366666666672,0.001815763333333336
0.652,0.001484,0.001565,0.00163,0.001696,0.001802,0.001823,0.001791,0.001846,0.001821,0.001801,0.001801,0.001815,0.001879,0.001851,0.001817,0.00181,0.001822,0.0018495166666666685,0.0018169333333333344,0.0018034833333333278,0.0018185633333333295
0.656,0.001482,0.001564,0.001627,0.001693,0.0018,0.001821,0.00179,0.001847,0.001826,0.001802,0.001805,0.001816,0.001881,0.001856,0.001828,0.001822,0.001835,0.00185564666666667,0.001827780000000003,0.0018190466666666608,0.0018318099999999956
0.66,0.001481,0.001562,0.001626,0.001694,0.001798,0.00182,0.00179,0.001851,0.001831,0.001804,0.001807,0.001819,0.001885,0.001865,0.001844,0.001835,0.001846,0.0018639166666666706,0.0018423600000000025,0.0018346066666666608,0.0018448966666666689
0.664,0.001481,0.001559,0.001625,0.001692,0.001796,0.001818,0.001791,0.001854,0.00184,0.001808,0.00181,0.001825,0.001887,0.001869,0.001855,0.001853,0.001855,0.0018714266666666713,0.0018564033333333338,0.001857119999999995,0.0018611200000000008
0.668,0.001481,0.00156,0.001625,0.001691,0.001795,0.001815,0.001792,0.001861,0.001851,0.001811,0.001814,0.001827,0.001897,0.00188,0.001863,0.001875,0.001872,0.0018819599999999963,0.001865036666666665,0.001876703333333332,0.001876449999999997
0.672,0.00148,0.001559,0.001624,0.00169,0.001793,0.001816,0.001793,0.001866,0.001861,0.001815,0.00182,0.001839,0.001903,0.001891,0.001867,0.001893,0.001893,0.00189379999999999,0.0018732099999999993,0.0018969766666666636,0.0018970133333333313
0.676,0.00148,0.001558,0.001624,0.00169,0.001792,0.001815,0.001794,0.00187,0.001872,0.001822,0.001826,0.001847,0.00191,0.001909,0.00189,0.001917,0.001914,0.0019103799999999975,0.0018940299999999988,0.0019205166666666636,0.0019179300000000063
0.68,0.001477,0.001557,0.001621,0.001689,0.001791,0.001815,0.001796,0.001879,0.001883,0.001829,0.001835,0.001854,0.001919,0.001918,0.001913,0.001943,0.001935,0.0019260999999999903,0.0019218066666666688,0.001954363333333329,0.001949063333333341
0.684,0.001478,0.001558,0.001624,0.001687,0.00179,0.001815,0.001799,0.001886,0.001896,0.001836,0.001846,0.001869,0.001931,0.001934,0.001926,0.001967,0.001956,0.0019386966666666598,0.0019340899999999953,0.0019751666666666706,0.0019668066666666695
0.688,0.001477,0.001558,0.001622,0.001689,0.001789,0.001814,0.001802,0.001896,0.00191,0.001844,0.001852,0.00188,0.001943,0.001953,0.001948,0.001998,0.001981,0.0019586066666666606,0.001954359999999999,0.0020049033333333407,0.0019920633333333393
0.692,0.001477,0.001556,0.001622,0.001689,0.001788,0.001814,0.001805,0.001905,0.001924,0.001855,0.001869,0.001895,0.001955,0.001973,0.001966,0.002037,0.002009,0.001978273333333333,0.0019777133333333413,0.0020446066666666655,0.00202687666666667
0.696,0.001476,0.001556,0.001623,0.001689,0.00179,0.001815,0.001809,0.001916,0.001936,0.001868,0.001881,0.001906,0.001975,0.001995,0.001993,0.002073,0.002039,0.001995733333333335,0.0019961966666666746,0.002070769999999997,0.00204600333333334
0.7,0.001476,0.001558,0.001624,0.00169,0.001789,0.001817,0.001813,0.001926,0.001949,0.001879,0.001896,0.001926,0.001988,0.002019,0.002014,0.002106,0.002065,0.0020173333333333297,0.002016033333333332,0.0021006066666666725,0.0020690333333333293
0.704,0.001475,0.001558,0.001627,0.001691,0.001791,0.001819,0.001817,0.001935,0.001962,0.001894,0.001913,0.001941,0.002009,0.002039,0.002038,0.002135,0.002096,0.0020381800000000053,0.0020410966666666625,0.002131073333333334,0.002100786666666659
0.708,0.001475,0.001558,0.001625,0.001693,0.001791,0.001821,0.001823,0.001944,0.001973,0.00191,0.001928,0.001956,0.002022,0.002061,0.00207,0.002178,0.002123,0.002056606666666659,0.002066593333333337,0.0021639100000000067,0.002127159999999993
0.712,0.001476,0.001558,0.001626,0.001693,0.001791,0.001823,0.001826,0.00195,0.00198,0.001924,0.001943,0.001973,0.002043,0.002084,0.002092,0.002202,0.002152,0.002081476666666656,0.002092203333333328,0.0021958733333333363,0.002157973333333333
0.716,0.001477,0.001558,0.001627,0.001694,0.001794,0.001827,0.001831,0.00196,0.001989,0.001941,0.001961,0.001991,0.00206,0.002104,0.002117,0.002232,0.002179,0.0021032499999999944,0.0021168466666666667,0.0022254866666666733,0.002186716666666667
0.72,0.001477,0.001559,0.001629,0.001695,0.001795,0.001831,0.001834,0.001965,0.001995,0.001959,0.001979,0.002008,0.002079,0.002123,0.002136,0.002257,0.002208,0.0021235466666666585,0.0021353433333333445,0.0022503833333333287,0.0022126799999999947
0.724,0.001476,0.001559,0.00163,0.001695,0.001797,0.001835,0.001838,0.001968,0.001998,0.001972,0.001992,0.002021,0.002094,0.002146,0.002149,0.002279,0.002233,0.0021439499999999934,0.002151323333333334,0.002271366666666666,0.002238080000000002
0.728,0.001477,0.001558,0.00163,0.001697,0.001799,0.001838,0.00184,0.001972,0.001999,0.001987,0.002008,0.002037,0.002108,0.00216,0.002174,0.002307,0.002254,0.0021556966666666697,0.002168850000000005,0.0022905299999999933,0.00225471666666666
0.732,0.001476,0.001559,0.001632,0.001698,0.001802,0.001842,0.001843,0.001972,0.002,0.002002,0.002022,0.00205,0.002125,0.002171,0.002192,0.002315,0.002276,0.0021681466666666673,0.0021858866666666686,0.002303676666666661,0.0022763233333333234
0.736,0.001477,0.00156,0.001631,0.001698,0.001803,0.001845,0.001845,0.001971,0.001997,0.002014,0.002037,0.002068,0.00214,0.002187,0.002203,0.002316,0.002295,0.002184643333333338,0.0022008699999999976,0.002307466666666659,0.002290820000000002
0.74,0.001476,0.001561,0.00163,0.001699,0.001806,0.001849,0.001845,0.001969,0.001996,0.002026,0.002046,0.002069,0.002149,0.002199,0.002215,0.002308,0.002315,0.002193459999999998,0.0022090733333333325,0.0023036199999999897,0.002306066666666665
0.744,0.001478,0.001561,0.001631,0.001699,0.001809,0.001852,0.001846,0.001966,0.001993,0.002034,0.002056,0.002078,0.00216,0.00221,0.00222,0.00237,0.002325,0.002206183333333336,0.002218940000000001,0.0023598966666666605,0.002326240000000009
0.748,0.001478,0.001561,0.001631,0.001698,0.00181,0.001855,0.001845,0.001961,0.001986,0.002041,0.002063,0.002076,0.002166,0.002207,0.002228,0.002395,0.00234,0.002207193333333331,0.0022258200000000034,0.002383090000000003,0.0023409300000000063
0.752,0.001479,0.00156,0.001632,0.001699,0.001813,0.001857,0.001845,0.001955,0.001981,0.002049,0.002068,0.002084,0.002172,0.002213,0.002232,0.002398,0.002349,0.0022108933333333416,0.002229866666666673,0.0023833066666666732,0.0023458866666666734
0.756,0.001478,0.001561,0.00163,0.001698,0.001813,0.001857,0.001844,0.00195,0.001975,0.002048,0.002069,0.002086,0.002177,0.002214,0.002231,0.002384,0.00236,0.0022124733333333414,0.002231576666666662,0.0023804466666666768,0.0023558333333333335
0.76,0.001479,0.001562,0.001631,0.001699,0.001813,0.001857,0.001843,0.001944,0.001969,0.00205,0.002072,0.002088,0.002178,0.00221,0.002241,0.002397,0.002366,0.0022102766666666734,0.002238123333333337,0.0023860266666666614,0.002362213333333327
0.764,0.00148,0.001561,0.001633,0.0017,0.001815,0.001857,0.001841,0.001938,0.001965,0.00205,0.002076,0.002089,0.002179,0.002214,0.00224,0.002382,0.002374,0.002212526666666674,0.0022393666666666733,0.00237277333333333,0.002366383333333325
0.768,0.001479,0.001563,0.001632,0.0017,0.001815,0.001857,0.001838,0.001932,0.001956,0.002046,0.00207,0.002085,0.00218,0.002209,0.002253,0.002377,0.002377,0.002210243333333342,0.002246316666666659,0.002374686666666661,0.002373609999999995
0.772,0.00148,0.001563,0.001631,0.001699,0.001814,0.001857,0.001838,0.001926,0.001952,0.002043,0.002069,0.002081,0.002178,0.002209,0.002227,0.002373,0.002376,0.0022080866666666747,0.002228943333333325,0.0023738899999999953,0.002372340000000003
0.776,0.001483,0.001566,0.00163,0.001701,0.001815,0.001856,0.001837,0.001922,0.001949,0.002041,0.002066,0.002082,0.002176,0.002201,0.002208,0.002364,0.002382,0.002199820000000006,0.0022100733333333257,0.0023611233333333346,0.0023791000000000003
0.78,0.001482,0.001566,0.001639,0.001699,0.001813,0.001853,0.001836,0.001917,0.001943,0.002038,0.002063,0.002077,0.002174,0.002194,0.002212,0.002355,0.002384,0.0021960700000000014,0.002212339999999995,0.0023574999999999985,0.0023787933333333415
0.784,0.001484,0.001566,0.001615,0.001701,0.001813,0.001851,0.001835,0.001913,0.001938,0.002029,0.002058,0.002069,0.002168,0.002188,0.002189,0.00235,0.002384,0.0021878166666666676,0.002191369999999997,0.0023468099999999948,0.0023818366666666785
0.788,0.001484,0.001566,0.001633,0.001701,0.001811,0.00185,0.001834,0.001907,0.001935,0.002023,0.002054,0.002066,0.002168,0.002186,0.002194,0.002343,0.002384,0.0021861566666666727,0.0021930133333333307,0.0023428799999999947,0.002382456666666678
0.792,0.001485,0.001567,0.001625,0.001701,0.001811,0.001848,0.001833,0.001904,0.001931,0.002017,0.002048,0.002055,0.002164,0.002176,0.002166,0.002327,0.00238,0.0021774366666666638,0.002176856666666667,0.002328363333333332,0.002378890000000008
0.796,0.001486,0.001568,0.001645,0.001701,0.001811,0.001846,0.001833,0.001899,0.001926,0.002012,0.002043,0.002053,0.002158,0.002169,0.002201,0.002321,0.002382,0.002169473333333325,0.0021904633333333368,0.0023192433333333396,0.0023787466666666643
0.8,0.001489,0.00157,0.0016,0.001703,0.001809,0.001844,0.001832,0.001897,0.001924,0.002003,0.002038,0.002055,0.002156,0.002163,0.002172,0.002314,0.002382,0.002166883333333343,0.002176986666666662,0.002314590000000005,0.002375419999999996
0.804,0.00149,0.001571,0.001634,0.001702,0.001808,0.001842,0.001832,0.001894,0.001921,0.001999,0.002033,0.002045,0.00215,0.002158,0.002164,0.002303,0.002374,0.0021598699999999973,0.002167916666666677,0.002303126666666677,0.0023673466666666596
0.808,0.001491,0.001572,0.001637,0.001703,0.001808,0.001841,0.001831,0.001892,0.001917,0.00199,0.002028,0.002044,0.002143,0.002151,0.00216,0.002291,0.002369,0.0021510000000000036,0.002159140000000008,0.002289970000000006,0.0023680299999999936
0.812,0.001492,0.001573,0.001639,0.001707,0.001807,0.00184,0.001833,0.00189,0.001916,0.001987,0.002021,0.00204,0.00214,0.002142,0.002147,0.00228,0.00237,0.002143739999999994,0.0021501633333333397,0.0022805833333333293,0.0023675733333333266
0.816,0.001495,0.001575,0.001641,0.001705,0.001807,0.001838,0.001833,0.001888,0.001912,0.001983,0.002018,0.002035,0.002133,0.002135,0.002143,0.002271,0.002368,0.0021352466666666654,0.002142653333333339,0.0022698533333333428,0.0023647066666666657
0.82,0.001497,0.001577,0.001643,0.001705,0.001805,0.001838,0.001834,0.001888,0.001913,0.001976,0.002011,0.00203,0.00213,0.002129,0.002133,0.002267,0.002366,0.0021291833333333373,0.0021347333333333403,0.002263950000000007,0.002361869999999991
0.824,0.001498,0.001576,0.001643,0.001706,0.001804,0.001836,0.001834,0.001884,0.00191,0.001969,0.002005,0.002028,0.002122,0.002121,0.002129,0.002249,0.002354,0.002122393333333338,0.0021297600000000066,0.0022510033333333276,0.0023532699999999963
0.828,0.001499,0.00158,0.001644,0.001708,0.001805,0.001836,0.001834,0.001884,0.001907,0.001965,0.002001,0.002025,0.002119,0.002116,0.002122,0.00224,0.002347,0.002117283333333336,0.0021237499999999998,0.0022416333333333373,0.0023468133333333255
0.832,0.001503,0.001582,0.001647,0.001709,0.001804,0.001835,0.001836,0.001882,0.001907,0.00196,0.001998,0.002019,0.002117,0.00211,0.002114,0.00223,0.002343,0.002111929999999993,0.0021173166666666617,0.002232193333333329,0.002341169999999993
0.836,0.001504,0.001582,0.001647,0.001709,0.001805,0.001835,0.001836,0.001882,0.001906,0.001958,0.001993,0.002015,0.002109,0.002106,0.002112,0.00222,0.002337,0.0021079233333333378,0.0021136133333333348,0.002223726666666667,0.002334546666666667
0.84,0.001506,0.001584,0.001651,0.001711,0.001804,0.001835,0.001836,0.001883,0.001905,0.001953,0.001987,0.002012,0.002106,0.0021,0.002101,0.002213,0.002326,0.002102376666666664,0.0021047266666666727,0.002214353333333342,0.0023223100000000054
0.844,0.001509,0.001588,0.001652,0.001712,0.001805,0.001836,0.001838,0.001882,0.001905,0.001949,0.001988,0.002005,0.002101,0.002099,0.002098,0.002201,0.002316,0.0021011933333333318,0.002102733333333336,0.0022059700000000076,0.002315789999999996
0.848,0.001513,0.00159,0.001655,0.001715,0.001806,0.001836,0.001839,0.001882,0.001904,0.001949,0.001981,0.002005,0.0021,0.002091,0.002092,0.00219,0.002311,0.0020938766666666643,0.0020962099999999938,0.0021943366666666787,0.0023080999999999952
0.852,0.001514,0.001591,0.001655,0.001718,0.001807,0.001836,0.001842,0.001882,0.001903,0.001946,0.001978,0.002002,0.002096,0.002085,0.002087,0.002183,0.002303,0.0020886833333333336,0.002090933333333327,0.002187396666666674,0.0023033733333333415
0.856,0.001515,0.001594,0.001653,0.00172,0.001807,0.001837,0.001843,0.001882,0.001902,0.001942,0.001975,0.001999,0.002089,0.002084,0.002083,0.002178,0.002291,0.0020848999999999924,0.002085143333333328,0.0021795800000000073,0.002290063333333338
0.86,0.00152,0.001597,0.001661,0.001721,0.001808,0.001838,0.001845,0.001883,0.001903,0.001939,0.001974,0.001998,0.002087,0.002078,0.002079,0.002165,0.002286,0.0020806766666666755,0.002082390000000006,0.002169836666666659,0.0022840233333333393
0.864,0.001522,0.0016,0.001658,0.001724,0.00181,0.001838,0.001846,0.001884,0.001902,0.001939,0.001971,0.001996,0.002087,0.002075,0.002074,0.00216,0.002279,0.0020788433333333387,0.0020802833333333427,0.0021668666666666697,0.002277936666666668
0.868,0.001524,0.001601,0.001663,0.001724,0.00181,0.00184,0.001849,0.001884,0.001903,0.001937,0.001969,0.001993,0.002083,0.002071,0.002071,0.002154,0.002267,0.00207306666666667,0.002073403333333338,0.0021565599999999957,0.0022685500000000068
0.872,0.001528,0.001603,0.001672,0.001727,0.001812,0.001841,0.001851,0.001885,0.001904,0.001935,0.001966,0.001994,0.002081,0.00207,0.002066,0.002147,0.002265,0.0020726400000000045,0.0020719366666666727,0.0021529633333333387,0.0022638233333333326
0.876,0.00153,0.001607,0.001668,0.001731,0.001812,0.001842,0.001851,0.001887,0.001905,0.001936,0.001967,0.001989,0.002076,0.002065,0.002064,0.002139,0.002256,0.002066429999999994,0.002065623333333332,0.0021398900000000032,0.0022534733333333373
0.88,0.001533,0.00161,0.001671,0.001731,0.001814,0.001843,0.001855,0.001889,0.001906,0.001935,0.001963,0.001991,0.002075,0.002065,0.002063,0.002136,0.002251,0.002064046666666661,0.002062546666666667,0.002135200000000009,0.00224983666666667
0.884,0.001535,0.001612,0.001673,0.001733,0.001815,0.001844,0.001856,0.00189,0.001907,0.001934,0.001963,0.001992,0.002074,0.002059,0.00206,0.002131,0.002245,0.0020610533333333307,0.0020608466666666627,0.002131953333333334,0.0022455133333333416
0.888,0.001538,0.001613,0.001677,0.001737,0.001817,0.001846,0.001858,0.001891,0.001907,0.001932,0.001959,0.001988,0.002071,0.002063,0.002058,0.002124,0.002238,0.00206226,0.0020585366666666673,0.002124653333333336,0.0022361699999999974
0.892,0.001542,0.001617,0.001679,0.001738,0.001819,0.001847,0.001859,0.001893,0.001908,0.001935,0.001961,0.001985,0.002072,0.00206,0.002055,0.002122,0.002231,0.0020607966666666647,0.002056673333333328,0.0021225699999999994,0.0022306499999999937
0.896,0.001545,0.00162,0.00168,0.001741,0.001821,0.001849,0.001862,0.001894,0.001909,0.001931,0.001956,0.00199,0.002069,0.002059,0.002056,0.002119,0.002229,0.002058899999999998,0.00205600666666666,0.002118733333333327,0.0022283700000000012
0.9,0.001547,0.001621,0.001684,0.001745,0.001822,0.00185,0.001863,0.001896,0.001911,0.001933,0.001958,0.001987,0.00207,0.002055,0.002055,0.002114,0.002226,0.002056579999999997,0.0020549533333333336,0.0021148099999999917,0.002225683333333326
0.904,0.00155,0.001624,0.001684,0.001741,0.001825,0.001852,0.001865,0.001897,0.001914,0.001933,0.001958,0.001988,0.002068,0.002058,0.002051,0.00211,0.002219,0.0020575566666666666,0.0020520666666666762,0.0021108933333333245,0.0022200233333333347
0.908,0.001552,0.001627,0.001688,0.001744,0.001827,0.001853,0.001868,0.0019,0.001916,0.001933,0.001958,0.001984,0.002071,0.002057,0.002052,0.002108,0.002217,0.002056719999999992,0.002052470000000008,0.002108413333333333,0.0022166800000000078
0.912,0.001556,0.001629,0.00169,0.001759,0.001829,0.001854,0.00187,0.001901,0.001915,0.001935,0.001958,0.001994,0.00207,0.002053,0.002053,0.002105,0.002214,0.0020543099999999997,0.002052750000000005,0.0021053733333333408,0.0022126400000000044
0.916,0.001559,0.001633,0.001691,0.00175,0.00183,0.001857,0.001871,0.001902,0.001919,0.001935,0.00196,0.001986,0.002066,0.002055,0.00205,0.002105,0.002207,0.0020550099999999956,0.0020507533333333342,0.0021049733333333444,0.002208053333333329
0.92,0.001562,0.001635,0.001696,0.001754,0.001832,0.001859,0.001874,0.001905,0.001919,0.001933,0.001959,0.00199,0.002068,0.002054,0.002052,0.002101,0.002204,0.0020544166666666666,0.0020515600000000057,0.002101866666666675,0.0022051599999999946
0.924,0.001565,0.001637,0.001697,0.001756,0.001834,0.001861,0.001878,0.001907,0.001922,0.001935,0.001962,0.001991,0.002067,0.002054,0.002049,0.002098,0.002203,0.0020544633333333313,0.002049713333333333,0.002098440000000003,0.0022019999999999943
0.928,0.001568,0.001638,0.001701,0.001758,0.001835,0.001862,0.001879,0.001909,0.001924,0.001938,0.001963,0.001989,0.002068,0.002055,0.00205,0.002096,0.002198,0.002055183333333329,0.0020503899999999987,0.002097239999999994,0.002199179999999999
0.932,0.00157,0.001643,0.001704,0.001758,0.001838,0.001864,0.001881,0.001911,0.001926,0.001938,0.001962,0.00199,0.002064,0.002056,0.00205,0.002094,0.002194,0.0020568599999999933,0.0020517233333333306,0.002096883333333336,0.0021942766666666652
0.936,0.001585,0.001646,0.001706,0.001762,0.00184,0.001865,0.001884,0.001914,0.001929,0.001939,0.001964,0.001993,0.002067,0.002054,0.00205,0.002093,0.002187,0.0020549099999999996,0.002051083333333333,0.0020940433333333395,0.0021887633333333395
0.94,0.001566,0.001648,0.001708,0.001766,0.001842,0.001868,0.001888,0.001916,0.00193,0.00194,0.001964,0.001994,0.002067,0.002054,0.002051,0.002089,0.002187,0.00205433,0.002051090000000008,0.002091656666666671,0.002187663333333339
0.944,0.001579,0.001652,0.00171,0.001768,0.001844,0.001871,0.001889,0.00192,0.001934,0.001942,0.001967,0.001994,0.002066,0.002053,0.00205,0.002095,0.002179,0.002053586666666669,0.002050896666666668,0.0020928066666666663,0.002180273333333336
0.948,0.001585,0.001655,0.001713,0.00177,0.001846,0.001872,0.001891,0.001922,0.001937,0.001944,0.001966,0.001997,0.002065,0.002054,0.002052,0.002087,0.002177,0.0020546500000000003,0.0020527666666666725,0.0020885833333333294,0.002176436666666663
0.952,0.001579,0.001657,0.001717,0.001772,0.001848,0.001874,0.001894,0.001925,0.001939,0.001947,0.001968,0.001995,0.00207,0.002055,0.002049,0.00207,0.00217,0.002055059999999996,0.0020503200000000017,0.002076493333333337,0.002172936666666667
0.956,0.001592,0.001661,0.001719,0.001775,0.00185,0.001877,0.001898,0.001927,0.001943,0.001952,0.00197,0.001999,0.002069,0.002056,0.002054,0.002084,0.002168,0.002057143333333326,0.002054933333333334,0.0020827033333333253,0.0021699233333333256
0.96,0.001594,0.001665,0.001723,0.001778,0.001852,0.001879,0.001901,0.001931,0.001948,0.001951,0.001973,0.002002,0.002071,0.002056,0.002053,0.002073,0.002168,0.002058273333333326,0.0020554500000000008,0.0020742133333333294,0.0021669433333333242
0.964,0.001598,0.001669,0.001726,0.001781,0.001854,0.001882,0.001905,0.001934,0.00195,0.001954,0.001974,0.002002,0.00207,0.00206,0.002055,0.002053,0.002162,0.002060419999999992,0.0020565699999999985,0.0020630600000000007,0.0021611633333333295
0.968,0.001603,0.001672,0.001729,0.001783,0.001857,0.001884,0.001908,0.001938,0.001956,0.001957,0.001977,0.002001,0.002072,0.002061,0.002058,0.002073,0.002153,0.002061533333333325,0.002058346666666667,0.0020723299999999972,0.002155149999999995
0.972,0.001607,0.001675,0.001733,0.001787,0.001859,0.001887,0.001911,0.001941,0.00196,0.001959,0.001981,0.002008,0.002075,0.00206,0.002056,0.002075,0.002156,0.0020623633333333295,0.002058446666666659,0.002075783333333336,0.00215513666666667
0.976,0.001609,0.001678,0.001735,0.00179,0.001862,0.001888,0.001915,0.001946,0.001966,0.001964,0.001983,0.002009,0.002075,0.002066,0.002059,0.002063,0.002148,0.0020647533333333387,0.0020589366666666636,0.0020713633333333333,0.002150856666666669
0.98,0.001612,0.001682,0.001743,0.001795,0.001865,0.001891,0.001921,0.001951,0.001971,0.001965,0.001984,0.002014,0.002077,0.002067,0.002059,0.002088,0.002149,0.0020683266666666695,0.0020622133333333312,0.002088273333333326,0.0021510366666666653
0.984,0.001621,0.001687,0.001724,0.001798,0.001867,0.001895,0.001925,0.001956,0.001976,0.001971,0.001989,0.002015,0.002079,0.002069,0.002065,0.002093,0.002148,0.0020721699999999947,0.0020692966666666624,0.002095126666666672,0.0021523966666666698
0.988,0.001622,0.001692,0.001747,0.001803,0.00187,0.001898,0.001928,0.001961,0.001982,0.001974,0.001992,0.002022,0.002079,0.002072,0.002066,0.002076,0.002145,0.0020727499999999956,0.0020688600000000044,0.0020835033333333336,0.002148246666666664
0.992,0.001625,0.001695,0.001755,0.001806,0.001873,0.001902,0.001934,0.001967,0.001988,0.001979,0.001998,0.002024,0.002086,0.002073,0.002072,0.002075,0.002147,0.002077043333333328,0.0020761766666666666,0.0020850233333333384,0.0021509766666666717
0.996,0.001633,0.001701,0.001758,0.001812,0.001876,0.001905,0.001938,0.001973,0.001995,0.001984,0.001999,0.00203,0.002088,0.002083,0.002074,0.002095,0.002149,0.0020868699999999933,0.002083220000000006,0.0021058466666666695,0.0021588199999999992
1.0,0.001637,0.001708,0.001765,0.001816,0.001879,0.001909,0.001944,0.001979,0.002004,0.00199,0.002007,0.002038,0.002093,0.002082,0.00208,0.002101,0.002146,0.0020901299999999956,0.0020897733333333354,0.002117236666666674,0.00215887666666666
1.004,0.001644,0.001714,0.00177,0.001821,0.001883,0.001913,0.001949,0.001987,0.002012,0.001993,0.002011,0.002039,0.002098,0.002093,0.002082,0.002113,0.00215,0.002095650000000003,0.0020901033333333313,0.002123196666666669,0.0021574066666666626
1.008,0.001651,0.001721,0.001779,0.001826,0.001887,0.001916,0.001957,0.001992,0.002021,0.001999,0.002017,0.002049,0.002102,0.002095,0.002092,0.002152,0.002156,0.0020990100000000005,0.002097119999999995,0.0021398066666666695,0.002160410000000003
1.012,0.001655,0.001728,0.001784,0.001831,0.001891,0.001921,0.001962,0.002002,0.002031,0.002004,0.002025,0.002053,0.002109,0.002104,0.002097,0.00207,0.002157,0.0021066299999999987,0.0021032166666666704,0.0020995966666666715,0.0021627933333333324
1.016,0.001664,0.001734,0.001793,0.00184,0.001895,0.001926,0.00197,0.002009,0.002043,0.002013,0.00203,0.002061,0.002116,0.002112,0.002107,0.002124,0.002161,0.002115590000000001,0.0021115100000000018,0.002127040000000005,0.0021652000000000004
1.02,0.001672,0.001742,0.001801,0.001846,0.001901,0.001931,0.001979,0.00202,0.002052,0.00202,0.002039,0.002071,0.002121,0.002116,0.002115,0.002131,0.002166,0.002120730000000003,0.002119276666666659,0.0021378199999999977,0.0021706199999999985
1.024,0.00168,0.001754,0.001809,0.001854,0.001906,0.001936,0.00199,0.002029,0.002066,0.002029,0.002046,0.002079,0.00213,0.002127,0.002123,0.002139,0.002165,0.002130609999999996,0.002126983333333328,0.0021432800000000013,0.00217138999999999
1.028,0.001689,0.001761,0.001817,0.001862,0.001911,0.001941,0.001995,0.002041,0.002079,0.002035,0.002056,0.002086,0.002137,0.002137,0.002133,0.002137,0.002179,0.002137190000000003,0.0021328600000000033,0.002139613333333339,0.0021772499999999986
1.032,0.001699,0.001771,0.001829,0.001872,0.001918,0.001947,0.002005,0.002053,0.00209,0.002045,0.002066,0.002099,0.002148,0.002145,0.002141,0.002113,0.002185,0.002150369999999996,0.0021467833333333255,0.0021344033333333314,0.00218837333333333
1.036,0.001709,0.001781,0.00184,0.001881,0.001924,0.001954,0.002015,0.002065,0.002106,0.002055,0.002075,0.002111,0.00216,0.00216,0.002154,0.002172,0.002199,0.0021667066666666707,0.002163129999999993,0.0021798566666666615,0.0022046433333333284
1.04,0.001722,0.001795,0.001851,0.001891,0.001931,0.001961,0.002026,0.002079,0.002121,0.002065,0.002088,0.002121,0.00217,0.002171,0.002168,0.00218,0.00221,0.002177330000000002,0.0021765599999999928,0.0021907366666666633,0.0022138200000000044
1.044,0.001732,0.001807,0.001863,0.001903,0.001938,0.001969,0.002038,0.002093,0.002137,0.002076,0.002101,0.002136,0.002181,0.002183,0.00218,0.002198,0.002217,0.0021896033333333367,0.002188893333333329,0.0022067333333333342,0.0022222600000000093
1.048,0.001743,0.001819,0.001876,0.001914,0.001946,0.001976,0.002051,0.002108,0.002153,0.002089,0.002113,0.002147,0.002196,0.002199,0.002192,0.00221,0.002227,0.002201103333333327,0.0021988333333333343,0.0022154166666666702,0.002228536666666658
1.052,0.001758,0.001832,0.001888,0.001927,0.001955,0.001986,0.002064,0.002123,0.002171,0.002104,0.002128,0.002161,0.002208,0.002214,0.002209,0.00222,0.002243,0.002215726666666672,0.0022156400000000057,0.002228579999999999,0.002245579999999996
1.056,0.001771,0.001846,0.001903,0.001939,0.001965,0.001997,0.002079,0.002139,0.002188,0.002116,0.002143,0.002178,0.002225,0.002229,0.002225,0.002243,0.002256,0.0022321933333333357,0.0022326566666666684,0.002249776666666662,0.002261243333333336
1.06,0.001786,0.00186,0.001917,0.001953,0.001974,0.002006,0.002092,0.002155,0.002206,0.002133,0.002158,0.002193,0.00224,0.002245,0.002245,0.002256,0.002275,0.0022450566666666733,0.00224620333333334,0.0022592066666666678,0.0022751566666666784
1.064,0.001799,0.001876,0.001932,0.001964,0.001984,0.002018,0.002108,0.002171,0.002225,0.002145,0.002176,0.002211,0.002252,0.002263,0.002258,0.002272,0.002293,0.002264236666666673,0.002265379999999994,0.0022822300000000075,0.0023011099999999964
1.068,0.001816,0.001892,0.001949,0.001983,0.001996,0.002029,0.002121,0.00219,0.002244,0.002162,0.002193,0.002244,0.002273,0.002282,0.002278,0.002292,0.00231,0.002282636666666671,0.0022834900000000017,0.002299276666666662,0.0023142066666666686
1.072,0.00183,0.001908,0.001964,0.001997,0.002007,0.002042,0.002139,0.002207,0.002262,0.002179,0.002209,0.002245,0.00229,0.002299,0.002294,0.00231,0.002324,0.0022987866666666747,0.002298796666666674,0.002314573333333336,0.002327106666666663
1.076,0.001848,0.001926,0.00198,0.002015,0.002019,0.002055,0.002153,0.002225,0.002283,0.002198,0.002227,0.002264,0.002307,0.002317,0.002315,0.002332,0.002347,0.00232038333333334,0.0023211599999999957,0.0023416933333333333,0.0023545933333333265
1.08,0.001865,0.001942,0.001999,0.002031,0.002032,0.002069,0.00217,0.002244,0.002301,0.002213,0.002247,0.002286,0.002326,0.002338,0.002334,0.00235,0.002365,0.00233833666666666,0.0023377933333333253,0.0023545199999999962,0.0023675499999999926
1.084,0.001882,0.001961,0.002017,0.002049,0.002046,0.002084,0.002187,0.002262,0.00232,0.002235,0.002265,0.002303,0.002345,0.002357,0.002353,0.002364,0.002383,0.002357153333333341,0.0023578000000000045,0.0023705799999999997,0.0023877000000000065
1.088,0.001901,0.00198,0.002036,0.002066,0.002062,0.002097,0.002206,0.002281,0.002339,0.002249,0.002284,0.002321,0.002364,0.002375,0.002372,0.002393,0.002403,0.002376706666666671,0.002379346666666671,0.0023974699999999927,0.0024098633333333366
1.092,0.001918,0.001998,0.002055,0.002084,0.002076,0.002112,0.002223,0.002299,0.002357,0.002271,0.002306,0.002339,0.002382,0.002395,0.002391,0.002418,0.002418,0.0023944200000000026,0.0023948166666666677,0.002417776666666667,0.0024228866666666663
1.096,0.001936,0.002018,0.002075,0.002102,0.002091,0.002128,0.002241,0.002317,0.002377,0.002291,0.002325,0.002361,0.002402,0.002415,0.002414,0.002421,0.002444,0.0024150833333333225,0.002416533333333345,0.0024293166666666706,0.002446600000000001
1.1,0.001955,0.002035,0.002095,0.00212,0.002107,0.002144,0.002259,0.002336,0.002397,0.002309,0.002343,0.00238,0.002418,0.002435,0.002432,0.002453,0.002468,0.0024358199999999965,0.0024349299999999953,0.002457086666666671,0.002469206666666678
1.104,0.001976,0.002055,0.002115,0.002139,0.002122,0.00216,0.002278,0.002354,0.002413,0.002331,0.002365,0.0024,0.002438,0.00245,0.002451,0.002468,0.002487,0.0024509533333333254,0.0024521533333333244,0.0024720500000000112,0.0024846466666666746
1.108,0.001996,0.002076,0.002134,0.002159,0.002138,0.002177,0.002296,0.002374,0.002431,0.002349,0.002381,0.00242,0.002451,0.002476,0.002474,0.002499,0.002511,0.0024693333333333377,0.0024687933333333214,0.0024923400000000035,0.0025018866666666763
1.112,0.002015,0.002092,0.002154,0.002177,0.002156,0.002194,0.002313,0.00239,0.002449,0.002367,0.002402,0.002434,0.002476,0.002498,0.002495,0.002523,0.00253,0.002495536666666667,0.0024977133333333444,0.0025222000000000118,0.0025289666666666677
1.116,0.002035,0.002116,0.002174,0.002197,0.002174,0.002212,0.002332,0.002408,0.002474,0.002389,0.00242,0.002456,0.002495,0.002521,0.002521,0.002546,0.002554,0.0025193866666666643,0.002525816666666666,0.002549496666666677,0.0025574366666666526
1.12,0.002056,0.002134,0.002195,0.002217,0.002191,0.00223,0.002351,0.002425,0.002494,0.002406,0.002438,0.002474,0.002518,0.002539,0.002541,0.002562,0.002571,0.0025412266666666626,0.0025484300000000056,0.0025701666666666624,0.0025825733333333266
1.124,0.002077,0.002155,0.002213,0.002235,0.00221,0.002248,0.002368,0.002441,0.002514,0.002425,0.002461,0.002499,0.002539,0.002561,0.002557,0.00258,0.002593,0.0025613833333333388,0.002563590000000005,0.0025860466666666783,0.002599236666666657
1.128,0.002097,0.002174,0.002235,0.002255,0.002228,0.002266,0.002386,0.002463,0.002532,0.002444,0.002482,0.002521,0.002559,0.002578,0.002578,0.002606,0.002616,0.002583946666666666,0.0025883199999999973,0.0026204699999999984,0.0026290766666666556
1.132,0.002116,0.002195,0.002254,0.002273,0.002247,0.002285,0.002402,0.002484,0.00255,0.002466,0.002503,0.00254,0.002578,0.002603,0.002593,0.002629,0.002632,0.0026061966666666735,0.0026092566666666606,0.00264889333333333,0.0026515966666666633
1.136,0.002137,0.002215,0.002272,0.002294,0.002266,0.002302,0.002419,0.002503,0.002567,0.002485,0.002525,0.002562,0.002598,0.002621,0.002648,0.002648,0.002657,0.0026198399999999944,0.0026446433333333287,0.002663176666666662,0.0026650966666666737
1.14,0.002156,0.002234,0.002291,0.002313,0.002284,0.00232,0.002437,0.002519,0.002585,0.002509,0.002543,0.002578,0.002614,0.002638,0.002637,0.002668,0.002674,0.002632390000000003,0.002636799999999999,0.002666246666666667,0.0026668799999999913
1.144,0.002177,0.002252,0.002309,0.00233,0.002303,0.002338,0.002457,0.002537,0.002601,0.002527,0.002562,0.002595,0.002635,0.002658,0.00267,0.002691,0.002692,0.0026541433333333434,0.002666626666666657,0.0026888666666666644,0.002688466666666678
1.148,0.002196,0.00227,0.002328,0.002349,0.002321,0.002356,0.002476,0.002554,0.00262,0.002547,0.002581,0.002619,0.002654,0.002673,0.002683,0.002709,0.002716,0.002673046666666672,0.0026829633333333267,0.002705066666666661,0.0027143466666666757
1.152,0.002215,0.002288,0.002345,0.002367,0.002339,0.002373,0.002496,0.002571,0.002635,0.002566,0.002601,0.002636,0.002673,0.002695,0.002691,0.002722,0.002733,0.0026944266666666682,0.0026974733333333307,0.0027244333333333332,0.00273385666666666
1.156,0.002233,0.002306,0.002362,0.002384,0.002356,0.002391,0.002513,0.002586,0.002653,0.002585,0.002619,0.002652,0.00269,0.002711,0.00272,0.002748,0.002752,0.0027109566666666755,0.0027188666666666775,0.0027430366666666563,0.002749493333333323
1.16,0.002251,0.002324,0.002384,0.002403,0.002374,0.002408,0.002531,0.002604,0.002669,0.002601,0.002637,0.002671,0.002705,0.00273,0.002726,0.002766,0.00277,0.0027300600000000064,0.0027321466666666706,0.0027654700000000077,0.0027714866666666764
1.164,0.002266,0.002343,0.002404,0.002423,0.002391,0.002425,0.002549,0.00262,0.002684,0.00262,0.002655,0.002688,0.002724,0.002747,0.00276,0.002776,0.002787,0.0027457933333333456,0.0027571899999999966,0.0027778466666666664,0.002786109999999996
1.168,0.002284,0.002361,0.002422,0.002441,0.002409,0.002442,0.002564,0.002635,0.0027,0.002639,0.002672,0.002706,0.002741,0.00276,0.00277,0.002809,0.002807,0.002762009999999993,0.0027737300000000103,0.002809716666666656,0.002810970000000001
1.172,0.002303,0.002378,0.00244,0.002458,0.002424,0.002462,0.002581,0.00265,0.002715,0.002655,0.002688,0.002734,0.002757,0.002778,0.002789,0.002822,0.002822,0.002778336666666654,0.002790810000000006,0.00282407666666666,0.002824083333333328
1.176,0.002324,0.002397,0.002456,0.002474,0.002443,0.00248,0.002596,0.002665,0.002728,0.002673,0.002705,0.002739,0.002771,0.002794,0.002806,0.002836,0.00284,0.002794779999999991,0.002807283333333323,0.0028378499999999907,0.002841653333333324
1.18,0.002343,0.002414,0.002474,0.002492,0.002462,0.002498,0.002613,0.00268,0.002744,0.00269,0.002721,0.002755,0.002788,0.002813,0.002818,0.002855,0.002854,0.002812816666666655,0.0028216266666666583,0.0028604566666666806,0.002860520000000009
1.184,0.002361,0.002434,0.002491,0.002509,0.002482,0.002515,0.00263,0.002698,0.00276,0.002707,0.00274,0.002769,0.002805,0.002829,0.002829,0.002873,0.002876,0.0028294966666666623,0.0028350166666666634,0.002876236666666673,0.0028784799999999936
1.188,0.002377,0.002449,0.002507,0.002524,0.002499,0.002532,0.002645,0.002711,0.002774,0.002723,0.002755,0.002789,0.00282,0.002843,0.002852,0.002889,0.00289,0.002842340000000006,0.0028527933333333255,0.002886716666666671,0.002888669999999986
1.192,0.002393,0.002468,0.002524,0.002539,0.002515,0.002548,0.002661,0.002725,0.00279,0.002738,0.002769,0.002804,0.002837,0.00286,0.002872,0.002904,0.002905,0.0028615533333333186,0.0028746933333333277,0.0029066566666666733,0.002910910000000008
1.196,0.00241,0.002484,0.00254,0.002555,0.002531,0.002565,0.002676,0.00274,0.002802,0.002754,0.002785,0.002815,0.002849,0.002875,0.002883,0.002919,0.00292,0.002874703333333323,0.0028873999999999935,0.002920040000000005,0.0029221666666666736
1.2,0.002428,0.002499,0.002556,0.002571,0.002547,0.00258,0.00269,0.002753,0.002815,0.00277,0.002801,0.002832,0.002864,0.002888,0.002921,0.002932,0.002943,0.002891503333333334,0.0029179733333333222,0.0029403300000000092,0.002951556666666672
1.204,0.002444,0.002516,0.002571,0.002586,0.002563,0.002596,0.002705,0.002767,0.002831,0.002782,0.002815,0.002845,0.002876,0.002901,0.002915,0.002949,0.00295,0.002899583333333343,0.0029159799999999994,0.002946469999999993,0.002950706666666672
1.208,0.002459,0.002531,0.002586,0.002599,0.002578,0.00261,0.002718,0.002781,0.002842,0.002798,0.002829,0.00286,0.002889,0.002913,0.00293,0.002962,0.002962,0.0029165633333333484,0.002933176666666662,0.0029644466666666745,0.002967313333333342
1.212,0.00248,0.002548,0.002603,0.002617,0.002594,0.002625,0.002733,0.002794,0.002857,0.002813,0.002842,0.002873,0.002903,0.002929,0.002943,0.002981,0.002981,0.0029289966666666604,0.002946596666666671,0.0029820066666666743,0.0029835833333333394
1.216,0.00249,0.002565,0.002618,0.002634,0.002609,0.00264,0.002747,0.002807,0.002873,0.002824,0.002857,0.002887,0.00292,0.00294,0.002955,0.002992,0.002992,0.002941466666666684,0.0029601100000000084,0.0029955599999999965,0.0029948299999999982
1.22,0.002507,0.00258,0.002635,0.002648,0.002624,0.002653,0.002762,0.002821,0.002884,0.002838,0.00287,0.002904,0.002933,0.002954,0.002972,0.003006,0.003004,0.002954860000000005,0.0029728533333333224,0.003004506666666657,0.0030045100000000028
1.224,0.002534,0.002597,0.002651,0.002663,0.002639,0.002668,0.002776,0.002836,0.002901,0.002853,0.002885,0.002915,0.002944,0.002971,0.002984,0.003023,0.003019,0.002971116666666653,0.002988069999999993,0.0030238966666666636,0.003023693333333331
1.228,0.002534,0.002611,0.002666,0.002677,0.002654,0.002682,0.002791,0.002847,0.002913,0.002868,0.002898,0.002928,0.002957,0.002983,0.003001,0.003035,0.003037,0.002983373333333321,0.0030010900000000075,0.0030329266666666715,0.003034966666666655
1.232,0.002556,0.002628,0.00268,0.002691,0.002668,0.002695,0.002804,0.002863,0.002926,0.00288,0.002914,0.002941,0.002971,0.002999,0.003013,0.003054,0.003046,0.002995949999999986,0.003011203333333345,0.0030463300000000025,0.0030431499999999927
1.236,0.002564,0.002641,0.002696,0.002703,0.002682,0.002709,0.002817,0.002875,0.002941,0.002895,0.002925,0.002957,0.002985,0.003011,0.003028,0.003062,0.00306,0.003008883333333325,0.003025770000000005,0.0030560066666666707,0.0030562766666666543
1.24,0.002588,0.002657,0.00271,0.002716,0.002696,0.002723,0.002832,0.002889,0.002954,0.002905,0.002941,0.002972,0.002995,0.003024,0.003039,0.00308,0.003077,0.0030215166666666773,0.0030365833333333408,0.003072743333333328,0.0030728099999999966
1.244,0.002605,0.002673,0.002726,0.002731,0.002712,0.002738,0.002847,0.002904,0.002969,0.002921,0.002954,0.002987,0.00301,0.003037,0.003056,0.003091,0.003091,0.003032299999999994,0.003050556666666655,0.0030810699999999887,0.003082916666666658
1.248,0.002622,0.00269,0.002741,0.002745,0.002725,0.002752,0.00286,0.002919,0.002984,0.002936,0.00297,0.002999,0.003022,0.003051,0.003072,0.003111,0.003104,0.003048486666666678,0.0030672766666666592,0.0031006066666666534,0.0031005899999999986
1.252,0.00264,0.002706,0.002757,0.00276,0.00274,0.002766,0.002875,0.002933,0.002997,0.002946,0.002983,0.003015,0.003037,0.003068,0.003083,0.003125,0.003117,0.003062769999999991,0.003077776666666654,0.003111666666666673,0.003110996666666676
1.256,0.002656,0.002722,0.002773,0.002774,0.002754,0.002779,0.00289,0.002948,0.003013,0.002962,0.002996,0.003028,0.00305,0.003084,0.003098,0.003138,0.003134,0.003078666666666654,0.0030933366666666766,0.0031274799999999867,0.003128226666666662
1.26,0.002672,0.002736,0.002788,0.00279,0.002769,0.002796,0.002905,0.002961,0.00303,0.002978,0.00301,0.00304,0.003068,0.003096,0.003113,0.003157,0.003149,0.003095253333333324,0.003111693333333338,0.0031495499999999897,0.0031481099999999904
1.264,0.002688,0.002753,0.002804,0.002805,0.002783,0.002809,0.00292,0.002976,0.003045,0.002991,0.003024,0.003056,0.003078,0.00311,0.00313,0.003169,0.003166,0.003107626666666652,0.003125293333333327,0.0031638333333333206,0.0031623499999999995
1.268,0.002707,0.002771,0.00282,0.002821,0.002794,0.002824,0.002934,0.002991,0.00306,0.003005,0.003043,0.00307,0.003093,0.003129,0.003145,0.003188,0.003178,0.003127760000000011,0.0031443199999999904,0.0031837166666666603,0.003179440000000004
1.272,0.002724,0.002786,0.002833,0.002835,0.002812,0.002838,0.00295,0.003006,0.003076,0.003019,0.003058,0.003084,0.003106,0.003142,0.003159,0.003201,0.003196,0.0031389966666666613,0.0031552933333333414,0.0031934366666666694,0.003191466666666658
1.276,0.002745,0.002804,0.002851,0.002853,0.002828,0.002854,0.002965,0.003022,0.003091,0.003035,0.003071,0.003099,0.003124,0.003158,0.003177,0.003221,0.003213,0.0031521033333333287,0.0031684633333333282,0.0032084300000000065,0.0032046300000000074
1.28,0.002763,0.002822,0.002868,0.002867,0.002843,0.002869,0.002981,0.003037,0.003107,0.003047,0.003087,0.003115,0.003138,0.003176,0.003195,0.003237,0.003228,0.0031691733333333227,0.003185519999999984,0.0032233333333333432,0.003219100000000005
1.284,0.002778,0.002838,0.002885,0.002881,0.002857,0.002883,0.002995,0.003053,0.003123,0.003062,0.003103,0.003132,0.003152,0.00319,0.003211,0.003249,0.003242,0.003183966666666677,0.0032022133333333216,0.003233589999999987,0.0032322066666666603
1.288,0.002795,0.002856,0.002902,0.002897,0.002873,0.002899,0.003012,0.00307,0.003139,0.003083,0.003119,0.003149,0.00317,0.003206,0.003227,0.003272,0.003259,0.0031987866666666753,0.003216389999999988,0.003251573333333345,0.0032472466666666716
1.292,0.002816,0.002874,0.002919,0.002914,0.002888,0.002914,0.003029,0.003087,0.003157,0.003094,0.003136,0.003165,0.003185,0.003224,0.003246,0.003289,0.003277,0.0032141066666666715,0.0032322199999999914,0.0032655733333333266,0.0032621099999999904
1.296,0.002833,0.002892,0.002938,0.00293,0.002903,0.002929,0.003045,0.003103,0.003173,0.003111,0.003152,0.003182,0.003201,0.003244,0.00326,0.003304,0.003293,0.0032359933333333435,0.003251913333333342,0.0032891266666666536,0.003283559999999993
1.3,0.002849,0.002909,0.002955,0.002948,0.002919,0.002944,0.003061,0.003119,0.003191,0.003125,0.00317,0.003197,0.003217,0.003257,0.003277,0.003325,0.003311,0.0032503233333333235,0.0032690133333333244,0.003305140000000008,0.003299353333333318
1.304,0.002871,0.00293,0.002972,0.002965,0.002934,0.002959,0.003078,0.003136,0.003208,0.003144,0.003187,0.003214,0.003233,0.00327,0.003294,0.003342,0.003332,0.003263476666666664,0.003283356666666675,0.0033244199999999877,0.0033188966666666654
1.308,0.00289,0.002948,0.00299,0.002985,0.002949,0.002975,0.003095,0.003153,0.003226,0.00316,0.003202,0.003231,0.00325,0.003293,0.003312,0.003359,0.003347,0.0032818533333333288,0.0032972866666666598,0.0033358266666666638,0.0033295499999999923
1.312,0.002909,0.002968,0.003009,0.003,0.002966,0.00299,0.003113,0.003171,0.003245,0.003178,0.003222,0.003248,0.003272,0.003313,0.003332,0.003381,0.003366,0.0033073466666666738,0.0033268233333333336,0.003366659999999992,0.0033600433333333232
1.316,0.002929,0.002987,0.003026,0.003018,0.00298,0.003006,0.003129,0.003188,0.003262,0.003194,0.003237,0.003257,0.003286,0.00333,0.003351,0.0034,0.003381,0.0033230366666666873,0.0033413066666666607,0.0033828266666666527,0.003374169999999991
1.32,0.002951,0.003006,0.003045,0.003034,0.002997,0.003023,0.003147,0.003206,0.00328,0.003208,0.003255,0.003285,0.003305,0.003348,0.003361,0.003419,0.003404,0.003339856666666677,0.0033532266666666494,0.0034015399999999846,0.003394283333333321
1.324,0.002972,0.003026,0.003063,0.003053,0.003013,0.003039,0.003165,0.003225,0.0033,0.003229,0.003273,0.003303,0.003323,0.003364,0.003387,0.003438,0.003419,0.003352956666666674,0.0033700533333333354,0.003410670000000013,0.0034048766666666527
1.328,0.002991,0.003046,0.003082,0.003071,0.003029,0.003057,0.003183,0.003245,0.003319,0.003244,0.003292,0.00332,0.003342,0.003381,0.003408,0.003454,0.003444,0.003369556666666661,0.003391659999999992,0.003425413333333325,0.0034237200000000034
1.332,0.003011,0.003065,0.003102,0.003087,0.003046,0.003074,0.003202,0.003263,0.003338,0.003263,0.00331,0.003336,0.003358,0.003403,0.003423,0.003472,0.003461,0.0033937200000000076,0.003411009999999991,0.003449153333333336,0.0034448300000000085
1.336,0.003033,0.003087,0.003121,0.003105,0.003062,0.00309,0.003219,0.00328,0.003357,0.003282,0.003328,0.003355,0.003376,0.003419,0.003445,0.003492,0.003481,0.003411406666666652,0.003430823333333337,0.0034726933333333455,0.003470323333333327
1.34,0.003055,0.003109,0.003141,0.003124,0.003079,0.003108,0.003239,0.003299,0.003377,0.003299,0.00335,0.003374,0.003394,0.003443,0.003465,0.003517,0.003503,0.0034288399999999894,0.0034474333333333494,0.0034865366666666665,0.0034825366666666733
1.344,0.003076,0.003129,0.00316,0.003141,0.003097,0.003126,0.003257,0.003319,0.003398,0.003319,0.003367,0.003397,0.003411,0.003461,0.003484,0.003536,0.00352,0.0034482633333333436,0.0034669800000000106,0.0035066999999999937,0.0035034233333333274
1.348,0.003098,0.00315,0.003181,0.003157,0.003113,0.003143,0.003276,0.003338,0.003417,0.003336,0.003385,0.003412,0.003432,0.003477,0.003506,0.003556,0.003543,0.0034641599999999857,0.003487130000000004,0.0035233766666666606,0.00352121666666666
1.352,0.003119,0.003172,0.0032,0.003176,0.003131,0.003161,0.003295,0.003358,0.003438,0.003356,0.003403,0.003434,0.003455,0.003504,0.003525,0.003577,0.003564,0.0034949566666666516,0.0035137466666666692,0.0035561300000000115,0.0035517100000000035
1.356,0.003141,0.003192,0.003222,0.003196,0.003148,0.00318,0.003315,0.003379,0.003458,0.003375,0.003427,0.003452,0.003473,0.003519,0.003545,0.003586,0.003584,0.0035128833333333475,0.0035346133333333416,0.0035756566666666646,0.003574613333333343
1.36,0.003165,0.003213,0.003244,0.003214,0.003168,0.003198,0.003335,0.003399,0.003478,0.003395,0.003443,0.003472,0.003494,0.003543,0.003572,0.003623,0.003603,0.00353399333333333,0.003557683333333342,0.003598086666666675,0.0035856533333333464
1.364,0.003186,0.003235,0.003264,0.003237,0.003186,0.003217,0.003355,0.00342,0.003499,0.003414,0.003466,0.003496,0.003515,0.00356,0.003609,0.003639,0.003622,0.0035507633333333377,0.003585206666666654,0.0036112066666666503,0.0036014433333333385
1.368,0.003208,0.003257,0.003285,0.003258,0.003204,0.003235,0.003374,0.00344,0.003521,0.003433,0.003488,0.003513,0.003533,0.003583,0.003606,0.003661,0.003644,0.003571586666666664,0.0035904699999999967,0.0036315333333333403,0.0036221299999999908
1.372,0.003232,0.003281,0.003308,0.003278,0.003223,0.003255,0.003395,0.003459,0.003544,0.003454,0.003506,0.00353,0.003556,0.003606,0.003628,0.003684,0.003669,0.00359691,0.0036147133333333213,0.003661546666666679,0.0036534100000000036
1.376,0.003257,0.003304,0.003329,0.003299,0.003241,0.003274,0.003415,0.003481,0.003564,0.003475,0.00353,0.003556,0.003575,0.003627,0.003649,0.00371,0.003691,0.0036218300000000155,0.0036414266666666725,0.0036937400000000052,0.0036850999999999954
1.38,0.00328,0.003328,0.00335,0.003319,0.00326,0.003294,0.003435,0.003501,0.003585,0.003495,0.003548,0.003574,0.003598,0.003649,0.003673,0.003716,0.00371,0.0036376766666666753,0.003658306666666678,0.0036963366666666847,0.003693466666666665
1.384,0.003305,0.003352,0.003373,0.00334,0.00328,0.003313,0.003455,0.003523,0.003607,0.003514,0.003571,0.003595,0.003618,0.003666,0.003694,0.003754,0.003736,0.0036555966666666495,0.0036773566666666656,0.003727770000000014,0.0037209733333333187
1.388,0.003326,0.003374,0.003395,0.00336,0.003299,0.003334,0.003477,0.003544,0.003627,0.003537,0.003591,0.003619,0.003642,0.003689,0.003716,0.003774,0.00376,0.003677843333333352,0.0036991933333333543,0.003751170000000014,0.0037422133333333257
1.392,0.003351,0.003398,0.003417,0.003381,0.003319,0.003355,0.003498,0.003566,0.00365,0.003557,0.003615,0.003638,0.003662,0.003712,0.003738,0.003798,0.003778,0.0037007933333333453,0.0037204000000000104,0.003773749999999995,0.0037592399999999884
1.396,0.003376,0.003423,0.00344,0.003404,0.003339,0.003374,0.003519,0.003587,0.003672,0.00358,0.003636,0.003661,0.003683,0.003735,0.003761,0.00382,0.003801,0.0037186333333333477,0.003736946666666668,0.003784976666666673,0.0037741533333333467
1.4,0.003401,0.003448,0.003463,0.003425,0.003358,0.003396,0.00354,0.003608,0.003694,0.003599,0.003656,0.003679,0.003703,0.003755,0.003781,0.003838,0.003824,0.003744553333333324,0.0037655366666666757,0.003816246666666673,0.0038049800000000155
1.404,0.003424,0.003472,0.003487,0.003446,0.003379,0.003415,0.003562,0.003631,0.003715,0.003622,0.003681,0.003698,0.003727,0.00378,0.003823,0.003865,0.003849,0.003766786666666659,0.0037959533333333344,0.003839200000000004,0.003825633333333332
1.408,0.003449,0.003494,0.00351,0.003469,0.0034,0.003436,0.003583,0.003652,0.00374,0.003642,0.003702,0.003727,0.00375,0.003802,0.003821,0.003887,0.003871,0.003785113333333332,0.0038009433333333308,0.003852876666666655,0.0038402966666666555
1.412,0.003475,0.003519,0.003533,0.00349,0.00342,0.003456,0.003604,0.003673,0.003761,0.003662,0.003721,0.003746,0.003769,0.003823,0.00385,0.003909,0.003891,0.0038047299999999992,0.0038216533333333353,0.003870143333333337,0.0038570866666666676
1.416,0.003498,0.00354,0.003557,0.003511,0.003441,0.003476,0.003626,0.003695,0.003782,0.003686,0.003746,0.003769,0.003793,0.003842,0.00387,0.003931,0.003912,0.0038242499999999974,0.0038417133333333467,0.0038883399999999975,0.0038751100000000045
1.42,0.003525,0.003569,0.00358,0.003534,0.003462,0.003499,0.003647,0.003719,0.003806,0.003707,0.003766,0.003791,0.003815,0.003869,0.003907,0.003959,0.003934,0.0038485533333333273,0.0038687800000000096,0.0039056833333333467,0.0038927533333333432
1.424,0.00355,0.003592,0.003604,0.003555,0.003483,0.00352,0.003669,0.003739,0.003827,0.003728,0.003789,0.003815,0.003837,0.003889,0.003907,0.003978,0.003958,0.0038810833333333366,0.00389608000000001,0.003956996666666678,0.003936466666666666
1.428,0.003574,0.003617,0.003627,0.003577,0.003504,0.003541,0.003691,0.003761,0.003849,0.003752,0.00381,0.003836,0.003858,0.003914,0.003935,0.004004,0.003985,0.0039013799999999908,0.00391596000000001,0.003976336666666663,0.003954159999999994
1.432,0.0036,0.00364,0.003651,0.0036,0.003525,0.003562,0.003711,0.003782,0.003872,0.003772,0.003832,0.003861,0.003882,0.003937,0.003963,0.004027,0.004004,0.003923260000000001,0.003940776666666673,0.003991946666666666,0.003965026666666656
1.436,0.003626,0.003666,0.003675,0.003623,0.003547,0.003584,0.003735,0.003806,0.003895,0.003795,0.003857,0.00388,0.003905,0.003965,0.003988,0.004052,0.00403,0.003949760000000001,0.003967923333333338,0.004023056666666651,0.003997836666666654
1.44,0.003651,0.00369,0.0037,0.003645,0.003569,0.003606,0.003756,0.003827,0.003918,0.003816,0.003876,0.003902,0.003928,0.003988,0.004012,0.004074,0.004052,0.003972780000000005,0.003990163333333328,0.004032793333333331,0.004002909999999981
1.444,0.003675,0.003713,0.003722,0.003667,0.003591,0.003627,0.003778,0.00385,0.003939,0.003839,0.003901,0.003926,0.003951,0.004002,0.004031,0.004095,0.004074,0.003994059999999999,0.004014563333333324,0.004048769999999985,0.004014279999999995
1.448,0.003702,0.00374,0.003747,0.003691,0.003613,0.003649,0.0038,0.003871,0.003963,0.00386,0.00392,0.003949,0.003975,0.004026,0.004058,0.004118,0.004096,0.004020993333333335,0.004047053333333324,0.0040916366666666594,0.004062186666666673
1.452,0.003728,0.003765,0.003772,0.003714,0.003636,0.003671,0.003822,0.003895,0.003985,0.003881,0.003944,0.00397,0.003996,0.004051,0.004077,0.004144,0.004121,0.0040492800000000145,0.004073710000000008,0.004129849999999998,0.004102306666666679
1.456,0.003752,0.003789,0.003795,0.003737,0.003657,0.003692,0.003843,0.003917,0.004005,0.003904,0.00397,0.003994,0.004018,0.004073,0.0041,0.00417,0.004144,0.004069696666666668,0.004094676666666663,0.0041556800000000045,0.004127320000000002
1.46,0.00378,0.003813,0.00382,0.003761,0.003679,0.003715,0.003866,0.003939,0.004029,0.003927,0.003992,0.004013,0.00404,0.004096,0.004122,0.004188,0.004163,0.004091893333333339,0.004116889999999987,0.004173466666666673,0.004145180000000001
1.464,0.003805,0.003837,0.003844,0.003783,0.003702,0.003736,0.003887,0.003961,0.004051,0.003949,0.004013,0.004039,0.004062,0.004118,0.004153,0.004216,0.004187,0.004109213333333334,0.004137526666666661,0.004186510000000002,0.00415345333333334
1.468,0.003831,0.003863,0.003868,0.003808,0.003725,0.003759,0.003911,0.003985,0.004075,0.003973,0.004038,0.00406,0.004086,0.00414,0.004171,0.004239,0.004213,0.004134596666666674,0.004162093333333326,0.00421472000000001,0.004182813333333346
1.472,0.003857,0.003888,0.003893,0.003832,0.003746,0.003781,0.003933,0.004007,0.004097,0.003996,0.00406,0.004084,0.004109,0.004164,0.004193,0.00426,0.004234,0.004158806666666662,0.004184649999999988,0.0042405333333333335,0.004209920000000001
1.476,0.00388,0.003913,0.003914,0.003854,0.00377,0.003804,0.003954,0.004029,0.004121,0.004015,0.004081,0.004103,0.004132,0.004188,0.00421,0.004281,0.004254,0.004177940000000003,0.004198736666666677,0.004254529999999992,0.00422289999999999
1.48,0.003907,0.003937,0.00394,0.003878,0.003793,0.003826,0.003977,0.004052,0.00414,0.004039,0.004105,0.004127,0.004154,0.004207,0.004238,0.004309,0.00428,0.004200559999999999,0.0042260533333333275,0.004280163333333322,0.004245473333333328
1.484,0.003934,0.003962,0.003965,0.003902,0.003816,0.003848,0.003999,0.004075,0.004162,0.004062,0.004126,0.004149,0.004178,0.00423,0.004264,0.004336,0.004306,0.0042212299999999855,0.00424901666666668,0.004303989999999982,0.004270683333333328
1.488,0.003959,0.003986,0.003988,0.003925,0.003839,0.00387,0.004021,0.004096,0.004186,0.004082,0.004151,0.004173,0.0042,0.004256,0.004284,0.004354,0.004331,0.004243656666666676,0.004268749999999985,0.004324643333333319,0.0042960133333333345
1.492,0.003984,0.004011,0.004012,0.003949,0.003862,0.003892,0.004043,0.004119,0.004208,0.004107,0.004175,0.004195,0.004221,0.004279,0.004312,0.004377,0.004351,0.004266106666666666,0.0042929333333333415,0.004344176666666668,0.004314399999999999
1.496,0.004009,0.004037,0.004035,0.003973,0.003885,0.003915,0.004065,0.004141,0.00423,0.00413,0.004196,0.00422,0.004244,0.004299,0.004329,0.004404,0.004371,0.004285293333333351,0.004308946666666685,0.004357500000000003,0.00432006999999999
1.5,0.004036,0.004063,0.004058,0.003997,0.003907,0.003938,0.004088,0.004164,0.004252,0.004152,0.004219,0.004241,0.004268,0.004323,0.004355,0.004425,0.004392,0.0043037866666666745,0.0043264366666666875,0.004366423333333324,0.004326846666666649
