Voltage,1,2,3,5,10,15,20,25,30,40,50,60,80,100,120,200,250,100_pred,120_pred,200_pred,250_pred
-0.996,0.0009714,0.001016,0.001048,0.001079,0.001128,0.00115,0.001072,0.0012,0.001226,0.00134,0.001426,0.001458,0.001522,0.001575,0.001607,0.001664,0.001676,0.001575209999999998,0.0016063866666666737,0.0016602533333333318,0.0016747500000000057
-0.992,0.0009624,0.001006,0.001038,0.001068,0.001117,0.00114,0.001064,0.001191,0.001217,0.00133,0.001415,0.001447,0.001511,0.001564,0.001597,0.001652,0.001665,0.0015648633333333376,0.0015968633333333353,0.0016493366666666606,0.0016646733333333438
-0.988,0.0009538,0.0009959,0.001028,0.001058,0.001107,0.00113,0.001057,0.001183,0.001208,0.00132,0.001405,0.001437,0.001501,0.001554,0.001586,0.001641,0.001655,0.001554906666666668,0.0015863533333333275,0.0016400666666666675,0.0016553500000000042
-0.984,0.0009457,0.0009868,0.001018,0.001049,0.001098,0.001121,0.001051,0.001175,0.0012,0.001311,0.001396,0.001427,0.001492,0.001545,0.001577,0.001631,0.001645,0.001545830000000004,0.0015771066666666635,0.0016292233333333314,0.0016451833333333372
-0.98,0.0009376,0.0009782,0.00101,0.00104,0.001089,0.001112,0.001044,0.001168,0.001192,0.001303,0.001387,0.001418,0.001483,0.001536,0.001568,0.001622,0.001636,0.0015366466666666616,0.001568226666666672,0.0016200300000000047,0.0016360666666666748
-0.976,0.0009304,0.00097,0.001002,0.001032,0.001081,0.001105,0.001039,0.001161,0.001185,0.001296,0.001379,0.00141,0.001475,0.001528,0.00156,0.001613,0.001627,0.0015288266666666581,0.0015604833333333376,0.0016123299999999945,0.0016275733333333308
-0.972,0.0009237,0.0009627,0.000994,0.001025,0.001073,0.001097,0.001033,0.001154,0.001179,0.001289,0.001372,0.001403,0.001468,0.001521,0.001553,0.001605,0.00162,0.0015213433333333296,0.0015530333333333417,0.0016043500000000053,0.0016198966666666702
-0.968,0.0009176,0.0009558,0.0009868,0.001018,0.001066,0.00109,0.001028,0.001149,0.001173,0.001283,0.001365,0.001396,0.001461,0.001514,0.001546,0.001598,0.001613,0.0015157066666666675,0.0015473533333333327,0.0015983466666666636,0.0016141833333333275
-0.964,0.0009119,0.0009495,0.0009801,0.001011,0.001059,0.001084,0.001024,0.001143,0.001168,0.001277,0.001359,0.00139,0.001455,0.001508,0.00154,0.001591,0.001606,0.0015100066666666702,0.0015416633333333314,0.00159206666666667,0.0016079599999999966
-0.96,0.0009068,0.0009435,0.0009742,0.001005,0.001053,0.001078,0.00102,0.001138,0.001163,0.001272,0.001353,0.001384,0.001449,0.001503,0.001534,0.001584,0.0016,0.0015032999999999947,0.0015343599999999933,0.0015837633333333262,0.0016005199999999955
-0.956,0.0009019,0.0009379,0.0009686,0.0009989,0.001047,0.001073,0.001016,0.001134,0.001158,0.001268,0.001348,0.001379,0.001444,0.001498,0.001528,0.001579,0.001595,0.0014979933333333318,0.0015280066666666589,0.0015777633333333302,0.0015945800000000056
-0.952,0.0008974,0.0009326,0.0009634,0.0009936,0.001042,0.001068,0.001012,0.00113,0.001154,0.001263,0.001343,0.001374,0.001439,0.001493,0.001523,0.001573,0.001589,0.0014931800000000037,0.001523133333333331,0.0015725833333333301,0.0015892466666666703
-0.948,0.0008933,0.000928,0.0009586,0.0009886,0.001037,0.001063,0.001009,0.001126,0.00115,0.001259,0.001339,0.001369,0.001435,0.001488,0.001518,0.001568,0.001585,0.0014880999999999965,0.0015179900000000042,0.001567743333333339,0.0015847333333333376
-0.944,0.0008895,0.0009236,0.0009539,0.0009839,0.001032,0.001058,0.001006,0.001122,0.001146,0.001255,0.001335,0.001365,0.00143,0.001484,0.001514,0.001564,0.00158,0.0014837599999999963,0.0015136266666666701,0.0015625066666666721,0.0015793466666666751
-0.94,0.0008859,0.0009197,0.0009496,0.0009795,0.001028,0.001054,0.001003,0.001119,0.001142,0.001251,0.001331,0.001361,0.001427,0.00148,0.00151,0.00156,0.001576,0.001480853333333329,0.0015107766666666719,0.00155986666666667,0.0015764366666666738
-0.936,0.0008827,0.0009159,0.0009456,0.0009755,0.001024,0.00105,0.001001,0.001116,0.001139,0.001248,0.001327,0.001357,0.001423,0.001477,0.001507,0.001555,0.001572,0.0014771766666666687,0.0015070666666666633,0.001554626666666659,0.0015710600000000048
-0.932,0.0008796,0.0009123,0.000942,0.0009718,0.00102,0.001047,0.0009984,0.001113,0.001136,0.001245,0.001324,0.001354,0.00142,0.001474,0.001504,0.001552,0.001568,0.0014745966666666604,0.0015043933333333355,0.0015516966666666648,0.0015679300000000056
-0.928,0.000877,0.0009091,0.0009386,0.0009686,0.001017,0.001044,0.0009964,0.001111,0.001134,0.001242,0.001321,0.001351,0.001417,0.001472,0.001501,0.001549,0.001565,0.0014729666666666585,0.001502153333333328,0.001549440000000003,0.0015657033333333317
-0.924,0.0008744,0.0009063,0.0009355,0.0009652,0.001014,0.001041,0.0009944,0.001109,0.001131,0.00124,0.001318,0.001348,0.001414,0.001469,0.001498,0.001546,0.001562,0.001469199999999998,0.0014980866666666672,0.00154528333333333,0.001561853333333336
-0.92,0.000872,0.0009038,0.0009327,0.0009618,0.001011,0.001038,0.0009927,0.001106,0.001129,0.001237,0.001315,0.001346,0.001412,0.001467,0.001495,0.001543,0.001559,0.0014668299999999997,0.0014953733333333411,0.0015426400000000022,0.0015594633333333276
-0.916,0.0008699,0.0009016,0.00093,0.0009589,0.001008,0.001035,0.0009912,0.001104,0.001127,0.001235,0.001313,0.001343,0.001409,0.001464,0.001493,0.00154,0.001557,0.0014643033333333378,0.0014931633333333401,0.0015397499999999975,0.0015568799999999931
-0.912,0.0008678,0.0008993,0.0009275,0.0009563,0.001005,0.001033,0.0009898,0.001102,0.001125,0.001233,0.001311,0.001341,0.001407,0.001462,0.001491,0.001538,0.001554,0.0014625600000000055,0.0014915233333333403,0.0015378566666666622,0.0015544266666666648
-0.908,0.0008658,0.000897,0.0009253,0.000954,0.001003,0.00103,0.0009886,0.001101,0.001124,0.001231,0.001309,0.001339,0.001405,0.00146,0.001489,0.001536,0.001552,0.0014604700000000034,0.0014894566666666712,0.0015356866666666612,0.0015521799999999991
-0.904,0.0008641,0.0008951,0.0009232,0.0009522,0.001001,0.001028,0.0009876,0.001099,0.001122,0.001229,0.001307,0.001337,0.001403,0.001458,0.001487,0.001534,0.00155,0.0014583133333333353,0.0014872766666666688,0.0015335199999999926,0.0015500733333333324
-0.9,0.0008626,0.0008933,0.0009212,0.0009502,0.0009987,0.001026,0.0009867,0.001098,0.001121,0.001228,0.001305,0.001336,0.001402,0.001457,0.001486,0.001532,0.001549,0.001457099999999997,0.001485909999999995,0.0015315333333333256,0.001548843333333337
-0.896,0.0008613,0.0008918,0.0009193,0.0009483,0.0009969,0.001024,0.0009861,0.001097,0.00112,0.001227,0.001304,0.001334,0.001401,0.001456,0.001484,0.00153,0.001548,0.0014561800000000046,0.0014844166666666654,0.0015300433333333262,0.0015478266666666635
-0.892,0.0008601,0.0008905,0.0009177,0.0009467,0.0009953,0.001023,0.0009855,0.001096,0.001119,0.001226,0.001303,0.001333,0.001399,0.001455,0.001483,0.001529,0.001546,0.0014548833333333326,0.0014831066666666733,0.0015286166666666663,0.0015458466666666642
-0.888,0.0008589,0.0008893,0.0009162,0.0009454,0.0009939,0.001021,0.0009849,0.001095,0.001119,0.001225,0.001302,0.001332,0.001399,0.001454,0.001483,0.001528,0.001545,0.0014540266666666702,0.0014827766666666727,0.0015277466666666609,0.0015449333333333365
-0.884,0.0008577,0.0008882,0.0009149,0.0009441,0.0009926,0.00102,0.0009846,0.001095,0.001118,0.001224,0.001301,0.001331,0.001398,0.001453,0.001482,0.001527,0.001544,0.0014532099999999962,0.0014818833333333328,0.0015267066666666692,0.001544043333333329
-0.88,0.0008567,0.0008871,0.0009137,0.0009428,0.0009912,0.001019,0.0009844,0.001095,0.001118,0.001223,0.0013,0.001331,0.001397,0.001453,0.001481,0.001526,0.001544,0.0014530299999999953,0.0014810666666666727,0.0015258400000000086,0.0015437299999999966
-0.876,0.0008557,0.0008858,0.0009126,0.0009415,0.0009898,0.001018,0.0009843,0.001094,0.001117,0.001223,0.0013,0.00133,0.001397,0.001453,0.001481,0.001525,0.001543,0.0014530066666666615,0.0014810100000000068,0.0015250699999999995,0.0015430600000000045
-0.872,0.000855,0.0008848,0.0009117,0.0009406,0.0009889,0.001017,0.0009844,0.001094,0.001117,0.001223,0.001299,0.00133,0.001397,0.001453,0.001481,0.001525,0.001543,0.0014530066666666615,0.0014810100000000068,0.001525039999999999,0.0015430200000000052
-0.868,0.0008546,0.000884,0.0009111,0.0009399,0.0009882,0.001016,0.0009846,0.001094,0.001117,0.001222,0.001299,0.00133,0.001397,0.001453,0.001481,0.001525,0.001543,0.0014530133333333281,0.0014810166666666736,0.0015250399999999992,0.001543020000000005
-0.864,0.0008541,0.0008836,0.0009106,0.0009396,0.0009876,0.001016,0.0009848,0.001094,0.001118,0.001222,0.0013,0.00133,0.001397,0.001453,0.001481,0.001525,0.001543,0.001453036666666662,0.0014810400000000064,0.001525173333333334,0.0015430566666666712
-0.86,0.0008539,0.0008835,0.0009103,0.0009392,0.0009872,0.001015,0.0009853,0.001095,0.001118,0.001223,0.0013,0.001331,0.001397,0.001453,0.001481,0.001526,0.001543,0.0014532099999999975,0.0014812166666666711,0.0015259400000000112,0.0015432766666666686
-0.856,0.0008538,0.0008832,0.0009099,0.0009388,0.0009868,0.001015,0.0009857,0.001095,0.001118,0.001223,0.0013,0.001331,0.001398,0.001454,0.001482,0.001526,0.001544,0.0014538166666666714,0.0014818333333333309,0.0015260100000000117,0.001543856666666662
-0.852,0.0008536,0.0008829,0.0009096,0.0009385,0.0009864,0.001015,0.000986,0.001095,0.001119,0.001223,0.001301,0.001331,0.001398,0.001454,0.001482,0.001526,0.001544,0.001454016666666672,0.0014820599999999969,0.0015260700000000113,0.0015440666666666615
-0.848,0.0008534,0.0008827,0.0009093,0.0009384,0.0009863,0.001015,0.0009865,0.001096,0.001119,0.001224,0.001301,0.001332,0.001399,0.001455,0.001483,0.001526,0.001545,0.001454939999999998,0.0014832133333333372,0.0015264133333333409,0.0015449966666666712
-0.844,0.0008534,0.0008826,0.0009091,0.0009383,0.0009861,0.001015,0.0009872,0.001096,0.00112,0.001224,0.001301,0.001332,0.001399,0.001455,0.001484,0.001527,0.001545,0.001455019999999998,0.001483753333333333,0.001526893333333336,0.001545066666666671
-0.84,0.0008535,0.0008827,0.000909,0.0009382,0.000986,0.001015,0.0009879,0.001097,0.001121,0.001225,0.001302,0.001333,0.0014,0.001456,0.001485,0.001528,0.001546,0.0014559533333333389,0.0014848600000000015,0.001527913333333325,0.0015460466666666645
-0.836,0.0008538,0.0008828,0.0009091,0.0009382,0.000986,0.001015,0.0009888,0.001098,0.001122,0.001226,0.001303,0.001334,0.001401,0.001457,0.001486,0.001528,0.001547,0.0014566733333333292,0.0014855866666666623,0.0015282633333333242,0.0015470233333333373
-0.832,0.0008541,0.000883,0.0009092,0.0009383,0.0009861,0.001015,0.0009897,0.001099,0.001123,0.001226,0.001304,0.001335,0.001402,0.001458,0.001487,0.001529,0.001548,0.0014579500000000002,0.0014869233333333343,0.0015293299999999985,0.0015481699999999987
-0.828,0.0008544,0.0008835,0.0009094,0.0009388,0.0009863,0.001016,0.0009907,0.0011,0.001124,0.001227,0.001304,0.001336,0.001404,0.001459,0.001488,0.00153,0.001549,0.0014586099999999947,0.0014875866666666621,0.0015299666666666594,0.0015488533333333388
-0.824,0.0008547,0.0008836,0.0009097,0.0009393,0.0009865,0.001016,0.0009918,0.001101,0.001125,0.001228,0.001306,0.001337,0.001405,0.001461,0.00149,0.001532,0.001551,0.0014604533333333282,0.001489449999999996,0.0015316966666666597,0.0015505566666666744
-0.82,0.0008551,0.0008837,0.0009102,0.0009396,0.0009868,0.001016,0.0009929,0.001102,0.001126,0.00123,0.001307,0.001338,0.001406,0.001462,0.001491,0.001533,0.001552,0.0014617933333333354,0.00149078666666667,0.001533050000000001,0.0015518966666666684
-0.816,0.0008555,0.0008839,0.0009105,0.00094,0.0009871,0.001017,0.0009941,0.001103,0.001128,0.001231,0.001308,0.001339,0.001408,0.001463,0.001492,0.001534,0.001553,0.0014624899999999973,0.0014914833333333306,0.0015339266666666617,0.0015527400000000077
-0.812,0.0008561,0.0008844,0.0009109,0.0009405,0.0009876,0.001017,0.0009953,0.001104,0.001129,0.001232,0.001309,0.00134,0.001409,0.001465,0.001494,0.001535,0.001554,0.0014641899999999972,0.0014931733333333314,0.001534953333333335,0.0015539366666666686
-0.808,0.0008568,0.0008851,0.0009115,0.000941,0.0009883,0.001018,0.0009966,0.001106,0.00113,0.001233,0.00131,0.001342,0.00141,0.001466,0.001495,0.001536,0.001556,0.0014654533333333388,0.0014944100000000063,0.0015361666666666622,0.0015557966666666684
-0.804,0.0008577,0.000886,0.0009121,0.0009419,0.0009891,0.001019,0.0009981,0.001107,0.001132,0.001234,0.001312,0.001343,0.001412,0.001468,0.001497,0.001538,0.001558,0.0014673200000000076,0.0014962166666666742,0.0015380899999999963,0.0015578433333333357
-0.8,0.0008586,0.0008868,0.0009131,0.0009428,0.0009899,0.00102,0.0009998,0.001108,0.001134,0.001236,0.001313,0.001345,0.001414,0.00147,0.001499,0.00154,0.00156,0.001469620000000007,0.0014986033333333271,0.00154012333333333,0.0015598900000000039
-0.796,0.0008597,0.0008877,0.0009141,0.0009436,0.0009911,0.001021,0.001002,0.00111,0.001135,0.001238,0.001315,0.001347,0.001416,0.001472,0.001501,0.001542,0.001562,0.001471449999999995,0.0015004533333333263,0.0015421199999999934,0.001561733333333337
-0.792,0.0008608,0.0008888,0.000915,0.0009445,0.0009921,0.001022,0.001003,0.001112,0.001137,0.00124,0.001317,0.001349,0.001418,0.001474,0.001503,0.001544,0.001564,0.001473149999999992,0.001502193333333326,0.0015438066666666602,0.0015635766666666725
-0.788,0.0008621,0.0008901,0.0009161,0.0009455,0.0009932,0.001023,0.001005,0.001114,0.001139,0.001242,0.001319,0.001351,0.00142,0.001476,0.001506,0.001546,0.001566,0.0014752199999999935,0.001504880000000001,0.001545889999999995,0.0015652933333333392
-0.784,0.0008634,0.0008913,0.0009172,0.0009466,0.0009943,0.001024,0.001007,0.001116,0.001141,0.001244,0.001321,0.001353,0.001422,0.001479,0.001508,0.001548,0.001569,0.0014781866666666694,0.0015073933333333382,0.0015483233333333298,0.0015683033333333284
-0.78,0.0008647,0.0008925,0.0009183,0.0009479,0.0009955,0.001025,0.001009,0.001118,0.001144,0.001246,0.001323,0.001355,0.001425,0.001481,0.00151,0.001551,0.001571,0.0014805933333333376,0.0015096833333333385,0.0015508033333333402,0.0015709666666666618
-0.776,0.000866,0.0008937,0.0009197,0.0009493,0.0009966,0.001027,0.001012,0.00112,0.001146,0.001248,0.001325,0.001358,0.001427,0.001484,0.001513,0.001553,0.001574,0.0014830866666666648,0.0015122233333333295,0.0015531966666666758,0.0015734066666666703
-0.772,0.0008673,0.0008951,0.000921,0.0009506,0.000998,0.001028,0.001014,0.001122,0.001148,0.00125,0.001328,0.00136,0.00143,0.001486,0.001516,0.001556,0.001577,0.0014852633333333274,0.0015149933333333358,0.0015559933333333365,0.0015766366666666665
-0.768,0.0008688,0.0008967,0.0009223,0.000952,0.0009993,0.001029,0.001017,0.001124,0.001151,0.001252,0.00133,0.001363,0.001432,0.001489,0.001519,0.001559,0.00158,0.0014883500000000013,0.0015182533333333325,0.0015588833333333293,0.0015797366666666735
-0.764,0.0008705,0.0008984,0.0009238,0.0009535,0.001001,0.001031,0.001019,0.001126,0.001153,0.001255,0.001333,0.001365,0.001435,0.001492,0.001522,0.001562,0.001583,0.0014901233333333309,0.0015199766666666719,0.001561210000000002,0.001581880000000002
-0.76,0.0008722,0.0009001,0.0009252,0.000955,0.001002,0.001033,0.001022,0.001129,0.001156,0.001257,0.001336,0.001368,0.001438,0.001495,0.001525,0.001565,0.001586,0.0014937933333333381,0.0015237099999999997,0.001564899999999998,0.001585476666666662
-0.756,0.0008741,0.0009017,0.0009268,0.0009566,0.001004,0.001034,0.001024,0.001131,0.001159,0.00126,0.001338,0.001371,0.001441,0.001498,0.001528,0.001568,0.001589,0.0014967633333333326,0.00152663666666666,0.0015676466666666718,0.0015885133333333361
-0.752,0.0008759,0.0009033,0.0009284,0.0009583,0.001006,0.001036,0.001027,0.001134,0.001162,0.001263,0.001341,0.001374,0.001444,0.001501,0.001531,0.001571,0.001593,0.0014998666666666603,0.0015300400000000005,0.001570676666666663,0.0015922666666666717
-0.748,0.0008777,0.000905,0.0009301,0.00096,0.001008,0.001038,0.00103,0.001137,0.001164,0.001265,0.001344,0.001377,0.001448,0.001504,0.001535,0.001574,0.001596,0.0015042933333333358,0.0015349166666666686,0.001576023333333339,0.0015978799999999938
-0.744,0.0008796,0.0009069,0.0009318,0.0009618,0.001009,0.00104,0.001032,0.001139,0.001167,0.001268,0.001347,0.00138,0.001451,0.001508,0.001538,0.001578,0.0016,0.0015064333333333368,0.0015368933333333305,0.0015784800000000067,0.0016004299999999947
-0.74,0.0008817,0.0009089,0.0009337,0.0009637,0.001011,0.001042,0.001035,0.001142,0.00117,0.001271,0.00135,0.001383,0.001454,0.001511,0.001542,0.001581,0.001604,0.001510803333333331,0.0015413833333333283,0.0015829666666666673,0.0016052566666666635
-0.736,0.0008837,0.000911,0.0009356,0.0009656,0.001013,0.001044,0.001038,0.001145,0.001173,0.001274,0.001353,0.001386,0.001458,0.001515,0.001545,0.001585,0.001607,0.0015137699999999944,0.0015438800000000035,0.0015853300000000024,0.0016073800000000055
-0.732,0.000886,0.000913,0.0009376,0.0009675,0.001015,0.001046,0.001042,0.001148,0.001176,0.001277,0.001357,0.00139,0.001461,0.001519,0.001549,0.001589,0.001611,0.0015179866666666648,0.0015481233333333403,0.0015902033333333374,0.0016116799999999932
-0.728,0.0008882,0.000915,0.0009395,0.0009695,0.001017,0.001048,0.001045,0.001151,0.00118,0.001281,0.00136,0.001393,0.001465,0.001522,0.001553,0.001593,0.001615,0.0015210233333333386,0.0015517900000000082,0.001593710000000005,0.0016150966666666593
-0.724,0.0008905,0.0009171,0.0009416,0.0009716,0.00102,0.001051,0.001048,0.001154,0.001183,0.001284,0.001364,0.001397,0.001469,0.001526,0.001557,0.001596,0.001619,0.0015244500000000084,0.001555366666666662,0.0015958533333333285,0.0016179366666666602
-0.72,0.0008927,0.0009193,0.0009437,0.0009737,0.001022,0.001053,0.001051,0.001157,0.001186,0.001287,0.001367,0.0014,0.001473,0.00153,0.001561,0.0016,0.001623,0.0015286299999999974,0.0015596533333333273,0.0016001999999999956,0.0016225266666666622
-0.716,0.000895,0.0009215,0.0009458,0.0009758,0.001024,0.001055,0.001054,0.00116,0.001189,0.001291,0.001371,0.001404,0.001477,0.001534,0.001565,0.001605,0.001627,0.0015325966666666605,0.001563566666666662,0.0016041733333333392,0.0016260533333333285
-0.712,0.0008974,0.0009239,0.000948,0.000978,0.001026,0.001057,0.001058,0.001164,0.001193,0.001295,0.001374,0.001408,0.00148,0.001538,0.001569,0.001609,0.001632,0.0015372699999999953,0.001568369999999993,0.0016098066666666755,0.0016319766666666724
-0.708,0.0008999,0.0009263,0.0009501,0.0009802,0.001029,0.00106,0.001061,0.001167,0.001197,0.001298,0.001378,0.001412,0.001485,0.001542,0.001573,0.001613,0.001636,0.001540609999999993,0.001571769999999996,0.0016131233333333312,0.001635350000000009
-0.704,0.0009025,0.0009287,0.0009523,0.0009824,0.001031,0.001062,0.001065,0.001171,0.0012,0.001302,0.001383,0.001416,0.001489,0.001546,0.001578,0.001618,0.001641,0.0015452133333333287,0.001577036666666672,0.001620220000000004,0.0016429033333333377
-0.7,0.0009051,0.000931,0.0009547,0.0009848,0.001034,0.001065,0.001069,0.001175,0.001204,0.001306,0.001387,0.001421,0.001493,0.001551,0.001582,0.001622,0.001646,0.001549320000000004,0.00158070333333333,0.0016226733333333397,0.001645436666666664
-0.696,0.0009076,0.0009331,0.000957,0.0009873,0.001036,0.001068,0.001072,0.001178,0.001208,0.00131,0.001391,0.001425,0.001498,0.001555,0.001587,0.001627,0.001651,0.001552956666666661,0.0015846466666666688,0.0016268633333333315,0.0016495333333333391
-0.692,0.0009102,0.0009363,0.0009594,0.0009899,0.001039,0.00107,0.001076,0.001182,0.001212,0.001314,0.001396,0.00143,0.001502,0.00156,0.001592,0.001632,0.001656,0.0015594233333333354,0.0015913533333333316,0.0016352800000000048,0.001657336666666665
-0.688,0.0009129,0.0009394,0.0009618,0.0009925,0.001042,0.001073,0.00108,0.001186,0.001217,0.001319,0.0014,0.001434,0.001507,0.001565,0.001597,0.001637,0.001661,0.0015632033333333301,0.001595070000000002,0.0016382400000000002,0.0016607700000000067
-0.684,0.0009157,0.0009424,0.0009643,0.0009951,0.001044,0.001076,0.001085,0.00119,0.001221,0.001323,0.001405,0.001439,0.001512,0.00157,0.001602,0.001642,0.001666,0.0015709566666666694,0.001603309999999997,0.0016478233333333267,0.0016706633333333357
-0.68,0.0009187,0.000945,0.0009669,0.0009977,0.001047,0.001079,0.001089,0.001195,0.001226,0.001328,0.00141,0.001444,0.001517,0.001575,0.001608,0.001647,0.001672,0.001574263333333331,0.0016070866666666643,0.001649170000000002,0.0016725400000000043
-0.676,0.0009217,0.0009473,0.0009698,0.001,0.001051,0.001082,0.001093,0.001199,0.00123,0.001333,0.001415,0.001449,0.001522,0.00158,0.001613,0.001653,0.001677,0.0015798466666666728,0.0016124166666666602,0.0016565333333333364,0.0016781633333333313
-0.672,0.0009248,0.0009494,0.0009725,0.001003,0.001054,0.001085,0.001097,0.001203,0.001235,0.001337,0.00142,0.001454,0.001528,0.001586,0.001618,0.001658,0.001683,0.001587716666666662,0.001619423333333337,0.001660036666666664,0.0016840133333333289
-0.668,0.0009278,0.0009526,0.0009753,0.001006,0.001058,0.001088,0.001102,0.001208,0.00124,0.001342,0.001425,0.001459,0.001533,0.001591,0.001624,0.001664,0.001689,0.001592630000000004,0.001624876666666671,0.001665536666666666,0.001689406666666665
-0.664,0.0009308,0.0009556,0.000978,0.001009,0.00106,0.001091,0.001107,0.001213,0.001245,0.001347,0.001431,0.001464,0.001539,0.001597,0.00163,0.00167,0.001695,0.0015989600000000043,0.001631343333333341,0.0016721000000000045,0.0016961300000000008
-0.66,0.000934,0.0009588,0.0009811,0.001012,0.001063,0.001094,0.001112,0.001218,0.00125,0.001353,0.001436,0.00147,0.001545,0.001603,0.001636,0.001676,0.001701,0.0016051400000000073,0.0016374800000000076,0.0016785366666666735,0.0017024233333333353
-0.656,0.0009372,0.000962,0.0009843,0.001015,0.001065,0.001098,0.001117,0.001223,0.001255,0.001358,0.001442,0.001476,0.001551,0.001609,0.001642,0.001682,0.001707,0.0016109066666666763,0.001643399999999993,0.0016844300000000063,0.0017087433333333353
-0.652,0.0009405,0.0009654,0.0009874,0.001019,0.001069,0.001101,0.001121,0.001228,0.00126,0.001363,0.001448,0.001481,0.001556,0.001615,0.001648,0.001688,0.001714,0.001616353333333328,0.0016490633333333291,0.001690230000000007,0.001715266666666663
-0.648,0.000944,0.0009688,0.0009907,0.001022,0.001072,0.001105,0.001126,0.001233,0.001266,0.001369,0.001454,0.001487,0.001562,0.001621,0.001655,0.001695,0.00172,0.0016230266666666631,0.0016561666666666717,0.0016976566666666688,0.0017220066666666655
-0.644,0.0009475,0.0009723,0.000994,0.001025,0.001075,0.001108,0.001131,0.001238,0.001271,0.001375,0.00146,0.001493,0.001569,0.001627,0.001661,0.001701,0.001727,0.0016274333333333294,0.0016608500000000062,0.0017025333333333355,0.0017276733333333276
-0.64,0.000951,0.0009758,0.0009971,0.001029,0.001079,0.001112,0.001136,0.001243,0.001276,0.001381,0.001466,0.001499,0.001575,0.001634,0.001667,0.001708,0.001733,0.0016361566666666736,0.0016693733333333267,0.0017133366666666624,0.001738316666666663
-0.636,0.0009547,0.0009794,0.001001,0.001033,0.001082,0.001116,0.001142,0.001249,0.001282,0.001386,0.001472,0.001505,0.001581,0.00164,0.001674,0.001714,0.00174,0.0016427899999999932,0.0016762033333333367,0.0017193799999999958,0.0017448600000000037
-0.632,0.0009584,0.0009831,0.001005,0.001037,0.001086,0.001119,0.001147,0.001254,0.001287,0.001392,0.001478,0.001512,0.001587,0.001646,0.00168,0.001721,0.001747,0.0016482766666666608,0.0016809633333333364,0.0017257333333333246,0.0017508433333333362
-0.628,0.0009621,0.000987,0.001008,0.001041,0.00109,0.001123,0.001152,0.001259,0.001293,0.001398,0.001484,0.001518,0.001593,0.001652,0.001687,0.001728,0.001754,0.0016544199999999948,0.001687476666666664,0.0017329500000000024,0.0017582933333333314
-0.624,0.0009659,0.0009909,0.001012,0.001045,0.001094,0.001127,0.001158,0.001265,0.001299,0.001404,0.00149,0.001524,0.0016,0.001659,0.001693,0.001734,0.001761,0.001659770000000005,0.0016924766666666646,0.0017375666666666718,0.0017634966666666733
-0.62,0.0009697,0.000995,0.001016,0.001049,0.001098,0.001131,0.001163,0.00127,0.001304,0.00141,0.001497,0.00153,0.001606,0.001665,0.0017,0.001741,0.001767,0.0016670600000000106,0.0017004699999999939,0.0017456199999999976,0.001771260000000005
-0.616,0.0009736,0.000999,0.00102,0.001052,0.001102,0.001136,0.001168,0.001275,0.00131,0.001416,0.001503,0.001536,0.001612,0.001672,0.001706,0.001748,0.001774,0.0016732866666666728,0.0017066966666666639,0.00175138333333334,0.0017772033333333338
-0.612,0.0009776,0.001003,0.001024,0.001057,0.001106,0.00114,0.001173,0.001281,0.001316,0.001422,0.001509,0.001542,0.001619,0.001678,0.001713,0.001755,0.001781,0.0016789100000000057,0.0017132800000000045,0.0017564933333333354,0.0017823099999999966
-0.608,0.0009816,0.001007,0.001028,0.001061,0.001111,0.001144,0.001179,0.001286,0.001321,0.001427,0.001515,0.001549,0.001625,0.001685,0.00172,0.001762,0.001788,0.0016866466666666643,0.0017211300000000015,0.0017655466666666667,0.0017914866666666703
-0.604,0.0009856,0.001011,0.001032,0.001065,0.001115,0.001149,0.001184,0.001292,0.001327,0.001433,0.001521,0.001555,0.001631,0.001691,0.001727,0.001769,0.001795,0.0016918166666666642,0.0017271766666666626,0.0017712666666666725,0.0017973666666666636
-0.6,0.0009894,0.001015,0.001036,0.001069,0.00112,0.001154,0.00119,0.001297,0.001333,0.001439,0.001528,0.001561,0.001638,0.001698,0.001733,0.001776,0.001803,0.0016999766666666593,0.0017348799999999979,0.0017799099999999993,0.0018066599999999981
-0.596,0.0009933,0.001019,0.00104,0.001073,0.001124,0.001158,0.001195,0.001303,0.001338,0.001445,0.001534,0.001567,0.001644,0.001704,0.00174,0.001783,0.00181,0.0017042333333333274,0.0017398800000000029,0.0017836833333333272,0.0018104633333333275
-0.592,0.0009971,0.001024,0.001045,0.001078,0.001129,0.001163,0.0012,0.001308,0.001344,0.001451,0.00154,0.001573,0.001651,0.00171,0.001747,0.00179,0.001817,0.001711103333333329,0.001747456666666668,0.001791573333333336,0.001818366666666669
-0.588,0.001001,0.001028,0.001049,0.001082,0.001133,0.001167,0.001206,0.001313,0.00135,0.001457,0.001546,0.00158,0.001657,0.001717,0.001753,0.001797,0.001824,0.0017168200000000052,0.0017529266666666688,0.0017977233333333327,0.0018246400000000004
-0.584,0.001005,0.001032,0.001053,0.001087,0.001138,0.001172,0.001212,0.001319,0.001355,0.001463,0.001553,0.001586,0.001663,0.001723,0.00176,0.001804,0.001831,0.001722216666666663,0.0017587766666666645,0.0018032500000000047,0.001830036666666675
-0.58,0.001009,0.001036,0.001057,0.001091,0.001142,0.001176,0.001217,0.001324,0.001361,0.001469,0.001559,0.001592,0.00167,0.00173,0.001767,0.001811,0.001838,0.0017278200000000036,0.0017643033333333354,0.0018084366666666699,0.001835073333333338
-0.576,0.001012,0.00104,0.001061,0.001095,0.001147,0.001183,0.001223,0.00133,0.001367,0.001475,0.001566,0.001599,0.001676,0.001736,0.001773,0.001818,0.001845,0.001735193333333336,0.0017719466666666747,0.001818439999999994,0.001845059999999998
-0.572,0.001016,0.001045,0.001066,0.0011,0.001152,0.00119,0.001228,0.001335,0.001373,0.001481,0.001572,0.001605,0.001683,0.001743,0.00178,0.001825,0.001852,0.001745316666666665,0.0017821100000000023,0.0018306800000000005,0.0018566466666666696
-0.568,0.00102,0.001049,0.00107,0.001104,0.001156,0.001195,0.001234,0.001341,0.001378,0.001487,0.001579,0.001612,0.001689,0.001749,0.001787,0.001833,0.001859,0.0017510333333333324,0.001788479999999998,0.0018369533333333261,0.0018612366666666705
-0.564,0.001023,0.001053,0.001074,0.001109,0.001161,0.0012,0.00124,0.001346,0.001384,0.001493,0.001586,0.001618,0.001696,0.001756,0.001794,0.00184,0.001866,0.0017567766666666607,0.0017946466666666694,0.001844476666666666,0.0018706166666666649
-0.56,0.001027,0.001057,0.001079,0.001113,0.001166,0.001203,0.001246,0.001352,0.00139,0.001499,0.001593,0.001624,0.001702,0.001763,0.0018,0.001847,0.001874,0.0017621933333333342,0.0017990266666666735,0.001849013333333333,0.0018750433333333334
-0.556,0.001031,0.001061,0.001083,0.001118,0.001171,0.001205,0.001251,0.001357,0.001396,0.001506,0.001599,0.001631,0.001709,0.001769,0.001807,0.001854,0.001881,0.0017688000000000066,0.0018063133333333355,0.0018575100000000073,0.0018830200000000067
-0.552,0.001034,0.001065,0.001087,0.001122,0.001175,0.001211,0.001257,0.001363,0.001402,0.001512,0.001606,0.001637,0.001716,0.001776,0.001814,0.001861,0.001888,0.0017754366666666666,0.0018130199999999974,0.001865086666666669,0.0018910766666666685
-0.548,0.001038,0.001069,0.001092,0.001127,0.00118,0.001216,0.001264,0.001369,0.001408,0.001518,0.001613,0.001644,0.001722,0.001783,0.001821,0.001869,0.001896,0.0017832366666666619,0.0018211633333333347,0.001872990000000004,0.0018990500000000037
-0.544,0.001042,0.001073,0.001096,0.001131,0.001185,0.001221,0.001269,0.001375,0.001414,0.001524,0.001619,0.001651,0.001729,0.001789,0.001828,0.001876,0.001903,0.0017904033333333324,0.0018294733333333343,0.0018813799999999965,0.001907729999999996
-0.54,0.001045,0.001077,0.0011,0.001136,0.001189,0.001226,0.001276,0.00138,0.001421,0.001531,0.001626,0.001657,0.001736,0.001796,0.001835,0.001883,0.00191,0.0017960366666666724,0.001835309999999996,0.0018868866666666686,0.0019122366666666686
-0.536,0.001049,0.001081,0.001104,0.00114,0.001194,0.001231,0.001282,0.001386,0.001427,0.001537,0.001633,0.001664,0.001742,0.001803,0.001842,0.001891,0.001917,0.0017998800000000007,0.0018390066666666698,0.00189131666666666,0.0019154599999999977
-0.532,0.001053,0.001085,0.001109,0.001145,0.001199,0.001236,0.001288,0.001392,0.001433,0.001543,0.00164,0.001671,0.001749,0.00181,0.001849,0.001898,0.001924,0.0018101333333333277,0.001849379999999996,0.0019054366666666671,0.0019288233333333309
-0.528,0.001057,0.001089,0.001113,0.001149,0.001204,0.001241,0.001294,0.001398,0.001439,0.00155,0.001647,0.001677,0.001756,0.001817,0.001856,0.001905,0.001932,0.0018163200000000017,0.0018553333333333362,0.0019098199999999996,0.001933693333333334
-0.524,0.001061,0.001094,0.001117,0.001154,0.001209,0.001246,0.001301,0.001404,0.001446,0.001557,0.001654,0.001684,0.001763,0.001824,0.001863,0.001913,0.001939,0.0018245900000000012,0.0018627966666666662,0.0019152833333333362,0.0019399466666666747
-0.52,0.001066,0.001098,0.001122,0.001159,0.001213,0.001251,0.001307,0.00141,0.001453,0.001563,0.001661,0.001691,0.00177,0.001831,0.001871,0.00192,0.001947,0.0018324233333333428,0.0018717133333333359,0.0019241933333333317,0.0019495066666666656
-0.516,0.00107,0.001102,0.001126,0.001164,0.001218,0.001256,0.001314,0.001417,0.001459,0.00157,0.001669,0.001698,0.001777,0.001838,0.001878,0.001928,0.001955,0.0018375100000000049,0.0018762266666666665,0.001927093333333335,0.0019529433333333353
-0.512,0.001074,0.001107,0.001131,0.001168,0.001223,0.001261,0.001321,0.001423,0.001466,0.001577,0.001676,0.001706,0.001785,0.001846,0.001886,0.001935,0.001962,0.0018463633333333361,0.0018845833333333353,0.001933866666666672,0.0019605933333333397
-0.508,0.001079,0.001111,0.001135,0.001173,0.001228,0.001266,0.001328,0.001429,0.001473,0.001584,0.001683,0.001713,0.001792,0.001853,0.001893,0.001943,0.00197,0.00185416333333333,0.001892693333333331,0.0019447066666666625,0.0019702666666666768
-0.504,0.001084,0.001116,0.00114,0.001178,0.001233,0.001271,0.001335,0.001436,0.00148,0.001591,0.001691,0.00172,0.001799,0.001861,0.001901,0.001951,0.001978,0.0018625266666666665,0.0019010433333333317,0.0019516266666666662,0.0019776500000000005
-0.5,0.001088,0.00112,0.001145,0.001183,0.001238,0.001277,0.001342,0.001443,0.001487,0.001598,0.001698,0.001727,0.001806,0.001868,0.001909,0.001959,0.001986,0.0018703333333333267,0.001911906666666668,0.0019685333333333333,0.0019927966666666674
-0.496,0.001093,0.001125,0.00115,0.001188,0.001243,0.001282,0.001348,0.001449,0.001494,0.001605,0.001706,0.001735,0.001814,0.001876,0.001917,0.001967,0.001994,0.0018772499999999933,0.00191784333333333,0.0019698733333333362,0.001995610000000003
-0.492,0.001098,0.00113,0.001155,0.001193,0.001248,0.001288,0.001355,0.001456,0.001501,0.001612,0.001713,0.001742,0.001822,0.001884,0.001925,0.001975,0.002002,0.0018850099999999958,0.00192582,0.001977579999999998,0.002003899999999997
-0.488,0.001103,0.001134,0.00116,0.001198,0.001254,0.001293,0.001362,0.001462,0.001508,0.001619,0.001721,0.00175,0.001829,0.001891,0.001933,0.001983,0.00201,0.0018908733333333238,0.0019322200000000001,0.0019835300000000003,0.002009733333333333
-0.484,0.001108,0.00114,0.001165,0.001204,0.001259,0.001299,0.001369,0.001469,0.001515,0.001626,0.001728,0.001757,0.001837,0.001899,0.00194,0.001991,0.002018,0.0019004566666666607,0.0019410566666666692,0.0019930799999999973,0.0020192399999999994
-0.48,0.001114,0.001145,0.00117,0.001209,0.001264,0.001305,0.001376,0.001475,0.001522,0.001633,0.001736,0.001764,0.001844,0.001907,0.001948,0.001999,0.002026,0.0019071066666666628,0.0019481733333333328,0.002000543333333322,0.002026866666666657
-0.476,0.001119,0.00115,0.001176,0.001215,0.00127,0.001311,0.001382,0.001481,0.001528,0.00164,0.001743,0.001772,0.001852,0.001914,0.001956,0.002007,0.002034,0.0019137366666666699,0.0019551466666666677,0.002008353333333325,0.002033623333333325
-0.472,0.001123,0.001155,0.001181,0.00122,0.001276,0.001317,0.001389,0.001487,0.001535,0.001647,0.00175,0.001779,0.001859,0.001922,0.001963,0.002015,0.002042,0.0019217299999999922,0.0019625133333333344,0.0020183566666666605,0.0020423866666666596
-0.468,0.001128,0.00116,0.001187,0.001226,0.001282,0.001323,0.001395,0.001494,0.001541,0.001654,0.001757,0.001787,0.001867,0.001929,0.001971,0.002023,0.00205,0.0019301033333333302,0.001970933333333328,0.002023309999999996,0.002049716666666663
-0.464,0.001133,0.001165,0.001192,0.001231,0.001287,0.001329,0.001401,0.0015,0.001548,0.001661,0.001765,0.001794,0.001874,0.001936,0.001978,0.00203,0.002057,0.0019353866666666664,0.001976626666666664,0.0020300433333333237,0.0020558066666666566
-0.46,0.001138,0.001169,0.001197,0.001237,0.001293,0.001335,0.001407,0.001506,0.001554,0.001667,0.001772,0.001801,0.001881,0.001944,0.001986,0.002038,0.002065,0.0019439666666666636,0.001985453333333334,0.00203869666666666,0.002064386666666659
-0.456,0.001142,0.001174,0.001203,0.001242,0.001299,0.001341,0.001413,0.001512,0.00156,0.001674,0.001779,0.001808,0.001888,0.001951,0.001994,0.002046,0.002073,0.001952119999999999,0.0019945066666666694,0.002048836666666663,0.002074153333333329
-0.452,0.001147,0.001179,0.001208,0.001248,0.001305,0.001347,0.00142,0.001518,0.001567,0.001681,0.001786,0.001815,0.001895,0.001959,0.002001,0.002054,0.002081,0.0019579300000000014,0.002000223333333331,0.002055873333333333,0.002080823333333333
-0.448,0.001151,0.001183,0.001213,0.001254,0.001311,0.001353,0.001426,0.001524,0.001574,0.001688,0.001794,0.001822,0.001903,0.001966,0.002009,0.002062,0.002089,0.001966190000000007,0.0020115266666666676,0.002079406666666669,0.0020983666666666697
-0.444,0.001155,0.001187,0.001218,0.001259,0.001316,0.001359,0.001432,0.00153,0.00158,0.001694,0.001801,0.001829,0.00191,0.001974,0.002017,0.002069,0.002097,0.0019724999999999994,0.0020171433333333365,0.0020813966666666604,0.002102640000000006
-0.44,0.001158,0.001191,0.001223,0.001264,0.001322,0.001365,0.001438,0.001536,0.001586,0.001701,0.001808,0.001836,0.001917,0.001981,0.002024,0.002077,0.002105,0.001980980000000005,0.0020234566666666766,0.002077329999999997,0.002103673333333343
-0.436,0.001161,0.001194,0.001228,0.001268,0.001327,0.001371,0.001444,0.001542,0.001592,0.001707,0.001815,0.001843,0.001924,0.001989,0.002032,0.002085,0.002112,0.0019905700000000083,0.0020328933333333345,0.002086666666666667,0.0021128466666666705
-0.432,0.001164,0.001197,0.001232,0.001273,0.001332,0.001377,0.00145,0.001549,0.001599,0.001714,0.001822,0.00185,0.001932,0.001997,0.00204,0.002092,0.00212,0.001998070000000011,0.0020404666666666697,0.002092363333333326,0.0021199466666666734
-0.428,0.001167,0.0012,0.001237,0.001278,0.001337,0.001382,0.001457,0.001555,0.001605,0.001721,0.001829,0.001858,0.001939,0.002004,0.002047,0.0021,0.002128,0.0020034133333333396,0.0020457366666666735,0.0020984399999999935,0.002125760000000007
-0.424,0.00117,0.001204,0.001241,0.001282,0.001343,0.001387,0.001463,0.001561,0.001612,0.001727,0.001836,0.001865,0.001947,0.002012,0.002055,0.002107,0.002135,0.002013453333333339,0.0020562233333333317,0.0021089866666666648,0.0021360566666666684
-0.42,0.001174,0.001206,0.001245,0.001286,0.001348,0.001393,0.001469,0.001567,0.001618,0.001734,0.001843,0.001872,0.001954,0.002019,0.002063,0.002115,0.002143,0.0020191133333333318,0.002062090000000002,0.002115356666666659,0.0021421500000000054
-0.416,0.001177,0.00121,0.001249,0.001291,0.001353,0.001398,0.001476,0.001573,0.001625,0.001741,0.00185,0.00188,0.001962,0.002027,0.00207,0.002123,0.002151,0.0020281199999999983,0.0020707666666666736,0.002123953333333325,0.002151380000000009
-0.412,0.001181,0.001213,0.001253,0.001295,0.001357,0.001403,0.001482,0.001579,0.001631,0.001748,0.001858,0.001887,0.001969,0.002034,0.002078,0.002131,0.002159,0.002034626666666659,0.0020779000000000097,0.0021317933333333257,0.0021594400000000086
-0.408,0.001184,0.001217,0.001257,0.001299,0.001362,0.001408,0.001489,0.001586,0.001638,0.001755,0.001865,0.001894,0.001976,0.002042,0.002086,0.002138,0.002167,0.002040829999999993,0.0020843366666666685,0.0021408166666666544,0.002166726666666668
-0.404,0.001188,0.001221,0.001261,0.001304,0.001367,0.001413,0.001495,0.001592,0.001644,0.001762,0.001872,0.001902,0.001984,0.002049,0.002093,0.002145,0.002174,0.0020473999999999983,0.0020910033333333407,0.002145036666666661,0.0021721300000000056
-0.4,0.001191,0.001225,0.001265,0.001308,0.001371,0.001418,0.001502,0.001599,0.001651,0.001769,0.00188,0.001909,0.001991,0.002057,0.002101,0.002152,0.002182,0.0020556166666666586,0.0020987233333333434,0.002150703333333335,0.0021788633333333428
-0.396,0.001195,0.001229,0.001269,0.001312,0.001376,0.001423,0.001508,0.001605,0.001657,0.001776,0.001887,0.001916,0.001999,0.002064,0.002109,0.00216,0.00219,0.0020598066666666624,0.002103270000000012,0.002155176666666671,0.0021829233333333434
-0.392,0.001199,0.001233,0.001273,0.001317,0.001382,0.001429,0.001515,0.001612,0.001664,0.001783,0.001895,0.001924,0.002007,0.002072,0.002117,0.002168,0.002198,0.0020718366666666647,0.00211598666666667,0.002167473333333327,0.0021965200000000035
-0.388,0.001203,0.001238,0.001278,0.001322,0.001387,0.001434,0.001522,0.001619,0.001671,0.00179,0.001902,0.001932,0.002015,0.00208,0.002125,0.002175,0.002206,0.002081493333333333,0.0021259000000000035,0.0021772900000000036,0.0022070800000000067
-0.384,0.001208,0.001242,0.001283,0.001326,0.001392,0.00144,0.001529,0.001625,0.001678,0.001798,0.00191,0.001939,0.002022,0.002088,0.002133,0.002183,0.002214,0.0020869833333333246,0.0021315366666666722,0.002181476666666672,0.0022118833333333384
-0.38,0.001212,0.001246,0.001287,0.001331,0.001397,0.001445,0.001536,0.001632,0.001685,0.001805,0.001918,0.001947,0.00203,0.002096,0.002141,0.002191,0.002222,0.0020944566666666596,0.0021385099999999945,0.002188326666666676,0.0022187299999999912
-0.376,0.001217,0.001251,0.001292,0.001336,0.001402,0.001451,0.001543,0.001639,0.001692,0.001812,0.001925,0.001955,0.002038,0.002105,0.002149,0.002198,0.00223,0.002100580000000005,0.002143933333333329,0.002193310000000004,0.0022235299999999927
-0.372,0.001222,0.001256,0.001297,0.001341,0.001408,0.001456,0.001549,0.001646,0.001699,0.001819,0.001933,0.001963,0.002046,0.002113,0.002157,0.002206,0.002238,0.0021111433333333334,0.0021538933333333315,0.0022026966666666716,0.0022337366666666625
-0.368,0.001227,0.001261,0.001302,0.001347,0.001413,0.001462,0.001556,0.001653,0.001706,0.001827,0.001941,0.00197,0.002054,0.002121,0.002165,0.002213,0.002246,0.0021206233333333356,0.0021643033333333212,0.002213663333333341,0.002245066666666665
-0.364,0.001232,0.001266,0.001307,0.001352,0.001419,0.001468,0.001563,0.00166,0.001713,0.001834,0.001948,0.001978,0.002062,0.002129,0.002173,0.002221,0.002254,0.002126760000000004,0.002170353333333324,0.002218196666666666,0.0022506999999999918
-0.36,0.001237,0.001271,0.001312,0.001357,0.001425,0.001474,0.00157,0.001667,0.00172,0.001842,0.001956,0.001986,0.00207,0.002137,0.002181,0.002228,0.002262,0.0021345633333333383,0.0021780066666666604,0.0022248733333333354,0.0022576566666666588
-0.356,0.001241,0.001276,0.001317,0.001363,0.00143,0.00148,0.001578,0.001674,0.001728,0.001849,0.001964,0.001994,0.002078,0.002145,0.00219,0.002235,0.002269,0.0021431833333333296,0.0021877500000000083,0.002233953333333327,0.0022664599999999958
-0.352,0.001246,0.001281,0.001323,0.001368,0.001436,0.001486,0.001585,0.001681,0.001735,0.001857,0.001972,0.002002,0.002086,0.002153,0.002198,0.002243,0.002277,0.00214986333333333,0.002193780000000003,0.0022382733333333286,0.002271823333333323
-0.348,0.001251,0.001287,0.001328,0.001374,0.001442,0.001492,0.001592,0.001688,0.001742,0.001864,0.001979,0.002009,0.002094,0.002161,0.002206,0.00225,0.002285,0.0021609566666666645,0.002205376666666673,0.0022508499999999896,0.0022846266666666595
-0.344,0.001257,0.001292,0.001334,0.00138,0.001448,0.001498,0.001599,0.001695,0.001749,0.001872,0.001987,0.002017,0.002101,0.002169,0.002214,0.002257,0.002292,0.0021667466666666566,0.002211496666666673,0.0022557066666666595,0.0022898399999999952
-0.34,0.001262,0.001298,0.001339,0.001386,0.001454,0.001505,0.001606,0.001702,0.001756,0.001879,0.001995,0.002025,0.002109,0.002177,0.002221,0.002265,0.0023,0.0021744833333333267,0.0022181,0.002262323333333329,0.002296916666666665
-0.336,0.001268,0.001303,0.001345,0.001392,0.00146,0.001511,0.001614,0.001709,0.001763,0.001886,0.002003,0.002033,0.002117,0.002185,0.002229,0.002272,0.002307,0.0021828233333333297,0.002226180000000003,0.0022705366666666725,0.0023044499999999944
-0.332,0.001273,0.001309,0.001351,0.001397,0.001466,0.001517,0.001621,0.001716,0.00177,0.001894,0.00201,0.00204,0.002124,0.002193,0.002237,0.002279,0.002314,0.0021914133333333333,0.002235030000000006,0.002277563333333337,0.002311953333333338
-0.328,0.001279,0.001315,0.001357,0.001403,0.001472,0.001524,0.001628,0.001723,0.001778,0.001901,0.002018,0.002048,0.002132,0.002201,0.002245,0.002287,0.002322,0.0021984800000000044,0.0022418100000000094,0.002283970000000005,0.002318203333333341
-0.324,0.001285,0.001321,0.001362,0.00141,0.001479,0.00153,0.001636,0.001731,0.001785,0.001909,0.002025,0.002055,0.00214,0.002209,0.002252,0.002294,0.002329,0.002207423333333338,0.0022504400000000033,0.002293783333333339,0.002327943333333343
-0.32,0.001291,0.001327,0.001368,0.001416,0.001485,0.001537,0.001643,0.001738,0.001792,0.001916,0.002033,0.002063,0.002148,0.002216,0.00226,0.002301,0.002336,0.002212913333333333,0.0022558933333333376,0.002296860000000001,0.0023318700000000037
-0.316,0.001297,0.001333,0.001374,0.001422,0.001492,0.001543,0.001651,0.001745,0.0018,0.001924,0.002041,0.002071,0.002155,0.002224,0.002268,0.002309,0.002343,0.0022197533333333363,0.0022626433333333374,0.002303413333333337,0.0023376066666666627
-0.312,0.001304,0.001339,0.00138,0.001428,0.001498,0.00155,0.001658,0.001753,0.001807,0.001932,0.002048,0.002078,0.002163,0.002232,0.002276,0.002317,0.00235,0.0022277333333333405,0.0022710599999999923,0.0023127533333333404,0.0023453233333333304
-0.308,0.00131,0.001345,0.001386,0.001435,0.001505,0.001557,0.001666,0.00176,0.001814,0.001939,0.002056,0.002086,0.002171,0.002241,0.002284,0.002324,0.002357,0.0022376133333333373,0.0022790566666666613,0.002320333333333332,0.0023529133333333417
-0.304,0.001317,0.001351,0.001393,0.001441,0.001511,0.001564,0.001674,0.001767,0.001822,0.001947,0.002063,0.002094,0.002179,0.002249,0.002291,0.002332,0.002364,0.0022472299999999916,0.00228878666666667,0.0023297633333333335,0.002361636666666671
-0.3,0.001323,0.001357,0.001399,0.001447,0.001518,0.00157,0.001681,0.001775,0.001829,0.001954,0.002071,0.002101,0.002187,0.002257,0.002299,0.002339,0.002371,0.00225428666666666,0.0022959633333333404,0.0023365966666666588,0.002368026666666671
-0.296,0.00133,0.001364,0.001405,0.001453,0.001524,0.001577,0.001689,0.001782,0.001836,0.001962,0.002079,0.002109,0.002194,0.002264,0.002307,0.002347,0.002378,0.0022613166666666695,0.0023026299999999934,0.0023403866666666597,0.002372783333333329
-0.292,0.001337,0.00137,0.001412,0.00146,0.001531,0.001584,0.001697,0.00179,0.001844,0.00197,0.002086,0.002117,0.002202,0.002272,0.002314,0.002355,0.002385,0.002270403333333341,0.0023119300000000037,0.002352096666666663,0.0023824966666666646
-0.288,0.001344,0.001377,0.001418,0.001467,0.001537,0.001591,0.001704,0.001797,0.001851,0.001977,0.002094,0.002124,0.00221,0.002281,0.002322,0.002363,0.002392,0.002276479999999995,0.0023170766666666728,0.0023562233333333325,0.0023863433333333266
-0.284,0.001351,0.001383,0.001425,0.001473,0.001544,0.001598,0.001712,0.001805,0.001859,0.001985,0.002102,0.002132,0.002218,0.002289,0.00233,0.00237,0.002399,0.0022844533333333276,0.002324670000000008,0.002364469999999993,0.002394030000000007
-0.28,0.001358,0.00139,0.001431,0.00148,0.001551,0.001605,0.001721,0.001813,0.001867,0.001993,0.00211,0.00214,0.002226,0.002297,0.002338,0.002378,0.002407,0.0022930566666666623,0.002333326666666663,0.002372176666666661,0.0024014866666666763
-0.276,0.001365,0.001397,0.001438,0.001487,0.001558,0.001612,0.001729,0.001821,0.001875,0.002001,0.002118,0.002148,0.002234,0.002305,0.002346,0.002386,0.002414,0.0023000900000000007,0.002340579999999995,0.002379819999999998,0.0024081500000000143
-0.272,0.001372,0.001404,0.001445,0.001494,0.001565,0.001619,0.001737,0.001829,0.001883,0.002009,0.002125,0.002156,0.002242,0.002314,0.002354,0.002394,0.002422,0.002309240000000004,0.0023495433333333314,0.002390396666666671,0.002418466666666673
-0.268,0.00138,0.001412,0.001452,0.001501,0.001572,0.001626,0.001746,0.001837,0.001891,0.002017,0.002133,0.002165,0.00225,0.002322,0.002362,0.002403,0.00243,0.0023185200000000053,0.0023582299999999902,0.002399343333333339,0.0024265700000000055
-0.264,0.001389,0.001419,0.001459,0.001508,0.001579,0.001633,0.001754,0.001845,0.001899,0.002026,0.002141,0.002173,0.002259,0.002331,0.00237,0.002411,0.002438,0.00232778,0.0023671066666666597,0.002407760000000006,0.0024350333333333428
-0.26,0.001397,0.001427,0.001466,0.001515,0.001586,0.001641,0.001763,0.001854,0.001907,0.002034,0.002149,0.002181,0.002267,0.002339,0.002378,0.002419,0.002445,0.0023345466666666592,0.0023737566666666614,0.002414633333333325,0.0024412733333333356
-0.256,0.001405,0.001435,0.001473,0.001522,0.001593,0.001648,0.001772,0.001862,0.001915,0.002043,0.002157,0.00219,0.002276,0.002348,0.002386,0.002427,0.002454,0.0023430466666666725,0.0023811133333333312,0.002420783333333328,0.0024484199999999954
-0.252,0.001414,0.001443,0.001481,0.001529,0.0016,0.001655,0.001781,0.001871,0.001924,0.002052,0.002166,0.002198,0.002284,0.002356,0.002395,0.002436,0.002462,0.0023523800000000085,0.002391813333333336,0.0024329133333333293,0.0024594533333333287
-0.248,0.001423,0.001451,0.001488,0.001537,0.001608,0.001663,0.00179,0.00188,0.001933,0.00206,0.002174,0.002207,0.002293,0.002365,0.002404,0.002444,0.00247,0.002362613333333327,0.002401949999999995,0.002443130000000002,0.0024691733333333256
-0.244,0.001433,0.001459,0.001496,0.001544,0.001615,0.00167,0.001799,0.001889,0.001942,0.002069,0.002183,0.002216,0.002302,0.002374,0.002412,0.002453,0.002479,0.0023739433333333274,0.0024131833333333333,0.0024560200000000045,0.002481590000000007
-0.24,0.001442,0.001468,0.001504,0.001552,0.001622,0.001678,0.001809,0.001899,0.00195,0.002078,0.002191,0.002225,0.002311,0.002383,0.002421,0.002462,0.002488,0.002382626666666673,0.002421376666666672,0.002463619999999995,0.0024890766666666782
-0.236,0.001451,0.001477,0.001511,0.00156,0.00163,0.001686,0.001818,0.001908,0.001959,0.002088,0.0022,0.002234,0.00232,0.002392,0.00243,0.002471,0.002496,0.002390116666666659,0.0024285866666666728,0.002470796666666667,0.0024958700000000124
-0.232,0.00146,0.001486,0.001519,0.001568,0.001637,0.001693,0.001828,0.001918,0.001968,0.002097,0.002209,0.002243,0.002329,0.002401,0.002439,0.00248,0.002505,0.0023977833333333255,0.0024360700000000007,0.0024779266666666716,0.002502556666666662
-0.228,0.001469,0.001495,0.001527,0.001575,0.001645,0.001701,0.001838,0.001927,0.001978,0.002106,0.002218,0.002252,0.002338,0.00241,0.002448,0.002489,0.002514,0.0024057166666666733,0.002443500000000004,0.002484516666666663,0.0025097266666666727
-0.224,0.001479,0.001504,0.001536,0.001584,0.001653,0.001709,0.001848,0.001938,0.001987,0.002116,0.002227,0.002262,0.002348,0.00242,0.002457,0.002498,0.002523,0.0024139633333333257,0.0024515200000000048,0.0024927966666666657,0.002518056666666676
-0.22,0.001491,0.001514,0.001544,0.001592,0.001661,0.001717,0.001858,0.001948,0.001997,0.002126,0.002236,0.002271,0.002357,0.002429,0.002467,0.002507,0.002532,0.002426310000000003,0.0024641466666666663,0.002505046666666671,0.0025297966666666606
-0.216,0.001503,0.001524,0.001553,0.0016,0.001669,0.001726,0.001869,0.001958,0.002007,0.002136,0.002245,0.002281,0.002367,0.002439,0.002476,0.002517,0.002542,0.002435693333333332,0.0024733233333333366,0.00251535333333333,0.0025402466666666723
-0.212,0.001515,0.001535,0.001562,0.001609,0.001678,0.001735,0.00188,0.001969,0.002017,0.002146,0.002255,0.002291,0.002377,0.002449,0.002486,0.002527,0.002551,0.0024444900000000023,0.0024819799999999978,0.0025233166666666553,0.00254755
-0.208,0.001528,0.001546,0.001571,0.001618,0.001686,0.001743,0.00189,0.00198,0.002027,0.002156,0.002264,0.002301,0.002386,0.002458,0.002495,0.002536,0.00256,0.002454073333333328,0.0024910566666666743,0.0025322999999999917,0.0025562966666666702
-0.204,0.001542,0.001557,0.00158,0.001627,0.001695,0.001752,0.001901,0.00199,0.002037,0.002166,0.002274,0.002311,0.002396,0.002468,0.002505,0.002546,0.00257,0.002465283333333339,0.0025031199999999954,0.002544613333333339,0.002568413333333328
-0.2,0.001556,0.001569,0.00159,0.001636,0.001704,0.001761,0.001912,0.002001,0.002048,0.002177,0.002284,0.002321,0.002406,0.002478,0.002514,0.002555,0.002579,0.0024737999999999943,0.0025098733333333385,0.002550979999999992,0.0025741299999999965
-0.196,0.00157,0.001581,0.001599,0.001645,0.001712,0.00177,0.001924,0.002013,0.002058,0.002187,0.002294,0.002331,0.002416,0.002488,0.002524,0.002565,0.002589,0.0024858666666666726,0.0025222933333333346,0.002563746666666671,0.002587759999999991
-0.192,0.001585,0.001593,0.00161,0.001655,0.001721,0.001779,0.001935,0.002024,0.002069,0.002198,0.002304,0.002342,0.002427,0.002498,0.002534,0.002575,0.002599,0.0024940933333333355,0.0025305700000000024,0.002572029999999997,0.0025959800000000042
-0.188,0.0016,0.001605,0.00162,0.001666,0.001731,0.001789,0.001946,0.002035,0.00208,0.002209,0.002314,0.002352,0.002437,0.002508,0.002544,0.002585,0.002609,0.0025038099999999935,0.0025397933333333278,0.0025803933333333217,0.0026039899999999896
-0.184,0.001616,0.001618,0.00163,0.001676,0.00174,0.001798,0.001958,0.002047,0.002091,0.00222,0.002324,0.002363,0.002447,0.002518,0.002555,0.002595,0.002619,0.0025088733333333384,0.0025452066666666554,0.002584703333333338,0.0026077166666666697
-0.18,0.001633,0.001632,0.001641,0.001686,0.00175,0.001808,0.001969,0.002059,0.002102,0.002231,0.002335,0.002373,0.002457,0.002528,0.002565,0.002605,0.002629,0.002522883333333323,0.0025597100000000054,0.0025997933333333323,0.0026235766666666623
-0.176,0.00165,0.001646,0.001653,0.001697,0.001759,0.001818,0.001981,0.00207,0.002113,0.002242,0.002346,0.002384,0.002468,0.002539,0.002575,0.002615,0.002639,0.002534773333333326,0.002570446666666664,0.0026090600000000055,0.0026335099999999856
-0.172,0.001667,0.00166,0.001664,0.001707,0.001769,0.001828,0.001993,0.002082,0.002124,0.002253,0.002356,0.002395,0.002478,0.002549,0.002585,0.002625,0.002649,0.002541070000000006,0.002575193333333324,0.0026083666666666633,0.002636253333333337
-0.168,0.001685,0.001674,0.001676,0.001718,0.00178,0.001839,0.002004,0.002094,0.002136,0.002264,0.002367,0.002405,0.002489,0.002559,0.002595,0.002635,0.002659,0.002555539999999992,0.002591613333333339,0.0026297600000000122,0.002654919999999998
-0.164,0.001703,0.001689,0.001688,0.00173,0.001791,0.001849,0.002016,0.002106,0.002147,0.002275,0.002377,0.002416,0.002499,0.002569,0.002605,0.002645,0.002669,0.002563336666666671,0.0025984799999999985,0.002634896666666674,0.0026604766666666686
-0.16,0.00172,0.001704,0.0017,0.001742,0.001801,0.00186,0.002027,0.002118,0.002158,0.002286,0.002388,0.002426,0.002509,0.002579,0.002615,0.002654,0.002679,0.002570283333333331,0.0026045033333333373,0.0026382033333333436,0.002665249999999994
-0.156,0.001738,0.00172,0.001713,0.001754,0.001812,0.001871,0.002038,0.00213,0.00217,0.002297,0.002398,0.002436,0.002519,0.00259,0.002625,0.002664,0.002688,0.002586166666666661,0.0026222499999999957,0.002663316666666667,0.00268504333333334
-0.152,0.001756,0.001735,0.001726,0.001766,0.001823,0.001882,0.002049,0.002141,0.002181,0.002308,0.002408,0.002447,0.002529,0.0026,0.002635,0.002674,0.002698,0.0025952800000000067,0.002630750000000009,0.0026692833333333255,0.00269266666666666
-0.148,0.001773,0.001751,0.001739,0.001779,0.001834,0.001894,0.00206,0.002153,0.002193,0.002318,0.002419,0.002457,0.002539,0.002609,0.002644,0.002683,0.002707,0.0026076233333333257,0.0026431833333333266,0.0026824066666666607,0.0027060666666666707
-0.144,0.001789,0.001767,0.001753,0.001791,0.001846,0.001905,0.002071,0.002164,0.002204,0.002329,0.002429,0.002467,0.002548,0.002619,0.002654,0.002693,0.002717,0.0026165933333333388,0.0026510233333333416,0.002688293333333318,0.002712686666666663
-0.14,0.001805,0.001783,0.001767,0.001805,0.001857,0.001917,0.002082,0.002175,0.002215,0.002339,0.002439,0.002476,0.002558,0.002628,0.002663,0.002702,0.002725,0.0026250466666666635,0.0026598266666666677,0.002698799999999992,0.0027214333333333263
-0.136,0.00182,0.001798,0.001782,0.001818,0.001869,0.001928,0.002092,0.002186,0.002226,0.002349,0.002448,0.002485,0.002567,0.002638,0.002672,0.00271,0.002734,0.0026375333333333363,0.0026714033333333385,0.0027104899999999977,0.0027334566666666732
-0.132,0.001833,0.001813,0.001797,0.001831,0.00188,0.00194,0.002102,0.002197,0.002237,0.002359,0.002458,0.002495,0.002576,0.002646,0.002681,0.002719,0.002743,0.0026451800000000057,0.0026806833333333415,0.002719430000000014,0.0027430166666666755
-0.128,0.001845,0.001827,0.001811,0.001845,0.001892,0.001952,0.002111,0.002207,0.002248,0.002368,0.002467,0.002503,0.002584,0.002655,0.002689,0.002727,0.002751,0.002654216666666663,0.002688796666666678,0.002726976666666675,0.002750569999999991
-0.124,0.001857,0.001841,0.001826,0.001859,0.001905,0.001964,0.002119,0.002217,0.002258,0.002377,0.002475,0.002512,0.002593,0.002664,0.002697,0.002735,0.002759,0.002662109999999999,0.0026957399999999925,0.0027340000000000103,0.0027578699999999934
-0.12,0.001866,0.001853,0.001841,0.001873,0.001917,0.001976,0.002126,0.002226,0.002268,0.002386,0.002484,0.00252,0.002601,0.002672,0.002705,0.002742,0.002766,0.0026701866666666687,0.0027031099999999895,0.0027394466666666793,0.002763990000000007
-0.116,0.001873,0.001864,0.001856,0.001888,0.00193,0.001988,0.002131,0.002235,0.002278,0.002394,0.002492,0.002528,0.002608,0.002679,0.002713,0.00275,0.002774,0.002678269999999993,0.002711889999999994,0.0027486500000000057,0.0027727333333333465
-0.112,0.001881,0.001874,0.00187,0.001902,0.001942,0.002001,0.002136,0.002243,0.002286,0.002402,0.0025,0.002536,0.002616,0.002687,0.00272,0.002757,0.002781,0.0026853599999999934,0.0027181700000000063,0.002755643333333336,0.0027784766666666713
-0.108,0.001887,0.001883,0.001884,0.001916,0.001955,0.002013,0.00214,0.002249,0.002293,0.002409,0.002507,0.002543,0.002623,0.002694,0.002727,0.002764,0.002787,0.00269343333333332,0.0027264066666666713,0.0027640199999999972,0.00278745666666666
-0.104,0.001893,0.00189,0.001897,0.001929,0.001968,0.002025,0.002144,0.002255,0.0023,0.002416,0.002514,0.00255,0.00263,0.002701,0.002734,0.00277,0.002794,0.0026992066666666585,0.002732033333333336,0.002767820000000008,0.0027917999999999966
-0.1,0.0019,0.001896,0.001909,0.001941,0.00198,0.002037,0.002148,0.002261,0.002305,0.002422,0.00252,0.002557,0.002636,0.002708,0.00274,0.002777,0.0028,0.0027034133333333366,0.0027344933333333307,0.0027684700000000007,0.002792200000000006
-0.096,0.001906,0.001901,0.001919,0.001952,0.001992,0.002049,0.002151,0.002265,0.002309,0.002427,0.002526,0.002563,0.002642,0.002714,0.002746,0.002783,0.002806,0.0027139000000000004,0.002746116666666674,0.0027835099999999934,0.0028062833333333246
-0.092,0.001911,0.001906,0.001928,0.001963,0.002004,0.00206,0.002155,0.00227,0.002313,0.002432,0.002531,0.002568,0.002648,0.00272,0.002752,0.002788,0.002811,0.002719313333333343,0.002751186666666659,0.0027867000000000057,0.002810526666666669
-0.088,0.001916,0.001911,0.001936,0.001971,0.002015,0.002071,0.002158,0.002274,0.002317,0.002437,0.002537,0.002574,0.002653,0.002725,0.002757,0.002793,0.002817,0.0027234466666666585,0.002755303333333335,0.0027904733333333435,0.002814283333333325
-0.084,0.00192,0.001916,0.001943,0.001979,0.002025,0.002081,0.002161,0.002278,0.002321,0.002442,0.002542,0.002579,0.002658,0.002731,0.002763,0.002799,0.002822,0.0027302900000000085,0.0027627433333333247,0.002799159999999999,0.0028223099999999954
-0.08,0.001925,0.00192,0.001949,0.001986,0.002035,0.00209,0.002164,0.002282,0.002324,0.002446,0.002546,0.002584,0.002663,0.002735,0.002768,0.002803,0.002827,0.002735126666666672,0.002767329999999996,0.0028018966666666684,0.0028261266666666754
-0.076,0.001928,0.001924,0.001954,0.001991,0.002043,0.002099,0.002166,0.002285,0.002327,0.00245,0.002551,0.002588,0.002667,0.00274,0.002772,0.002808,0.002831,0.0027396299999999946,0.0027718099999999983,0.0028075266666666722,0.0028308300000000064
-0.072,0.001932,0.001929,0.001958,0.001996,0.002051,0.002106,0.002169,0.002288,0.002329,0.002453,0.002555,0.002592,0.002672,0.002745,0.002777,0.002812,0.002836,0.002744179999999997,0.002775823333333337,0.0028102766666666737,0.0028345833333333218
-0.068,0.001936,0.001933,0.001962,0.002,0.002058,0.002112,0.002171,0.002291,0.002332,0.002457,0.002559,0.002596,0.002676,0.002749,0.002781,0.002817,0.00284,0.002747233333333333,0.002778846666666672,0.0028139066666666643,0.002837956666666655
-0.064,0.001941,0.001937,0.001966,0.002004,0.002063,0.002118,0.002172,0.002294,0.002334,0.00246,0.002562,0.002599,0.002679,0.002753,0.002785,0.00282,0.002844,0.002751460000000002,0.0027835700000000095,0.002819030000000009,0.0028430699999999905
-0.06,0.001945,0.001941,0.00197,0.002007,0.002068,0.002122,0.002174,0.002296,0.002336,0.002463,0.002565,0.002602,0.002683,0.002756,0.002788,0.002824,0.002847,0.0027557199999999915,0.00278779333333334,0.002823730000000013,0.0028469333333333425
-0.056,0.001949,0.001945,0.001973,0.00201,0.002072,0.002127,0.002175,0.002298,0.002338,0.002465,0.002568,0.002605,0.002685,0.002759,0.002791,0.002827,0.002851,0.0027589999999999924,0.002791069999999994,0.002827156666666679,0.002850896666666682
-0.052,0.001953,0.001949,0.001976,0.002013,0.002075,0.00213,0.002175,0.002299,0.002339,0.002467,0.00257,0.002608,0.002688,0.002762,0.002794,0.00283,0.002854,0.002761810000000006,0.0027939966666666624,0.0028305733333333356,0.0028541233333333445
-0.048,0.001958,0.001954,0.00198,0.002017,0.002079,0.002134,0.002176,0.002301,0.002341,0.002469,0.002573,0.00261,0.002691,0.002765,0.002797,0.002834,0.002857,0.002765346666666673,0.002797430000000013,0.0028342833333333327,0.002857529999999997
-0.044,0.001962,0.001958,0.001983,0.00202,0.002083,0.002138,0.002176,0.002302,0.002342,0.00247,0.002574,0.002612,0.002693,0.002768,0.0028,0.002836,0.00286,0.0027678866666666657,0.0027999700000000127,0.002836406666666655,0.002860086666666655
-0.04,0.001966,0.001962,0.001986,0.002024,0.002087,0.002141,0.002176,0.002302,0.002342,0.002472,0.002576,0.002614,0.002695,0.00277,0.002802,0.002839,0.002862,0.0027699866666666788,0.0028020199999999984,0.002839023333333338,0.002862106666666668
-0.036,0.00197,0.001965,0.001989,0.002026,0.00209,0.002144,0.002175,0.002302,0.002342,0.002472,0.002577,0.002615,0.002697,0.002772,0.002804,0.002841,0.002864,0.0027715666666666707,0.0028036,0.002840626666666663,0.0028636799999999935
-0.032,0.001974,0.001968,0.001991,0.002029,0.002093,0.002147,0.002174,0.002301,0.002342,0.002472,0.002577,0.002616,0.002697,0.002773,0.002805,0.002842,0.002865,0.0027725033333333474,0.0028045266666666523,0.002841656666666673,0.002864680000000003
-0.028,0.001977,0.00197,0.001994,0.002031,0.002095,0.002149,0.002172,0.002301,0.002341,0.002471,0.002577,0.002616,0.002698,0.002773,0.002805,0.002843,0.002866,0.0027728700000000167,0.002805029999999982,0.002842670000000013,0.002865676666666675
-0.024,0.001979,0.001972,0.001995,0.002032,0.002098,0.002152,0.00217,0.002299,0.00234,0.002471,0.002577,0.002616,0.002698,0.002773,0.002806,0.002843,0.002866,0.0027728800000000166,0.00280567666666665,0.0028428566666666797,0.002865860000000009
-0.02,0.001981,0.001973,0.001997,0.002034,0.0021,0.002153,0.002167,0.002298,0.002338,0.002469,0.002576,0.002615,0.002697,0.002773,0.002806,0.002843,0.002866,0.002772643333333346,0.002805596666666651,0.002842836666666679,0.0028658366666666746
-0.016,0.001981,0.001974,0.001998,0.002035,0.002101,0.002155,0.002164,0.002295,0.002336,0.002468,0.002575,0.002614,0.002696,0.002772,0.002805,0.002843,0.002866,0.002771683333333333,0.00280462333333332,0.0028425400000000114,0.0028655400000000076
-0.012,0.001982,0.001974,0.001999,0.002035,0.002103,0.002156,0.002161,0.002293,0.002333,0.002466,0.002573,0.002612,0.002695,0.002771,0.002804,0.002842,0.002865,0.0027704366666666653,0.0028034600000000024,0.0028417366666666746,0.002864743333333338
-0.008,0.001982,0.001974,0.001999,0.002035,0.002104,0.002156,0.002157,0.00229,0.002331,0.002464,0.002571,0.002611,0.002694,0.00277,0.002803,0.002842,0.002865,0.0027696133333333438,0.002802550000000003,0.0028413300000000048,0.002864350000000001
-0.004,0.001981,0.001972,0.001998,0.002035,0.002104,0.002156,0.002153,0.002286,0.002327,0.002461,0.002568,0.002608,0.002691,0.002768,0.002801,0.00284,0.002863,0.0027674499999999994,0.0028002500000000124,0.0028392966666666575,0.002862326666666655
0.0,0.001978,0.00197,0.001997,0.002033,0.002104,0.002155,0.002149,0.002282,0.002323,0.002457,0.002565,0.002606,0.002688,0.002766,0.002798,0.002838,0.002861,0.002764890000000006,0.0027972666666666664,0.002837180000000001,0.0028600900000000013
0.004,0.001975,0.001967,0.001995,0.002032,0.002103,0.002154,0.002144,0.002277,0.002319,0.002454,0.002561,0.002602,0.002685,0.002763,0.002796,0.002835,0.002858,0.0027618533333333252,0.002794670000000009,0.0028340500000000003,0.0028571266666666765
0.008,0.00197,0.001964,0.001992,0.002029,0.002102,0.002152,0.002139,0.002272,0.002314,0.002449,0.002558,0.002599,0.002682,0.002759,0.002792,0.002832,0.002856,0.002758456666666657,0.0027914133333333422,0.0028311866666666545,0.0028550066666666644
0.012,0.001965,0.00196,0.00199,0.002027,0.002101,0.00215,0.002134,0.002267,0.002309,0.002445,0.002554,0.002595,0.002679,0.002756,0.002789,0.002829,0.002853,0.0027556933333333245,0.0027887100000000063,0.0028287133333333315,0.002852486666666665
0.016,0.00196,0.001955,0.001987,0.002025,0.002099,0.002148,0.002129,0.002262,0.002304,0.002441,0.00255,0.002591,0.002675,0.002753,0.002786,0.002827,0.00285,0.0027521966666666686,0.0027851933333333232,0.0028254233333333454,0.002848883333333343
0.02,0.001953,0.00195,0.001984,0.002021,0.002097,0.002146,0.002123,0.002257,0.002299,0.002437,0.002545,0.002587,0.002671,0.002749,0.002783,0.002823,0.002847,0.0027491566666666693,0.0027828466666666536,0.0028230466666666803,0.002846790000000012
0.024,0.001946,0.001944,0.00198,0.002017,0.002094,0.002143,0.002118,0.002251,0.002293,0.002432,0.002541,0.002583,0.002667,0.002746,0.002779,0.00282,0.002843,0.002745926666666677,0.00277923333333332,0.0028199366666666805,0.0028430333333333414
0.028,0.001938,0.001938,0.001975,0.002013,0.002091,0.002139,0.002112,0.002245,0.002288,0.002427,0.002536,0.002578,0.002663,0.002741,0.002775,0.002816,0.00284,0.0027408166666666642,0.0027748966666666618,0.002816100000000013,0.0028395166666666566
0.032,0.001929,0.00193,0.00197,0.002008,0.002088,0.002136,0.002106,0.002239,0.002282,0.002422,0.002531,0.002574,0.002658,0.002737,0.002771,0.002812,0.002836,0.0027365266666666594,0.002770399999999997,0.0028115266666666767,0.0028351566666666517
0.036,0.00192,0.001923,0.001964,0.002003,0.002084,0.002132,0.002099,0.002233,0.002276,0.002416,0.002526,0.002569,0.002654,0.002732,0.002766,0.002808,0.002832,0.0027308199999999927,0.00276476000000001,0.002805856666666674,0.0028299566666666535
0.04,0.00191,0.001915,0.001958,0.001998,0.00208,0.002127,0.002093,0.002226,0.002269,0.002411,0.002521,0.002563,0.002649,0.002727,0.002762,0.002804,0.002827,0.00272524666666667,0.002759576666666671,0.002800803333333336,0.002824466666666675
0.044,0.001899,0.001906,0.001952,0.001992,0.002075,0.002122,0.002086,0.002219,0.002262,0.002405,0.002515,0.002558,0.002643,0.002722,0.002756,0.002799,0.002823,0.0027200366666666692,0.0027540999999999902,0.0027963466666666636,0.0028202533333333392
0.048,0.001887,0.001897,0.001945,0.001985,0.00207,0.002117,0.002079,0.002212,0.002254,0.002398,0.002508,0.002552,0.002638,0.002716,0.002751,0.002794,0.002818,0.0027131833333333424,0.0027481666666666544,0.0027912399999999943,0.002815039999999992
0.052,0.001875,0.001887,0.001937,0.001978,0.002064,0.002111,0.002071,0.002204,0.002247,0.002391,0.002502,0.002546,0.002631,0.00271,0.002745,0.002789,0.002813,0.0027065566666666617,0.0027409299999999986,0.0027836000000000063,0.0028081466666666586
0.056,0.001863,0.001877,0.00193,0.001971,0.002059,0.002106,0.002063,0.002196,0.002238,0.002384,0.002495,0.002539,0.002625,0.002704,0.002739,0.002784,0.002807,0.0027011833333333356,0.002735506666666672,0.002778453333333336,0.002802640000000004
0.06,0.001851,0.001867,0.001922,0.001964,0.002053,0.0021,0.002054,0.002187,0.002229,0.002376,0.002487,0.002532,0.002618,0.002698,0.002732,0.002778,0.002801,0.0026947799999999904,0.0027288966666666583,0.0027732766666666536,0.0027971766666666795
0.064,0.001838,0.001857,0.001913,0.001957,0.002047,0.002094,0.002045,0.002178,0.00222,0.002367,0.002479,0.002524,0.00261,0.00269,0.002725,0.002771,0.002795,0.002686229999999995,0.0027213833333333227,0.002765699999999994,0.002789946666666667
0.068,0.001824,0.001846,0.001904,0.001949,0.00204,0.002087,0.002035,0.002168,0.00221,0.002358,0.00247,0.002515,0.002602,0.002682,0.002718,0.002764,0.002788,0.0026770133333333303,0.0027130899999999957,0.002759146666666661,0.002782446666666672
0.072,0.00181,0.001835,0.001895,0.00194,0.002033,0.002081,0.002025,0.002157,0.002199,0.002348,0.00246,0.002506,0.002593,0.002673,0.002709,0.002757,0.00278,0.002668920000000005,0.0027053366666666624,0.0027524900000000007,0.0027756866666666688
0.076,0.001796,0.001823,0.001886,0.001932,0.002026,0.002073,0.002013,0.002146,0.002188,0.002337,0.00245,0.002496,0.002584,0.002664,0.0027,0.002748,0.002772,0.0026601600000000017,0.0026967466666666714,0.002744106666666658,0.002767599999999997
0.08,0.001782,0.001812,0.001876,0.001923,0.002019,0.002066,0.002002,0.002134,0.002176,0.002326,0.002439,0.002485,0.002573,0.002654,0.00269,0.002739,0.002763,0.0026490500000000083,0.0026864233333333317,0.002734686666666675,0.002757609999999993
0.084,0.001768,0.0018,0.001866,0.001914,0.002011,0.002059,0.001989,0.002122,0.002164,0.002314,0.002427,0.002474,0.002562,0.002643,0.00268,0.002729,0.002753,0.0026382899999999915,0.0026750833333333388,0.0027226833333333306,0.002746656666666672
0.088,0.001753,0.001788,0.001856,0.001904,0.002003,0.00205,0.001977,0.002109,0.002151,0.002301,0.002415,0.002462,0.002551,0.002632,0.002669,0.002719,0.002742,0.002626809999999995,0.0026636533333333386,0.0027115633333333463,0.0027352966666666784
0.092,0.001739,0.001776,0.001846,0.001895,0.001995,0.002042,0.001964,0.002096,0.002138,0.002288,0.002402,0.00245,0.002539,0.00262,0.002657,0.002708,0.002731,0.002613823333333329,0.0026503200000000064,0.0026984200000000082,0.0027230033333333434
0.096,0.001724,0.001764,0.001835,0.001885,0.001986,0.002033,0.00195,0.002082,0.002125,0.002274,0.002389,0.002437,0.002526,0.002608,0.002644,0.002696,0.00272,0.0026009400000000125,0.0026376133333333262,0.002686983333333339,0.0027106833333333438
0.1,0.00171,0.001751,0.001824,0.001875,0.001977,0.002024,0.001937,0.002068,0.002111,0.00226,0.002375,0.002423,0.002513,0.002595,0.002632,0.002684,0.002708,0.002588250000000007,0.002624519999999997,0.002672133333333341,0.002696856666666675
0.104,0.001695,0.001738,0.001813,0.001864,0.001967,0.002014,0.001923,0.002054,0.002097,0.002246,0.002361,0.00241,0.0025,0.002582,0.002619,0.002671,0.002695,0.0025741366666666566,0.0026102066666666714,0.0026563433333333278,0.0026825533333333343
0.108,0.001681,0.001726,0.001802,0.001853,0.001957,0.002004,0.001909,0.00204,0.002082,0.002232,0.002347,0.002396,0.002486,0.002568,0.002605,0.002658,0.002682,0.0025631533333333365,0.0026002766666666653,0.0026494333333333415,0.0026745166666666607
0.112,0.001666,0.001713,0.00179,0.001841,0.001947,0.001993,0.001896,0.002025,0.002068,0.002217,0.002333,0.002381,0.002472,0.002555,0.002592,0.002644,0.002669,0.0025476099999999884,0.0025841566666666743,0.002632099999999993,0.0026587166666666704
0.116,0.001652,0.0017,0.001778,0.001829,0.001936,0.001982,0.001881,0.00201,0.002054,0.002202,0.002318,0.002367,0.002458,0.002541,0.002578,0.00263,0.002655,0.002535150000000004,0.0025719166666666694,0.0026199300000000064,0.0026463666666666635
0.12,0.001638,0.001686,0.001766,0.001818,0.001924,0.00197,0.001868,0.001996,0.002039,0.002187,0.002303,0.002352,0.002444,0.002526,0.002564,0.002617,0.002642,0.0025171100000000004,0.002554040000000006,0.002599983333333327,0.0026279700000000046
0.124,0.001623,0.001673,0.001753,0.001805,0.001913,0.001958,0.001853,0.001981,0.002025,0.002172,0.002288,0.002338,0.002429,0.002512,0.00255,0.002603,0.002628,0.002505486666666659,0.002542750000000009,0.0025921833333333393,0.0026183666666666633
0.128,0.001609,0.00166,0.001741,0.001793,0.001901,0.001945,0.00184,0.001966,0.00201,0.002157,0.002273,0.002323,0.002415,0.002498,0.002535,0.002589,0.002614,0.002493486666666667,0.0025308566666666587,0.002582586666666658,0.0026078033333333363
0.132,0.001595,0.001646,0.001728,0.00178,0.001888,0.001933,0.001826,0.001951,0.001995,0.002142,0.002258,0.002308,0.0024,0.002483,0.002521,0.002574,0.0026,0.0024775100000000074,0.0025169233333333305,0.002568656666666662,0.0025944166666666733
0.136,0.001581,0.001633,0.001715,0.001767,0.001875,0.001919,0.001812,0.001936,0.001981,0.002126,0.002243,0.002293,0.002385,0.002469,0.002506,0.00256,0.002585,0.002460466666666675,0.002496636666666673,0.002547270000000005,0.002573629999999991
0.14,0.001567,0.001619,0.001702,0.001754,0.001862,0.001906,0.001798,0.001922,0.001966,0.002111,0.002228,0.002278,0.00237,0.002454,0.002491,0.002546,0.002571,0.0024472866666666645,0.002483856666666676,0.002536180000000005,0.0025624533333333268
0.144,0.001553,0.001605,0.001689,0.001741,0.001849,0.001893,0.001784,0.001907,0.001952,0.002096,0.002213,0.002263,0.002355,0.002439,0.002476,0.002531,0.002556,0.0024340499999999992,0.0024703533333333364,0.0025219566666666595,0.002549096666666668
0.148,0.001539,0.001593,0.001676,0.001727,0.001835,0.001879,0.001771,0.001892,0.001937,0.00208,0.002197,0.002247,0.00234,0.002424,0.002461,0.002517,0.002541,0.0024134366666666595,0.002451883333333337,0.0025032099999999975,0.0025298700000000057
0.152,0.001525,0.00158,0.001663,0.001714,0.001822,0.001865,0.001757,0.001878,0.001923,0.002065,0.002182,0.002232,0.002325,0.002409,0.002446,0.002502,0.002526,0.0024005366666666637,0.00243782999999999,0.0024897300000000042,0.0025160166666666696
0.156,0.001511,0.001568,0.00165,0.0017,0.001809,0.001851,0.001744,0.001863,0.001909,0.00205,0.002167,0.002217,0.00231,0.002394,0.002431,0.002487,0.002511,0.002389166666666671,0.002426323333333326,0.0024797166666666723,0.0025050033333333423
0.16,0.001498,0.001556,0.001636,0.001687,0.001795,0.001837,0.001731,0.001849,0.001895,0.002035,0.002152,0.002202,0.002295,0.002379,0.002416,0.002472,0.002496,0.0023717800000000087,0.0024084433333333203,0.0024613866666666692,0.0024859733333333434
0.164,0.001485,0.001543,0.001623,0.001673,0.001781,0.001823,0.001718,0.001835,0.001882,0.00202,0.002137,0.002187,0.00228,0.002364,0.002401,0.002457,0.002481,0.0023568100000000026,0.002393863333333325,0.0024456866666666736,0.002471513333333329
0.168,0.001472,0.00153,0.00161,0.00166,0.001768,0.001809,0.001706,0.001821,0.001868,0.002005,0.002122,0.002172,0.002265,0.002349,0.002386,0.002442,0.002466,0.002340526666666672,0.0023769333333333335,0.0024267500000000127,0.0024529733333333308
0.172,0.001459,0.001517,0.001597,0.001646,0.001754,0.001795,0.001694,0.001807,0.001855,0.001991,0.002108,0.002157,0.002251,0.002334,0.002371,0.002426,0.002451,0.0023272033333333244,0.0023648500000000086,0.002417693333333341,0.0024432966666666587
0.176,0.001446,0.001504,0.001584,0.001633,0.00174,0.001781,0.001681,0.001794,0.001842,0.001977,0.002093,0.002143,0.002236,0.002319,0.002357,0.002411,0.002436,0.0023097099999999965,0.0023473300000000064,0.002396733333333339,0.0024231133333333325
0.18,0.001433,0.001492,0.001571,0.00162,0.001726,0.001767,0.00167,0.00178,0.00183,0.001963,0.002079,0.002128,0.002222,0.002305,0.002342,0.002396,0.002421,0.002297386666666667,0.002334826666666664,0.0023856999999999954,0.002411920000000004
0.184,0.001421,0.001479,0.001558,0.001606,0.001712,0.001753,0.001658,0.001768,0.001817,0.001949,0.002065,0.002114,0.002207,0.00229,0.002328,0.002381,0.002406,0.0022808966666666695,0.002317989999999999,0.002366716666666664,0.0023932566666666735
0.188,0.001409,0.001467,0.001545,0.001593,0.001699,0.001739,0.001647,0.001755,0.001805,0.001935,0.002051,0.002101,0.002193,0.002276,0.002313,0.002367,0.002392,0.0022665033333333223,0.0023032266666666726,0.002354070000000005,0.002380349999999992
0.192,0.001397,0.001455,0.001532,0.00158,0.001685,0.001725,0.001636,0.001742,0.001793,0.001922,0.002038,0.002087,0.00218,0.002262,0.002299,0.002352,0.002378,0.002254693333333324,0.002291616666666674,0.00234514333333334,0.00237193333333333
0.196,0.001385,0.001443,0.001519,0.001567,0.001672,0.001711,0.001625,0.00173,0.001782,0.001909,0.002025,0.002074,0.002166,0.002249,0.002286,0.002338,0.002364,0.002240579999999991,0.002277206666666673,0.002327383333333328,0.002355653333333335
0.2,0.001374,0.001432,0.001507,0.001554,0.001658,0.001698,0.001614,0.001719,0.001771,0.001897,0.002012,0.002061,0.002153,0.002235,0.002272,0.002324,0.00235,0.0022191799999999933,0.002255900000000007,0.0023020133333333287,0.002331136666666666
0.204,0.001363,0.00142,0.001495,0.001542,0.001645,0.001684,0.001604,0.001707,0.00176,0.001884,0.001999,0.002048,0.00214,0.002222,0.002259,0.002311,0.002337,0.002213889999999994,0.0022515733333333386,0.0023017066666666617,0.002328826666666667
0.208,0.001352,0.001409,0.001483,0.001529,0.001632,0.001671,0.001594,0.001696,0.001749,0.001872,0.001987,0.002036,0.002128,0.002209,0.002246,0.002298,0.002324,0.002200703333333338,0.0022381033333333383,0.002287910000000007,0.002315123333333329
0.212,0.001341,0.001398,0.001471,0.001518,0.001619,0.001658,0.001584,0.001685,0.001739,0.00186,0.001975,0.002023,0.002115,0.002197,0.002233,0.002285,0.002311,0.002187813333333335,0.002224556666666671,0.0022749266666666603,0.0023019066666666605
0.216,0.001331,0.001388,0.001459,0.001505,0.001607,0.001645,0.001574,0.001674,0.001729,0.001849,0.001963,0.002011,0.002103,0.002184,0.002221,0.002272,0.002299,0.0021760766666666627,0.0022143133333333335,0.0022652833333333404,0.002292363333333341
0.22,0.00132,0.001377,0.001448,0.001493,0.001594,0.001633,0.001564,0.001663,0.001719,0.001837,0.001951,0.002,0.002091,0.002172,0.002209,0.002259,0.002286,0.002162749999999996,0.0022010666666666717,0.002251886666666671,0.0022789566666666706
0.224,0.00131,0.001367,0.001437,0.001482,0.001582,0.001621,0.001555,0.001653,0.001709,0.001826,0.00194,0.001988,0.002079,0.00216,0.002197,0.002247,0.002274,0.0021531766666666717,0.0021915633333333346,0.0022432866666666643,0.0022700199999999976
0.228,0.001301,0.001358,0.001426,0.001471,0.001571,0.001609,0.001546,0.001643,0.001699,0.001816,0.001929,0.001977,0.002068,0.002148,0.002185,0.002235,0.002262,0.0021400266666666695,0.0021785833333333275,0.0022315799999999913,0.0022578899999999916
0.232,0.001292,0.001348,0.001416,0.001461,0.001559,0.001597,0.001537,0.001633,0.00169,0.001805,0.001918,0.001966,0.002057,0.002137,0.002173,0.002223,0.00225,0.002131056666666672,0.0021688366666666585,0.0022214666666666573,0.0022479766666666555
0.236,0.001282,0.001339,0.001406,0.001451,0.001548,0.001586,0.001528,0.001623,0.001681,0.001795,0.001908,0.001955,0.002046,0.002126,0.002162,0.002212,0.002239,0.00211951333333333,0.002156793333333332,0.0022080233333333305,0.002234563333333326
0.24,0.001274,0.001329,0.001396,0.00144,0.001537,0.001575,0.001519,0.001614,0.001672,0.001785,0.001897,0.001945,0.002036,0.002115,0.002151,0.002201,0.002227,0.002108773333333325,0.0021460366666666707,0.002196640000000006,0.0022228433333333244
0.244,0.001265,0.00132,0.001386,0.00143,0.001527,0.001564,0.00151,0.001605,0.001663,0.001775,0.001887,0.001934,0.002025,0.002104,0.00214,0.00219,0.002216,0.002095949999999996,0.002132943333333332,0.002182693333333342,0.002208809999999999
0.248,0.001257,0.001312,0.001376,0.001421,0.001516,0.001554,0.001502,0.001596,0.001655,0.001765,0.001877,0.001924,0.002015,0.002094,0.00213,0.002179,0.002205,0.0020888699999999996,0.0021259199999999995,0.002176156666666667,0.0022024333333333385
0.252,0.001248,0.001303,0.001367,0.001411,0.001506,0.001543,0.001494,0.001587,0.001646,0.001756,0.001867,0.001915,0.002005,0.002083,0.002119,0.002168,0.002194,0.0020778299999999923,0.002114323333333331,0.0021636233333333266,0.0021897233333333325
0.256,0.00124,0.001295,0.001358,0.001402,0.001496,0.001533,0.001486,0.001578,0.001638,0.001747,0.001858,0.001905,0.001995,0.002073,0.002109,0.002158,0.002183,0.002066449999999996,0.002103366666666677,0.0021532099999999952,0.002177886666666668
0.26,0.001232,0.001287,0.001349,0.001393,0.001487,0.001524,0.001478,0.001569,0.00163,0.001738,0.001848,0.001896,0.001985,0.002063,0.002099,0.002148,0.002173,0.002055629999999999,0.0020932733333333354,0.002143979999999999,0.0021688299999999953
0.264,0.001224,0.001279,0.001341,0.001384,0.001477,0.001514,0.00147,0.001561,0.001622,0.001729,0.001839,0.001886,0.001976,0.002054,0.002089,0.002138,0.002163,0.0020482699999999987,0.002084580000000006,0.002134256666666655,0.00215924000000001
0.268,0.001217,0.001271,0.001333,0.001375,0.001468,0.001504,0.001463,0.001553,0.001614,0.00172,0.00183,0.001877,0.001966,0.002044,0.00208,0.002129,0.002153,0.002039666666666669,0.002076203333333337,0.002126586666666667,0.0021502699999999984
0.272,0.00121,0.001263,0.001324,0.001367,0.001459,0.001495,0.001455,0.001544,0.001606,0.001711,0.001822,0.001868,0.001957,0.002035,0.00207,0.002119,0.002143,0.00202982666666667,0.0020654933333333373,0.002114606666666658,0.0021385400000000034
0.276,0.001203,0.001256,0.001316,0.001359,0.00145,0.001486,0.001448,0.001536,0.001598,0.001703,0.001813,0.001859,0.001948,0.002026,0.002061,0.00211,0.002134,0.0020222499999999945,0.0020580099999999947,0.002107349999999993,0.0021312866666666694
0.28,0.001196,0.001249,0.001309,0.001351,0.001441,0.001477,0.00144,0.001529,0.001591,0.001695,0.001804,0.001851,0.00194,0.002017,0.002052,0.002101,0.002124,0.0020139766666666713,0.0020497966666666737,0.002099393333333338,0.002122800000000004
0.284,0.00119,0.001242,0.001301,0.001343,0.001433,0.001469,0.001433,0.001521,0.001583,0.001686,0.001796,0.001842,0.001931,0.002008,0.002043,0.002092,0.002115,0.0020053366666666736,0.002041736666666672,0.0021055366666666592,0.002122223333333327
0.288,0.001183,0.001235,0.001293,0.001335,0.001425,0.00146,0.001426,0.001514,0.001576,0.001678,0.001788,0.001834,0.001923,0.002,0.002034,0.002083,0.002107,0.0019975966666666697,0.002032919999999995,0.002092563333333328,0.0021116733333333354
0.292,0.001177,0.001229,0.001286,0.001327,0.001417,0.001452,0.001419,0.001506,0.001568,0.001671,0.00178,0.001826,0.001914,0.001991,0.002025,0.002074,0.002098,0.001986890000000001,0.0020219666666666716,0.0020728700000000066,0.0020959800000000016
0.296,0.001171,0.001222,0.001279,0.00132,0.001409,0.001444,0.001412,0.001499,0.001561,0.001663,0.001772,0.001818,0.001906,0.001983,0.002017,0.002066,0.00209,0.001977396666666667,0.0020134800000000024,0.0020651466666666736,0.0020885300000000008
0.3,0.001164,0.001216,0.001272,0.001313,0.001401,0.001436,0.001406,0.001492,0.001554,0.001655,0.001764,0.00181,0.001898,0.001975,0.002009,0.002058,0.002082,0.001970719999999999,0.0020059966666666662,0.002056156666666669,0.0020802133333333328
0.304,0.001158,0.00121,0.001265,0.001306,0.001393,0.001428,0.001399,0.001485,0.001547,0.001648,0.001756,0.001803,0.00189,0.001967,0.002001,0.00205,0.002074,0.001963136666666669,0.0019978533333333296,0.00204931333333333,0.002072530000000008
0.308,0.001153,0.001203,0.001258,0.001299,0.001386,0.001421,0.001393,0.001478,0.00154,0.00164,0.001749,0.001795,0.001883,0.001959,0.001992,0.002042,0.002066,0.0019564000000000005,0.001990099999999997,0.0020420633333333264,0.0020652400000000072
0.312,0.001147,0.001197,0.001251,0.001292,0.001379,0.001413,0.001387,0.001471,0.001534,0.001633,0.001741,0.001788,0.001875,0.001951,0.001985,0.002034,0.002058,0.0019479366666666656,0.0019825500000000035,0.002031769999999992,0.002056280000000005
0.316,0.001141,0.001192,0.001245,0.001285,0.001371,0.001406,0.00138,0.001464,0.001527,0.001626,0.001734,0.00178,0.001868,0.001943,0.001977,0.002027,0.002051,0.001940953333333329,0.0019751366666666704,0.002025356666666668,0.0020492000000000097
0.32,0.001135,0.001186,0.001239,0.001279,0.001365,0.001399,0.001375,0.001458,0.001521,0.001619,0.001727,0.001773,0.001861,0.001936,0.001969,0.00202,0.002043,0.0019330766666666654,0.0019666566666666683,0.002017466666666673,0.002040753333333339
0.324,0.00113,0.00118,0.001233,0.001273,0.001358,0.001392,0.001369,0.001452,0.001514,0.001613,0.00172,0.001766,0.001854,0.001929,0.001962,0.002013,0.002036,0.001926653333333331,0.0019600766666666744,0.002010559999999999,0.002033976666666666
0.328,0.001125,0.001175,0.001227,0.001266,0.001351,0.001385,0.001364,0.001446,0.001508,0.001606,0.001714,0.00176,0.001847,0.001922,0.001955,0.002006,0.002029,0.0019192466666666603,0.001952846666666668,0.0020037533333333276,0.002027483333333328
0.332,0.00112,0.001169,0.001221,0.00126,0.001345,0.001378,0.001359,0.00144,0.001503,0.0016,0.001707,0.001753,0.00184,0.001915,0.001948,0.001999,0.002023,0.0019139933333333337,0.001947683333333334,0.0019986599999999907,0.002022669999999998
0.336,0.001115,0.001164,0.001215,0.001254,0.001338,0.001372,0.001355,0.001435,0.001497,0.001594,0.001701,0.001747,0.001834,0.001908,0.001941,0.001993,0.002016,0.001907073333333339,0.001940650000000005,0.001992723333333338,0.0020164933333333386
0.34,0.00111,0.001159,0.00121,0.001248,0.001332,0.001365,0.00135,0.001429,0.001492,0.001588,0.001695,0.001741,0.001827,0.001902,0.001935,0.001986,0.00201,0.001899133333333332,0.0019333333333333403,0.001986356666666667,0.002009666666666668
0.344,0.001105,0.001154,0.001204,0.001243,0.001326,0.001359,0.001346,0.001424,0.001487,0.001583,0.001689,0.001734,0.001821,0.001895,0.001929,0.00198,0.002004,0.0018925499999999928,0.0019291366666666664,0.0019859966666666592,0.0020084133333333376
0.348,0.001101,0.001149,0.001199,0.001237,0.00132,0.001353,0.001343,0.001419,0.001482,0.001577,0.001684,0.001729,0.001815,0.001889,0.001923,0.001974,0.001998,0.0018864666666666603,0.0019233200000000035,0.001983066666666663,0.0020046033333333407
0.352,0.001096,0.001145,0.001194,0.001232,0.001314,0.001347,0.00134,0.001415,0.001477,0.001572,0.001678,0.001723,0.001809,0.001884,0.001917,0.001968,0.001993,0.0018817199999999967,0.0019198899999999974,0.0019761033333333356,0.0020016166666666758
0.356,0.001092,0.00114,0.001189,0.001227,0.001309,0.001341,0.001338,0.00141,0.001473,0.001568,0.001674,0.001719,0.001804,0.001878,0.001911,0.001963,0.001987,0.0018753866666666673,0.00191170333333333,0.00196804666666667,0.001991196666666667
0.36,0.001088,0.001136,0.001184,0.001222,0.001303,0.001336,0.001336,0.001407,0.001469,0.001564,0.001669,0.001714,0.001799,0.001873,0.001907,0.001959,0.001983,0.0018717600000000064,0.001906259999999997,0.0019610933333333337,0.0019840766666666663
0.364,0.001084,0.001132,0.00118,0.001217,0.001298,0.00133,0.001335,0.001403,0.001466,0.001561,0.001665,0.001711,0.001795,0.001869,0.001902,0.001954,0.001978,0.001868160000000005,0.001902353333333332,0.001956813333333337,0.001980216666666665
0.368,0.00108,0.001128,0.001175,0.001213,0.001293,0.001325,0.001335,0.001401,0.001464,0.001558,0.001662,0.001707,0.001791,0.001865,0.001898,0.001951,0.001974,0.0018636400000000023,0.0018971866666666656,0.001951106666666664,0.0019740699999999957
0.372,0.001076,0.001124,0.001171,0.001208,0.001288,0.00132,0.001336,0.001398,0.001462,0.001555,0.001659,0.001704,0.001788,0.001862,0.001895,0.001947,0.001971,0.0018608633333333314,0.0018941799999999934,0.001946623333333328,0.0019704533333333284
0.376,0.001072,0.001121,0.001166,0.001204,0.001283,0.001315,0.001337,0.001396,0.00146,0.001553,0.001657,0.001702,0.001786,0.001858,0.001892,0.001945,0.001968,0.0018572566666666761,0.0018912100000000006,0.0019446833333333238,0.0019678900000000043
0.38,0.001068,0.001117,0.001162,0.001199,0.001279,0.001311,0.00134,0.001395,0.001459,0.001552,0.001655,0.0017,0.001784,0.001856,0.001889,0.001942,0.001966,0.0018554933333333411,0.001888956666666662,0.00194259,0.001966463333333341
0.384,0.001064,0.001114,0.001158,0.001196,0.001274,0.001306,0.001343,0.001394,0.001459,0.001552,0.001655,0.001699,0.001783,0.001855,0.001888,0.001941,0.001965,0.0018550466666666723,0.0018884366666666655,0.001941736666666671,0.001965779999999999
0.388,0.001061,0.00111,0.001154,0.001192,0.00127,0.001302,0.001347,0.001394,0.001459,0.001552,0.001655,0.001699,0.001782,0.001854,0.001888,0.001941,0.001965,0.0018542100000000087,0.0018880699999999995,0.0019414500000000045,0.001965446666666665
0.392,0.001057,0.001107,0.001151,0.001189,0.001266,0.001298,0.001351,0.001394,0.00146,0.001553,0.001655,0.0017,0.001783,0.001854,0.001888,0.001942,0.001966,0.001854490000000009,0.001888513333333333,0.001942603333333333,0.0019666200000000075
0.396,0.001054,0.001105,0.001147,0.001185,0.001263,0.001295,0.001356,0.001395,0.001462,0.001555,0.001657,0.001702,0.001785,0.001855,0.001889,0.001944,0.001968,0.0018550900000000041,0.0018891933333333277,0.001944033333333329,0.001967863333333338
0.4,0.001051,0.001102,0.001144,0.001182,0.00126,0.001292,0.00136,0.001396,0.001464,0.001557,0.001659,0.001704,0.001787,0.001857,0.001891,0.001947,0.001971,0.001856946666666665,0.0018910999999999921,0.0019469766666666624,0.001970796666666663
0.404,0.001048,0.0011,0.001141,0.00118,0.001257,0.001289,0.001364,0.001398,0.001466,0.001559,0.001662,0.001706,0.00179,0.00186,0.001894,0.001951,0.001975,0.0018598033333333238,0.0018940399999999972,0.0019512799999999977,0.0019750966666666646
0.408,0.001044,0.001098,0.001138,0.001177,0.001255,0.001287,0.001368,0.001399,0.001468,0.001562,0.001664,0.001709,0.001793,0.001863,0.001897,0.001955,0.001979,0.0018618166666666631,0.0018970033333333325,0.0019588233333333333,0.0019809799999999985
0.412,0.001041,0.001096,0.001136,0.001176,0.001253,0.001285,0.00137,0.001399,0.001469,0.001564,0.001667,0.001712,0.001796,0.001866,0.001901,0.00196,0.001983,0.0018668133333333311,0.0019016133333333326,0.0019622833333333323,0.00198478
0.416,0.001038,0.001094,0.001134,0.001174,0.001252,0.001283,0.001371,0.001399,0.00147,0.001565,0.001669,0.001714,0.001799,0.00187,0.001904,0.001965,0.001988,0.0018699666666666666,0.0019042600000000042,0.0019655366666666628,0.0019883966666666615
0.42,0.001035,0.001092,0.001132,0.001173,0.001251,0.001283,0.001369,0.001398,0.001469,0.001566,0.00167,0.001716,0.001801,0.001873,0.001907,0.001969,0.001992,0.0018727266666666732,0.0019068533333333319,0.0019701199999999984,0.001992666666666662
0.424,0.001032,0.001091,0.001131,0.001172,0.001251,0.001283,0.001366,0.001395,0.001468,0.001565,0.00167,0.001717,0.001802,0.001875,0.001908,0.001973,0.001996,0.001874823333333333,0.0019080200000000061,0.001972826666666666,0.0019956566666666656
0.428,0.001029,0.00109,0.00113,0.001172,0.001251,0.001283,0.001361,0.001392,0.001465,0.001563,0.001669,0.001716,0.001802,0.001876,0.001909,0.001976,0.001998,0.0018754266666666615,0.0019084933333333364,0.001974716666666659,0.0019969933333333395
0.432,0.001026,0.001088,0.001129,0.001171,0.001252,0.001284,0.001353,0.001387,0.00146,0.001559,0.001666,0.001714,0.0018,0.001875,0.001908,0.001977,0.001999,0.001873953333333334,0.0019072766666666733,0.001975703333333334,0.001997643333333326
0.436,0.001024,0.001087,0.001129,0.001171,0.001253,0.001285,0.001344,0.001381,0.001454,0.001554,0.001662,0.00171,0.001796,0.001873,0.001905,0.001976,0.001997,0.0018711466666666721,0.0019046533333333345,0.0019753799999999923,0.0019965533333333426
0.44,0.001021,0.001086,0.001128,0.001171,0.001255,0.001286,0.001333,0.001374,0.001446,0.001546,0.001655,0.001704,0.00179,0.001868,0.0019,0.001972,0.001993,0.0018650033333333276,0.0018976133333333377,0.001967429999999991,0.001988446666666675
0.444,0.001018,0.001084,0.001127,0.001171,0.001257,0.001287,0.00132,0.001365,0.001438,0.001538,0.001647,0.001696,0.001782,0.001862,0.001893,0.001967,0.001987,0.001857726666666661,0.0018921566666666645,0.001969683333333336,0.001989483333333334
0.448,0.001016,0.001082,0.001127,0.00117,0.001258,0.001288,0.001308,0.001357,0.001428,0.001528,0.001638,0.001686,0.001772,0.001853,0.001884,0.001959,0.001979,0.0018469233333333298,0.0018820299999999979,0.001959986666666666,0.0019793933333333326
0.452,0.001013,0.00108,0.001125,0.001169,0.001259,0.001288,0.001294,0.001348,0.001418,0.001517,0.001627,0.001675,0.001761,0.001843,0.001874,0.001949,0.001968,0.0018362099999999985,0.0018708466666666637,0.0019460699999999942,0.0019662300000000046
0.456,0.001011,0.001077,0.001124,0.001168,0.001259,0.001288,0.001281,0.001338,0.001408,0.001506,0.001616,0.001663,0.001749,0.001832,0.001863,0.001936,0.001956,0.0018221633333333298,0.001860319999999998,0.0019349166666666672,0.0019571900000000023
0.46,0.001008,0.001074,0.001122,0.001165,0.001259,0.001287,0.001269,0.001329,0.001397,0.001495,0.001604,0.001652,0.001737,0.00182,0.00185,0.001923,0.001943,0.001811716666666664,0.0018476333333333368,0.0019246966666666703,0.0019471733333333292
0.464,0.001006,0.001071,0.001119,0.001162,0.001258,0.001284,0.001258,0.001321,0.001387,0.001484,0.001593,0.00164,0.001724,0.001807,0.001837,0.001909,0.001929,0.0018003400000000014,0.001836136666666662,0.0019142900000000008,0.0019368299999999983
0.468,0.001004,0.001067,0.001116,0.001159,0.001255,0.001281,0.001247,0.001312,0.001378,0.001474,0.001582,0.001628,0.001712,0.001795,0.001824,0.001895,0.001915,0.001786323333333329,0.001819256666666667,0.0018921666666666611,0.0019132900000000004
0.472,0.001001,0.001063,0.001112,0.001154,0.001251,0.001276,0.001237,0.001305,0.001369,0.001464,0.001571,0.001616,0.0017,0.001783,0.001812,0.001881,0.001901,0.0017773666666666605,0.0018090433333333312,0.0018795400000000066,0.0019010966666666658
0.476,0.0009991,0.001059,0.001108,0.001149,0.001246,0.00127,0.001228,0.001298,0.001361,0.001455,0.001561,0.001606,0.001689,0.001771,0.0018,0.001867,0.001888,0.0017683333333333372,0.0017994933333333415,0.0018692600000000008,0.0018904866666666661
0.48,0.0009969,0.001055,0.001103,0.001144,0.00124,0.001263,0.00122,0.001291,0.001353,0.001447,0.001552,0.001596,0.001679,0.00176,0.001789,0.001854,0.001876,0.001755486666666662,0.001785879999999999,0.0018530233333333387,0.0018753566666666617
0.484,0.0009948,0.001051,0.001098,0.001138,0.001233,0.001255,0.001213,0.001285,0.001346,0.001439,0.001544,0.001587,0.001669,0.00175,0.001779,0.001843,0.001864,0.0017454066666666586,0.001775083333333326,0.0018380433333333324,0.0018597366666666618
0.488,0.0009925,0.001047,0.001093,0.001132,0.001225,0.001247,0.001206,0.00128,0.00134,0.001432,0.001536,0.001579,0.001661,0.001741,0.00177,0.001832,0.001854,0.001738123333333328,0.0017679899999999966,0.0018302266666666634,0.001852840000000006
0.492,0.0009904,0.001043,0.001088,0.001126,0.001217,0.001239,0.0012,0.001275,0.001334,0.001426,0.001529,0.001571,0.001653,0.001733,0.001762,0.001822,0.001844,0.001731376666666661,0.001761033333333331,0.0018216966666666622,0.0018443966666666686
0.496,0.0009885,0.001039,0.001084,0.00112,0.001209,0.001231,0.001194,0.00127,0.001329,0.00142,0.001522,0.001565,0.001646,0.001725,0.001754,0.001813,0.001835,0.0017244933333333248,0.0017541899999999958,0.0018147199999999997,0.0018377566666666638
0.5,0.0009864,0.001036,0.001079,0.001114,0.0012,0.001223,0.001189,0.001265,0.001324,0.001414,0.001516,0.001558,0.001639,0.001718,0.001747,0.001804,0.001827,0.0017166666666666626,0.0017457633333333345,0.001803003333333339,0.0018261800000000058
0.504,0.0009846,0.001032,0.001074,0.001109,0.001192,0.001215,0.001185,0.001261,0.001319,0.001409,0.001511,0.001553,0.001633,0.001712,0.00174,0.001797,0.00182,0.0017109833333333294,0.001739446666666672,0.0017970500000000001,0.0018204099999999989
0.508,0.0009828,0.001029,0.00107,0.001103,0.001185,0.001208,0.001181,0.001258,0.001315,0.001405,0.001505,0.001547,0.001627,0.001706,0.001734,0.00179,0.001813,0.0017030166666666628,0.0017313866666666734,0.0017869966666666688,0.0018101599999999992
0.512,0.0009808,0.001026,0.001065,0.001098,0.001178,0.001201,0.001177,0.001254,0.001311,0.0014,0.0015,0.001542,0.001622,0.0017,0.001729,0.001783,0.001806,0.0016977566666666615,0.0017267133333333272,0.0017816833333333263,0.0018048799999999929
0.516,0.0009791,0.001023,0.001062,0.001094,0.001171,0.001195,0.001173,0.001251,0.001307,0.001396,0.001496,0.001538,0.001617,0.001695,0.001723,0.001777,0.0018,0.001693683333333334,0.001722089999999992,0.0017766366666666586,0.001799740000000006
0.52,0.0009773,0.00102,0.001058,0.00109,0.001165,0.001189,0.00117,0.001248,0.001304,0.001392,0.001492,0.001533,0.001613,0.00169,0.001718,0.001771,0.001794,0.0016893266666666725,0.0017175033333333316,0.0017718266666666709,0.0017951500000000043
0.524,0.0009757,0.001018,0.001054,0.001086,0.00116,0.001184,0.001167,0.001245,0.001301,0.001389,0.001488,0.001529,0.001608,0.001685,0.001713,0.001765,0.001788,0.0016832133333333328,0.001711490000000004,0.0017644100000000036,0.001787586666666671
0.528,0.0009742,0.001016,0.001051,0.001082,0.001155,0.001179,0.001163,0.001242,0.001297,0.001385,0.001484,0.001525,0.001604,0.00168,0.001709,0.00176,0.001783,0.0016775033333333357,0.0017061500000000015,0.0017579433333333313,0.0017807866666666606
0.532,0.0009726,0.001013,0.001048,0.001079,0.00115,0.001174,0.001161,0.001239,0.001294,0.001382,0.00148,0.001521,0.0016,0.001676,0.001704,0.001755,0.001777,0.0016739600000000036,0.0017022466666666621,0.0017533866666666687,0.0017757599999999921
0.536,0.0009712,0.001011,0.001045,0.001076,0.001145,0.00117,0.001158,0.001237,0.001291,0.001378,0.001477,0.001518,0.001596,0.001671,0.0017,0.001749,0.001772,0.001670073333333328,0.00169899666666666,0.0017486266666666673,0.0017713766666666631
0.54,0.0009699,0.001009,0.001043,0.001073,0.001141,0.001166,0.001155,0.001234,0.001289,0.001375,0.001474,0.001514,0.001592,0.001667,0.001696,0.001745,0.001767,0.0016656766666666607,0.0016947099999999951,0.00174388,0.0017658600000000021
0.544,0.0009684,0.001007,0.00104,0.00107,0.001138,0.001163,0.001152,0.001232,0.001286,0.001372,0.001471,0.001511,0.001589,0.001663,0.001692,0.00174,0.001762,0.001661520000000008,0.0016905933333333427,0.0017387066666666709,0.0017605499999999996
0.548,0.0009672,0.001005,0.001038,0.001068,0.001135,0.00116,0.00115,0.001229,0.001283,0.00137,0.001468,0.001508,0.001585,0.001659,0.001688,0.001736,0.001757,0.0016574566666666712,0.0016867366666666727,0.0017344833333333362,0.0017556766666666705
0.552,0.0009659,0.001004,0.001036,0.001065,0.001131,0.001157,0.001147,0.001227,0.001281,0.001367,0.001465,0.001505,0.001582,0.001656,0.001685,0.001732,0.001753,0.001654526666666662,0.0016837533333333302,0.001730703333333338,0.0017519066666666695
0.556,0.0009646,0.001002,0.001034,0.001063,0.001128,0.001154,0.001145,0.001225,0.001278,0.001365,0.001462,0.001502,0.001579,0.001652,0.001681,0.001728,0.001749,0.001651446666666661,0.0016807366666666628,0.0017284533333333362,0.0017492000000000007
0.56,0.0009633,0.001,0.001032,0.001061,0.001126,0.001151,0.001143,0.001222,0.001276,0.001362,0.00146,0.001499,0.001576,0.001649,0.001678,0.001724,0.001745,0.0016480600000000035,0.0016771866666666709,0.001723043333333335,0.001744153333333331
0.564,0.000962,0.0009987,0.00103,0.001059,0.001123,0.001149,0.00114,0.00122,0.001273,0.00136,0.001457,0.001496,0.001573,0.001646,0.001675,0.00172,0.001741,0.001644709999999996,0.00167391333333333,0.0017191500000000022,0.001740343333333331
0.568,0.0009606,0.0009972,0.001028,0.001057,0.00112,0.001146,0.001138,0.001218,0.001271,0.001357,0.001455,0.001494,0.001571,0.001643,0.001672,0.001717,0.001738,0.0016425400000000011,0.001671786666666668,0.0017170666666666728,0.0017382866666666688
0.572,0.0009594,0.0009957,0.001026,0.001055,0.001118,0.001144,0.001136,0.001216,0.001269,0.001355,0.001452,0.001492,0.001568,0.00164,0.001669,0.001714,0.001735,0.0016386433333333266,0.0016677933333333272,0.0017126066666666643,0.001733479999999995
0.576,0.0009582,0.0009943,0.001025,0.001053,0.001116,0.001141,0.001134,0.001214,0.001267,0.001353,0.00145,0.001489,0.001566,0.001637,0.001666,0.001711,0.001731,0.0016362566666666659,0.0016654166666666664,0.0017105233333333358,0.00173069333333333
0.58,0.000957,0.0009928,0.001023,0.001051,0.001114,0.001139,0.001132,0.001211,0.001265,0.001351,0.001448,0.001487,0.001564,0.001635,0.001664,0.001708,0.001728,0.0016338700000000004,0.0016629633333333337,0.00170716333333333,0.0017274233333333347
0.584,0.0009557,0.0009914,0.001021,0.00105,0.001112,0.001137,0.001129,0.001209,0.001263,0.001349,0.001445,0.001485,0.001561,0.001632,0.001661,0.001705,0.001726,0.0016312966666666734,0.0016603866666666724,0.0017052766666666714,0.0017256700000000014
0.588,0.0009543,0.0009899,0.001019,0.001048,0.00111,0.001135,0.001127,0.001207,0.001261,0.001347,0.001443,0.001482,0.001559,0.00163,0.001658,0.001703,0.001723,0.0016287333333333386,0.001657309999999997,0.0017027766666666711,0.0017226399999999938
0.592,0.0009529,0.0009885,0.001018,0.001046,0.001108,0.001133,0.001126,0.001205,0.001258,0.001345,0.001441,0.00148,0.001557,0.001627,0.001656,0.0017,0.00172,0.0016258466666666607,0.0016549533333333278,0.0016988166666666625,0.0017189233333333364
0.596,0.0009514,0.000987,0.001016,0.001045,0.001106,0.001131,0.001124,0.001203,0.001256,0.001343,0.001439,0.001478,0.001555,0.001625,0.001654,0.001697,0.001717,0.001624023333333328,0.001653226666666662,0.0016964733333333349,0.001716710000000007
0.6,0.0009502,0.0009855,0.001014,0.001043,0.001104,0.001129,0.001122,0.001201,0.001254,0.001341,0.001437,0.001476,0.001553,0.001622,0.001651,0.001695,0.001715,0.0016214033333333388,0.0016505733333333395,0.001694163333333338,0.001714363333333339
0.604,0.0009489,0.0009842,0.001013,0.001041,0.001102,0.001127,0.00112,0.001199,0.001253,0.001339,0.001435,0.001474,0.00155,0.00162,0.001649,0.001692,0.001712,0.001618986666666673,0.0016481700000000067,0.0016911866666666781,0.001711386666666663
0.608,0.0009476,0.0009829,0.001011,0.001039,0.001101,0.001125,0.001119,0.001197,0.001251,0.001338,0.001433,0.001473,0.001548,0.001618,0.001647,0.00169,0.00171,0.001617800000000006,0.0016469133333333393,0.0016899333333333436,0.0017100399999999938
0.612,0.0009461,0.0009815,0.00101,0.001038,0.001099,0.001123,0.001117,0.001196,0.001249,0.001336,0.001432,0.001471,0.001547,0.001616,0.001645,0.001688,0.001708,0.001615486666666672,0.0016447466666666714,0.0016878933333333423,0.0017080933333333264
0.616,0.0009445,0.0009803,0.001008,0.001036,0.001097,0.001122,0.001116,0.001194,0.001248,0.001335,0.00143,0.001469,0.001545,0.001614,0.001643,0.001686,0.001706,0.0016128333333333368,0.0016419833333333378,0.0016852533333333408,0.0017051999999999953
0.62,0.0009431,0.000979,0.001007,0.001035,0.001095,0.00112,0.001114,0.001193,0.001246,0.001333,0.001428,0.001468,0.001543,0.001612,0.001641,0.001684,0.001704,0.0016111566666666688,0.0016402766666666698,0.0016833366666666738,0.001703349999999995
0.624,0.0009415,0.0009777,0.001005,0.001033,0.001094,0.001118,0.001113,0.001191,0.001244,0.001332,0.001427,0.001466,0.001541,0.00161,0.001639,0.001682,0.001702,0.0016093866666666674,0.0016384233333333349,0.001681390000000006,0.0017011966666666614
0.628,0.00094,0.0009763,0.001004,0.001032,0.001092,0.001116,0.001112,0.00119,0.001242,0.00133,0.001426,0.001465,0.00154,0.001608,0.001637,0.00168,0.001699,0.0016074700000000008,0.0016366133333333352,0.001679400000000005,0.001698846666666668
0.632,0.000939,0.0009748,0.001002,0.00103,0.00109,0.001115,0.00111,0.001189,0.001241,0.001329,0.001424,0.001464,0.001538,0.001607,0.001636,0.001678,0.001698,0.0016059033333333422,0.00163495000000001,0.0016771900000000061,0.001697029999999992
0.636,0.0009377,0.0009733,0.001001,0.001029,0.001088,0.001113,0.001109,0.001187,0.001239,0.001328,0.001423,0.001462,0.001537,0.001605,0.001634,0.001676,0.001696,0.0016043500000000079,0.0016333633333333424,0.00167585666666667,0.0016954266666666577
0.64,0.0009362,0.0009719,0.0009999,0.001028,0.001087,0.001111,0.001108,0.001186,0.001238,0.001327,0.001422,0.001461,0.001536,0.001603,0.001632,0.001675,0.001694,0.0016028500000000057,0.0016318966666666736,0.0016749966666666624,0.0016939133333333252
0.644,0.0009348,0.0009705,0.0009986,0.001026,0.001085,0.00111,0.001107,0.001185,0.001236,0.001326,0.001421,0.00146,0.001535,0.001602,0.001631,0.001673,0.001692,0.0016015033333333312,0.001630473333333332,0.0016727866666666617,0.0016917066666666744
0.648,0.0009332,0.0009691,0.0009973,0.001025,0.001084,0.001109,0.001106,0.001184,0.001235,0.001325,0.00142,0.001459,0.001534,0.001601,0.00163,0.001672,0.001691,0.0016004333333333367,0.0016293100000000069,0.0016713500000000033,0.0016903399999999994
0.652,0.0009316,0.0009677,0.0009961,0.001024,0.001083,0.001107,0.001105,0.001183,0.001234,0.001324,0.001419,0.001458,0.001533,0.0016,0.001628,0.00167,0.001689,0.0015993299999999945,0.0016277433333333376,0.001669710000000001,0.001688763333333333
0.656,0.0009304,0.0009665,0.0009951,0.001023,0.001082,0.001106,0.001104,0.001183,0.001233,0.001324,0.001418,0.001457,0.001532,0.001598,0.001627,0.001669,0.001688,0.0015981566666666601,0.001626979999999997,0.0016689799999999933,0.0016879600000000057
0.66,0.0009291,0.0009653,0.000994,0.001021,0.00108,0.001104,0.001104,0.001182,0.001232,0.001323,0.001417,0.001456,0.001531,0.001597,0.001626,0.001668,0.001687,0.0015963800000000014,0.0016254933333333355,0.0016675766666666666,0.0016865266666666633
0.664,0.0009277,0.0009642,0.000993,0.00102,0.001079,0.001103,0.001103,0.001181,0.001231,0.001322,0.001417,0.001456,0.00153,0.001596,0.001625,0.001667,0.001685,0.0015956066666666623,0.001624583333333328,0.0016665299999999933,0.0016849099999999965
0.668,0.0009265,0.0009631,0.000992,0.001019,0.001078,0.001102,0.001103,0.001181,0.00123,0.001322,0.001416,0.001455,0.001529,0.001595,0.001624,0.001666,0.001685,0.0015949266666666745,0.0016237600000000012,0.001665683333333336,0.0016846299999999984
0.672,0.0009254,0.0009619,0.0009908,0.001018,0.001077,0.001101,0.001103,0.00118,0.00123,0.001322,0.001416,0.001455,0.001529,0.001595,0.001623,0.001665,0.001684,0.0015947866666666736,0.0016231466666666657,0.001664990000000008,0.0016839666666666694
0.676,0.0009242,0.0009606,0.0009896,0.001017,0.001076,0.0011,0.001103,0.00118,0.001229,0.001321,0.001416,0.001455,0.001528,0.001594,0.001623,0.001664,0.001683,0.0015937566666666665,0.0016227166666666671,0.0016640033333333339,0.001682773333333331
0.68,0.0009229,0.0009593,0.0009885,0.001016,0.001075,0.001099,0.001103,0.00118,0.001229,0.001321,0.001416,0.001454,0.001528,0.001593,0.001622,0.001664,0.001682,0.0015931733333333386,0.0016221766666666734,0.0016638366666666675,0.0016822033333333368
0.684,0.0009216,0.000958,0.0009871,0.001015,0.001074,0.001098,0.001103,0.00118,0.001229,0.001322,0.001416,0.001454,0.001528,0.001593,0.001622,0.001663,0.001682,0.0015929933333333408,0.001622003333333342,0.0016631266666666765,0.0016820200000000056
0.688,0.0009203,0.0009568,0.0009859,0.001014,0.001072,0.001097,0.001103,0.00118,0.001229,0.001322,0.001416,0.001454,0.001528,0.001593,0.001622,0.001663,0.001682,0.0015929800000000073,0.0016219900000000087,0.0016630166666666778,0.0016820066666666722
0.692,0.0009188,0.0009557,0.0009847,0.001013,0.001071,0.001096,0.001104,0.00118,0.001229,0.001322,0.001416,0.001455,0.001528,0.001593,0.001622,0.001663,0.001682,0.0015930566666666737,0.001622056666666675,0.0016630866666666776,0.0016820566666666719
0.696,0.0009173,0.0009547,0.0009836,0.001012,0.00107,0.001095,0.001104,0.001181,0.001229,0.001323,0.001417,0.001455,0.001529,0.001593,0.001622,0.001663,0.001682,0.0015930900000000073,0.0016220766666666746,0.0016632566666666755,0.0016821266666666719
0.7,0.0009159,0.0009537,0.0009826,0.001011,0.00107,0.001094,0.001105,0.001181,0.001229,0.001323,0.001418,0.001456,0.001529,0.001593,0.001622,0.001664,0.001682,0.0015931233333333402,0.0016221300000000076,0.0016637900000000027,0.0016821933333333384
0.704,0.0009143,0.0009528,0.0009817,0.001011,0.001069,0.001094,0.001106,0.001182,0.00123,0.001324,0.001418,0.001456,0.00153,0.001594,0.001623,0.001664,0.001683,0.00159404,0.0016230633333333326,0.0016642166666666692,0.0016831766666666644
0.708,0.0009129,0.0009518,0.0009808,0.00101,0.001068,0.001093,0.001107,0.001183,0.00123,0.001325,0.001419,0.001457,0.001531,0.001595,0.001624,0.001665,0.001684,0.0015947066666666726,0.001623856666666668,0.0016650333333333412,0.0016839800000000038
0.712,0.0009117,0.0009509,0.0009799,0.001009,0.001068,0.001093,0.001108,0.001183,0.001231,0.001326,0.001421,0.001459,0.001533,0.001595,0.001625,0.001667,0.001685,0.0015953433333333383,0.0016252166666666616,0.0016670499999999933,0.001685616666666665
0.716,0.0009105,0.0009499,0.000979,0.001009,0.001067,0.001093,0.00111,0.001184,0.001232,0.001327,0.001422,0.00146,0.001534,0.001596,0.001626,0.001668,0.001687,0.0015965066666666621,0.0016264200000000028,0.0016684866666666657,0.001687456666666666
0.72,0.0009093,0.000949,0.0009783,0.001008,0.001067,0.001092,0.001112,0.001185,0.001232,0.001328,0.001423,0.001461,0.001535,0.001597,0.001627,0.001669,0.001688,0.0015974666666666688,0.0016272833333333314,0.0016697333333333256,0.0016886000000000071
0.724,0.0009081,0.000948,0.0009776,0.001008,0.001067,0.001092,0.001113,0.001186,0.001233,0.00133,0.001424,0.001462,0.001537,0.001599,0.001628,0.001671,0.00169,0.001599376666666669,0.0016286966666666726,0.0016719099999999924,0.0016908566666666762
0.728,0.0009068,0.0009471,0.0009768,0.001007,0.001066,0.001092,0.001116,0.001186,0.001234,0.001331,0.001425,0.001464,0.001538,0.0016,0.00163,0.001673,0.001692,0.0016001033333333302,0.0016298300000000066,0.0016730033333333275,0.001692116666666677
0.732,0.0009055,0.0009462,0.0009762,0.001007,0.001066,0.001092,0.001118,0.001187,0.001235,0.001332,0.001427,0.001465,0.00154,0.001602,0.001631,0.001676,0.001695,0.0016021033333333311,0.0016314466666666643,0.0016760966666666721,0.001695333333333335
0.736,0.0009042,0.0009455,0.0009756,0.001007,0.001066,0.001092,0.001121,0.001188,0.001236,0.001334,0.001428,0.001467,0.001542,0.001603,0.001633,0.001678,0.001698,0.0016032900000000057,0.001633263333333331,0.0016782800000000075,0.0016981366666666596
0.74,0.000903,0.0009448,0.0009751,0.001006,0.001066,0.001093,0.001125,0.001189,0.001237,0.001335,0.00143,0.001469,0.001544,0.001605,0.001636,0.001682,0.001702,0.0016046266666666746,0.0016355000000000074,0.0016812100000000048,0.0017013866666666607
0.744,0.0009015,0.0009441,0.0009745,0.001006,0.001066,0.001093,0.001129,0.00119,0.001239,0.001337,0.001432,0.001471,0.001547,0.001607,0.001639,0.001685,0.001706,0.0016081133333333433,0.0016401333333333332,0.001686473333333333,0.0017076966666666623
0.748,0.0009002,0.0009435,0.0009739,0.001006,0.001066,0.001093,0.001135,0.001192,0.001241,0.00134,0.001434,0.001474,0.00155,0.001609,0.001642,0.00169,0.001712,0.001609583333333344,0.00164227666666666,0.00168969333333334,0.0017115499999999957
0.752,0.0008988,0.0009429,0.0009732,0.001005,0.001066,0.001094,0.001141,0.001194,0.001243,0.001343,0.001437,0.001477,0.001554,0.001612,0.001646,0.001695,0.001718,0.0016129266666666702,0.0016464566666666597,0.0016949733333333369,0.0017178333333333303
0.756,0.0008974,0.0009422,0.0009726,0.001005,0.001067,0.001094,0.001149,0.001197,0.001246,0.001346,0.00144,0.001481,0.001558,0.001616,0.00165,0.001701,0.001725,0.0016155633333333381,0.001649319999999995,0.0016993433333333358,0.0017229933333333261
0.76,0.0008961,0.0009415,0.0009721,0.001005,0.001067,0.001094,0.001159,0.0012,0.00125,0.001351,0.001443,0.001485,0.001563,0.00162,0.001656,0.001708,0.001733,0.0016209400000000058,0.0016560333333333296,0.0017076633333333291,0.0017316633333333282
0.764,0.0008948,0.0009407,0.0009715,0.001005,0.001067,0.001095,0.001169,0.001205,0.001255,0.001357,0.001448,0.001491,0.00157,0.001626,0.001663,0.001717,0.001743,0.0016292666666666712,0.0016660366666666736,0.0017213000000000048,0.0017473833333333311
0.768,0.0008938,0.0009402,0.0009711,0.001005,0.001068,0.001095,0.001182,0.00121,0.001261,0.001364,0.001455,0.001498,0.001578,0.001632,0.001671,0.001727,0.001754,0.0016356266666666711,0.0016738633333333293,0.0017305666666666622,0.0017576233333333273
0.772,0.0008929,0.00094,0.0009709,0.001005,0.001069,0.001096,0.001197,0.001217,0.001268,0.001372,0.001462,0.001507,0.001588,0.00164,0.00168,0.001739,0.001768,0.001643739999999994,0.0016823766666666706,0.001742809999999998,0.0017716099999999968
0.776,0.0008921,0.0009401,0.0009708,0.001006,0.00107,0.001097,0.001213,0.001225,0.001276,0.001383,0.001471,0.001517,0.0016,0.001649,0.001692,0.001753,0.001785,0.0016545266666666708,0.0016931266666666744,0.0017559866666666697,0.001786109999999998
0.78,0.0008913,0.0009405,0.0009711,0.001006,0.00107,0.001098,0.001231,0.001234,0.001286,0.001394,0.001482,0.001529,0.001614,0.00166,0.001705,0.001769,0.001804,0.0016664266666666658,0.0017075300000000038,0.0017755633333333394,0.0018089366666666725
0.784,0.0008906,0.0009411,0.0009714,0.001007,0.001071,0.001099,0.00125,0.001244,0.001297,0.001407,0.001494,0.001542,0.001629,0.001672,0.00172,0.001788,0.001825,0.0016813133333333377,0.0017240366666666674,0.0017979366666666732,0.0018332066666666691
0.788,0.00089,0.0009419,0.0009716,0.001008,0.001072,0.001101,0.001269,0.001255,0.001308,0.001421,0.001507,0.001557,0.001646,0.001685,0.001736,0.001808,0.001848,0.0016948866666666644,0.001741793333333335,0.0018193099999999976,0.0018577200000000002
0.792,0.0008899,0.0009434,0.0009723,0.001009,0.001074,0.001103,0.001289,0.001266,0.00132,0.001435,0.001521,0.001574,0.001664,0.001701,0.001755,0.001831,0.001874,0.001709433333333335,0.0017581600000000001,0.0018389500000000091,0.0018789533333333302
0.796,0.0008898,0.0009452,0.0009732,0.001011,0.001076,0.001106,0.001308,0.001278,0.001333,0.001451,0.001537,0.001591,0.001684,0.001717,0.001775,0.001856,0.001902,0.0017267266666666703,0.001780890000000004,0.0018677933333333375,0.0019104099999999982
0.8,0.0008898,0.0009472,0.0009746,0.001013,0.001079,0.001109,0.001326,0.00129,0.001346,0.001467,0.001553,0.001609,0.001705,0.001735,0.001797,0.001883,0.001931,0.0017436866666666621,0.0017999666666666677,0.0018878533333333359,0.0019307533333333374
0.804,0.0008901,0.0009497,0.0009766,0.001016,0.001082,0.001114,0.001343,0.001302,0.001359,0.001483,0.001569,0.001628,0.001726,0.001754,0.001819,0.001911,0.001962,0.0017646833333333297,0.001823240000000003,0.0019157733333333312,0.0019607100000000074
0.808,0.0008906,0.0009526,0.000979,0.00102,0.001086,0.001119,0.001357,0.001312,0.001371,0.001498,0.001584,0.001646,0.001747,0.001773,0.001841,0.00194,0.001993,0.0017855533333333388,0.0018450266666666629,0.001938606666666671,0.0019832500000000076
0.812,0.0008913,0.0009561,0.0009819,0.001024,0.001091,0.001125,0.001369,0.001322,0.001381,0.001511,0.001599,0.001663,0.001768,0.001792,0.001864,0.001969,0.002024,0.0018024166666666707,0.0018658566666666597,0.001966073333333332,0.002014056666666677
0.816,0.0008921,0.0009597,0.0009853,0.001029,0.001096,0.001132,0.001377,0.00133,0.00139,0.001523,0.001612,0.001679,0.001787,0.001809,0.001885,0.001997,0.002054,0.0018155733333333338,0.001885263333333342,0.001993123333333343,0.0020446533333333345
0.82,0.0008931,0.0009636,0.000989,0.001034,0.001102,0.00114,0.001381,0.001335,0.001397,0.001533,0.001623,0.001692,0.001804,0.001825,0.001904,0.002023,0.002081,0.0018314033333333367,0.0019058533333333393,0.002023163333333333,0.002075203333333334
0.824,0.000894,0.0009672,0.0009932,0.00104,0.001108,0.001148,0.001382,0.001339,0.001402,0.00154,0.001632,0.001703,0.001819,0.00184,0.001921,0.002048,0.002107,0.0018454533333333342,0.0019217466666666657,0.0020454466666666718,0.002099943333333337
0.828,0.000895,0.0009709,0.0009975,0.001046,0.001116,0.001157,0.001379,0.001341,0.001405,0.001544,0.001638,0.001712,0.001831,0.001852,0.001936,0.00207,0.002129,0.0018540700000000037,0.001933723333333334,0.002063853333333337,0.002119283333333341
0.832,0.000896,0.0009741,0.001002,0.001053,0.001124,0.001167,0.001373,0.001341,0.001405,0.001546,0.001642,0.001717,0.001839,0.001861,0.001947,0.002088,0.002148,0.0018623433333333328,0.0019460399999999985,0.0020855666666666607,0.0021436966666666724
0.836,0.0008968,0.0009764,0.001006,0.001059,0.001132,0.001176,0.001364,0.001339,0.001404,0.001545,0.001642,0.00172,0.001844,0.001868,0.001956,0.002103,0.002163,0.0018682333333333275,0.001953606666666668,0.002098963333333331,0.0021568466666666767
0.84,0.0008974,0.0009778,0.00101,0.001064,0.00114,0.001185,0.001354,0.001335,0.001401,0.001542,0.001641,0.001719,0.001846,0.001871,0.00196,0.002114,0.002173,0.0018709966666666667,0.0019578433333333326,0.002109743333333328,0.0021669299999999975
0.844,0.0008979,0.0009784,0.001013,0.001069,0.001147,0.001192,0.001342,0.00133,0.001396,0.001536,0.001636,0.001716,0.001843,0.001871,0.001961,0.002121,0.002178,0.0018708233333333357,0.0019593966666666615,0.0021170333333333327,0.0021733766666666736
0.848,0.0008979,0.0009783,0.001016,0.001072,0.001154,0.001199,0.001329,0.001325,0.001391,0.001529,0.00163,0.001709,0.001838,0.001869,0.001959,0.002123,0.002178,0.0018684633333333367,0.00195654333333333,0.002116903333333328,0.002171693333333342
0.852,0.0008977,0.0009778,0.001018,0.001075,0.00116,0.001204,0.001316,0.001318,0.001384,0.001521,0.001623,0.001701,0.00183,0.001864,0.001953,0.002121,0.002174,0.001864599999999994,0.0019478366666666595,0.0021043266666666673,0.002155546666666673
0.856,0.0008971,0.0009768,0.001018,0.001076,0.001164,0.001207,0.001303,0.001312,0.001378,0.001512,0.001614,0.001691,0.00182,0.001857,0.001944,0.002114,0.002166,0.0018586833333333304,0.0019403166666666608,0.0020992133333333275,0.0021486566666666694
0.86,0.0008964,0.0009751,0.001018,0.001076,0.001166,0.001208,0.001291,0.001306,0.001371,0.001503,0.001605,0.00168,0.001808,0.001849,0.001933,0.002104,0.002155,0.001851216666666661,0.0019275333333333344,0.0020813733333333306,0.002129430000000007
0.864,0.0008957,0.0009731,0.001017,0.001074,0.001167,0.001208,0.001279,0.0013,0.001364,0.001495,0.001595,0.001668,0.001795,0.001839,0.00192,0.002092,0.00214,0.0018409066666666622,0.001913269999999998,0.002062236666666661,0.002107236666666665
0.868,0.0008949,0.0009708,0.001015,0.001071,0.001166,0.001205,0.001268,0.001294,0.001358,0.001487,0.001586,0.001658,0.001782,0.001828,0.001906,0.002077,0.002123,0.0018310199999999998,0.001899743333333335,0.00204775333333333,0.0020905799999999942
0.872,0.0008941,0.0009685,0.001012,0.001068,0.001163,0.001201,0.001259,0.001289,0.001352,0.001479,0.001578,0.001647,0.001769,0.001818,0.001892,0.00206,0.002105,0.0018191233333333268,0.0018880266666666686,0.0020389066666666638,0.0020818900000000085
0.876,0.0008935,0.0009662,0.00101,0.001064,0.001159,0.001197,0.00125,0.001284,0.001346,0.001472,0.00157,0.001637,0.001756,0.001808,0.001879,0.002043,0.002086,0.0018072333333333276,0.0018711266666666677,0.0020112400000000057,0.0020514433333333353
0.88,0.0008931,0.0009641,0.001007,0.001059,0.001155,0.001191,0.001241,0.001279,0.001341,0.001465,0.001563,0.001629,0.001744,0.001799,0.001866,0.002025,0.002066,0.0017977199999999968,0.0018611466666666647,0.002001173333333338,0.0020414066666666745
0.884,0.0008931,0.0009621,0.001003,0.001054,0.001149,0.001185,0.001233,0.001275,0.001336,0.001459,0.001557,0.00162,0.001733,0.00179,0.001853,0.002007,0.002047,0.0017891033333333368,0.0018472799999999978,0.0019815199999999944,0.00201992333333334
0.888,0.0008931,0.0009604,0.001,0.00105,0.001143,0.001178,0.001225,0.001271,0.001332,0.001454,0.001552,0.001613,0.001723,0.001782,0.001842,0.00199,0.002029,0.0017805900000000022,0.0018372633333333392,0.00197101,0.0020089366666666644
0.892,0.0008932,0.0009588,0.0009972,0.001045,0.001137,0.001171,0.001218,0.001267,0.001328,0.001449,0.001547,0.001606,0.001714,0.001775,0.001831,0.001974,0.002012,0.001771510000000008,0.0018243766666666758,0.001954586666666664,0.0019913566666666755
0.896,0.0008935,0.0009577,0.0009945,0.001041,0.001131,0.001165,0.001212,0.001264,0.001324,0.001444,0.001542,0.0016,0.001705,0.001769,0.001821,0.001959,0.001997,0.0017659900000000061,0.001817083333333336,0.0019484566666666636,0.001985933333333343
0.9,0.000894,0.0009568,0.0009921,0.001038,0.001126,0.001159,0.001207,0.001261,0.00132,0.00144,0.001538,0.001595,0.001698,0.001763,0.001813,0.001945,0.001982,0.0017610833333333335,0.0018095800000000025,0.0019380533333333235,0.0019746566666666663
0.904,0.0008948,0.0009561,0.0009903,0.001035,0.001121,0.001154,0.001202,0.001258,0.001317,0.001436,0.001535,0.00159,0.001691,0.001758,0.001804,0.001932,0.001969,0.0017560799999999965,0.0018019100000000066,0.0019251233333333324,0.001961419999999998
0.908,0.0008958,0.0009558,0.0009889,0.001033,0.001117,0.00115,0.001198,0.001256,0.001313,0.001432,0.001531,0.001586,0.001684,0.001754,0.001797,0.001921,0.001957,0.001749929999999995,0.0017932766666666636,0.0019109,0.0019470399999999932
0.912,0.0008969,0.0009557,0.000988,0.00103,0.001113,0.001146,0.001194,0.001253,0.00131,0.001429,0.001528,0.001582,0.001678,0.001749,0.001791,0.00191,0.001946,0.0017460966666666662,0.001787579999999992,0.001901753333333336,0.0019375400000000013
0.916,0.0008982,0.0009556,0.0009872,0.001029,0.001109,0.001142,0.001191,0.001251,0.001308,0.001426,0.001525,0.001578,0.001673,0.001745,0.001785,0.0019,0.001936,0.0017419733333333305,0.0017815233333333277,0.0018916900000000036,0.001927196666666668
0.92,0.0008997,0.000956,0.0009868,0.001027,0.001106,0.00114,0.001188,0.001249,0.001305,0.001422,0.001522,0.001574,0.001667,0.001741,0.001779,0.001891,0.001927,0.0017382199999999952,0.0017761533333333268,0.00188435666666666,0.0019201166666666701
0.924,0.0009012,0.0009566,0.0009864,0.001026,0.001104,0.001137,0.001185,0.001247,0.001303,0.001419,0.001519,0.00157,0.001662,0.001737,0.001773,0.001882,0.001918,0.001734773333333327,0.0017709200000000044,0.001877933333333332,0.0019136433333333278
0.928,0.0009029,0.0009572,0.0009864,0.001025,0.001102,0.001135,0.001183,0.001246,0.001301,0.001416,0.001516,0.001567,0.001657,0.001733,0.001768,0.001874,0.001909,0.001730973333333328,0.0017657299999999964,0.0018699999999999973,0.001905026666666666
0.932,0.0009047,0.0009581,0.0009866,0.001025,0.0011,0.001134,0.001181,0.001245,0.001299,0.001413,0.001513,0.001563,0.001652,0.001729,0.001762,0.001866,0.001901,0.0017270266666666609,0.0017606033333333311,0.0018625766666666651,0.0018973333333333305
0.936,0.0009065,0.0009591,0.0009869,0.001025,0.001099,0.001132,0.001179,0.001243,0.001297,0.00141,0.00151,0.001559,0.001648,0.001724,0.001757,0.001858,0.001892,0.0017222500000000003,0.0017556066666666677,0.0018549066666666762,0.001889130000000001
0.94,0.0009086,0.0009604,0.0009875,0.001025,0.001098,0.001131,0.001178,0.001243,0.001295,0.001408,0.001507,0.001556,0.001643,0.00172,0.001752,0.00185,0.001884,0.0017169333333333365,0.0017493933333333279,0.0018451266666666731,0.0018790333333333295
0.944,0.0009108,0.0009621,0.0009884,0.001025,0.001097,0.001131,0.001177,0.001242,0.001294,0.001405,0.001505,0.001552,0.001638,0.001715,0.001747,0.001842,0.001876,0.0017127733333333406,0.0017444533333333327,0.0018380966666666724,0.0018715999999999937
0.948,0.0009131,0.000964,0.0009896,0.001026,0.001097,0.001131,0.001177,0.001241,0.001293,0.001403,0.001502,0.001549,0.001634,0.001711,0.001741,0.001835,0.001868,0.0017090633333333382,0.00173960333333333,0.0018321499999999988,0.0018649866666666614
0.952,0.0009158,0.0009659,0.0009911,0.001027,0.001097,0.001131,0.001177,0.001241,0.001292,0.0014,0.001499,0.001546,0.00163,0.001706,0.001736,0.001827,0.001859,0.001703486666666666,0.0017337166666666667,0.001823156666666672,0.001854853333333335
0.956,0.0009185,0.000968,0.0009929,0.001028,0.001097,0.00113,0.001176,0.00124,0.001291,0.001398,0.001497,0.001542,0.001625,0.001701,0.001731,0.00182,0.001851,0.0016993400000000036,0.0017294233333333302,0.0018170866666666649,0.0018476566666666661
0.96,0.0009216,0.00097,0.0009946,0.001029,0.001098,0.001131,0.001177,0.001241,0.001291,0.001396,0.001494,0.00154,0.001621,0.001697,0.001726,0.001813,0.001843,0.0016947400000000045,0.0017240533333333333,0.0018095999999999987,0.0018392466666666645
0.964,0.0009243,0.0009724,0.0009965,0.001031,0.001098,0.001131,0.001177,0.001241,0.00129,0.001395,0.001492,0.001537,0.001617,0.001692,0.001721,0.001806,0.001835,0.0016912233333333448,0.001720116666666657,0.001804513333333324,0.0018335933333333287
0.968,0.0009268,0.0009748,0.0009985,0.001032,0.001099,0.001131,0.001178,0.001241,0.00129,0.001394,0.00149,0.001534,0.001613,0.001688,0.001716,0.001799,0.001828,0.0016869266666666757,0.0017155499999999956,0.0017975799999999968,0.0018265533333333324
0.972,0.0009292,0.0009775,0.001001,0.001034,0.0011,0.001132,0.00118,0.001242,0.001291,0.001393,0.001489,0.001532,0.00161,0.001684,0.001712,0.001792,0.00182,0.001682490000000006,0.0017106566666666623,0.0017893866666666718,0.0018171533333333305
0.976,0.0009319,0.0009801,0.001003,0.001036,0.001101,0.001133,0.001181,0.001243,0.001291,0.001392,0.001487,0.00153,0.001607,0.00168,0.001708,0.001786,0.001813,0.00167830666666667,0.0017068666666666614,0.0017830166666666703,0.001810016666666667
0.98,0.0009349,0.000983,0.001005,0.001038,0.001102,0.001134,0.001183,0.001244,0.001292,0.001391,0.001486,0.001528,0.001605,0.001676,0.001704,0.00178,0.001806,0.0016754500000000039,0.0017036733333333299,0.0017784666666666694,0.0018046399999999947
0.984,0.0009385,0.0009858,0.001007,0.00104,0.001103,0.001135,0.001184,0.001245,0.001292,0.001391,0.001485,0.001527,0.001602,0.001673,0.001701,0.001774,0.0018,0.0016717499999999964,0.0017000033333333334,0.001771820000000001,0.0017977666666666732
0.988,0.0009421,0.0009888,0.00101,0.001042,0.001105,0.001136,0.001186,0.001246,0.001293,0.001391,0.001484,0.001525,0.0016,0.00167,0.001698,0.001768,0.001794,0.0016686166666666665,0.0016969399999999957,0.0017656799999999984,0.0017913866666666703
0.992,0.0009456,0.000992,0.001012,0.001044,0.001106,0.001138,0.001188,0.001248,0.001294,0.001391,0.001484,0.001524,0.001598,0.001667,0.001695,0.001763,0.001788,0.001667073333333329,0.0016951300000000002,0.0017623933333333335,0.0017872133333333392
0.996,0.0009492,0.0009948,0.001015,0.001046,0.001108,0.001139,0.00119,0.001249,0.001296,0.001391,0.001483,0.001523,0.001597,0.001665,0.001693,0.001759,0.001782,0.0016646466666666762,0.0016925833333333344,0.0017576800000000015,0.0017810333333333332
1.0,0.0009528,0.0009974,0.001018,0.001049,0.00111,0.001141,0.001192,0.001251,0.001297,0.001392,0.001483,0.001523,0.001595,0.001663,0.00169,0.001754,0.001777,0.0016622266666666769,0.001689696666666675,0.0017524966666666608,0.0017756866666666627
1.004,0.0009565,0.001,0.00102,0.001051,0.001112,0.001143,0.001195,0.001253,0.001299,0.001392,0.001484,0.001522,0.001594,0.001661,0.001688,0.00175,0.001773,0.0016602966666666734,0.0016877966666666733,0.001748036666666661,0.0017712066666666759
1.008,0.0009602,0.001003,0.001023,0.001054,0.001114,0.001145,0.001197,0.001255,0.0013,0.001393,0.001484,0.001522,0.001593,0.00166,0.001687,0.001746,0.001769,0.0016593533333333311,0.0016868299999999977,0.001744976666666673,0.0017680200000000086
1.012,0.0009639,0.001006,0.001026,0.001057,0.001116,0.001147,0.0012,0.001258,0.001302,0.001395,0.001485,0.001522,0.001593,0.001658,0.001685,0.001743,0.001765,0.0016579299999999984,0.001685166666666665,0.0017421133333333347,0.001764333333333338
1.016,0.0009678,0.001009,0.001029,0.00106,0.001118,0.00115,0.001203,0.00126,0.001304,0.001396,0.001485,0.001522,0.001592,0.001657,0.001684,0.00174,0.001762,0.0016570933333333372,0.00168435666666667,0.0017398333333333382,0.0017618433333333329
1.02,0.0009717,0.001013,0.001032,0.001063,0.00112,0.001152,0.001206,0.001263,0.001306,0.001398,0.001486,0.001523,0.001592,0.001656,0.001683,0.001738,0.001759,0.001656596666666662,0.0016836099999999964,0.001738040000000004,0.001759300000000001
1.024,0.0009756,0.001016,0.001036,0.001066,0.001122,0.001154,0.001209,0.001265,0.001309,0.001399,0.001487,0.001524,0.001592,0.001656,0.001682,0.001735,0.001756,0.0016562533333333276,0.0016824900000000013,0.0017357233333333288,0.0017567933333333277
1.028,0.0009795,0.00102,0.001039,0.001069,0.001125,0.001157,0.001213,0.001268,0.001311,0.001401,0.001488,0.001525,0.001593,0.001656,0.001681,0.001733,0.001754,0.0016561533333333271,0.0016816533333333273,0.0017334099999999966,0.0017543999999999934
1.032,0.0009834,0.001024,0.001043,0.001072,0.001128,0.00116,0.001216,0.001271,0.001314,0.001403,0.00149,0.001526,0.001593,0.001656,0.001681,0.001732,0.001752,0.0016562666666666604,0.0016816233333333253,0.001732506666666671,0.001752823333333325
1.036,0.0009875,0.001027,0.001046,0.001076,0.001131,0.001162,0.00122,0.001275,0.001317,0.001406,0.001491,0.001527,0.001594,0.001656,0.001681,0.001731,0.00175,0.001656119999999994,0.0016814033333333279,0.0017312633333333332,0.001750619999999993
1.04,0.0009911,0.001031,0.00105,0.001079,0.001134,0.001165,0.001224,0.001278,0.001319,0.001408,0.001493,0.001528,0.001595,0.001656,0.001682,0.00173,0.001749,0.001656413333333329,0.001682070000000002,0.0017304566666666687,0.001749549999999999
1.044,0.0009949,0.001035,0.001054,0.001083,0.001137,0.001168,0.001228,0.001281,0.001323,0.00141,0.001495,0.00153,0.001596,0.001657,0.001682,0.001729,0.001748,0.001657440000000004,0.0016826766666666704,0.0017297499999999939,0.0017488400000000093
1.048,0.000999,0.001039,0.001057,0.001086,0.00114,0.001171,0.001232,0.001285,0.001326,0.001413,0.001497,0.001532,0.001598,0.001658,0.001683,0.001729,0.001748,0.0016581733333333327,0.0016832699999999973,0.001729143333333325,0.0017480900000000099
1.052,0.001003,0.001044,0.001061,0.00109,0.001143,0.001174,0.001236,0.001289,0.001329,0.001416,0.0015,0.001534,0.0016,0.001659,0.001684,0.001729,0.001747,0.0016590933333333379,0.0016841533333333374,0.001729249999999992,0.0017476100000000038
1.056,0.001008,0.001048,0.001065,0.001094,0.001146,0.001178,0.00124,0.001293,0.001333,0.001419,0.001502,0.001536,0.001601,0.00166,0.001685,0.001729,0.001748,0.001660383333333332,0.001685413333333333,0.00172975666666666,0.001748586666666676
1.06,0.001012,0.001052,0.001069,0.001098,0.00115,0.001181,0.001245,0.001297,0.001336,0.001423,0.001505,0.001539,0.001604,0.001662,0.001686,0.00173,0.001748,0.0016624033333333332,0.0016869833333333394,0.0017309533333333368,0.0017494933333333414
1.064,0.001017,0.001056,0.001073,0.001101,0.001153,0.001185,0.00125,0.001301,0.00134,0.001426,0.001508,0.001541,0.001606,0.001663,0.001688,0.00173,0.001749,0.0016649833333333413,0.0016900966666666757,0.001732760000000005,0.001751810000000001
1.068,0.001021,0.00106,0.001077,0.001105,0.001157,0.001189,0.001255,0.001306,0.001344,0.00143,0.001511,0.001544,0.001608,0.001666,0.00169,0.001732,0.00175,0.0016674533333333353,0.001692210000000009,0.0017343933333333365,0.0017529799999999943
1.072,0.001025,0.001064,0.001081,0.001109,0.001161,0.001193,0.00126,0.00131,0.001349,0.001434,0.001515,0.001548,0.001611,0.001668,0.001692,0.001733,0.001751,0.0016693533333333329,0.0016939333333333424,0.0017350466666666631,0.0017532866666666634
1.076,0.001029,0.001068,0.001085,0.001113,0.001165,0.001196,0.001266,0.001315,0.001353,0.001438,0.001519,0.001551,0.001614,0.001671,0.001695,0.001735,0.001752,0.0016724133333333262,0.0016971133333333343,0.0017372833333333267,0.0017548699999999928
1.08,0.001034,0.001074,0.001089,0.001117,0.001169,0.0012,0.001272,0.00132,0.001358,0.001443,0.001523,0.001555,0.001618,0.001673,0.001698,0.001737,0.001754,0.001673683333333326,0.0016985199999999953,0.0017377699999999927,0.0017551366666666624
1.084,0.001039,0.001079,0.001093,0.001121,0.001173,0.001205,0.001278,0.001326,0.001363,0.001448,0.001527,0.001559,0.001621,0.001677,0.001701,0.001739,0.001757,0.001677713333333328,0.0017019333333333324,0.0017404333333333303,0.0017582200000000026
1.088,0.001044,0.001084,0.001098,0.001126,0.001177,0.001209,0.001284,0.001332,0.001368,0.001453,0.001532,0.001564,0.001625,0.001681,0.001704,0.001742,0.001759,0.0016827433333333282,0.0017065466666666613,0.001744986666666674,0.0017623333333333365
1.092,0.001049,0.00109,0.001103,0.00113,0.001181,0.001213,0.001291,0.001338,0.001374,0.001459,0.001537,0.001568,0.00163,0.001684,0.001708,0.001746,0.001762,0.0016856533333333356,0.0017095966666666608,0.0017476200000000085,0.0017642233333333335
1.096,0.001054,0.001094,0.001107,0.001135,0.001185,0.001218,0.001298,0.001344,0.00138,0.001465,0.001542,0.001573,0.001635,0.001689,0.001712,0.001749,0.001766,0.0016921366666666656,0.0017160099999999978,0.0017538533333333354,0.0017711466666666634
1.1,0.001059,0.001099,0.001112,0.00114,0.00119,0.001223,0.001306,0.001351,0.001387,0.001471,0.001548,0.001579,0.00164,0.001693,0.001717,0.001753,0.00177,0.001694486666666665,0.0017187233333333385,0.001755416666666669,0.0017725799999999978
1.104,0.001064,0.001103,0.001117,0.001145,0.001195,0.001228,0.001314,0.001359,0.001394,0.001477,0.001555,0.001585,0.001645,0.001698,0.001722,0.001758,0.001774,0.0016995533333333257,0.001723613333333334,0.0017598799999999977,0.0017762866666666658
1.108,0.00107,0.001108,0.001123,0.00115,0.001199,0.001234,0.001322,0.001366,0.001401,0.001484,0.001561,0.001592,0.001651,0.001704,0.001727,0.001763,0.001779,0.0017056633333333278,0.0017293033333333281,0.0017656333333333333,0.001782066666666661
1.112,0.001076,0.001114,0.001128,0.001155,0.001204,0.001239,0.001331,0.001375,0.001409,0.001492,0.001569,0.001599,0.001658,0.00171,0.001733,0.001768,0.001784,0.001711713333333329,0.0017352866666666621,0.001771339999999997,0.0017878733333333363
1.116,0.001082,0.00112,0.001134,0.001161,0.001209,0.001244,0.001341,0.001383,0.001418,0.0015,0.001577,0.001606,0.001665,0.001717,0.001739,0.001774,0.00179,0.0017178333333333394,0.0017409999999999962,0.0017771999999999998,0.0017939466666666718
1.12,0.001088,0.001126,0.00114,0.001167,0.001215,0.00125,0.001351,0.001393,0.001427,0.001509,0.001585,0.001614,0.001673,0.001724,0.001747,0.001781,0.001796,0.0017167800000000022,0.0017427133333333344,0.0017939766666666627,0.0018247033333333397
1.124,0.001095,0.001133,0.001146,0.001174,0.001221,0.001255,0.001362,0.001403,0.001436,0.001519,0.001594,0.001623,0.001681,0.001732,0.001755,0.001788,0.001803,0.0017282700000000025,0.0017537933333333347,0.001801540000000006,0.0018279533333333342
1.128,0.001102,0.00114,0.001153,0.001181,0.001227,0.001262,0.001374,0.001414,0.001447,0.001529,0.001604,0.001633,0.00169,0.001741,0.001763,0.001796,0.001811,0.0017403333333333292,0.0017631466666666673,0.0017979600000000047,0.001814923333333337
1.132,0.00111,0.001149,0.001161,0.001188,0.001233,0.001268,0.001386,0.001425,0.001457,0.001539,0.001614,0.001643,0.0017,0.00175,0.001772,0.001805,0.001819,0.0017476533333333254,0.0017706499999999977,0.0018065666666666653,0.0018205933333333383
1.136,0.001118,0.001157,0.001168,0.001195,0.001241,0.001276,0.001399,0.001437,0.001469,0.001551,0.001625,0.001654,0.00171,0.00176,0.001782,0.001814,0.001828,0.0017586199999999955,0.00178184,0.0018211699999999946,0.0018331400000000024
1.14,0.001127,0.001166,0.001177,0.001203,0.001248,0.001283,0.001412,0.00145,0.001481,0.001563,0.001637,0.001665,0.001721,0.001771,0.001792,0.001824,0.001838,0.001769193333333338,0.001794040000000003,0.001836453333333333,0.0018486766666666703
1.144,0.001136,0.001176,0.001186,0.001211,0.001256,0.001292,0.001427,0.001463,0.001494,0.001575,0.00165,0.001678,0.001733,0.001782,0.001804,0.001835,0.001849,0.001781186666666668,0.0018076833333333406,0.0018518466666666623,0.001864223333333328
1.148,0.001146,0.001186,0.001195,0.00122,0.001264,0.0013,0.001442,0.001477,0.001508,0.001588,0.001663,0.001691,0.001746,0.001795,0.001816,0.001847,0.00186,0.0017937299999999956,0.0018198533333333338,0.001860493333333331,0.0018724166666666574
1.152,0.001156,0.001198,0.001204,0.00123,0.001273,0.00131,0.001457,0.001491,0.001522,0.001602,0.001677,0.001705,0.00176,0.001808,0.001829,0.001859,0.001872,0.0018062266666666604,0.0018304066666666725,0.001871180000000003,0.0018831466666666622
1.156,0.001168,0.00121,0.001214,0.00124,0.001283,0.00132,0.001472,0.001506,0.001537,0.001617,0.001692,0.001719,0.001774,0.001821,0.001842,0.001872,0.001885,0.0018201033333333338,0.0018450566666666716,0.0018891466666666624,0.0019003333333333409
1.16,0.001179,0.001222,0.001225,0.001251,0.001293,0.00133,0.001488,0.001521,0.001552,0.001632,0.001707,0.001734,0.001788,0.001836,0.001857,0.001886,0.001898,0.0018340366666666664,0.0018600466666666648,0.0019029633333333365,0.0019138233333333347
1.164,0.001192,0.001236,0.001237,0.001262,0.001303,0.001342,0.001503,0.001536,0.001567,0.001647,0.001722,0.00175,0.001804,0.001851,0.001871,0.0019,0.001912,0.0018511099999999985,0.0018809766666666686,0.0019302833333333402,0.0019405666666666751
1.168,0.001204,0.001249,0.001249,0.001274,0.001314,0.001354,0.001519,0.001552,0.001582,0.001663,0.001738,0.001766,0.001819,0.001866,0.001886,0.001915,0.001926,0.0018677166666666637,0.001899040000000004,0.001953266666666668,0.0019620666666666617
1.172,0.001217,0.001263,0.001262,0.001286,0.001325,0.001366,0.001534,0.001567,0.001597,0.001678,0.001754,0.001782,0.001835,0.001882,0.001902,0.001931,0.001941,0.001882840000000001,0.0019116366666666663,0.0019658400000000056,0.001971146666666671
1.176,0.001231,0.001278,0.001276,0.0013,0.001338,0.001379,0.00155,0.001583,0.001613,0.001694,0.001771,0.001798,0.001851,0.001898,0.001918,0.001947,0.001958,0.001898456666666667,0.0019243166666666578,0.0019727533333333326,0.0019791400000000055
1.18,0.001245,0.001293,0.00129,0.001314,0.001351,0.001394,0.001565,0.001598,0.001629,0.00171,0.001787,0.001815,0.001868,0.001915,0.001936,0.001964,0.001974,0.0019144000000000001,0.0019398633333333323,0.0019741000000000016,0.001987043333333331
1.184,0.00126,0.001308,0.001305,0.001328,0.001365,0.001408,0.001581,0.001614,0.001644,0.001727,0.001805,0.001833,0.001886,0.001933,0.001953,0.001982,0.001992,0.0019296966666666681,0.0019536433333333277,0.0019864033333333348,0.002000016666666663
1.188,0.001274,0.001324,0.00132,0.001343,0.00138,0.001423,0.001596,0.00163,0.00166,0.001743,0.001822,0.00185,0.001903,0.00195,0.001971,0.002,0.002009,0.0019501500000000034,0.001975563333333329,0.0020119600000000014,0.0020258366666666677
1.192,0.001289,0.001339,0.001334,0.001358,0.001394,0.001439,0.00161,0.001645,0.001676,0.00176,0.001839,0.001868,0.001921,0.001968,0.001988,0.002018,0.002027,0.0019716500000000053,0.001995506666666661,0.002029870000000001,0.002045200000000001
1.196,0.001303,0.001354,0.001349,0.001373,0.001409,0.001454,0.001625,0.00166,0.001691,0.001776,0.001856,0.001885,0.001938,0.001986,0.002006,0.002036,0.002044,0.00198783,0.002013279999999999,0.002047406666666667,0.002061526666666669
1.2,0.001316,0.001369,0.001364,0.001387,0.001424,0.001469,0.001639,0.001675,0.001706,0.001792,0.001874,0.001903,0.001956,0.002003,0.002024,0.002054,0.002062,0.0020048699999999932,0.002028753333333341,0.0020576166666666663,0.0020754766666666704
1.204,0.00133,0.001383,0.001378,0.001402,0.001439,0.001484,0.001654,0.00169,0.001722,0.001809,0.001891,0.00192,0.001974,0.002021,0.002042,0.002072,0.00208,0.00202192,0.0020458966666666626,0.0020749433333333333,0.0020913733333333385
1.208,0.001343,0.001396,0.001393,0.001417,0.001454,0.001499,0.001668,0.001706,0.001737,0.001825,0.001908,0.001938,0.001991,0.002038,0.00206,0.00209,0.002097,0.0020397399999999948,0.0020651466666666654,0.0020979499999999986,0.002110596666666672
1.212,0.001357,0.001408,0.001407,0.001431,0.001469,0.001514,0.001682,0.001721,0.001752,0.001841,0.001925,0.001955,0.002009,0.002056,0.002078,0.002108,0.002116,0.002055189999999996,0.0020789133333333418,0.002106206666666666,0.0021230466666666697
1.216,0.001369,0.00142,0.001421,0.001446,0.001484,0.001528,0.001696,0.001735,0.001767,0.001857,0.001942,0.001973,0.002026,0.002074,0.002096,0.002127,0.002134,0.002074970000000008,0.0020991666666666606,0.0021255299999999953,0.0021457833333333345
1.22,0.001382,0.001433,0.001435,0.001459,0.001498,0.001543,0.001709,0.00175,0.001782,0.001873,0.001959,0.001991,0.002044,0.002093,0.002114,0.002146,0.002152,0.002091590000000006,0.0021155166666666616,0.0021441366666666603,0.002160583333333334
1.224,0.001394,0.001447,0.001448,0.001473,0.001513,0.001557,0.001723,0.001765,0.001797,0.001889,0.001977,0.002009,0.002063,0.002111,0.002133,0.002164,0.002171,0.0021104399999999903,0.002134500000000003,0.00216115333333334,0.002179006666666668
1.228,0.001406,0.001458,0.001461,0.001487,0.001527,0.001572,0.001737,0.00178,0.001813,0.001906,0.001995,0.002027,0.002081,0.00213,0.002151,0.002183,0.002189,0.002128439999999999,0.0021524266666666726,0.0021808900000000065,0.0021962333333333333
1.232,0.001417,0.001466,0.001474,0.0015,0.001541,0.001586,0.00175,0.001795,0.001828,0.001922,0.002012,0.002044,0.002099,0.002148,0.00217,0.002201,0.002207,0.002147193333333335,0.0021719533333333365,0.002201273333333337,0.0022159799999999954
1.236,0.001429,0.001471,0.001487,0.001513,0.001555,0.001599,0.001764,0.00181,0.001843,0.001939,0.00203,0.002062,0.002117,0.002166,0.002188,0.00222,0.002226,0.00216674,0.0021906466666666664,0.002212806666666669,0.002233113333333326
1.24,0.00144,0.001472,0.0015,0.001526,0.001568,0.001613,0.001778,0.001825,0.001858,0.001955,0.002048,0.00208,0.002135,0.002184,0.002206,0.00224,0.002245,0.0021805533333333306,0.0022031733333333398,0.002229320000000008,0.0022427600000000064
1.244,0.001452,0.001472,0.001513,0.001539,0.001582,0.001627,0.001793,0.00184,0.001874,0.001972,0.002066,0.002099,0.002154,0.002204,0.002226,0.002261,0.002265,0.0021992166666666623,0.0022219599999999955,0.0022483133333333315,0.00226264333333333
1.248,0.001464,0.001477,0.001526,0.001553,0.001595,0.001641,0.001807,0.001856,0.00189,0.00199,0.002084,0.002117,0.002173,0.002224,0.002246,0.002281,0.002285,0.002223743333333335,0.002248303333333334,0.0022750699999999928,0.002292176666666661
1.252,0.001475,0.001484,0.00154,0.001565,0.001609,0.001655,0.001822,0.001872,0.001906,0.002007,0.002102,0.002137,0.002193,0.002244,0.002266,0.0023,0.002304,0.0022445366666666764,0.002268299999999997,0.0022976999999999967,0.002311313333333323
1.256,0.001487,0.001494,0.001552,0.001578,0.001622,0.001669,0.001837,0.001888,0.001923,0.002025,0.002121,0.002157,0.002213,0.002264,0.002286,0.002319,0.002323,0.0022659166666666717,0.002290766666666672,0.0023228866666666604,0.0023341466666666638
1.26,0.001498,0.001508,0.001565,0.001591,0.001636,0.001683,0.001852,0.001904,0.001939,0.002042,0.002141,0.002177,0.002233,0.002283,0.002305,0.002338,0.002341,0.0022799733333333373,0.002303836666666669,0.0023262566666666625,0.0023439866666666717
1.264,0.001509,0.00152,0.001578,0.001604,0.00165,0.001696,0.001868,0.001921,0.001956,0.002061,0.002161,0.002197,0.002252,0.002302,0.002324,0.002357,0.00236,0.0023020200000000114,0.0023257899999999964,0.0023515166666666777,0.0023650200000000007
1.268,0.00152,0.001533,0.001591,0.001617,0.001664,0.00171,0.001884,0.001938,0.001973,0.00208,0.002181,0.002216,0.002271,0.002321,0.002343,0.002376,0.002379,0.002321326666666673,0.0023458899999999937,0.0023766000000000065,0.0023875966666666725
1.272,0.001532,0.001546,0.001604,0.00163,0.001678,0.001724,0.001901,0.001955,0.001991,0.0021,0.0022,0.002235,0.00229,0.00234,0.002362,0.002395,0.002397,0.002339516666666672,0.002364559999999991,0.002392016666666672,0.0024047066666666598
1.276,0.001543,0.001559,0.001617,0.001644,0.001691,0.001738,0.001917,0.001973,0.002009,0.002119,0.00222,0.002255,0.00231,0.002359,0.002381,0.002413,0.002415,0.0023645999999999993,0.0023896033333333302,0.002419306666666665,0.0024311733333333223
1.28,0.001555,0.001571,0.00163,0.001657,0.001705,0.001753,0.001934,0.001992,0.002028,0.002138,0.002239,0.002274,0.002329,0.002378,0.002399,0.002431,0.002433,0.002375429999999996,0.002398796666666671,0.0024229033333333268,0.0024361466666666717
1.284,0.001567,0.001584,0.001643,0.00167,0.00172,0.001768,0.001952,0.002011,0.002047,0.002157,0.002259,0.002294,0.002348,0.002397,0.002418,0.00245,0.002451,0.002398666666666659,0.002423163333333335,0.0024517033333333253,0.0024631199999999966
1.288,0.001579,0.001597,0.001657,0.001684,0.001734,0.001782,0.00197,0.00203,0.002065,0.002176,0.002279,0.002313,0.002367,0.002415,0.002437,0.002469,0.002469,0.0024189099999999877,0.002444073333333342,0.0024739433333333433,0.00248337000000001
1.292,0.001591,0.00161,0.001671,0.001698,0.001749,0.001797,0.001989,0.002049,0.002084,0.002195,0.002298,0.002332,0.002386,0.002435,0.002456,0.002488,0.002488,0.002437053333333328,0.002460723333333341,0.0024878200000000086,0.0024994700000000075
1.296,0.001603,0.001622,0.001685,0.001713,0.001764,0.001813,0.002008,0.002068,0.002102,0.002215,0.002317,0.002352,0.002405,0.002454,0.002475,0.002506,0.002506,0.0024574433333333268,0.0024811933333333375,0.0025085500000000044,0.0025184000000000044
1.3,0.001615,0.001635,0.001699,0.001727,0.001779,0.001828,0.002027,0.002087,0.002121,0.002234,0.002337,0.002371,0.002425,0.002473,0.002494,0.002525,0.002525,0.0024728733333333236,0.002495976666666666,0.0025207633333333332,0.0025314100000000017
1.304,0.001628,0.001649,0.001713,0.001742,0.001794,0.001844,0.002046,0.002106,0.002141,0.002253,0.002357,0.002391,0.002444,0.002492,0.002513,0.002543,0.002543,0.002485996666666673,0.0025081366666666613,0.002527113333333326,0.0025403599999999976
1.308,0.001641,0.001663,0.001727,0.001756,0.00181,0.00186,0.002066,0.002126,0.00216,0.002272,0.002377,0.002411,0.002464,0.002512,0.002532,0.002562,0.002561,0.0025106766666666597,0.0025331266666666578,0.0025569633333333234,0.0025683033333333367
1.312,0.001654,0.001678,0.001742,0.001772,0.001826,0.001877,0.002086,0.002146,0.002179,0.002292,0.002397,0.002431,0.002483,0.002531,0.002552,0.002581,0.00258,0.002530689999999992,0.002553109999999998,0.0025779133333333286,0.002587293333333345
1.316,0.001667,0.001693,0.001757,0.001787,0.001843,0.001893,0.002106,0.002165,0.002198,0.002312,0.002417,0.002451,0.002503,0.002551,0.002572,0.0026,0.002599,0.0025494133333333322,0.0025714333333333415,0.00259490000000001,0.0026039833333333408
1.32,0.001681,0.001709,0.001773,0.001803,0.001859,0.00191,0.002126,0.002185,0.002218,0.002332,0.002438,0.002472,0.002523,0.002571,0.002591,0.002619,0.002617,0.0025738866666666607,0.0025980566666666725,0.0026281566666666745,0.0026344266666666586
1.324,0.001695,0.001724,0.001788,0.001819,0.001876,0.001928,0.002146,0.002205,0.002238,0.002353,0.002458,0.002493,0.002544,0.002591,0.002611,0.002638,0.002636,0.0025916400000000053,0.002615560000000002,0.002642280000000001,0.0026502399999999986
1.328,0.001709,0.00174,0.001804,0.001836,0.001893,0.001946,0.002167,0.002225,0.002258,0.002373,0.002479,0.002513,0.002564,0.002611,0.002631,0.002657,0.002655,0.002611520000000002,0.0026358566666666787,0.002660543333333342,0.0026700233333333276
1.332,0.001724,0.001756,0.00182,0.001852,0.00191,0.001965,0.002188,0.002246,0.002278,0.002393,0.0025,0.002534,0.002584,0.00263,0.00265,0.002676,0.002673,0.002630730000000009,0.002654226666666677,0.002679360000000006,0.0026840333333333394
1.336,0.001739,0.001771,0.001837,0.00187,0.001928,0.001984,0.002209,0.002267,0.002299,0.002414,0.002521,0.002555,0.002605,0.00265,0.00267,0.002694,0.002691,0.002646910000000008,0.0026686099999999944,0.0026887999999999903,0.002694530000000001
1.34,0.001754,0.001787,0.001854,0.001887,0.001947,0.002003,0.002231,0.002288,0.00232,0.002435,0.002543,0.002576,0.002625,0.00267,0.002689,0.002713,0.00271,0.0026663699999999904,0.0026865900000000095,0.002704146666666659,0.0027139299999999946
1.344,0.00177,0.001803,0.001871,0.001906,0.001966,0.002023,0.002252,0.00231,0.002341,0.002457,0.002564,0.002597,0.002645,0.00269,0.002709,0.002732,0.002729,0.0026887833333333294,0.002710676666666661,0.0027314833333333234,0.0027395866666666594
1.348,0.001787,0.00182,0.001889,0.001924,0.001986,0.002042,0.002275,0.002332,0.002363,0.002479,0.002585,0.002618,0.002666,0.00271,0.002729,0.002752,0.002748,0.0027072733333333284,0.0027282566666666595,0.002746719999999989,0.0027539033333333213
1.352,0.001804,0.001837,0.001908,0.001943,0.002005,0.002062,0.002297,0.002354,0.002384,0.0025,0.002606,0.002639,0.002686,0.00273,0.002749,0.002771,0.002767,0.0027288333333333374,0.0027503133333333343,0.0027706599999999947,0.0027745899999999917
1.356,0.00182,0.001855,0.001927,0.001963,0.002024,0.002082,0.00232,0.002376,0.002406,0.002522,0.002628,0.00266,0.002707,0.00275,0.002769,0.00279,0.002786,0.002746350000000004,0.0027674066666666755,0.0027859299999999907,0.002792383333333323
1.36,0.001837,0.001872,0.001946,0.001982,0.002044,0.002102,0.002344,0.002399,0.002428,0.002544,0.002649,0.002681,0.002728,0.002771,0.002789,0.00281,0.002806,0.0027659166666666626,0.002785716666666675,0.002802543333333325,0.0028101066666666543
1.364,0.001855,0.001891,0.001966,0.002002,0.002065,0.002122,0.002367,0.002422,0.002451,0.002566,0.002671,0.002702,0.002749,0.002792,0.00281,0.00283,0.002826,0.00278829333333334,0.002808223333333327,0.00282372,0.0028310766666666608
1.368,0.001873,0.001909,0.001985,0.002021,0.002085,0.002142,0.002391,0.002445,0.002473,0.002588,0.002693,0.002724,0.00277,0.002813,0.00283,0.00285,0.002845,0.002811413333333326,0.0028301200000000015,0.0028445033333333427,0.00285161666666666
1.372,0.001891,0.001929,0.002005,0.002042,0.002105,0.002163,0.002416,0.002468,0.002496,0.00261,0.002714,0.002746,0.002792,0.002834,0.002851,0.002871,0.002866,0.002831680000000004,0.0028496533333333455,0.002865163333333324,0.002870853333333341
1.376,0.001911,0.001948,0.002025,0.002062,0.002126,0.002184,0.00244,0.002491,0.002518,0.002632,0.002737,0.002768,0.002813,0.002855,0.002873,0.002892,0.002886,0.0028503866666666784,0.0028682400000000054,0.002882213333333335,0.0028888300000000154
1.38,0.00193,0.00197,0.002046,0.002083,0.002147,0.002206,0.002464,0.002515,0.002541,0.002655,0.002759,0.00279,0.002835,0.002876,0.002894,0.002912,0.002907,0.0028729566666666605,0.0028911066666666573,0.0029050333333333444,0.002910353333333333
1.384,0.001951,0.001988,0.002067,0.002104,0.002168,0.002228,0.002488,0.002538,0.002564,0.002677,0.002782,0.002812,0.002857,0.002898,0.002916,0.002933,0.002927,0.0028939299999999903,0.0029116133333333375,0.0029241399999999926,0.002930756666666673
1.388,0.001971,0.002003,0.002088,0.002125,0.00219,0.00225,0.002513,0.002562,0.002587,0.002701,0.002805,0.002835,0.00288,0.00292,0.002937,0.002954,0.002948,0.002917763333333341,0.0029345999999999964,0.0029460066666666704,0.002954103333333324
1.392,0.001992,0.002018,0.002109,0.002146,0.002212,0.002272,0.002537,0.002585,0.00261,0.002724,0.002828,0.002858,0.002902,0.002941,0.002958,0.002974,0.002969,0.002939826666666669,0.00295576666666667,0.0029681700000000035,0.0029746699999999996
1.396,0.002012,0.002034,0.002131,0.002167,0.002234,0.002295,0.002562,0.002609,0.002633,0.002747,0.002851,0.002881,0.002924,0.002963,0.00298,0.002996,0.002989,0.002959976666666679,0.002974563333333327,0.0029820500000000004,0.0029916300000000094
1.4,0.002033,0.002052,0.002152,0.002189,0.002256,0.002318,0.002587,0.002633,0.002657,0.00277,0.002875,0.002904,0.002946,0.002984,0.003001,0.003017,0.00301,0.0029818266666666628,0.002997770000000004,0.0030075033333333465,0.0030142499999999926
1.404,0.002054,0.002075,0.002174,0.002211,0.002279,0.002341,0.002612,0.002657,0.002681,0.002794,0.002898,0.002926,0.002969,0.003006,0.003023,0.003038,0.003032,0.0030056133333333226,0.0030197699999999984,0.0030240966666666633,0.0030354000000000045
1.408,0.002076,0.002097,0.002197,0.002234,0.002302,0.002365,0.002637,0.002682,0.002705,0.002818,0.00292,0.002949,0.002991,0.003028,0.003046,0.00306,0.003053,0.0030282233333333367,0.0030429966666666625,0.003051703333333321,0.0030589899999999915
1.412,0.002097,0.002118,0.00222,0.002257,0.002326,0.002389,0.002662,0.002706,0.002728,0.002841,0.002943,0.002972,0.003014,0.003051,0.003068,0.003081,0.003074,0.0030464633333333463,0.0030614833333333247,0.0030718533333333295,0.003077850000000006
1.416,0.002119,0.00214,0.002243,0.00228,0.00235,0.002413,0.002687,0.00273,0.002753,0.002865,0.002966,0.002995,0.003036,0.003073,0.00309,0.003103,0.003096,0.0030694299999999976,0.00308784333333334,0.00310885333333333,0.0031070133333333254
1.42,0.002142,0.002162,0.002266,0.002304,0.002374,0.002436,0.002713,0.002755,0.002777,0.002888,0.00299,0.003018,0.003059,0.003096,0.003112,0.003125,0.003118,0.0030947033333333283,0.003112706666666667,0.003137523333333344,0.0031317933333333235
1.424,0.002165,0.002185,0.00229,0.002328,0.002398,0.00246,0.002738,0.00278,0.002801,0.002912,0.003014,0.003041,0.003082,0.003118,0.003135,0.003147,0.00314,0.0031174599999999894,0.003137789999999996,0.0031645000000000037,0.003163383333333339
1.428,0.002188,0.002208,0.002314,0.002352,0.002421,0.002484,0.002764,0.002805,0.002825,0.002935,0.003037,0.003065,0.003105,0.00314,0.003157,0.003169,0.003161,0.003137230000000002,0.003155549999999993,0.0031801933333333245,0.0031736533333333304
1.432,0.002211,0.002232,0.002338,0.002376,0.002445,0.002508,0.00279,0.002829,0.002849,0.002959,0.00306,0.003088,0.003128,0.003162,0.003179,0.003191,0.003183,0.0031545566666666643,0.003172883333333342,0.003196496666666682,0.00318828666666668
1.436,0.002235,0.002255,0.002362,0.0024,0.002469,0.002532,0.002815,0.002853,0.002873,0.002983,0.003084,0.003111,0.003151,0.003185,0.003201,0.003213,0.003205,0.0031779133333333276,0.003197063333333339,0.003220296666666675,0.003213180000000008
1.44,0.002259,0.002278,0.002386,0.002424,0.002493,0.002556,0.00284,0.0028770000000000002,0.002896,0.003006,0.003107,0.003134,0.003173,0.003207,0.003224,0.003235,0.003227,0.003203126666666658,0.0032208866666666685,0.0032472066666666575,0.0032387866666666585
1.444,0.002283,0.002302,0.00241,0.002448,0.002518,0.00258,0.002865,0.002901,0.00292,0.00303,0.00313,0.003157,0.003196,0.003229,0.003247,0.003257,0.003249,0.0032244400000000094,0.003243623333333331,0.00327003333333332,0.003261406666666652
1.448,0.002308,0.002326,0.002434,0.002473,0.002542,0.002605,0.002889,0.002925,0.002944,0.003053,0.003153,0.00318,0.003219,0.003252,0.003269,0.003279,0.003271,0.003248633333333346,0.003266843333333326,0.003290286666666671,0.0032805700000000117
1.452,0.002332,0.00235,0.002459,0.002497,0.002566,0.002629,0.002914,0.00295,0.002968,0.003077,0.003176,0.003203,0.003241,0.003274,0.003291,0.003301,0.003293,0.0032681166666666704,0.003284440000000011,0.0033095066666666653,0.0032988133333333287
1.456,0.002357,0.002374,0.002483,0.002521,0.002591,0.002654,0.002939,0.002973,0.002991,0.0031,0.003199,0.003225,0.003264,0.003296,0.003314,0.003323,0.003315,0.003289819999999995,0.0033073233333333445,0.0033338566666666586,0.003324839999999989
1.46,0.002382,0.002397,0.002507,0.002546,0.002616,0.002679,0.002963,0.002997,0.003015,0.003123,0.003222,0.003248,0.003286,0.003318,0.003335,0.003344,0.003336,0.0033154566666666776,0.0033333266666666587,0.0033563900000000047,0.0033473000000000014
1.464,0.002407,0.002421,0.002531,0.00257,0.002641,0.002704,0.002988,0.003021,0.003038,0.003146,0.003245,0.00327,0.003308,0.00334,0.003357,0.003366,0.003358,0.0033364500000000056,0.003352660000000016,0.003377803333333321,0.0033677733333333216
1.468,0.002432,0.002444,0.002556,0.002595,0.002666,0.002729,0.003012,0.003044,0.003061,0.003168,0.003267,0.003293,0.00333,0.003361,0.003378,0.003388,0.003379,0.0033568166666666562,0.00337285333333333,0.0033984633333333176,0.003387643333333338
1.472,0.002456,0.002468,0.00258,0.00262,0.002691,0.002754,0.003036,0.003067,0.003084,0.003191,0.00329,0.003315,0.003352,0.003383,0.0034,0.003409,0.0034,0.0033813466666666775,0.0033998833333333217,0.0034208866666666634,0.0034134033333333234
1.476,0.002481,0.002492,0.002605,0.002644,0.002716,0.002779,0.00306,0.003091,0.003107,0.003214,0.003312,0.003336,0.003374,0.003404,0.003421,0.003431,0.003422,0.0034020433333333253,0.0034192899999999954,0.0034425433333333216,0.0034345166666666736
1.48,0.002506,0.002516,0.00263,0.002669,0.002742,0.002803,0.003083,0.003114,0.00313,0.003236,0.003333,0.003358,0.003395,0.003426,0.003443,0.003452,0.003443,0.003423500000000006,0.0034412633333333197,0.0034628433333333355,0.0034545366666666587
1.484,0.002531,0.002541,0.002655,0.002694,0.002767,0.002827,0.003107,0.003137,0.003152,0.003258,0.003355,0.003379,0.003417,0.003447,0.003464,0.003473,0.003464,0.0034423266666666567,0.003459166666666668,0.0034815166666666577,0.0034709266666666746
1.488,0.002556,0.002565,0.00268,0.002719,0.002792,0.002851,0.00313,0.003159,0.003175,0.00328,0.003376,0.003401,0.003438,0.003468,0.003485,0.003494,0.003485,0.0034640133333333446,0.0034810866666666537,0.003504370000000003,0.0034930166666666553
1.492,0.002582,0.00259,0.002705,0.002743,0.002816,0.002876,0.003153,0.003182,0.003197,0.003302,0.003398,0.003422,0.00346,0.003489,0.003506,0.003514,0.003506,0.0034884133333333268,0.00350655666666667,0.0035238033333333417,0.0035163900000000047
1.496,0.002608,0.002615,0.00273,0.002767,0.00284,0.0029,0.003176,0.003204,0.003219,0.003323,0.003419,0.003443,0.00348,0.003509,0.003526,0.003534,0.003526,0.003505729999999995,0.0035222766666666698,0.0035442733333333402,0.0035344166666666688
1.5,0.002634,0.002639,0.002755,0.002791,0.002864,0.002924,0.003199,0.003226,0.003241,0.003344,0.00344,0.003464,0.003501,0.003529,0.003546,0.003553,0.003545,0.0035243366666666666,0.003539276666666683,0.0035701033333333373,0.003557666666666673
