Voltage,1,2,3,5,10,15,20,25,30,40,50,60,80,100,120,200,250,100_pred,120_pred,200_pred,250_pred
-0.996,0.001123,0.001123,0.001042,0.001158,0.001229,0.001247,0.001275,0.001309,0.001332,0.001367,0.001398,0.001432,0.001496,0.001568,0.001601,0.001684,0.001553,0.0015668466666666713,0.0016015933333333376,0.0016874200000000054,0.0015618900000000074
-0.992,0.001112,0.001112,0.001033,0.001147,0.001218,0.001236,0.001264,0.001298,0.001321,0.001356,0.001388,0.001421,0.001485,0.001555,0.001589,0.001672,0.001542,0.001553763333333325,0.00158933666666667,0.0016752166666666724,0.0015494233333333287
-0.988,0.001101,0.001101,0.001025,0.001137,0.001208,0.001226,0.001254,0.001287,0.00131,0.001345,0.001377,0.00141,0.001474,0.001544,0.001578,0.001661,0.001533,0.0015431066666666629,0.0015783700000000056,0.0016638900000000075,0.0015396600000000024
-0.984,0.001092,0.001092,0.001017,0.001128,0.001198,0.001216,0.001244,0.001277,0.001301,0.001335,0.001368,0.001401,0.001464,0.001533,0.001567,0.001651,0.001524,0.0015335566666666702,0.0015688566666666652,0.0016550166666666735,0.0015316600000000067
-0.98,0.001083,0.001083,0.00101,0.001119,0.001189,0.001207,0.001236,0.001268,0.001292,0.001327,0.001359,0.001392,0.001455,0.001523,0.001557,0.001641,0.001515,0.0015236099999999997,0.0015587133333333251,0.0016446666666666688,0.0015210166666666618
-0.976,0.001074,0.001074,0.001004,0.001111,0.00118,0.001199,0.001228,0.00126,0.001284,0.001319,0.001351,0.001384,0.001447,0.001514,0.001548,0.001633,0.001507,0.0015136166666666702,0.0015486133333333294,0.0016350533333333304,0.0015122766666666634
-0.972,0.001066,0.001066,0.0009979,0.001104,0.001172,0.001192,0.00122,0.001253,0.001277,0.001312,0.001344,0.001377,0.00144,0.001506,0.001539,0.001625,0.0015,0.0015054466666666706,0.0015393566666666734,0.0016263866666666625,0.001503283333333334
-0.968,0.001059,0.001059,0.0009925,0.001098,0.001165,0.001185,0.001214,0.001246,0.001271,0.001305,0.001337,0.00137,0.001433,0.001498,0.001531,0.001618,0.001494,0.001498610000000001,0.001532486666666671,0.0016202100000000043,0.0014979299999999984
-0.964,0.001053,0.001053,0.0009874,0.001092,0.001159,0.001179,0.001208,0.00124,0.001265,0.001299,0.001331,0.001364,0.001427,0.001491,0.001525,0.001611,0.001488,0.001491806666666673,0.0015263033333333337,0.0016137299999999949,0.0014925799999999966
-0.96,0.001047,0.001047,0.0009827,0.001086,0.001153,0.001174,0.001202,0.001235,0.001259,0.001293,0.001326,0.001359,0.001421,0.001485,0.001518,0.001605,0.001483,0.001485550000000003,0.001519560000000004,0.0016073433333333399,0.0014882033333333375
-0.956,0.001042,0.001042,0.0009784,0.001081,0.001148,0.001168,0.001197,0.001229,0.001254,0.001289,0.00132,0.001354,0.001416,0.001479,0.001513,0.001599,0.001478,0.001479473333333337,0.0015137233333333284,0.0016006566666666698,0.001482156666666661
-0.952,0.001037,0.001037,0.0009743,0.001076,0.001143,0.001163,0.001192,0.001224,0.001249,0.001284,0.001316,0.001349,0.001411,0.001474,0.001507,0.001594,0.001473,0.0014745866666666613,0.0015082599999999963,0.0015960899999999981,0.0014764866666666678
-0.948,0.001032,0.001032,0.0009708,0.001072,0.001138,0.001159,0.001188,0.00122,0.001245,0.001279,0.001311,0.001344,0.001406,0.001469,0.001502,0.001589,0.001468,0.0014691966666666666,0.0015027500000000028,0.0015905266666666684,0.0014705766666666732
-0.944,0.001027,0.001027,0.0009676,0.001068,0.001133,0.001155,0.001184,0.001215,0.001241,0.001275,0.001307,0.00134,0.001402,0.001464,0.001497,0.001584,0.001464,0.001464233333333338,0.0014975566666666754,0.0015853099999999926,0.001465870000000006
-0.94,0.001023,0.001023,0.0009644,0.001064,0.001129,0.001151,0.00118,0.001212,0.001238,0.001271,0.001303,0.001336,0.001398,0.00146,0.001493,0.00158,0.00146,0.0014599566666666705,0.0014933600000000063,0.001581183333333339,0.0014619466666666706
-0.936,0.001019,0.001019,0.0009616,0.001061,0.001126,0.001148,0.001177,0.001208,0.001234,0.001268,0.0013,0.001333,0.001394,0.001456,0.001489,0.001577,0.001457,0.001456280000000006,0.0014893700000000044,0.0015775566666666654,0.0014581266666666634
-0.932,0.001016,0.001016,0.0009592,0.001058,0.001123,0.001145,0.001174,0.001205,0.001231,0.001265,0.001297,0.00133,0.001391,0.001453,0.001485,0.001573,0.001454,0.0014532966666666654,0.0014858533333333341,0.0015742466666666642,0.0014556333333333362
-0.928,0.001013,0.001013,0.000957,0.001055,0.00112,0.001142,0.001171,0.001203,0.001229,0.001262,0.001294,0.001327,0.001388,0.00145,0.001482,0.00157,0.001451,0.0014499533333333372,0.0014824499999999965,0.0015707766666666694,0.001452479999999994
-0.924,0.00101,0.00101,0.0009549,0.001052,0.001117,0.001139,0.001168,0.0012,0.001226,0.001259,0.001291,0.001324,0.001386,0.001447,0.001479,0.001567,0.001449,0.001447066666666662,0.0014795466666666683,0.0015679399999999975,0.001450213333333327
-0.92,0.001007,0.001007,0.000953,0.001049,0.001114,0.001137,0.001166,0.001198,0.001224,0.001257,0.001289,0.001322,0.001383,0.001444,0.001476,0.001565,0.001446,0.0014440966666666667,0.0014764866666666604,0.0015655466666666647,0.0014471566666666657
-0.916,0.001004,0.001004,0.0009511,0.001047,0.001112,0.001135,0.001163,0.001195,0.001221,0.001255,0.001287,0.00132,0.001381,0.001442,0.001474,0.001562,0.001444,0.0014420733333333333,0.001474366666666658,0.0015628300000000042,0.001444926666666666
-0.912,0.001002,0.001002,0.0009496,0.001045,0.00111,0.001133,0.001162,0.001193,0.001219,0.001253,0.001284,0.001318,0.001379,0.00144,0.001472,0.00156,0.001442,0.0014399133333333313,0.0014720766666666586,0.001560470000000003,0.0014426166666666662
-0.908,0.001,0.001,0.0009484,0.001044,0.001108,0.001131,0.00116,0.001192,0.001218,0.001251,0.001283,0.001316,0.001378,0.001438,0.00147,0.001559,0.001441,0.0014381733333333308,0.0014703033333333395,0.001559353333333327,0.0014415900000000058
-0.904,0.0009985,0.0009985,0.0009476,0.001043,0.001107,0.00113,0.001159,0.00119,0.001216,0.00125,0.001282,0.001315,0.001376,0.001437,0.001468,0.001557,0.00144,0.0014366500000000035,0.0014683433333333405,0.0015573633333333253,0.0014402766666666658
-0.9,0.0009969,0.0009969,0.0009468,0.001041,0.001105,0.001129,0.001158,0.001189,0.001215,0.001249,0.001281,0.001314,0.001375,0.001435,0.001467,0.001556,0.001439,0.0014349333333333368,0.0014671500000000008,0.001556156666666664,0.0014391600000000044
-0.896,0.0009954,0.0009954,0.0009462,0.00104,0.001104,0.001128,0.001157,0.001188,0.001214,0.001247,0.00128,0.001313,0.001374,0.001434,0.001466,0.001555,0.001438,0.0014340833333333302,0.0014662633333333381,0.0015552633333333246,0.0014382699999999989
-0.892,0.0009942,0.0009942,0.0009456,0.00104,0.001103,0.001127,0.001156,0.001187,0.001213,0.001246,0.001279,0.001312,0.001373,0.001433,0.001465,0.001554,0.001437,0.0014329533333333358,0.0014650999999999963,0.001554109999999999,0.0014372166666666711
-0.888,0.0009932,0.0009932,0.0009453,0.001039,0.001102,0.001126,0.001155,0.001187,0.001213,0.001246,0.001278,0.001311,0.001372,0.001432,0.001465,0.001553,0.001437,0.0014321866666666618,0.0014649033333333297,0.0015533166666666745,0.0014369566666666714
-0.884,0.0009924,0.0009924,0.0009452,0.001038,0.001102,0.001126,0.001155,0.001186,0.001213,0.001245,0.001278,0.001311,0.001372,0.001432,0.001464,0.001553,0.001436,0.001432003333333327,0.0014642400000000034,0.001553113333333344,0.0014362966666666658
-0.88,0.0009917,0.0009917,0.0009453,0.001038,0.001101,0.001125,0.001154,0.001186,0.001212,0.001245,0.001278,0.00131,0.001372,0.001432,0.001464,0.001553,0.001436,0.0014318066666666619,0.0014640366666666725,0.0015530300000000114,0.0014361266666666642
-0.876,0.0009912,0.0009912,0.0009454,0.001038,0.001101,0.001125,0.001154,0.001186,0.001212,0.001245,0.001277,0.00131,0.001372,0.001431,0.001464,0.001553,0.001436,0.0014311933333333348,0.0014640166666666724,0.0015530100000000118,0.0014360699999999968
-0.872,0.0009909,0.0009909,0.0009457,0.001038,0.001101,0.001125,0.001154,0.001186,0.001212,0.001245,0.001277,0.00131,0.001372,0.001431,0.001464,0.001553,0.001436,0.0014312500000000007,0.0014640333333333386,0.0015530333333333443,0.0014361766666666647
-0.868,0.0009907,0.0009907,0.0009462,0.001038,0.001101,0.001126,0.001154,0.001186,0.001212,0.001245,0.001278,0.00131,0.001372,0.001432,0.001464,0.001553,0.001437,0.0014318866666666607,0.0014641100000000048,0.0015531300000000102,0.001436823333333338
-0.864,0.0009907,0.0009907,0.0009468,0.001038,0.001101,0.001126,0.001155,0.001186,0.001213,0.001246,0.001278,0.001311,0.001372,0.001432,0.001465,0.001554,0.001437,0.0014320433333333271,0.0014647666666666643,0.001553770000000003,0.001437016666666672
-0.86,0.0009909,0.0009909,0.0009475,0.001039,0.001102,0.001127,0.001155,0.001187,0.001213,0.001246,0.001279,0.001312,0.001373,0.001433,0.001465,0.001555,0.001438,0.0014329166666666678,0.0014651899999999964,0.001554716666666661,0.0014378100000000005
-0.856,0.0009913,0.0009913,0.0009482,0.001039,0.001102,0.001127,0.001156,0.001187,0.001214,0.001247,0.00128,0.001312,0.001374,0.001434,0.001467,0.001556,0.001439,0.0014338899999999967,0.001466659999999998,0.0015557566666666652,0.0014387700000000052
-0.852,0.0009918,0.0009918,0.000949,0.00104,0.001103,0.001128,0.001157,0.001188,0.001215,0.001247,0.00128,0.001313,0.001375,0.001435,0.001468,0.001557,0.00144,0.0014348633333333383,0.0014678333333333399,0.0015568466666666593,0.0014398399999999995
-0.848,0.0009924,0.0009924,0.0009498,0.00104,0.001104,0.001128,0.001157,0.001189,0.001216,0.001248,0.001281,0.001314,0.001375,0.001435,0.001469,0.001558,0.001441,0.0014351966666666727,0.0014687166666666677,0.0015577166666666657,0.0014407000000000055
-0.844,0.000993,0.000993,0.0009508,0.001041,0.001105,0.001129,0.001158,0.00119,0.001217,0.001249,0.001282,0.001315,0.001377,0.001436,0.00147,0.001559,0.001442,0.0014361866666666656,0.0014697100000000069,0.0015587533333333268,0.0014417233333333336
-0.84,0.0009936,0.0009936,0.0009519,0.001042,0.001106,0.00113,0.001159,0.001191,0.001218,0.001251,0.001283,0.001316,0.001378,0.001438,0.001471,0.001561,0.001444,0.0014377666666666642,0.0014707366666666679,0.001560409999999994,0.0014433000000000004
-0.836,0.0009946,0.0009946,0.0009532,0.001043,0.001107,0.001132,0.00116,0.001192,0.001219,0.001252,0.001285,0.001317,0.001379,0.001439,0.001472,0.001562,0.001445,0.0014390600000000046,0.0014719599999999922,0.0015617500000000026,0.0014446266666666603
-0.832,0.0009956,0.0009956,0.0009547,0.001045,0.001108,0.001133,0.001162,0.001194,0.00122,0.001253,0.001286,0.001319,0.001381,0.001441,0.001474,0.001564,0.001447,0.0014407833333333405,0.0014737466666666574,0.0015635366666666727,0.0014464233333333256
-0.828,0.0009968,0.0009968,0.0009562,0.001046,0.001109,0.001134,0.001163,0.001195,0.001222,0.001255,0.001288,0.00132,0.001382,0.001442,0.001476,0.001566,0.001449,0.0014421600000000011,0.0014757733333333257,0.0015655866666666734,0.0014484699999999934
-0.824,0.0009981,0.0009981,0.0009577,0.001047,0.001111,0.001136,0.001165,0.001197,0.001223,0.001256,0.00129,0.001322,0.001384,0.001444,0.001478,0.001568,0.001451,0.001444130000000001,0.0014778633333333256,0.00156767333333334,0.0014504566666666608
-0.82,0.0009996,0.0009996,0.0009594,0.001049,0.001112,0.001137,0.001167,0.001198,0.001225,0.001258,0.001291,0.001323,0.001386,0.001446,0.00148,0.00157,0.001453,0.0014458300000000012,0.0014795599999999946,0.0015692533333333365,0.0014521533333333278
-0.816,0.001001,0.001001,0.000961,0.00105,0.001114,0.001139,0.001168,0.0012,0.001227,0.00126,0.001293,0.001325,0.001388,0.001448,0.001482,0.001571,0.001455,0.0014478733333333365,0.0014816566666666622,0.0015707366666666623,0.001454273333333329
-0.812,0.001003,0.001003,0.0009628,0.001052,0.001116,0.001141,0.00117,0.001201,0.001228,0.001261,0.001295,0.001327,0.001389,0.00145,0.001484,0.001573,0.001457,0.0014498600000000053,0.001483649999999996,0.001572669999999997,0.0014562266666666593
-0.808,0.001004,0.001004,0.0009647,0.001054,0.001117,0.001143,0.001172,0.001203,0.00123,0.001263,0.001297,0.001329,0.001391,0.001452,0.001486,0.001576,0.001459,0.001451750000000005,0.0014854599999999934,0.001574996666666671,0.0014578866666666607
-0.804,0.001007,0.001007,0.0009666,0.001056,0.001119,0.001145,0.001174,0.001205,0.001232,0.001265,0.001299,0.001331,0.001394,0.001454,0.001488,0.001578,0.001462,0.001453790000000006,0.0014876733333333272,0.0015774500000000074,0.0014608766666666694
-0.8,0.001009,0.001009,0.0009689,0.001058,0.001121,0.001147,0.001176,0.001208,0.001235,0.001268,0.001301,0.001333,0.001396,0.001457,0.001491,0.001581,0.001464,0.0014568266666666616,0.0014907966666666713,0.001580536666666665,0.0014632833333333374
-0.796,0.001011,0.001011,0.0009711,0.00106,0.001124,0.001149,0.001178,0.00121,0.001237,0.00127,0.001303,0.001336,0.001398,0.001459,0.001494,0.001584,0.001467,0.0014587499999999946,0.0014932966666666664,0.0015831533333333263,0.0014666966666666665
-0.792,0.001013,0.001013,0.0009735,0.001062,0.001126,0.001151,0.001181,0.001212,0.001239,0.001272,0.001306,0.001338,0.001401,0.001462,0.001497,0.001587,0.00147,0.0014616733333333361,0.0014962700000000072,0.0015859700000000003,0.0014701900000000077
-0.788,0.001016,0.001016,0.000976,0.001065,0.001128,0.001154,0.001183,0.001214,0.001242,0.001275,0.001308,0.001341,0.001403,0.001465,0.001499,0.00159,0.001473,0.0014652099999999978,0.0014992166666666616,0.0015892833333333277,0.0014757000000000025
-0.784,0.001018,0.001018,0.0009785,0.001067,0.001131,0.001156,0.001185,0.001217,0.001244,0.001277,0.001311,0.001343,0.001406,0.001467,0.001502,0.001593,0.001476,0.0014675599999999982,0.0015019366666666686,0.0015921866666666693,0.0014806666666666642
-0.78,0.001021,0.001021,0.0009811,0.00107,0.001133,0.001159,0.001188,0.00122,0.001247,0.00128,0.001314,0.001346,0.001409,0.00147,0.001506,0.001596,0.001479,0.001470396666666672,0.0015055200000000026,0.0015951333333333276,0.0014833733333333365
-0.776,0.001024,0.001024,0.0009839,0.001072,0.001136,0.001161,0.001191,0.001222,0.00125,0.001283,0.001317,0.001349,0.001412,0.001474,0.001509,0.001599,0.001483,0.001474079999999995,0.0015087966666666641,0.0015986433333333354,0.0014866333333333382
-0.772,0.001027,0.001027,0.0009865,0.001075,0.001139,0.001164,0.001194,0.001225,0.001253,0.001286,0.001319,0.001352,0.001415,0.001477,0.001512,0.001602,0.001486,0.0014771900000000015,0.0015120700000000055,0.0016017299999999976,0.0014881266666666609
-0.768,0.00103,0.00103,0.0009895,0.001078,0.001142,0.001167,0.001197,0.001228,0.001255,0.001289,0.001323,0.001355,0.001418,0.00148,0.001516,0.001606,0.00149,0.0014804433333333318,0.0015161733333333366,0.0016065766666666656,0.0014950166666666614
-0.764,0.001033,0.001033,0.0009927,0.001081,0.001145,0.00117,0.0012,0.001231,0.001258,0.001292,0.001326,0.001358,0.001422,0.001483,0.001519,0.00161,0.001494,0.0014831200000000047,0.0015186533333333312,0.0016094400000000006,0.0014976133333333304
-0.76,0.001037,0.001037,0.0009959,0.001084,0.001148,0.001173,0.001203,0.001234,0.001262,0.001296,0.001329,0.001361,0.001425,0.001487,0.001523,0.001614,0.001498,0.0014874566666666703,0.0015227433333333317,0.0016136466666666692,0.0015039000000000003
-0.756,0.00104,0.00104,0.0009991,0.001087,0.001151,0.001176,0.001206,0.001237,0.001265,0.001299,0.001333,0.001365,0.001429,0.001491,0.001527,0.001618,0.001502,0.0014910833333333403,0.001526726666666667,0.0016172466666666706,0.001502790000000002
-0.752,0.001044,0.001044,0.001002,0.00109,0.001154,0.001179,0.001209,0.001241,0.001268,0.001302,0.001336,0.001368,0.001432,0.001495,0.001531,0.001622,0.001506,0.0014941233333333407,0.0015298433333333363,0.0016204266666666738,0.0015043333333333367
-0.748,0.001047,0.001047,0.001005,0.001093,0.001157,0.001182,0.001212,0.001244,0.001272,0.001306,0.00134,0.001372,0.001436,0.001498,0.001535,0.001626,0.00151,0.0014979466666666687,0.0015341900000000052,0.0016246933333333381,0.0015086300000000045
-0.744,0.00105,0.00105,0.001009,0.001096,0.00116,0.001186,0.001216,0.001247,0.001275,0.001309,0.001343,0.001375,0.00144,0.001502,0.001539,0.00163,0.001514,0.0015021466666666693,0.001538556666666674,0.0016292200000000065,0.0015150800000000037
-0.74,0.001054,0.001054,0.001012,0.001099,0.001163,0.001189,0.001219,0.001251,0.001279,0.001313,0.001347,0.001379,0.001444,0.001506,0.001543,0.001634,0.001518,0.001505900000000004,0.0015423600000000046,0.0016331500000000068,0.0015196200000000056
-0.736,0.001057,0.001057,0.001015,0.001102,0.001167,0.001192,0.001223,0.001254,0.001283,0.001317,0.001351,0.001383,0.001448,0.00151,0.001548,0.001638,0.001522,0.0015098133333333388,0.001546823333333331,0.0016368766666666598,0.0015252500000000064
-0.732,0.001061,0.001061,0.001019,0.001106,0.00117,0.001196,0.001226,0.001258,0.001286,0.00132,0.001355,0.001387,0.001452,0.001514,0.001552,0.001643,0.001527,0.0015147833333333375,0.0015520233333333317,0.0016423866666666685,0.0015305533333333345
-0.728,0.001064,0.001064,0.001022,0.001109,0.001174,0.001199,0.00123,0.001261,0.00129,0.001324,0.001358,0.001391,0.001456,0.001518,0.001556,0.001648,0.001531,0.0015181666666666716,0.0015556233333333322,0.001646389999999997,0.0015299433333333349
-0.724,0.001068,0.001068,0.001026,0.001112,0.001178,0.001203,0.001234,0.001265,0.001294,0.001328,0.001362,0.001395,0.00146,0.001522,0.001561,0.001652,0.001536,0.0015226466666666727,0.0015608899999999945,0.0016516966666666622,0.0015360766666666632
-0.72,0.001072,0.001072,0.001029,0.001116,0.001181,0.001207,0.001238,0.001269,0.001297,0.001332,0.001366,0.001399,0.001464,0.001527,0.001565,0.001657,0.001541,0.0015269266666666685,0.0015645599999999954,0.0016553800000000053,0.0015395200000000026
-0.716,0.001075,0.001075,0.001033,0.001119,0.001185,0.001211,0.001242,0.001273,0.001301,0.001336,0.001371,0.001403,0.001468,0.001531,0.00157,0.001662,0.001545,0.0015307566666666699,0.0015691000000000019,0.0016604799999999998,0.0015436000000000052
-0.712,0.001079,0.001079,0.001037,0.001123,0.001189,0.001215,0.001245,0.001277,0.001306,0.00134,0.001375,0.001407,0.001473,0.001536,0.001574,0.001666,0.00155,0.001535273333333331,0.0015731333333333381,0.0016645133333333339,0.0015480633333333322
-0.708,0.001083,0.001083,0.00104,0.001127,0.001193,0.001219,0.001249,0.001281,0.00131,0.001345,0.001379,0.001412,0.001477,0.001541,0.001579,0.001671,0.001555,0.0015398833333333357,0.0015775866666666652,0.001669036666666663,0.0015536199999999936
-0.704,0.001087,0.001087,0.001044,0.001131,0.001197,0.001223,0.001254,0.001285,0.001314,0.001349,0.001384,0.001416,0.001482,0.001545,0.001584,0.001676,0.00156,0.0015448066666666706,0.001583219999999993,0.0016748966666666717,0.001559320000000001
-0.7,0.001091,0.001091,0.001048,0.001135,0.001201,0.001227,0.001258,0.00129,0.001319,0.001354,0.001388,0.001421,0.001487,0.00155,0.001589,0.001682,0.001565,0.0015495499999999974,0.0015879900000000011,0.0016797533333333381,0.001562309999999996
-0.696,0.001095,0.001095,0.001052,0.001139,0.001205,0.001232,0.001263,0.001294,0.001323,0.001358,0.001393,0.001426,0.001491,0.001555,0.001595,0.001687,0.001571,0.0015550199999999923,0.0015940066666666722,0.0016856766666666664,0.0015710733333333287
-0.692,0.001099,0.001099,0.001056,0.001143,0.00121,0.001236,0.001267,0.001299,0.001328,0.001363,0.001398,0.001431,0.001497,0.00156,0.0016,0.001692,0.001576,0.0015595000000000014,0.001598623333333332,0.0016900333333333406,0.0015741500000000042
-0.688,0.001103,0.001103,0.00106,0.001147,0.001215,0.001241,0.001272,0.001304,0.001333,0.001368,0.001403,0.001436,0.001502,0.001566,0.001605,0.001698,0.001581,0.0015668300000000052,0.0016053433333333375,0.0016983166666666612,0.001587796666666668
-0.684,0.001108,0.001108,0.001065,0.001152,0.001219,0.001245,0.001277,0.001309,0.001338,0.001373,0.001409,0.001441,0.001507,0.001571,0.001611,0.001704,0.001587,0.0015712066666666632,0.001610139999999993,0.0017025566666666629,0.001588423333333337
-0.68,0.001113,0.001113,0.001069,0.001156,0.001224,0.00125,0.001282,0.001314,0.001344,0.001379,0.001414,0.001447,0.001513,0.001577,0.001617,0.001709,0.001593,0.00157770333333333,0.00161681666666666,0.0017088600000000028,0.001598840000000003
-0.676,0.001117,0.001117,0.001074,0.001161,0.001229,0.001255,0.001287,0.001319,0.001349,0.001384,0.001419,0.001452,0.001518,0.001583,0.001623,0.001715,0.001598,0.0015827133333333335,0.0016222366666666628,0.001714833333333339,0.001602843333333329
-0.672,0.001122,0.001122,0.001078,0.001166,0.001234,0.001261,0.001292,0.001325,0.001354,0.00139,0.001425,0.001458,0.001524,0.001589,0.001629,0.001722,0.001604,0.0015888966666666707,0.0016286999999999966,0.0017217333333333362,0.001608403333333329
-0.668,0.001127,0.001127,0.001083,0.001171,0.00124,0.001266,0.001298,0.00133,0.00136,0.001395,0.001431,0.001464,0.00153,0.001595,0.001636,0.001728,0.00161,0.0015954266666666746,0.0016357833333333406,0.0017285500000000027,0.001615503333333333
-0.664,0.001132,0.001132,0.001088,0.001176,0.001245,0.001271,0.001304,0.001336,0.001366,0.001401,0.001437,0.001469,0.001536,0.001601,0.001642,0.001734,0.001616,0.0016011166666666742,0.0016418633333333298,0.0017339066666666732,0.0016210233333333378
-0.66,0.001137,0.001137,0.001093,0.001181,0.00125,0.001277,0.001309,0.001342,0.001372,0.001407,0.001443,0.001476,0.001543,0.001607,0.001649,0.001741,0.001622,0.0016078100000000081,0.0016487500000000044,0.0017402299999999997,0.001633070000000006
-0.656,0.001142,0.001142,0.001098,0.001186,0.001256,0.001283,0.001315,0.001348,0.001377,0.001414,0.001449,0.001482,0.001549,0.001614,0.001656,0.001748,0.001629,0.0016139666666666714,0.001655119999999998,0.0017474633333333415,0.0016403499999999975
-0.652,0.001147,0.001147,0.001104,0.001191,0.001262,0.001288,0.001321,0.001354,0.001383,0.00142,0.001455,0.001488,0.001555,0.00162,0.001663,0.001755,0.001635,0.0016192466666666717,0.0016612100000000071,0.0017545766666666699,0.0016469399999999982
-0.648,0.001152,0.001152,0.001109,0.001197,0.001267,0.001294,0.001327,0.00136,0.00139,0.001426,0.001462,0.001495,0.001562,0.001627,0.00167,0.001762,0.001641,0.0016245566666666645,0.0016657233333333369,0.0017538799999999995,0.0016495766666666677
-0.644,0.001157,0.001157,0.001114,0.001202,0.001273,0.0013,0.001333,0.001366,0.001396,0.001432,0.001468,0.001501,0.001568,0.001634,0.001677,0.001769,0.001648,0.0016303766666666735,0.0016718766666666647,0.0017533033333333391,0.0016555499999999963
-0.64,0.001162,0.001162,0.00112,0.001207,0.001279,0.001306,0.001339,0.001372,0.001402,0.001439,0.001475,0.001508,0.001575,0.001641,0.001684,0.001776,0.001654,0.0016412500000000027,0.0016820100000000053,0.0017726133333333324,0.0016708966666666631
-0.636,0.001167,0.001167,0.001125,0.001213,0.001284,0.001312,0.001346,0.001379,0.001408,0.001445,0.001481,0.001514,0.001581,0.001647,0.001691,0.001783,0.001661,0.0016456766666666709,0.0016871533333333332,0.0017776766666666602,0.0016698633333333394
-0.632,0.001173,0.001173,0.001131,0.001218,0.00129,0.001318,0.001352,0.001385,0.001415,0.001452,0.001487,0.00152,0.001588,0.001654,0.001698,0.00179,0.001668,0.0016539533333333304,0.0016970166666666615,0.0017889266666666695,0.0016744166666666682
-0.628,0.001178,0.001178,0.001136,0.001224,0.001297,0.001325,0.001358,0.001391,0.001421,0.001458,0.001494,0.001527,0.001595,0.001661,0.001705,0.001797,0.001675,0.001660056666666672,0.0017032666666666704,0.0017935366666666649,0.001677399999999997
-0.624,0.001183,0.001183,0.001142,0.00123,0.001303,0.001331,0.001364,0.001397,0.001428,0.001465,0.001501,0.001533,0.001601,0.001668,0.001712,0.001804,0.001682,0.0016671166666666689,0.0017103299999999984,0.0018018966666666742,0.0016865233333333359
-0.62,0.001188,0.001188,0.001148,0.001236,0.001309,0.001337,0.001371,0.001404,0.001434,0.001471,0.001508,0.00154,0.001608,0.001675,0.00172,0.001811,0.001689,0.0016737966666666637,0.001718296666666668,0.0018101400000000052,0.0016922533333333309
-0.616,0.001194,0.001194,0.001153,0.001241,0.001315,0.001343,0.001377,0.00141,0.00144,0.001478,0.001514,0.001547,0.001615,0.001682,0.001728,0.001819,0.001696,0.001680306666666671,0.0017252233333333354,0.0018166266666666704,0.0017023033333333271
-0.612,0.001199,0.001199,0.001159,0.001247,0.001321,0.001349,0.001383,0.001416,0.001447,0.001484,0.001521,0.001553,0.001621,0.001688,0.001735,0.001826,0.001703,0.0016867466666666746,0.0017326599999999963,0.0018236666666666631,0.0017094600000000023
-0.608,0.001204,0.001204,0.001165,0.001253,0.001327,0.001355,0.00139,0.001423,0.001453,0.001491,0.001527,0.00156,0.001628,0.001695,0.001743,0.001833,0.00171,0.0016950766666666683,0.0017420099999999972,0.001833153333333323,0.0017184199999999976
-0.604,0.001209,0.001209,0.001171,0.001258,0.001333,0.001361,0.001396,0.001429,0.00146,0.001497,0.001534,0.001567,0.001635,0.001702,0.00175,0.00184,0.001717,0.0016989333333333294,0.0017446166666666607,0.0018318866666666637,0.001728753333333338
-0.6,0.001214,0.001214,0.001177,0.001264,0.001339,0.001367,0.001403,0.001435,0.001466,0.001504,0.00154,0.001573,0.001642,0.001709,0.001758,0.001847,0.001724,0.0017043800000000032,0.0017501866666666639,0.0018322599999999974,0.0017315400000000015
-0.596,0.00122,0.00122,0.001183,0.00127,0.001345,0.001374,0.001409,0.001442,0.001473,0.00151,0.001547,0.00158,0.001649,0.001717,0.001765,0.001855,0.001731,0.0017127866666666709,0.001758803333333339,0.001840193333333333,0.0017362066666666658
-0.592,0.001225,0.001225,0.001189,0.001276,0.001351,0.00138,0.001415,0.001448,0.001479,0.001517,0.001554,0.001587,0.001655,0.001723,0.001773,0.001862,0.001738,0.0017158966666666615,0.0017620233333333424,0.001841593333333329,0.0017442233333333382
-0.588,0.00123,0.00123,0.001195,0.001281,0.001357,0.001386,0.001422,0.001455,0.001486,0.001524,0.00156,0.001593,0.001662,0.00173,0.00178,0.001869,0.001746,0.0017231366666666697,0.001769070000000004,0.0018491166666666703,0.001750633333333342
-0.584,0.001236,0.001236,0.001201,0.001287,0.001364,0.001393,0.001428,0.001461,0.001492,0.001531,0.001567,0.0016,0.001669,0.001737,0.001788,0.001877,0.001754,0.0017274266666666622,0.0017737000000000063,0.0018518400000000041,0.001758749999999999
-0.58,0.001241,0.001241,0.001208,0.001294,0.00137,0.001399,0.001435,0.001468,0.001499,0.001537,0.001574,0.001607,0.001676,0.001744,0.001796,0.001884,0.001761,0.0017374400000000046,0.0017846633333333398,0.0018670066666666664,0.0017749733333333403
-0.576,0.001247,0.001247,0.001214,0.0013,0.001376,0.001406,0.001442,0.001474,0.001506,0.001544,0.001581,0.001614,0.001683,0.001752,0.001804,0.001892,0.001769,0.0017458699999999946,0.0017934933333333407,0.0018738733333333345,0.0017769333333333408
-0.572,0.001253,0.001253,0.00122,0.001306,0.001383,0.001412,0.001448,0.001481,0.001513,0.001551,0.001588,0.001621,0.00169,0.001759,0.001812,0.001899,0.001777,0.001756330000000001,0.0018078366666666624,0.0018911833333333287,0.001795806666666661
-0.568,0.001258,0.001258,0.001227,0.001312,0.001389,0.001419,0.001455,0.001488,0.001519,0.001558,0.001595,0.001627,0.001697,0.001766,0.00182,0.001907,0.001785,0.0017585999999999986,0.0018096533333333306,0.0018843566666666626,0.0017978666666666632
-0.564,0.001264,0.001264,0.001234,0.001318,0.001396,0.001425,0.001462,0.001495,0.001527,0.001565,0.001602,0.001635,0.001704,0.001774,0.001828,0.001915,0.001793,0.0017684433333333331,0.0018220200000000001,0.0019035433333333329,0.0018084633333333307
-0.56,0.00127,0.00127,0.00124,0.001325,0.001403,0.001432,0.001469,0.001502,0.001534,0.001572,0.00161,0.001642,0.001711,0.001781,0.001836,0.001923,0.001801,0.0017740633333333286,0.001827753333333334,0.0019103166666666709,0.0018176066666666679
-0.556,0.001277,0.001277,0.001247,0.001331,0.00141,0.001439,0.001477,0.001509,0.001541,0.00158,0.001617,0.001649,0.001719,0.001789,0.001844,0.001931,0.001809,0.0017804666666666653,0.0018352433333333358,0.0019188466666666714,0.0018254966666666661
-0.552,0.001283,0.001283,0.001254,0.001338,0.001416,0.001447,0.001484,0.001516,0.001548,0.001587,0.001624,0.001657,0.001727,0.001797,0.001853,0.001939,0.001818,0.0017894599999999986,0.00184240333333333,0.0019188966666666748,0.0018305366666666596
-0.548,0.001289,0.001289,0.001261,0.001345,0.001423,0.001454,0.001491,0.001523,0.001555,0.001594,0.001632,0.001664,0.001734,0.001805,0.001861,0.001947,0.001827,0.0017994099999999972,0.0018542133333333333,0.0019334866666666662,0.0018362266666666711
-0.544,0.001296,0.001296,0.001268,0.001351,0.001431,0.001461,0.001499,0.001531,0.001563,0.001602,0.001639,0.001672,0.001742,0.001812,0.00187,0.001955,0.001835,0.0018062233333333295,0.001860853333333332,0.0019387866666666683,0.0018453333333333303
-0.54,0.001302,0.001302,0.001276,0.001359,0.001438,0.001468,0.001506,0.001538,0.00157,0.00161,0.001647,0.001679,0.00175,0.00182,0.001878,0.001963,0.001844,0.00181442333333333,0.0018717633333333338,0.001953626666666667,0.0018615433333333338
-0.536,0.001309,0.001309,0.001283,0.001366,0.001445,0.001476,0.001514,0.001546,0.001578,0.001617,0.001655,0.001687,0.001757,0.001828,0.001887,0.001972,0.001853,0.001821150000000001,0.0018772566666666723,0.001960659999999991,0.0018742633333333292
-0.532,0.001316,0.001316,0.001291,0.001373,0.001453,0.001483,0.001521,0.001553,0.001586,0.001625,0.001663,0.001695,0.001765,0.001836,0.001896,0.00198,0.001862,0.001832556666666666,0.0018881800000000051,0.00196949666666666,0.0018759599999999947
-0.528,0.001323,0.001323,0.001298,0.001381,0.001461,0.001491,0.001529,0.001561,0.001593,0.001633,0.001671,0.001703,0.001773,0.001844,0.001905,0.001989,0.001872,0.0018387966666666693,0.0018935933333333332,0.0019729600000000067,0.0018794266666666626
-0.524,0.00133,0.00133,0.001306,0.001388,0.001469,0.001499,0.001537,0.001569,0.001602,0.001641,0.001679,0.001711,0.001781,0.001853,0.001914,0.001998,0.001881,0.0018477633333333302,0.0019031866666666727,0.0019817300000000066,0.0018869033333333385
-0.52,0.001338,0.001338,0.001314,0.001396,0.001476,0.001507,0.001546,0.001577,0.00161,0.00165,0.001687,0.001719,0.00179,0.001861,0.001923,0.002007,0.001891,0.0018548466666666666,0.0019097000000000042,0.0019866166666666625,0.001897916666666659
-0.516,0.001345,0.001345,0.001322,0.001403,0.001484,0.001515,0.001554,0.001585,0.001618,0.001658,0.001696,0.001728,0.001798,0.00187,0.001932,0.002016,0.001901,0.0018657599999999997,0.0019220933333333346,0.002002180000000006,0.0019086866666666647
-0.512,0.001353,0.001353,0.00133,0.001411,0.001492,0.001523,0.001562,0.001593,0.001626,0.001666,0.001704,0.001736,0.001806,0.001879,0.001941,0.002025,0.00191,0.0018744066666666688,0.0019323733333333375,0.002011186666666673,0.0019104333333333356
-0.508,0.00136,0.00136,0.001338,0.001419,0.0015,0.001531,0.00157,0.001601,0.001634,0.001674,0.001712,0.001744,0.001815,0.001887,0.001951,0.002034,0.00192,0.001881940000000006,0.0019400333333333335,0.0020176666666666624,0.0019230866666666657
-0.504,0.001368,0.001368,0.001346,0.001427,0.001508,0.001539,0.001579,0.001609,0.001642,0.001683,0.00172,0.001753,0.001824,0.001896,0.00196,0.002044,0.00193,0.0018897066666666718,0.001946490000000001,0.0020225500000000027,0.0019320899999999937
-0.5,0.001375,0.001375,0.001354,0.001434,0.001516,0.001547,0.001587,0.001618,0.001651,0.001691,0.001729,0.001761,0.001832,0.001905,0.00197,0.002053,0.00194,0.0018980400000000012,0.0019562333333333426,0.0020319900000000043,0.0019397633333333364
-0.496,0.001382,0.001382,0.001361,0.001442,0.001524,0.001555,0.001595,0.001626,0.001659,0.001699,0.001738,0.00177,0.001841,0.001914,0.001979,0.002062,0.00195,0.0019082733333333384,0.0019671833333333335,0.0020446866666666724,0.0019523800000000031
-0.492,0.001389,0.001389,0.001369,0.001449,0.001531,0.001563,0.001603,0.001634,0.001667,0.001708,0.001746,0.001778,0.00185,0.001923,0.001989,0.002071,0.001961,0.0019168100000000042,0.001976283333333338,0.002053796666666671,0.001964483333333329
-0.488,0.001395,0.001395,0.001376,0.001456,0.001539,0.00157,0.001611,0.001642,0.001675,0.001716,0.001754,0.001786,0.001859,0.001931,0.001998,0.00208,0.001971,0.0019259133333333388,0.001987026666666672,0.002065450000000004,0.001974516666666661
-0.484,0.001401,0.001401,0.001382,0.001462,0.001546,0.001577,0.001619,0.001649,0.001683,0.001724,0.001762,0.001795,0.001867,0.00194,0.002007,0.002089,0.001981,0.001932806666666671,0.001994073333333331,0.002068953333333338,0.00197925666666667
-0.48,0.001406,0.001406,0.001388,0.001468,0.001553,0.001584,0.001626,0.001656,0.00169,0.001732,0.00177,0.001803,0.001875,0.001948,0.002016,0.002098,0.001991,0.0019406833333333333,0.002001780000000004,0.0020749866666666702,0.0019885300000000014
-0.476,0.001411,0.001411,0.001393,0.001474,0.001559,0.001591,0.001633,0.001663,0.001698,0.001739,0.001778,0.00181,0.001882,0.001956,0.002025,0.002107,0.002,0.00195189666666667,0.0020142400000000044,0.002090923333333337,0.0020073900000000017
-0.472,0.001415,0.001415,0.001398,0.00148,0.001566,0.001597,0.00164,0.00167,0.001705,0.001746,0.001785,0.001818,0.00189,0.001964,0.002033,0.002116,0.002009,0.0019617566666666666,0.00202649333333333,0.0021069433333333392,0.0020172466666666675
-0.468,0.001419,0.001419,0.001402,0.001485,0.001571,0.001603,0.001646,0.001677,0.001711,0.001753,0.001792,0.001825,0.001898,0.001972,0.002042,0.002124,0.002019,0.001968649999999991,0.002034463333333328,0.0021150533333333396,0.002026383333333328
-0.464,0.001422,0.001422,0.001407,0.001489,0.001577,0.001609,0.001652,0.001683,0.001718,0.00176,0.001799,0.001831,0.001905,0.00198,0.00205,0.002132,0.002028,0.001975006666666661,0.002038279999999997,0.002114706666666674,0.0020401299999999963
-0.46,0.001426,0.001426,0.001411,0.001494,0.001582,0.001615,0.001659,0.001689,0.001724,0.001767,0.001806,0.001838,0.001912,0.001987,0.002058,0.00214,0.002036,0.0019808633333333317,0.0020438933333333355,0.002116393333333334,0.0020421133333333344
-0.456,0.001429,0.001429,0.001415,0.001498,0.001587,0.001621,0.001665,0.001695,0.001731,0.001773,0.001813,0.001845,0.001919,0.001994,0.002066,0.002148,0.002045,0.0019902033333333347,0.0020555233333333393,0.00212976666666667,0.002052090000000001
-0.452,0.001432,0.001432,0.001419,0.001503,0.001593,0.001626,0.001671,0.001701,0.001737,0.00178,0.00182,0.001852,0.001926,0.002002,0.002074,0.002156,0.002054,0.001998876666666663,0.0020650600000000066,0.0021417866666666716,0.002061016666666667
-0.448,0.001436,0.001436,0.001423,0.001507,0.001598,0.001632,0.001677,0.001707,0.001743,0.001786,0.001827,0.001859,0.001933,0.00201,0.002082,0.002164,0.002063,0.002005823333333332,0.0020723533333333313,0.002146776666666676,0.00206356
-0.444,0.00144,0.00144,0.001427,0.001512,0.001604,0.001638,0.001683,0.001714,0.00175,0.001793,0.001833,0.001865,0.00194,0.002017,0.002089,0.002172,0.002072,0.0020139200000000054,0.002081540000000004,0.0021574866666666617,0.0020717966666666658
-0.44,0.001443,0.001443,0.001432,0.001516,0.001609,0.001644,0.001689,0.00172,0.001756,0.001799,0.00184,0.001872,0.001947,0.002024,0.002097,0.00218,0.002081,0.0020201166666666765,0.0020895666666666734,0.0021702833333333282,0.002080900000000001
-0.436,0.001447,0.001447,0.001437,0.001521,0.001615,0.001649,0.001695,0.001726,0.001763,0.001806,0.001847,0.001879,0.001954,0.002032,0.002105,0.002189,0.002089,0.002026800000000002,0.0020955266666666766,0.002176273333333331,0.0020909266666666705
-0.432,0.001451,0.001451,0.001441,0.001526,0.00162,0.001655,0.001701,0.001732,0.001769,0.001813,0.001853,0.001886,0.001962,0.002039,0.002113,0.002197,0.002098,0.0020366333333333413,0.0021060133333333344,0.002188916666666669,0.0021046500000000035
-0.428,0.001456,0.001456,0.001446,0.001531,0.001626,0.001661,0.001708,0.001738,0.001776,0.00182,0.00186,0.001893,0.001969,0.002047,0.002121,0.002205,0.002107,0.0020453166666666743,0.002116023333333336,0.0021991400000000065,0.00211151666666667
-0.424,0.00146,0.00146,0.001452,0.001537,0.001632,0.001668,0.001714,0.001745,0.001783,0.001827,0.001868,0.0019,0.001976,0.002055,0.002129,0.002214,0.002116,0.0020503666666666655,0.00212019666666667,0.0022020366666666703,0.0021164433333333375
-0.42,0.001465,0.001465,0.001457,0.001542,0.001638,0.001674,0.001721,0.001751,0.00179,0.001834,0.001875,0.001908,0.001984,0.002062,0.002137,0.002222,0.002125,0.002057293333333338,0.0021260066666666726,0.0022051699999999902,0.0021255033333333366
-0.416,0.00147,0.00147,0.001463,0.001548,0.001644,0.00168,0.001727,0.001758,0.001797,0.001841,0.001882,0.001915,0.001991,0.00207,0.002145,0.002231,0.002134,0.002063780000000007,0.002132556666666663,0.002212413333333327,0.002133310000000003
-0.412,0.001476,0.001476,0.001468,0.001554,0.001651,0.001687,0.001734,0.001765,0.001804,0.001848,0.001889,0.001922,0.001999,0.002078,0.002153,0.00224,0.002143,0.0020737633333333424,0.0021422699999999956,0.0022263100000000056,0.0021470966666666718
-0.408,0.001481,0.001481,0.001474,0.00156,0.001657,0.001693,0.001741,0.001772,0.001811,0.001855,0.001897,0.00193,0.002006,0.002086,0.002161,0.002248,0.002152,0.0020805933333333335,0.002149159999999997,0.002234810000000008,0.002155850000000004
-0.404,0.001487,0.001487,0.00148,0.001566,0.001664,0.0017,0.001748,0.001779,0.001818,0.001862,0.001904,0.001937,0.002014,0.002094,0.002169,0.002257,0.002161,0.0020894633333333355,0.0021595466666666572,0.002244829999999997,0.002163346666666668
-0.4,0.001492,0.001492,0.001487,0.001572,0.00167,0.001707,0.001755,0.001786,0.001825,0.00187,0.001911,0.001945,0.002022,0.002103,0.002177,0.002266,0.00217,0.0020993499999999985,0.0021707499999999926,0.0022606599999999964,0.0021762500000000024
-0.396,0.001498,0.001498,0.001493,0.001578,0.001677,0.001714,0.001762,0.001793,0.001832,0.001877,0.001919,0.001952,0.00203,0.002111,0.002185,0.002275,0.002179,0.0021036899999999892,0.0021734233333333295,0.002260046666666676,0.0021784500000000006
-0.392,0.001505,0.001505,0.0015,0.001584,0.001684,0.001721,0.001769,0.0018,0.00184,0.001885,0.001927,0.00196,0.002038,0.002119,0.002194,0.002284,0.002189,0.002110813333333325,0.002180409999999997,0.0022679399999999974,0.002184513333333331
-0.388,0.001511,0.001511,0.001507,0.001591,0.001691,0.001728,0.001777,0.001808,0.001847,0.001893,0.001935,0.001968,0.002046,0.002128,0.002202,0.002294,0.002198,0.002119853333333338,0.002187410000000001,0.002276020000000006,0.0021950333333333326
-0.384,0.001517,0.001517,0.001514,0.001597,0.001698,0.001735,0.001784,0.001815,0.001855,0.001901,0.001943,0.001976,0.002054,0.002136,0.00221,0.002303,0.002208,0.002129990000000011,0.002198240000000004,0.002287163333333343,0.002206366666666662
-0.38,0.001523,0.001523,0.001521,0.001604,0.001705,0.001743,0.001792,0.001823,0.001863,0.001909,0.001951,0.001984,0.002062,0.002145,0.002218,0.002313,0.002217,0.0021410499999999976,0.002209666666666674,0.0023012266666666724,0.0022174166666666722
-0.376,0.00153,0.00153,0.001528,0.001611,0.001713,0.00175,0.001799,0.00183,0.001871,0.001917,0.001959,0.001992,0.002071,0.002153,0.002226,0.002323,0.002227,0.0021495166666666635,0.0022177466666666625,0.002315126666666663,0.0022307799999999943
-0.372,0.001537,0.001537,0.001535,0.001618,0.00172,0.001757,0.001807,0.001838,0.001879,0.001925,0.001967,0.002,0.002079,0.002162,0.002234,0.002333,0.002236,0.0021595733333333324,0.0022268166666666645,0.0023243099999999965,0.0022392533333333363
-0.368,0.001544,0.001544,0.001542,0.001625,0.001727,0.001765,0.001815,0.001846,0.001887,0.001933,0.001975,0.002009,0.002087,0.002171,0.002242,0.002343,0.002246,0.0021668900000000007,0.002232976666666665,0.0023322166666666605,0.0022487400000000012
-0.364,0.001551,0.001551,0.00155,0.001632,0.001735,0.001773,0.001823,0.001854,0.001895,0.001941,0.001983,0.002017,0.002096,0.002179,0.00225,0.002353,0.002256,0.0021746900000000017,0.0022387099999999897,0.0023357700000000057,0.0022588666666666685
-0.36,0.001558,0.001558,0.001558,0.00164,0.001742,0.001781,0.001831,0.001862,0.001903,0.001949,0.001992,0.002025,0.002104,0.002188,0.002258,0.002363,0.002266,0.002181013333333332,0.002243006666666661,0.0023419100000000013,0.002264953333333328
-0.356,0.001565,0.001565,0.001565,0.001647,0.00175,0.001789,0.001839,0.00187,0.001911,0.001958,0.002,0.002034,0.002113,0.002198,0.002267,0.002374,0.002276,0.002189113333333334,0.0022502233333333396,0.0023524333333333285,0.002276606666666657
-0.352,0.001572,0.001572,0.001573,0.001655,0.001758,0.001797,0.001847,0.001879,0.00192,0.001966,0.002009,0.002042,0.002122,0.002207,0.002275,0.002384,0.002286,0.002201493333333328,0.002263236666666678,0.0023727766666666746,0.0022937266666666688
-0.348,0.00158,0.00158,0.001582,0.001662,0.001767,0.001805,0.001856,0.001887,0.001928,0.001975,0.002017,0.002051,0.002131,0.002216,0.002283,0.002394,0.002297,0.0022116533333333297,0.0022739433333333376,0.0023842066666666705,0.002300503333333328
-0.344,0.001587,0.001587,0.00159,0.00167,0.001775,0.001813,0.001864,0.001895,0.001937,0.001983,0.002026,0.002059,0.00214,0.002225,0.002291,0.002404,0.002307,0.0022219999999999987,0.0022845066666666723,0.0023969133333333315,0.002310213333333326
-0.34,0.001595,0.001595,0.001598,0.001678,0.001783,0.001821,0.001872,0.001903,0.001945,0.001992,0.002034,0.002068,0.002149,0.002235,0.002299,0.002414,0.002317,0.002229336666666661,0.002289493333333341,0.0024021900000000098,0.0023176233333333392
-0.336,0.001603,0.001603,0.001606,0.001686,0.001791,0.001829,0.00188,0.001912,0.001953,0.002,0.002043,0.002077,0.002157,0.002244,0.002307,0.002424,0.002328,0.002236346666666675,0.002294493333333327,0.0024080633333333277,0.002327976666666666
-0.332,0.001611,0.001611,0.001614,0.001694,0.001799,0.001837,0.001889,0.00192,0.001962,0.002009,0.002051,0.002085,0.002166,0.002253,0.002315,0.002434,0.002339,0.0022470466666666632,0.0023042766666666607,0.0024202333333333374,0.002340076666666659
-0.328,0.001619,0.001619,0.001623,0.001702,0.001807,0.001845,0.001897,0.001928,0.00197,0.002017,0.00206,0.002094,0.002175,0.002262,0.002323,0.002443,0.00235,0.0022514266666666598,0.00230452333333333,0.002417303333333325,0.0023488933333333283
-0.324,0.001627,0.001627,0.001631,0.00171,0.001815,0.001854,0.001905,0.001937,0.001979,0.002026,0.002068,0.002102,0.002184,0.002272,0.002331,0.002453,0.002361,0.002264396666666674,0.002318273333333333,0.002434763333333338,0.002360496666666657
-0.32,0.001635,0.001635,0.00164,0.001718,0.001823,0.001862,0.001914,0.001945,0.001987,0.002035,0.002077,0.002111,0.002193,0.002281,0.002339,0.002463,0.002372,0.0022728599999999933,0.002325813333333327,0.0024401966666666624,0.002368493333333337
-0.316,0.001644,0.001644,0.001649,0.001726,0.001831,0.00187,0.001922,0.001954,0.001996,0.002044,0.002086,0.002119,0.002202,0.002291,0.002348,0.002473,0.002383,0.00228341666666667,0.0023348866666666732,0.0024479599999999886,0.002380140000000011
-0.312,0.001652,0.001652,0.001657,0.001734,0.00184,0.001879,0.001931,0.001962,0.002004,0.002052,0.002094,0.002128,0.002212,0.002301,0.002356,0.002482,0.002394,0.0022932,0.0023431133333333422,0.0024554233333333266,0.0023896666666666706
-0.308,0.001661,0.001661,0.001666,0.001742,0.001848,0.001887,0.001939,0.001971,0.002013,0.002061,0.002103,0.002137,0.002221,0.002311,0.002365,0.002492,0.002404,0.0023061366666666592,0.002357339999999992,0.002475850000000008,0.002401609999999994
-0.304,0.00167,0.00167,0.001675,0.001751,0.001857,0.001896,0.001948,0.001979,0.002021,0.00207,0.002112,0.002145,0.00223,0.00232,0.002373,0.002501,0.002415,0.002311559999999996,0.0023600499999999964,0.0024773699999999918,0.002410969999999991
-0.3,0.001679,0.001679,0.001684,0.001759,0.001865,0.001904,0.001956,0.001988,0.00203,0.002078,0.002121,0.002154,0.00224,0.00233,0.002381,0.00251,0.002426,0.002320043333333343,0.0023663766666666636,0.0024808266666666717,0.002421383333333337
-0.296,0.001688,0.001688,0.001693,0.001768,0.001874,0.001913,0.001965,0.001996,0.002038,0.002087,0.002129,0.002163,0.00225,0.00234,0.00239,0.002519,0.002437,0.0023314300000000067,0.0023772233333333357,0.002495586666666673,0.002436810000000008
-0.292,0.001697,0.001697,0.001702,0.001776,0.001882,0.001921,0.001973,0.002005,0.002047,0.002096,0.002138,0.002172,0.002259,0.00235,0.002398,0.002528,0.002448,0.00234293333333333,0.0023878000000000055,0.002506216666666657,0.0024456766666666697
-0.288,0.001707,0.001707,0.001711,0.001785,0.001891,0.00193,0.001982,0.002014,0.002056,0.002105,0.002148,0.002181,0.00227,0.00236,0.002407,0.002537,0.002458,0.002351306666666665,0.002395190000000006,0.0025134400000000044,0.002453029999999995
-0.284,0.001716,0.001716,0.001721,0.001794,0.0019,0.001939,0.001991,0.002023,0.002065,0.002115,0.002157,0.00219,0.00228,0.00237,0.002416,0.002546,0.002469,0.0023603566666666608,0.002404186666666655,0.0025231033333333428,0.0024662766666666788
-0.28,0.001727,0.001727,0.001731,0.001803,0.001909,0.001948,0.002,0.002032,0.002075,0.002124,0.002166,0.002199,0.002291,0.00238,0.002425,0.002555,0.00248,0.002369470000000006,0.0024136400000000034,0.002533726666666658,0.0024783300000000077
-0.276,0.001737,0.001737,0.001741,0.001813,0.001918,0.001957,0.002009,0.002041,0.002084,0.002134,0.002176,0.002209,0.002302,0.00239,0.002434,0.002565,0.002491,0.002377490000000002,0.0024217500000000055,0.0025423333333333357,0.0024966533333333416
-0.272,0.001748,0.001748,0.001751,0.001822,0.001927,0.001966,0.002018,0.00205,0.002093,0.002143,0.002186,0.002219,0.002314,0.0024,0.002443,0.002574,0.002502,0.0023891099999999977,0.00243291999999999,0.002552866666666663,0.0025071000000000034
-0.268,0.001759,0.001759,0.001761,0.001831,0.001936,0.001975,0.002027,0.002059,0.002103,0.002153,0.002196,0.002229,0.002325,0.00241,0.002453,0.002584,0.002512,0.002400983333333342,0.0024447633333333366,0.0025683600000000017,0.0025189833333333256
-0.264,0.00177,0.00177,0.001771,0.001841,0.001946,0.001984,0.002037,0.002069,0.002112,0.002164,0.002206,0.002239,0.002337,0.002421,0.002462,0.002593,0.002523,0.002410666666666673,0.0024532466666666647,0.0025752499999999977,0.002530760000000009
-0.26,0.001781,0.001781,0.001782,0.001851,0.001955,0.001994,0.002046,0.002079,0.002122,0.002174,0.002216,0.002249,0.002348,0.002431,0.002472,0.002603,0.002534,0.0024231299999999977,0.002465883333333334,0.002591893333333342,0.0025462200000000083
-0.256,0.001794,0.001794,0.001793,0.001862,0.001966,0.002004,0.002056,0.002089,0.002132,0.002184,0.002227,0.00226,0.00236,0.002441,0.002481,0.002613,0.002544,0.002432570000000009,0.002474893333333327,0.0026008433333333265,0.002555716666666661
-0.252,0.001806,0.001806,0.001805,0.001872,0.001976,0.002014,0.002066,0.002099,0.002143,0.002196,0.002238,0.002271,0.002373,0.002451,0.002492,0.002623,0.002555,0.0024418999999999908,0.0024831300000000074,0.0026066566666666713,0.0025610733333333207
-0.248,0.001819,0.001819,0.001816,0.001883,0.001986,0.002024,0.002076,0.002109,0.002154,0.002207,0.00225,0.002282,0.002385,0.002462,0.002502,0.002633,0.002566,0.002455519999999994,0.002496816666666671,0.0026232566666666655,0.002578266666666658
-0.244,0.001833,0.001833,0.001829,0.001894,0.001996,0.002034,0.002087,0.00212,0.002165,0.002219,0.002262,0.002294,0.002398,0.002472,0.002512,0.002644,0.002577,0.002464923333333336,0.0025066433333333273,0.0026351466666666586,0.00259125333333334
-0.24,0.001847,0.001847,0.001841,0.001906,0.002007,0.002045,0.002097,0.002131,0.002176,0.002231,0.002274,0.002306,0.00241,0.002483,0.002523,0.002655,0.002588,0.0024755433333333416,0.002516910000000011,0.0026448766666666615,0.002601203333333338
-0.236,0.001861,0.001861,0.001853,0.001917,0.002018,0.002056,0.002108,0.002142,0.002188,0.002244,0.002286,0.002318,0.002422,0.002493,0.002533,0.002666,0.002599,0.002488926666666666,0.0025301866666666713,0.0026589966666666575,0.0026126200000000095
-0.232,0.001876,0.001876,0.001867,0.001929,0.002029,0.002067,0.002119,0.002154,0.0022,0.002256,0.002299,0.002331,0.002435,0.002504,0.002544,0.002677,0.00261,0.0024985066666666595,0.002538089999999995,0.002660686666666676,0.0026174966666666698
-0.228,0.001893,0.001893,0.00188,0.001941,0.002041,0.002078,0.00213,0.002166,0.002213,0.002269,0.002311,0.002344,0.002447,0.002515,0.002555,0.002688,0.002621,0.0025071366666666733,0.002546056666666655,0.002665856666666679,0.0026264933333333294
-0.224,0.001909,0.001909,0.001894,0.001954,0.002052,0.002089,0.002142,0.002178,0.002226,0.002282,0.002324,0.002357,0.00246,0.002525,0.002567,0.0027,0.002633,0.002520033333333333,0.002560116666666659,0.002677283333333341,0.002634613333333328
-0.22,0.001927,0.001927,0.001908,0.001967,0.002065,0.002101,0.002154,0.002191,0.002239,0.002295,0.002338,0.002371,0.002473,0.002536,0.002578,0.002712,0.002644,0.002528819999999993,0.0025682833333333303,0.002686676666666674,0.0026444833333333227
-0.216,0.001945,0.001945,0.001923,0.001981,0.002077,0.002113,0.002166,0.002204,0.002253,0.002309,0.002351,0.002385,0.002485,0.002547,0.00259,0.002724,0.002656,0.0025453833333333275,0.002587166666666661,0.0027103266666666536,0.0026639299999999966
-0.212,0.001964,0.001964,0.001939,0.001995,0.00209,0.002126,0.002179,0.002217,0.002267,0.002323,0.002365,0.002399,0.002498,0.002559,0.002602,0.002736,0.002668,0.0025554666666666587,0.0025955733333333283,0.002715179999999992,0.0026728966666666677
-0.208,0.001984,0.001984,0.001955,0.00201,0.002103,0.002138,0.002192,0.002231,0.002281,0.002336,0.002379,0.002413,0.00251,0.00257,0.002615,0.002748,0.00268,0.0025653633333333273,0.002606313333333337,0.0027208399999999874,0.0026783466666666727
-0.204,0.002005,0.002005,0.001971,0.002025,0.002116,0.002152,0.002206,0.002246,0.002296,0.00235,0.002392,0.002427,0.002523,0.002582,0.002627,0.00276,0.002692,0.0025782899999999887,0.002620240000000007,0.0027378699999999947,0.002694326666666677
-0.2,0.002027,0.002027,0.001988,0.002041,0.00213,0.002165,0.00222,0.00226,0.00231,0.002364,0.002406,0.002442,0.002535,0.002594,0.002639,0.002772,0.002704,0.002584143333333328,0.0026228066666666543,0.002729963333333333,0.0026925533333333413
-0.196,0.002051,0.002051,0.002005,0.002058,0.002145,0.002179,0.002234,0.002275,0.002325,0.002379,0.00242,0.002456,0.002548,0.002606,0.002652,0.002785,0.002716,0.002598653333333333,0.002637179999999994,0.002740600000000006,0.00270542000000001
-0.192,0.002075,0.002075,0.002024,0.002076,0.00216,0.002193,0.002249,0.00229,0.002341,0.002393,0.002435,0.002471,0.002561,0.002619,0.002664,0.002797,0.002728,0.002613756666666674,0.002654253333333334,0.0027668300000000105,0.002723753333333325
-0.188,0.002102,0.002102,0.002043,0.002094,0.002176,0.002209,0.002265,0.002306,0.002357,0.002408,0.002449,0.002487,0.002574,0.002631,0.002677,0.00281,0.00274,0.0026256766666666776,0.0026673966666666744,0.002782559999999992,0.0027377266666666618
-0.184,0.002129,0.002129,0.002064,0.002114,0.002193,0.002225,0.002281,0.002322,0.002373,0.002423,0.002464,0.002502,0.002587,0.002644,0.00269,0.002823,0.002753,0.0026396533333333263,0.0026823033333333315,0.0027996166666666737,0.00275653666666667
-0.18,0.002159,0.002159,0.002086,0.002136,0.00221,0.002241,0.002298,0.002339,0.002389,0.002439,0.002479,0.002518,0.002601,0.002658,0.002703,0.002835,0.002766,0.002652270000000008,0.0026950700000000043,0.002810680000000006,0.002769476666666677
-0.176,0.00219,0.00219,0.002109,0.002158,0.002228,0.002259,0.002315,0.002356,0.002406,0.002454,0.002495,0.002533,0.002615,0.002671,0.002716,0.002848,0.00278,0.002666233333333327,0.002709286666666679,0.0028279499999999957,0.002788323333333334
-0.172,0.002223,0.002223,0.002133,0.002181,0.002247,0.002277,0.002333,0.002373,0.002423,0.00247,0.00251,0.002549,0.002629,0.002685,0.002729,0.002862,0.002793,0.00267926000000001,0.002721116666666663,0.0028371566666666715,0.0027977433333333385
-0.168,0.002257,0.002257,0.002158,0.002206,0.002267,0.002295,0.002352,0.002391,0.002441,0.002486,0.002526,0.002565,0.002643,0.0027,0.002743,0.002875,0.002807,0.0026989633333333396,0.0027404266666666817,0.002857779999999993,0.0028184333333333353
-0.164,0.002293,0.002293,0.002185,0.002232,0.002288,0.002315,0.002371,0.002409,0.002459,0.002502,0.002542,0.002582,0.002658,0.002715,0.002757,0.002889,0.002821,0.0027109333333333423,0.002749530000000004,0.0028582800000000004,0.002823243333333329
-0.16,0.00233,0.00233,0.002214,0.002259,0.002309,0.002335,0.00239,0.002428,0.002477,0.002519,0.002558,0.002599,0.002673,0.00273,0.002771,0.002902,0.002834,0.0027232866666666734,0.002762486666666661,0.0028733299999999912,0.002834343333333335
-0.156,0.002369,0.002369,0.002244,0.002288,0.002332,0.002356,0.002411,0.002447,0.002496,0.002537,0.002575,0.002615,0.002689,0.002745,0.002785,0.002917,0.002848,0.0027443966666666707,0.00278568333333334,0.002901553333333317,0.002864646666666657
-0.152,0.00241,0.00241,0.002276,0.002318,0.002356,0.002379,0.002432,0.002466,0.002515,0.002554,0.002592,0.002633,0.002705,0.002761,0.002799,0.002931,0.002863,0.002758710000000009,0.002797876666666666,0.00291700666666667,0.002871209999999989
-0.148,0.002452,0.002452,0.00231,0.002351,0.002381,0.002403,0.002454,0.002486,0.002535,0.002573,0.00261,0.00265,0.002722,0.002777,0.002814,0.002946,0.0028770000000000002,0.002771626666666668,0.0028087033333333254,0.002922100000000004,0.002874523333333343
-0.144,0.002496,0.002496,0.002346,0.002385,0.002407,0.002428,0.002477,0.002507,0.002555,0.002592,0.002628,0.002668,0.00274,0.002793,0.00283,0.002961,0.002892,0.0027871666666666743,0.002824349999999998,0.0029370266666666625,0.0028888333333333374
-0.14,0.002542,0.002542,0.002383,0.002421,0.002434,0.002454,0.0025,0.002527,0.002575,0.002611,0.002647,0.002687,0.002758,0.00281,0.002846,0.002976,0.002907,0.002805193333333326,0.0028414300000000055,0.002954293333333323,0.0029056499999999957
-0.136,0.002589,0.002589,0.002422,0.002458,0.002463,0.00248,0.002524,0.002548,0.002597,0.002632,0.002667,0.002706,0.002777,0.002827,0.002862,0.002991,0.002922,0.0028254033333333433,0.00286196666666667,0.002974283333333325,0.00292847999999999
-0.132,0.002638,0.002638,0.002462,0.002498,0.002492,0.002507,0.002549,0.00257,0.002619,0.002653,0.002687,0.002725,0.002796,0.002845,0.002878,0.003007,0.002937,0.00283992666666666,0.002872030000000007,0.0029792699999999913,0.002932276666666661
-0.128,0.002687,0.002687,0.002504,0.002539,0.002522,0.002536,0.002576,0.002592,0.002641,0.002675,0.002709,0.002745,0.002816,0.002862,0.002895,0.003022,0.002953,0.0028594700000000046,0.0028929466666666593,0.0030043533333333253,0.0029558566666666587
-0.124,0.002736,0.002736,0.002546,0.002581,0.002553,0.002564,0.002602,0.002615,0.002665,0.002698,0.002731,0.002766,0.002837,0.002881,0.002913,0.003039,0.00297,0.0028802866666666773,0.0029152633333333466,0.0030238366666666718,0.0029783366666666683
-0.12,0.002784,0.002784,0.002588,0.002624,0.002585,0.002594,0.00263,0.002638,0.002689,0.002722,0.002754,0.002787,0.002858,0.0029,0.002931,0.003055,0.002987,0.0028977066666666757,0.0029316566666666745,0.0030381533333333354,0.002991106666666659
-0.116,0.002827,0.002827,0.00263,0.002666,0.002616,0.002623,0.002657,0.002661,0.002714,0.002746,0.002778,0.002809,0.00288,0.002919,0.00295,0.003072,0.003005,0.002915396666666672,0.002947990000000005,0.003049223333333326,0.00300864666666667
-0.112,0.002866,0.002866,0.00267,0.002705,0.002646,0.002652,0.002685,0.002684,0.002738,0.002771,0.002802,0.002831,0.002902,0.002939,0.002969,0.003088,0.003023,0.002937330000000012,0.002970080000000001,0.003066183333333322,0.0030267000000000002
-0.108,0.002899,0.002899,0.002706,0.002741,0.002674,0.002679,0.002713,0.002705,0.002762,0.002795,0.002826,0.002853,0.002923,0.002958,0.002989,0.003104,0.003042,0.002953873333333341,0.0029835600000000097,0.0030808233333333305,0.0030377599999999957
-0.104,0.002925,0.002925,0.002736,0.002771,0.002699,0.002704,0.002739,0.002725,0.002785,0.00282,0.00285,0.002874,0.002944,0.002977,0.003008,0.00312,0.003061,0.002975430000000005,0.003005950000000004,0.0030980733333333395,0.003051526666666659
-0.1,0.002943,0.002943,0.002761,0.002795,0.002721,0.002725,0.002763,0.002743,0.002807,0.002842,0.002873,0.002894,0.002965,0.002994,0.003026,0.003134,0.003081,0.0029929966666666806,0.003022283333333321,0.0031103399999999966,0.003065473333333332
-0.096,0.002954,0.002954,0.002779,0.002813,0.002739,0.002744,0.002785,0.002758,0.002827,0.002864,0.002894,0.002912,0.002983,0.003011,0.003044,0.003147,0.003099,0.0030077166666666612,0.0030379400000000068,0.0031202533333333413,0.0030807233333333232
-0.092,0.002957,0.002957,0.002791,0.002825,0.002753,0.002759,0.002805,0.002771,0.002844,0.002884,0.002913,0.002929,0.003001,0.003027,0.00306,0.003159,0.003118,0.003023290000000002,0.0030541499999999864,0.0031382366666666784,0.0031024299999999902
-0.088,0.002953,0.002953,0.002799,0.002833,0.002764,0.002772,0.002821,0.002782,0.00286,0.002901,0.002931,0.002945,0.003016,0.00304,0.003076,0.00317,0.003136,0.003039646666666675,0.0030755599999999937,0.003162216666666669,0.003132096666666677
-0.084,0.002945,0.002945,0.002803,0.002835,0.002772,0.002781,0.002834,0.002791,0.002873,0.002917,0.002946,0.002958,0.00303,0.003053,0.00309,0.00318,0.003154,0.003051716666666655,0.003089793333333344,0.0031733166666666544,0.003152326666666662
-0.08,0.002934,0.002934,0.002805,0.002834,0.002777,0.002789,0.002845,0.002799,0.002883,0.002929,0.002959,0.00297,0.003042,0.003064,0.003102,0.003188,0.00317,0.0030644799999999892,0.003104596666666681,0.003186446666666656,0.00317363666666667
-0.076,0.002923,0.002923,0.002805,0.002831,0.002781,0.002794,0.002852,0.002806,0.002892,0.002939,0.002969,0.00298,0.003052,0.003074,0.003112,0.003195,0.003185,0.0030736200000000082,0.0031126866666666736,0.0031924099999999828,0.003186556666666667
-0.072,0.002913,0.002913,0.002805,0.002828,0.002785,0.002798,0.002858,0.002812,0.002898,0.002947,0.002977,0.002989,0.00306,0.003082,0.003121,0.0032,0.003198,0.003083796666666673,0.0031225566666666783,0.003198303333333321,0.0032006200000000103
-0.068,0.002905,0.002905,0.002806,0.002825,0.002787,0.002801,0.002862,0.002816,0.002903,0.002953,0.002983,0.002996,0.003067,0.00309,0.003128,0.003203,0.003209,0.0030911166666666733,0.0031294033333333473,0.0032022833333333212,0.003210936666666681
-0.064,0.002901,0.002901,0.002808,0.002825,0.00279,0.002804,0.002864,0.002821,0.002907,0.002958,0.002988,0.003001,0.003072,0.003096,0.003133,0.003204,0.003218,0.003096723333333331,0.003133396666666679,0.003202719999999996,0.0032176433333333527
-0.06,0.002901,0.002901,0.00281,0.002826,0.002792,0.002806,0.002866,0.002824,0.002911,0.002962,0.002992,0.003006,0.003076,0.003102,0.003138,0.003206,0.003225,0.00310155000000001,0.003137566666666657,0.003205696666666677,0.003224353333333346
-0.056,0.002903,0.002903,0.002813,0.002828,0.002794,0.002809,0.002868,0.002827,0.002913,0.002965,0.002995,0.00301,0.00308,0.003107,0.003141,0.003209,0.003232,0.0031054199999999968,0.003139853333333318,0.0032080200000000085,0.003229140000000009
-0.052,0.002908,0.002908,0.002817,0.002831,0.002796,0.002811,0.002871,0.00283,0.002916,0.002968,0.002998,0.003014,0.003083,0.003111,0.003143,0.003214,0.003238,0.003110563333333321,0.0031434500000000008,0.0032143366666666823,0.0032372366666666586
-0.048,0.002914,0.002914,0.00282,0.002834,0.002797,0.002813,0.002873,0.002832,0.002919,0.002971,0.003001,0.003017,0.003086,0.003115,0.003145,0.003221,0.003243,0.003115116666666654,0.003147299999999989,0.003222633333333337,0.003245049999999998
-0.044,0.002922,0.002922,0.002824,0.002838,0.002799,0.002814,0.002876,0.002833,0.002922,0.002974,0.003004,0.00302,0.003089,0.003118,0.003147,0.003227,0.003248,0.003118356666666656,0.0031498000000000042,0.003228336666666656,0.003249956666666672
-0.04,0.002929,0.002929,0.002827,0.002841,0.0028,0.002814,0.002878,0.002834,0.002924,0.002976,0.003007,0.003023,0.003091,0.00312,0.00315,0.003231,0.003252,0.003120243333333337,0.003152259999999996,0.0032312833333333277,0.0032529133333333423
-0.036,0.002935,0.002935,0.00283,0.002843,0.0028,0.002814,0.002879,0.002834,0.002925,0.002978,0.003009,0.003024,0.003093,0.003122,0.003155,0.003233,0.003255,0.003121936666666657,0.0031556833333333425,0.0032324900000000084,0.0032543533333333373
-0.032,0.00294,0.00294,0.002831,0.002844,0.002799,0.002812,0.002879,0.002832,0.002925,0.002978,0.003009,0.003024,0.003093,0.003122,0.003159,0.003234,0.003257,0.0031220866666666564,0.0031584033333333446,0.0032332033333333267,0.003255789999999993
-0.028,0.002945,0.002945,0.002832,0.002844,0.002797,0.00281,0.002878,0.00283,0.002924,0.002978,0.003009,0.003024,0.003092,0.003121,0.003162,0.003234,0.003259,0.003121233333333343,0.003161303333333337,0.0032335166666666525,0.003257726666666673
-0.024,0.002949,0.002949,0.002832,0.002843,0.002794,0.002807,0.002876,0.002827,0.002922,0.002977,0.003008,0.003023,0.003091,0.00312,0.003163,0.003234,0.003259,0.0031199233333333437,0.0031621233333333464,0.003233493333333318,0.0032583400000000093
-0.02,0.002953,0.002953,0.00283,0.002842,0.00279,0.002803,0.002874,0.002823,0.002919,0.002974,0.003006,0.003021,0.003089,0.003117,0.003162,0.003233,0.003259,0.00311707333333334,0.003161040000000001,0.0032322666666666725,0.003257740000000005
-0.016,0.002955,0.002955,0.002828,0.002839,0.002785,0.002799,0.002871,0.002819,0.002916,0.002972,0.003003,0.003018,0.003086,0.003114,0.003161,0.003231,0.003257,0.003114046666666652,0.0031596433333333294,0.003230493333333327,0.0032564699999999905
-0.012,0.002956,0.002956,0.002825,0.002835,0.00278,0.002794,0.002866,0.002813,0.002911,0.002968,0.003,0.003014,0.003082,0.00311,0.003159,0.003229,0.003255,0.0031086199999999908,0.003155576666666681,0.00322601666666667,0.0032510633333333407
-0.008,0.002956,0.002956,0.002821,0.002831,0.002774,0.002787,0.002861,0.002808,0.002906,0.002964,0.002995,0.00301,0.003078,0.003106,0.003156,0.003226,0.003252,0.003103180000000011,0.0031512966666666824,0.003221519999999989,0.0032450266666666752
-0.004,0.002955,0.002955,0.002816,0.002825,0.002767,0.00278,0.002855,0.002801,0.0029,0.002958,0.00299,0.003004,0.003072,0.0031,0.003152,0.003221,0.003247,0.003097243333333329,0.0031483133333333447,0.003217770000000001,0.0032417300000000065
0.0,0.002952,0.002952,0.002808,0.002817,0.002758,0.002771,0.002848,0.002793,0.002893,0.002951,0.002983,0.002998,0.003065,0.003091,0.003147,0.003216,0.003241,0.003089679999999989,0.0031435100000000047,0.003213376666666665,0.003235676666666684
0.004,0.002948,0.002948,0.0028,0.002809,0.002749,0.002762,0.002839,0.002784,0.002885,0.002944,0.002976,0.002991,0.003058,0.003081,0.003141,0.00321,0.003233,0.0030782666666666664,0.0031339533333333202,0.0032044133333333424,0.003221393333333346
0.008,0.002943,0.002943,0.002791,0.002799,0.002738,0.002752,0.00283,0.002775,0.002876,0.002935,0.002968,0.002983,0.00305,0.00307,0.003135,0.003203,0.003224,0.0030672766666666714,0.0031267333333333354,0.0031965899999999866,0.0032110200000000024
0.012,0.002937,0.002937,0.002781,0.002788,0.002727,0.002742,0.002821,0.002765,0.002866,0.002926,0.002959,0.002974,0.003041,0.00306,0.003128,0.003196,0.003216,0.0030608766666666595,0.0031197400000000097,0.003189893333333322,0.0032035899999999996
0.016,0.002929,0.002929,0.00277,0.002777,0.002715,0.002731,0.00281,0.002755,0.002857,0.002917,0.00295,0.002965,0.003032,0.003052,0.00312,0.003188,0.003208,0.0030522100000000122,0.003112233333333341,0.0031803666666666572,0.0031958933333333293
0.02,0.00292,0.00292,0.002757,0.002764,0.002703,0.002719,0.0028,0.002744,0.002846,0.002907,0.00294,0.002956,0.003022,0.003046,0.003112,0.00318,0.003201,0.003045806666666667,0.0031059566666666698,0.003174226666666654,0.003191773333333338
0.024,0.002909,0.002909,0.002743,0.00275,0.00269,0.002706,0.002788,0.002733,0.002835,0.002896,0.00293,0.002946,0.003012,0.003039,0.003103,0.003172,0.003194,0.003037620000000008,0.0030942766666666624,0.003162113333333322,0.0031795266666666757
0.028,0.002897,0.002897,0.002728,0.002734,0.002676,0.002693,0.002775,0.002721,0.002823,0.002885,0.002919,0.002935,0.003001,0.003031,0.003093,0.003163,0.003187,0.003029056666666674,0.003085010000000002,0.00315523000000001,0.003174090000000017
0.032,0.002883,0.002883,0.002712,0.002718,0.002661,0.002679,0.002761,0.002709,0.002811,0.002873,0.002907,0.002923,0.002989,0.003021,0.003083,0.003153,0.003179,0.0030203266666666796,0.003077046666666651,0.00314720666666666,0.0031696833333333444
0.036,0.002868,0.002868,0.002695,0.0027,0.002645,0.002664,0.002747,0.002696,0.002798,0.00286,0.002895,0.002911,0.002976,0.003011,0.003072,0.003143,0.00317,0.0030077166666666612,0.0030610499999999896,0.0031311066666666718,0.0031504466666666697
0.04,0.002851,0.002851,0.002676,0.002682,0.002629,0.002649,0.002732,0.002682,0.002784,0.002847,0.002881,0.002899,0.002961,0.003,0.003061,0.003133,0.003161,0.002998526666666669,0.0030532633333333237,0.003126016666666681,0.0031466099999999963
0.044,0.002832,0.002832,0.002656,0.002662,0.002612,0.002634,0.002717,0.002669,0.00277,0.002833,0.002868,0.002886,0.002946,0.002989,0.00305,0.003122,0.003151,0.002986746666666675,0.0030391299999999975,0.003113693333333327,0.0031334533333333392
0.048,0.002811,0.002811,0.002635,0.002641,0.002594,0.002617,0.002701,0.002654,0.002755,0.002818,0.002853,0.002872,0.002931,0.002977,0.003037,0.003111,0.00314,0.0029739066666666703,0.0030260866666666597,0.003100806666666653,0.0031202533333333417
0.052,0.002789,0.002789,0.002613,0.002619,0.002576,0.0026,0.002684,0.00264,0.002739,0.002802,0.002838,0.002857,0.002917,0.002964,0.003024,0.003099,0.003128,0.002959826666666665,0.0030130700000000118,0.0030911833333333223,0.003105740000000009
0.056,0.002764,0.002764,0.002589,0.002595,0.002557,0.002582,0.002666,0.002625,0.002723,0.002786,0.002823,0.002843,0.002905,0.002951,0.003011,0.003087,0.003117,0.002947333333333342,0.003000176666666662,0.0030806199999999866,0.003095496666666674
0.06,0.002739,0.002739,0.002565,0.002571,0.002538,0.002564,0.002648,0.00261,0.002707,0.00277,0.002806,0.002827,0.002892,0.002938,0.002997,0.003075,0.003104,0.0029367866666666687,0.0029898600000000104,0.003069856666666674,0.0030855266666666658
0.064,0.002711,0.002711,0.002539,0.002546,0.002518,0.002545,0.002629,0.002593,0.00269,0.002752,0.002789,0.002811,0.002878,0.002924,0.002983,0.003061,0.003091,0.0029186633333333437,0.002972386666666659,0.0030526266666666595,0.0030669166666666553
0.068,0.002681,0.002681,0.002512,0.00252,0.002497,0.002526,0.002609,0.002577,0.002671,0.002734,0.002771,0.002794,0.002862,0.002909,0.002968,0.003048,0.003077,0.002906093333333348,0.002960106666666663,0.003042040000000012,0.003057246666666662
0.072,0.00265,0.00265,0.002483,0.002493,0.002476,0.002506,0.002588,0.002559,0.002652,0.002714,0.002752,0.002776,0.002846,0.002893,0.002951,0.003033,0.003062,0.002890386666666675,0.0029414200000000114,0.003026373333333323,0.003035963333333337
0.076,0.002617,0.002617,0.002454,0.002466,0.002453,0.002486,0.002566,0.002542,0.002633,0.002694,0.002732,0.002757,0.002829,0.0028770000000000002,0.002935,0.003018,0.003047,0.0028745733333333393,0.0029265033333333414,0.0030128233333333227,0.0030254666666666746
0.08,0.002583,0.002583,0.002424,0.002438,0.002431,0.002465,0.002544,0.002523,0.002612,0.002673,0.002712,0.002738,0.00281,0.00286,0.002917,0.003003,0.003031,0.0028559533333333232,0.0029052633333333236,0.002997036666666654,0.003002763333333332
0.084,0.002548,0.002548,0.002393,0.002409,0.002408,0.002443,0.002521,0.002504,0.002591,0.002651,0.00269,0.002717,0.002792,0.002842,0.002899,0.002987,0.003014,0.0028378600000000054,0.0028888999999999963,0.0029829266666666567,0.0029865033333333225
0.088,0.002511,0.002511,0.002362,0.00238,0.002385,0.002421,0.002498,0.002485,0.00257,0.002629,0.002668,0.002696,0.002772,0.002824,0.00288,0.00297,0.002996,0.0028217066666666774,0.0028722866666666637,0.0029666766666666664,0.002972313333333331
0.092,0.002474,0.002474,0.002331,0.002351,0.002362,0.002399,0.002474,0.002465,0.002548,0.002606,0.002646,0.002675,0.002752,0.002805,0.002861,0.002953,0.002978,0.002801413333333322,0.002851186666666668,0.00294944666666666,0.0029502933333333415
0.096,0.002436,0.002436,0.002299,0.002321,0.002338,0.002377,0.002451,0.002445,0.002526,0.002583,0.002623,0.002653,0.002732,0.002786,0.002841,0.002935,0.002959,0.002781033333333328,0.0028298533333333264,0.0029281766666666748,0.0029305566666666767
0.1,0.002397,0.002397,0.002268,0.002291,0.002315,0.002354,0.002426,0.002425,0.002503,0.00256,0.0026,0.002631,0.002711,0.002766,0.00282,0.002917,0.00294,0.002761963333333345,0.0028109666666666744,0.00291195333333332,0.0029153700000000113
0.104,0.002358,0.002358,0.002236,0.002262,0.002291,0.002332,0.002402,0.002405,0.00248,0.002536,0.002576,0.002608,0.002689,0.002746,0.002799,0.002899,0.002921,0.00274429666666668,0.0027919966666666656,0.00289260999999999,0.0028975666666666545
0.108,0.00232,0.00232,0.002205,0.002233,0.002267,0.002309,0.002378,0.002384,0.002457,0.002512,0.002551,0.002586,0.002668,0.002726,0.002778,0.00288,0.002901,0.0027222233333333394,0.002768569999999987,0.0028690333333333275,0.0028726200000000067
0.112,0.002282,0.002282,0.002174,0.002204,0.002243,0.002287,0.002354,0.002363,0.002435,0.002488,0.002527,0.002563,0.002646,0.002705,0.002757,0.002861,0.00288,0.002702629999999995,0.002750106666666675,0.0028554533333333327,0.0028561366666666637
0.116,0.002244,0.002244,0.002144,0.002176,0.00222,0.002264,0.00233,0.002342,0.002412,0.002464,0.002503,0.00254,0.002625,0.002684,0.002735,0.002842,0.00286,0.002677646666666677,0.002723256666666674,0.0028314366666666742,0.0028324733333333243
0.12,0.002208,0.002208,0.002115,0.002148,0.002198,0.002242,0.002306,0.002322,0.00239,0.002441,0.00248,0.002517,0.002604,0.002664,0.002714,0.002824,0.00284,0.00266196,0.0027097866666666664,0.0028221433333333436,0.0028153199999999936
0.124,0.002172,0.002172,0.002086,0.002121,0.002175,0.00222,0.002283,0.002302,0.002367,0.002418,0.002459,0.002495,0.002582,0.002644,0.002693,0.002806,0.00282,0.002640809999999992,0.0026861566666666553,0.002799229999999991,0.00279653000000001
0.128,0.002136,0.002136,0.002058,0.002094,0.002153,0.002199,0.002259,0.002281,0.002345,0.002395,0.002437,0.002472,0.002561,0.002623,0.002673,0.002787,0.0028,0.0026194866666666744,0.0026632866666666723,0.0027735199999999955,0.002765546666666675
0.132,0.002102,0.002102,0.00203,0.002068,0.00213,0.002177,0.002236,0.002261,0.002323,0.002371,0.002416,0.002449,0.00254,0.002604,0.002653,0.002768,0.00278,0.0025972666666666776,0.002639820000000005,0.002746633333333331,0.0027490200000000044
0.136,0.002067,0.002067,0.002002,0.002042,0.002108,0.002156,0.002214,0.002241,0.002301,0.002348,0.002395,0.002427,0.00252,0.002584,0.002632,0.00275,0.00276,0.002580369999999999,0.0026238366666666638,0.002736816666666668,0.002733736666666663
0.14,0.002033,0.002033,0.001975,0.002016,0.002086,0.002135,0.002191,0.002221,0.00228,0.002325,0.002373,0.002405,0.002499,0.002564,0.002612,0.002731,0.00274,0.002557180000000004,0.0025969433333333245,0.0027007833333333405,0.002706943333333328
0.144,0.001998,0.001998,0.001947,0.001991,0.002065,0.002114,0.002169,0.002202,0.002259,0.002303,0.002352,0.002385,0.002479,0.002544,0.002591,0.002713,0.00272,0.0025370466666666614,0.0025775000000000043,0.002686313333333325,0.0026885633333333446
0.148,0.001964,0.001964,0.00192,0.001966,0.002044,0.002094,0.002148,0.002182,0.002238,0.002282,0.002331,0.002365,0.002458,0.002525,0.002571,0.002694,0.002701,0.002519916666666666,0.00256304666666666,0.002677439999999991,0.002674533333333324
0.152,0.001931,0.001931,0.001894,0.001942,0.002024,0.002074,0.002127,0.002163,0.002218,0.002262,0.002311,0.002345,0.002439,0.002506,0.002552,0.002676,0.002681,0.0024934700000000033,0.0025332299999999983,0.0026386466666666743,0.002640320000000006
0.156,0.001898,0.001898,0.001869,0.001919,0.002005,0.002054,0.002107,0.002145,0.002198,0.002243,0.002291,0.002326,0.002419,0.002487,0.002533,0.002658,0.002662,0.0024854466666666734,0.0025292100000000044,0.002651626666666677,0.0026457833333333467
0.16,0.001867,0.001867,0.001844,0.001897,0.001986,0.002036,0.002087,0.002126,0.002179,0.002224,0.002271,0.002308,0.002401,0.002468,0.002514,0.002641,0.002643,0.0024638700000000117,0.002507106666666674,0.002629966666666668,0.0026276066666666566
0.164,0.001838,0.001838,0.001821,0.001876,0.001967,0.002017,0.002067,0.002108,0.00216,0.002205,0.002252,0.002289,0.002382,0.00245,0.002495,0.002623,0.002625,0.0024457333333333235,0.002490123333333345,0.0026130033333333393,0.0026086099999999912
0.168,0.001809,0.001809,0.0018,0.001855,0.001948,0.001999,0.002048,0.002091,0.002141,0.002187,0.002234,0.002271,0.002364,0.002432,0.002476,0.002605,0.002606,0.002431516666666662,0.0024754233333333362,0.0026014799999999976,0.0025892799999999963
0.172,0.001782,0.001782,0.001779,0.001835,0.00193,0.001982,0.00203,0.002074,0.002123,0.002169,0.002215,0.002253,0.002346,0.002414,0.002458,0.002588,0.002588,0.0024144700000000106,0.0024581833333333285,0.0025851400000000075,0.002569566666666674
0.176,0.001757,0.001757,0.001759,0.001816,0.001913,0.001964,0.002012,0.002057,0.002105,0.002151,0.002197,0.002235,0.002328,0.002397,0.00244,0.002571,0.00257,0.0023949899999999944,0.0024378333333333327,0.0025594666666666622,0.002547003333333327
0.18,0.001732,0.001732,0.00174,0.001798,0.001896,0.001947,0.001994,0.00204,0.002087,0.002133,0.00218,0.002218,0.00231,0.00238,0.002423,0.002554,0.002552,0.0023764300000000066,0.0024202933333333297,0.0025439133333333207,0.002529806666666667
0.184,0.00171,0.00171,0.001721,0.001781,0.00188,0.001931,0.001977,0.002024,0.002071,0.002116,0.002163,0.002201,0.002293,0.002363,0.002406,0.002537,0.002534,0.0023618100000000024,0.002403593333333339,0.0025236233333333375,0.00250741333333334
0.188,0.001688,0.001688,0.001704,0.001764,0.001865,0.001915,0.001961,0.002008,0.002054,0.0021,0.002146,0.002185,0.002277,0.002346,0.002389,0.002521,0.002517,0.002344033333333327,0.002386209999999991,0.0025061366666666637,0.002487666666666664
0.192,0.001669,0.001669,0.001687,0.001748,0.001849,0.0019,0.001945,0.001993,0.002038,0.002084,0.00213,0.002168,0.002261,0.00233,0.002373,0.002505,0.0025,0.002330216666666676,0.0023735033333333296,0.0024957133333333246,0.002476319999999991
0.196,0.00165,0.00165,0.001671,0.001733,0.001834,0.001885,0.00193,0.001978,0.002022,0.002068,0.002114,0.002153,0.002245,0.002314,0.002357,0.002489,0.002484,0.0023134033333333387,0.0023570000000000084,0.0024783966666666606,0.002459366666666671
0.2,0.001633,0.001633,0.001656,0.001718,0.00182,0.001871,0.001915,0.001963,0.002007,0.002053,0.002099,0.002138,0.002229,0.002298,0.002342,0.002474,0.002468,0.002296363333333341,0.0023412133333333297,0.0024611833333333223,0.0024409033333333448
0.204,0.001616,0.001616,0.001641,0.001703,0.001806,0.001857,0.0019,0.001949,0.001992,0.002038,0.002084,0.002123,0.002214,0.002283,0.002326,0.002459,0.002452,0.00227873666666667,0.0023215233333333408,0.00243568666666666,0.0024213433333333395
0.208,0.0016,0.0016,0.001627,0.00169,0.001792,0.001843,0.001885,0.001935,0.001978,0.002024,0.002069,0.002108,0.002199,0.002268,0.002311,0.002444,0.002437,0.0022637733333333385,0.0023062933333333267,0.0024173833333333344,0.0024054800000000067
0.212,0.001584,0.001584,0.001613,0.001676,0.001779,0.001829,0.001872,0.001921,0.001964,0.00201,0.002055,0.002094,0.002184,0.002254,0.002297,0.002429,0.002422,0.00224962666666666,0.002291719999999996,0.002400186666666669,0.00239102666666667
0.216,0.00157,0.00157,0.001599,0.001663,0.001766,0.001816,0.001858,0.001908,0.001949,0.001996,0.002041,0.00208,0.00217,0.00224,0.002283,0.002415,0.002407,0.0022348866666666717,0.002277906666666668,0.0023965199999999892,0.002382086666666673
0.22,0.001556,0.001556,0.001586,0.001651,0.001754,0.001804,0.001845,0.001895,0.001936,0.001983,0.002028,0.002066,0.002156,0.002226,0.002269,0.002401,0.002392,0.0022225399999999925,0.0022682533333333327,0.0023915666666666606,0.0023694566666666566
0.224,0.001543,0.001543,0.001574,0.001639,0.001742,0.001791,0.001832,0.001883,0.001922,0.00197,0.002015,0.002053,0.002143,0.002212,0.002255,0.002387,0.002378,0.0022083666666666618,0.0022530266666666706,0.0023704966666666647,0.00235490666666666
0.228,0.00153,0.00153,0.001562,0.001627,0.00173,0.00178,0.00182,0.00187,0.001909,0.001957,0.002002,0.00204,0.00213,0.002199,0.002242,0.002374,0.002365,0.002192763333333331,0.0022377799999999987,0.0023545566666666583,0.0023379033333333255
0.232,0.001518,0.001518,0.00155,0.001616,0.001718,0.001768,0.001808,0.001858,0.001896,0.001945,0.00199,0.002028,0.002117,0.002186,0.002229,0.002361,0.002351,0.0021777500000000082,0.0022167000000000024,0.0023179933333333253,0.002318679999999994
0.236,0.001507,0.001507,0.001539,0.001605,0.001707,0.001757,0.001796,0.001847,0.001884,0.001933,0.001977,0.002015,0.002104,0.002174,0.002217,0.002348,0.002338,0.0021651766666666724,0.0022060466666666764,0.0023086300000000034,0.002301733333333328
0.24,0.001496,0.001496,0.001528,0.001594,0.001696,0.001746,0.001785,0.001835,0.001873,0.001921,0.001966,0.002003,0.002092,0.002161,0.002205,0.002335,0.002326,0.0021556933333333347,0.0021990866666666727,0.0023053366666666575,0.0022964633333333404
0.244,0.001485,0.001485,0.001518,0.001584,0.001686,0.001735,0.001773,0.001824,0.001862,0.001909,0.001954,0.001992,0.00208,0.002149,0.002193,0.002323,0.002313,0.0021451033333333316,0.0021892400000000003,0.0023001999999999957,0.002286113333333339
0.248,0.001475,0.001475,0.001507,0.001574,0.001675,0.001724,0.001763,0.001813,0.001852,0.001898,0.001943,0.00198,0.002068,0.002137,0.002181,0.002311,0.002301,0.0021324966666666687,0.0021780433333333264,0.002288966666666663,0.0022737066666666654
0.252,0.001465,0.001465,0.001497,0.001564,0.001665,0.001714,0.001752,0.001802,0.001841,0.001887,0.001931,0.001969,0.002057,0.002126,0.002169,0.002299,0.002289,0.0021204899999999966,0.002161123333333324,0.002264850000000006,0.0022617633333333284
0.256,0.001455,0.001455,0.001487,0.001554,0.001655,0.001704,0.001741,0.001792,0.001831,0.001876,0.00192,0.001958,0.002045,0.002114,0.002157,0.002287,0.002277,0.002107113333333327,0.002151513333333329,0.0022605300000000023,0.002245603333333322
0.26,0.001445,0.001445,0.001478,0.001544,0.001645,0.001694,0.001731,0.001781,0.00182,0.001866,0.00191,0.001947,0.002034,0.002103,0.002146,0.002276,0.002266,0.002096663333333333,0.0021414133333333253,0.002252926666666658,0.0022373399999999944
0.264,0.001436,0.001436,0.001469,0.001535,0.001636,0.001685,0.001721,0.001771,0.001811,0.001856,0.001899,0.001937,0.002023,0.002092,0.002135,0.002265,0.002255,0.002085963333333329,0.0021284966666666647,0.0022374366666666613,0.002228636666666673
0.268,0.001427,0.001427,0.00146,0.001526,0.001627,0.001675,0.001711,0.001762,0.001801,0.001846,0.001889,0.001926,0.002013,0.002081,0.002125,0.002254,0.002244,0.0020763200000000013,0.002119066666666668,0.0022301999999999917,0.0022231266666666773
0.272,0.001419,0.001419,0.001451,0.001518,0.001618,0.001666,0.001702,0.001752,0.001791,0.001836,0.001879,0.001916,0.002002,0.00207,0.002114,0.002243,0.002233,0.002063220000000005,0.0021053399999999968,0.0022085399999999976,0.0022035933333333364
0.276,0.00141,0.00141,0.001442,0.001509,0.001609,0.001657,0.001692,0.001742,0.001781,0.001826,0.001869,0.001906,0.001992,0.00206,0.002104,0.002232,0.002223,0.0020549666666666634,0.0020986699999999982,0.002208413333333338,0.0021991266666666564
0.28,0.001402,0.001402,0.001434,0.001501,0.0016,0.001647,0.001683,0.001733,0.001772,0.001816,0.001859,0.001896,0.001982,0.00205,0.002094,0.002222,0.002212,0.0020457366666666653,0.0020886433333333356,0.002198896666666658,0.002190416666666662
0.284,0.001394,0.001394,0.001426,0.001492,0.001591,0.001638,0.001673,0.001723,0.001763,0.001807,0.001849,0.001886,0.001972,0.00204,0.002083,0.002211,0.002202,0.002034369999999998,0.002075949999999994,0.0021831233333333313,0.0021793066666666687
0.288,0.001386,0.001386,0.001417,0.001484,0.001583,0.001629,0.001664,0.001714,0.001753,0.001797,0.00184,0.001877,0.001962,0.00203,0.002073,0.002201,0.002192,0.0020240033333333257,0.002065379999999996,0.002173086666666672,0.0021685766666666704
0.292,0.001378,0.001378,0.001409,0.001476,0.001574,0.001621,0.001655,0.001705,0.001745,0.001788,0.001831,0.001867,0.001952,0.00202,0.002064,0.002191,0.002182,0.002014206666666674,0.0020559866666666647,0.0021566033333333405,0.002152146666666673
0.296,0.00137,0.00137,0.001402,0.001468,0.001566,0.001612,0.001646,0.001696,0.001736,0.001779,0.001822,0.001858,0.001942,0.00201,0.002054,0.002181,0.002172,0.002004466666666668,0.0020450999999999998,0.0021443066666666614,0.0021448799999999966
0.3,0.001363,0.001363,0.001394,0.00146,0.001558,0.001604,0.001638,0.001687,0.001727,0.00177,0.001812,0.001849,0.001933,0.002,0.002045,0.002171,0.002162,0.0019953733333333353,0.0020373400000000003,0.002144763333333333,0.0021440399999999985
0.304,0.001355,0.001355,0.001386,0.001452,0.001549,0.001596,0.001629,0.001678,0.001718,0.001761,0.001803,0.00184,0.001924,0.001991,0.002035,0.002162,0.002152,0.001985763333333336,0.002027163333333336,0.0021317099999999998,0.0021294866666666675
0.308,0.001348,0.001348,0.001379,0.001445,0.001541,0.001588,0.00162,0.001669,0.001709,0.001752,0.001794,0.00183,0.001914,0.001981,0.002026,0.002152,0.002143,0.0019762766666666706,0.0020184699999999914,0.0021226833333333342,0.0021217800000000037
0.312,0.001341,0.001341,0.001372,0.001437,0.001533,0.001579,0.001612,0.00166,0.001701,0.001743,0.001785,0.001821,0.001905,0.001972,0.002017,0.002142,0.002133,0.0019693899999999897,0.0020145233333333347,0.002125856666666659,0.00211453333333334
0.316,0.001334,0.001334,0.001364,0.00143,0.001526,0.001571,0.001604,0.001651,0.001692,0.001735,0.001777,0.001812,0.001896,0.001963,0.002008,0.002133,0.002124,0.001959450000000002,0.00200472666666667,0.0021182900000000066,0.0021070066666666705
0.32,0.001327,0.001327,0.001358,0.001422,0.001518,0.001563,0.001596,0.001643,0.001684,0.001726,0.001768,0.001804,0.001888,0.001954,0.001999,0.002124,0.002115,0.0019509433333333396,0.0019949433333333235,0.0021081400000000044,0.0021004666666666607
0.324,0.00132,0.00132,0.001351,0.001415,0.001511,0.001556,0.001589,0.001636,0.001676,0.001718,0.00176,0.001796,0.001879,0.001946,0.00199,0.002115,0.002106,0.0019423933333333357,0.0019856000000000006,0.002096763333333328,0.0020904266666666727
0.328,0.001314,0.001314,0.001345,0.001409,0.001504,0.001549,0.001583,0.001629,0.001668,0.00171,0.001752,0.001787,0.001871,0.001938,0.001982,0.002106,0.002098,0.0019328699999999973,0.001976176666666667,0.002087620000000006,0.0020799766666666692
0.332,0.001308,0.001308,0.001338,0.001402,0.001497,0.001542,0.001576,0.001622,0.001661,0.001703,0.001744,0.001779,0.001862,0.001929,0.001974,0.002097,0.002089,0.0019256533333333306,0.0019701466666666645,0.002086586666666673,0.0020761700000000035
0.336,0.001302,0.001302,0.001332,0.001395,0.00149,0.001535,0.001569,0.001615,0.001654,0.001695,0.001736,0.001772,0.001854,0.001921,0.001965,0.002089,0.002081,0.0019161766666666654,0.0019594966666666622,0.0020697966666666707,0.002060726666666666
0.34,0.001296,0.001296,0.001326,0.001389,0.001483,0.001528,0.001562,0.001608,0.001646,0.001688,0.001729,0.001764,0.001847,0.001914,0.001957,0.00208,0.002073,0.001907176666666671,0.0019495399999999948,0.0020551100000000037,0.0020474799999999948
0.344,0.00129,0.00129,0.001321,0.001383,0.001477,0.001521,0.001556,0.001602,0.001639,0.00168,0.001722,0.001757,0.001839,0.001906,0.00195,0.002072,0.002065,0.0019007700000000017,0.001943443333333336,0.0020487433333333336,0.002042406666666661
0.348,0.001285,0.001285,0.001315,0.001377,0.001471,0.001514,0.001549,0.001596,0.001633,0.001673,0.001714,0.001749,0.001831,0.001898,0.001942,0.002064,0.002058,0.0018922866666666667,0.0019356100000000017,0.002043269999999997,0.0020350966666666703
0.352,0.001279,0.001279,0.00131,0.001371,0.001465,0.001508,0.001543,0.00159,0.001626,0.001667,0.001708,0.001742,0.001824,0.001891,0.001935,0.002056,0.002051,0.0018846166666666587,0.0019269966666666742,0.0020309899999999964,0.0020278233333333416
0.356,0.001274,0.001274,0.001306,0.001365,0.001459,0.001502,0.001537,0.001584,0.00162,0.00166,0.001701,0.001736,0.001817,0.001884,0.001928,0.002049,0.002044,0.0018807666666666627,0.00192345666666667,0.0020324433333333346,0.0020298500000000023
0.36,0.00127,0.00127,0.001301,0.00136,0.001453,0.001497,0.001532,0.001579,0.001614,0.001654,0.001695,0.001729,0.001811,0.001878,0.001921,0.002041,0.002038,0.001875253333333331,0.0019172500000000003,0.0020273066666666663,0.002025773333333329
0.364,0.001266,0.001266,0.001297,0.001355,0.001448,0.001492,0.001527,0.001574,0.001609,0.001649,0.001689,0.001723,0.001805,0.001872,0.001915,0.002035,0.002032,0.00186810333333333,0.0019103733333333344,0.0020189366666666696,0.0020167799999999997
0.368,0.001262,0.001262,0.001294,0.00135,0.001444,0.001487,0.001522,0.00157,0.001604,0.001643,0.001684,0.001718,0.001799,0.001867,0.001909,0.002028,0.002027,0.0018633633333333325,0.0019054400000000009,0.0020140499999999986,0.002013516666666668
0.372,0.001258,0.001258,0.00129,0.001346,0.001439,0.001482,0.001518,0.001566,0.001599,0.001638,0.001679,0.001712,0.001793,0.001861,0.001903,0.002022,0.002022,0.0018573700000000023,0.0018998933333333283,0.002011816666666668,0.002012263333333335
0.376,0.001254,0.001254,0.001287,0.001342,0.001435,0.001477,0.001514,0.001563,0.001595,0.001634,0.001674,0.001707,0.001788,0.001856,0.001898,0.002017,0.002018,0.001853606666666672,0.0018965399999999989,0.0020096566666666688,0.0020113966666666667
0.38,0.001251,0.001251,0.001284,0.001338,0.001432,0.001473,0.00151,0.00156,0.001591,0.001629,0.00167,0.001703,0.001783,0.001852,0.001893,0.002012,0.002014,0.001849940000000004,0.0018923533333333302,0.0020067200000000044,0.0020103766666666645
0.384,0.001248,0.001248,0.001282,0.001334,0.001428,0.00147,0.001507,0.001557,0.001587,0.001626,0.001666,0.001699,0.001779,0.001848,0.001889,0.002007,0.002011,0.0018440766666666685,0.0018891433333333288,0.002006896666666658,0.002012139999999997
0.388,0.001245,0.001245,0.001279,0.001331,0.001425,0.001467,0.001504,0.001555,0.001584,0.001622,0.001662,0.001696,0.001775,0.001844,0.001886,0.002003,0.002008,0.0018409966666666688,0.001888170000000003,0.0020021266666666562,0.0020097900000000026
0.392,0.001242,0.001242,0.001277,0.001327,0.001422,0.001464,0.001501,0.001554,0.001582,0.001619,0.001659,0.001692,0.001772,0.001841,0.001883,0.001999,0.002007,0.0018399433333333274,0.0018842200000000026,0.002000029999999988,0.0020059633333333275
0.396,0.00124,0.00124,0.001275,0.001324,0.00142,0.001461,0.001499,0.001552,0.00158,0.001617,0.001656,0.00169,0.00177,0.001839,0.00188,0.001996,0.002005,0.0018374933333333281,0.0018797333333333303,0.0019943299999999964,0.002003843333333331
0.4,0.001237,0.001237,0.001273,0.001321,0.001418,0.001459,0.001497,0.001552,0.001578,0.001615,0.001654,0.001687,0.001767,0.001837,0.001878,0.001994,0.002005,0.0018345833333333254,0.0018770099999999978,0.001988973333333335,0.0019977633333333328
0.404,0.001235,0.001235,0.00127,0.001318,0.001415,0.001456,0.001495,0.001551,0.001576,0.001613,0.001652,0.001685,0.001765,0.001835,0.001876,0.001992,0.002004,0.0018330666666666632,0.001875913333333329,0.001988369999999998,0.0020004833333333357
0.408,0.001232,0.001232,0.001268,0.001315,0.001413,0.001453,0.001493,0.001549,0.001574,0.001611,0.00165,0.001683,0.001763,0.001834,0.001874,0.00199,0.002004,0.0018319466666666662,0.0018729266666666655,0.0019854466666666677,0.0019988400000000017
0.412,0.001229,0.001229,0.001265,0.001312,0.00141,0.00145,0.001491,0.001548,0.001572,0.001609,0.001648,0.00168,0.001761,0.001832,0.001873,0.001988,0.002003,0.0018306299999999998,0.001872403333333339,0.00198637333333333,0.0020001666666666596
0.416,0.001226,0.001226,0.001261,0.001309,0.001407,0.001447,0.001488,0.001546,0.00157,0.001606,0.001645,0.001678,0.001759,0.001831,0.001871,0.001987,0.002002,0.0018282000000000103,0.0018692766666666704,0.0019814800000000007,0.0019947166666666617
0.42,0.001223,0.001223,0.001258,0.001306,0.001403,0.001443,0.001485,0.001544,0.001567,0.001603,0.001643,0.001675,0.001757,0.001829,0.001869,0.001985,0.002001,0.0018261000000000067,0.0018679400000000056,0.001979910000000005,0.001995233333333331
0.424,0.001219,0.001219,0.001253,0.001302,0.001399,0.001439,0.001482,0.001541,0.001564,0.0016,0.001639,0.001672,0.001755,0.001827,0.001867,0.001983,0.002,0.0018220000000000066,0.001864960000000001,0.001974606666666669,0.0019887800000000034
0.428,0.001215,0.001215,0.001248,0.001297,0.001395,0.001435,0.001478,0.001537,0.00156,0.001596,0.001636,0.001668,0.001752,0.001824,0.001865,0.001981,0.001997,0.0018195633333333342,0.001863663333333336,0.001970460000000005,0.0019862700000000096
0.432,0.00121,0.00121,0.001243,0.001293,0.00139,0.00143,0.001473,0.001532,0.001556,0.001592,0.001631,0.001663,0.001748,0.001821,0.001861,0.001977,0.001994,0.0018135233333333352,0.0018541200000000016,0.001955583333333338,0.001970826666666672
0.436,0.001205,0.001205,0.001237,0.001288,0.001384,0.001424,0.001467,0.001526,0.00155,0.001586,0.001626,0.001658,0.001743,0.001816,0.001857,0.001973,0.001989,0.0018044233333333322,0.0018450199999999995,0.0019407200000000036,0.0019524733333333396
0.44,0.0012,0.0012,0.001231,0.001282,0.001378,0.001418,0.001461,0.00152,0.001544,0.00158,0.00162,0.001652,0.001737,0.001811,0.001852,0.001968,0.001983,0.001799886666666669,0.0018409866666666708,0.0019361866666666712,0.0019489000000000012
0.444,0.001194,0.001194,0.001224,0.001276,0.001372,0.001411,0.001454,0.001512,0.001537,0.001573,0.001613,0.001645,0.001731,0.001805,0.001846,0.001962,0.001976,0.0017972999999999984,0.0018415300000000046,0.0019479900000000073,0.001957613333333326
0.448,0.001189,0.001189,0.001217,0.00127,0.001365,0.001404,0.001447,0.001504,0.001529,0.001566,0.001606,0.001638,0.001724,0.001798,0.001839,0.001955,0.001968,0.0017899133333333366,0.0018360833333333321,0.0019413966666666689,0.0019510033333333355
0.452,0.001183,0.001183,0.00121,0.001264,0.001358,0.001397,0.00144,0.001495,0.001521,0.001558,0.001598,0.00163,0.001716,0.00179,0.001831,0.001947,0.001958,0.0017778833333333352,0.0018194866666666747,0.0019155366666666637,0.0019201966666666703
0.456,0.001177,0.001177,0.001203,0.001258,0.001351,0.00139,0.001432,0.001486,0.001513,0.00155,0.00159,0.001621,0.001708,0.001781,0.001822,0.001938,0.001948,0.0017741766666666615,0.0018181833333333294,0.001924926666666663,0.0019300099999999978
0.46,0.001171,0.001171,0.001196,0.001252,0.001343,0.001382,0.001424,0.001477,0.001504,0.001541,0.001581,0.001612,0.001699,0.001772,0.001812,0.001928,0.001937,0.0017623666666666626,0.001802483333333331,0.0019063100000000007,0.001907430000000003
0.464,0.001165,0.001165,0.00119,0.001246,0.001336,0.001374,0.001416,0.001468,0.001496,0.001533,0.001573,0.001604,0.00169,0.001763,0.001803,0.001919,0.001925,0.0017567299999999998,0.0017956233333333326,0.0019033700000000008,0.0018980566666666687
0.468,0.001159,0.001159,0.001183,0.00124,0.001329,0.001366,0.001408,0.001459,0.001488,0.001525,0.001564,0.001595,0.001681,0.001754,0.001793,0.001909,0.001914,0.0017469099999999945,0.0017853233333333318,0.0018912966666666678,0.0018874800000000058
0.472,0.001154,0.001154,0.001177,0.001234,0.001323,0.001359,0.001401,0.00145,0.001479,0.001517,0.001556,0.001587,0.001673,0.001745,0.001784,0.001899,0.001902,0.0017363399999999977,0.001774703333333338,0.0018793799999999939,0.0018721899999999984
0.476,0.001148,0.001148,0.001171,0.001229,0.001316,0.001352,0.001394,0.001442,0.001472,0.001509,0.001548,0.001579,0.001664,0.001736,0.001775,0.001889,0.001891,0.0017272433333333347,0.0017648033333333404,0.0018638099999999942,0.0018624366666666584
0.48,0.001143,0.001143,0.001165,0.001223,0.00131,0.001346,0.001387,0.001434,0.001464,0.001501,0.00154,0.001571,0.001656,0.001727,0.001765,0.00188,0.00188,0.00172002333333333,0.0017567666666666723,0.0018604566666666625,0.001857319999999996
0.484,0.001139,0.001139,0.00116,0.001218,0.001304,0.00134,0.00138,0.001426,0.001457,0.001494,0.001532,0.001564,0.001648,0.001719,0.001757,0.001871,0.001869,0.0017126333333333421,0.0017493766666666726,0.0018508400000000007,0.0018482500000000035
0.488,0.001134,0.001134,0.001155,0.001213,0.001299,0.001335,0.001374,0.001419,0.00145,0.001487,0.001525,0.001556,0.00164,0.001711,0.001748,0.001862,0.001859,0.0017048600000000062,0.0017408266666666754,0.0018449533333333309,0.0018416200000000045
0.492,0.00113,0.00113,0.001151,0.001209,0.001294,0.00133,0.001368,0.001413,0.001444,0.001481,0.001519,0.00155,0.001633,0.001703,0.00174,0.001854,0.00185,0.001697460000000004,0.0017331400000000048,0.001834590000000004,0.0018331233333333371
0.496,0.001126,0.001126,0.001146,0.001204,0.001289,0.001325,0.001363,0.001407,0.001438,0.001475,0.001514,0.001543,0.001627,0.001696,0.001733,0.001847,0.001841,0.0016901533333333267,0.0017257966666666647,0.0018274933333333307,0.0018232966666666595
0.5,0.001122,0.001122,0.001142,0.0012,0.001284,0.00132,0.001357,0.001401,0.001432,0.001469,0.001508,0.001537,0.00162,0.001689,0.001726,0.00184,0.001833,0.0016839399999999968,0.0017197200000000042,0.001825619999999997,0.0018170533333333252
0.504,0.001119,0.001119,0.001138,0.001196,0.00128,0.001316,0.001353,0.001396,0.001427,0.001463,0.001502,0.001532,0.001614,0.001683,0.001719,0.001833,0.001825,0.0016776666666666617,0.0017123666666666764,0.001811373333333325,0.0018078900000000008
0.508,0.001115,0.001115,0.001134,0.001193,0.001275,0.001312,0.001348,0.001391,0.001421,0.001458,0.001496,0.001526,0.001609,0.001677,0.001713,0.001826,0.001817,0.0016696399999999952,0.0017040500000000066,0.0017971599999999964,0.0017956366666666672
0.512,0.001112,0.001112,0.001131,0.001189,0.001271,0.001308,0.001343,0.001386,0.001416,0.001453,0.001491,0.001521,0.001603,0.001671,0.001707,0.00182,0.00181,0.0016642966666666613,0.0016983000000000041,0.0017896733333333296,0.001789559999999993
0.516,0.001109,0.001109,0.001127,0.001185,0.001267,0.001304,0.001339,0.001381,0.001411,0.001448,0.001486,0.001516,0.001598,0.001665,0.001701,0.001814,0.001803,0.0016554566666666733,0.0016882333333333348,0.0017629599999999957,0.001772563333333332
0.52,0.001106,0.001106,0.001124,0.001182,0.001263,0.0013,0.001335,0.001377,0.001407,0.001444,0.001482,0.001511,0.001593,0.00166,0.001696,0.001808,0.001797,0.0016541633333333327,0.0016884899999999948,0.001778169999999996,0.0017791399999999998
0.524,0.001103,0.001103,0.001121,0.001179,0.00126,0.001296,0.001331,0.001372,0.001403,0.001439,0.001477,0.001507,0.001588,0.001655,0.00169,0.001802,0.00179,0.0016514933333333357,0.0016857266666666707,0.001786643333333338,0.0017813166666666687
0.528,0.0011,0.0011,0.001118,0.001176,0.001256,0.001293,0.001327,0.001368,0.001399,0.001435,0.001473,0.001502,0.001584,0.00165,0.001685,0.001797,0.001785,0.0016476666666666651,0.0016818599999999977,0.0017844099999999995,0.0017777833333333275
0.532,0.001098,0.001098,0.001115,0.001173,0.001252,0.00129,0.001323,0.001364,0.001395,0.001431,0.001469,0.001498,0.001579,0.001645,0.00168,0.001792,0.001779,0.0016436500000000034,0.00167809666666667,0.0017843500000000031,0.0017754333333333267
0.536,0.001095,0.001095,0.001112,0.00117,0.001249,0.001287,0.00132,0.00136,0.001391,0.001427,0.001465,0.001494,0.001575,0.001641,0.001676,0.001786,0.001773,0.0016391833333333377,0.001673513333333337,0.001778550000000001,0.0017707633333333376
0.54,0.001093,0.001093,0.00111,0.001167,0.001245,0.001284,0.001317,0.001357,0.001387,0.001423,0.001461,0.00149,0.001571,0.001636,0.001671,0.001781,0.001768,0.001635653333333342,0.0016697166666666619,0.001775316666666662,0.0017685799999999966
0.544,0.00109,0.00109,0.001107,0.001164,0.001241,0.001281,0.001313,0.001353,0.001383,0.00142,0.001457,0.001486,0.001566,0.001632,0.001666,0.001777,0.001762,0.0016294133333333398,0.0016636000000000012,0.0017719833333333273,0.0017577233333333341
0.548,0.001088,0.001088,0.001104,0.001161,0.001238,0.001278,0.00131,0.00135,0.00138,0.001416,0.001453,0.001483,0.001562,0.001628,0.001662,0.001772,0.001757,0.0016257433333333388,0.0016597000000000003,0.001765193333333331,0.0017494466666666687
0.552,0.001085,0.001085,0.001102,0.001158,0.001235,0.001275,0.001307,0.001347,0.001376,0.001412,0.00145,0.001479,0.001559,0.001624,0.001657,0.001767,0.001752,0.001621456666666669,0.0016548233333333385,0.0017582000000000012,0.0017434033333333283
0.556,0.001083,0.001083,0.001099,0.001156,0.001233,0.001271,0.001304,0.001343,0.001373,0.001409,0.001446,0.001475,0.001555,0.001619,0.001653,0.001762,0.001747,0.0016156366666666613,0.0016491066666666715,0.0017477533333333313,0.0017355666666666676
0.56,0.001081,0.001081,0.001097,0.001153,0.001231,0.001268,0.001301,0.00134,0.00137,0.001405,0.001443,0.001472,0.001551,0.001615,0.001649,0.001758,0.001742,0.0016101366666666588,0.0016432600000000066,0.0017342433333333296,0.0017269200000000055
0.564,0.001079,0.001079,0.001094,0.001151,0.001228,0.001266,0.001298,0.001337,0.001366,0.001402,0.001439,0.001469,0.001547,0.001611,0.001645,0.001753,0.001738,0.0016069133333333244,0.001639946666666671,0.0017303633333333342,0.0017237833333333381
0.568,0.001077,0.001077,0.001092,0.001148,0.001226,0.001263,0.001295,0.001333,0.001363,0.001399,0.001436,0.001465,0.001543,0.001608,0.001641,0.001749,0.001733,0.0016061599999999986,0.0016398533333333357,0.0017463699999999993,0.0017358733333333277
0.572,0.001075,0.001075,0.00109,0.001146,0.001224,0.001261,0.001292,0.001331,0.00136,0.001396,0.001433,0.001462,0.00154,0.001604,0.001637,0.001745,0.001729,0.0016035533333333307,0.0016366666666666667,0.001742329999999997,0.0017287366666666585
0.576,0.001072,0.001072,0.001087,0.001143,0.001221,0.001258,0.001288,0.001328,0.001357,0.001392,0.00143,0.001459,0.001536,0.001601,0.001633,0.001741,0.001725,0.0015995133333333387,0.0016316866666666633,0.001736843333333328,0.0017196766666666597
0.58,0.00107,0.00107,0.001085,0.001141,0.001219,0.001255,0.001286,0.001325,0.001354,0.001389,0.001426,0.001455,0.001533,0.001597,0.001629,0.001737,0.00172,0.0015959266666666716,0.0016281966666666634,0.001733433333333327,0.001716263333333332
0.584,0.001068,0.001068,0.001083,0.001137,0.001216,0.001252,0.001283,0.001321,0.001351,0.001386,0.001423,0.001452,0.001529,0.001593,0.001626,0.001733,0.001716,0.0015919433333333377,0.001624916666666671,0.0017302566666666612,0.0017162166666666642
0.588,0.001066,0.001066,0.00108,0.001134,0.001214,0.00125,0.00128,0.001318,0.001347,0.001383,0.00142,0.001449,0.001526,0.00159,0.001622,0.001729,0.001712,0.0015895666666666626,0.001621760000000007,0.0017262999999999925,0.0017115699999999956
0.592,0.001064,0.001064,0.001078,0.001131,0.001211,0.001247,0.001277,0.001315,0.001344,0.00138,0.001417,0.001446,0.001522,0.001586,0.001618,0.001725,0.001708,0.0015849299999999933,0.0016168866666666697,0.0017214633333333233,0.0017048399999999935
0.596,0.001062,0.001062,0.001076,0.001129,0.001209,0.001244,0.001274,0.001312,0.001341,0.001377,0.001414,0.001443,0.001519,0.001583,0.001615,0.001721,0.001704,0.0015811966666666665,0.0016131166666666589,0.0017172599999999898,0.001700166666666661
0.6,0.00106,0.00106,0.001074,0.001127,0.001206,0.001242,0.001271,0.001309,0.001338,0.001374,0.001411,0.001439,0.001516,0.001579,0.001611,0.001718,0.0017,0.00157787,0.0016097833333333247,0.001714106666666663,0.0016969166666666597
0.604,0.001058,0.001058,0.001072,0.001125,0.001204,0.001239,0.001269,0.001306,0.001335,0.001371,0.001408,0.001436,0.001512,0.001576,0.001608,0.001714,0.001696,0.0015751533333333396,0.0016074533333333308,0.0017124666666666615,0.001697293333333327
0.608,0.001056,0.001056,0.00107,0.001123,0.001201,0.001237,0.001266,0.001304,0.001332,0.001368,0.001404,0.001433,0.001509,0.001572,0.001604,0.00171,0.001692,0.0015710533333333366,0.0016034466666666645,0.0017094366666666604,0.0016931333333333417
0.612,0.001054,0.001054,0.001068,0.001121,0.001199,0.001234,0.001263,0.001301,0.001329,0.001364,0.001401,0.00143,0.001506,0.001569,0.001601,0.001706,0.001688,0.0015679633333333292,0.0016003300000000042,0.0017059799999999947,0.0016940433333333415
0.616,0.001052,0.001052,0.001065,0.001119,0.001196,0.001231,0.00126,0.001298,0.001326,0.001361,0.001398,0.001427,0.001502,0.001566,0.001597,0.001702,0.001684,0.0015650966666666715,0.0015965200000000045,0.0017016133333333258,0.0016867033333333385
0.62,0.00105,0.00105,0.001063,0.001117,0.001193,0.001229,0.001258,0.001295,0.001323,0.001358,0.001395,0.001424,0.001499,0.001562,0.001593,0.001698,0.001681,0.0015620333333333355,0.0015932066666666702,0.0016980199999999904,0.001682759999999995
0.624,0.001048,0.001048,0.001061,0.001115,0.001191,0.001226,0.001255,0.001292,0.00132,0.001356,0.001392,0.001421,0.001496,0.001559,0.00159,0.001694,0.001677,0.0015572699999999921,0.001588859999999994,0.0016936766666666566,0.0016790333333333277
0.628,0.001046,0.001046,0.001059,0.001112,0.001189,0.001223,0.001252,0.001289,0.001317,0.001353,0.001389,0.001418,0.001492,0.001555,0.001586,0.001691,0.001673,0.0015538399999999912,0.00158531666666666,0.0016900533333333294,0.001676536666666662
0.632,0.001044,0.001044,0.001057,0.00111,0.001186,0.001221,0.001249,0.001286,0.001314,0.00135,0.001386,0.001415,0.001489,0.001552,0.001583,0.001687,0.00167,0.0015517999999999977,0.0015829599999999987,0.0016871499999999951,0.001672980000000001
0.636,0.001042,0.001042,0.001055,0.001108,0.001184,0.001219,0.001246,0.001284,0.001311,0.001347,0.001383,0.001412,0.001486,0.001549,0.001579,0.001683,0.001666,0.001547920000000005,0.0015786066666666667,0.0016821166666666598,0.001663466666666667
0.64,0.00104,0.00104,0.001053,0.001106,0.001181,0.001216,0.001244,0.001281,0.001308,0.001344,0.001381,0.001409,0.001483,0.001545,0.001576,0.001679,0.001662,0.0015445900000000039,0.001575556666666671,0.0016782066666666607,0.0016608599999999995
0.644,0.001038,0.001038,0.001051,0.001103,0.001179,0.001213,0.001241,0.001278,0.001305,0.001341,0.001378,0.001406,0.00148,0.001542,0.001573,0.001676,0.001659,0.00154170333333333,0.0015726099999999969,0.001675293333333337,0.001659953333333339
0.648,0.001036,0.001036,0.001049,0.001101,0.001176,0.001211,0.001239,0.001275,0.001303,0.001338,0.001375,0.001403,0.001476,0.001539,0.001569,0.001672,0.001655,0.0015383066666666697,0.001568706666666662,0.001671486666666672,0.0016554166666666703
0.652,0.001034,0.001034,0.001047,0.001099,0.001174,0.001208,0.001236,0.001272,0.001301,0.001335,0.001372,0.001401,0.001473,0.001536,0.001566,0.001668,0.001652,0.0015354933333333292,0.0015657700000000026,0.001667873333333338,0.0016527099999999963
0.656,0.001032,0.001032,0.001045,0.001097,0.001171,0.001205,0.001233,0.00127,0.001297,0.001332,0.00137,0.001398,0.00147,0.001532,0.001563,0.001665,0.001649,0.0015315466666666613,0.0015622566666666615,0.001663936666666678,0.001649273333333339
0.66,0.00103,0.00103,0.001043,0.001094,0.001169,0.001203,0.00123,0.001267,0.001294,0.001329,0.001367,0.001395,0.001467,0.001529,0.001559,0.001661,0.001645,0.0015285500000000026,0.0015588066666666616,0.0016607566666666759,0.0016463400000000018
0.664,0.001028,0.001028,0.001041,0.001092,0.001166,0.0012,0.001228,0.001264,0.001292,0.001327,0.001364,0.001392,0.001464,0.001526,0.001556,0.001657,0.001642,0.001525673333333341,0.0015557766666666679,0.0016568633333333394,0.0016426966666666617
0.668,0.001026,0.001026,0.001039,0.00109,0.001164,0.001198,0.001225,0.001261,0.001289,0.001324,0.001362,0.001389,0.001461,0.001523,0.001553,0.001654,0.001639,0.0015228400000000006,0.00155288333333334,0.0016539199999999977,0.0016394966666666666
0.672,0.001024,0.001024,0.001037,0.001088,0.001162,0.001195,0.001223,0.001259,0.001286,0.001322,0.001359,0.001386,0.001458,0.00152,0.00155,0.001651,0.001635,0.0015190933333333364,0.0015491699999999975,0.0016499066666666702,0.0016327500000000012
0.676,0.001022,0.001022,0.001035,0.001086,0.001159,0.001193,0.00122,0.001256,0.001284,0.001319,0.001356,0.001384,0.001455,0.001517,0.001546,0.001648,0.001632,0.001516433333333331,0.001545946666666664,0.0016475433333333301,0.0016336033333333383
0.68,0.00102,0.00102,0.001033,0.001084,0.001157,0.00119,0.001217,0.001254,0.001281,0.001317,0.001354,0.001381,0.001452,0.001514,0.001543,0.001644,0.001629,0.0015137800000000023,0.0015432466666666692,0.0016442999999999948,0.001630369999999998
0.684,0.001018,0.001018,0.001032,0.001082,0.001155,0.001188,0.001215,0.001251,0.001279,0.001314,0.001351,0.001378,0.001449,0.00151,0.00154,0.001641,0.001626,0.001508860000000004,0.0015393366666666662,0.0016411300000000017,0.0016271733333333368
0.688,0.001016,0.001016,0.00103,0.00108,0.001153,0.001185,0.001213,0.001249,0.001276,0.001312,0.001349,0.001376,0.001446,0.001507,0.001537,0.001638,0.001623,0.0015065866666666636,0.0015368233333333367,0.0016382333333333264,0.0016248133333333326
0.692,0.001014,0.001014,0.001028,0.001078,0.00115,0.001183,0.00121,0.001246,0.001274,0.001309,0.001346,0.001373,0.001444,0.001504,0.001534,0.001635,0.00162,0.0015031866666666697,0.0015332066666666616,0.0016344566666666662,0.0016201766666666727
0.696,0.001013,0.001013,0.001027,0.001076,0.001148,0.001181,0.001208,0.001244,0.001271,0.001307,0.001344,0.001371,0.001441,0.001502,0.001531,0.001632,0.001618,0.0015011433333333344,0.0015307366666666687,0.0016320600000000053,0.0016191900000000032
0.7,0.001011,0.001011,0.001025,0.001074,0.001146,0.001179,0.001206,0.001242,0.001269,0.001305,0.001341,0.001369,0.001439,0.001499,0.001529,0.001629,0.001615,0.0014982533333333277,0.001528030000000004,0.0016287499999999967,0.0016167333333333264
0.704,0.00101,0.00101,0.001024,0.001072,0.001144,0.001177,0.001204,0.00124,0.001267,0.001303,0.001339,0.001367,0.001436,0.001497,0.001526,0.001627,0.001613,0.0014964766666666735,0.0015256866666666766,0.001626549999999996,0.0016136499999999927
0.708,0.001008,0.001008,0.001023,0.001071,0.001142,0.001175,0.001203,0.001238,0.001265,0.001301,0.001337,0.001365,0.001434,0.001495,0.001524,0.001624,0.001612,0.0014945266666666734,0.0015238333333333427,0.0016244733333333355,0.0016141233333333332
0.712,0.001006,0.001006,0.001022,0.001069,0.001141,0.001173,0.001201,0.001236,0.001264,0.0013,0.001335,0.001363,0.001432,0.001492,0.001522,0.001622,0.00161,0.0014919599999999966,0.001521866666666675,0.0016221066666666738,0.001611270000000002
0.716,0.001005,0.001005,0.001021,0.001068,0.001139,0.001172,0.001199,0.001235,0.001262,0.001298,0.001334,0.001361,0.00143,0.00149,0.00152,0.00162,0.001609,0.0014897266666666618,0.0015197733333333404,0.0016201533333333397,0.0016109333333333433
0.72,0.001003,0.001003,0.001021,0.001067,0.001138,0.00117,0.001198,0.001233,0.001261,0.001297,0.001332,0.00136,0.001428,0.001488,0.001518,0.001618,0.001609,0.0014878499999999948,0.0015177900000000063,0.0016183433333333374,0.0016108233333333435
0.724,0.001001,0.001001,0.00102,0.001066,0.001137,0.001169,0.001196,0.001232,0.001259,0.001296,0.001331,0.001358,0.001427,0.001487,0.001516,0.001617,0.001608,0.0014868433333333343,0.001516033333333337,0.0016170633333333294,0.0016090766666666692
0.728,0.001001,0.001001,0.00102,0.001065,0.001135,0.001168,0.001196,0.001232,0.001258,0.001294,0.001329,0.001357,0.001425,0.001486,0.001515,0.001616,0.001609,0.0014857599999999957,0.0015149033333333305,0.001616290000000004,0.0016099000000000072
0.732,0.001001,0.001001,0.00102,0.001064,0.001135,0.001167,0.001195,0.001231,0.001257,0.001294,0.001328,0.001356,0.001425,0.001485,0.001514,0.001616,0.00161,0.0014849166666666672,0.0015142033333333355,0.0016161433333333386,0.0016107700000000023
0.736,0.001001,0.001001,0.001021,0.001063,0.001134,0.001167,0.001194,0.001231,0.001257,0.001293,0.001328,0.001356,0.001424,0.001484,0.001514,0.001616,0.001612,0.0014841266666666647,0.0015141400000000026,0.001616036666666672,0.00161168666666667
0.74,0.001002,0.001002,0.001021,0.001063,0.001134,0.001166,0.001194,0.001231,0.001257,0.001293,0.001328,0.001356,0.001424,0.001484,0.001514,0.001616,0.001616,0.0014840899999999976,0.0015141266666666693,0.001616016666666672,0.0016134700000000049
0.744,0.001003,0.001003,0.001023,0.001063,0.001134,0.001167,0.001194,0.001232,0.001258,0.001294,0.001328,0.001357,0.001424,0.001485,0.001515,0.001618,0.00162,0.0014849633333333333,0.0015149733333333297,0.001617586666666672,0.001617376666666673
0.748,0.001004,0.001004,0.001025,0.001063,0.001134,0.001168,0.001195,0.001233,0.001259,0.001294,0.001329,0.001358,0.001425,0.001486,0.001516,0.00162,0.001626,0.0014860333333333283,0.00151611666666667,0.001619656666666672,0.001623480000000005
0.752,0.001005,0.001005,0.001027,0.001064,0.001135,0.001169,0.001197,0.001235,0.00126,0.001296,0.00133,0.001359,0.001427,0.001487,0.001518,0.001623,0.001633,0.0014873233333333351,0.0015180133333333387,0.001622249999999999,0.0016289466666666657
0.756,0.001007,0.001007,0.00103,0.001065,0.001136,0.00117,0.001198,0.001237,0.001262,0.001297,0.001332,0.001362,0.001429,0.001489,0.001521,0.001627,0.001642,0.001489103333333337,0.0015206599999999994,0.0016258999999999954,0.001637169999999994
0.76,0.00101,0.00101,0.001034,0.001067,0.001138,0.001172,0.001201,0.001241,0.001265,0.0013,0.001334,0.001365,0.001432,0.001492,0.001524,0.001632,0.001652,0.0014919499999999967,0.0015236433333333404,0.0016305333333333381,0.0016461399999999934
0.764,0.001013,0.001013,0.001039,0.001068,0.00114,0.001175,0.001204,0.001245,0.001268,0.001303,0.001337,0.001369,0.001435,0.001496,0.001528,0.001639,0.001665,0.0014959033333333312,0.0015278766666666618,0.0016375733333333362,0.0016588933333333401
0.768,0.001016,0.001016,0.001044,0.001071,0.001143,0.001179,0.001208,0.00125,0.001273,0.001307,0.001341,0.001374,0.00144,0.001501,0.001534,0.001647,0.001679,0.001500223333333326,0.0015326766666666602,0.0016433866666666708,0.0016662766666666628
0.772,0.001021,0.001021,0.001051,0.001074,0.001147,0.001183,0.001213,0.001256,0.001278,0.001312,0.001347,0.00138,0.001446,0.001507,0.001541,0.001657,0.001697,0.001506456666666662,0.001539850000000001,0.0016512933333333378,0.0016708333333333358
0.776,0.001026,0.001026,0.001058,0.001077,0.001151,0.001189,0.001219,0.001263,0.001284,0.001319,0.001353,0.001387,0.001452,0.001514,0.00155,0.001668,0.001717,0.001514210000000001,0.0015489166666666657,0.001661876666666668,0.001687166666666674
0.78,0.001032,0.001032,0.001066,0.001082,0.001156,0.001195,0.001225,0.001272,0.001291,0.001325,0.00136,0.001395,0.00146,0.001523,0.00156,0.001681,0.00174,0.0015233166666666642,0.0015589366666666693,0.0016753299999999953,0.0017157766666666718
0.784,0.001038,0.001038,0.001074,0.001086,0.001162,0.001201,0.001232,0.001281,0.001299,0.001333,0.001367,0.001404,0.001469,0.001532,0.00157,0.001696,0.001765,0.0015309599999999946,0.001567920000000003,0.0016896099999999935,0.0017437533333333377
0.788,0.001045,0.001045,0.001083,0.001091,0.001167,0.001208,0.00124,0.00129,0.001307,0.001341,0.001376,0.001414,0.001479,0.001542,0.001583,0.001711,0.001793,0.0015405066666666605,0.0015795133333333339,0.00170228666666667,0.00176007333333333
0.792,0.001052,0.001052,0.001092,0.001096,0.001173,0.001216,0.001249,0.001301,0.001316,0.00135,0.001385,0.001425,0.001489,0.001554,0.001596,0.001729,0.001822,0.001552669999999999,0.0015922999999999927,0.0017173333333333274,0.0017799866666666617
0.796,0.001059,0.001059,0.001102,0.001101,0.00118,0.001223,0.001258,0.001312,0.001326,0.00136,0.001394,0.001436,0.0015,0.001566,0.00161,0.001747,0.001853,0.001563780000000004,0.0016058033333333326,0.0017317466666666667,0.0017893333333333303
0.8,0.001066,0.001066,0.001111,0.001106,0.001186,0.001231,0.001267,0.001323,0.001336,0.001369,0.001405,0.001448,0.001512,0.001579,0.001625,0.001767,0.001886,0.0015764066666666668,0.0016200299999999943,0.0017519750000000037,0.0018461316666666678
0.804,0.001073,0.001073,0.001121,0.001112,0.001192,0.001239,0.001276,0.001335,0.001346,0.001379,0.001415,0.00146,0.001524,0.001593,0.001641,0.001787,0.00192,0.0015921200000000076,0.0016356833333333368,0.0017634344444444417,0.001893211111111105
0.808,0.00108,0.00108,0.001129,0.001117,0.001199,0.001247,0.001285,0.001346,0.001355,0.001389,0.001425,0.001472,0.001536,0.001607,0.001657,0.001807,0.001953,0.0016025266666666756,0.0016482700000000066,0.0017845977777777792,0.001922334444444438
0.812,0.001086,0.001086,0.001137,0.001122,0.001204,0.001254,0.001293,0.001356,0.001365,0.001399,0.001435,0.001484,0.001549,0.00162,0.001674,0.001827,0.001987,0.0016127300000000073,0.0016611066666666707,0.001786406666666674,0.0019347700000000002
0.816,0.001091,0.001091,0.001144,0.001126,0.001209,0.00126,0.001301,0.001366,0.001373,0.001408,0.001445,0.001494,0.00156,0.001634,0.001689,0.001847,0.00202,0.001619356666666675,0.0016669366666666652,0.0017742499999999976,0.0019340166666666748
0.82,0.001095,0.001095,0.001149,0.001129,0.001213,0.001265,0.001307,0.001374,0.001381,0.001416,0.001453,0.001504,0.00157,0.001646,0.001703,0.001865,0.00205,0.001650399999999996,0.0017044200000000036,0.0018654600000000037,0.002044143333333334
0.824,0.001099,0.001099,0.001153,0.001132,0.001217,0.001268,0.001312,0.001381,0.001387,0.001423,0.001461,0.001513,0.001579,0.001657,0.001716,0.001881,0.002078,0.0016605400000000027,0.001717413333333333,0.0018831133333333382,0.0020778233333333435
0.828,0.001101,0.001101,0.001156,0.001134,0.001219,0.001271,0.001316,0.001386,0.001392,0.001428,0.001467,0.00152,0.001587,0.001667,0.001728,0.001895,0.002102,0.0016695466666666573,0.0017298000000000016,0.0018974033333333273,0.0021069366666666713
0.832,0.001102,0.001102,0.001158,0.001136,0.00122,0.001272,0.001319,0.001389,0.001396,0.001433,0.001472,0.001525,0.001594,0.001675,0.001737,0.001906,0.002124,0.0016765633333333274,0.001738383333333327,0.0019077600000000005,0.002127986666666671
0.836,0.001103,0.001103,0.001159,0.001137,0.001221,0.001272,0.001321,0.001392,0.001399,0.001436,0.001476,0.00153,0.001599,0.001681,0.001745,0.001915,0.002141,0.0016820299999999963,0.0017452799999999964,0.0019156599999999987,0.002141756666666662
0.84,0.001103,0.001103,0.001158,0.001138,0.001221,0.001272,0.001322,0.001392,0.001401,0.001438,0.001478,0.001532,0.001603,0.001686,0.00175,0.001922,0.002154,0.0016867133333333395,0.0017504366666666593,0.0019219799999999928,0.002153746666666664
0.844,0.001102,0.001102,0.001157,0.001138,0.001221,0.00127,0.001321,0.001392,0.001401,0.001438,0.001479,0.001533,0.001605,0.001689,0.001754,0.001926,0.002163,0.0016889066666666685,0.001753226666666663,0.0019249899999999958,0.0021604433333333424
0.848,0.001101,0.001101,0.001154,0.001138,0.00122,0.001269,0.00132,0.00139,0.0014,0.001438,0.001479,0.001533,0.001606,0.00169,0.001755,0.001928,0.002167,0.0016896666666666748,0.0017543966666666662,0.0019272133333333348,0.00216599
0.852,0.0011,0.0011,0.001152,0.001138,0.001218,0.001266,0.001318,0.001387,0.001399,0.001437,0.001478,0.001532,0.001606,0.00169,0.001754,0.001927,0.002168,0.0016894366666666744,0.0017533366666666627,0.0019261966666666715,0.0021659066666666615
0.856,0.001099,0.001099,0.00115,0.001138,0.001217,0.001264,0.001316,0.001384,0.001397,0.001435,0.001477,0.00153,0.001604,0.001689,0.001751,0.001924,0.002164,0.001687856666666668,0.0017501100000000011,0.0019227066666666647,0.002161010000000005
0.86,0.001098,0.001098,0.001149,0.001138,0.001216,0.001262,0.001314,0.00138,0.001396,0.001434,0.001475,0.001528,0.001602,0.001686,0.001748,0.00192,0.002157,0.0016851733333333378,0.0017468166666666741,0.0019186866666666635,0.0021541533333333356
0.864,0.001096,0.001096,0.001148,0.001138,0.001214,0.001259,0.001311,0.001377,0.001394,0.001432,0.001473,0.001525,0.0016,0.001683,0.001743,0.001915,0.002148,0.0016818466666666627,0.001741659999999999,0.0019129199999999998,0.0021433100000000063
0.868,0.001095,0.001095,0.001148,0.001138,0.001213,0.001257,0.001309,0.001374,0.001392,0.00143,0.001471,0.001523,0.001597,0.00168,0.001739,0.001909,0.002136,0.001678783333333334,0.0017373299999999998,0.0019070633333333334,0.002131380000000009
0.872,0.001094,0.001094,0.001147,0.001138,0.001213,0.001256,0.001307,0.001371,0.001391,0.001428,0.001469,0.00152,0.001595,0.001677,0.001734,0.001903,0.002123,0.0016757166666666631,0.0017322433333333397,0.001901139999999994,0.0021183099999999982
0.876,0.001093,0.001093,0.001146,0.001139,0.001213,0.001255,0.001306,0.001368,0.001389,0.001426,0.001467,0.001517,0.001594,0.001674,0.001728,0.001897,0.002109,0.0016735600000000017,0.0017277033333333361,0.001896456666666666,0.002107016666666677
0.88,0.001093,0.001093,0.001145,0.00114,0.001213,0.001254,0.001304,0.001365,0.001388,0.001425,0.001465,0.001515,0.001592,0.001671,0.001724,0.001892,0.002095,0.0016707633333333265,0.001723206666666669,0.0018911766666666703,0.002092623333333336
0.884,0.001092,0.001092,0.001144,0.001141,0.001213,0.001254,0.001303,0.001362,0.001386,0.001423,0.001464,0.001514,0.001591,0.001669,0.001719,0.001887,0.002081,0.001668173333333325,0.001718270000000008,0.0018857000000000069,0.0020773933333333348
0.888,0.001092,0.001092,0.001143,0.001142,0.001213,0.001253,0.001302,0.00136,0.001385,0.001422,0.001463,0.001512,0.001589,0.001667,0.001716,0.001882,0.002066,0.0016663933333333281,0.0017151733333333327,0.0018813500000000032,0.0020638366666666727
0.892,0.001092,0.001092,0.001143,0.001143,0.001213,0.001253,0.001301,0.001357,0.001384,0.001421,0.001462,0.001511,0.001588,0.001665,0.001712,0.001878,0.002053,0.001664496666666677,0.0017115699999999986,0.0018775766666666678,0.0020508766666666703
0.896,0.001092,0.001092,0.001142,0.001143,0.001213,0.001253,0.0013,0.001356,0.001384,0.00142,0.001461,0.00151,0.001587,0.001663,0.001709,0.001875,0.00204,0.0016631700000000092,0.0017094566666666687,0.0018754566666666682,0.002041876666666668
0.9,0.001092,0.001092,0.001142,0.001144,0.001214,0.001253,0.001299,0.001354,0.001383,0.00142,0.00146,0.001509,0.001587,0.001662,0.001706,0.001872,0.002028,0.0016618166666666685,0.001706319999999997,0.0018721999999999964,0.0020291333333333325
0.904,0.001092,0.001092,0.001142,0.001146,0.001215,0.001254,0.001299,0.001353,0.001383,0.001419,0.00146,0.001508,0.001587,0.001661,0.001704,0.00187,0.002016,0.001660920000000007,0.0017040899999999947,0.0018700033333333306,0.0020170733333333395
0.908,0.001093,0.001093,0.001142,0.001147,0.001216,0.001254,0.001299,0.001352,0.001383,0.001419,0.001459,0.001507,0.001586,0.00166,0.001702,0.001868,0.002006,0.0016602100000000018,0.0017025133333333268,0.0018684899999999937,0.0020084300000000007
0.912,0.001093,0.001093,0.001142,0.001149,0.001218,0.001255,0.001299,0.001351,0.001382,0.001419,0.001459,0.001506,0.001586,0.001659,0.0017,0.001866,0.001996,0.0016591433333333404,0.001700009999999996,0.001865969999999999,0.0019949200000000003
0.916,0.001095,0.001095,0.001142,0.001151,0.00122,0.001256,0.0013,0.00135,0.001382,0.001418,0.001459,0.001506,0.001586,0.001659,0.001699,0.001865,0.001987,0.001658813333333339,0.0016989233333333364,0.0018648400000000022,0.001987626666666665
0.92,0.001096,0.001096,0.001143,0.001153,0.001221,0.001257,0.0013,0.00135,0.001382,0.001418,0.001458,0.001505,0.001585,0.001658,0.001697,0.001863,0.001978,0.00165795,0.0016970500000000025,0.0018629633333333336,0.00197846
0.924,0.001097,0.001097,0.001143,0.001155,0.001223,0.001258,0.0013,0.001349,0.001382,0.001418,0.001458,0.001504,0.001585,0.001657,0.001695,0.001861,0.00197,0.0016571566666666712,0.0016954566666666675,0.0018611766666666695,0.0019712200000000075
0.928,0.001098,0.001098,0.001144,0.001157,0.001225,0.001259,0.001301,0.001349,0.001382,0.001418,0.001458,0.001504,0.001584,0.001656,0.001694,0.001858,0.001961,0.0016560766666666646,0.0016939566666666602,0.0018583433333333435,0.001961819999999997
0.932,0.0011,0.0011,0.001145,0.001159,0.001226,0.00126,0.001301,0.001349,0.001382,0.001418,0.001458,0.001503,0.001583,0.001655,0.001692,0.001856,0.001953,0.0016551600000000025,0.00169226333333334,0.0018562166666666734,0.00195433666666666
0.936,0.001101,0.001101,0.001146,0.001162,0.001228,0.001262,0.001302,0.001349,0.001382,0.001418,0.001457,0.001502,0.001582,0.001654,0.00169,0.001853,0.001945,0.0016540699999999969,0.0016901600000000102,0.0018532066666666661,0.0019457233333333246
0.94,0.001103,0.001103,0.001147,0.001164,0.00123,0.001263,0.001303,0.001349,0.001382,0.001418,0.001457,0.001501,0.001581,0.001653,0.001688,0.00185,0.001937,0.0016529500000000029,0.001688236666666676,0.0018503133333333376,0.0019381333333333306
0.944,0.001105,0.001105,0.001149,0.001167,0.001232,0.001265,0.001304,0.001349,0.001383,0.001418,0.001457,0.001501,0.00158,0.001651,0.001686,0.001847,0.00193,0.001651126666666673,0.0016859866666666746,0.0018468033333333316,0.001929813333333325
0.948,0.001108,0.001108,0.00115,0.001169,0.001234,0.001267,0.001305,0.001349,0.001383,0.001418,0.001457,0.0015,0.001579,0.00165,0.001684,0.001843,0.001922,0.001649886666666664,0.0016841000000000076,0.0018433533333333326,0.0019225633333333266
0.952,0.00111,0.00111,0.001152,0.001172,0.001236,0.001269,0.001306,0.00135,0.001383,0.001418,0.001457,0.001499,0.001578,0.001648,0.001682,0.00184,0.001915,0.0016488133333333297,0.0016827833333333394,0.0018405566666666654,0.0019164433333333315
0.956,0.001113,0.001113,0.001154,0.001175,0.001239,0.001271,0.001308,0.00135,0.001384,0.001419,0.001457,0.001499,0.001577,0.001647,0.00168,0.001836,0.001907,0.001647056666666671,0.001680300000000005,0.0018365499999999982,0.0019082933333333307
0.96,0.001116,0.001116,0.001156,0.001178,0.001241,0.001273,0.001309,0.001351,0.001385,0.001419,0.001457,0.001498,0.001575,0.001645,0.001678,0.001832,0.0019,0.0016451400000000046,0.0016781100000000083,0.0018310533333333312,0.0018987666666666725
0.964,0.001119,0.001119,0.001158,0.00118,0.001243,0.001275,0.001311,0.001352,0.001385,0.00142,0.001457,0.001498,0.001574,0.001643,0.001676,0.001828,0.001893,0.001643156666666671,0.001676103333333341,0.001828020000000003,0.0018932366666666678
0.968,0.001123,0.001123,0.001161,0.001183,0.001246,0.001277,0.001313,0.001353,0.001386,0.00142,0.001457,0.001497,0.001573,0.001641,0.001674,0.001823,0.001885,0.001641246666666668,0.0016740200000000057,0.0018232000000000075,0.0018854400000000093
0.972,0.001126,0.001126,0.001163,0.001186,0.001249,0.00128,0.001314,0.001354,0.001387,0.001421,0.001458,0.001497,0.001572,0.00164,0.001672,0.001819,0.001879,0.0016402799999999942,0.0016722933333333382,0.001817406666666673,0.001876256666666671
0.976,0.00113,0.00113,0.001166,0.00119,0.001252,0.001282,0.001316,0.001356,0.001388,0.001422,0.001459,0.001497,0.001572,0.001639,0.00167,0.001815,0.001872,0.0016388033333333324,0.0016701066666666687,0.0018126166666666743,0.0018693866666666633
0.98,0.001134,0.001134,0.001169,0.001193,0.001255,0.001285,0.001319,0.001357,0.00139,0.001423,0.001459,0.001497,0.001571,0.001637,0.001669,0.001811,0.001866,0.001637506666666668,0.0016690666666666588,0.0018061933333333384,0.0018600366666666616
0.984,0.001138,0.001138,0.001173,0.001196,0.001258,0.001288,0.001321,0.001359,0.001392,0.001425,0.00146,0.001498,0.001571,0.001636,0.001667,0.001807,0.00186,0.001636573333333341,0.001667559999999991,0.001801696666666671,0.0018524799999999919
0.988,0.001142,0.001142,0.001177,0.0012,0.001261,0.001291,0.001323,0.001361,0.001393,0.001426,0.001461,0.001498,0.00157,0.001635,0.001666,0.001804,0.001854,0.001634213333333334,0.0016650433333333338,0.001791413333333343,0.001836023333333338
0.992,0.001146,0.001146,0.00118,0.001203,0.001264,0.001294,0.001326,0.001363,0.001395,0.001427,0.001462,0.001499,0.00157,0.001634,0.001665,0.0018,0.001848,0.00163468333333334,0.001665876666666676,0.0017955566666666741,0.0018406033333333341
0.996,0.00115,0.00115,0.001184,0.001207,0.001267,0.001296,0.001329,0.001365,0.001396,0.001429,0.001463,0.0015,0.00157,0.001633,0.001664,0.001797,0.001843,0.0016338966666666656,0.0016649966666666702,0.0017885133333333343,0.0018302500000000003
1.0,0.001154,0.001154,0.001189,0.001211,0.00127,0.0013,0.001331,0.001367,0.001398,0.001431,0.001465,0.001501,0.001571,0.001633,0.001663,0.001794,0.001838,0.0016339399999999974,0.0016634233333333414,0.001782316666666669,0.0018205800000000028
1.004,0.001158,0.001158,0.001193,0.001214,0.001273,0.001303,0.001334,0.001369,0.001401,0.001433,0.001466,0.001502,0.001571,0.001633,0.001663,0.001792,0.001834,0.0016333433333333303,0.001662823333333342,0.0017876266666666703,0.001824246666666668
1.008,0.001162,0.001162,0.001198,0.001218,0.001277,0.001306,0.001337,0.001372,0.001403,0.001435,0.001468,0.001503,0.001572,0.001633,0.001662,0.001789,0.00183,0.0016330199999999965,0.0016623799999999995,0.0017880033333333319,0.0018264199999999985
1.012,0.001167,0.001167,0.001203,0.001222,0.001281,0.001309,0.00134,0.001375,0.001405,0.001437,0.00147,0.001505,0.001572,0.001633,0.001662,0.001787,0.001826,0.0016330166666666634,0.0016622533333333328,0.001786283333333329,0.0018239899999999956
1.016,0.001171,0.001171,0.001207,0.001226,0.001284,0.001313,0.001343,0.001377,0.001408,0.001439,0.001472,0.001507,0.001574,0.001633,0.001663,0.001786,0.001822,0.0016331433333333313,0.0016628633333333408,0.0017851766666666677,0.0018210833333333284
1.02,0.001175,0.001175,0.001212,0.00123,0.001288,0.001316,0.001346,0.00138,0.001411,0.001442,0.001474,0.001509,0.001575,0.001634,0.001663,0.001784,0.001819,0.001633823333333339,0.0016629466666666778,0.0017834866666666701,0.0018188700000000022
1.024,0.00118,0.00118,0.001217,0.001234,0.001292,0.00132,0.00135,0.001383,0.001413,0.001444,0.001476,0.00151,0.001576,0.001635,0.001663,0.001783,0.001817,0.0016348999999999997,0.001663353333333343,0.0017817666666666628,0.0018148866666666693
1.028,0.001184,0.001184,0.001221,0.001238,0.001295,0.001323,0.001353,0.001386,0.001416,0.001447,0.001479,0.001513,0.001578,0.001635,0.001664,0.001782,0.001814,0.0016355499999999995,0.0016643400000000018,0.001782433333333332,0.0018137966666666632
1.032,0.001188,0.001188,0.001226,0.001242,0.001299,0.001327,0.001356,0.001389,0.001419,0.00145,0.001482,0.001515,0.00158,0.001636,0.001664,0.001781,0.001813,0.0016357900000000074,0.0016640766666666676,0.0017803299999999951,0.001811936666666667
1.036,0.001193,0.001193,0.001231,0.001247,0.001303,0.001331,0.00136,0.001392,0.001423,0.001453,0.001484,0.001517,0.001581,0.001637,0.001665,0.001781,0.001811,0.0016374133333333348,0.0016654333333333397,0.0017808399999999936,0.0018083300000000027
1.04,0.001198,0.001198,0.001236,0.001251,0.001307,0.001335,0.001363,0.001396,0.001426,0.001456,0.001487,0.00152,0.001583,0.001639,0.001667,0.001781,0.001809,0.001638886666666668,0.0016666599999999947,0.0017788333333333265,0.0018063466666666684
1.044,0.001203,0.001203,0.001241,0.001256,0.001312,0.001339,0.001367,0.0014,0.001429,0.001459,0.00149,0.001523,0.001585,0.001641,0.001668,0.001781,0.001809,0.0016403166666666697,0.0016667733333333335,0.0017774199999999929,0.0018048533333333335
1.048,0.001208,0.001208,0.001246,0.001261,0.001316,0.001343,0.001371,0.001403,0.001433,0.001462,0.001493,0.001526,0.001588,0.001643,0.00167,0.001781,0.001808,0.0016433600000000039,0.001669690000000002,0.0017792966666666606,0.001805943333333328
1.052,0.001213,0.001213,0.001251,0.001265,0.00132,0.001347,0.001375,0.001407,0.001436,0.001466,0.001496,0.001529,0.001591,0.001645,0.001671,0.001782,0.001808,0.0016448100000000046,0.001670603333333329,0.0017797933333333312,0.00180557666666666
1.056,0.001218,0.001218,0.001256,0.00127,0.001325,0.001352,0.00138,0.001411,0.00144,0.001469,0.0015,0.001532,0.001594,0.001647,0.001673,0.001783,0.001808,0.0016473833333333393,0.0016736633333333292,0.0017832366666666606,0.0018076166666666598
1.06,0.001223,0.001223,0.001262,0.001275,0.001329,0.001356,0.001384,0.001415,0.001444,0.001473,0.001503,0.001536,0.001596,0.001649,0.001676,0.001785,0.001808,0.001649170000000005,0.0016758700000000042,0.001785073333333328,0.0018079399999999933
1.064,0.001228,0.001228,0.001267,0.00128,0.001334,0.001361,0.001388,0.001419,0.001448,0.001477,0.001507,0.00154,0.0016,0.001652,0.001678,0.001787,0.001809,0.0016521799999999962,0.001678203333333339,0.001785829999999994,0.0018078033333333299
1.068,0.001233,0.001233,0.001273,0.001285,0.001339,0.001365,0.001393,0.001423,0.001453,0.001481,0.001511,0.001544,0.001603,0.001655,0.001681,0.001789,0.00181,0.001654853333333335,0.0016809733333333313,0.0017871833333333294,0.0018086533333333266
1.072,0.001239,0.001239,0.001279,0.00129,0.001344,0.00137,0.001397,0.001428,0.001457,0.001486,0.001515,0.001548,0.001607,0.001658,0.001684,0.001791,0.001812,0.0016572899999999975,0.0016831566666666716,0.0017887999999999934,0.0018094966666666607
1.076,0.001245,0.001245,0.001285,0.001296,0.00135,0.001375,0.001403,0.001433,0.001462,0.00149,0.00152,0.001552,0.001611,0.001662,0.001688,0.001794,0.001814,0.0016617199999999972,0.0016873200000000093,0.001789923333333334,0.0018096433333333287
1.08,0.001251,0.001251,0.001292,0.001302,0.001355,0.001381,0.001408,0.001438,0.001467,0.001495,0.001525,0.001557,0.001615,0.001666,0.001692,0.001797,0.001817,0.0016652233333333325,0.0016905200000000102,0.001791633333333333,0.001808190000000003
1.084,0.001257,0.001257,0.001299,0.001308,0.001361,0.001387,0.001414,0.001443,0.001473,0.001501,0.00153,0.001562,0.00162,0.001671,0.001697,0.001801,0.001821,0.001668146666666663,0.0016928933333333373,0.0017877600000000009,0.0018064666666666688
1.088,0.001264,0.001264,0.001306,0.001315,0.001367,0.001393,0.00142,0.001449,0.001478,0.001506,0.001536,0.001567,0.001625,0.001676,0.001701,0.001805,0.001824,0.0016711533333333365,0.0016949866666666695,0.001785509999999998,0.001804283333333334
1.092,0.00127,0.00127,0.001313,0.001321,0.001374,0.001399,0.001426,0.001456,0.001485,0.001513,0.001542,0.001573,0.001631,0.001681,0.001706,0.00181,0.001829,0.0016771933333333282,0.0017007966666666634,0.0017970233333333262,0.0018112833333333393
1.096,0.001277,0.001277,0.001321,0.001329,0.00138,0.001406,0.001432,0.001462,0.001491,0.001519,0.001548,0.001579,0.001637,0.001686,0.001712,0.001814,0.001833,0.0016798733333333372,0.0017027199999999965,0.001796226666666661,0.0018115433333333267
1.1,0.001285,0.001285,0.001329,0.001336,0.001387,0.001413,0.001439,0.001469,0.001498,0.001525,0.001554,0.001586,0.001643,0.001692,0.001717,0.00182,0.001838,0.0016836966666666745,0.0017057266666666722,0.0017982233333333293,0.001813513333333336
1.104,0.001293,0.001293,0.001337,0.001344,0.001395,0.00142,0.001447,0.001476,0.001505,0.001533,0.001561,0.001593,0.001649,0.001698,0.001723,0.001825,0.001844,0.0016903866666666627,0.0017116633333333284,0.0018044766666666687,0.0018214266666666701
1.108,0.001301,0.001301,0.001346,0.001353,0.001403,0.001429,0.001455,0.001484,0.001513,0.00154,0.001569,0.0016,0.001657,0.001705,0.00173,0.001832,0.00185,0.0016977133333333375,0.0017196033333333367,0.0018128666666666633,0.001829903333333339
1.112,0.00131,0.00131,0.001355,0.001361,0.001412,0.001437,0.001463,0.001492,0.001521,0.001548,0.001577,0.001608,0.001664,0.001713,0.001738,0.001839,0.001857,0.0017072666666666729,0.0017292266666666725,0.0018215399999999945,0.0018350033333333334
1.116,0.001319,0.001319,0.001365,0.001371,0.001421,0.001446,0.001472,0.001501,0.00153,0.001557,0.001585,0.001617,0.001673,0.001721,0.001746,0.001847,0.001865,0.001712793333333326,0.0017357033333333413,0.001822886666666662,0.0018399133333333359
1.12,0.001329,0.001329,0.001375,0.00138,0.001431,0.001455,0.001482,0.001511,0.001539,0.001566,0.001594,0.001626,0.001682,0.00173,0.001755,0.001855,0.001874,0.0017238000000000043,0.0017534200000000025,0.0018357333333333336,0.0018581633333333307
1.124,0.001339,0.001339,0.001387,0.001391,0.001441,0.001465,0.001492,0.00152,0.001549,0.001576,0.001605,0.001636,0.001691,0.00174,0.001764,0.001864,0.001883,0.0017340866666666714,0.0017640866666666618,0.0018497733333333252,0.0018710066666666695
1.128,0.001351,0.001351,0.001399,0.001402,0.001452,0.001476,0.001502,0.001531,0.00156,0.001587,0.001615,0.001646,0.001702,0.00175,0.001775,0.001874,0.001893,0.0017428033333333267,0.0017684666666666733,0.0018523599999999954,0.0018719733333333306
1.132,0.001362,0.001362,0.001411,0.001414,0.001464,0.001488,0.001514,0.001543,0.001572,0.001598,0.001627,0.001658,0.001713,0.001761,0.001785,0.001884,0.001904,0.001752230000000006,0.0017756466666666625,0.0018569666666666635,0.001874663333333338
1.136,0.001375,0.001375,0.001424,0.001426,0.001476,0.0015,0.001526,0.001555,0.001584,0.001611,0.001639,0.00167,0.001724,0.001772,0.001797,0.001895,0.001916,0.0017685233333333313,0.0017914099999999965,0.0018780633333333274,0.0018962733333333288
1.14,0.001387,0.001387,0.001438,0.001439,0.001489,0.001513,0.00154,0.001568,0.001597,0.001624,0.001652,0.001682,0.001737,0.001785,0.00181,0.001908,0.001928,0.0017774099999999975,0.0017990166666666599,0.0018827466666666718,0.001901666666666667
1.144,0.001401,0.001401,0.001452,0.001453,0.001503,0.001527,0.001553,0.001582,0.001611,0.001638,0.001665,0.001696,0.001751,0.001799,0.001823,0.001921,0.001942,0.0017893299999999974,0.0018087533333333388,0.0018884233333333318,0.0019074133333333329
1.148,0.001414,0.001414,0.001466,0.001467,0.001517,0.001541,0.001567,0.001596,0.001625,0.001652,0.00168,0.00171,0.001765,0.001814,0.001838,0.001935,0.001956,0.0018046366666666625,0.0018252733333333374,0.0019013633333333395,0.0019191200000000007
1.152,0.001428,0.001428,0.001481,0.001482,0.001531,0.001556,0.001583,0.001611,0.001641,0.001668,0.001696,0.001726,0.001781,0.001829,0.001854,0.00195,0.001972,0.0018200333333333392,0.0018421266666666751,0.0019195000000000043,0.0019385366666666566
1.156,0.001442,0.001442,0.001496,0.001497,0.001547,0.001571,0.001598,0.001627,0.001657,0.001684,0.001712,0.001742,0.001797,0.001846,0.001871,0.001966,0.001988,0.0018359166666666689,0.0018585433333333354,0.0019313000000000064,0.001944559999999997
1.16,0.001456,0.001456,0.001511,0.001512,0.001562,0.001587,0.001614,0.001643,0.001673,0.0017,0.001729,0.001759,0.001814,0.001863,0.001888,0.001983,0.002006,0.0018549299999999983,0.0018782400000000013,0.0019550233333333333,0.001973006666666664
1.164,0.00147,0.00147,0.001526,0.001527,0.001578,0.001603,0.001631,0.00166,0.00169,0.001718,0.001746,0.001776,0.001832,0.001881,0.001906,0.002001,0.002024,0.0018715733333333389,0.001895836666666667,0.0019725799999999977,0.001989906666666675
1.168,0.001485,0.001485,0.001541,0.001542,0.001594,0.001619,0.001648,0.001678,0.001708,0.001735,0.001764,0.001794,0.00185,0.0019,0.001925,0.002019,0.002044,0.0018919600000000063,0.001918706666666666,0.0019926899999999966,0.0020108466666666686
1.172,0.001499,0.001499,0.001556,0.001557,0.00161,0.001636,0.001665,0.001695,0.001726,0.001754,0.001782,0.001813,0.001868,0.001919,0.001944,0.002039,0.002064,0.001913036666666671,0.0019395833333333298,0.002015656666666672,0.0020437899999999985
1.176,0.001513,0.001513,0.001571,0.001573,0.001626,0.001653,0.001683,0.001713,0.001744,0.001772,0.001801,0.001831,0.001888,0.001938,0.001964,0.002058,0.002084,0.0019340433333333317,0.001960866666666668,0.0020424300000000026,0.0020721799999999907
1.18,0.001527,0.001527,0.001586,0.001588,0.001643,0.00167,0.0017,0.001731,0.001763,0.001791,0.00182,0.001851,0.001908,0.001959,0.001985,0.002079,0.002106,0.0019513433333333333,0.00197539666666667,0.002052273333333338,0.002080850000000004
1.184,0.001541,0.001541,0.001601,0.001604,0.001659,0.001687,0.001718,0.001749,0.001781,0.001811,0.00184,0.001871,0.001928,0.00198,0.002006,0.0021,0.002128,0.001974873333333327,0.0020023899999999984,0.00208272333333333,0.0021046333333333412
1.188,0.001556,0.001556,0.001616,0.00162,0.001676,0.001705,0.001737,0.001768,0.0018,0.00183,0.00186,0.001891,0.001949,0.002001,0.002027,0.002122,0.002151,0.0019932233333333303,0.0020159733333333344,0.002094169999999999,0.00211843333333334
1.192,0.00157,0.00157,0.001631,0.001636,0.001693,0.001722,0.001755,0.001787,0.00182,0.00185,0.00188,0.001912,0.00197,0.002023,0.002049,0.002144,0.002174,0.0020102366666666645,0.00203108,0.0021062600000000017,0.002130810000000005
1.196,0.001585,0.001585,0.001646,0.001651,0.00171,0.00174,0.001773,0.001806,0.001839,0.00187,0.0019,0.001932,0.00199,0.002045,0.002071,0.002166,0.002197,0.002031006666666665,0.002050630000000001,0.0021276900000000015,0.002151690000000002
1.2,0.001599,0.001599,0.00166,0.001667,0.001728,0.001758,0.001792,0.001825,0.001859,0.00189,0.001921,0.001953,0.002012,0.002066,0.002093,0.002187,0.00222,0.0020531500000000058,0.0020753166666666704,0.002152753333333339,0.002180770000000001
1.204,0.001613,0.001613,0.001675,0.001683,0.001745,0.001776,0.001811,0.001844,0.001879,0.00191,0.001941,0.001973,0.002033,0.002088,0.002115,0.002209,0.002243,0.0020745366666666603,0.0020962366666666603,0.002173920000000004,0.002202039999999999
1.208,0.001628,0.001628,0.001691,0.001699,0.001763,0.001794,0.00183,0.001864,0.001899,0.001931,0.001962,0.001994,0.002054,0.00211,0.002137,0.002231,0.002266,0.002101946666666661,0.0021240366666666704,0.002206193333333328,0.002237179999999994
1.212,0.001643,0.001643,0.001706,0.001716,0.001781,0.001813,0.001849,0.001884,0.001919,0.001951,0.001983,0.002015,0.002075,0.002132,0.002159,0.002253,0.002289,0.0021196266666666766,0.002140583333333341,0.0022206233333333268,0.0022534366666666617
1.216,0.001657,0.001657,0.001721,0.001733,0.001799,0.001832,0.001869,0.001903,0.001939,0.001972,0.002004,0.002036,0.002096,0.002153,0.002181,0.002275,0.002311,0.002139249999999998,0.0021610933333333273,0.002241270000000012,0.0022785766666666594
1.22,0.001672,0.001672,0.001736,0.001749,0.001818,0.00185,0.001888,0.001923,0.001959,0.001992,0.002024,0.002057,0.002117,0.002175,0.002203,0.002296,0.002333,0.002161880000000003,0.002184983333333329,0.002264129999999998,0.002295720000000001
1.224,0.001687,0.001687,0.001752,0.001766,0.001836,0.001869,0.001907,0.001943,0.00198,0.002013,0.002045,0.002078,0.002139,0.002197,0.002224,0.002317,0.002355,0.0021808800000000027,0.002202180000000002,0.0022771900000000036,0.0023068299999999984
1.228,0.001702,0.001702,0.001767,0.001783,0.001854,0.001888,0.001927,0.001963,0.002,0.002033,0.002066,0.002099,0.00216,0.002218,0.002245,0.002338,0.002377,0.002205390000000008,0.002229316666666674,0.002306056666666661,0.002334429999999996
1.232,0.001717,0.001717,0.001783,0.001799,0.001872,0.001907,0.001946,0.001982,0.00202,0.002053,0.002086,0.002119,0.002181,0.002239,0.002266,0.002358,0.0024,0.0022369533333333304,0.0022628633333333288,0.0023452133333333345,0.002374876666666663
1.236,0.001732,0.001732,0.001798,0.001816,0.00189,0.001925,0.001965,0.002002,0.00204,0.002074,0.002107,0.00214,0.002201,0.002259,0.002286,0.002379,0.002426,0.002252120000000006,0.0022773133333333397,0.0023572100000000084,0.0023919533333333367
1.24,0.001747,0.001747,0.001814,0.001833,0.001909,0.001944,0.001985,0.002021,0.00206,0.002094,0.002127,0.00216,0.002222,0.002279,0.002306,0.002401,0.002454,0.0022677500000000024,0.002292856666666667,0.0023705466666666614,0.0024103966666666615
1.244,0.001763,0.001763,0.00183,0.00185,0.001928,0.001963,0.002004,0.002041,0.00208,0.002114,0.002147,0.00218,0.002241,0.002299,0.002327,0.002425,0.002482,0.002287040000000007,0.0023134,0.0023950866666666727,0.002439283333333328
1.248,0.001778,0.001778,0.001846,0.001868,0.001946,0.001982,0.002023,0.00206,0.002099,0.002134,0.002167,0.0022,0.002261,0.00232,0.002351,0.002452,0.002508,0.0023120699999999946,0.0023450966666666634,0.002429060000000004,0.0024777466666666605
1.252,0.001793,0.001793,0.001862,0.001885,0.001964,0.002001,0.002042,0.00208,0.002119,0.002153,0.002186,0.002219,0.002281,0.002343,0.002376,0.002478,0.002534,0.002328149999999994,0.002362883333333338,0.0024492799999999942,0.0024953566666666717
1.256,0.001809,0.001809,0.001878,0.001902,0.001983,0.00202,0.002061,0.002098,0.002138,0.002172,0.002205,0.002238,0.002303,0.002369,0.002402,0.002503,0.002557,0.002355919999999993,0.002389273333333339,0.0024740866666666693,0.0025200966666666705
1.26,0.001824,0.001824,0.001894,0.001919,0.002001,0.002039,0.00208,0.002117,0.002157,0.002191,0.002224,0.002258,0.002327,0.002395,0.002428,0.002527,0.00258,0.002379800000000002,0.0024122133333333304,0.0024958799999999903,0.002537946666666678
1.264,0.00184,0.00184,0.00191,0.001936,0.002019,0.002057,0.002098,0.002135,0.002175,0.002211,0.002246,0.00228,0.002352,0.002419,0.002451,0.002549,0.002602,0.002404773333333325,0.002436909999999992,0.002520756666666676,0.0025625366666666622
1.268,0.001855,0.001855,0.001927,0.001953,0.002037,0.002075,0.002116,0.002154,0.002195,0.002233,0.002269,0.002304,0.002377,0.002443,0.002473,0.00257,0.002624,0.002433333333333324,0.0024635233333333223,0.0025513133333333257,0.0025899133333333246
1.272,0.00187,0.00187,0.001943,0.00197,0.002054,0.002092,0.002135,0.002175,0.002217,0.002257,0.002293,0.002329,0.002401,0.002464,0.002495,0.00259,0.002646,0.0024568500000000056,0.0024869333333333438,0.002573826666666659,0.002614320000000006
1.276,0.001885,0.001885,0.001958,0.001986,0.002071,0.002111,0.002155,0.002198,0.002241,0.002282,0.002318,0.002354,0.002422,0.002485,0.002515,0.002611,0.002667,0.002476333333333327,0.0025057666666666715,0.002586663333333337,0.0026308699999999918
1.28,0.0019,0.0019,0.001974,0.002002,0.002089,0.002131,0.002178,0.002222,0.002266,0.002306,0.002341,0.002376,0.002443,0.002505,0.002536,0.002631,0.002689,0.002489043333333324,0.002516939999999994,0.0025904033333333434,0.0026367900000000117
1.284,0.001916,0.001916,0.00199,0.00202,0.00211,0.002154,0.002202,0.002246,0.00229,0.002328,0.002363,0.002398,0.002464,0.002525,0.002556,0.002652,0.00271,0.002513703333333333,0.002542496666666668,0.0026160933333333265,0.002659729999999997
1.288,0.001931,0.001931,0.002009,0.002039,0.002133,0.002178,0.002226,0.002269,0.002313,0.00235,0.002384,0.002419,0.002484,0.002546,0.002577,0.002672,0.002731,0.0025341900000000086,0.0025614266666666758,0.0026312966666666693,0.00267566333333334
1.292,0.001946,0.001946,0.00203,0.002061,0.002157,0.002202,0.002249,0.002291,0.002334,0.002371,0.002404,0.002439,0.002504,0.002566,0.002597,0.002692,0.002751,0.00255049333333333,0.002577409999999995,0.0026452500000000096,0.002689366666666654
1.296,0.001962,0.001962,0.002053,0.002084,0.002181,0.002225,0.002271,0.002312,0.002354,0.002391,0.002424,0.002459,0.002524,0.002587,0.002617,0.002711,0.002772,0.002571943333333336,0.0025995699999999933,0.0026673100000000074,0.0027106899999999956
1.3,0.00198,0.00198,0.002075,0.002107,0.002203,0.002246,0.002291,0.002332,0.002375,0.002411,0.002444,0.002479,0.002544,0.002606,0.002637,0.00273,0.002792,0.002591456666666665,0.0026189200000000003,0.0026836100000000047,0.002730320000000007
1.304,0.002,0.002,0.002097,0.002129,0.002224,0.002267,0.002311,0.002352,0.002395,0.002431,0.002464,0.002499,0.002564,0.002626,0.002656,0.00275,0.002812,0.002613290000000005,0.002641303333333331,0.0027084366666666696,0.0027550133333333377
1.308,0.002021,0.002021,0.002117,0.002149,0.002245,0.002287,0.002331,0.002372,0.002415,0.002452,0.002484,0.00252,0.002584,0.002646,0.002676,0.002769,0.002833,0.002634130000000006,0.0026613733333333395,0.002730770000000011,0.0027808866666666565
1.312,0.002042,0.002042,0.002137,0.002169,0.002265,0.002306,0.002351,0.002392,0.002436,0.002472,0.002504,0.002539,0.002604,0.002665,0.002696,0.002789,0.002853,0.002646110000000002,0.0026749266666666717,0.002741583333333342,0.002789446666666664
1.316,0.002062,0.002062,0.002156,0.002189,0.002284,0.002326,0.002371,0.002412,0.002456,0.002492,0.002524,0.002559,0.002623,0.002685,0.002716,0.002808,0.002872,0.002665133333333342,0.002691846666666678,0.0027567366666666716,0.0027990966666666607
1.32,0.002082,0.002082,0.002176,0.002209,0.002304,0.002347,0.002392,0.002433,0.002476,0.002512,0.002544,0.002579,0.002643,0.002705,0.002735,0.002827,0.002892,0.002694586666666661,0.002721346666666675,0.002796403333333342,0.0028400433333333366
1.324,0.002101,0.002101,0.002196,0.002228,0.002324,0.002367,0.002412,0.002453,0.002496,0.002533,0.002565,0.002599,0.002663,0.002725,0.002755,0.002847,0.002912,0.0027089566666666566,0.002734903333333324,0.0028039300000000066,0.0028491000000000102
1.328,0.00212,0.00212,0.002215,0.002248,0.002345,0.002388,0.002432,0.002473,0.002517,0.002553,0.002585,0.00262,0.002683,0.002745,0.002775,0.002866,0.002932,0.0027302066666666665,0.002755613333333331,0.0028205533333333383,0.0028678600000000077
1.332,0.002139,0.002139,0.002235,0.002268,0.002365,0.002408,0.002452,0.002494,0.002537,0.002573,0.002605,0.00264,0.002703,0.002764,0.002794,0.002885,0.002952,0.0027487999999999935,0.0027745666666666585,0.0028442566666666805,0.0028932599999999874
1.336,0.002158,0.002158,0.002255,0.002288,0.002385,0.002428,0.002473,0.002514,0.002558,0.002593,0.002625,0.00266,0.002723,0.002783,0.002813,0.002904,0.002971,0.0027666933333333247,0.0027923099999999906,0.002859746666666675,0.0029115399999999846
1.34,0.002176,0.002176,0.002275,0.002308,0.002406,0.002449,0.002493,0.002535,0.002578,0.002614,0.002645,0.00268,0.002743,0.002803,0.002832,0.002923,0.002991,0.002783933333333333,0.0028090133333333184,0.0028723166666666713,0.0029244833333333265
1.344,0.002196,0.002196,0.002296,0.002329,0.002427,0.00247,0.002514,0.002555,0.002599,0.002635,0.002666,0.0027,0.002763,0.002823,0.002852,0.002943,0.003012,0.0028126333333333424,0.0028380166666666586,0.0029110100000000034,0.0029674966666666733
1.348,0.002215,0.002215,0.002317,0.002349,0.002448,0.002491,0.002535,0.002576,0.00262,0.002656,0.002686,0.002721,0.002783,0.002843,0.002872,0.002963,0.003032,0.002828756666666676,0.0028536366666666595,0.0029249433333333468,0.0029800233333333406
1.352,0.002235,0.002235,0.002337,0.00237,0.002469,0.002512,0.002557,0.002597,0.002641,0.002676,0.002707,0.002741,0.002803,0.002863,0.002893,0.002983,0.003053,0.0028498433333333183,0.0028753233333333396,0.002945929999999992,0.002999216666666655
1.356,0.002255,0.002255,0.002359,0.002391,0.00249,0.002533,0.002578,0.002619,0.002662,0.002697,0.002727,0.002762,0.002824,0.002883,0.002913,0.003003,0.003073,0.0028654033333333283,0.0028891100000000155,0.0029533466666666597,0.0030024499999999955
1.36,0.002276,0.002276,0.00238,0.002413,0.002511,0.002555,0.002599,0.00264,0.002684,0.002718,0.002748,0.002783,0.002844,0.002904,0.002933,0.003023,0.003094,0.002887550000000006,0.0029107566666666594,0.0029718533333333314,0.0030214000000000087
1.364,0.002297,0.002297,0.002402,0.002435,0.002533,0.002577,0.002621,0.002661,0.002706,0.002739,0.002769,0.002804,0.002865,0.002925,0.002954,0.003043,0.003116,0.00290882999999999,0.002933526666666672,0.0029986400000000086,0.003051543333333337
1.368,0.002318,0.002318,0.002424,0.002455,0.002555,0.002598,0.002642,0.002682,0.002728,0.002761,0.00279,0.002825,0.002886,0.002946,0.002975,0.003064,0.003137,0.002933110000000003,0.0029569866666666546,0.003023533333333323,0.0030790033333333165
1.372,0.002339,0.002339,0.002447,0.002475,0.002577,0.00262,0.002664,0.002704,0.002749,0.002783,0.002812,0.002847,0.002907,0.002967,0.002996,0.003085,0.003159,0.002953346666666681,0.0029772166666666654,0.0030461,0.003099236666666675
1.376,0.00236,0.00236,0.002469,0.002496,0.002599,0.002642,0.002686,0.002726,0.002771,0.002805,0.002834,0.002868,0.002929,0.002988,0.003017,0.003106,0.00318,0.0029714566666666645,0.0029948033333333465,0.0030609233333333454,0.003109773333333324
1.38,0.002383,0.002383,0.002492,0.002519,0.002621,0.002664,0.002708,0.002749,0.002793,0.002827,0.002856,0.00289,0.002951,0.00301,0.003039,0.003128,0.003202,0.0029954533333333257,0.003020510000000009,0.0030893800000000075,0.0031410200000000082
1.384,0.002405,0.002405,0.002515,0.002544,0.002644,0.002687,0.002731,0.002772,0.002816,0.002849,0.002878,0.002912,0.002973,0.003032,0.00306,0.003149,0.003225,0.0030136100000000064,0.003036276666666656,0.003102003333333326,0.003150786666666672
1.388,0.002428,0.002428,0.002539,0.00257,0.002667,0.00271,0.002754,0.002795,0.002839,0.002872,0.0029,0.002935,0.002995,0.003054,0.003083,0.003171,0.003248,0.003035566666666667,0.003057459999999984,0.003120373333333342,0.0031719766666666732
1.392,0.002451,0.002451,0.002562,0.002592,0.00269,0.002733,0.002777,0.002818,0.002862,0.002895,0.002923,0.002958,0.003018,0.003076,0.003105,0.003194,0.003271,0.0030630466666666622,0.003086470000000013,0.003155803333333337,0.0032099433333333443
1.396,0.002474,0.002474,0.002586,0.002615,0.002714,0.002757,0.0028,0.002841,0.002886,0.002919,0.002946,0.002981,0.00304,0.003098,0.003127,0.003216,0.003294,0.003087683333333346,0.0031119466666666624,0.00318530333333333,0.0032412966666666766
1.4,0.002497,0.002497,0.00261,0.002639,0.002737,0.00278,0.002824,0.002864,0.002909,0.002942,0.00297,0.003004,0.003063,0.003121,0.00315,0.003239,0.003317,0.0031076800000000137,0.003130963333333326,0.0032016366666666606,0.003256503333333341
1.404,0.002521,0.002521,0.002634,0.002662,0.002761,0.002804,0.002847,0.002888,0.002933,0.002966,0.002993,0.003027,0.003086,0.003143,0.003172,0.003262,0.00334,0.003130756666666672,0.003158056666666655,0.0032334066666666597,0.003295086666666673
1.408,0.002544,0.002544,0.002658,0.002686,0.002784,0.002828,0.002871,0.002912,0.002957,0.002989,0.003016,0.003051,0.003109,0.003166,0.003195,0.003284,0.003363,0.003147900000000004,0.0031724933333333177,0.0032411599999999864,0.00329641
1.412,0.002568,0.002568,0.002682,0.002711,0.002808,0.002852,0.002896,0.002937,0.002981,0.003013,0.003039,0.003074,0.003133,0.00319,0.003218,0.003308,0.003387,0.0031694633333333483,0.003191783333333351,0.003255326666666653,0.003311050000000005
1.416,0.002592,0.002592,0.002707,0.002735,0.002832,0.002876,0.00292,0.002961,0.003005,0.003037,0.003063,0.003098,0.003156,0.003213,0.003242,0.003331,0.003412,0.003193473333333344,0.0032174533333333296,0.0032807033333333182,0.0033398599999999987
1.42,0.002616,0.002616,0.002732,0.00276,0.002857,0.002901,0.002945,0.002985,0.003029,0.003061,0.003087,0.003122,0.00318,0.003237,0.003265,0.003355,0.003436,0.0032177466666666777,0.0032402933333333206,0.0033051633333333304,0.003357903333333329
1.424,0.002641,0.002641,0.002757,0.002784,0.002882,0.002925,0.002969,0.00301,0.003054,0.003086,0.003112,0.003146,0.003204,0.003261,0.003289,0.003379,0.003461,0.003243589999999992,0.003267236666666658,0.0033353066666666747,0.0033871333333333454
1.428,0.002666,0.002666,0.002782,0.002809,0.002907,0.00295,0.002994,0.003034,0.003079,0.00311,0.003136,0.003171,0.003229,0.003285,0.003313,0.003403,0.003486,0.003264473333333327,0.0032886733333333364,0.0033494033333333457,0.00339917333333333
1.432,0.002691,0.002691,0.002807,0.002834,0.002932,0.002974,0.003018,0.003059,0.003103,0.003135,0.00316,0.003195,0.003253,0.003309,0.003337,0.003427,0.00351,0.003291466666666672,0.0033155500000000074,0.003380106666666657,0.003432460000000003
1.436,0.002716,0.002716,0.002833,0.00286,0.002956,0.002999,0.003043,0.003084,0.003128,0.003159,0.003184,0.003219,0.003277,0.003333,0.003361,0.003451,0.003535,0.0033143333333333397,0.003338423333333317,0.0034034666666666598,0.0034579566666666545
1.44,0.002741,0.002741,0.002859,0.002885,0.002981,0.003023,0.003067,0.003108,0.003152,0.003184,0.003209,0.003244,0.003301,0.003357,0.003385,0.003475,0.00356,0.0033437333333333524,0.0033686466666666614,0.003439606666666669,0.003497033333333334
1.444,0.002766,0.002766,0.002884,0.00291,0.003006,0.003048,0.003092,0.003133,0.003177,0.003208,0.003233,0.003268,0.003326,0.003381,0.003409,0.003499,0.003584,0.003366006666666662,0.003392203333333332,0.003461380000000002,0.0035170666666666734
1.448,0.002792,0.002792,0.002909,0.002935,0.00303,0.003073,0.003117,0.003158,0.003202,0.003233,0.003258,0.003293,0.00335,0.003405,0.003433,0.003523,0.003609,0.0033931999999999986,0.0034201400000000094,0.0034909500000000165,0.003552613333333322
1.452,0.002818,0.002818,0.002934,0.00296,0.003056,0.003098,0.003142,0.003183,0.003227,0.003258,0.003283,0.003317,0.003375,0.003429,0.003457,0.003548,0.003634,0.0034107400000000063,0.0034365666666666783,0.003504283333333334,0.0035594866666666765
1.456,0.002844,0.002844,0.00296,0.002985,0.00308,0.003122,0.003167,0.003208,0.003252,0.003283,0.003307,0.003342,0.003399,0.003454,0.003481,0.003571,0.003659,0.0034355633333333223,0.003458406666666657,0.0035253166666666625,0.003582789999999998
1.46,0.00287,0.00287,0.002985,0.003011,0.003105,0.003147,0.003191,0.003232,0.003277,0.003308,0.003332,0.003366,0.003423,0.003478,0.003505,0.003595,0.003684,0.0034591333333333276,0.00348301666666666,0.0035492733333333396,0.0036097233333333427
1.464,0.002896,0.002896,0.003011,0.003036,0.00313,0.003172,0.003216,0.003257,0.003302,0.003332,0.003356,0.003391,0.003447,0.003501,0.003529,0.00362,0.003709,0.0034822233333333215,0.0035064866666666625,0.003572886666666654,0.003636843333333323
1.468,0.002922,0.002922,0.003036,0.003062,0.003155,0.003197,0.003241,0.003282,0.003327,0.003356,0.00338,0.003415,0.003471,0.003525,0.003553,0.003645,0.003734,0.0035111933333333333,0.003536586666666668,0.003608243333333333,0.0036724066666666676
1.472,0.002948,0.002948,0.003062,0.003087,0.00318,0.003222,0.003266,0.003307,0.003351,0.00338,0.003405,0.003439,0.003495,0.003549,0.003576,0.003669,0.003759,0.0035345600000000117,0.0035592633333333483,0.0036313900000000056,0.0036988699999999947
1.476,0.002974,0.002974,0.003087,0.003112,0.003205,0.003247,0.003291,0.003331,0.003375,0.003405,0.003429,0.003463,0.003519,0.003573,0.0036,0.003693,0.003784,0.003554966666666682,0.0035796133333333455,0.0036447599999999804,0.0037024566666666744
1.48,0.003001,0.003001,0.003112,0.003138,0.003229,0.003271,0.003315,0.003355,0.0034,0.003428,0.003452,0.003486,0.003542,0.003597,0.003624,0.003717,0.003808,0.003580139999999997,0.003604359999999991,0.003675343333333324,0.0037425233333333438
1.484,0.003027,0.003027,0.003138,0.003163,0.003254,0.003295,0.00334,0.00338,0.003424,0.003453,0.003476,0.00351,0.003566,0.00362,0.003647,0.003741,0.003832,0.0035985933333333242,0.003620019999999985,0.0036870633333333284,0.003751899999999991
1.488,0.003054,0.003054,0.003163,0.003188,0.003278,0.00332,0.003364,0.003404,0.003448,0.003477,0.0035,0.003534,0.00359,0.003644,0.003671,0.003765,0.003856,0.0036204766666666573,0.003640763333333324,0.0037068566666666734,0.0037690500000000012
1.492,0.003081,0.003081,0.003189,0.003214,0.003303,0.003344,0.003388,0.003428,0.003472,0.003501,0.003523,0.003558,0.003614,0.003667,0.003694,0.003788,0.00388,0.0036483166666666593,0.003669573333333326,0.003739876666666673,0.003808566666666671
1.496,0.003107,0.003107,0.003215,0.00324,0.003328,0.003368,0.003412,0.003452,0.003496,0.003525,0.003547,0.003582,0.003637,0.00369,0.003717,0.003812,0.003904,0.0036661799999999937,0.0036868833333333255,0.0037548200000000077,0.0038218733333333322
1.5,0.003134,0.003134,0.003241,0.003266,0.003352,0.003392,0.003436,0.003475,0.00352,0.003548,0.003571,0.003605,0.003661,0.003713,0.003739,0.003835,0.003928,0.003686756666666663,0.0037028933333333415,0.003762383333333345,0.0038205300000000012
