y_true,y_pred,residual
0.001086,0.0010080103333333335,7.798966666666641e-05
0.001129,0.0010789726666666653,5.002733333333469e-05
0.001121,0.0010793673333333342,4.163266666666588e-05
0.00107,0.000995888333333333,7.411166666666693e-05
0.001115,0.0010755399999999994,3.946000000000071e-05
0.001107,0.0010599096666666665,4.709033333333344e-05
0.001054,0.0009958619999999993,5.8138000000000764e-05
0.0011,0.0010484156666666655,5.1584333333334594e-05
0.001094,0.0010456766666666665,4.832333333333345e-05
0.00104,0.000998864999999999,4.1135000000000954e-05
0.001086,0.0010313959999999995,5.4604000000000414e-05
0.001082,0.0010435196666666651,3.848033333333492e-05
0.001025,0.0009696893333333324,5.5310666666667655e-05
0.001074,0.0010190426666666658,5.495733333333425e-05
0.001069,0.0010259146666666654,4.3085333333334674e-05
0.001014,0.0009698273333333328,4.4172666666667166e-05
0.001061,0.0010009619999999996,6.003800000000054e-05
0.001057,0.0010238689999999997,3.313100000000026e-05
0.001002,0.0009610006666666661,4.099933333333392e-05
0.001049,0.0009935913333333332,5.540866666666681e-05
0.001046,0.001014607333333334,3.139266666666598e-05
0.0009908,0.0009624553333333317,2.8344666666668293e-05
0.001037,0.0009973873333333336,3.961266666666638e-05
0.001035,0.001014029666666668,2.0970333333332003e-05
0.0009803,0.0009708286666666682,9.471333333331685e-06
0.001026,0.0010101883333333316,1.581166666666839e-05
0.001025,0.0010192186666666682,5.7813333333319155e-06
0.0009711,0.0009528463333333324,1.8253666666667593e-05
0.001015,0.000994178333333333,2.0821666666667044e-05
0.001016,0.0010027360000000008,1.326399999999916e-05
0.0009624,0.000937951999999995,2.4448000000004927e-05
0.001005,0.0009838799999999995,2.1120000000000557e-05
0.001008,0.000988919333333333,1.908066666666706e-05
0.0009551,0.0009305969999999969,2.4503000000003082e-05
0.0009961,0.000980245333333333,1.5854666666667008e-05
0.001,0.0009835510000000011,1.6448999999998893e-05
0.0009474,0.0009218219999999953,2.557800000000472e-05
0.0009876,0.0009687283333333337,1.8871666666666264e-05
0.0009923,0.0009716116666666638,2.0688333333336237e-05
0.0009397,0.0009111109999999972,2.85890000000028e-05
0.0009788,0.000957317999999999,2.1482000000000944e-05
0.000986,0.0009593269999999991,2.667300000000082e-05
0.000932,0.0009126039999999993,1.9396000000000734e-05
0.0009701,0.0009525976666666652,1.7502333333334753e-05
0.0009791,0.0009597843333333302,1.9315666666669677e-05
0.0009258,0.0009161773333333307,9.62266666666928e-06
0.000962,0.0009543666666666652,7.63333333333473e-06
0.0009715,0.0009630893333333327,8.410666666667328e-06
0.0009199,0.0009030849999999995,1.6815000000000428e-05
0.0009555,0.0009382889999999988,1.7211000000001133e-05
0.000965,0.0009488343333333329,1.6165666666667134e-05
0.0009141,0.0009006086666666666,1.3491333333333399e-05
0.0009493,0.0009328373333333327,1.6462666666667365e-05
0.0009587,0.0009452520000000007,1.3447999999999347e-05
0.0009086,0.0009000893333333339,8.510666666666084e-06
0.0009427,0.0009354406666666676,7.259333333332419e-06
0.0009526,0.0009461949999999991,6.405000000000885e-06
0.0009019,0.000895394999999998,6.505000000001917e-06
0.0009367,0.0009282333333333329,8.466666666667017e-06
0.0009477,0.0009408249999999997,6.875000000000262e-06
0.0008972,0.0008922743333333345,4.925666666665473e-06
0.0009313,0.0009251753333333361,6.124666666663969e-06
0.0009429,0.0009388350000000001,4.064999999999928e-06
0.0008938,0.0008882019999999985,5.598000000001514e-06
0.0009257,0.0009196950000000008,6.004999999999249e-06
0.0009387,0.000935294666666669,3.4053333333310424e-06
0.0008895,0.0008867246666666669,2.775333333333049e-06
0.0009208,0.0009165609999999984,4.239000000001692e-06
0.0009367,0.0009325216666666646,4.178333333335299e-06
0.0008854,0.000882197333333331,3.202666666669027e-06
0.0009166,0.0009104633333333326,6.13666666666741e-06
0.000933,0.0009291496666666697,3.850333333330351e-06
0.000882,0.000876751000000001,5.248999999998946e-06
0.0009124,0.0009049913333333318,7.4086666666681395e-06
0.0009307,0.0009234089999999987,7.2910000000012826e-06
0.0008778,0.0008729303333333347,4.869666666665242e-06
0.0009091,0.0009022259999999994,6.87400000000068e-06
0.0009264,0.0009204269999999975,5.973000000002431e-06
0.0008756,0.000874082666666669,1.5173333333310226e-06
0.0009061,0.0009034226666666686,2.6773333333313977e-06
0.0009226,0.0009215236666666645,1.076333333335463e-06
0.0008736,0.000870431000000003,3.1689999999969876e-06
0.0009027,0.0008987633333333361,3.936666666663887e-06
0.0009201,0.0009182263333333303,1.8736666666696773e-06
0.0008708,0.0008725083333333346,-1.708333333334572e-06
0.0008991,0.0009005920000000006,-1.4920000000006152e-06
0.0009194,0.0009191833333333334,2.1666666666657255e-07
0.000869,0.0008686120000000016,3.879999999984113e-07
0.0008966,0.0008947550000000023,1.8449999999977165e-06
0.0009171,0.0009148929999999984,2.207000000001573e-06
0.0008672,0.0008670026666666673,1.9733333333279025e-07
0.0008938,0.0008916040000000005,2.195999999999557e-06
0.0009153,0.000912343666666666,2.9563333333339475e-06
0.0008657,0.0008662403333333371,-5.403333333371067e-07
0.0008909,0.000889696333333332,1.2036666666680185e-06
0.000912,0.0009107070000000025,1.2929999999975903e-06
0.0008661,0.0008648993333333351,1.200666666664827e-06
0.000889,0.0008879419999999986,1.0580000000014796e-06
0.0009102,0.0009086150000000017,1.5849999999982848e-06
0.0008652,0.000864372666666669,8.273333333310004e-07
0.0008876,0.0008868986666666681,7.013333333319438e-07
0.0009076,0.0009084363333333336,-8.363333333335273e-07
0.0008642,0.0008644643333333366,-2.643333333366641e-07
0.0008863,0.0008871959999999953,-8.959999999952426e-07
0.0009073,0.0009077893333333353,-4.893333333353279e-07
0.0008633,0.0008652383333333359,-1.9383333333359166e-06
0.0008856,0.000887645000000001,-2.0450000000010824e-06
0.0009066,0.0009085756666666676,-1.975666666667597e-06
0.000862,0.0008648630000000018,-2.863000000001819e-06
0.0008849,0.0008860376666666673,-1.1376666666673045e-06
0.0009065,0.0009076180000000002,-1.118000000000256e-06
0.000861,0.0008621863333333315,-1.1863333333314487e-06
0.0008829,0.0008834076666666633,-5.076666666632397e-07
0.0009053,0.0009058933333333341,-5.93333333334038e-07
0.0008605,0.0008612469999999997,-7.469999999996186e-07
0.0008818,0.0008818919999999994,-9.199999999938858e-08
0.0009055,0.0009041679999999982,1.3320000000017823e-06
0.0008599,0.000859984333333332,-8.433333333198682e-08
0.0008815,0.0008809156666666649,5.843333333350889e-07
0.0009031,0.0009032256666666665,-1.256666666665492e-07
0.0008591,0.0008596900000000011,-5.900000000010498e-07
0.0008811,0.0008807476666666677,3.523333333323034e-07
0.0009015,0.0009023949999999988,-8.949999999988047e-07
0.0008592,0.0008595803333333326,-3.8033333333263586e-07
0.0008804,0.0008803243333333325,7.566666666749666e-08
0.0009016,0.0009025066666666666,-9.066666666665947e-07
0.0008595,0.0008585896666666653,9.103333333346925e-07
0.0008798,0.0008795119999999997,2.8800000000030624e-07
0.0009014,0.0009026773333333332,-1.2773333333332068e-06
0.0008597,0.0008596560000000003,4.399999999971701e-08
0.0008786,0.0008790336666666666,-4.3366666666662824e-07
0.0009015,0.0009021666666666667,-6.66666666666719e-07
0.0008598,0.0008529289999999993,6.871000000000633e-06
0.0008775,0.0008777523333333334,-2.52333333333331e-07
0.0009027,0.0009075423333333325,-4.842333333332526e-06
0.0008599,0.0008595626666666689,3.3733333333109145e-07
0.0008776,0.0008786419999999963,-1.0419999999963488e-06
0.0009016,0.0009018863333333327,-2.863333333326737e-07
0.0008594,0.0008602256666666659,-8.256666666659699e-07
0.0008779,0.0008779903333333322,-9.033333333218971e-08
0.0009007,0.0009015409999999983,-8.409999999982798e-07
0.0008603,0.000860691666666667,-3.916666666669427e-07
0.0008779,0.0008785476666666644,-6.476666666643599e-07
0.0009013,0.0009014179999999984,-1.1799999999849691e-07
0.0008616,0.0008622516666666661,-6.516666666660492e-07
0.0008784,0.0008784356666666637,-3.566666666372266e-08
0.0009011,0.0009022599999999978,-1.1599999999978815e-06
0.0008635,0.0008636333333333331,-1.333333333330836e-07
0.0008782,0.0008787636666666667,-5.636666666667236e-07
0.0009022,0.0009030099999999973,-8.099999999972496e-07
0.0008658,0.0008635469999999971,2.253000000002948e-06
0.0008784,0.0008784413333333321,-4.133333333206871e-08
0.0009041,0.0009023303333333308,1.7696666666692324e-06
0.0008674,0.0008659066666666669,1.4933333333331383e-06
0.0008784,0.0008795220000000002,-1.1220000000002105e-06
0.000904,0.0009039436666666669,5.633333333306383e-08
0.0008687,0.0008671829999999996,1.5170000000004668e-06
0.0008795,0.0008799549999999999,-4.5499999999989993e-07
0.0009039,0.0009048919999999997,-9.919999999996815e-07
0.0008697,0.0008655890000000025,4.110999999997508e-06
0.0008802,0.0008800386666666676,1.6133333333244026e-07
0.0009044,0.0009047980000000031,-3.980000000031224e-07
0.0008711,0.0008683789999999983,2.721000000001643e-06
0.0008812,0.0008808023333333352,3.9766666666476037e-07
0.0009048,0.0009044356666666659,3.6433333333411866e-07
0.0008725,0.000871706333333336,7.936666666640566e-07
0.0008816,0.0008817060000000004,-1.0600000000047637e-07
0.000906,0.0009066970000000021,-6.97000000002084e-07
0.0008737,0.000874991999999999,-1.291999999998984e-06
0.0008822,0.0008840733333333362,-1.8733333333361942e-06
0.0009074,0.0009088276666666673,-1.4276666666672086e-06
0.0008757,0.0008763059999999997,-6.059999999996754e-07
0.0008836,0.0008851260000000003,-1.5260000000002832e-06
0.0009087,0.0009099046666666673,-1.2046666666672753e-06
0.0008781,0.0008775189999999988,5.810000000012333e-07
0.0008854,0.0008860050000000021,-6.050000000020449e-07
0.0009103,0.0009111710000000004,-8.710000000004868e-07
0.0008799,0.0008805079999999978,-6.079999999978637e-07
0.0008869,0.0008892419999999997,-2.3419999999996872e-06
0.0009128,0.0009142976666666681,-1.497666666668094e-06
0.000882,0.0008822039999999991,-2.0399999999909206e-07
0.0008886,0.0008897706666666678,-1.1706666666678241e-06
0.0009144,0.0009153829999999985,-9.829999999984556e-07
0.0008842,0.0008855449999999967,-1.3449999999966744e-06
0.0008901,0.0008930313333333322,-2.9313333333321444e-06
0.0009159,0.0009175483333333355,-1.6483333333354704e-06
0.0008859,0.0008889916666666647,-3.0916666666646773e-06
0.0008918,0.0008950883333333333,-3.28833333333332e-06
0.0009168,0.0009191290000000023,-2.3290000000023015e-06
0.0008888,0.0008896639999999981,-8.639999999980998e-07
0.0008939,0.0008957579999999996,-1.857999999999656e-06
0.0009179,0.0009208916666666686,-2.991666666668524e-06
0.0008916,0.0008921069999999984,-5.069999999984419e-07
0.0008948,0.0008963099999999992,-1.5099999999992723e-06
0.0009193,0.0009211436666666671,-1.843666666667145e-06
0.0008948,0.0008937196666666664,1.0803333333335744e-06
0.0008954,0.0008996489999999989,-4.248999999998922e-06
0.0009217,0.0009285686666666681,-6.868666666668094e-06
0.0008977,0.000898099666666666,-3.996666666659845e-07
0.0008966,0.0008980949999999994,-1.4949999999993614e-06
0.0009236,0.000925612666666666,-2.0126666666660112e-06
0.0009006,0.0008992836666666676,1.3163333333324114e-06
0.0008989,0.000902275,-3.3750000000000143e-06
0.0009265,0.0009321359999999973,-5.6359999999972335e-06
0.0009028,0.0009018200000000011,9.799999999989505e-07
0.0009005,0.0009012109999999992,-7.109999999991602e-07
0.0009281,0.0009289903333333338,-8.903333333338355e-07
0.0009058,0.0009044570000000003,1.3429999999996787e-06
0.0009031,0.0009089210000000005,-5.821000000000472e-06
0.0009295,0.0009416956666666629,-1.2195666666662956e-05
0.0009082,0.0009096439999999998,-1.4439999999998595e-06
0.0009057,0.0009136050000000005,-7.905000000000542e-06
0.0009317,0.0009448943333333302,-1.3194333333330132e-05
0.0009111,0.000912515666666666,-1.4156666666660439e-06
0.0009083,0.0009139206666666668,-5.620666666666767e-06
0.0009342,0.0009425626666666642,-8.362666666664187e-06
0.0009141,0.0009133996666666687,7.00333333331386e-07
0.0009103,0.0009100313333333325,2.686666666674997e-07
0.0009362,0.0009368616666666648,-6.616666666647971e-07
0.0009174,0.0009153939999999981,2.006000000001878e-06
0.0009128,0.0009143586666666674,-1.558666666667428e-06
0.0009392,0.0009448173333333321,-5.617333333332152e-06
0.0009205,0.0009190056666666707,1.494333333329251e-06
0.0009151,0.0009160196666666644,-9.196666666644142e-07
0.0009412,0.000943736666666664,-2.536666666663962e-06
0.0009239,0.0009234906666666669,4.0933333333309247e-07
0.0009178,0.0009218413333333334,-4.041333333333467e-06
0.0009437,0.0009539613333333339,-1.0261333333333933e-05
0.0009269,0.0009256023333333304,1.297666666669607e-06
0.0009208,0.0009207136666666677,8.633333333234357e-08
0.0009473,0.0009463526666666657,9.473333333342993e-07
0.00093,0.000932003000000001,-2.003000000000963e-06
0.0009241,0.0009307893333333319,-6.689333333331901e-06
0.0009498,0.0009579209999999992,-8.120999999999172e-06
0.0009335,0.0009353639999999978,-1.8639999999977988e-06
0.0009258,0.0009301153333333345,-4.3153333333345286e-06
0.0009532,0.0009599833333333342,-6.783333333334248e-06
0.0009373,0.0009355916666666679,1.7083333333320783e-06
0.0009273,0.000928844333333335,-1.5443333333349171e-06
0.0009564,0.0009570026666666645,-6.026666666644103e-07
0.0009406,0.0009436999999999996,-3.0999999999995875e-06
0.0009307,0.0009366056666666644,-5.905666666664424e-06
0.0009596,0.0009655090000000012,-5.909000000001207e-06
0.000944,0.0009503859999999986,-6.385999999998634e-06
0.0009329,0.0009529020000000021,-2.0002000000002144e-05
0.0009623,0.000985970666666669,-2.3670666666668967e-05
0.0009474,0.000949066,-1.6659999999999939e-06
0.0009357,0.0009388666666666655,-3.1666666666654245e-06
0.0009655,0.0009665906666666681,-1.0906666666680824e-06
0.0009509,0.0009547206666666632,-3.820666666663254e-06
0.000939,0.0009556553333333357,-1.665533333333573e-05
0.0009658,0.0009916010000000023,-2.5801000000002378e-05
0.0009546,0.0009600889999999988,-5.488999999998822e-06
0.0009422,0.0009621290000000019,-1.9929000000001862e-05
0.0009676,0.000998698000000002,-3.109800000000208e-05
0.0009586,0.0009593553333333355,-7.553333333355046e-07
0.000946,0.000949756666666666,-3.7566666666660406e-06
0.00097,0.0009745760000000057,-4.576000000005697e-06
0.0009622,0.0009638020000000003,-1.6020000000002872e-06
0.0009503,0.0009622883333333353,-1.198833333333532e-05
0.0009734,0.000991334333333333,-1.793433333333288e-05
0.000966,0.0009680736666666688,-2.073666666668815e-06
0.0009537,0.0009643420000000004,-1.0642000000000377e-05
0.0009783,0.0009911496666666702,-1.2849666666670109e-05
0.00097,0.0009706603333333343,-6.603333333342256e-07
0.0009559,0.0009693206666666678,-1.3420666666667824e-05
0.0009835,0.0009970896666666655,-1.3589666666665497e-05
0.0009741,0.0009675503333333344,6.549666666665565e-06
0.0009588,0.000996623666666667,-3.7823666666667055e-05
0.0009867,0.001027538000000001,-4.083800000000094e-05
0.0009773,0.0009655000000000006,1.1799999999999311e-05
0.0009617,0.0009909170000000002,-2.921700000000022e-05
0.000991,0.0010208899999999998,-2.9889999999999865e-05
0.0009809,0.0009754513333333338,5.448666666666227e-06
0.0009652,0.0009758876666666676,-1.068766666666751e-05
0.000994,0.0010045250000000018,-1.0525000000001679e-05
0.0009835,0.000983116666666667,3.8333333333300836e-07
0.0009688,0.0009761086666666675,-7.308666666667432e-06
0.000997,0.0010051666666666646,-8.16666666666457e-06
0.000987,0.0009828760000000028,4.123999999997279e-06
0.0009719,0.0009744223333333304,-2.5223333333303666e-06
0.001001,0.0010029433333333352,-1.9433333333352364e-06
0.0009907,0.0009919313333333344,-1.231333333334434e-06
0.0009745,0.0009809059999999993,-6.405999999999274e-06
0.001004,0.0010097456666666646,-5.745666666664723e-06
0.0009945,0.0009919753333333366,2.524666666663339e-06
0.0009786,0.0009780229999999984,5.77000000001604e-07
0.001007,0.0010067733333333374,2.2666666666271845e-07
0.0009984,0.000996744000000002,1.6559999999978849e-06
0.0009818,0.0009852346666666656,-3.434666666665741e-06
0.00101,0.0010135623333333325,-3.5623333333324302e-06
0.001003,0.0010033976666666664,-3.9766666666638667e-07
0.0009854,0.0009895310000000005,-4.1310000000005336e-06
0.001012,0.0010175389999999998,-5.538999999999718e-06
0.001007,0.0010069580000000007,4.199999999936026e-08
0.0009885,0.0009904186666666653,-1.91866666666529e-06
0.001016,0.0010186940000000014,-2.694000000001435e-06
0.001011,0.0010126576666666632,-1.6576666666632406e-06
0.000992,0.0009996266666666691,-7.626666666669078e-06
0.001021,0.0010284366666666691,-7.4366666666691224e-06
0.001015,0.0010138876666666672,1.1123333333328857e-06
0.0009956,0.0009994156666666655,-3.81566666666556e-06
0.001026,0.0010278086666666653,-1.8086666666652929e-06
0.001018,0.0010181510000000006,-1.510000000005344e-07
0.0009988,0.0010024896666666653,-3.689666666665311e-06
0.001031,0.0010326700000000018,-1.6700000000017916e-06
0.001022,0.0010203313333333336,1.6686666666663411e-06
0.001003,0.001003094333333333,-9.433333333312005e-08
0.001035,0.001034070000000003,9.299999999968622e-07
0.001027,0.0010273293333333334,-3.2933333333345916e-07
0.001007,0.0010086186666666663,-1.6186666666662044e-06
0.001036,0.0010375696666666712,-1.5696666666711791e-06
0.001032,0.0010293776666666663,2.622333333333676e-06
0.001011,0.0010108003333333306,1.9966666666934065e-07
0.001039,0.0010398500000000008,-8.500000000008067e-07
0.001036,0.0010331899999999968,2.8100000000032613e-06
0.001015,0.001013647333333334,1.3526666666661361e-06
0.001043,0.0010420700000000017,9.2999999999838e-07
0.001042,0.0010400996666666649,1.9003333333351014e-06
0.001018,0.0010204563333333291,-2.4563333333291106e-06
0.001048,0.001050483333333332,-2.4833333333318126e-06
0.001046,0.0010425436666666621,3.456333333337917e-06
0.001021,0.0010215329999999994,-5.329999999993933e-07
0.001054,0.0010507993333333302,3.200666666669863e-06
0.00105,0.0010503953333333312,-3.9533333333124573e-07
0.001023,0.0010242499999999987,-1.249999999998648e-06
0.001057,0.0010561189999999984,8.810000000016201e-07
0.001056,0.0010525479999999978,3.452000000002311e-06
0.001027,0.0010269396666666667,6.033333333323523e-08
0.001059,0.0010582266666666644,7.733333333356796e-07
0.001061,0.0010561360000000029,4.863999999997221e-06
0.001031,0.001031704333333332,-7.043333333318826e-07
0.001061,0.0010609613333333347,3.86666666653962e-08
0.001066,0.0010591179999999984,6.882000000001673e-06
0.001034,0.0010342336666666683,-2.336666666683581e-07
0.001066,0.00106353633333333,2.4636666666700766e-06
0.00107,0.0010644260000000029,5.573999999997125e-06
0.001038,0.001040968999999999,-2.9689999999989343e-06
0.001071,0.0010684896666666693,2.5103333333306114e-06
0.001074,0.0010703563333333338,3.6436666666663214e-06
0.001043,0.0010442143333333344,-1.2143333333342748e-06
0.001076,0.001073688666666663,2.3113333333369106e-06
0.001076,0.0010708289999999993,5.1710000000006456e-06
0.001047,0.0010503723333333348,-3.3723333333348596e-06
0.001079,0.0010690813333333355,9.918666666664617e-06
0.001079,0.0010738516666666678,5.148333333332249e-06
0.001051,0.0010542433333333306,-3.2433333333305517e-06
0.001082,0.0010721900000000006,9.80999999999942e-06
0.001083,0.0010733216666666673,9.678333333332668e-06
0.001055,0.001060751,-5.75100000000002e-06
0.001085,0.0010794280000000005,5.571999999999478e-06
0.001087,0.0010830320000000024,3.967999999997642e-06
0.001059,0.0010615433333333348,-2.543333333334709e-06
0.00109,0.0010869956666666682,3.0043333333318843e-06
0.001091,0.001087882333333334,3.1176666666660625e-06
0.001062,0.001064490000000001,-2.4900000000010417e-06
0.001094,0.0010862273333333298,7.772666666670076e-06
0.001097,0.0010932056666666668,3.794333333333264e-06
0.001066,0.0010691499999999979,-3.1499999999977726e-06
0.001098,0.0010915813333333317,6.418666666668273e-06
0.001102,0.0010961066666666658,5.893333333334113e-06
0.001069,0.0010713883333333337,-2.388333333333678e-06
0.001102,0.0010907799999999997,1.1220000000000153e-05
0.001108,0.0010927496666666644,1.5250333333335616e-05
0.001073,0.0010749333333333303,-1.9333333333303084e-06
0.001105,0.0010862486666666639,1.8751333333336204e-05
0.001112,0.0010971816666666642,1.4818333333335753e-05
0.001077,0.001080133333333333,-3.1333333333329397e-06
0.001109,0.0010927889999999994,1.6211000000000567e-05
0.001115,0.0011007663333333357,1.4233666666664362e-05
0.00108,0.0010915033333333325,-1.1503333333332455e-05
0.001114,0.0010796793333333347,3.432066666666524e-05
0.001117,0.0011056730000000034,1.1326999999996526e-05
0.001083,0.001097008333333334,-1.4008333333334058e-05
0.001118,0.0010778146666666696,4.018533333333043e-05
0.00112,0.0011140253333333332,5.974666666666703e-06
0.001087,0.0011020400000000016,-1.5040000000001537e-05
0.001122,0.0010727666666666671,4.9233333333332813e-05
0.001124,0.0011194160000000015,4.5839999999984504e-06
0.001091,0.0011095333333333345,-1.8533333333334507e-05
0.001126,0.0011095593333333362,1.6440666666663875e-05
0.00113,0.0011250163333333374,4.983666666662483e-06
0.001096,0.0011050133333333327,-9.013333333332714e-06
0.00113,0.0011160279999999979,1.3972000000002068e-05
0.001136,0.0011291183333333344,6.8816666666656964e-06
0.0011,0.0011097400000000019,-9.740000000001787e-06
0.001133,0.0011228173333333346,1.0182666666665304e-05
0.001143,0.0011356593333333314,7.340666666668478e-06
0.001103,0.0011169633333333357,-1.3963333333335626e-05
0.001138,0.001143007999999998,-5.0079999999981875e-06
0.001148,0.0011440329999999983,3.967000000001638e-06
0.001107,0.0011114433333333327,-4.443333333332749e-06
0.001142,0.001136863333333331,5.136666666668904e-06
0.001152,0.001147043333333332,4.956666666668021e-06
0.001111,0.0011145566666666705,-3.556666666670481e-06
0.001146,0.0011471873333333293,-1.1873333333291877e-06
0.001156,0.0011504283333333338,5.571666666666104e-06
0.001115,0.0011188173333333358,-3.817333333335686e-06
0.001151,0.0011504113333333328,5.886666666671172e-07
0.001159,0.001147537333333329,1.1462666666671147e-05
0.001118,0.001123416666666665,-5.416666666664856e-06
0.001155,0.0011550766666666688,-7.666666666881344e-08
0.001162,0.0011558833333333318,6.116666666668288e-06
0.001123,0.0011270166666666665,-4.016666666666448e-06
0.00116,0.0011615366666666697,-1.5366666666696838e-06
0.001167,0.0011579549999999978,9.045000000002228e-06
0.001127,0.0011333999999999982,-6.399999999998204e-06
0.001165,0.001164567333333333,4.326666666670462e-07
0.001171,0.0011341433333333306,3.685666666666939e-05
0.001131,0.0011453609999999982,-1.436099999999811e-05
0.00117,0.0011653880000000024,4.61199999999759e-06
0.001176,0.0011354683333333311,4.053166666666882e-05
0.001135,0.0011576799999999988,-2.267999999999888e-05
0.001175,0.0011820456666666694,-7.045666666669363e-06
0.001181,0.001142208333333334,3.8791666666665925e-05
0.00114,0.0011595399999999988,-1.953999999999888e-05
0.001179,0.0011735963333333363,5.403666666663675e-06
0.001184,0.0011658966666666692,1.8103333333330772e-05
0.001144,0.0011640733333333321,-2.0073333333332083e-05
0.001183,0.0011922253333333365,-9.225333333336486e-06
0.001188,0.001186123333333337,1.876666666663111e-06
0.00115,0.0011568800000000008,-6.880000000000774e-06
0.001188,0.001192417333333331,-4.417333333331039e-06
0.001192,0.001188033333333336,3.966666666663926e-06
0.001155,0.0011659333333333321,-1.0933333333332153e-05
0.001193,0.0011856793333333336,7.320666666666429e-06
0.001195,0.0011915000000000055,3.49999999999461e-06
0.001159,0.0011693466666666686,-1.0346666666668537e-05
0.001198,0.0011790323333333358,1.8967666666664306e-05
0.001199,0.0011976533333333374,1.3466666666625722e-06
0.001163,0.0011652233333333303,-2.223333333330321e-06
0.001203,0.0012032106666666695,-2.1066666666940542e-07
0.001203,0.0011973223333333382,5.677666666661918e-06
0.001167,0.0011647106666666672,2.289333333332878e-06
0.001207,0.001203173000000001,3.826999999999e-06
0.001207,0.0012055499999999992,1.4500000000007129e-06
0.001171,0.0011785166666666651,-7.516666666665178e-06
0.001212,0.0011979883333333345,1.401166666666542e-05
0.00121,0.0012064133333333398,3.5866666666601113e-06
0.001177,0.0011774066666666646,-4.066666666644684e-07
0.001216,0.0012112573333333343,4.742666666665736e-06
0.001215,0.0012048033333333338,1.0196666666666175e-05
0.001182,0.0011796633333333306,2.3366666666694864e-06
0.001221,0.0012147416666666647,6.2583333333354144e-06
0.001219,0.0012088500000000013,1.0149999999998702e-05
0.001185,0.0011876333333333314,-2.6333333333313554e-06
0.001225,0.0012120580000000013,1.2941999999998644e-05
0.001222,0.0012240666666666713,-2.0666666666713067e-06
0.001189,0.0011934566666666668,-4.456666666666871e-06
0.00123,0.0012232423333333364,6.757666666663527e-06
0.001226,0.0012283300000000008,-2.330000000000691e-06
0.001192,0.0012089033333333307,-1.6903333333330743e-05
0.001234,0.0012477100000000024,-1.371000000000228e-05
0.00123,0.0012279833333333338,2.0166666666661826e-06
0.001196,0.0012118299999999973,-1.582999999999728e-05
0.001238,0.0012467736666666694,-8.773666666669466e-06
0.001234,0.0012319866666666679,2.0133333333322186e-06
0.0012,0.0012084366666666633,-8.4366666666634e-06
0.001242,0.0012436566666666705,-1.656666666670489e-06
0.001238,0.0012275933333333391,1.0406666666660808e-05
0.001204,0.0012041099999999972,-1.0999999999717833e-07
0.001246,0.001231713333333336,1.4286666666664003e-05
0.001243,0.0012338900000000046,9.109999999995337e-06
0.001208,0.0012112433333333287,-3.2433333333286e-06
0.001251,0.001243951333333333,7.048666666666916e-06
0.001248,0.0012432633333333309,4.736666666669111e-06
0.001212,0.0012126133333333286,-6.133333333286067e-07
0.001256,0.0012526530000000014,3.3469999999985976e-06
0.001252,0.0012450766666666703,6.92333333332973e-06
0.001216,0.0012243133333333302,-8.313333333330149e-06
0.00126,0.0012633033333333294,-3.303333333329328e-06
0.001257,0.0012470566666666644,9.943333333335648e-06
0.00122,0.001225126666666665,-5.12666666666506e-06
0.001264,0.0012577773333333302,6.22266666666974e-06
0.001263,0.0012557766666666684,7.223333333331635e-06
0.001224,0.0012310133333333318,-7.013333333331798e-06
0.001268,0.001267919666666663,8.033333333701959e-08
0.001268,0.0012551633333333324,1.2836666666667627e-05
0.001227,0.0012409100000000007,-1.3910000000000658e-05
0.001273,0.0012778033333333315,-4.803333333331479e-06
0.001274,0.001261919999999999,1.20800000000009e-05
0.001231,0.001251569999999999,-2.0569999999998836e-05
0.001278,0.00133041166666667,-5.241166666667004e-05
0.001279,0.0012560966666666697,2.2903333333330238e-05
0.001235,0.0012856933333333356,-5.0693333333335635e-05
0.001283,0.001508410000000005,-0.00022541000000000488
0.001284,0.0012760233333333284,7.976666666671553e-06
0.00124,0.001253393333333328,-1.3393333333327952e-05
0.001288,0.0013035419999999965,-1.554199999999643e-05
0.00129,0.0012820333333333307,7.966666666669227e-06
0.001245,0.0012681033333333278,-2.310333333332775e-05
0.001293,0.0013326366666666636,-3.963666666666351e-05
0.001297,0.0012801533333333382,1.684666666666181e-05
0.00125,0.0012641633333333323,-1.416333333333227e-05
0.001297,0.001330179999999996,-3.317999999999594e-05
0.001302,0.0012902800000000037,1.1719999999996317e-05
0.001254,0.001272393333333335,-1.839333333333512e-05
0.001303,0.0013205966666666622,-1.7596666666662344e-05
0.001309,0.0013023100000000012,6.689999999998867e-06
0.001259,0.001277563333333333,-1.8563333333333027e-05
0.001308,0.0013196933333333338,-1.1693333333333928e-05
0.001316,0.001310686666666667,5.3133333333330035e-06
0.001263,0.0012918733333333367,-2.8873333333336634e-05
0.001313,0.001347199999999996,-3.419999999999617e-05
0.001322,0.0013135766666666673,8.423333333332748e-06
0.001269,0.0012898166666666688,-2.0816666666668808e-05
0.001319,0.0013446033333333336,-2.5603333333333502e-05
0.001329,0.0013272799999999969,1.7200000000032294e-06
0.001273,0.0013199066666666663,-4.6906666666666303e-05
0.001324,0.0013666033333333345,-4.260333333333446e-05
0.001336,0.0013342300000000011,1.7699999999988125e-06
0.001279,0.0013166600000000046,-3.766000000000468e-05
0.00133,0.0013648466666666644,-3.4846666666664416e-05
0.001343,0.001335363333333334,7.636666666665983e-06
0.001284,0.0013386499999999994,-5.4649999999999404e-05
0.001337,0.001382656666666668,-4.565666666666787e-05
0.001351,0.0013425100000000005,8.489999999999453e-06
0.00129,0.001334476666666669,-4.4476666666669025e-05
0.001342,0.0013797199999999973,-3.7719999999997166e-05
0.001358,0.0013582599999999963,-2.599999999962875e-07
0.001296,0.0013533200000000044,-5.7320000000004364e-05
0.001349,0.0014014966666666703,-5.24966666666704e-05
0.001366,0.001366970000000004,-9.700000000039972e-07
0.001302,0.0014088933333333343,-0.00010689333333333429
0.001355,0.0014536033333333324,-9.860333333333235e-05
0.001373,0.0013746666666666707,-1.6666666666706464e-06
0.001307,0.0014180533333333347,-0.00011105333333333474
0.001361,0.0014612733333333348,-0.00010027333333333479
0.001381,0.0013805366666666704,4.633333333297143e-07
0.001313,0.0013740833333333354,-6.108333333333551e-05
0.001367,0.0014230000000000033,-5.600000000000331e-05
0.001388,0.0013845633333333365,3.4366666666633874e-06
0.001319,0.0013928733333333344,-7.387333333333437e-05
0.001373,0.0014390333333333357,-6.603333333333561e-05
0.001396,0.00139653,-5.299999999998882e-07
0.001326,0.0013786666666666693,-5.266666666666939e-05
0.00138,0.0014272233333333382,-4.7223333333338245e-05
0.001404,0.001406666666666669,-2.6666666666688276e-06
0.001332,0.0014436733333333305,-0.0001116733333333304
0.001386,0.001487493333333334,-0.00010149333333333383
0.001412,0.0014119800000000002,1.9999999999881224e-08
0.001339,0.0014156333333333342,-7.663333333333424e-05
0.001394,0.001462360000000002,-6.83600000000019e-05
0.00142,0.0014231633333333354,-3.1633333333353636e-06
0.001345,0.0014864899999999966,-0.0001414899999999965
0.0014,0.0015268400000000035,-0.0001268400000000035
0.001429,0.0014345866666666672,-5.586666666667316e-06
0.001352,0.0014939099999999976,-0.0001419099999999977
0.001407,0.0015348766666666686,-0.00012787666666666856
0.001437,0.0014353700000000044,1.629999999995524e-06
0.00136,0.0014057766666666707,-4.577666666667063e-05
0.001415,0.0014580399999999968,-4.3039999999996796e-05
0.001446,0.0014342500000000013,1.174999999999874e-05
0.001367,0.0014436866666666683,-7.668666666666834e-05
0.001422,0.0014895966666666678,-6.759666666666768e-05
0.001454,0.001457983333333334,-3.983333333333963e-06
0.001373,0.0015046066666666662,-0.00013160666666666614
0.001429,0.0015589533333333337,-0.00012995333333333373
0.001462,0.0014644466666666692,-2.4466666666692668e-06
0.00138,0.0015220666666666688,-0.00014206666666666885
0.001435,0.00156567,-0.00013066999999999983
0.001471,0.001483146666666664,-1.2146666666663919e-05
0.001386,0.001535293333333332,-0.00014929333333333185
0.001442,0.0015853266666666635,-0.00014332666666666354
0.00148,0.0014774400000000002,2.5599999999997586e-06
0.001393,0.0014688199999999996,-7.581999999999966e-05
0.001449,0.001515813333333332,-6.681333333333206e-05
0.001487,0.001495229999999997,-8.229999999996877e-06
0.001401,0.0015243566666666654,-0.00012335666666666548
0.001457,0.0016277766666666625,-0.0001707766666666625
0.001494,0.0015044966666666693,-1.0496666666669164e-05
0.001408,0.001552783333333333,-0.00014478333333333305
0.001465,0.0015943166666666632,-0.00012931666666666326
0.001501,0.0015263566666666685,-2.5356666666668517e-05
0.001416,0.0015796100000000008,-0.00016361000000000088
0.001473,0.0016212933333333334,-0.00014829333333333345
0.00151,0.0015070899999999944,2.910000000005703e-06
0.001423,0.0014678133333333294,-4.4813333333329356e-05
0.001481,0.0015220733333333356,-4.107333333333574e-05
0.001521,0.001540163333333335,-1.9163333333335102e-05
0.001431,0.0015353233333333348,-0.00010432333333333481
0.001489,0.0015852266666666701,-9.622666666667004e-05
0.001534,0.0015391933333333305,-5.1933333333304636e-06
0.001439,0.0015314466666666651,-9.244666666666517e-05
0.001497,0.0015924199999999991,-9.541999999999906e-05
0.001542,0.0015524199999999962,-1.0419999999996231e-05
0.001447,0.0015320400000000053,-8.50400000000054e-05
0.001505,0.0015801566666666688,-7.515666666666875e-05
0.00155,0.0015631933333333313,-1.3193333333331309e-05
0.001456,0.0015416899999999977,-8.568999999999764e-05
0.001513,0.0016021433333333285,-8.914333333332847e-05
0.001558,0.0015730999999999983,-1.5099999999998361e-05
0.001464,0.0015611999999999994,-9.719999999999933e-05
0.001521,0.0016088199999999971,-8.781999999999714e-05
0.001567,0.0015655000000000018,1.4999999999982475e-06
0.001472,0.0015557700000000036,-8.377000000000362e-05
0.001529,0.0016032533333333293,-7.425333333332929e-05
0.001578,0.0015794133333333316,-1.4133333333316619e-06
0.00148,0.0015715666666666697,-9.156666666666974e-05
0.001537,0.00162137333333333,-8.437333333333012e-05
0.001592,0.0015938566666666698,-1.856666666669735e-06
0.001489,0.0016345133333333331,-0.00014551333333333305
0.001546,0.0016838733333333345,-0.0001378733333333344
0.001604,0.001591593333333337,1.2406666666663025e-05
0.001497,0.0016475466666666684,-0.00015054666666666837
0.001555,0.0016906599999999999,-0.0001356599999999999
0.001617,0.0015817800000000042,3.521999999999575e-05
0.001506,0.0016110133333333354,-0.00010501333333333548
0.001564,0.0016464499999999992,-8.24499999999991e-05
0.00163,0.0015470433333333318,8.295666666666818e-05
0.001516,0.001503393333333334,1.2606666666665958e-05
0.001573,0.0015410566666666692,3.194333333333076e-05
0.001644,0.0015684533333333356,7.554666666666448e-05
0.001525,0.0015473600000000015,-2.2360000000001433e-05
0.001583,0.0015752533333333323,7.746666666667715e-06
0.001659,0.0015894466666666644,6.955333333333574e-05
0.001535,0.001592926666666664,-5.7926666666664175e-05
0.001592,0.0016008300000000008,-8.830000000000686e-06
0.001673,0.001607329999999997,6.567000000000291e-05
0.001545,0.001624369999999998,-7.93699999999981e-05
0.001602,0.0015925799999999997,9.420000000000218e-06
0.001687,0.0016454200000000012,4.1579999999998745e-05
0.001555,0.0016513099999999978,-9.630999999999789e-05
0.001611,0.0016105466666666663,4.5333333333367684e-07
0.001703,0.0016977100000000011,5.289999999998941e-06
0.001565,0.0017175433333333312,-0.0001525433333333312
0.001621,0.0015832166666666632,3.7783333333336845e-05
0.001719,0.0017181100000000016,8.899999999984008e-07
0.001576,0.0017413766666666672,-0.00016537666666666725
0.001631,0.0017563333333333346,-0.0001253333333333345
0.001736,0.0017328900000000006,3.1099999999993112e-06
0.001587,0.001729850000000002,-0.00014285000000000187
0.001641,0.0017430766666666686,-0.00010207666666666847
0.001754,0.0017715366666666685,-1.7536666666668555e-05
0.001597,0.0017565533333333378,-0.00015955333333333792
0.001651,0.0017923266666666686,-0.0001413266666666687
0.001773,0.0017859099999999958,-1.2909999999995755e-05
0.001609,0.001734823333333334,-0.00012582333333333398
0.001661,0.0017564966666666689,-9.549666666666895e-05
0.001793,0.0018259400000000012,-3.294000000000105e-05
0.00162,0.0018054900000000033,-0.00018549000000000343
0.001672,0.0018395100000000023,-0.00016751000000000222
0.001814,0.001847959999999996,-3.395999999999586e-05
0.001632,0.0018237400000000014,-0.00019174000000000144
0.001683,0.0018612200000000009,-0.00017822000000000085
0.001836,0.0018754966666666632,-3.9496666666663256e-05
0.001645,0.0018551466666666698,-0.00021014666666666982
0.001694,0.0018734233333333298,-0.00017942333333332986
0.00186,0.0019010366666666679,-4.103666666666777e-05
0.001657,0.0018512699999999993,-0.0001942699999999992
0.001706,0.0018882933333333304,-0.00018229333333333038
0.001886,0.0019228599999999963,-3.68599999999962e-05
0.00167,0.0018534400000000007,-0.00018344000000000064
0.001718,0.0018827599999999979,-0.00016475999999999795
0.001913,0.0019605066666666675,-4.750666666666751e-05
0.001683,0.0018788966666666636,-0.0001958966666666636
0.001731,0.0019001099999999985,-0.00016910999999999858
0.001943,0.002022473333333336,-7.947333333333602e-05
0.001696,0.0019766399999999935,-0.00028063999999999346
0.001743,0.0019896866666666677,-0.0002466866666666677
0.001976,0.002069086666666667,-9.308666666666722e-05
0.00171,0.0019971233333333283,-0.0002871233333333284
0.001757,0.0020078400000000025,-0.0002508400000000024
0.002012,0.0021697866666666676,-0.00015778666666666765
0.001725,0.002163219999999999,-0.00043821999999999915
0.00177,0.002150186666666667,-0.00038018666666666677
0.002052,0.0021872500000000004,-0.0001352500000000004
0.00174,0.002117029999999998,-0.00037702999999999804
0.001785,0.002112643333333335,-0.00032764333333333497
0.002096,0.0022091166666666708,-0.00011311666666667056
0.001756,0.002098843333333336,-0.0003428433333333362
0.001799,0.0020523333333333366,-0.00025333333333333653
0.002144,0.0022820033333333287,-0.00013800333333332864
0.001773,0.002174979999999997,-0.0004019799999999969
0.001815,0.002159113333333332,-0.00034411333333333213
0.002196,0.0023467266666666676,-0.00015072666666666752
0.001791,0.002180993333333337,-0.000389993333333337
0.00183,0.0021258733333333374,-0.0002958733333333374
0.002252,0.0023905766666666604,-0.0001385766666666603
0.001811,0.002101596666666671,-0.00029059666666667104
0.001847,0.0020572200000000024,-0.0002102200000000025
0.002312,0.002447003333333338,-0.00013500333333333822
0.001831,0.0022112200000000025,-0.0003802200000000025
0.001865,0.0021199233333333324,-0.0002549233333333325
0.002374,0.002571480000000006,-0.00019748000000000638
0.001854,0.0022411900000000027,-0.00038719000000000275
0.001886,0.002183406666666664,-0.00029740666666666377
0.002437,0.0026468433333333265,-0.00020984333333332657
0.001878,0.0023247966666666716,-0.0004467966666666717
0.001907,0.002208140000000004,-0.0003011400000000038
0.002499,0.0026536799999999886,-0.00015467999999998865
0.001904,0.002237240000000005,-0.0003332400000000048
0.001929,0.002127409999999995,-0.000198409999999995
0.002558,0.0026736500000000035,-0.0001156500000000036
0.001932,0.0021742300000000066,-0.00024223000000000668
0.001953,0.0020999700000000027,-0.00014697000000000256
0.002614,0.002683176666666667,-6.917666666666697e-05
0.001963,0.0020910600000000066,-0.00012806000000000666
0.001981,0.002062173333333332,-8.117333333333178e-05
0.002665,0.002718000000000009,-5.30000000000092e-05
0.001998,0.0021146466666666663,-0.00011664666666666608
0.00201,0.0020864333333333405,-7.643333333334041e-05
0.002712,0.0027801499999999947,-6.814999999999469e-05
0.002037,0.0021900233333333402,-0.00015302333333334006
0.002043,0.0021395566666666745,-9.655666666667437e-05
0.002752,0.002789163333333343,-3.716333333334291e-05
0.002078,0.0021803299999999964,-0.0001023299999999964
0.002078,0.0021377033333333387,-5.970333333333872e-05
0.002788,0.0028145399999999956,-2.6539999999995473e-05
0.002122,0.002213879999999999,-9.187999999999861e-05
0.002116,0.0021680666666666704,-5.206666666667057e-05
0.002818,0.00281125333333334,6.746666666659993e-06
0.002169,0.0022140766666666734,-4.5076666666673485e-05
0.002155,0.0021517699999999956,3.2300000000042364e-06
0.002842,0.0028278233333333324,1.4176666666667476e-05
0.002217,0.0022739266666666593,-5.692666666665949e-05
0.002196,0.0021905766666666703,5.423333333329748e-06
0.002862,0.002801720000000008,6.027999999999199e-05
0.002265,0.0022796033333333412,-1.460333333334115e-05
0.002237,0.0021541166666666583,8.288333333334157e-05
0.002875,0.0028186933333333424,5.630666666665753e-05
0.002312,0.0023428700000000043,-3.087000000000445e-05
0.002274,0.002186359999999992,8.764000000000818e-05
0.002882,0.0028356399999999965,4.6360000000003534e-05
0.002355,0.0023599466666666623,-4.946666666662443e-06
0.002308,0.002237463333333334,7.053666666666627e-05
0.002884,0.0028059800000000113,7.801999999998855e-05
0.002395,0.0023942766666666605,7.233333333394459e-07
0.002337,0.00221356666666666,0.00012343333333334015
0.002878,0.002742206666666663,0.000135793333333337
0.002431,0.002400380000000002,3.061999999999813e-05
0.002363,0.0021843433333333345,0.00017865666666666558
0.002863,0.0027299633333333277,0.0001330366666666724
0.002462,0.002500466666666666,-3.84666666666659e-05
0.002387,0.0022313500000000043,0.00015564999999999546
0.00284,0.0026982733333333338,0.00014172666666666632
0.00249,0.0024980300000000035,-8.030000000003486e-06
0.002407,0.002236526666666669,0.00017047333333333097
0.002811,0.0026902366666666623,0.00012076333333333779
0.002514,0.002530279999999997,-1.627999999999699e-05
0.002426,0.002252486666666673,0.00017351333333332723
0.002779,0.0026900199999999987,8.898000000000109e-05
0.002535,0.0025289766666666716,6.023333333328353e-06
0.002442,0.0023293966666666694,0.00011260333333333074
0.002748,0.0027345399999999962,1.3460000000003764e-05
0.002553,0.0025604166666666657,-7.416666666665555e-06
0.002457,0.0024289866666666695,2.8013333333330465e-05
0.002725,0.0027326300000000024,-7.630000000002392e-06
0.002568,0.002572853333333337,-4.853333333337036e-06
0.002469,0.002456106666666664,1.2893333333335692e-05
0.002711,0.0027173199999999953,-6.3199999999954265e-06
0.00258,0.0025964000000000043,-1.640000000000452e-05
0.002477,0.002493286666666667,-1.6286666666667088e-05
0.002708,0.0027182400000000046,-1.0240000000004672e-05
0.002587,0.002593733333333344,-6.733333333344086e-06
0.002481,0.0024845433333333254,-3.5433333333253006e-06
0.002713,0.002727356666666666,-1.4356666666665973e-05
0.002591,0.002590546666666673,4.5333333332717163e-07
0.002482,0.0024715899999999983,1.0410000000001494e-05
0.002723,0.0027402766666666583,-1.7276666666658173e-05
0.002589,0.0025888500000000028,1.4999999999737446e-07
0.002478,0.0024715366666666666,6.4633333333335465e-06
0.002737,0.002739693333333327,-2.693333333327313e-06
0.002583,0.0025840433333333287,-1.043333333328872e-06
0.002471,0.002461906666666661,9.093333333339178e-06
0.002752,0.0027655666666666673,-1.3566666666667195e-05
0.002571,0.0025972600000000036,-2.626000000000364e-05
0.002462,0.0024565600000000048,5.4399999999954485e-06
0.002769,0.0027598866666666607,9.113333333339493e-06
0.002556,0.00258037,-2.4369999999999687e-05
0.002453,0.0024800633333333317,-2.706333333333177e-05
0.002788,0.002788286666666674,-2.866666666740715e-07
0.002542,0.0025884800000000037,-4.648000000000369e-05
0.002445,0.002456680000000009,-1.1680000000008697e-05
0.002807,0.002811786666666673,-4.786666666672934e-06
0.00253,0.0025827500000000086,-5.275000000000852e-05
0.002441,0.002489313333333334,-4.831333333333394e-05
0.002827,0.0028864333333333382,-5.943333333333816e-05
0.002522,0.0026591166666666724,-0.00013711666666667245
0.00244,0.0025473400000000077,-0.00010734000000000785
0.002847,0.0028834399999999984,-3.643999999999826e-05
0.002519,0.0026473733333333355,-0.00012837333333333553
0.002441,0.002545233333333335,-0.00010423333333333491
0.002868,0.002867106666666674,8.933333333258596e-07
0.00252,0.002620423333333338,-0.00010042333333333802
0.002445,0.002488730000000003,-4.373000000000267e-05
0.002889,0.0029247899999999987,-3.578999999999865e-05
0.002525,0.002704279999999994,-0.0001792799999999939
0.002451,0.002580406666666663,-0.00012940666666666316
0.002911,0.0029397000000000017,-2.8700000000001728e-05
0.002532,0.0027050799999999986,-0.00017307999999999863
0.002458,0.0025981633333333294,-0.00014016333333332926
0.002932,0.0029554399999999975,-2.3439999999997404e-05
0.002541,0.002656763333333329,-0.00011576333333332932
0.002467,0.002571663333333333,-0.00010466333333333279
0.002953,0.0029761200000000096,-2.3120000000009713e-05
0.002551,0.002651159999999994,-0.00010015999999999411
0.002475,0.0025498333333333276,-7.483333333332736e-05
0.002974,0.002995916666666677,-2.191666666667702e-05
0.002562,0.0026232466666666608,-6.124666666666072e-05
0.002481,0.0025303733333333395,-4.9373333333339355e-05
0.002994,0.003022299999999994,-2.8299999999993695e-05
0.002574,0.0026451166666666545,-7.111666666665458e-05
0.002488,0.0025187200000000073,-3.072000000000708e-05
0.003014,0.003041569999999994,-2.7569999999993693e-05
0.002585,0.002646633333333327,-6.163333333332683e-05
0.002495,0.0025311433333333358,-3.614333333333596e-05
0.003033,0.0030585233333333384,-2.5523333333338314e-05
0.002598,0.002644089999999997,-4.60899999999969e-05
0.002502,0.0025329000000000033,-3.090000000000341e-05
0.003051,0.0030621633333333385,-1.1163333333338594e-05
0.002611,0.002684386666666657,-7.338666666665715e-05
0.00251,0.002572066666666662,-6.206666666666192e-05
0.003067,0.0030663400000000003,6.599999999995498e-07
0.002624,0.002708399999999995,-8.43999999999949e-05
0.002517,0.0025420800000000025,-2.508000000000241e-05
0.00308,0.003060560000000006,1.9439999999993837e-05
0.002639,0.002653686666666657,-1.4686666666657074e-05
0.002524,0.0025380966666666647,-1.4096666666664481e-05
0.003089,0.003067169999999999,2.1830000000001328e-05
0.002653,0.0026571933333333236,-4.193333333323609e-06
0.002531,0.0025377166666666656,-6.716666666665809e-06
0.003095,0.0030759833333333336,1.9016666666666487e-05
0.002667,0.002660626666666668,6.3733333333319125e-06
0.002536,0.002527289999999994,8.710000000005953e-06
0.003095,0.0030762266666666573,1.877333333334284e-05
0.002682,0.002681419999999992,5.800000000078312e-07
0.002542,0.002535459999999996,6.540000000004095e-06
0.003088,0.0030641899999999988,2.3810000000001278e-05
0.002696,0.00270463333333333,-8.633333333329767e-06
0.002548,0.002522893333333338,2.510666666666198e-05
0.003075,0.003036359999999995,3.8640000000005146e-05
0.002711,0.0027243933333333313,-1.3393333333331422e-05
0.002556,0.0025264400000000018,2.9559999999998355e-05
0.003054,0.0029576700000000047,9.632999999999517e-05
0.002725,0.0026791766666666708,4.582333333332921e-05
0.002564,0.002477360000000002,8.663999999999807e-05
0.003025,0.0028786133333333374,0.0001463866666666625
0.002738,0.0025957866666666703,0.00014221333333332966
0.002572,0.002462306666666669,0.0001096933333333311
0.002989,0.0028800733333333365,0.00010892666666666335
0.00275,0.0026428566666666722,0.0001071433333333276
0.002581,0.0025320433333333382,4.895666666666172e-05
0.002945,0.0028326199999999936,0.00011238000000000654
0.002761,0.0026662566666666647,9.474333333333532e-05
0.002588,0.002552099999999999,3.5900000000001035e-05
0.002894,0.0028178433333333236,7.615666666667626e-05
0.002771,0.0026543600000000045,0.00011663999999999555
0.002593,0.002526660000000003,6.633999999999677e-05
0.002837,0.002737619999999995,9.938000000000525e-05
0.002779,0.0026395599999999996,0.00013944000000000022
0.002598,0.002466636666666666,0.00013136333333333425
0.002773,0.002652243333333333,0.00012075666666666682
0.002786,0.0026336433333333307,0.0001523566666666691
0.002601,0.002496429999999997,0.00010457000000000305
0.002704,0.0025967800000000017,0.00010721999999999815
0.002788,0.0026233466666666584,0.00016465333333334168
0.002602,0.00250577333333333,9.622666666667026e-05
0.002633,0.0024434799999999996,0.0001895200000000003
0.002787,0.0025173633333333317,0.00026963666666666823
0.002601,0.0023670766666666647,0.00023392333333333536
0.00256,0.0024037033333333324,0.00015629666666666783
0.00278,0.0025138233333333307,0.00026617666666666926
0.002596,0.0023624766666666673,0.00023352333333333253
0.002485,0.002344730000000006,0.000140269999999994
0.002768,0.0024984600000000005,0.00026953999999999954
0.002588,0.0023422033333333325,0.00024579666666666757
0.00241,0.002220963333333337,0.0001890366666666629
0.002749,0.002377073333333329,0.00037192666666667094
0.002575,0.002159713333333335,0.00041528666666666497
0.002337,0.002142466666666668,0.00019453333333333206
0.002725,0.002261663333333329,0.00046333666666667104
0.002557,0.002062423333333334,0.0004945766666666659
0.002265,0.0020535500000000025,0.00021144999999999758
0.002693,0.002126236666666666,0.0005667633333333341
0.002533,0.0019303166666666653,0.0006026833333333348
0.002196,0.002000493333333335,0.00019550666666666482
0.002654,0.002088673333333335,0.0005653266666666651
0.002504,0.0018493433333333321,0.000654656666666668
0.00213,0.0019437233333333332,0.00018627666666666673
0.002608,0.002076376666666667,0.0005316233333333329
0.002469,0.001852656666666667,0.0006163433333333328
0.002067,0.0019146800000000009,0.00015231999999999898
0.002556,0.0020866333333333363,0.00046936666666666385
0.002428,0.0019233466666666677,0.0005046533333333324
0.002008,0.001902520000000005,0.00010547999999999482
0.0025,0.002130856666666672,0.0003691433333333281
0.002384,0.0019792833333333315,0.00040471666666666833
0.001954,0.001820473333333337,0.00013352666666666298
0.002441,0.00199952,0.00044148000000000017
0.002337,0.0019292799999999985,0.0004077200000000016
0.001904,0.0017657700000000035,0.00013822999999999657
0.00238,0.0019004466666666707,0.00047955333333332944
0.002289,0.0016870233333333333,0.0006019766666666665
0.001857,0.0017135233333333351,0.00014347666666666482
0.002318,0.0018708900000000014,0.00044710999999999883
0.002239,0.001703556666666672,0.0005354433333333282
0.001813,0.001671110000000003,0.00014188999999999695
0.002257,0.001834313333333329,0.0004226866666666709
0.002188,0.0017610266666666615,0.00042697333333333834
0.001771,0.0016769666666666713,9.40333333333287e-05
0.002196,0.001893779999999997,0.000302220000000003
0.002138,0.0018379299999999996,0.0003000700000000006
0.001732,0.001617503333333336,0.0001144966666666641
0.002138,0.0017669700000000007,0.0003710299999999994
0.00209,0.0016983300000000022,0.0003916699999999976
0.001695,0.0016149666666666726,8.003333333332727e-05
0.002081,0.001822283333333328,0.00025871666666667193
0.002043,0.0017877000000000012,0.0002552999999999989
0.001663,0.0016128666666666654,5.0133333333334624e-05
0.002028,0.0018001033333333357,0.00022789666666666415
0.001998,0.001810629999999999,0.00018737000000000116
0.001633,0.0015718666666666708,6.113333333332915e-05
0.001977,0.0017241799999999977,0.00025282000000000234
0.001955,0.0017510833333333324,0.00020391666666666778
0.001605,0.001506863333333333,9.813666666666715e-05
0.001928,0.001561819999999999,0.0003661800000000011
0.001915,0.0015943399999999999,0.00032066000000000017
0.00158,0.0014923199999999977,8.76800000000023e-05
0.001883,0.001507646666666665,0.0003753533333333348
0.001877,0.0015569333333333348,0.00032006666666666516
0.001557,0.0014899199999999998,6.708000000000018e-05
0.001841,0.0015205766666666674,0.0003204233333333325
0.001841,0.001564786666666665,0.00027621333333333487
0.001535,0.0014802599999999976,5.474000000000234e-05
0.001802,0.0014710433333333308,0.0003309566666666692
0.001807,0.0015261899999999958,0.00028081000000000416
0.001514,0.0014605866666666668,5.341333333333314e-05
0.001766,0.0014315699999999983,0.00033443000000000166
0.001776,0.001491123333333333,0.00028487666666666706
0.001496,0.0014511700000000014,4.4829999999998526e-05
0.001732,0.0014264633333333349,0.00030553666666666515
0.001746,0.0014772633333333355,0.00026873666666666447
0.00148,0.0014525200000000027,2.7479999999997264e-05
0.0017,0.0015096033333333344,0.00019039666666666546
0.001718,0.001549820000000004,0.00016817999999999586
0.001464,0.0014374000000000023,2.659999999999772e-05
0.001671,0.001551493333333328,0.00011950666666667186
0.001692,0.001585986666666669,0.00010601333333333084
0.001448,0.0014225133333333317,2.5486666666668396e-05
0.001644,0.0015198166666666676,0.00012418333333333244
0.001668,0.0015545633333333372,0.00011343666666666281
0.001434,0.001415156666666664,1.8843333333335918e-05
0.001618,0.0015199366666666702,9.806333333332992e-05
0.001645,0.0015566100000000025,8.838999999999744e-05
0.00142,0.0013965033333333324,2.3496666666667637e-05
0.001595,0.0014448366666666651,0.00015016333333333493
0.001624,0.0014847866666666697,0.00013921333333333035
0.001407,0.0013891433333333356,1.7856666666664486e-05
0.001573,0.0014514466666666708,0.0001215533333333292
0.001605,0.0014924900000000026,0.00011250999999999753
0.001396,0.0013843200000000027,1.1679999999997422e-05
0.001553,0.0014385366666666648,0.00011446333333333509
0.001587,0.0014807766666666666,0.0001062233333333335
0.001385,0.001354953333333335,3.004666666666495e-05
0.001534,0.0013896466666666715,0.00014435333333332845
0.001569,0.0014226933333333356,0.0001463066666666645
0.001376,0.001343220000000003,3.277999999999701e-05
0.001517,0.00138996666666667,0.00012703333333332983
0.001553,0.0014157666666666695,0.0001372333333333304
0.001367,0.0013507400000000044,1.6259999999995592e-05
0.0015,0.0014250800000000017,7.491999999999829e-05
0.001537,0.001459016666666671,7.798333333332904e-05
0.001358,0.0013359399999999999,2.206000000000018e-05
0.001485,0.0014022000000000006,8.279999999999941e-05
0.001522,0.0014305000000000036,9.149999999999632e-05
0.001351,0.0013293033333333338,2.1696666666666184e-05
0.001471,0.0013556766666666651,0.00011532333333333497
0.001508,0.0013934933333333347,0.00011450666666666534
0.001343,0.0013334766666666662,9.523333333333805e-06
0.001457,0.0014102466666666633,4.67533333333367e-05
0.001495,0.0014486066666666668,4.63933333333332e-05
0.001336,0.0013260033333333304,9.996666666669532e-06
0.001445,0.0014138966666666674,3.1103333333332714e-05
0.001484,0.0014517766666666705,3.222333333332953e-05
0.001328,0.0013236533333333314,4.346666666668608e-06
0.001433,0.0014102500000000005,2.274999999999955e-05
0.001473,0.00145186333333333,2.1136666666669943e-05
0.00132,0.0013074033333333325,1.2596666666667535e-05
0.001421,0.0013745900000000045,4.640999999999543e-05
0.001463,0.0014104700000000026,5.2529999999997466e-05
0.001313,0.0013007133333333342,1.228666666666569e-05
0.00141,0.0013701400000000045,3.9859999999995515e-05
0.001451,0.0014355466666666704,1.5453333333329596e-05
0.001307,0.0013007533333333377,6.246666666662312e-06
0.0014,0.0013791366666666696,2.0863333333330427e-05
0.001441,0.0014168766666666668,2.4123333333333184e-05
0.0013,0.0012872233333333322,1.2776666666667767e-05
0.00139,0.0013631766666666668,2.6823333333333196e-05
0.001431,0.0013935296666666701,3.7470333333329857e-05
0.001295,0.0012877900000000013,7.209999999998598e-06
0.00138,0.0013664400000000035,1.3559999999996448e-05
0.001421,0.0014146233333333345,6.376666666665443e-06
0.001289,0.0012850233333333303,3.976666666669721e-06
0.001371,0.001353626666666665,1.7373333333335107e-05
0.001413,0.0014097093333333365,3.290666666663474e-06
0.001284,0.0012696600000000014,1.4339999999998538e-05
0.001362,0.0013415766666666708,2.0423333333329137e-05
0.001404,0.0013743500000000031,2.9649999999996953e-05
0.001278,0.0012678833333333373,1.0116666666662747e-05
0.001354,0.0013352433333333352,1.875666666666478e-05
0.001394,0.0013669126666666668,2.7087333333333232e-05
0.001273,0.0012716000000000014,1.3999999999986246e-06
0.001346,0.0013395900000000042,6.409999999995759e-06
0.001386,0.0013808396666666668,5.160333333333305e-06
0.001267,0.0012613100000000048,5.689999999995048e-06
0.001338,0.0013211500000000064,1.6849999999993606e-05
0.001378,0.0013604599999999974,1.7540000000002736e-05
0.001261,0.0012581099999999998,2.890000000000184e-06
0.001331,0.0013206933333333353,1.0306666666664655e-05
0.00137,0.0013596473333333324,1.0352666666667548e-05
0.001256,0.0012506433333333306,5.356666666669332e-06
0.001323,0.0013102466666666673,1.275333333333262e-05
0.001363,0.0013506499999999977,1.2350000000002333e-05
0.00125,0.00125010333333333,-1.0333333332990073e-07
0.001316,0.0013115366666666716,4.463333333328294e-06
0.001357,0.0013504266666666649,6.573333333335062e-06
0.001245,0.001241469999999994,3.5300000000059242e-06
0.001311,0.0013002866666666647,1.0713333333335412e-05
0.001349,0.0013362913333333343,1.2708666666665612e-05
0.001239,0.0012364266666666658,2.573333333334314e-06
0.001305,0.0012940966666666674,1.0903333333332548e-05
0.001342,0.001320018999999995,2.1981000000005115e-05
0.001233,0.0012255066666666619,7.493333333338055e-06
0.001299,0.001285236666666669,1.376333333333096e-05
0.001335,0.0013204366666666665,1.456333333333358e-05
0.001227,0.001220543333333332,6.456666666668004e-06
0.001294,0.0012734599999999977,2.0540000000002267e-05
0.001328,0.0013000986666666658,2.7901333333334123e-05
0.00122,0.0012133066666666643,6.69333333333565e-06
0.001289,0.0012679800000000019,2.1019999999998115e-05
0.001321,0.0012902446666666647,3.075533333333526e-05
0.001214,0.0012001666666666632,1.3833333333336832e-05
0.001284,0.001256233333333334,2.7766666666665914e-05
0.001316,0.0012655953333333364,5.0404666666663484e-05
0.001208,0.0012039166666666663,4.083333333333803e-06
0.00128,0.0012700300000000006,9.969999999999554e-06
0.001309,0.001297984666666669,1.101533333333106e-05
0.001201,0.0011934099999999935,7.5900000000065325e-06
0.001274,0.0012631933333333316,1.0806666666668407e-05
0.001302,0.0012880953333333368,1.3904666666663193e-05
0.001194,0.0011888833333333361,5.1166666666638185e-06
0.001268,0.001258849999999999,9.150000000000954e-06
0.001296,0.0012867233333333354,9.2766666666647e-06
0.001188,0.0011870133333333286,9.866666666714322e-07
0.001262,0.0012575399999999962,4.460000000003871e-06
0.001289,0.0012843993333333356,4.600666666664368e-06
0.001183,0.001175183333333332,7.81666666666795e-06
0.001255,0.0012459333333333315,9.06666666666855e-06
0.001283,0.0012722793333333274,1.0720666666672691e-05
0.001177,0.0011772633333333316,-2.633333333315526e-07
0.001249,0.001245736666666668,3.263333333331951e-06
0.001277,0.0012662196666666633,1.0780333333336575e-05
0.001172,0.0011665200000000005,5.479999999999548e-06
0.001243,0.0012304300000000005,1.2569999999999509e-05
0.00127,0.0012467753333333298,2.3224666666670293e-05
0.001167,0.0011603200000000022,6.679999999997842e-06
0.001237,0.0012257366666666672,1.1263333333332796e-05
0.001264,0.001247236999999997,1.676300000000297e-05
0.001161,0.0011567533333333314,4.246666666668552e-06
0.001231,0.0012221533333333322,8.846666666667904e-06
0.001258,0.0012373799999999978,2.0620000000002225e-05
0.001155,0.001150243333333335,4.756666666665089e-06
0.001226,0.0012150266666666697,1.0973333333330398e-05
0.001253,0.0012315333333333305,2.14666666666695e-05
0.00115,0.0011428943333333353,7.10566666666467e-06
0.001221,0.0012098520000000026,1.1147999999997502e-05
0.001247,0.0012352013333333316,1.1798666666668414e-05
0.001145,0.001136068666666667,8.93133333333294e-06
0.001215,0.0012062953333333369,8.704666666663067e-06
0.001243,0.001238896,4.104e-06
0.00114,0.0011285810000000002,1.1418999999999709e-05
0.00121,0.0011960799999999995,1.3920000000000382e-05
0.001238,0.0012249026666666656,1.309733333333435e-05
0.001137,0.0011208073333333335,1.6192666666666475e-05
0.001204,0.0012080613333333291,-4.06133333332912e-06
0.001233,0.0013283793333333318,-9.53793333333319e-05
0.001132,0.001117883666666667,1.411633333333294e-05
0.0012,0.0011949976666666639,5.002333333336021e-06
0.001229,0.0012823856666666635,-5.3385666666663474e-05
0.001128,0.0011049500000000028,2.3049999999997335e-05
0.001196,0.0011967309999999997,-7.30999999999692e-07
0.001225,0.0013613133333333326,-0.0001363133333333326
0.001124,0.0011079413333333363,1.6058666666663715e-05
0.001192,0.001202031999999996,-1.0031999999995976e-05
0.00122,0.001357360666666667,-0.00013736066666666697
0.00112,0.0010968533333333345,2.314666666666538e-05
0.001189,0.001214457666666669,-2.545766666666913e-05
0.001217,0.0014499233333333315,-0.00023292333333333154
0.001117,0.0011043023333333337,1.2697666666666198e-05
0.001184,0.0011863203333333325,-2.320333333332607e-06
0.001212,0.001291698666666667,-7.969866666666697e-05
0.001113,0.0011005306666666654,1.2469333333334654e-05
0.00118,0.0011911266666666696,-1.1126666666669543e-05
0.00121,0.0013225200000000006,-0.00011252000000000072
0.001108,0.001102972666666664,5.02733333333609e-06
0.001176,0.0011749373333333328,1.0626666666672079e-06
0.001207,0.0012406806666666625,-3.368066666666254e-05
0.001104,0.0010922246666666684,1.1775333333331533e-05
0.001173,0.0011634806666666634,9.519333333336561e-06
0.001204,0.0012182443333333326,-1.424433333333257e-05
0.0011,0.0010874820000000033,1.2517999999996738e-05
0.00117,0.0011584589999999956,1.1541000000004449e-05
0.001201,0.0012088633333333335,-7.863333333333472e-06
0.001095,0.0010933796666666622,1.6203333333378485e-06
0.001167,0.0011617316666666668,5.268333333333271e-06
0.001197,0.0011954099999999972,1.5900000000027004e-06
0.00109,0.0010856933333333368,4.306666666663208e-06
0.001162,0.0011568719999999954,5.128000000004631e-06
0.001194,0.001193500000000004,4.999999999959464e-07
0.001085,0.0010772149999999994,7.785000000000604e-06
0.001158,0.0011439493333333323,1.405066666666766e-05
0.001192,0.001178763333333329,1.323666666667089e-05
0.00108,0.0010649826666666656,1.501733333333444e-05
0.001154,0.0011341856666666696,1.98143333333305e-05
0.001189,0.0011718899999999977,1.7110000000002254e-05
0.001074,0.0010751933333333372,-1.1933333333370884e-06
0.001149,0.0011489133333333276,8.666666667244034e-08
0.001185,0.00118454,4.600000000000871e-07
0.001069,0.0010633233333333361,5.676666666663962e-06
0.001145,0.001138923333333328,6.076666666671995e-06
0.001182,0.0011766266666666707,5.3733333333293946e-06
0.001064,0.001061672666666663,2.3273333333371626e-06
0.00114,0.001137744999999999,2.2550000000009195e-06
0.001178,0.0011773466666666645,6.533333333355248e-07
0.001059,0.0010591256666666687,-1.2566666666860918e-07
0.001135,0.0011353499999999948,-3.4999999999488565e-07
0.001173,0.0011764166666666728,-3.4166666666728303e-06
0.001055,0.0010484086666666635,6.591333333336429e-06
0.001131,0.0011230866666666606,7.913333333339463e-06
0.001168,0.0011629500000000029,5.049999999997114e-06
0.00105,0.0010472576666666629,2.742333333337083e-06
0.001125,0.0011212699999999982,3.7300000000017007e-06
0.001163,0.0011611633333333316,1.8366666666683358e-06
0.001046,0.001044183333333333,1.8166666666671535e-06
0.001119,0.001117099666666662,1.9003333333379203e-06
0.001158,0.0011557850000000025,2.2149999999974707e-06
0.001041,0.0010360700000000042,4.929999999995875e-06
0.001114,0.0011065496666666662,7.4503333333338e-06
0.001153,0.0011463683333333336,6.631666666666314e-06
0.001037,0.001034667666666664,2.3323333333360487e-06
0.001108,0.0011038819999999996,4.118000000000437e-06
0.001148,0.0011430799999999968,4.92000000000309e-06
0.001033,0.0010303233333333317,2.6766666666683345e-06
0.001103,0.001098042333333331,4.957666666669013e-06
0.001143,0.0011376799999999957,5.320000000004184e-06
0.00103,0.0010303610000000035,-3.610000000034072e-07
0.001098,0.0010989860000000017,-9.86000000001647e-07
0.001138,0.0011406100000000013,-2.6100000000014133e-06
0.001027,0.001025058000000002,1.9419999999978343e-06
0.001093,0.0010910533333333315,1.94666666666855e-06
0.001133,0.001134466666666668,-1.466666666668148e-06
0.001024,0.0010224923333333332,1.5076666666667335e-06
0.001088,0.0010875500000000005,4.4999999999949594e-07
0.001128,0.001132483333333329,-4.483333333328825e-06
0.001021,0.0010185333333333332,2.4666666666667628e-06
0.001084,0.001081996666666666,2.003333333333796e-06
0.001124,0.0011287099999999965,-4.709999999996531e-06
0.001018,0.0010171739999999972,8.260000000028141e-07
0.001079,0.0010777219999999962,1.2780000000038594e-06
0.001119,0.0011194633333333334,-4.633333333334006e-07
0.001016,0.001014425999999999,1.5740000000009306e-06
0.001075,0.0010733263333333326,1.6736666666673956e-06
0.001115,0.0011150699999999973,-6.999999999719904e-08
0.001013,0.0010126516666666661,3.4833333333386673e-07
0.00107,0.0010712433333333333,-1.243333333333322e-06
0.001111,0.0011139966666666686,-2.9966666666686025e-06
0.001011,0.0010090526666666664,1.9473333333335646e-06
0.001067,0.001066364,6.360000000000393e-07
0.001107,0.0011097066666666665,-2.7066666666666385e-06
0.001009,0.001008457,5.429999999999845e-07
0.001065,0.0010643166666666683,6.833333333316604e-07
0.001103,0.0011036700000000023,-6.700000000023094e-07
0.001007,0.0010057526666666678,1.2473333333323008e-06
0.001062,0.0010610923333333338,9.076666666661768e-07
0.001099,0.0011001833333333345,-1.1833333333345457e-06
0.001005,0.0010024220000000017,2.5779999999983073e-06
0.001059,0.0010566990000000012,2.300999999998825e-06
0.001096,0.0010948799999999997,1.1200000000002874e-06
0.001002,0.0010014826666666663,5.173333333338172e-07
0.001056,0.0010544166666666668,1.5833333333332544e-06
0.001092,0.0010913566666666675,6.433333333325485e-07
0.001,0.0010001133333333335,-1.1333333333352763e-07
0.001053,0.0010523199999999983,6.800000000015995e-07
0.00109,0.0010888666666666685,1.13333333333159e-06
0.0009986,0.000999749000000001,-1.1490000000008525e-06
0.00105,0.0010534733333333356,-3.473333333335691e-06
0.001087,0.001093313333333331,-6.313333333330968e-06
0.0009973,0.0009966800000000009,6.199999999991369e-07
0.001047,0.0010461873333333332,8.12666666666741e-07
0.001083,0.0010816666666666691,1.333333333330836e-06
0.0009961,0.0009955096666666686,5.903333333313887e-07
0.001045,0.0010448656666666647,1.3433333333526774e-07
0.00108,0.0010824100000000007,-2.4100000000006495e-06
0.0009944,0.0009929923333333358,1.4076666666642916e-06
0.001042,0.0010412166666666665,7.833333333334518e-07
0.001078,0.001077152333333332,8.47666666668051e-07
0.0009924,0.0009921776666666703,2.2233333332971443e-07
0.001041,0.0010402100000000004,7.899999999996452e-07
0.001075,0.0010751133333333316,-1.1333333333157607e-07
0.0009906,0.0009910780000000033,-4.780000000034063e-07
0.001039,0.0010390636666666648,-6.366666666481405e-08
0.001073,0.0010749126666666651,-1.9126666666651956e-06
0.0009891,0.0009907510000000037,-1.6510000000037692e-06
0.001037,0.0010385203333333314,-1.5203333333315035e-06
0.001071,0.0010744559999999984,-3.4559999999984707e-06
0.0009876,0.0009888376666666707,-1.2376666666707222e-06
0.001034,0.0010348326666666657,-8.326666666657549e-07
0.001068,0.001070169333333333,-2.169333333333157e-06
0.0009864,0.000986365666666672,3.433333332783853e-08
0.001032,0.0010308456666666668,1.1543333333331133e-06
0.001066,0.0010666776666666676,-6.776666666675427e-07
0.000985,0.0009855813333333348,-5.813333333348249e-07
0.001029,0.0010306566666666672,-1.6566666666672364e-06
0.001065,0.0010660933333333366,-1.093333333336598e-06
0.0009835,0.0009836383333333366,-1.3833333333663177e-07
0.001027,0.0010274633333333338,-4.633333333338343e-07
0.001064,0.0010628733333333347,1.1266666666653966e-06
0.0009815,0.000981146333333335,3.5366666666504336e-07
0.001025,0.0010251466666666676,-1.4666666666753037e-07
0.001062,0.0010605366666666658,1.4633333333341839e-06
0.00098,0.0009802240000000024,-2.2400000000244273e-07
0.001024,0.0010239263333333317,7.366666666822411e-08
0.001059,0.0010590043333333341,-4.333333334088224e-09
0.0009782,0.0009794333333333347,-1.2333333333346824e-06
0.001023,0.0010226103333333338,3.896666666662607e-07
0.001057,0.0010572733333333324,-2.733333333323606e-07
0.000977,0.0009762216666666672,7.783333333328309e-07
0.001021,0.0010186936666666652,2.306333333334772e-06
0.001054,0.0010530196666666655,9.803333333344936e-07
0.000976,0.0009749983333333326,1.0016666666673316e-06
0.001019,0.0010174299999999973,1.5700000000026023e-06
0.001052,0.0010516499999999992,3.5000000000074034e-07
0.0009748,0.0009723086666666656,2.4913333333343238e-06
0.001017,0.001006151999999997,1.084800000000297e-05
0.001051,0.0010385899999999998,1.2410000000000242e-05
0.0009735,0.0009731363333333328,3.636666666671524e-07
0.001015,0.0010149633333333306,3.6666666669484677e-08
0.001049,0.001048789999999999,2.1000000000092126e-07
0.0009723,0.0009715279999999996,7.720000000004459e-07
0.001014,0.0010108806666666646,3.1193333333353213e-06
0.001048,0.0010446740000000006,3.3259999999994596e-06
0.000971,0.0009705483333333333,4.516666666666948e-07
0.001012,0.0010091746666666666,2.825333333333511e-06
0.001046,0.0010430803333333343,2.919666666665764e-06
0.0009699,0.0009692923333333316,6.076666666683921e-07
0.00101,0.0010084956666666699,1.5043333333301673e-06
0.001045,0.0010431659999999973,1.834000000002639e-06
0.0009688,0.0009686166666666668,1.8333333333322033e-07
0.001008,0.001007936000000001,6.399999999905613e-08
0.001044,0.0010427846666666667,1.2153333333333148e-06
0.0009677,0.0009673449999999987,3.5500000000136117e-07
0.001007,0.0010057653333333358,1.2346666666642782e-06
0.001043,0.0010405689999999968,2.431000000003257e-06
0.0009666,0.0009657169999999983,8.830000000016516e-07
0.001007,0.001005278333333334,1.721666666665983e-06
0.001041,0.0010395233333333367,1.476666666663318e-06
0.0009651,0.0009655690000000008,-4.690000000007709e-07
0.001005,0.0010045123333333348,4.876666666652017e-07
0.001039,0.0010374820000000006,1.5179999999993983e-06
0.0009644,0.0009643003333333342,9.966666666581456e-08
0.001004,0.0010029180000000004,1.0819999999994723e-06
0.001037,0.0010363510000000041,6.489999999957988e-07
0.0009636,0.0009636446666666681,-4.4666666668092755e-08
0.001002,0.0010002716666666666,1.7283333333334774e-06
0.001035,0.0010324420000000015,2.557999999998426e-06
0.0009627,0.0009631866666666679,-4.866666666678964e-07
0.001001,0.0010011703333333351,-1.7033333333518405e-07
0.001034,0.0010332416666666703,7.583333333296971e-07
0.0009616,0.0009609356666666665,6.643333333334212e-07
0.0009998,0.0009985026666666688,1.2973333333311365e-06
0.001033,0.0010298120000000034,3.1879999999966362e-06
0.0009604,0.00095916466666667,1.2353333333300518e-06
0.0009984,0.0009968066666666664,1.5933333333336287e-06
0.001031,0.0010288080000000021,2.1919999999978675e-06
0.0009596,0.0009587930000000011,8.06999999998937e-07
0.000997,0.0009960880000000004,9.119999999996145e-07
0.001029,0.001027830666666668,1.16933333333194e-06
0.0009587,0.0009583723333333342,3.276666666658266e-07
0.0009955,0.0009955410000000017,-4.100000000162134e-08
0.001027,0.0010270316666666692,-3.166666666929753e-08
0.0009569,0.0009565003333333353,3.9966666666468344e-07
0.0009947,0.000993247666666665,1.4523333333349864e-06
0.001026,0.0010243693333333336,1.6306666666663933e-06
0.0009541,0.0009489366666666669,5.163333333333135e-06
0.0009937,0.000979103999999999,1.4596000000000834e-05
0.001025,0.0010071666666666668,1.7833333333333243e-05
0.0009516,0.000952777000000003,-1.1770000000029196e-06
0.0009928,0.0009902933333333288,2.5066666666712957e-06
0.001023,0.0010202346666666649,2.7653333333351685e-06
0.0009505,0.0009459503333333326,4.549666666667359e-06
0.0009914,0.0009754189999999985,1.598100000000139e-05
0.001021,0.001002290999999999,1.8709000000001084e-05
0.0009509,0.0009516046666666676,-7.046666666676426e-07
0.0009901,0.0009886356666666653,1.4643333333347417e-06
0.00102,0.0010174943333333302,2.5056666666698705e-06
0.0009512,0.0009532343333333338,-2.034333333333742e-06
0.0009884,0.0009902589999999975,-1.8589999999975033e-06
0.001017,0.0010198249999999992,-2.824999999999269e-06
0.0009515,0.000952650333333333,-1.1503333333330503e-06
0.0009867,0.0009869143333333331,-2.1433333333305792e-07
0.001014,0.0010154683333333326,-1.4683333333326363e-06
0.000951,0.0009513629999999975,-3.629999999974756e-07
0.0009848,0.0009861480000000027,-1.3480000000025763e-06
0.001013,0.0010139900000000002,-9.900000000001921e-07
0.0009504,0.0009503933333333335,6.6666666665186544e-09
0.0009838,0.000984199000000002,-3.9900000000205396e-07
0.001012,0.0010122163333333317,-2.1633333333157152e-07
0.0009501,0.0009509353333333318,-8.353333333318853e-07
0.0009832,0.0009843880000000012,-1.1880000000011413e-06
0.001012,0.0010123600000000042,-3.600000000041504e-07
0.0009504,0.0009511460000000025,-7.460000000025302e-07
0.0009827,0.0009837820000000003,-1.0820000000003396e-06
0.001011,0.0010116743333333387,-6.743333333387828e-07
0.0009507,0.0009532973333333331,-2.597333333333174e-06
0.000982,0.000986459333333335,-4.459333333334953e-06
0.00101,0.0010136643333333356,-3.664333333335554e-06
0.0009517,0.0009550963333333318,-3.396333333331768e-06
0.000981,0.0009855303333333345,-4.530333333334444e-06
0.001008,0.001011363666666667,-3.3636666666669e-06
0.0009527,0.0009524276666666672,2.723333333327785e-07
0.0009801,0.0009807363333333347,-6.363333333347151e-07
0.001007,0.0010069106666666702,8.933333332989714e-08
0.0009539,0.0009579266666666662,-4.026666666666172e-06
0.0009802,0.0009827413333333343,-2.5413333333342437e-06
0.001006,0.0010085460000000004,-2.5460000000004056e-06
0.0009558,0.0009611173333333337,-5.317333333333717e-06
0.0009798,0.0009807009999999964,-9.009999999962971e-07
0.001006,0.0010072053333333348,-1.205333333334892e-06
0.0009585,0.0009639853333333366,-5.485333333336579e-06
0.0009798,0.000984042333333332,-4.242333333331861e-06
0.001007,0.0010100750000000033,-3.0750000000032054e-06
0.0009612,0.0009678080000000022,-6.6080000000021295e-06
0.00098,0.0009837169999999985,-3.7169999999985687e-06
0.001008,0.0010116766666666702,-3.676666666670202e-06
0.0009636,0.0009843333333333323,-2.0733333333332283e-05
0.0009806,0.0009892553333333328,-8.655333333332715e-06
0.001008,0.0010192050000000009,-1.1205000000000893e-05
0.0009667,0.001001303999999999,-3.460399999999906e-05
0.0009806,0.0010005536666666656,-1.995366666666552e-05
0.001008,0.0010308713333333336,-2.2871333333333637e-05
0.0009703,0.001006987666666665,-3.6687666666665e-05
0.0009815,0.0010083423333333327,-2.6842333333332736e-05
0.001008,0.0010370980000000002,-2.9098000000000188e-05
0.0009753,0.0010109993333333323,-3.569933333333233e-05
0.0009826,0.0010109153333333343,-2.8315333333334353e-05
0.001009,0.0010087453333333337,2.546666666661951e-07
0.0009812,0.001012656000000001,-3.14560000000011e-05
0.0009853,0.0010294450000000004,-4.4145000000000425e-05
0.001011,0.0010193643333333334,-8.364333333333446e-06
0.0009882,0.0010164993333333344,-2.8299333333334318e-05
0.0009888,0.0010530446666666673,-6.424466666666738e-05
0.001014,0.0010241239999999989,-1.0123999999998943e-05
0.0009955,0.0010219703333333335,-2.6470333333333384e-05
0.0009925,0.001058532333333333,-6.60323333333331e-05
0.001017,0.0010184566666666661,-1.4566666666662557e-06
0.001004,0.001033007333333332,-2.900733333333202e-05
0.0009966,0.001055410999999999,-5.881099999999889e-05
0.001021,0.001058587666666668,-3.7587666666668e-05
0.001013,0.001046110333333335,-3.311033333333493e-05
0.001001,0.0010604083333333348,-5.9408333333334836e-05
0.001026,0.001067248333333334,-4.124833333333405e-05
0.001024,0.0010634456666666673,-3.944566666666733e-05
0.001006,0.0010797333333333306,-7.373333333333064e-05
0.001031,0.0010896520000000043,-5.86520000000043e-05
0.001035,0.0011550966666666691,-0.00012009666666666923
0.001013,0.0011661466666666677,-0.00015314666666666767
0.001037,0.0011935926666666657,-0.00015659266666666577
0.001047,0.0010971933333333358,-5.0193333333335786e-05
0.00102,0.00111541433333333,-9.541433333332995e-05
0.001046,0.0011218446666666664,-7.584466666666636e-05
0.00106,0.0011123366666666661,-5.233666666666615e-05
0.001028,0.0011270400000000008,-9.904000000000076e-05
0.001055,0.001136010666666666,-8.101066666666595e-05
0.001072,0.001111343333333334,-3.934333333333387e-05
0.001039,0.001105176666666663,-6.61766666666631e-05
0.001065,0.0010912179999999984,-2.6217999999998427e-05
0.001085,0.0011192166666666656,-3.4216666666665556e-05
0.00105,0.0011217733333333331,-7.177333333333318e-05
0.001077,0.0011145363333333331,-3.7536333333333064e-05
0.001098,0.0011240700000000022,-2.6070000000002168e-05
0.001062,0.0011104266666666662,-4.842666666666617e-05
0.001088,0.0011354266666666673,-4.7426666666667335e-05
0.00111,0.001120396666666667,-1.039666666666694e-05
0.001076,0.0010998033333333359,-2.3803333333335952e-05
0.001101,0.0011241933333333341,-2.3193333333334154e-05
0.001122,0.0011200100000000003,1.9899999999996743e-06
0.001091,0.0010987333333333357,-7.733333333335762e-06
0.001116,0.001121622333333335,-5.6223333333349414e-06
0.001132,0.001121623333333336,1.0376666666664022e-05
0.001107,0.0010991933333333358,7.806666666664106e-06
0.00113,0.001121576666666668,8.423333333331881e-06
0.001139,0.0011286000000000004,1.0399999999999602e-05
0.001123,0.001115483333333333,7.5166666666671295e-06
0.001146,0.0011297676666666683,1.623233333333178e-05
0.001145,0.001132513333333335,1.2486666666664935e-05
0.001138,0.0011301266666666648,7.873333333335147e-06
0.001161,0.001140339666666666,2.0660333333333844e-05
0.001149,0.0011355133333333335,1.3486666666666586e-05
0.001152,0.0011382733333333299,1.3726666666670148e-05
0.001177,0.0011558856666666686,2.1114333333331452e-05
0.001152,0.0011291966666666681,2.2803333333331916e-05
0.001167,0.0011438166666666624,2.3183333333337683e-05
0.001192,0.0011570593333333325,3.4940666666667414e-05
0.001152,0.0011225233333333352,2.9476666666664866e-05
0.001181,0.001145126666666667,3.587333333333301e-05
0.001206,0.0011293503333333333,7.664966666666678e-05
0.001151,0.001117646666666666,3.335333333333388e-05
0.001193,0.0011467266666666666,4.627333333333348e-05
0.001218,0.0011113763333333315,0.0001066236666666684
0.001147,0.0011382199999999997,8.780000000000333e-06
0.001203,0.0011913666666666636,1.1633333333336453e-05
0.001229,0.0012101766666666664,1.8823333333333652e-05
0.001144,0.0011261633333333333,1.7836666666666773e-05
0.00121,0.0011892329999999992,2.0767000000000745e-05
0.001238,0.0012084283333333309,2.9571666666669072e-05
0.00114,0.0011226133333333353,1.7386666666664675e-05
0.001214,0.0011955033333333337,1.8496666666666323e-05
0.001245,0.0012099449999999968,3.5055000000003235e-05
0.001136,0.0011093333333333333,2.666666666666681e-05
0.001217,0.0011939966666666645,2.30033333333355e-05
0.00125,0.0012068953333333333,4.310466666666672e-05
0.001132,0.0011260100000000002,5.9899999999997715e-06
0.001218,0.0012114866666666695,6.513333333330431e-06
0.001251,0.0012414293333333313,9.570666666668679e-06
0.001127,0.001120786666666668,6.213333333331995e-06
0.001217,0.0012053599999999997,1.1640000000000261e-05
0.001251,0.0012356493333333348,1.5350666666665144e-05
0.001123,0.0011198233333333336,3.1766666666664493e-06
0.001214,0.0012046666666666677,9.333333333332331e-06
0.001249,0.0012383693333333373,1.06306666666626e-05
0.001119,0.0011183500000000017,6.499999999983082e-07
0.001209,0.0012044466666666686,4.5533333333314455e-06
0.001246,0.0012420000000000018,3.999999999998146e-06
0.001116,0.0011099573333333349,6.042666666665171e-06
0.001203,0.0011904536666666663,1.2546333333333807e-05
0.001242,0.0012261786666666677,1.5821333333332355e-05
0.001112,0.001106378333333334,5.621666666666024e-06
0.001196,0.0011838840000000029,1.211599999999713e-05
0.001236,0.001215730999999997,2.026900000000288e-05
0.001109,0.0011050366666666663,3.963333333333648e-06
0.00119,0.001182487333333336,7.512666666664031e-06
0.001231,0.0012149476666666623,1.6052333333337835e-05
0.001106,0.0010979416666666694,8.05833333333058e-06
0.001184,0.0011805200000000046,3.479999999995379e-06
0.001225,0.0012117900000000017,1.320999999999831e-05
0.001105,0.001102749999999999,2.250000000001166e-06
0.001178,0.0011800110000000025,-2.0110000000024986e-06
0.001219,0.0012149119999999949,4.088000000005169e-06
0.001103,0.001101703333333335,1.2966666666650375e-06
0.001173,0.0011734966666666687,-4.966666666687044e-07
0.001214,0.0012092666666666605,4.733333333339484e-06
0.001103,0.0010974816666666676,5.5183333333324366e-06
0.001168,0.001169886666666667,-1.8866666666669547e-06
0.001208,0.0012042866666666656,3.7133333333344825e-06
0.001102,0.0010858093333333348,1.6190666666665143e-05
0.001163,0.0011656520000000012,-2.652000000001207e-06
0.001202,0.0011869299999999975,1.5070000000002443e-05
0.001101,0.0010978033333333313,3.196666666668716e-06
0.001159,0.0011634200000000005,-4.420000000000422e-06
0.001197,0.0011968733333333312,1.2666666666873334e-07
0.0011,0.0010910800000000003,8.919999999999718e-06
0.001156,0.001161246666666664,-5.246666666664131e-06
0.001193,0.0011849966666666652,8.003333333334809e-06
0.001099,0.001096526666666665,2.4733333333349077e-06
0.001152,0.001156283333333331,-4.2833333333308805e-06
0.001189,0.0011884466666666651,5.533333333348177e-07
0.001097,0.00109552,1.480000000000101e-06
0.00115,0.0011512099999999954,-1.2099999999954161e-06
0.001185,0.0011774566666666617,7.543333333338408e-06
0.001097,0.0010966099999999985,3.90000000001587e-07
0.001146,0.0011517566666666664,-5.756666666666306e-06
0.001181,0.00118145333333333,-4.5333333332999055e-07
0.001097,0.0011034099999999987,-6.409999999998578e-06
0.001143,0.0011524366666666648,-9.436666666664834e-06
0.001177,0.0011876533333333309,-1.065333333333078e-05
0.001098,0.0010985266666666664,-5.266666666663578e-07
0.001141,0.0011420500000000014,-1.0500000000013537e-06
0.001174,0.001176356666666668,-2.3566666666680666e-06
0.001099,0.0010980466666666627,9.533333333372127e-07
0.001139,0.0011413866666666673,-2.386666666667238e-06
0.001172,0.0011738700000000029,-1.8700000000027722e-06
0.001099,0.0010983866666666666,6.133333333333772e-07
0.001138,0.0011436500000000008,-5.650000000000923e-06
0.00117,0.0011747100000000035,-4.71000000000347e-06
0.001099,0.0010992766666666671,-2.76666666667192e-07
0.001138,0.001142856666666667,-4.856666666667097e-06
0.001167,0.0011730633333333358,-6.063333333335705e-06
0.001101,0.0011037800000000008,-2.7800000000008374e-06
0.001137,0.0011446999999999963,-7.699999999996338e-06
0.001166,0.0011756593333333315,-9.65933333333161e-06
0.001101,0.0011040633333333353,-3.063333333335307e-06
0.001136,0.0011411066666666687,-5.106666666668648e-06
0.001165,0.00116572466666667,-7.246666666699091e-07
0.001103,0.0011139633333333346,-1.0963333333334577e-05
0.001136,0.0011532866666666684,-1.7286666666668305e-05
0.001165,0.0011866533333333357,-2.165333333333571e-05
0.001105,0.0011167633333333338,-1.176333333333373e-05
0.001137,0.0011519233333333343,-1.4923333333334262e-05
0.001164,0.001185543333333334,-2.1543333333333978e-05
0.001108,0.0011120033333333352,-4.0033333333351455e-06
0.001137,0.0011449733333333306,-7.97333333333065e-06
0.001164,0.0011735966666666692,-9.596666666669088e-06
0.00111,0.0011141299999999977,-4.1299999999975905e-06
0.001138,0.0011425200000000002,-4.520000000000262e-06
0.001165,0.0011701999999999988,-5.199999999998825e-06
0.001113,0.001115153333333332,-2.1533333333320376e-06
0.001139,0.0011417499999999978,-2.749999999997763e-06
0.001164,0.001167916666666669,-3.9166666666689935e-06
0.001115,0.001118593333333332,-3.5933333333319425e-06
0.001139,0.0011460233333333335,-7.023333333333473e-06
0.001164,0.0011705833333333342,-6.583333333334135e-06
0.001118,0.0011204666666666649,-2.466666666664811e-06
0.001141,0.001142523333333332,-1.523333333331876e-06
0.001165,0.0011671633333333348,-2.163333333334797e-06
0.001121,0.0011235666666666712,-2.5666666666711562e-06
0.001142,0.0011444366666666663,-2.4366666666662904e-06
0.001165,0.0011685399999999992,-3.539999999999143e-06
0.001124,0.001125136666666667,-1.136666666667072e-06
0.001144,0.0011451433333333327,-1.1433333333326148e-06
0.001167,0.0011692563333333375,-2.256333333337454e-06
0.001126,0.0011268666666666683,-8.666666666682418e-07
0.001145,0.0011473033333333333,-2.3033333333333152e-06
0.00117,0.001172796666666666,-2.796666666665887e-06
0.001129,0.0011302266666666676,-1.2266666666676217e-06
0.001147,0.0011464099999999985,5.900000000014834e-07
0.001172,0.0011716490000000003,3.509999999997803e-07
0.001131,0.0011290266666666676,1.973333333332456e-06
0.00115,0.001141866666666665,8.133333333334904e-06
0.001173,0.0011655166666666673,7.483333333332693e-06
0.001134,0.0011325433333333338,1.4566666666662557e-06
0.001153,0.001163163333333331,-1.0163333333331089e-05
0.001175,0.0011804266666666666,-5.426666666666531e-06
0.001137,0.001140216666666669,-3.2166666666690307e-06
0.001156,0.001173760000000001,-1.7760000000000995e-05
0.001177,0.0011951686666666636,-1.8168666666663544e-05
0.001141,0.0011460966666666692,-5.0966666666691415e-06
0.001158,0.00118361666666667,-2.561666666667001e-05
0.001179,0.001201023333333328,-2.202333333332809e-05
0.001145,0.001148433333333337,-3.4333333333370127e-06
0.001161,0.0011759199999999983,-1.4919999999998346e-05
0.001181,0.0011939436666666635,-1.2943666666663566e-05
0.001149,0.0011516866666666677,-2.6866666666676246e-06
0.001164,0.0011785400000000022,-1.454000000000212e-05
0.001183,0.0011952683333333288,-1.2268333333328779e-05
0.001153,0.0011575400000000036,-4.540000000003612e-06
0.001168,0.0011851333333333348,-1.7133333333334798e-05
0.001185,0.0012051699999999963,-2.0169999999996224e-05
0.001157,0.0011607866666666683,-3.7866666666682477e-06
0.001172,0.0011820166666666697,-1.001666666666963e-05
0.001189,0.001202439999999998,-1.3439999999998028e-05
0.001161,0.001165873333333338,-4.873333333338002e-06
0.001176,0.0011929066666666677,-1.6906666666667743e-05
0.001193,0.001211879999999997,-1.8879999999996946e-05
0.001165,0.0011738966666666698,-8.896666666669776e-06
0.001179,0.001199686666666666,-2.068666666666611e-05
0.001196,0.0012209666666666682,-2.496666666666823e-05
0.00117,0.0011816700000000014,-1.1670000000001384e-05
0.001183,0.001211589999999999,-2.858999999999891e-05
0.001199,0.0012338166666666683,-3.481666666666828e-05
0.001175,0.0011879733333333311,-1.2973333333331097e-05
0.001187,0.0012117533333333337,-2.475333333333378e-05
0.001203,0.0012330233333333394,-3.0023333333339345e-05
0.001181,0.0011943166666666665,-1.3316666666666511e-05
0.001192,0.0012279966666666653,-3.599666666666539e-05
0.001207,0.0012413820000000025,-3.4382000000002504e-05
0.001187,0.001210406666666664,-2.340666666666405e-05
0.001198,0.0012451233333333356,-4.7123333333335586e-05
0.001211,0.0012673596666666683,-5.6359666666668234e-05
0.001193,0.0012106166666666644,-1.7616666666664393e-05
0.001203,0.0012621599999999952,-5.915999999999517e-05
0.001215,0.0012667200000000005,-5.172000000000054e-05
0.001198,0.0012073166666666658,-9.316666666665764e-06
0.001208,0.001232763333333335,-2.4763333333334804e-05
0.00122,0.0012329923333333358,-1.2992333333335842e-05
0.001204,0.001221973333333331,-1.797333333333111e-05
0.001213,0.0012606666666666625,-4.766666666666244e-05
0.001226,0.0012722333333333319,-4.6233333333331765e-05
0.00121,0.0012396033333333333,-2.9603333333333383e-05
0.001218,0.0012885966666666684,-7.059666666666851e-05
0.001231,0.001309276666666669,-7.827666666666887e-05
0.001216,0.0012533799999999993,-3.7379999999999185e-05
0.001223,0.0012994866666666681,-7.648666666666823e-05
0.001236,0.001329076666666669,-9.307666666666901e-05
0.001222,0.001268356666666667,-4.635666666666697e-05
0.00123,0.0013195299999999997,-8.952999999999977e-05
0.001242,0.001344513333333333,-0.00010251333333333298
0.001229,0.0012750666666666683,-4.6066666666668256e-05
0.001236,0.0013149033333333315,-7.89033333333316e-05
0.001248,0.0013469733333333314,-9.897333333333145e-05
0.001236,0.001284493333333331,-4.8493333333331137e-05
0.001241,0.0013186399999999996,-7.76399999999997e-05
0.001254,0.0013524733333333348,-9.847333333333486e-05
0.001243,0.0012832699999999993,-4.026999999999937e-05
0.001247,0.0013079666666666663,-6.096666666666629e-05
0.00126,0.0013424366666666629,-8.243666666666281e-05
0.00125,0.0013004733333333302,-5.047333333333022e-05
0.001254,0.0013274733333333347,-7.347333333333479e-05
0.001267,0.0013663766666666664,-9.937666666666651e-05
0.001258,0.0013323900000000012,-7.439000000000122e-05
0.001261,0.0013678399999999976,-0.00010683999999999759
0.001275,0.0014143166666666658,-0.00013931666666666567
0.001267,0.0013345166666666624,-6.751666666666252e-05
0.001268,0.0013637700000000037,-9.57700000000037e-05
0.001284,0.0014050733333333333,-0.00012107333333333335
0.001276,0.0013586400000000015,-8.264000000000144e-05
0.001275,0.0013908000000000013,-0.00011580000000000119
0.001293,0.0014409833333333324,-0.00014798333333333226
0.001286,0.0013728633333333366,-8.686333333333658e-05
0.001283,0.001404103333333335,-0.0001211033333333349
0.001301,0.0014513133333333278,-0.00015031333333332775
0.001296,0.0013875500000000035,-9.155000000000339e-05
0.001291,0.0014139333333333362,-0.00012293333333333618
0.001308,0.0014594666666666646,-0.00015146666666666464
0.001307,0.0013998500000000028,-9.285000000000283e-05
0.0013,0.0014240733333333278,-0.0001240733333333279
0.001317,0.0014705433333333318,-0.00015354333333333177
0.001319,0.0014106800000000023,-9.168000000000219e-05
0.00131,0.0014409666666666677,-0.00013096666666666777
0.001326,0.0014837433333333354,-0.00015774333333333545
0.001332,0.0014011966666666667,-6.919666666666663e-05
0.001321,0.0014189766666666645,-9.797666666666463e-05
0.001335,0.0014481166666666663,-0.00011311666666666623
0.001345,0.0014583066666666686,-0.00011330666666666857
0.001331,0.001494296666666667,-0.00016329666666666702
0.001346,0.001538303333333332,-0.00019230333333333208
0.001358,0.0014882866666666673,-0.00013028666666666726
0.001343,0.0015213566666666635,-0.00017835666666666345
0.001357,0.001571593333333333,-0.00021459333333333306
0.001373,0.0015186533333333323,-0.00014565333333333222
0.001355,0.0015351633333333373,-0.00018016333333333717
0.00137,0.0015846066666666628,-0.00021460666666666284
0.001389,0.0015358733333333335,-0.00014687333333333343
0.00137,0.001555856666666674,-0.000185856666666674
0.001383,0.0016144966666666667,-0.00023149666666666684
0.001406,0.0015090666666666664,-0.0001030666666666665
0.001385,0.0015180933333333352,-0.00013309333333333525
0.001398,0.0015612733333333357,-0.00016327333333333578
0.001424,0.0015186266666666714,-9.462666666667152e-05
0.0014,0.001515713333333337,-0.00011571333333333699
0.001413,0.001552263333333336,-0.00013926333333333612
0.001443,0.001531616666666669,-8.861666666666905e-05
0.001415,0.001528936666666668,-0.00011393666666666808
0.001428,0.001564009999999999,-0.0001360099999999989
0.00146,0.0015152200000000038,-5.5220000000003825e-05
0.001431,0.0015014933333333301,-7.049333333333015e-05
0.001444,0.0015268066666666667,-8.280666666666669e-05
0.001477,0.0015362500000000016,-5.9250000000001576e-05
0.001447,0.0015213733333333333,-7.437333333333335e-05
0.00146,0.0015466466666666674,-8.664666666666752e-05
0.001494,0.001553546666666666,-5.954666666666583e-05
0.001465,0.0015327733333333322,-6.777333333333221e-05
0.001477,0.0015397400000000006,-6.274000000000058e-05
0.001511,0.0016097433333333345,-9.874333333333455e-05
0.001481,0.0016108366666666672,-0.00012983666666666733
0.001494,0.001617449999999999,-0.0001234499999999989
0.001527,0.0016144166666666655,-8.741666666666555e-05
0.001499,0.0016210233333333302,-0.0001220233333333303
0.001512,0.001588303333333329,-7.630333333332883e-05
0.001544,0.001575543333333331,-3.154333333333097e-05
0.001515,0.0015565666666666647,-4.156666666666462e-05
0.00153,0.001561333333333339,-3.1333333333339155e-05
0.001559,0.001598696666666667,-3.969666666666684e-05
0.001533,0.0015860799999999962,-5.307999999999615e-05
0.001547,0.0015751200000000017,-2.8120000000001703e-05
0.001572,0.001614499999999999,-4.249999999999892e-05
0.00155,0.001602546666666667,-5.254666666666707e-05
0.001564,0.001554076666666672,9.923333333328177e-06
0.001589,0.0016483766666666646,-5.937666666666467e-05
0.001567,0.0016488699999999985,-8.186999999999843e-05
0.00158,0.001577220000000003,2.7799999999969342e-06
0.001611,0.0016454033333333337,-3.4403333333333716e-05
0.001583,0.0016274133333333356,-4.4413333333335634e-05
0.001595,0.0015732233333333307,2.1776666666669395e-05
0.001635,0.0016700399999999957,-3.5039999999995734e-05
0.001599,0.0016578033333333303,-5.8803333333330406e-05
0.001611,0.0015867733333333335,2.4226666666666554e-05
0.00166,0.001678059999999997,-1.8059999999997045e-05
0.001615,0.001662680000000002,-4.76800000000022e-05
0.001627,0.0015762266666666642,5.077333333333581e-05
0.001681,0.0016944333333333314,-1.3433333333331401e-05
0.001631,0.0016650566666666666,-3.4056666666666506e-05
0.001643,0.0016250300000000002,1.796999999999975e-05
0.001697,0.0017448033333333308,-4.78033333333309e-05
0.001647,0.0017413233333333378,-9.432333333333782e-05
0.001659,0.0016543966666666703,4.6033333333298475e-06
0.00171,0.0017491400000000008,-3.9140000000000875e-05
0.001663,0.0017514000000000021,-8.840000000000215e-05
0.001674,0.0015831500000000034,9.084999999999649e-05
0.001724,0.0017622266666666678,-3.822666666666776e-05
0.001678,0.0017673433333333355,-8.934333333333552e-05
0.001689,0.00158447666666667,0.00010452333333332993
0.001735,0.0017824666666666667,-4.7466666666666664e-05
0.001694,0.0017947900000000027,-0.00010079000000000273
0.001703,0.0016082133333333347,9.478666666666536e-05
0.001745,0.001784656666666666,-3.965666666666599e-05
0.00171,0.0017903433333333336,-8.034333333333367e-05
0.001718,0.0016485266666666667,6.947333333333318e-05
0.001754,0.001784749999999999,-3.0749999999999094e-05
0.001724,0.0017917866666666608,-6.77866666666607e-05
0.001733,0.0016802066666666664,5.279333333333357e-05
0.001765,0.0017936166666666664,-2.8616666666666287e-05
0.001738,0.0017944666666666598,-5.6466666666659835e-05
0.001748,0.0017099733333333347,3.8026666666665264e-05
0.001774,0.0018344833333333369,-6.048333333333691e-05
0.001752,0.001851040000000003,-9.904000000000293e-05
0.001765,0.0017072633333333372,5.773666666666292e-05
0.001785,0.0018455666666666703,-6.05666666666704e-05
0.001766,0.0018638266666666681,-9.782666666666813e-05
0.001781,0.001731003333333336,4.9996666666664e-05
0.001796,0.0018356333333333285,-3.963333333332846e-05
0.00178,0.001848446666666663,-6.844666666666306e-05
0.001794,0.0016980566666666638,9.594333333333622e-05
0.001806,0.0018950533333333356,-8.90533333333355e-05
0.001795,0.001938389999999999,-0.0001433899999999991
0.001805,0.0017138000000000032,9.11999999999968e-05
0.001817,0.0019079699999999989,-9.096999999999881e-05
0.001808,0.0019506733333333292,-0.00014267333333332932
0.001814,0.0017426366666666714,7.136333333332867e-05
0.001828,0.0018787999999999956,-5.07999999999956e-05
0.001822,0.0019040666666666614,-8.206666666666133e-05
0.001824,0.0017543133333333375,6.968666666666264e-05
0.001837,0.001878553333333337,-4.155333333333701e-05
0.001837,0.001899286666666666,-6.228666666666582e-05
0.001838,0.0017605499999999985,7.745000000000148e-05
0.001846,0.0019128933333333316,-6.689333333333158e-05
0.001852,0.0019527299999999984,-0.00010072999999999853
0.001855,0.0017673566666666666,8.764333333333347e-05
0.001855,0.0019401333333333322,-8.513333333333211e-05
0.001866,0.001993826666666668,-0.00012782666666666777
0.001872,0.001762533333333333,0.00010946666666666687
0.001866,0.001913423333333335,-4.742333333333489e-05
0.00188,0.001945293333333334,-6.529333333333415e-05
0.001888,0.001807703333333329,8.029666666667097e-05
0.001878,0.001958873333333334,-8.0873333333334e-05
0.001894,0.001998433333333334,-0.00010443333333333394
0.001903,0.0017774266666666669,0.00012557333333333308
0.001892,0.0019755033333333366,-8.350333333333659e-05
0.001908,0.002019553333333334,-0.00011155333333333394
0.001916,0.001808149999999999,0.00010785000000000091
0.001906,0.00195727666666667,-5.1276666666670275e-05
0.001925,0.001986050000000005,-6.105000000000476e-05
0.001928,0.001927486666666664,5.133333333359226e-07
0.001919,0.001962676666666665,-4.36766666666651e-05
0.001941,0.001991003333333329,-5.000333333332911e-05
0.001942,0.0018949466666666685,4.705333333333145e-05
0.001932,0.002028040000000002,-9.604000000000188e-05
0.001957,0.0020913666666666658,-0.0001343666666666658
0.001956,0.0018562066666666659,9.979333333333396e-05
0.001945,0.002058150000000002,-0.00011315000000000218
0.001973,0.0021263766666666643,-0.00015337666666666435
0.001969,0.0018609299999999991,0.00010807000000000069
0.00196,0.0020463866666666675,-8.638666666666754e-05
0.001988,0.0020948633333333294,-0.00010686333333332926
0.001983,0.0018947666666666691,8.823333333333083e-05
0.001975,0.0020312066666666674,-5.6206666666667234e-05
0.002002,0.002070459999999995,-6.845999999999502e-05
0.001997,0.001957493333333334,3.950666666666623e-05
0.00199,0.002049509999999998,-5.950999999999786e-05
0.002015,0.0020910566666666607,-7.60566666666608e-05
0.002014,0.0019723466666666687,4.1653333333331426e-05
0.002004,0.0020817300000000026,-7.773000000000242e-05
0.00203,0.002127113333333327,-9.711333333332689e-05
0.002034,0.0019963333333333343,3.766666666666545e-05
0.002016,0.0020887566666666665,-7.275666666666653e-05
0.002045,0.002142403333333325,-9.740333333332516e-05
0.002052,0.001985536666666665,6.6463333333335e-05
0.002029,0.0020949166666666716,-6.591666666667158e-05
0.002061,0.0021328033333333322,-7.180333333333235e-05
0.002071,0.0020275733333333344,4.34266666666655e-05
0.002043,0.0021675333333333337,-0.00012453333333333361
0.002077,0.0022246566666666635,-0.00014765666666666363
0.002086,0.0019727366666666677,0.00011326333333333246
0.002057,0.002175340000000004,-0.0001183400000000041
0.002093,0.0022333799999999992,-0.0001403799999999994
0.0021,0.0019983066666666664,0.00010169333333333351
0.002071,0.002133136666666664,-6.213666666666411e-05
0.002108,0.002177120000000004,-6.912000000000411e-05
0.002117,0.002090789999999999,2.6210000000000903e-05
0.002085,0.0021773733333333334,-9.237333333333335e-05
0.002124,0.002225993333333332,-0.00010199333333333217
0.002128,0.0020739900000000017,5.4009999999998434e-05
0.0021,0.002183719999999999,-8.371999999999893e-05
0.002141,0.002231003333333335,-9.000333333333485e-05
0.002142,0.0021223800000000057,1.961999999999407e-05
0.002115,0.0022012166666666648,-8.621666666666465e-05
0.002158,0.0022470333333333295,-8.903333333332934e-05
0.002159,0.0021551699999999936,3.830000000006311e-06
0.002131,0.002219176666666667,-8.817666666666689e-05
0.002175,0.0022669100000000013,-9.191000000000147e-05
0.002177,0.002123840000000003,5.315999999999698e-05
0.002147,0.002243746666666667,-9.674666666666717e-05
0.002191,0.0022855333333333316,-9.45333333333318e-05
0.002197,0.002121813333333332,7.518666666666814e-05
0.002164,0.0022886466666666686,-0.00012464666666666844
0.002207,0.002339740000000007,-0.00013274000000000662
0.002219,0.0021806499999999993,3.83500000000008e-05
0.002181,0.0023008766666666675,-0.00011987666666666728
0.002224,0.00233919666666667,-0.00011519666666667035
0.002234,0.002228546666666668,5.453333333331738e-06
0.002198,0.0022902733333333303,-9.227333333333048e-05
0.002241,0.0023405700000000045,-9.957000000000455e-05
0.002254,0.0022243833333333344,2.9616666666665552e-05
0.002216,0.002361556666666666,-0.00014555666666666613
0.002259,0.002411456666666669,-0.00015245666666666895
0.002271,0.002270693333333331,3.0666666666918224e-07
0.002234,0.0023621999999999983,-0.00012819999999999845
0.002278,0.002414553333333333,-0.00013655333333333292
0.00229,0.0022626900000000043,2.730999999999567e-05
0.002253,0.0024082299999999995,-0.0001552299999999997
0.002296,0.0024541166666666617,-0.0001581166666666618
0.002309,0.002259190000000002,4.980999999999779e-05
0.002273,0.002382039999999993,-0.00010903999999999298
0.002315,0.002423736666666662,-0.00010873666666666231
0.002328,0.002355020000000005,-2.7020000000004766e-05
0.002292,0.002423133333333334,-0.00013113333333333388
0.002334,0.0024675966666666636,-0.00013359666666666343
0.002345,0.002339733333333334,5.266666666665747e-06
0.002313,0.0024486533333333274,-0.00013565333333332742
0.002354,0.002485946666666661,-0.00013194666666666065
0.002364,0.0024254900000000024,-6.149000000000215e-05
0.002334,0.0024836266666666664,-0.00014962666666666624
0.002374,0.0025224333333333324,-0.00014843333333333262
0.002384,0.002390373333333331,-6.373333333331045e-06
0.002355,0.002546849999999998,-0.00019184999999999819
0.002394,0.0026008399999999945,-0.0002068399999999946
0.002409,0.002321876666666671,8.712333333332897e-05
0.002375,0.002512626666666663,-0.00013762666666666291
0.002415,0.002553996666666668,-0.0001389966666666678
0.002434,0.0024045099999999973,2.9490000000002674e-05
0.002396,0.002551586666666663,-0.00015558666666666294
0.002436,0.0025941366666666645,-0.0001581366666666647
0.002458,0.002396799999999999,6.120000000000127e-05
0.002418,0.002544476666666657,-0.00012647666666665714
0.002458,0.0025787300000000013,-0.00012073000000000118
0.002476,0.002441639999999992,3.436000000000801e-05
0.002443,0.002565166666666663,-0.00012216666666666322
0.00248,0.002612930000000002,-0.00013293000000000202
0.0025,0.0023657233333333355,0.0001342766666666646
0.002466,0.002599259999999989,-0.00013325999999998922
0.002502,0.0026464200000000087,-0.0001444200000000088
0.002523,0.002361479999999991,0.00016152000000000917
0.002489,0.0026102899999999943,-0.00012128999999999439
0.002525,0.002654976666666668,-0.00012997666666666801
0.002547,0.0024344666666666717,0.00011253333333332812
0.002509,0.0026121766666666606,-0.00010317666666666064
0.002548,0.002656009999999997,-0.00010800999999999693
0.002573,0.0025005133333333295,7.248666666667073e-05
0.002531,0.0026921633333333366,-0.00016116333333333682
0.002571,0.0027317066666666654,-0.0001607066666666655
0.002594,0.002460783333333336,0.00013321666666666395
0.002553,0.0026778833333333347,-0.00012488333333333457
0.002594,0.0027098199999999943,-0.00011581999999999435
0.002617,0.0025948600000000022,2.2139999999997752e-05
0.002577,0.0027552000000000006,-0.00017820000000000075
0.002617,0.002784023333333329,-0.0001670233333333289
0.002641,0.002546933333333334,9.406666666666617e-05
0.002601,0.00282195666666666,-0.00022095666666665983
0.002641,0.0028705966666666624,-0.0002295966666666623
0.002668,0.0024514000000000103,0.00021659999999998954
0.002625,0.002800823333333336,-0.00017582333333333562
0.002666,0.002842760000000002,-0.00017676000000000193
0.002692,0.002514530000000009,0.00017746999999999078
0.002649,0.0028382633333333316,-0.0001892633333333317
0.00269,0.0028841666666666664,-0.00019416666666666627
0.002716,0.002557530000000011,0.00015846999999998912
0.002674,0.002877313333333339,-0.0002033133333333389
0.002715,0.0029183033333333303,-0.00020330333333333029
0.002738,0.00257464000000001,0.00016335999999999
0.0027,0.0028101533333333333,-0.00011015333333333314
0.00274,0.0028481666666666746,-0.00010816666666667481
0.002758,0.002689589999999996,6.841000000000399e-05
0.002727,0.0029508666666666736,-0.00022386666666667377
0.002765,0.002963983333333332,-0.0001989833333333321
0.002778,0.002720316666666672,5.768333333332817e-05
0.0007032,0.0007222786666666685,-1.9078666666668548e-05
0.0008441,0.0008464746666666667,-2.3746666666667237e-06
0.001066,0.001001479333333332,6.452066666666804e-05
0.0006973,0.000717578999999997,-2.0278999999996964e-05
0.0008341,0.000839040999999995,-4.940999999994964e-06
0.001043,0.0009967709999999992,4.622900000000093e-05
0.0006917,0.0006980953333333369,-6.395333333336921e-06
0.0008248,0.0008213550000000025,3.4449999999975386e-06
0.001021,0.0010000033333333331,2.099666666666687e-05
0.0006865,0.0007197433333333309,-3.324333333333085e-05
0.0008159,0.0008309933333333294,-1.5093333333329349e-05
0.001,0.0009695593333333315,3.0440666666668552e-05
0.0006816,0.0007172786666666646,-3.5678666666664615e-05
0.0008076,0.0008265593333333297,-1.895933333332972e-05
0.0009851,0.0009590549999999983,2.6045000000001774e-05
0.0006773,0.0006748163333333341,2.4836666666659462e-06
0.0007998,0.0007920150000000018,7.784999999998219e-06
0.0009638,0.000946638000000001,1.716199999999906e-05
0.0006738,0.0006728906666666648,9.093333333352188e-07
0.0007928,0.0007898376666666641,2.962333333335885e-06
0.0009539,0.0009445456666666648,9.354333333335264e-06
0.0006704,0.0006709296666666677,-5.296666666677061e-07
0.0007863,0.0007853150000000031,9.849999999968608e-07
0.0009428,0.0009353239999999994,7.4760000000006176e-06
0.000667,0.0006681413333333324,-1.141333333332475e-06
0.0007803,0.0007817919999999982,-1.4919999999981216e-06
0.0009302,0.0009323183333333322,-2.1183333333322455e-06
0.0006641,0.0006674680000000018,-3.368000000001747e-06
0.0007748,0.0007759796666666661,-1.1796666666661227e-06
0.0009199,0.0009092633333333332,1.0636666666666815e-05
0.0006614,0.0006609203333333326,4.796666666674609e-07
0.0007698,0.0007684063333333301,1.3936666666698174e-06
0.0009048,0.0009086590000000014,-3.859000000001455e-06
0.0006591,0.0006576476666666671,1.4523333333329265e-06
0.000765,0.0007612886666666661,3.7113333333338005e-06
0.000901,0.0008973553333333327,3.644666666667313e-06
0.0006573,0.0006568860000000003,4.1399999999968806e-07
0.0007606,0.0007587633333333314,1.8366666666685526e-06
0.0008984,0.0008926293333333372,5.77066666666284e-06
0.0006555,0.0006550789999999991,4.210000000009909e-07
0.0007567,0.0007557380000000022,9.619999999977997e-07
0.0008952,0.0008895969999999998,5.603000000000183e-06
0.0006534,0.0006596740000000005,-6.2740000000004485e-06
0.0007531,0.0007599839999999992,-6.883999999999211e-06
0.0008893,0.000884447,4.852999999999975e-06
0.0006518,0.000660432666666667,-8.632666666667029e-06
0.0007498,0.0007578696666666666,-8.069666666666621e-06
0.0008789,0.0008699109999999997,8.989000000000262e-06
0.0006501,0.0006588376666666662,-8.737666666666188e-06
0.0007468,0.0007528530000000007,-6.053000000000655e-06
0.0008652,0.0008508873333333317,1.4312666666668316e-05
0.0006486,0.0006566056666666658,-8.005666666665722e-06
0.000744,0.0007490000000000009,-5.0000000000008805e-06
0.0008518,0.0008412813333333304,1.0518666666669619e-05
0.0006476,0.0006531339999999993,-5.533999999999314e-06
0.0007414,0.0007457289999999973,-4.328999999997254e-06
0.0008471,0.0008402150000000023,6.884999999997709e-06
0.0006467,0.0006488560000000014,-2.1560000000013122e-06
0.0007392,0.0007406296666666654,-1.429666666665397e-06
0.0008404,0.0008375170000000002,2.882999999999857e-06
0.0006462,0.0006484833333333328,-2.2833333333327835e-06
0.0007372,0.0007401766666666657,-2.9766666666656855e-06
0.000835,0.0008374836666666634,-2.483666666663344e-06
0.0006458,0.0006478853333333326,-2.0853333333325933e-06
0.0007354,0.0007380739999999994,-2.673999999999385e-06
0.0008232,0.0008308389999999964,-7.638999999996462e-06
0.0006456,0.0006473263333333309,-1.7263333333309523e-06
0.000734,0.0007337666666666678,2.3333333333216445e-07
0.0008144,0.0008161429999999957,-1.7429999999957852e-06
0.0006454,0.0006472486666666643,-1.8486666666642964e-06
0.0007328,0.0007332580000000016,-4.5800000000157347e-07
0.0008032,0.0008137606666666626,-1.0560666666662583e-05
0.0006453,0.0006454789999999978,-1.7899999999783107e-07
0.0007318,0.0007323770000000028,-5.770000000027966e-07
0.0008125,0.0008085770000000005,3.922999999999427e-06
0.0006452,0.0006454393333333302,-2.3933333333019894e-07
0.0007309,0.0007308143333333309,8.566666666917199e-08
0.0008171,0.0008177296666666632,-6.296666666632091e-07
0.0006453,0.0006457839999999993,-4.839999999992723e-07
0.0007302,0.0007303803333333335,-1.8033333333349836e-07
0.000823,0.0008111216666666628,1.1878333333337166e-05
0.0006454,0.0006476779999999984,-2.2779999999984627e-06
0.0007295,0.0007316763333333321,-2.1763333333320745e-06
0.0008114,0.0008078326666666629,3.5673333333370626e-06
0.0006456,0.0006490549999999995,-3.454999999999539e-06
0.0007292,0.0007319040000000018,-2.7040000000017007e-06
0.0008012,0.0007919723333333299,9.227666666670109e-06
0.0006459,0.0006474836666666646,-1.583666666664569e-06
0.000729,0.0007301146666666677,-1.1146666666677013e-06
0.0007874,0.0007927379999999987,-5.337999999998721e-06
0.0006465,0.000648660666666667,-2.160666666666932e-06
0.000729,0.0007312296666666685,-2.229666666668452e-06
0.0007863,0.000788881666666663,-2.581666666663044e-06
0.0006473,0.0006495646666666668,-2.264666666666835e-06
0.0007293,0.000731540666666669,-2.2406666666689506e-06
0.0007912,0.0007851406666666629,6.05933333333716e-06
0.0006481,0.0006499423333333329,-1.8423333333328872e-06
0.0007298,0.0007317063333333353,-1.9063333333353043e-06
0.0007976,0.000784328666666663,1.3271333333336982e-05
0.0006491,0.0006502603333333316,-1.1603333333315815e-06
0.0007305,0.0007315680000000024,-1.068000000002396e-06
0.0007885,0.0007822276666666635,6.272333333336502e-06
0.0006501,0.0006499186666666675,1.8133333333253832e-07
0.0007311,0.000731223666666666,-1.236666666659756e-07
0.0007826,0.0007857183333333313,-3.118333333331294e-06
0.0006513,0.0006523906666666662,-1.0906666666662393e-06
0.0007318,0.0007327206666666668,-9.206666666668152e-07
0.0007738,0.0007802293333333335,-6.429333333333445e-06
0.0006525,0.0006527749999999998,-2.749999999997763e-07
0.0007325,0.000732643666666666,-1.4366666666607367e-07
0.0007755,0.000775904333333332,-4.0433333333192954e-07
0.0006539,0.0006537449999999988,1.550000000012479e-07
0.0007332,0.000733374333333331,-1.7433333333091022e-07
0.0007751,0.000776730000000001,-1.630000000000945e-06
0.0006553,0.0006556616666666688,-3.616666666687472e-07
0.0007343,0.0007347986666666658,-4.986666666658085e-07
0.0007776,0.0007767663333333355,8.33666666664578e-07
0.0006567,0.0006552623333333325,1.4376666666674745e-06
0.0007355,0.0007345469999999977,9.5300000000232e-07
0.0007772,0.0007780116666666643,-8.116666666642316e-07
0.0006581,0.0006563939999999999,1.7060000000000816e-06
0.0007369,0.0007356596666666641,1.2403333333358768e-06
0.0007764,0.0007803473333333309,-3.947333333330903e-06
0.0006598,0.0006603950000000014,-5.950000000014537e-07
0.0007384,0.0007393119999999983,-9.119999999983135e-07
0.0007758,0.0007823353333333313,-6.535333333331319e-06
0.0006614,0.0006610389999999981,3.610000000018893e-07
0.00074,0.0007398403333333315,1.59666666668494e-07
0.0007835,0.000778529666666664,4.97033333333606e-06
0.0006631,0.000662981,1.1900000000003054e-07
0.0007418,0.0007418940000000006,-9.400000000061269e-08
0.0007806,0.000783923666666665,-3.323666666664969e-06
0.0006648,0.0006631340000000007,1.6659999999993434e-06
0.0007436,0.0007419779999999964,1.6220000000035295e-06
0.0007846,0.0007809016666666655,3.698333333334463e-06
0.0006664,0.000667382333333335,-9.823333333349588e-07
0.0007454,0.0007464446666666678,-1.0446666666677918e-06
0.0007857,0.0007809663333333348,4.733666666665161e-06
0.0006682,0.0006679340000000025,2.659999999974662e-07
0.0007472,0.0007470596666666686,1.4033333333135067e-07
0.0007821,0.0007827116666666674,-6.116666666673709e-07
0.0006701,0.0006703150000000005,-2.150000000005663e-07
0.0007491,0.0007493773333333355,-2.7733333333545933e-07
0.0007792,0.000776608333333333,2.591666666666996e-06
0.0006722,0.0006711733333333326,1.0266666666674e-06
0.0007512,0.0007505023333333354,6.97666666664605e-07
0.0007792,0.0007743309999999979,4.8690000000020705e-06
0.0006743,0.0006735843333333355,7.156666666644548e-07
0.0007533,0.0007526720000000007,6.279999999993712e-07
0.000765,0.0007730403333333345,-8.040333333334524e-06
0.0006766,0.0006746080000000005,1.991999999999489e-06
0.0007556,0.0007537536666666698,1.8463333333302396e-06
0.0007624,0.0007689293333333324,-6.529333333332417e-06
0.0006789,0.0006781279999999987,7.720000000013133e-07
0.0007579,0.0007574696666666663,4.303333333337484e-07
0.0007627,0.0007682423333333315,-5.542333333331405e-06
0.0006813,0.0006792466666666696,2.053333333330463e-06
0.0007605,0.0007591013333333374,1.398666666662632e-06
0.0007671,0.0007744483333333357,-7.348333333335663e-06
0.0006836,0.000681935666666665,1.6643333333350718e-06
0.000763,0.0007613096666666666,1.6903333333334212e-06
0.0007773,0.0007775593333333314,-2.593333333313812e-07
0.000686,0.0006845536666666697,1.44633333333023e-06
0.0007656,0.0007643610000000041,1.2389999999958727e-06
0.000794,0.000783173333333334,1.0826666666666012e-05
0.0006884,0.0006875983333333313,8.016666666687362e-07
0.0007684,0.000767393666666668,1.0063333333319756e-06
0.0007942,0.0007911693333333303,3.03066666666968e-06
0.000691,0.0006886290000000016,2.370999999998409e-06
0.0007712,0.0007688076666666686,2.3923333333313555e-06
0.0007923,0.0007938053333333303,-1.5053333333302915e-06
0.0006936,0.0006932803333333324,3.196666666676522e-07
0.0007741,0.0007736330000000003,4.669999999996552e-07
0.0007952,0.0007920443333333328,3.155666666667203e-06
0.0006962,0.0006955939999999981,6.060000000019522e-07
0.000777,0.0007763903333333343,6.096666666657131e-07
0.0007916,0.0007919216666666657,-3.216666666656237e-07
0.0006988,0.0006963093333333347,2.4906666666652975e-06
0.00078,0.0007771719999999993,2.8280000000007258e-06
0.0007879,0.0007922700000000006,-4.37000000000061e-06
0.0007014,0.0007018406666666705,-4.4066666667042474e-07
0.0007831,0.000783558999999996,-4.5899999999595136e-07
0.000793,0.0007935403333333307,-5.403333333307099e-07
0.0007041,0.0007023539999999985,1.7460000000015788e-06
0.0007862,0.0007841543333333353,2.0456666666646877e-06
0.0007949,0.000791677666666664,3.2223333333359673e-06
0.0007069,0.0007071399999999999,-2.3999999999987573e-07
0.0007892,0.0007896093333333329,-4.0933333333287563e-07
0.0007907,0.0007910126666666666,-3.1266666666667463e-07
0.0007095,0.0007066490000000034,2.8509999999965343e-06
0.0007923,0.0007889779999999957,3.3220000000042755e-06
0.0007908,0.0007922456666666672,-1.4456666666671667e-06
0.0007123,0.0007117730000000012,5.269999999988652e-07
0.0007954,0.0007948156666666629,5.843333333371489e-07
0.0007873,0.0007942046666666662,-6.904666666666167e-06
0.000715,0.0007181013333333319,-3.1013333333318937e-06
0.0007987,0.0008017283333333307,-3.0283333333307443e-06
0.0007898,0.0008000489999999977,-1.0248999999997658e-05
0.000718,0.0007292199999999978,-1.1219999999997768e-05
0.0008019,0.0008076233333333357,-5.723333333335664e-06
0.0007961,0.0008237760000000005,-2.7676000000000458e-05
0.0007207,0.000727841333333334,-7.14133333333403e-06
0.0008051,0.000807526666666663,-2.4266666666629888e-06
0.0008079,0.0008213733333333318,-1.3473333333331814e-05
0.0007234,0.0007293396666666648,-5.939666666664742e-06
0.0008084,0.0008090836666666685,-6.836666666685046e-07
0.0008159,0.0008326696666666655,-1.6769666666665477e-05
0.000726,0.0007361270000000005,-1.0127000000000508e-05
0.0008117,0.000814512000000003,-2.8120000000029675e-06
0.0008191,0.0008442169999999967,-2.5116999999996704e-05
0.0007288,0.0007652819999999997,-3.648199999999968e-05
0.000815,0.0008251639999999974,-1.0163999999997404e-05
0.0008173,0.000903556666666665,-8.625666666666506e-05
0.0007316,0.0007911269999999988,-5.952699999999878e-05
0.0008185,0.0008297189999999989,-1.1218999999998945e-05
0.0008131,0.0009349806666666648,-0.00012188066666666479
0.0007344,0.0007872676666666643,-5.286766666666432e-05
0.0008218,0.0008299446666666661,-8.144666666666067e-06
0.0008232,0.0009162213333333319,-9.302133333333195e-05
0.0007372,0.0007494379999999988,-1.2237999999998726e-05
0.0008252,0.0008233780000000033,1.8219999999967039e-06
0.0008309,0.0008447459999999987,-1.3845999999998674e-05
0.00074,0.0007534716666666697,-1.3471666666669711e-05
0.0008286,0.0008307793333333335,-2.1793333333335312e-06
0.0008394,0.0008530903333333295,-1.3690333333329485e-05
0.0007427,0.0007470499999999992,-4.349999999999211e-06
0.000832,0.0008317016666666685,2.9833333333145317e-07
0.0008403,0.0008449983333333296,-4.6983333333296086e-06
0.0007456,0.0007487766666666691,-3.1766666666690514e-06
0.0008355,0.0008356533333333349,-1.5333333333491638e-07
0.0008415,0.000843091999999999,-1.5919999999989371e-06
0.0007483,0.00075255166666667,-4.251666666669931e-06
0.000839,0.0008397026666666635,-7.026666666634911e-07
0.0008382,0.0008472966666666653,-9.096666666665336e-06
0.000751,0.000752781666666667,-1.7816666666669277e-06
0.0008423,0.000842607000000003,-3.0700000000299064e-07
0.0008456,0.0008453136666666681,2.8633333333180633e-07
0.0007538,0.0007595593333333332,-5.759333333333195e-06
0.0008458,0.0008457386666666644,6.13333333355278e-08
0.0008494,0.0008533143333333341,-3.914333333334069e-06
0.0007566,0.0007676179999999989,-1.1017999999998924e-05
0.0008492,0.0008513403333333338,-2.1403333333337845e-06
0.0008523,0.000860465,-8.165000000000082e-06
0.0007595,0.0007679653333333306,-8.46533333333059e-06
0.0008528,0.0008530473333333316,-2.4733333333162594e-07
0.0008513,0.0008672843333333312,-1.5984333333331126e-05
0.0007623,0.0007678863333333302,-5.586333333330146e-06
0.0008564,0.0008569459999999983,-5.45999999998297e-07
0.0008702,0.0008738979999999985,-3.6979999999984864e-06
0.0007652,0.0007750676666666629,-9.867666666662947e-06
0.0008601,0.0008625466666666667,-2.4466666666666647e-06
0.000884,0.0008764853333333308,7.514666666669266e-06
0.0007681,0.0007906556666666644,-2.2555666666664422e-05
0.0008638,0.000865743999999999,-1.9439999999990585e-06
0.0008726,0.0008874433333333301,-1.4843333333330183e-05
0.0007711,0.0008203053333333326,-4.920533333333259e-05
0.0008675,0.0008688979999999996,-1.3979999999995689e-06
0.0008731,0.0008960796666666652,-2.2979666666665135e-05
0.000774,0.0008385063333333344,-6.450633333333444e-05
0.0008711,0.0008733729999999996,-2.2729999999995766e-06
0.00087,0.0008998276666666653,-2.9827666666665297e-05
0.000777,0.000833541666666669,-5.654166666666893e-05
0.0008747,0.0008755533333333321,-8.533333333321687e-07
0.0008575,0.000891529666666665,-3.4029666666665e-05
0.00078,0.0007915926666666687,-1.1592666666668749e-05
0.0008783,0.0008794869999999995,-1.1869999999994992e-06
0.0008549,0.0008632830000000048,-8.383000000004815e-06
0.000783,0.000796268666666669,-1.3268666666669008e-05
0.0008819,0.0008801659999999985,1.7340000000014982e-06
0.0008547,0.0008622159999999992,-7.515999999999187e-06
0.0007861,0.000791578666666667,-5.478666666667025e-06
0.0008857,0.0008845290000000002,1.1709999999997894e-06
0.0008468,0.0008623216666666705,-1.5521666666670547e-05
0.0007892,0.0007941310000000022,-4.931000000002179e-06
0.0008894,0.0008880693333333323,1.3306666666677413e-06
0.0008652,0.0008565783333333332,8.621666666666747e-06
0.0007923,0.0007964686666666667,-4.168666666666673e-06
0.0008933,0.0008946616666666646,-1.3616666666646515e-06
0.0008637,0.0008596136666666696,4.086333333330381e-06
0.0007955,0.0008135916666666683,-1.8091666666668295e-05
0.0008972,0.0008990733333333315,-1.8733333333315321e-06
0.0008516,0.0008637259999999968,-1.2125999999996855e-05
0.0007987,0.000806947333333332,-8.247333333332037e-06
0.0009012,0.000902948666666661,-1.7486666666609871e-06
0.0008453,0.0008585060000000015,-1.32060000000015e-05
0.0008019,0.0008221636666666701,-2.0263666666670076e-05
0.0009049,0.0009082829999999975,-3.3829999999974297e-06
0.0008487,0.0008793556666666652,-3.0655666666665215e-05
0.0008053,0.0008212623333333365,-1.5962333333336526e-05
0.0009087,0.0009146276666666649,-5.9276666666648785e-06
0.0008664,0.0008936393333333332,-2.7239333333333132e-05
0.0008085,0.0008239323333333349,-1.5432333333334903e-05
0.0009124,0.0009203803333333326,-7.980333333332604e-06
0.0009,0.0009136703333333348,-1.3670333333334807e-05
0.0008119,0.0008239006666666662,-1.2000666666666282e-05
0.0009163,0.0009216273333333325,-5.327333333332465e-06
0.0009095,0.0009063753333333328,3.124666666667257e-06
0.0008153,0.0008272963333333348,-1.1996333333334796e-05
0.0009204,0.0009266936666666644,-6.293666666664353e-06
0.0009182,0.0009111203333333293,7.079666666670657e-06
0.0008187,0.0008239036666666642,-5.2036666666642126e-06
0.0009245,0.0009267446666666645,-2.2446666666645684e-06
0.000909,0.0009096506666666646,-6.506666666646239e-07
0.0008222,0.0008278153333333366,-5.615333333336566e-06
0.0009285,0.0009313356666666664,-2.835666666666393e-06
0.0009031,0.0009118356666666655,-8.735666666665506e-06
0.0008257,0.0008312823333333326,-5.582333333332685e-06
0.0009325,0.0009348543333333354,-2.3543333333354193e-06
0.0009026,0.0009145709999999972,-1.1970999999997125e-05
0.0008292,0.0008359916666666684,-6.791666666668399e-06
0.0009365,0.0009393666666666696,-2.8666666666695914e-06
0.0009141,0.0009229270000000005,-8.827000000000422e-06
0.000833,0.0008355600000000002,-2.5600000000001923e-06
0.0009405,0.000940660000000003,-1.6000000000295292e-07
0.0009279,0.0009261669999999987,1.7330000000012656e-06
0.0008368,0.000847258,-1.0458000000000082e-05
0.0009447,0.00094687366666667,-2.1736666666699557e-06
0.0009407,0.0009351040000000018,5.59599999999823e-06
0.0008407,0.0008608746666666673,-2.0174666666667265e-05
0.000949,0.000953431000000002,-4.4310000000020045e-06
0.0009338,0.0009469163333333326,-1.311633333333259e-05
0.0008446,0.0008642150000000015,-1.961500000000147e-05
0.0009535,0.0009604313333333369,-6.931333333336904e-06
0.0009303,0.0009393156666666663,-9.015666666666337e-06
0.0008486,0.0008652226666666673,-1.6622666666667282e-05
0.0009579,0.0009650643333333331,-7.164333333333091e-06
0.0009221,0.000944198999999997,-2.2098999999996998e-05
0.0008526,0.0008877220000000006,-3.51220000000006e-05
0.0009623,0.0009756546666666703,-1.3354666666670254e-05
0.000934,0.0009550199999999988,-2.1019999999998765e-05
0.0008569,0.0008910166666666674,-3.411666666666745e-05
0.0009667,0.0009783913333333365,-1.1691333333336499e-05
0.0009394,0.0009589616666666638,-1.9561666666663793e-05
0.0008611,0.000880218333333333,-1.9118333333333092e-05
0.0009713,0.0009797979999999992,-8.497999999999145e-06
0.0009416,0.0009565263333333327,-1.4926333333332683e-05
0.0008651,0.0008895140000000022,-2.4414000000002115e-05
0.0009758,0.0009884940000000004,-1.2694000000000377e-05
0.0009476,0.0009639679999999978,-1.6367999999997726e-05
0.0008691,0.000907681333333334,-3.8581333333334014e-05
0.0009806,0.0009975056666666697,-1.690566666666957e-05
0.00095,0.0009763649999999972,-2.6364999999997163e-05
0.0008732,0.0009013616666666665,-2.8161666666666496e-05
0.0009855,0.0009970766666666689,-1.1576666666668822e-05
0.0009486,0.0009704883333333303,-2.1888333333330303e-05
0.0008775,0.0008978063333333318,-2.030633333333174e-05
0.0009905,0.0010010180000000007,-1.0518000000000593e-05
0.0009594,0.0009650483333333295,-5.648333333329496e-06
0.0008819,0.0008968216666666678,-1.4921666666667822e-05
0.0009955,0.0009999520000000003,-4.452000000000275e-06
0.0009533,0.0009671903333333317,-1.3890333333331658e-05
0.0008862,0.0008960153333333311,-9.815333333331139e-06
0.001001,0.0010051410000000028,-4.141000000002859e-06
0.0009496,0.0009669389999999972,-1.7338999999997186e-05
0.0008906,0.0009078136666666671,-1.7213666666667155e-05
0.001006,0.0010090189999999984,-3.0189999999984205e-06
0.0009624,0.0009701733333333305,-7.773333333330537e-06
0.0008949,0.0009123823333333336,-1.748233333333357e-05
0.001011,0.0010105796666666654,4.203333333345667e-07
0.0009711,0.0009740939999999969,-2.9939999999968343e-06
0.0008991,0.0009196633333333322,-2.056333333333221e-05
0.001016,0.0010193309999999996,-3.3309999999996467e-06
0.0009821,0.000990036999999996,-7.936999999995841e-06
0.0009032,0.0009219913333333318,-1.879133333333174e-05
0.001021,0.0010263649999999998,-5.364999999999797e-06
0.0009937,0.0009968129999999966,-3.112999999996648e-06
0.0009072,0.0009397613333333318,-3.256133333333171e-05
0.001027,0.001031476999999999,-4.4769999999990425e-06
0.0009952,0.0010100813333333313,-1.4881333333331432e-05
0.0009111,0.0009396513333333318,-2.855133333333178e-05
0.001032,0.0010368783333333327,-4.878333333332768e-06
0.0009937,0.0010038343333333333,-1.0134333333333342e-05
0.0009149,0.0009398609999999981,-2.496099999999815e-05
0.001037,0.001043623666666667,-6.623666666667055e-06
0.0009997,0.001003932666666668,-4.2326666666678975e-06
0.0009186,0.0009293610000000001,-1.0761000000000082e-05
0.001043,0.001045253999999999,-2.2539999999988437e-06
0.0009925,0.0010036579999999967,-1.1157999999996792e-05
0.0009221,0.0009375823333333329,-1.5482333333332872e-05
0.001048,0.0010502353333333356,-2.235333333335497e-06
0.0009997,0.0010058676666666673,-6.167666666667248e-06
0.0009255,0.0009453860000000022,-1.988600000000216e-05
0.001053,0.0010548853333333327,-1.8853333333328053e-06
0.001007,0.0010129536666666674,-5.953666666667348e-06
0.0009289,0.0009411869999999987,-1.2286999999998739e-05
0.001058,0.001058396,-3.960000000001636e-07
0.001008,0.0010157606666666645,-7.760666666664466e-06
0.0009321,0.000947070333333335,-1.4970333333335002e-05
0.001063,0.0010656076666666675,-2.6076666666675734e-06
0.001013,0.0010249440000000018,-1.1944000000001795e-05
0.0009352,0.0009412353333333323,-6.035333333332337e-06
0.001067,0.0010683570000000002,-1.3570000000002243e-06
0.001029,0.0010146656666666662,1.433433333333377e-05
0.0009382,0.0009489566666666679,-1.0756666666667837e-05
0.001072,0.0010700116666666668,1.9883333333332344e-06
0.001011,0.0010302096666666672,-1.920966666666725e-05
0.0009412,0.0009556270000000015,-1.4427000000001534e-05
0.001076,0.0010767496666666664,-7.49666666666508e-07
0.001011,0.001026691666666667,-1.5691666666666935e-05
0.0009441,0.0009519863333333334,-7.8863333333334e-06
0.001081,0.001077323000000001,3.676999999999023e-06
0.001016,0.001020481666666668,-4.481666666668023e-06
0.0009472,0.0009593659999999997,-1.2165999999999653e-05
0.001085,0.0010823626666666664,2.637333333333587e-06
0.001027,0.001036059999999999,-9.059999999999103e-06
0.0009504,0.000972084666666666,-2.1684666666665995e-05
0.00109,0.0010807820000000004,9.21799999999964e-06
0.001043,0.0010309356666666676,1.2064333333332506e-05
0.0009537,0.0009785936666666642,-2.4893666666664154e-05
0.001095,0.001087761999999997,7.2380000000031586e-06
0.001069,0.0010441333333333356,2.486666666666449e-05
0.0009572,0.0009655603333333347,-8.360333333334792e-06
0.0011,0.0010927243333333362,7.275666666663877e-06
0.00106,0.0010611773333333316,-1.1773333333316323e-06
0.0009608,0.0009768519999999996,-1.605199999999958e-05
0.001104,0.0010995833333333346,4.416666666665374e-06
0.001068,0.0010666946666666674,1.3053333333325635e-06
0.0009642,0.000971893333333332,-7.693333333331988e-06
0.001109,0.001104794999999999,4.205000000001048e-06
0.001072,0.0010672246666666686,4.7753333333314715e-06
0.0009677,0.0009736026666666697,-5.902666666669689e-06
0.001114,0.0011090053333333379,4.9946666666621144e-06
0.001077,0.001074698000000004,2.30199999999613e-06
0.0009713,0.0009875740000000015,-1.627400000000145e-05
0.001118,0.0011119633333333356,6.036666666664426e-06
0.001089,0.0010818533333333325,7.146666666667375e-06
0.000975,0.0009846423333333366,-9.642333333336655e-06
0.001123,0.0011205950000000007,2.404999999999378e-06
0.001105,0.0010931330000000005,1.1866999999999607e-05
0.0009789,0.0009910550000000028,-1.215500000000284e-05
0.001129,0.0011245036666666678,4.496333333332174e-06
0.0011,0.001101752000000002,-1.7520000000019985e-06
0.0009828,0.0009879913333333374,-5.191333333337371e-06
0.001134,0.0011316783333333315,2.3216666666684913e-06
0.001101,0.0010992159999999968,1.7840000000031529e-06
0.0009869,0.0009950753333333353,-8.175333333335349e-06
0.001139,0.0011307260000000007,8.273999999999304e-06
0.001097,0.0010855846666666682,1.1415333333331936e-05
0.0009909,0.0010001963333333337,-9.296333333333592e-06
0.001144,0.001139157333333336,4.842666666664058e-06
0.001096,0.001098486666666669,-2.4866666666690292e-06
0.0009952,0.0010150656666666658,-1.986566666666587e-05
0.001149,0.0011248963333333314,2.410366666666863e-05
0.001109,0.0010594723333333328,4.952766666666713e-05
0.0009995,0.0010145249999999996,-1.5024999999999674e-05
0.001154,0.001149405000000003,4.594999999996997e-06
0.001114,0.001117983333333334,-3.983333333333963e-06
0.001004,0.00102869833333333,-2.4698333333330203e-05
0.001159,0.0011569933333333347,2.0066666666653746e-06
0.001113,0.0011336333333333332,-2.0633333333333094e-05
0.001009,0.0010669350000000004,-5.7935000000000495e-05
0.001165,0.0011597333333333338,5.26666666666618e-06
0.001119,0.0011564899999999987,-3.748999999999875e-05
0.001014,0.0010645706666666662,-5.0570666666666314e-05
0.00117,0.0011665466666666694,3.4533333333306056e-06
0.001128,0.0011611333333333318,-3.313333333333172e-05
0.001019,0.0010444200000000005,-2.5420000000000607e-05
0.001176,0.001169660000000001,6.339999999998994e-06
0.001135,0.001148483333333335,-1.3483333333335007e-05
0.001024,0.0010471766666666656,-2.3176666666665634e-05
0.001182,0.001175480000000004,6.51999999999619e-06
0.001141,0.0011558939999999976,-1.4893999999997503e-05
0.001029,0.0010443900000000018,-1.5390000000001843e-05
0.001188,0.001180573333333333,7.4266666666670134e-06
0.001144,0.0011548133333333347,-1.0813333333334601e-05
0.001035,0.001068596666666667,-3.359666666666707e-05
0.001194,0.0011833766666666694,1.0623333333330525e-05
0.001153,0.0011739433333333305,-2.0943333333330602e-05
0.00104,0.0010785199999999997,-3.851999999999979e-05
0.0012,0.0011809900000000011,1.9009999999998776e-05
0.001161,0.0011753873333333307,-1.438733333333081e-05
0.001046,0.0010823966666666663,-3.639666666666627e-05
0.001206,0.0011887566666666678,1.7243333333332193e-05
0.001155,0.001172973999999996,-1.7973999999995908e-05
0.001052,0.0010933600000000003,-4.136000000000027e-05
0.001213,0.0011925299999999994,2.047000000000073e-05
0.001154,0.0011836083333333328,-2.9608333333332702e-05
0.001058,0.0011015400000000022,-4.3540000000002283e-05
0.001219,0.0011999633333333339,1.9036666666666152e-05
0.001158,0.001178033333333333,-2.003333333333297e-05
0.001064,0.0011086433333333352,-4.4643333333335136e-05
0.001226,0.0011941366666666684,3.186333333333167e-05
0.001157,0.0011579929999999971,-9.929999999970952e-07
0.00107,0.0011157366666666667,-4.5736666666666747e-05
0.001233,0.0012109333333333344,2.2066666666665504e-05
0.001167,0.0011956573333333318,-2.8657333333331715e-05
0.001077,0.001112836666666667,-3.5836666666666994e-05
0.00124,0.001232103333333332,7.896666666667908e-06
0.001177,0.0012063436666666617,-2.934366666666158e-05
0.001083,0.0011156366666666639,-3.263666666666388e-05
0.001247,0.0012327433333333333,1.4256666666666784e-05
0.001183,0.0012123753333333329,-2.937533333333283e-05
0.00109,0.0011420333333333325,-5.203333333333245e-05
0.001254,0.0012421666666666662,1.1833333333333747e-05
0.001206,0.001238433333333332,-3.243333333333197e-05
0.001097,0.0011415766666666655,-4.4576666666665396e-05
0.001261,0.0012485966666666655,1.2403333333334482e-05
0.001226,0.0012398786666666657,-1.3878666666665603e-05
0.001104,0.001129339999999998,-2.5339999999998046e-05
0.001268,0.0012621933333333388,5.806666666661239e-06
0.001222,0.0012345500000000027,-1.2550000000002663e-05
0.001111,0.001131879999999999,-2.0879999999998946e-05
0.001275,0.001267986666666666,7.013333333334183e-06
0.001213,0.001233416666666667,-2.0416666666666847e-05
0.001118,0.001132169999999995,-1.4169999999994994e-05
0.001282,0.0012715033333333388,1.0496666666661141e-05
0.001206,0.0012255633333333354,-1.956333333333533e-05
0.001125,0.0011523499999999986,-2.7349999999998686e-05
0.00129,0.0012811333333333356,8.866666666664316e-06
0.001211,0.0012562493333333317,-4.524933333333167e-05
0.001133,0.0011626466666666627,-2.9646666666662772e-05
0.001297,0.0012912166666666674,5.7833333333325975e-06
0.001239,0.0012661819999999979,-2.7181999999997776e-05
0.00114,0.001155126666666664,-1.5126666666664002e-05
0.001305,0.0012881266666666666,1.6873333333333306e-05
0.00126,0.0012489089999999997,1.1091000000000399e-05
0.001148,0.0011720233333333298,-2.4023333333329875e-05
0.001313,0.001293983333333334,1.9016666666665837e-05
0.001259,0.0012651326666666659,-6.132666666665938e-06
0.001156,0.0011938966666666657,-3.789666666666582e-05
0.001321,0.0013128566666666666,8.143333333333327e-06
0.001249,0.001277520333333336,-2.852033333333617e-05
0.001164,0.0011890200000000007,-2.5020000000000597e-05
0.001328,0.0013176666666666695,1.0333333333330513e-05
0.00124,0.0012770900000000013,-3.709000000000134e-05
0.001172,0.001190893333333332,-1.8893333333331935e-05
0.001336,0.0013252366666666666,1.076333333333338e-05
0.00124,0.0012667466666666685,-2.6746666666668502e-05
0.00118,0.0011978500000000031,-1.7850000000003063e-05
0.001344,0.0013401099999999998,3.8900000000001e-06
0.001258,0.0012753866666666714,-1.7386666666671397e-05
0.001188,0.001202679999999999,-1.4679999999998904e-05
0.001353,0.0013492166666666705,3.783333333329513e-06
0.001269,0.0013212466666666675,-5.224666666666755e-05
0.001196,0.0012100066666666672,-1.4006666666667184e-05
0.001361,0.0013447333333333306,1.6266666666669375e-05
0.001288,0.001289173333333337,-1.1733333333369903e-06
0.001204,0.0012243699999999983,-2.036999999999829e-05
0.00137,0.0013364499999999994,3.355000000000046e-05
0.001292,0.00129754666666667,-5.5466666666699384e-06
0.001212,0.001233290000000002,-2.1290000000001932e-05
0.001379,0.0013426533333333328,3.634666666666722e-05
0.001288,0.0012941966666666694,-6.196666666669331e-06
0.001221,0.0012632833333333301,-4.228333333333007e-05
0.001388,0.0013475700000000006,4.0429999999999286e-05
0.001282,0.0013393933333333357,-5.7393333333335744e-05
0.001229,0.0012838033333333323,-5.480333333333226e-05
0.001397,0.0013717733333333342,2.522666666666582e-05
0.001285,0.001362576666666669,-7.757666666666913e-05
0.001238,0.0012942666666666653,-5.626666666666536e-05
0.001406,0.0013619833333333327,4.4016666666667204e-05
0.001294,0.0013786233333333339,-8.462333333333384e-05
0.001247,0.0013124133333333302,-6.541333333333018e-05
0.001416,0.001380486666666665,3.551333333333493e-05
0.001317,0.0014031700000000022,-8.617000000000217e-05
0.001256,0.0013094133333333335,-5.3413333333333576e-05
0.001426,0.00140087,2.5129999999999944e-05
0.001325,0.0013944833333333349,-6.948333333333485e-05
0.001265,0.0012913766666666643,-2.6376666666664194e-05
0.001436,0.0014364299999999955,-4.2999999999549475e-07
0.001336,0.001369593333333338,-3.359333333333809e-05
0.001274,0.0013289899999999997,-5.498999999999977e-05
0.001447,0.0014294866666666667,1.751333333333319e-05
0.00134,0.0014170833333333333,-7.70833333333333e-05
0.001284,0.0013312133333333346,-4.721333333333462e-05
0.001458,0.0014480966666666666,9.9033333333335e-06
0.001342,0.0014083566666666656,-6.63566666666655e-05
0.001294,0.001316060000000004,-2.206000000000408e-05
0.001469,0.0014570833333333354,1.1916666666664634e-05
0.001351,0.0013828000000000059,-3.180000000000587e-05
0.001304,0.001317190000000001,-1.319000000000103e-05
0.001481,0.0014537433333333314,2.725666666666851e-05
0.001358,0.0013772666666666627,-1.9266666666662617e-05
0.001314,0.0013244066666666702,-1.0406666666670132e-05
0.001492,0.0014754333333333346,1.6566666666665425e-05
0.001366,0.001380296666666672,-1.4296666666671967e-05
0.001324,0.0013390099999999975,-1.5009999999997378e-05
0.001505,0.001479929999999996,2.5070000000003987e-05
0.001379,0.0014000966666666622,-2.1096666666662158e-05
0.001335,0.001358296666666666,-2.3296666666666006e-05
0.001517,0.0015050799999999946,1.192000000000532e-05
0.001393,0.0014197233333333344,-2.672333333333444e-05
0.001346,0.0013722299999999964,-2.6229999999996447e-05
0.00153,0.0014883833333333301,4.161666666666975e-05
0.001397,0.0014320833333333295,-3.508333333332946e-05
0.001358,0.001387876666666668,-2.987666666666791e-05
0.001544,0.0015258000000000008,1.819999999999925e-05
0.001408,0.0014806099999999964,-7.260999999999639e-05
0.001369,0.0013896433333333395,-2.064333333333954e-05
0.001558,0.0015557033333333291,2.296666666670808e-06
0.001409,0.0015186233333333377,-0.0001096233333333376
0.001381,0.0014333500000000034,-5.2350000000003305e-05
0.001572,0.001594133333333334,-2.2133333333333944e-05
0.00141,0.0015687399999999977,-0.0001587399999999977
0.001394,0.001455683333333333,-6.168333333333303e-05
0.001588,0.0016023133333333318,-1.4313333333331813e-05
0.001416,0.0015265766666666637,-0.00011057666666666375
0.001407,0.0014580833333333368,-5.108333333333679e-05
0.001604,0.0016083399999999991,-4.339999999999162e-06
0.001424,0.0015292899999999983,-0.00010528999999999834
0.001421,0.0014820833333333316,-6.108333333333161e-05
0.00162,0.0016309266666666646,-1.0926666666664659e-05
0.001444,0.0015827133333333303,-0.00013871333333333028
0.001435,0.0015215433333333334,-8.654333333333328e-05
0.001638,0.0016538533333333326,-1.5853333333332642e-05
0.001468,0.0016422233333333318,-0.0001742233333333319
0.00145,0.001568576666666669,-0.00011857666666666915
0.001657,0.0017372866666666646,-8.028666666666452e-05
0.001478,0.0017585399999999988,-0.00028053999999999883
0.001466,0.0015773066666666708,-0.00011130666666667069
0.001678,0.0017570733333333306,-7.907333333333059e-05
0.001484,0.001672673333333333,-0.00018867333333333282
0.001483,0.001516306666666672,-3.3306666666672044e-05
0.0017,0.0016767033333333348,2.329666666666514e-05
0.001498,0.0015528966666666648,-5.489666666666482e-05
0.001502,0.0015639200000000066,-6.192000000000654e-05
0.001723,0.001728949999999995,-5.949999999995022e-06
0.001498,0.0015923466666666673,-9.434666666666733e-05
0.001522,0.0016003600000000018,-7.836000000000193e-05
0.001749,0.0017307699999999941,1.8230000000005794e-05
0.001502,0.0016049666666666676,-0.00010296666666666753
0.001543,0.0016172533333333355,-7.425333333333536e-05
0.001777,0.0017777533333333357,-7.533333333357983e-07
0.001508,0.0016331533333333386,-0.0001251533333333386
0.001567,0.0016194766666666686,-5.247666666666857e-05
0.001807,0.0017911666666666633,1.5833333333336664e-05
0.001526,0.0016216166666666696,-9.561666666666954e-05
0.001594,0.0016740333333333328,-8.003333333333291e-05
0.001842,0.0018312900000000002,1.070999999999993e-05
0.001542,0.0016903566666666735,-0.00014835666666667357
0.001624,0.001730476666666667,-0.00010647666666666706
0.00188,0.001906923333333335,-2.6923333333334987e-05
0.00157,0.0019329266666666645,-0.00036292666666666454
0.001659,0.0017885699999999967,-0.0001295699999999966
0.001922,0.0019225900000000018,-5.900000000017003e-07
0.001584,0.001879219999999999,-0.00029521999999999903
0.001698,0.001837180000000002,-0.00013918000000000198
0.00197,0.002009573333333335,-3.9573333333335105e-05
0.001593,0.0021142033333333334,-0.0005212033333333334
0.001744,0.0019063566666666632,-0.00016235666666666307
0.002024,0.002025480000000002,-1.480000000001619e-06
0.001591,0.0019782333333333377,-0.0003872333333333378
0.001797,0.0020136999999999993,-0.00021669999999999936
0.002083,0.002116893333333333,-3.389333333333284e-05
0.001608,0.0020804600000000014,-0.00047246000000000137
0.001857,0.002081393333333335,-0.00022439333333333492
0.002147,0.002269359999999998,-0.000122359999999998
0.001604,0.0021593633333333354,-0.0005553633333333355
0.001927,0.0022077233333333327,-0.0002807233333333328
0.002217,0.0023816066666666673,-0.00016460666666666748
0.001623,0.0022988600000000024,-0.0006758600000000023
0.002005,0.0022356666666666684,-0.00023066666666666851
0.002291,0.0023394433333333354,-4.844333333333534e-05
0.001628,0.00213085333333333,-0.0005028533333333298
0.002089,0.0023263666666666623,-0.00023736666666666212
0.002367,0.00236305333333333,3.946666666670116e-06
0.001644,0.0021161733333333334,-0.00047217333333333337
0.002176,0.002459006666666668,-0.0002830066666666682
0.002443,0.0024615866666666685,-1.8586666666668607e-05
0.001653,0.0022574600000000024,-0.0006044600000000024
0.002263,0.002461110000000001,-0.00019811000000000134
0.002519,0.0024395833333333322,7.941666666666774e-05
0.001673,0.002079803333333335,-0.0004068033333333352
0.002348,0.0026320899999999975,-0.0002840899999999977
0.002591,0.00248355,0.00010744999999999982
0.001682,0.0022511400000000026,-0.0005691400000000027
0.002429,0.002702713333333329,-0.0002737133333333289
0.00266,0.0025368999999999943,0.00012310000000000576
0.001707,0.0022314033333333365,-0.0005244033333333365
0.002505,0.00265500333333334,-0.0001500033333333402
0.002725,0.0026061433333333267,0.00011885666666667334
0.001717,0.0021015433333333336,-0.0003845433333333336
0.002576,0.002689413333333326,-0.00011341333333332593
0.002786,0.0026454466666666707,0.0001405533333333291
0.00174,0.002005086666666663,-0.00026508666666666294
0.002644,0.002714330000000005,-7.033000000000473e-05
0.002843,0.002624719999999996,0.00021828000000000385
0.001764,0.002212753333333334,-0.0004487533333333341
0.002708,0.002991706666666664,-0.00028370666666666404
0.002895,0.002921266666666668,-2.62666666666681e-05
0.001795,0.0023208300000000007,-0.0005258300000000008
0.002767,0.0029887699999999956,-0.0002217699999999957
0.002942,0.0029477233333333403,-5.7233333333401096e-06
0.001827,0.0023116700000000005,-0.0004846700000000004
0.002822,0.0029640233333333267,-0.0001420233333333269
0.002984,0.002964090000000009,1.9909999999991046e-05
0.001855,0.0022799433333333336,-0.0004249433333333335
0.002871,0.0029399899999999887,-6.898999999998883e-05
0.003021,0.0030267166666666776,-5.716666666677819e-06
0.001886,0.002047649999999995,-0.00016164999999999496
0.002917,0.0029736100000000067,-5.6610000000006846e-05
0.003051,0.0030574800000000126,-6.480000000012691e-06
0.001918,0.002095853333333335,-0.00017785333333333484
0.002959,0.0029921999999999896,-3.319999999998975e-05
0.003075,0.0030637966666666743,1.120333333332578e-05
0.001942,0.0021454833333333315,-0.0002034833333333316
0.002999,0.002997193333333342,1.8066666666581056e-06
0.003089,0.003075010000000012,1.398999999998804e-05
0.001978,0.00211388,-0.00013587999999999968
0.003036,0.0030308233333333295,5.176666666670618e-06
0.003094,0.0030932933333333375,7.066666666624699e-07
0.00201,0.0023742066666666683,-0.0003642066666666682
0.003067,0.002992089999999995,7.491000000000485e-05
0.003089,0.003065926666666668,2.3073333333332047e-05
0.002049,0.002244166666666669,-0.000195166666666669
0.003088,0.0030422533333333375,4.574666666666257e-05
0.003077,0.0030846633333333363,-7.663333333336395e-06
0.002088,0.002223866666666665,-0.00013586666666666513
0.0031,0.0030319266666666606,6.807333333333932e-05
0.003061,0.003052503333333334,8.49666666666608e-06
0.002141,0.0022961266666666645,-0.00015512666666666437
0.003103,0.0030306233333333393,7.237666666666054e-05
0.003045,0.0029447033333333374,0.00010029666666666257
0.002189,0.002336570000000008,-0.00014757000000000789
0.003097,0.0030516566666666735,4.5343333333326425e-05
0.003032,0.002992173333333343,3.982666666665696e-05
0.002245,0.002383606666666673,-0.00013860666666667314
0.003086,0.00305175333333334,3.4246666666660174e-05
0.003025,0.003020680000000005,4.319999999994727e-06
0.002302,0.002461283333333334,-0.0001592833333333341
0.00307,0.0030482399999999955,2.1760000000004345e-05
0.003025,0.003043053333333337,-1.805333333333714e-05
0.002373,0.002552376666666667,-0.00017937666666666694
0.003053,0.00303900000000001,1.3999999999990149e-05
0.003032,0.003005656666666677,2.6343333333323036e-05
0.00244,0.002562379999999999,-0.0001223799999999992
0.003039,0.003037473333333329,1.5266666666710442e-06
0.003044,0.0030174999999999976,2.6500000000002216e-05
0.002524,0.0025678099999999968,-4.380999999999656e-05
0.003033,0.0030367333333333447,-3.7333333333445552e-06
0.003061,0.0030290400000000115,3.195999999998844e-05
0.002575,0.002585489999999999,-1.0489999999998851e-05
0.003036,0.003040976666666663,-4.976666666663132e-06
0.003079,0.003047583333333324,3.141666666667611e-05
0.002629,0.0026266866666666646,2.3133333333352074e-06
0.003047,0.003048003333333341,-1.0033333333412525e-06
0.003099,0.0030485666666666736,5.0433333333326554e-05
0.00268,0.0026745266666666654,5.473333333334655e-06
0.003066,0.0030733766666666733,-7.376666666673165e-06
0.003119,0.0030799800000000013,3.901999999999855e-05
0.002745,0.0027585799999999957,-1.3579999999995679e-05
0.00309,0.003083186666666673,6.813333333326697e-06
0.00314,0.0030950433333333254,4.495666666667463e-05
0.002813,0.0027081100000000023,0.00010488999999999768
0.003116,0.003086806666666671,2.919333333332866e-05
0.003161,0.003038180000000001,0.00012281999999999918
0.002881,0.002627196666666663,0.000253803333333337
0.003143,0.003148353333333337,-5.353333333337103e-06
0.003182,0.0031628799999999925,1.9120000000007447e-05
0.002923,0.002896566666666662,2.643333333333768e-05
0.00317,0.0031697233333333364,2.7666666666372255e-07
0.003204,0.00318489333333334,1.910666666665988e-05
0.002972,0.0029301233333333355,4.18766666666643e-05
0.003198,0.0032029400000000057,-4.9400000000057905e-06
0.003226,0.003211940000000005,1.4059999999994997e-05
0.003014,0.0030327066666666564,-1.8706666666656185e-05
0.003225,0.0031846733333333334,4.0326666666666566e-05
0.003248,0.003175956666666656,7.204333333334393e-05
0.003056,0.002980293333333333,7.570666666666722e-05
0.003252,0.0032577800000000027,-5.780000000002537e-06
0.003271,0.0032491099999999874,2.189000000001268e-05
0.003099,0.0031576633333333403,-5.866333333334013e-05
0.003278,0.0032658300000000112,1.2169999999988874e-05
0.003292,0.003263686666666662,2.831333333333779e-05
0.003136,0.0032213933333333413,-8.539333333334141e-05
0.003302,0.0032991900000000083,2.809999999991552e-06
0.003312,0.003301346666666662,1.065333333333772e-05
0.003167,0.0032108400000000043,-4.384000000000419e-05
0.003325,0.0033100700000000126,1.4929999999987228e-05
0.003332,0.0033239933333333266,8.006666666673327e-06
0.003189,0.00321503,-2.6029999999999803e-05
0.003345,0.003333203333333339,1.1796666666660793e-05
0.00335,0.0033470566666666604,2.943333333339706e-06
0.003207,0.0032061799999999973,8.200000000029364e-07
0.003363,0.0033490933333333345,1.390666666666561e-05
0.003366,0.0033645166666666695,1.4833333333305956e-06
0.003216,0.003228379999999999,-1.2379999999998902e-05
0.003378,0.0033529566666666696,2.5043333333330323e-05
0.00338,0.0033676899999999913,1.2310000000008859e-05
0.003233,0.0032072066666666644,2.5793333333335843e-05
0.00339,0.003365466666666673,2.4533333333326846e-05
0.003392,0.0033813999999999914,1.0600000000008606e-05
0.003222,0.0032097500000000017,1.2249999999998373e-05
0.003398,0.0033869166666666744,1.1083333333325625e-05
0.003401,0.0033962799999999976,4.7200000000023265e-06
0.003213,0.003206049999999984,6.950000000015971e-06
0.003402,0.0033897733333333384,1.2226666666661709e-05
0.003407,0.003400773333333325,6.2266666666747905e-06
0.003192,0.0031961766666666618,-4.176666666661812e-06
0.003401,0.0033929766666666804,8.023333333319511e-06
0.003409,0.0034047533333333296,4.246666666670503e-06
0.00317,0.003186333333333314,-1.6333333333313962e-05
0.003395,0.003389849999999998,5.150000000001941e-06
0.003408,0.0034013166666666604,6.6833333333396125e-06
0.003172,0.003182846666666665,-1.0846666666665134e-05
0.003383,0.003388470000000006,-5.470000000005679e-06
0.003401,0.0033989733333333314,2.0266666666685085e-06
0.003199,0.0031700766666666598,2.892333333334024e-05
0.003364,0.0033845133333333397,-2.0513333333339878e-05
0.003389,0.0033960966666666645,-7.09666666666442e-06
0.003216,0.003201069999999991,1.4930000000008912e-05
0.003338,0.0033703066666666746,-3.230666666667473e-05
0.003371,0.0033843533333333202,-1.3353333333320384e-05
0.003243,0.003214323333333329,2.86766666666707e-05
0.003305,0.003355690000000009,-5.069000000000861e-05
0.003347,0.003367403333333326,-2.0403333333325786e-05
0.003243,0.0032159199999999962,2.7080000000003542e-05
0.003264,0.0032969366666666705,-3.2936666666670555e-05
0.003317,0.003306999999999997,1.0000000000003062e-05
0.003247,0.0032009333333333358,4.6066666666664136e-05
0.003214,0.00324816,-3.416000000000009e-05
0.00328,0.0032413799999999977,3.862000000000223e-05
0.003268,0.0032128566666666737,5.514333333332634e-05
0.003157,0.003142463333333336,1.4536666666664037e-05
0.003237,0.0031555466666666615,8.145333333333836e-05
0.00329,0.0028316400000000007,0.00045835999999999924
0.003091,0.003097903333333335,-6.9033333333348365e-06
0.003187,0.0031292166666666674,5.778333333333278e-05
0.003329,0.002870726666666666,0.00045827333333333395
0.003018,0.0030510100000000016,-3.301000000000172e-05
0.003132,0.0030055266666666656,0.00012647333333333424
0.003352,0.00240175,0.0009502500000000001
0.002938,0.0030449733333333382,-0.00010697333333333815
0.003072,0.0030329133333333353,3.908666666666482e-05
0.003364,0.0025398500000000015,0.0008241499999999983
0.002851,0.002914650000000005,-6.365000000000537e-05
0.003007,0.00283428666666667,0.00017271333333333024
0.003386,0.00259880333333333,0.0007871966666666702
0.002759,0.002681563333333341,7.743666666665911e-05
0.002937,0.0025415400000000027,0.0003954599999999972
0.003409,0.0026670166666666693,0.0007419833333333309
0.002662,0.0026343666666666615,2.763333333333836e-05
0.002865,0.0026646933333333307,0.00020030666666666927
0.003418,0.002970370000000004,0.0004476299999999962
0.002563,0.0026185366666666757,-5.553666666667555e-05
0.00279,0.002703900000000001,8.609999999999911e-05
0.003437,0.0030380066666666683,0.0003989933333333317
0.002463,0.002478876666666665,-1.5876666666665186e-05
0.002714,0.0025927099999999946,0.00012129000000000523
0.003443,0.0029052866666666745,0.0005377133333333253
0.002363,0.0023394099999999945,2.359000000000562e-05
0.002637,0.002556450000000002,8.054999999999781e-05
0.003457,0.0031295166666666587,0.00032748333333334134
0.002265,0.0023148666666666703,-4.986666666667019e-05
0.00256,0.002483233333333335,7.676666666666526e-05
0.003478,0.0026084833333333366,0.0008695166666666636
0.002169,0.002187113333333335,-1.811333333333505e-05
0.002484,0.0023663200000000042,0.00011767999999999588
0.003506,0.0024943466666666717,0.0010116533333333283
0.002077,0.002100376666666665,-2.3376666666665314e-05
0.00241,0.002321876666666667,8.8123333333333e-05
0.003518,0.002797233333333338,0.0007207666666666618
0.00199,0.0020363166666666674,-4.631666666666742e-05
0.002338,0.0022643700000000043,7.362999999999554e-05
0.00353,0.0027113033333333357,0.0008186966666666644
0.001908,0.0019114266666666634,-3.4266666666634468e-06
0.002269,0.002206769999999997,6.22300000000034e-05
0.003525,0.0030692233333333304,0.00045577666666666954
0.001832,0.0018695566666666718,-3.755666666667174e-05
0.002203,0.0021531166666666672,4.9883333333332856e-05
0.00352,0.003023469999999998,0.000496530000000002
0.001761,0.0017563766666666702,4.623333333329729e-06
0.00214,0.0020769466666666664,6.305333333333357e-05
0.00352,0.0032066133333333215,0.0003133866666666786
0.001695,0.0016955166666666685,-5.166666666685856e-07
0.002081,0.0019795733333333276,0.00010142666666667233
0.003528,0.0030434466666666602,0.00048455333333333964
0.001635,0.0016741700000000037,-3.917000000000373e-05
0.002026,0.0018917433333333312,0.00013425666666666883
0.003524,0.002539246666666662,0.0009847533333333376
0.00158,0.0015965533333333335,-1.6553333333333472e-05
0.001974,0.0017383499999999992,0.00023565000000000088
0.003508,0.0021577233333333326,0.0013502766666666673
0.00153,0.001520903333333336,9.096666666663818e-06
0.001926,0.0018073666666666717,0.00011863333333332832
0.003499,0.0029182066666666646,0.0005807933333333353
0.001485,0.0015205699999999932,-3.556999999999324e-05
0.001881,0.0018616399999999945,1.9360000000005588e-05
0.003494,0.003228146666666675,0.0002658533333333253
0.001443,0.0014232333333333302,1.976666666666984e-05
0.001838,0.0017941033333333293,4.3896666666670735e-05
0.003466,0.003330596666666676,0.0001354033333333237
0.001405,0.0014727500000000073,-6.775000000000726e-05
0.001799,0.0017762300000000017,2.2769999999998347e-05
0.003434,0.0029711199999999955,0.0004628800000000045
0.001371,0.0014589733333333363,-8.797333333333628e-05
0.001763,0.0016891099999999984,7.389000000000158e-05
0.003396,0.0025471566666666677,0.0008488433333333325
0.00134,0.0014096599999999999,-6.965999999999982e-05
0.001729,0.0016872633333333339,4.1736666666666216e-05
0.003348,0.0028042733333333235,0.0005437266666666763
0.001312,0.0013988833333333354,-8.688333333333538e-05
0.001697,0.001578533333333332,0.00011846666666666785
0.003304,0.0022526966666666687,0.0010513033333333314
0.001286,0.0013189233333333332,-3.292333333333318e-05
0.001668,0.0016186766666666606,4.9323333333339435e-05
0.003262,0.0028303999999999994,0.00043160000000000073
0.001263,0.0012722,-9.200000000000007e-06
0.00164,0.0016076500000000026,3.23499999999974e-05
0.003194,0.002974568333333321,0.00021943166666667886
0.001241,0.0012704133333333355,-2.9413333333335595e-05
0.001614,0.0016049166666666618,9.083333333338153e-06
0.003142,0.0029775799999999988,0.00016442000000000106
0.001221,0.0012254600000000037,-4.460000000003654e-06
0.001589,0.001560853333333336,2.8146666666663874e-05
0.003091,0.002903679999999986,0.0001873200000000138
0.001203,0.0012041033333333375,-1.103333333337406e-06
0.001566,0.0015470866666666648,1.891333333333507e-05
0.003033,0.002909886333333317,0.000123113666666683
0.001186,0.0011992366666666717,-1.3236666666671757e-05
0.001544,0.0015434866666666732,5.133333333268153e-07
0.002944,0.0029056473333333205,3.8352666666679504e-05
0.001171,0.0011606366666666696,1.0363333333330334e-05
0.001524,0.0014986733333333356,2.532666666666436e-05
0.002856,0.0027399013333333335,0.00011609866666666656
0.001157,0.0011540366666666676,2.9633333333324314e-06
0.001504,0.001494036666666665,9.963333333334878e-06
0.002775,0.002730460000000008,4.4539999999992225e-05
0.001143,0.0011472133333333314,-4.213333333331513e-06
0.001486,0.0014659166666666733,2.0083333333326603e-05
0.002715,0.0025987343333333432,0.00011626566666665672
0.001131,0.0011331366666666712,-2.136666666671108e-06
0.001468,0.0014527933333333266,1.5206666666673285e-05
0.002662,0.0025648920000000044,9.710799999999549e-05
0.00112,0.0011728666666666657,-5.286666666666582e-05
0.001451,0.0013706866666666681,8.03133333333319e-05
0.00261,0.001934451666666669,0.000675548333333331
0.001109,0.001166620000000001,-5.7620000000001064e-05
0.001434,0.0013244433333333314,0.0001095566666666685
0.002548,0.001688767666666667,0.0008592323333333329
0.001099,0.0011559476666666683,-5.6947666666668385e-05
0.001418,0.0013021166666666638,0.0001158833333333362
0.002479,0.0016032426666666667,0.0008757573333333332
0.001089,0.0011267706666666685,-3.7770666666668605e-05
0.001403,0.0012771059999999968,0.00012589400000000313
0.002423,0.0015808986666666677,0.0008421013333333321
0.00108,0.0010984966666666685,-1.849666666666849e-05
0.001389,0.0013271566666666645,6.184333333333555e-05
0.002363,0.001958966666666669,0.00040403333333333125
0.001072,0.0010916526666666705,-1.965266666667043e-05
0.001375,0.0013570899999999933,1.791000000000661e-05
0.002321,0.002150404,0.0001705960000000003
0.001064,0.001073263333333335,-9.263333333334916e-06
0.001362,0.0013331766666666615,2.882333333333845e-05
0.002282,0.0020934093333333276,0.00018859066666667259
0.001056,0.0010555266666666659,4.733333333342086e-07
0.001349,0.0013212499999999973,2.77500000000026e-05
0.002251,0.0020968179999999908,0.0001541820000000092
0.001049,0.0010512866666666692,-2.286666666669133e-06
0.001337,0.0013392833333333279,-2.283333333327796e-06
0.002208,0.0022073233333333355,6.766666666643828e-07
0.001042,0.0010364733333333362,5.526666666663769e-06
0.001325,0.0013146466666666646,1.0353333333335381e-05
0.002165,0.00210993,5.5069999999999945e-05
0.001035,0.0010337233333333317,1.276666666668192e-06
0.001314,0.0013106066666666734,3.393333333326625e-06
0.002112,0.0020959833333333224,1.60166666666778e-05
0.001029,0.0010298853333333324,-8.853333333324557e-07
0.001304,0.0013030099999999946,9.900000000053963e-07
0.002065,0.0020668633333333253,-1.8633333333253031e-06
0.001023,0.0010300853333333323,-7.085333333332281e-06
0.001293,0.0012905133333333358,2.4866666666642587e-06
0.00203,0.001999126666666662,3.08733333333382e-05
0.001017,0.001019411333333334,-2.4113333333341484e-06
0.001283,0.0012836533333333354,-6.53333333335308e-07
0.002001,0.002002006666666665,-1.006666666665025e-06
0.001011,0.0010100646666666646,9.353333333354114e-07
0.001273,0.0012683799999999993,4.620000000000752e-06
0.001977,0.0019611333333333326,1.5866666666667414e-05
0.001005,0.001007977666666668,-2.977666666667978e-06
0.001263,0.0012658400000000035,-2.840000000003517e-06
0.001955,0.0019542100000000035,7.899999999966094e-07
0.0009998,0.0009955710000000026,4.228999999997306e-06
0.001253,0.0012441866666666665,8.813333333333468e-06
0.00193,0.0018963400000000027,3.3659999999997425e-05
0.0009945,0.0009950213333333304,-5.213333333304107e-07
0.001243,0.001241726666666672,1.2733333333279397e-06
0.001896,0.001887926666666661,8.073333333338947e-06
0.0009894,0.0009925630000000014,-3.1630000000013384e-06
0.001234,0.0012294099999999998,4.59000000000028e-06
0.001866,0.0018400066666666656,2.599333333333444e-05
0.0009845,0.0009861099999999986,-1.6099999999986785e-06
0.001224,0.0012160933333333378,7.906666666662211e-06
0.001841,0.001804390000000002,3.66099999999979e-05
0.0009798,0.0009858290000000023,-6.029000000002229e-06
0.001215,0.001199893333333333,1.510666666666694e-05
0.001825,0.0017338099999999964,9.119000000000358e-05
0.0009752,0.0009972793333333327,-2.2079333333332768e-05
0.001206,0.0011799500000000012,2.6049999999998817e-05
0.001801,0.0016054633333333357,0.00019553666666666442
0.0009709,0.0009980933333333334,-2.7193333333333384e-05
0.001198,0.0011603500000000005,3.764999999999953e-05
0.001777,0.0015181033333333338,0.0002588966666666661
0.0009666,0.000990374666666667,-2.3774666666667027e-05
0.00119,0.0011457133333333325,4.428666666666755e-05
0.001756,0.0014777533333333313,0.0002782466666666687
0.0009624,0.000980756333333333,-1.835633333333313e-05
0.001181,0.0011416499999999995,3.9350000000000496e-05
0.001716,0.0014937033333333315,0.00022229666666666857
0.0009586,0.0009585000000000007,9.99999999992977e-08
0.001173,0.0011678633333333313,5.136666666668687e-06
0.001691,0.0016716366666666594,1.9363333333340636e-05
0.000955,0.0009596713333333327,-4.671333333332653e-06
0.001166,0.001160636666666666,5.363333333334008e-06
0.001671,0.0016418199999999998,2.9180000000000178e-05
0.0009516,0.0009509543333333318,6.456666666682315e-07
0.001158,0.0011488600000000044,9.139999999995593e-06
0.001656,0.0016314200000000034,2.457999999999649e-05
0.0009486,0.0009473309999999968,1.2690000000031756e-06
0.001151,0.0011460499999999972,4.950000000002695e-06
0.001645,0.0016392533333333338,5.746666666666149e-06
0.0009457,0.0009450046666666659,6.953333333340177e-07
0.001144,0.0011409800000000013,3.0199999999987615e-06
0.001643,0.0016237633333333306,1.92366666666693e-05
0.0009431,0.00094206266666667,1.03733333332997e-06
0.001137,0.0011346999999999957,2.3000000000043385e-06
0.001619,0.0016100633333333367,8.93666666666325e-06
0.0009406,0.0009395553333333349,1.0446666666650813e-06
0.001131,0.001127153333333328,3.846666666672011e-06
0.001597,0.0015881199999999937,8.880000000006244e-06
0.0009383,0.0009381526666666697,1.4733333333026826e-07
0.001125,0.0011240566666666626,9.43333333337272e-07
0.001582,0.001580823333333331,1.1766666666690028e-06
0.0009363,0.0009363816666666682,-8.166666666813323e-08
0.001119,0.0011191933333333272,-1.9333333332719783e-07
0.001569,0.0015667633333333363,2.236666666663792e-06
0.0009343,0.0009360026666666691,-1.7026666666691533e-06
0.001113,0.0011129323333333313,6.766666666878016e-08
0.001551,0.001544488333333327,6.511666666673098e-06
0.0009326,0.0009324036666666648,1.9633333333515975e-07
0.001108,0.0011074333333333318,5.666666666682887e-07
0.001536,0.0015317100000000069,4.289999999993171e-06
0.000931,0.0009357326666666689,-4.73266666666894e-06
0.001103,0.0010989639999999983,4.036000000001748e-06
0.001518,0.0014885543333333284,2.9445666666671642e-05
0.0009291,0.0009331020000000016,-4.002000000001647e-06
0.001098,0.0010925966666666654,5.403333333334637e-06
0.001491,0.0014690553333333303,2.1944666666669655e-05
0.0009269,0.0009277246666666659,-8.246666666658457e-07
0.001093,0.0010852219999999985,7.77800000000147e-06
0.001482,0.0014483589999999995,3.3641000000000486e-05
0.0009246,0.0009250736666666685,-4.7366666666845067e-07
0.001088,0.001088170000000002,-1.7000000000202617e-07
0.001467,0.001466933333333336,6.66666666638855e-08
0.000922,0.0009223939999999983,-3.9399999999828895e-07
0.001083,0.0010837466666666644,-7.466666666644008e-07
0.001456,0.0014539933333333347,2.0066666666653746e-06
0.0009195,0.0009198733333333331,-3.7333333333317616e-07
0.001079,0.0010785400000000009,4.599999999992197e-07
0.001441,0.0014411866666666719,-1.8666666667184646e-07
0.0009166,0.0009159656666666673,6.34333333332732e-07
0.001074,0.0010735999999999964,4.00000000003696e-07
0.001431,0.0014263433333333373,4.656666666662647e-06
0.0009134,0.000911615999999999,1.7840000000009845e-06
0.001069,0.001066292333333336,2.7076666666641606e-06
0.001413,0.001407776666666672,5.2233333333279e-06
0.0009095,0.0009095460000000007,-4.600000000061586e-08
0.001064,0.0010635659999999943,4.3400000000574923e-07
0.0014,0.0013987533333333318,1.2466666666681534e-06
0.0009052,0.0009050243333333345,1.756666666654933e-07
0.001059,0.0010560796666666658,2.920333333334248e-06
0.001386,0.0013772213333333348,8.778666666665316e-06
0.0009006,0.000900461666666666,1.3833333333402968e-07
0.001055,0.001052384666666666,2.615333333333891e-06
0.00138,0.0013684756666666664,1.1524333333333544e-05
0.0008958,0.000895535666666667,2.643333333329778e-07
0.001049,0.0010477583333333295,1.2416666666705684e-06
0.001359,0.0013593976666666661,-3.9766666666616983e-07
0.000891,0.0008917986666666683,-7.986666666683637e-07
0.001044,0.00104127766666667,2.7223333333300462e-06
0.00135,0.0013417946666666632,8.205333333336905e-06
0.0008862,0.0008895110000000009,-3.311000000000958e-06
0.001039,0.0010321063333333302,6.8936666666697885e-06
0.001341,0.0013185236666666703,2.2476333333329695e-05
0.0008813,0.0008788270000000018,2.472999999998172e-06
0.001033,0.001023012666666665,9.98733333333504e-06
0.001335,0.0013125670000000043,2.243299999999575e-05
0.0008765,0.0008746046666666683,1.8953333333316617e-06
0.001027,0.001019802333333332,7.197666666667853e-06
0.001329,0.001312274333333329,1.6725666666671073e-05
0.0008717,0.0008684096666666692,3.2903333333307496e-06
0.001021,0.0010165656666666634,4.434333333336619e-06
0.001324,0.0013075300000000023,1.6469999999997815e-05
0.000867,0.0008636676666666696,3.332333333330435e-06
0.001015,0.0010104076666666655,4.592333333334553e-06
0.001309,0.0012921166666666688,1.6883333333331295e-05
0.0008623,0.000858714666666666,3.585333333333985e-06
0.001009,0.0010039359999999963,5.064000000003623e-06
0.001286,0.0012738033333333308,1.219666666666926e-05
0.0008577,0.0008530786666666695,4.621333333330456e-06
0.001003,0.0009957703333333275,7.229666666672477e-06
0.001266,0.0012526946666666647,1.330533333333524e-05
0.0008534,0.0008521079999999998,1.2920000000002851e-06
0.0009976,0.0009944989999999953,3.101000000004699e-06
0.001254,0.0012482016666666618,5.798333333338146e-06
0.0008495,0.0008482216666666698,1.2783333333301868e-06
0.0009918,0.0009905583333333268,1.2416666666731704e-06
0.001239,0.0012431466666666684,-4.146666666668278e-06
0.0008448,0.0008460850000000022,-1.2850000000021265e-06
0.000986,0.0009869056666666613,-9.056666666613748e-07
0.001234,0.0012397766666666632,-5.7766666666631515e-06
0.0008407,0.0008389710000000015,1.7289999999984922e-06
0.0009803,0.0009769079999999975,3.3920000000024503e-06
0.001237,0.0012360499999999994,9.500000000006465e-07
0.000837,0.0008382813333333341,-1.2813333333341372e-06
0.0009747,0.0009747913333333293,-9.133333332927811e-08
0.001236,0.0012305883333333318,5.411666666668138e-06
0.0008338,0.0008312393333333349,2.5606666666650986e-06
0.0009694,0.0009628709999999975,6.529000000002512e-06
0.001233,0.0012214750000000033,1.1524999999996607e-05
0.0008313,0.0008300576666666671,1.2423333333328726e-06
0.0009643,0.000960719333333334,3.58066666666598e-06
0.001226,0.0012192920000000033,6.707999999996765e-06
0.0008292,0.0008270346666666684,2.165333333331576e-06
0.0009594,0.0009550919999999994,4.30800000000061e-06
0.001219,0.0012096443333333316,9.355666666668438e-06
0.0008264,0.0008283466666666671,-1.946666666667032e-06
0.0009548,0.0009571163333333324,-2.3163333333324357e-06
0.001212,0.0012133750000000046,-1.3750000000046277e-06
0.0008241,0.0008229539999999958,1.1460000000042747e-06
0.0009503,0.0009467463333333333,3.553666666666639e-06
0.001199,0.0011939016666666668,5.098333333333196e-06
0.0008219,0.0008250706666666658,-3.1706666666658128e-06
0.000946,0.0009406303333333325,5.369666666667477e-06
0.001193,0.001171905000000001,2.109499999999897e-05
0.00082,0.0008208710000000004,-8.710000000003784e-07
0.0009417,0.0009323453333333332,9.354666666666796e-06
0.001185,0.001159409999999999,2.5590000000001115e-05
0.0008183,0.0008189823333333344,-6.823333333343552e-07
0.0009379,0.0009285476666666666,9.35233333333339e-06
0.001177,0.0011549799999999975,2.2020000000002584e-05
0.0008166,0.000820167999999997,-3.5679999999969816e-06
0.0009343,0.0009272523333333308,7.0476666666691775e-06
0.001175,0.0011469146666666643,2.808533333333572e-05
0.000815,0.0008172603333333328,-2.260333333332855e-06
0.0009308,0.0009205896666666663,1.0210333333333672e-05
0.001173,0.0011412629999999952,3.173700000000477e-05
0.0008136,0.0008143330000000045,-7.330000000044939e-07
0.0009273,0.0009240810000000003,3.2189999999997264e-06
0.001169,0.0011600713333333285,8.928666666671364e-06
0.0008122,0.0008129490000000011,-7.490000000010596e-07
0.000924,0.0009223429999999975,1.6570000000025627e-06
0.001167,0.0011570836666666647,9.916333333335331e-06
0.0008111,0.0008114610000000029,-3.610000000028651e-07
0.0009206,0.0009174079999999993,3.1920000000007108e-06
0.001159,0.001145497999999997,1.3502000000003124e-05
0.0008101,0.0008113016666666685,-1.201666666668529e-06
0.0009175,0.000917637666666665,-1.3766666666500341e-07
0.001148,0.0011463383333333336,1.6616666666663393e-06
0.0008091,0.0008087799999999967,3.2000000000330375e-07
0.0009144,0.0009116603333333341,2.739666666665857e-06
0.001139,0.0011347963333333338,4.203666666666248e-06
0.0008084,0.0008080986666666654,3.013333333346446e-07
0.0009115,0.0009106566666666649,8.43333333335047e-07
0.001137,0.001129276666666668,7.723333333331918e-06
0.0008077,0.0008074803333333295,2.196666666704145e-07
0.0009088,0.0009087006666666679,9.933333333211457e-08
0.001128,0.0011221336666666687,5.866333333331411e-06
0.0008067,0.0008065806666666634,1.1933333333665787e-07
0.0009062,0.000905736666666665,4.633333333350269e-07
0.001109,0.0011128633333333323,-3.863333333332291e-06
0.0008058,0.0008060519999999968,-2.5199999999681207e-07
0.0009035,0.0009033973333333341,1.0266666666586179e-07
0.0011,0.0011036706666666717,-3.6706666666716254e-06
0.0008049,0.0008049183333333301,-1.833333333008027e-08
0.0009009,0.0009013859999999998,-4.859999999997375e-07
0.001095,0.0011013799999999956,-6.379999999995504e-06
0.0008037,0.0008041896666666653,-4.896666666653416e-07
0.0008984,0.0008981736666666686,2.2633333333140371e-07
0.0011,0.0010960446666666672,3.955333333332872e-06
0.000803,0.0008031846666666657,-1.8466666666574344e-07
0.000896,0.0008964586666666643,-4.5866666666431136e-07
0.001102,0.0010939299999999966,8.070000000003248e-06
0.0008023,0.0008039623333333332,-1.6623333333331972e-06
0.0008936,0.0008973803333333348,-3.7803333333347785e-06
0.001092,0.0010939936666666656,-1.9936666666654952e-06
0.0008019,0.0008017080000000031,1.9199999999695155e-07
0.0008913,0.0008918503333333331,-5.503333333330357e-07
0.001069,0.001073216666666666,-4.216666666665911e-06
0.0008006,0.0008006043333333347,-4.333333334630325e-09
0.000889,0.0008874179999999998,1.5820000000001892e-06
0.001061,0.0010563966666666637,4.603333333336353e-06
0.0007996,0.0007995420000000044,5.799999999560063e-08
0.0008868,0.0008857903333333324,1.009666666667566e-06
0.001054,0.0010537996666666668,2.0033333333327116e-07
0.0007986,0.0007987990000000042,-1.990000000042175e-07
0.0008847,0.0008833189999999995,1.3810000000004938e-06
0.001052,0.0010470630000000004,4.936999999999563e-06
0.000798,0.0007978383333333375,1.6166666666245395e-07
0.0008825,0.0008795729999999993,2.9270000000007667e-06
0.001043,0.0010379870000000004,5.012999999999676e-06
0.0007975,0.0007977856666666666,-2.8566666666657477e-07
0.0008803,0.0008803483333333328,-4.833333333282945e-08
0.001038,0.001039445666666668,-1.4456666666679257e-06
0.0007975,0.0007973363333333364,1.6366666666367807e-07
0.000878,0.0008792726666666683,-1.272666666668346e-06
0.001035,0.0010362833333333325,-1.2833333333326508e-06
0.0007966,0.0007971943333333333,-5.943333333332948e-07
0.0008758,0.0008759243333333328,-1.2433333333272505e-07
0.00103,0.0010267363333333356,3.263666666664458e-06
0.0007961,0.0007956860000000027,4.139999999973028e-07
0.0008737,0.0008735009999999998,1.9900000000020596e-07
0.001022,0.0010200773333333333,1.922666666666654e-06
0.0007954,0.0007952263333333346,1.7366666666546182e-07
0.0008715,0.0008709606666666661,5.393333333338383e-07
0.001011,0.0010117640000000014,-7.640000000014042e-07
0.0007948,0.0007942439999999974,5.560000000025744e-07
0.0008695,0.0008690846666666643,4.1533333333578903e-07
0.001005,0.001007804333333335,-2.8043333333350236e-06
0.0007939,0.0007942146666666687,-3.146666666686577e-07
0.0008675,0.0008678883333333309,-3.883333333309187e-07
0.001002,0.0010053009999999997,-3.300999999999608e-06
0.0007933,0.0007933723333333296,-7.233333332952105e-08
0.0008654,0.0008659459999999967,-5.459999999966707e-07
0.001005,0.0009994976666666685,5.502333333331534e-06
0.0007927,0.0007921359999999983,5.640000000017246e-07
0.0008631,0.0008610903333333309,2.009666666669108e-06
0.001,0.0009919463333333354,8.053666666664634e-06
0.0007923,0.0007925246666666675,-2.2466666666745745e-07
0.0008609,0.0008621103333333348,-1.2103333333348624e-06
0.0009936,0.0009965636666666676,-2.963666666667541e-06
0.0007919,0.0007918930000000022,6.999999997833392e-09
0.0008587,0.0008572139999999985,1.4860000000014965e-06
0.0009821,0.0009826326666666672,-5.326666666671028e-07
0.0007918,0.000789528333333335,2.2716666666649935e-06
0.0008568,0.0008549199999999966,1.8800000000033634e-06
0.0009794,0.000976110666666666,3.289333333334095e-06
0.0007915,0.0007937210000000007,-2.2210000000007094e-06
0.0008549,0.0008464076666666639,8.492333333336112e-06
0.0009784,0.0009616146666666653,1.678533333333463e-05
0.0007913,0.0007914793333333346,-1.7933333333456682e-07
0.0008529,0.0008515013333333335,1.3986666666664267e-06
0.0009783,0.0009753023333333329,2.997666666667209e-06
0.0007908,0.0007889243333333312,1.8756666666688415e-06
0.0008508,0.0008502943333333309,5.056666666690629e-07
0.0009792,0.0009703783333333292,8.821666666670763e-06
0.0007905,0.0007882743333333305,2.2256666666694734e-06
0.0008488,0.0008460193333333366,2.780666666663467e-06
0.000974,0.0009614673333333331,1.253266666666696e-05
0.0007901,0.0007899386666666683,1.6133333333168132e-07
0.0008469,0.0008464643333333367,4.356666666632987e-07
0.000964,0.0009665583333333326,-2.5583333333325598e-06
0.0007899,0.0007900773333333318,-1.7733333333182482e-07
0.000845,0.000845488333333338,-4.883333333379142e-07
0.0009607,0.0009635586666666683,-2.858666666668273e-06
0.0007898,0.0007890110000000017,7.889999999983284e-07
0.0008431,0.0008432783333333375,-1.7833333333758684e-07
0.0009596,0.0009595646666666672,3.53333333328416e-08
0.0007896,0.0007889293333333331,6.706666666668904e-07
0.0008414,0.0008409286666666678,4.713333333321171e-07
0.0009601,0.0009622486666666704,-2.1486666666704294e-06
0.0007895,0.0007896553333333337,-1.5533333333364683e-07
0.0008397,0.0008409146666666678,-1.2146666666678664e-06
0.0009656,0.0009607640000000021,4.835999999997973e-06
0.0007895,0.0007889090000000009,5.909999999991139e-07
0.0008381,0.0008381826666666639,-8.266666666381216e-08
0.0009635,0.0009601586666666699,3.3413333333300347e-06
0.0007899,0.0007886509999999997,1.2490000000002586e-06
0.0008364,0.000837498333333335,-1.0983333333350505e-06
0.0009584,0.0009596270000000029,-1.227000000002948e-06
0.0007902,0.0007888036666666681,1.3963333333319363e-06
0.0008347,0.0008338730000000017,8.269999999982762e-07
0.0009522,0.0009493763333333315,2.823666666668589e-06
0.0007908,0.0007892839999999988,1.51600000000121e-06
0.0008331,0.0008341073333333291,-1.007333333329064e-06
0.0009495,0.0009488076666666647,6.9233333333538e-07
0.0007912,0.0007903406666666676,8.5933333333248e-07
0.0008318,0.0008319429999999964,-1.4299999999639688e-07
0.0009455,0.0009386053333333312,6.8946666666688285e-06
0.0007916,0.0007875253333333315,4.074666666668554e-06
0.0008307,0.0008294846666666629,1.2153333333371095e-06
0.0009445,0.0009365936666666628,7.906333333337185e-06
0.0007923,0.000787343666666668,4.9563333333320445e-06
0.0008297,0.0008287889999999967,9.11000000003285e-07
0.0009418,0.0009324866666666652,9.313333333334835e-06
0.0007934,0.0007913436666666641,2.0563333333359314e-06
0.0008288,0.0008292823333333293,-4.82333333329363e-07
0.0009441,0.0009386089999999965,5.491000000003516e-06
0.0007949,0.0007949153333333317,-1.5333333331767757e-08
0.0008278,0.0008290883333333305,-1.288333333330561e-06
0.0009416,0.0009418676666666677,-2.676666666677008e-07
0.0007968,0.0007931356666666629,3.664333333337072e-06
0.0008271,0.0008280459999999985,-9.459999999985235e-07
0.0009431,0.0009339403333333303,9.159666666669689e-06
0.0007991,0.0007967716666666632,2.3283333333367446e-06
0.0008266,0.0008274216666666653,-8.216666666652564e-07
0.0009422,0.0009398776666666646,2.3223333333354575e-06
0.0008016,0.0007948399999999967,6.760000000003222e-06
0.0008264,0.0008271290000000021,-7.290000000020457e-07
0.0009407,0.0009299703333333337,1.0729666666666328e-05
0.0008047,0.0007998429999999955,4.857000000004484e-06
0.0008267,0.0008278453333333357,-1.145333333335682e-06
0.0009341,0.0009247879999999968,9.31200000000318e-06
0.0008084,0.0008005933333333317,7.806666666668335e-06
0.0008273,0.0008271726666666711,1.2733333332886915e-07
0.0009339,0.000923898666666664,1.0001333333336019e-05
0.0008124,0.000805742999999996,6.657000000003985e-06
0.0008283,0.0008289526666666679,-6.52666666667908e-07
0.0009294,0.0009240503333333289,5.3496666666711734e-06
0.0008175,0.000802880333333332,1.4619666666667946e-05
0.0008299,0.0008314226666666685,-1.522666666668596e-06
0.0009255,0.0009109429999999992,1.4557000000000762e-05
0.0008237,0.0007965989999999993,2.710100000000073e-05
0.0008321,0.0008347473333333309,-2.6473333333309253e-06
0.0009214,0.0009000583333333325,2.1341666666667425e-05
0.000831,0.0007931036666666663,3.7896333333333745e-05
0.0008351,0.0008462746666666665,-1.1174666666666504e-05
0.0009211,0.0008818123333333318,3.9287666666668205e-05
0.0008398,0.0007804689999999979,5.933100000000209e-05
0.0008389,0.0008522486666666665,-1.3348666666666582e-05
0.0009138,0.0008812956666666668,3.25043333333332e-05
0.0008496,0.0007899639999999988,5.9636000000001257e-05
0.0008436,0.0008624650000000001,-1.886500000000007e-05
0.0009089,0.0008803506666666659,2.8549333333334134e-05
0.0008604,0.0008440283333333335,1.6371666666666475e-05
0.0008495,0.000871552333333331,-2.2052333333331042e-05
0.0009041,0.0008966563333333338,7.443666666666197e-06
0.0008734,0.0008483990000000013,2.5000999999998672e-05
0.0008567,0.0008842999999999982,-2.7599999999998286e-05
0.0009082,0.0008958759999999997,1.2324000000000297e-05
0.0008883,0.0008319736666666666,5.6326333333333364e-05
0.0008654,0.0009052906666666659,-3.989066666666588e-05
0.0009112,0.0008941526666666673,1.7047333333332685e-05
0.000905,0.0008623943333333348,4.260566666666515e-05
0.0008761,0.000914799000000001,-3.869900000000098e-05
0.0009128,0.0009124716666666657,3.2833333333431077e-07
0.0009237,0.0008727826666666659,5.0917333333334066e-05
0.0008884,0.0009294790000000004,-4.10790000000004e-05
0.0009144,0.0009223573333333315,-7.957333333331483e-06
0.0009437,0.0009017123333333331,4.1987666666666915e-05
0.0009026,0.000947660333333333,-4.506033333333292e-05
0.0009088,0.0009457446666666673,-3.694466666666731e-05
0.0009651,0.0009109753333333331,5.412466666666687e-05
0.0009185,0.001005810666666666,-8.731066666666605e-05
0.0009782,0.0009750606666666637,3.1393333333362868e-06
0.0009877,0.0009635690000000004,2.413099999999961e-05
0.0009362,0.001007597333333332,-7.139733333333192e-05
0.0007799,0.0008991873333333307,-0.0001192873333333307
0.001011,0.0010209810000000007,-9.981000000000703e-06
0.0009552,0.001034419666666668,-7.9219666666668e-05
0.0006406,0.0009875626666666663,-0.00034696266666666635
0.001035,0.0010493159999999994,-1.4315999999999461e-05
0.0009763,0.001051873666666666,-7.557366666666589e-05
0.0005676,0.0011401416666666675,-0.0005725416666666675
0.001059,0.0010598916666666658,-8.91666666665708e-07
0.0009989,0.0010590756666666653,-6.017566666666522e-05
0.0005787,0.0011927250000000026,-0.0006140250000000025
0.001083,0.0010766653333333343,6.334666666665649e-06
0.001023,0.0010832813333333333,-6.0281333333333294e-05
0.0006674,0.0011471810000000004,-0.0004797810000000004
0.001105,0.0010994533333333338,5.546666666666252e-06
0.001047,0.0010853933333333354,-3.839333333333539e-05
0.0008527,0.0010459150000000001,-0.00019321500000000016
0.001125,0.001123806666666667,1.1933333333329684e-06
0.001072,0.0011102266666666671,-3.822666666666711e-05
0.0007859,0.0010029050000000016,-0.00021700500000000167
0.001143,0.0011529833333333351,-9.983333333335193e-06
0.001096,0.0011603400000000006,-6.434000000000062e-05
0.0007941,0.0010199706666666653,-0.00022587066666666532
0.001157,0.0011716033333333353,-1.4603333333335295e-05
0.001119,0.0011678666666666664,-4.886666666666637e-05
0.0008026,0.0009626493333333349,-0.0001600493333333349
0.001168,0.0011734433333333333,-5.443333333333316e-06
0.001139,0.001160656666666663,-2.1656666666662952e-05
0.000811,0.0008843946666666659,-7.339466666666595e-05
0.001175,0.0011777566666666686,-2.75666666666851e-06
0.001156,0.0011692133333333326,-1.3213333333332708e-05
0.0008128,0.0009150026666666685,-0.0001022026666666685
0.001179,0.0011871666666666673,-8.16666666666739e-06
0.001169,0.0011968366666666654,-2.78366666666655e-05
0.0008159,0.0009628613333333346,-0.0001469613333333346
0.001178,0.0011859700000000002,-7.970000000000156e-06
0.001179,0.0012198999999999962,-4.089999999999628e-05
0.0008205,0.001065835666666666,-0.00024533566666666605
0.001175,0.0011990066666666699,-2.4006666666669813e-05
0.001185,0.001239853333333333,-5.485333333333283e-05
0.0008229,0.0011283156666666676,-0.0003054156666666676
0.00117,0.00118813,-1.8129999999999882e-05
0.001187,0.0012624299999999984,-7.542999999999851e-05
0.0008256,0.0012548396666666674,-0.0004292396666666674
0.001163,0.0011677999999999973,-4.799999999997298e-06
0.001185,0.0012003733333333327,-1.5373333333332673e-05
0.0008282,0.0009428933333333324,-0.00011469333333333242
0.001154,0.0011583433333333373,-4.343333333337246e-06
0.001179,0.001215049999999998,-3.6049999999997976e-05
0.00083,0.0010559683333333332,-0.00022596833333333316
0.001145,0.0011502566666666666,-5.256666666666673e-06
0.001171,0.0011748300000000013,-3.830000000001324e-06
0.000833,0.000854747333333334,-2.1747333333334046e-05
0.001136,0.0011449166666666665,-8.916666666666405e-06
0.001161,0.0011731133333333342,-1.2113333333334253e-05
0.0008362,0.0009176890000000001,-8.148900000000002e-05
0.001127,0.0011387000000000031,-1.1700000000003158e-05
0.001149,0.0011642933333333343,-1.5293333333334233e-05
0.0008392,0.0008944536666666675,-5.5253666666667516e-05
0.001118,0.001123186666666663,-5.186666666662969e-06
0.001137,0.0011521066666666674,-1.5106666666667374e-05
0.0008407,0.0009174146666666688,-7.671466666666878e-05
0.001111,0.001103586666666668,7.4133333333320246e-06
0.001125,0.0011437200000000004,-1.87200000000005e-05
0.0008418,0.0009846763333333326,-0.00014287633333333262
0.001103,0.0011023966666666644,6.033333333356049e-07
0.001114,0.0011390533333333292,-2.505333333332918e-05
0.0008422,0.0009591650000000013,-0.00011696500000000132
0.001097,0.0010932233333333344,3.776666666665705e-06
0.001104,0.0011243833333333337,-2.038333333333371e-05
0.000844,0.0009606063333333349,-0.0001166063333333349
0.001091,0.001091276666666667,-2.7666666666697516e-07
0.001095,0.0011022753333333297,-7.275333333329635e-06
0.000846,0.0009031446666666656,-5.714466666666563e-05
0.001085,0.0010952563333333366,-1.0256333333336564e-05
0.001086,0.001106293333333336,-2.029333333333598e-05
0.000849,0.0009443340000000032,-9.533400000000312e-05
0.00108,0.001086769666666667,-6.769666666666969e-06
0.001079,0.001107777333333332,-2.877733333333187e-05
0.000851,0.0009896019999999987,-0.00013860199999999874
0.001076,0.0010815916666666683,-5.59166666666837e-06
0.001072,0.0010971869999999993,-2.5186999999999215e-05
0.0008528,0.0010135843333333317,-0.00016078433333333172
0.001071,0.001072626000000001,-1.6260000000010988e-06
0.001066,0.001092621333333332,-2.6621333333331967e-05
0.0008556,0.0010373613333333328,-0.00018176133333333284
0.001067,0.0010639810000000012,3.018999999998854e-06
0.001061,0.0010850279999999998,-2.4027999999999723e-05
0.0008608,0.0010307223333333333,-0.00016992233333333335
0.001063,0.001059287666666668,3.712333333331973e-06
0.001056,0.0010617833333333322,-5.783333333332164e-06
0.0008618,0.0009060996666666669,-4.429966666666689e-05
0.00106,0.0010559299999999985,4.070000000001416e-06
0.001052,0.0010530236666666676,-1.0236666666675696e-06
0.0008679,0.0008965283333333344,-2.8628333333334402e-05
0.001057,0.001053343000000001,3.656999999998925e-06
0.001049,0.0010510483333333327,-2.0483333333326612e-06
0.000873,0.0008975503333333349,-2.455033333333492e-05
0.001054,0.001050461333333332,3.538666666668029e-06
0.001046,0.0010466966666666663,-6.966666666662156e-07
0.0008743,0.000899661000000002,-2.5361000000002063e-05
0.001052,0.001049701333333334,2.298666666666069e-06
0.001043,0.0010434983333333315,-4.98333333331458e-07
0.0008797,0.0008933423333333335,-1.36423333333335e-05
0.001049,0.0010487846666666666,2.1533333333339892e-07
0.001041,0.001041052666666668,-5.266666666800188e-08
0.0008854,0.0008906426666666673,-5.242666666667212e-06
0.001047,0.001041541333333334,5.458666666665951e-06
0.001039,0.0010440433333333324,-5.043333333332439e-06
0.0008899,0.0009137916666666682,-2.389166666666822e-05
0.001045,0.0010439416666666649,1.0583333333350712e-06
0.001038,0.0010394553333333378,-1.4553333333377442e-06
0.0009018,0.0009054353333333335,-3.635333333333471e-06
0.001042,0.0010425233333333334,-5.23333333333478e-07
0.001037,0.001039682666666666,-2.6826666666660438e-06
0.0009124,0.0009169570000000018,-4.55700000000182e-06
0.001041,0.0010395086666666674,1.4913333333326732e-06
0.001036,0.001038115333333335,-2.1153333333349088e-06
0.0009279,0.0009326119999999982,-4.711999999998297e-06
0.001039,0.001037893666666665,1.1063333333349596e-06
0.001036,0.0010385526666666664,-2.552666666666382e-06
0.0009457,0.0009551330000000003,-9.433000000000314e-06
0.001038,0.0010360503333333372,1.949666666662851e-06
0.001036,0.0010360796666666668,-7.96666666668007e-08
0.0009646,0.0009641213333333317,4.786666666683126e-07
0.001037,0.0010350733333333334,1.9266666666665003e-06
0.001036,0.0010396956666666657,-3.6956666666656222e-06
0.0009806,0.0009892213333333338,-8.621333333333698e-06
0.001036,0.0010347520000000014,1.2479999999986165e-06
0.001036,0.0010382610000000034,-2.261000000003399e-06
0.0009969,0.0010044919999999988,-7.591999999998758e-06
0.001036,0.0010340386666666684,1.9613333333316166e-06
0.001037,0.001038747,-1.7470000000000766e-06
0.001009,0.0010196303333333328,-1.0630333333332912e-05
0.001035,0.0010338366666666685,1.1633333333314119e-06
0.001038,0.0010394086666666716,-1.4086666666715715e-06
0.001025,0.0010370396666666648,-1.2039666666664728e-05
0.001035,0.0010307150000000021,4.284999999997754e-06
0.001039,0.0010415673333333342,-2.5673333333342194e-06
0.001041,0.0010513233333333323,-1.0323333333332307e-05
0.001035,0.0010325620000000014,2.4379999999984883e-06
0.00104,0.0010406410000000014,-6.410000000015275e-07
0.001061,0.0010525419999999981,8.458000000001985e-06
0.001036,0.0010326863333333372,3.31366666666286e-06
0.001042,0.0010437206666666676,-1.7206666666675936e-06
0.001075,0.001072585333333332,2.4146666666678956e-06
0.001037,0.001032134000000001,4.8659999999989875e-06
0.001044,0.001049732666666665,-5.732666666665061e-06
0.001092,0.0010932363333333297,-1.236333333329634e-06
0.00104,0.0010344703333333358,5.529666666664141e-06
0.001045,0.0010542129999999979,-9.212999999997935e-06
0.001111,0.0010876443333333312,2.3355666666668778e-05
0.001042,0.001041049999999998,9.500000000019476e-07
0.001048,0.0010558946666666656,-7.894666666665492e-06
0.001119,0.0011018633333333308,1.7136666666669196e-05
0.001044,0.0010400173333333313,3.982666666668732e-06
0.00105,0.0010584493333333324,-8.449333333332507e-06
0.001102,0.0011232266666666645,-2.122666666666464e-05
0.001047,0.0010431396666666674,3.860333333332569e-06
0.001053,0.0010602650000000008,-7.265000000000873e-06
0.00116,0.0011442833333333324,1.5716666666667654e-05
0.001051,0.0010436443333333338,7.355666666666221e-06
0.001056,0.0010621826666666668,-6.182666666666725e-06
0.00118,0.0011483759999999985,3.162400000000158e-05
0.001054,0.0010474566666666685,6.5433333333315535e-06
0.001059,0.0010625103333333338,-3.51033333333378e-06
0.001263,0.001160414666666666,0.00010258533333333411
0.001058,0.0010528933333333339,5.106666666666046e-06
0.001062,0.0010655576666666654,-3.557666666665401e-06
0.001342,0.001224892000000001,0.00011710799999999901
0.001061,0.0010585966666666676,2.4033333333325045e-06
0.001065,0.0010658953333333322,-8.953333333321795e-07
0.001379,0.0013063433333333379,7.265666666666213e-05
0.001065,0.0010612566666666648,3.7433333333351717e-06
0.001069,0.0010702426666666658,-1.2426666666657052e-06
0.001338,0.0013183513333333372,1.9648666666662777e-05
0.001069,0.0010656066666666663,3.393333333333781e-06
0.001073,0.0010718633333333285,1.1366666666714088e-06
0.001352,0.0012965723333333372,5.5427666666662666e-05
0.001073,0.0010737800000000018,-7.800000000018729e-07
0.001077,0.0010819496666666694,-4.949666666669321e-06
0.001282,0.001229128000000001,5.287199999999895e-05
0.001078,0.0010743633333333317,3.636666666668271e-06
0.001082,0.001080485999999997,1.5140000000030216e-06
0.001249,0.0012216746666666688,2.7325333333331125e-05
0.001082,0.0010769166666666679,5.083333333332201e-06
0.001086,0.001086475333333336,-4.753333333359748e-07
0.001191,0.0012247906666666682,-3.379066666666817e-05
0.001087,0.0010837833333333362,3.2166666666638265e-06
0.00109,0.0010952443333333368,-5.244333333336796e-06
0.001199,0.0012002753333333355,-1.2753333333355606e-06
0.001091,0.00108762666666667,3.3733333333299965e-06
0.001095,0.001095412999999997,-4.129999999968534e-07
0.001213,0.0011855763333333351,2.742366666666496e-05
0.001096,0.0010876000000000037,8.399999999996301e-06
0.0011,0.0010972376666666703,2.7623333333298087e-06
0.001222,0.0011627880000000031,5.921199999999686e-05
0.001102,0.0010935900000000026,8.409999999997326e-06
0.001106,0.0010957729999999987,1.0227000000001324e-05
0.001157,0.0010524866666666687,0.0001045133333333313
0.001109,0.0010977733333333336,1.1226666666666347e-05
0.001111,0.001114472999999999,-3.4729999999990636e-06
0.001082,0.0011548046666666684,-7.280466666666837e-05
0.001115,0.0011106233333333328,4.376666666667346e-06
0.001117,0.001124893333333333,-7.893333333333077e-06
0.001023,0.0011309786666666675,-0.00010797866666666751
0.001121,0.0011160833333333326,4.9166666666673915e-06
0.001123,0.001136963333333331,-1.3963333333330856e-05
0.00106,0.0011200423333333335,-6.004233333333354e-05
0.001127,0.0011207633333333333,6.236666666666708e-06
0.001129,0.0011457866666666654,-1.678666666666542e-05
0.001133,0.0011488946666666669,-1.5894666666666987e-05
0.001134,0.001132480000000001,1.5199999999989961e-06
0.001135,0.0011541033333333345,-1.910333333333459e-05
0.001167,0.001173535666666667,-6.535666666666971e-06
0.001141,0.0011341833333333364,6.816666666663697e-06
0.001141,0.0011543099999999985,-1.3309999999998367e-05
0.001159,0.0011831999999999986,-2.4199999999998528e-05
0.001149,0.0011468033333333317,2.1966666666683662e-06
0.001147,0.0011550566666666644,-8.056666666664356e-06
0.001121,0.0011378466666666684,-1.6846666666668316e-05
0.001156,0.0011494766666666687,6.5233333333312386e-06
0.001154,0.0011556800000000042,-1.6800000000041174e-06
0.001087,0.0011228100000000023,-3.581000000000222e-05
0.001164,0.0011548799999999977,9.120000000002433e-06
0.001161,0.0011666599999999964,-5.659999999996527e-06
0.001068,0.0011229096666666653,-5.490966666666535e-05
0.001171,0.0011599599999999996,1.1040000000000355e-05
0.001169,0.0011669200000000023,2.079999999997622e-06
0.001071,0.0011057430000000043,-3.4743000000004394e-05
0.001179,0.0011728266666666673,6.173333333332667e-06
0.001177,0.001183456666666664,-6.456666666663884e-06
0.00109,0.0011385116666666677,-4.8511666666667614e-05
0.001188,0.001171953333333333,1.6046666666666995e-05
0.001185,0.0011958499999999983,-1.0849999999998231e-05
0.001124,0.0011903433333333314,-6.634333333333138e-05
0.001197,0.0011825633333333353,1.443666666666463e-05
0.001193,0.0012079033333333327,-1.4903333333332646e-05
0.001124,0.0012149313333333325,-9.093133333333255e-05
0.001206,0.0011911200000000006,1.4879999999999451e-05
0.001202,0.0012106266666666657,-8.626666666665742e-06
0.001138,0.001194712000000001,-5.671200000000108e-05
0.001215,0.0012122699999999988,2.7300000000011343e-06
0.001211,0.0012208199999999981,-9.81999999999806e-06
0.00113,0.0011806996666666647,-5.069966666666477e-05
0.001225,0.0012107933333333355,1.4206666666664479e-05
0.00122,0.0012210599999999995,-1.0599999999995596e-06
0.001128,0.0011776226666666675,-4.9622666666667434e-05
0.001236,0.0012195033333333356,1.6496666666664323e-05
0.001231,0.0012358600000000003,-4.860000000000194e-06
0.001114,0.0012181513333333345,-0.00010415133333333449
0.001248,0.0012363933333333318,1.160666666666821e-05
0.001241,0.0012459433333333332,-4.943333333333249e-06
0.001104,0.001186888,-8.288800000000015e-05
0.00126,0.0012292500000000025,3.0749999999997576e-05
0.001253,0.0012401099999999978,1.2890000000002162e-05
0.00111,0.001160455999999999,-5.0455999999998854e-05
0.001273,0.001239610000000001,3.338999999999903e-05
0.001264,0.0012581866666666638,5.813333333336106e-06
0.001144,0.0012395066666666661,-9.550666666666608e-05
0.001286,0.0012576333333333342,2.836666666666582e-05
0.001277,0.0012740233333333336,2.976666666666336e-06
0.001142,0.0012395099999999986,-9.750999999999857e-05
0.0013,0.0012793100000000027,2.0689999999997256e-05
0.00129,0.0012903866666666636,-3.866666666637198e-07
0.001135,0.00122558333333333,-9.05833333333301e-05
0.001315,0.0012980466666666702,1.6953333333329795e-05
0.001304,0.001300886666666668,3.1133333333319742e-06
0.001115,0.0011889299999999978,-7.392999999999766e-05
0.00133,0.0013148966666666675,1.5103333333332542e-05
0.00132,0.0013170533333333352,2.9466666666647795e-06
0.001106,0.0011881133333333338,-8.211333333333379e-05
0.001347,0.0013291266666666682,1.787333333333192e-05
0.001335,0.0013397899999999996,-4.7899999999995255e-06
0.001109,0.0012213199999999984,-0.00011231999999999844
0.001363,0.0013506333333333314,1.2366666666668684e-05
0.001352,0.001353376666666665,-1.3766666666649961e-06
0.001119,0.0011868333333333349,-6.783333333333489e-05
0.001381,0.0013443333333333334,3.666666666666662e-05
0.001369,0.0013573933333333355,1.1606666666664524e-05
0.001104,0.001245423333333331,-0.0001414233333333311
0.001398,0.0013582200000000005,3.977999999999946e-05
0.001386,0.001388646666666668,-2.646666666667862e-06
0.001101,0.0013109366666666658,-0.00020993666666666586
0.001416,0.001384376666666668,3.162333333333201e-05
0.001404,0.0014175666666666697,-1.356666666666958e-05
0.001112,0.001317256666666666,-0.00020525666666666611
0.001433,0.0014051699999999975,2.7830000000002558e-05
0.001423,0.001424916666666668,-1.9166666666680775e-06
0.001127,0.001267250000000001,-0.00014025000000000105
0.00145,0.0014315400000000007,1.8459999999999224e-05
0.001441,0.0014576266666666677,-1.662666666666767e-05
0.001128,0.0013104133333333328,-0.0001824133333333327
0.001469,0.001453063333333336,1.5936666666663962e-05
0.00146,0.0014582299999999992,1.770000000000764e-06
0.001115,0.001229593333333335,-0.00011459333333333497
0.001487,0.001466936666666665,2.006333333333496e-05
0.00148,0.0014766133333333359,3.386666666664118e-06
0.001085,0.0012498166666666665,-0.00016481666666666645
0.001504,0.0015019399999999972,2.060000000002728e-06
0.001499,0.0015139999999999995,-1.4999999999999606e-05
0.001095,0.0012852666666666706,-0.00019026666666667057
0.001521,0.001520903333333334,9.666666666609258e-08
0.001519,0.0015259233333333347,-6.923333333334718e-06
0.00112,0.0012327400000000047,-0.00011274000000000483
0.001538,0.0015335033333333363,4.496666666663814e-06
0.001539,0.001540116666666666,-1.1166666666658897e-06
0.001136,0.0012182133333333341,-8.221333333333406e-05
0.001553,0.0015576066666666674,-4.606666666667498e-06
0.001558,0.0015621333333333352,-4.133333333335241e-06
0.001092,0.0013228800000000022,-0.0002308800000000021
0.001568,0.0015680833333333386,-8.333333333869312e-08
0.001577,0.001584613333333336,-7.613333333336041e-06
0.001092,0.0012950733333333298,-0.0002030733333333297
0.001583,0.001586050000000004,-3.0500000000040044e-06
0.001595,0.0016040833333333321,-9.083333333332081e-06
0.001117,0.0012742900000000002,-0.00015729000000000025
0.001599,0.0015861566666666687,1.2843333333331219e-05
0.001614,0.0016048433333333374,9.156666666662594e-06
0.001103,0.0013455666666666642,-0.0002425666666666642
0.001614,0.0016123666666666696,1.6333333333303553e-06
0.001634,0.0016359000000000026,-1.900000000002594e-06
0.001118,0.0014516733333333344,-0.0003336733333333343
0.00163,0.0016320933333333352,-2.093333333335213e-06
0.001653,0.0016576166666666678,-4.616666666667872e-06
0.001159,0.0013956833333333349,-0.0002366833333333348
0.001645,0.0016375566666666677,7.44333333333228e-06
0.001673,0.0016616133333333394,1.1386666666660626e-05
0.001153,0.0013732500000000006,-0.0002202500000000006
0.00166,0.0016499899999999992,1.0010000000000834e-05
0.001692,0.0016784333333333323,1.3566666666667629e-05
0.001177,0.0013950000000000004,-0.0002180000000000003
0.001675,0.0016698333333333311,5.166666666668943e-06
0.001711,0.0016967700000000046,1.4229999999995505e-05
0.001274,0.0013979900000000006,-0.0001239900000000007
0.001689,0.0016834333333333288,5.566666666671121e-06
0.00173,0.0017149600000000013,1.5039999999998718e-05
0.00128,0.0014215933333333363,-0.00014159333333333616
0.001704,0.0016739999999999978,3.0000000000002247e-05
0.001749,0.0016989333333333348,5.00666666666651e-05
0.001302,0.0014690100000000015,-0.0001670100000000015
0.00172,0.0016991433333333336,2.0856666666666402e-05
0.001768,0.0017194799999999974,4.852000000000263e-05
0.001322,0.00146135333333333,-0.00013935333333332995
0.001736,0.0017096666666666675,2.633333333333242e-05
0.001787,0.0017374933333333315,4.9506666666668427e-05
0.001293,0.0014133499999999983,-0.00012034999999999824
0.001753,0.0017219266666666688,3.107333333333116e-05
0.001807,0.0017418299999999998,6.517000000000025e-05
0.001262,0.0014813166666666651,-0.000219316666666665
0.001769,0.0017595566666666676,9.443333333332329e-06
0.001825,0.0018112800000000015,1.3719999999998534e-05
0.001286,0.0014008333333333305,-0.0001148333333333305
0.001785,0.0017615366666666728,2.346333333332713e-05
0.001844,0.0017877233333333325,5.627666666666747e-05
0.001328,0.0014933400000000025,-0.00016534000000000253
0.001802,0.0017973166666666665,4.683333333333492e-06
0.001862,0.0018577900000000043,4.2099999999955975e-06
0.001386,0.0015546133333333336,-0.00016861333333333356
0.001817,0.0017648433333333365,5.215666666666353e-05
0.001881,0.001775866666666663,0.00010513333333333715
0.001419,0.0015921466666666687,-0.0001731466666666688
0.001834,0.0017936733333333357,4.032666666666418e-05
0.001901,0.001815803333333328,8.519666666667201e-05
0.001421,0.0016151333333333372,-0.00019413333333333726
0.00185,0.001814526666666666,3.5473333333334084e-05
0.00192,0.0018566933333333294,6.33066666666706e-05
0.001435,0.001682416666666668,-0.0002474166666666679
0.001867,0.0018214999999999993,4.550000000000062e-05
0.001939,0.0018487900000000001,9.020999999999986e-05
0.001416,0.0016501366666666658,-0.0002341366666666659
0.001884,0.0018549233333333348,2.907666666666529e-05
0.001958,0.0019038066666666705,5.4193333333329595e-05
0.001409,0.0016063633333333284,-0.00019736333333332827
0.001902,0.0018815800000000012,2.041999999999886e-05
0.001977,0.001944046666666668,3.295333333333192e-05
0.001418,0.001569353333333334,-0.00015135333333333393
0.001919,0.0018791899999999998,3.981000000000015e-05
0.001996,0.0019293599999999985,6.664000000000149e-05
0.001433,0.0015863366666666657,-0.00015333666666666568
0.001936,0.0019147233333333359,2.1276666666664125e-05
0.002015,0.001985189999999998,2.9810000000002074e-05
0.001435,0.0016986200000000022,-0.00026362000000000217
0.001954,0.0019017866666666634,5.221333333333658e-05
0.002033,0.0019500766666666644,8.29233333333357e-05
0.001462,0.0016368166666666701,-0.00017481666666667017
0.001971,0.0019279500000000053,4.3049999999994785e-05
0.002052,0.0019870733333333316,6.492666666666836e-05
0.001464,0.0016360766666666652,-0.0001720766666666652
0.001989,0.001934776666666666,5.422333333333397e-05
0.002071,0.0019889566666666664,8.204333333333355e-05
0.001474,0.0018091366666666711,-0.00033513666666667107
0.002007,0.0019564233333333337,5.057666666666641e-05
0.00209,0.0020153533333333363,7.464666666666354e-05
0.001516,0.0018577866666666676,-0.0003417866666666676
0.002025,0.0019472766666666671,7.772333333333275e-05
0.002109,0.0019952966666666673,0.00011370333333333288
0.001544,0.00175337,-0.00020936999999999996
0.002043,0.0019399000000000037,0.00010309999999999638
0.002128,0.001979726666666668,0.00014827333333333227
0.00156,0.0019188799999999972,-0.0003588799999999972
0.002062,0.0019598900000000036,0.0001021099999999964
0.002147,0.00200067,0.00014633000000000007
0.001583,0.001941383333333331,-0.0003583833333333311
0.002081,0.001997366666666671,8.363333333332888e-05
0.002166,0.0020527666666666634,0.00011323333333333654
0.001602,0.001922629999999999,-0.00032062999999999905
0.002101,0.002031020000000001,6.9979999999999e-05
0.002185,0.002085786666666666,9.921333333333393e-05
0.001633,0.0018283799999999988,-0.0001953799999999989
0.00212,0.0020815800000000017,3.841999999999821e-05
0.002204,0.002152626666666663,5.1373333333336584e-05
0.001679,0.0019395199999999995,-0.00026051999999999955
0.002139,0.002074376666666671,6.462333333332902e-05
0.002224,0.002130916666666665,9.308333333333477e-05
0.001711,0.0018923933333333295,-0.00018139333333332943
0.00216,0.002106920000000001,5.307999999999919e-05
0.002244,0.0021672433333333324,7.675666666666749e-05
0.001725,0.0018902600000000036,-0.00016526000000000366
0.002181,0.0021531466666666697,2.7853333333330548e-05
0.002265,0.0022148933333333305,5.0106666666669634e-05
0.001733,0.0020235633333333305,-0.00029056333333333053
0.002202,0.0021439666666666656,5.803333333333433e-05
0.002285,0.0021979466666666647,8.705333333333546e-05
0.001748,0.0019678866666666636,-0.00021988666666666358
0.002224,0.002137519999999999,8.648000000000076e-05
0.002307,0.002180436666666663,0.00012656333333333717
0.00176,0.0020832566666666693,-0.0003232566666666692
0.002246,0.002186736666666667,5.9263333333333095e-05
0.002329,0.00223526333333333,9.373666666666986e-05
0.00177,0.0021004300000000025,-0.00033043000000000243
0.002268,0.0022069433333333343,6.105666666666575e-05
0.002351,0.0022692833333333353,8.171666666666449e-05
0.001803,0.0020643433333333364,-0.00026134333333333645
0.00229,0.002218786666666669,7.121333333333108e-05
0.002373,0.0022703866666666656,0.00010261333333333456
0.001823,0.0021135100000000007,-0.00029051000000000077
0.002313,0.002244493333333336,6.850666666666401e-05
0.002396,0.0022968733333333323,9.912666666666778e-05
0.001845,0.002144230000000001,-0.0002992300000000008
0.002336,0.002260826666666667,7.517333333333315e-05
0.002419,0.002315206666666664,0.00010379333333333622
0.001863,0.0021430733333333302,-0.00028007333333333016
0.00236,0.0022979666666666657,6.203333333333443e-05
0.002443,0.002353353333333335,8.964666666666466e-05
0.00187,0.0021311333333333365,-0.0002611333333333366
0.002385,0.002295776666666671,8.922333333332907e-05
0.002467,0.002353113333333335,0.00011388666666666512
0.001901,0.002156850000000002,-0.0002558500000000019
0.00241,0.0023506766666666666,5.932333333333317e-05
0.002491,0.0024028833333333355,8.811666666666464e-05
0.001965,0.0022419933333333378,-0.0002769933333333376
0.002435,0.002328130000000001,0.00010686999999999893
0.002516,0.002372480000000009,0.00014351999999999117
0.002036,0.0022694366666666647,-0.00023343666666666464
0.002462,0.0023820099999999995,7.99900000000007e-05
0.002542,0.0024227733333333384,0.0001192266666666616
0.0021,0.002336306666666668,-0.00023630666666666798
0.002488,0.002425006666666665,6.299333333333523e-05
0.002567,0.0024775400000000007,8.94599999999991e-05
0.002144,0.0023013766666666663,-0.00015737666666666619
0.002515,0.0024158766666666663,9.91233333333336e-05
0.002593,0.0024723566666666605,0.00012064333333333937
0.00215,0.0022688466666666712,-0.00011884666666667123
0.002543,0.002442419999999999,0.00010058000000000115
0.00262,0.0024974066666666604,0.0001225933333333395
0.002163,0.0023190999999999967,-0.0001560999999999967
0.002571,0.0024475499999999945,0.0001234500000000054
0.002648,0.002487216666666663,0.00016078333333333734
0.002169,0.0024154200000000015,-0.00024642000000000153
0.002599,0.002482626666666662,0.00011637333333333827
0.002676,0.002515749999999998,0.00016025000000000197
0.00219,0.0024703933333333336,-0.00028039333333333347
0.002629,0.0024930300000000002,0.00013596999999999958
0.002705,0.002550546666666666,0.00015445333333333373
0.002216,0.002350090000000006,-0.00013409000000000598
0.002659,0.0025250666666666636,0.00013393333333333634
0.002734,0.002568879999999997,0.00016512000000000297
0.002209,0.0024130066666666642,-0.0002040066666666642
0.00269,0.0025546199999999966,0.00013538000000000352
0.002763,0.0025948266666666643,0.00016817333333333552
0.002176,0.0024237166666666644,-0.0002477166666666644
0.002721,0.0025630733333333283,0.0001579266666666716
0.002793,0.0026056966666666613,0.00018730333333333857
0.002123,0.0024832899999999965,-0.0003602899999999966
0.002752,0.0025776733333333223,0.00017432666666667785
0.002823,0.0026184233333333357,0.0002045766666666643
0.002108,0.002425406666666661,-0.0003174066666666608
0.002783,0.0026082999999999914,0.00017470000000000853
0.002854,0.00264670666666667,0.00020729333333333
0.002034,0.0025233999999999986,-0.0004893999999999988
0.002814,0.002637013333333328,0.00017698666666667202
0.002885,0.0026734799999999998,0.0002115200000000002
0.002026,0.00253177,-0.00050577
0.002846,0.0027072166666666647,0.0001387833333333353
0.002916,0.0027453599999999983,0.00017064000000000185
0.002049,0.0024651466666666686,-0.00041614666666666853
0.002878,0.0027223466666666655,0.0001556533333333344
0.002947,0.0027478266666666608,0.0001991733333333392
0.002109,0.00257348333333333,-0.0004644833333333296
0.002911,0.0027840733333333333,0.0001269266666666666
0.002979,0.0028230099999999986,0.00015599000000000125
0.002109,0.0025165766666666754,-0.0004075766666666752
0.002944,0.002829133333333333,0.00011486666666666711
0.003011,0.0028702833333333305,0.00014071666666666928
0.00216,0.0024813700000000083,-0.0003213700000000083
0.002977,0.0028283999999999944,0.00014860000000000567
0.003043,0.0028737533333333285,0.0001692466666666716
0.002171,0.0025256433333333407,-0.0003546433333333405
0.00301,0.0028257533333333374,0.00018424666666666274
0.003075,0.002869189999999999,0.00020581000000000115
0.002217,0.0025219266666666766,-0.0003049266666666768
0.003044,0.0028739733333333285,0.0001700266666666713
0.003108,0.002910403333333336,0.00019759666666666412
0.002248,0.0026253833333333416,-0.00037738333333334163
0.003078,0.002977426666666672,0.00010057333333332802
0.003141,0.0030155366666666655,0.0001254633333333346
0.00234,0.0025791466666666746,-0.00023914666666667453
0.003111,0.0030025133333333376,0.0001084866666666625
0.003174,0.003045183333333326,0.00012881666666667404
0.002251,0.0025834833333333368,-0.0003324833333333368
0.003145,0.0030706066666666715,7.439333333332824e-05
0.003207,0.0030763599999999985,0.00013064000000000174
0.00216,0.0026250633333333375,-0.00046506333333333743
0.003179,0.0032054800000000075,-2.648000000000754e-05
0.00324,0.0032561299999999973,-1.612999999999745e-05
0.002106,0.002196553333333332,-9.055333333333202e-05
0.003213,0.0032298466666666687,-1.6846666666668533e-05
0.003273,0.003284426666666674,-1.1426666666674266e-05
0.002055,0.0021301066666666734,-7.510666666667339e-05
0.003247,0.0032366066666666654,1.0393333333334493e-05
0.003306,0.0032851166666666566,2.088333333334332e-05
0.002047,0.002333843333333331,-0.0002868433333333307
0.003281,0.003275363333333328,5.636666666672223e-06
0.003339,0.0033030066666666713,3.599333333332861e-05
0.002072,0.002458043333333341,-0.00038604333333334094
0.003315,0.0032551666666666636,5.9833333333336215e-05
0.003372,0.0032761466666666583,9.585333333334174e-05
0.002129,0.0026985066666666622,-0.0005695066666666624
0.001121,0.0011125133333333328,8.486666666667224e-06
0.001156,0.0011502133333333314,5.786666666668513e-06
0.001189,0.0011886133333333332,3.8666666666675557e-07
0.001107,0.0011052300000000009,1.7699999999990293e-06
0.001141,0.0011444066666666645,-3.406666666664433e-06
0.001175,0.001180730666666667,-5.730666666666981e-06
0.001094,0.0010871833333333354,6.8166666666645646e-06
0.001128,0.0011275233333333352,4.7666666666492004e-07
0.001162,0.0011657200000000027,-3.7200000000026275e-06
0.001082,0.0010765053333333342,5.494666666665867e-06
0.001115,0.0011105066666666668,4.49333333333332e-06
0.00115,0.0011511333333333344,-1.133333333334409e-06
0.001071,0.0010669806666666697,4.019333333330193e-06
0.001104,0.0011024899999999979,1.5100000000020913e-06
0.00114,0.0011406220000000022,-6.220000000022041e-07
0.00106,0.0010604459999999992,-4.459999999992161e-07
0.001094,0.0010963786666666664,-2.3786666666664614e-06
0.00113,0.0011380599999999991,-8.059999999999188e-06
0.001051,0.0010501933333333336,8.066666666664297e-07
0.001084,0.0010842633333333347,-2.633333333348052e-07
0.001121,0.001125925,-4.925000000000025e-06
0.001042,0.0010384806666666685,3.519333333331428e-06
0.001076,0.0010726966666666673,3.3033333333325806e-06
0.001112,0.0011124296666666646,-4.296666666647221e-07
0.001034,0.0010337666666666682,2.3333333333173077e-07
0.001067,0.0010673866666666685,-3.866666666684903e-07
0.001104,0.001107821666666665,-3.821666666665004e-06
0.001026,0.0010277673333333336,-1.7673333333335494e-06
0.001059,0.001058436666666668,5.633333333319394e-07
0.001096,0.0010985533333333329,-2.5533333333329147e-06
0.00102,0.001021966333333335,-1.9663333333348396e-06
0.001051,0.001054979999999999,-3.979999999998915e-06
0.00109,0.0010954100000000007,-5.410000000000614e-06
0.001013,0.0010134553333333337,-4.5533333333370833e-07
0.001045,0.00104734,-2.339999999999981e-06
0.001083,0.0010889966666666677,-5.9966666666677e-06
0.001007,0.0010074689999999991,-4.6899999999903616e-07
0.001039,0.001040789999999998,-1.7899999999980432e-06
0.001077,0.0010826133333333308,-5.613333333330788e-06
0.001002,0.0010002046666666682,1.7953333333318219e-06
0.001034,0.0010331700000000012,8.299999999987571e-07
0.001072,0.0010730729999999988,-1.0729999999987885e-06
0.0009965,0.0009950989999999997,1.4010000000002666e-06
0.001029,0.001027850999999999,1.1490000000010693e-06
0.001067,0.0010675539999999988,-5.539999999987482e-07
0.0009916,0.0009917323333333346,-1.3233333333458573e-07
0.001023,0.0010250686666666662,-2.068666666666134e-06
0.001062,0.0010644229999999999,-2.4229999999998784e-06
0.0009871,0.0009878943333333323,-7.943333333322155e-07
0.001019,0.001020935999999997,-1.9359999999970894e-06
0.001058,0.0010602020000000012,-2.2020000000012776e-06
0.0009831,0.0009821986666666645,9.013333333355265e-07
0.001016,0.0010158496666666625,1.5033333333747123e-07
0.001054,0.001054913333333335,-9.13333333335065e-07
0.0009798,0.0009774963333333301,2.3036666666699426e-06
0.001013,0.0010094536666666665,3.5463333333334793e-06
0.001051,0.0010456543333333332,5.345666666666882e-06
0.0009766,0.0009758273333333336,7.726666666664364e-07
0.001009,0.0010083806666666658,6.193333333341221e-07
0.001048,0.0010472203333333336,7.796666666665467e-07
0.0009734,0.000974504666666664,-1.104666666663966e-06
0.001006,0.001007671666666666,-1.671666666666063e-06
0.001046,0.0010466133333333308,-6.133333333307751e-07
0.0009705,0.0009712563333333316,-7.563333333316172e-07
0.001003,0.0010049466666666653,-1.9466666666652973e-06
0.001043,0.0010443066666666649,-1.3066666666647613e-06
0.0009679,0.0009679713333333349,-7.13333333348179e-08
0.001001,0.0010008896666666672,1.1033333333272145e-07
0.001041,0.0010411000000000003,-1.0000000000027348e-07
0.0009659,0.0009660563333333346,-1.5633333333463836e-07
0.0009987,0.000999260666666665,-5.606666666651584e-07
0.001039,0.0010398833333333318,-8.833333333317737e-07
0.0009642,0.000964760666666668,-5.606666666679774e-07
0.0009969,0.0009973376666666674,-4.3766666666745016e-07
0.001038,0.0010374866666666687,5.13333333331369e-07
0.0009628,0.0009625286666666681,2.713333333318954e-07
0.0009956,0.0009957503333333343,-1.5033333333443546e-07
0.001036,0.0010366133333333356,-6.133333333355456e-07
0.0009616,0.0009618566666666678,-2.566666666678529e-07
0.0009946,0.000995293666666667,-6.936666666669273e-07
0.001035,0.0010357166666666675,-7.166666666676147e-07
0.0009604,0.0009601486666666669,2.513333333330984e-07
0.0009935,0.0009935253333333352,-2.5333333335177816e-08
0.001034,0.0010345700000000005,-5.70000000000518e-07
0.0009595,0.0009596729999999992,-1.7299999999925448e-07
0.0009927,0.0009930366666666649,-3.366666666648841e-07
0.001034,0.0010337333333333347,2.666666666652998e-07
0.0009588,0.0009588786666666671,-7.866666666711021e-08
0.0009921,0.0009922920000000025,-1.9200000000237256e-07
0.001033,0.0010334233333333359,-4.2333333333580657e-07
0.0009583,0.0009594373333333346,-1.1373333333345803e-06
0.0009917,0.0009929530000000002,-1.2530000000001047e-06
0.001033,0.0010334100000000028,-4.1000000000276926e-07
0.0009584,0.0009597726666666681,-1.3726666666680773e-06
0.000992,0.0009933390000000004,-1.3390000000003746e-06
0.001033,0.0010334400000000029,-4.4000000000280794e-07
0.0009587,0.0009589483333333327,-2.4833333333261747e-07
0.0009925,0.000992405333333333,9.466666666692845e-08
0.001033,0.0010329966666666709,3.333333329193569e-09
0.0009591,0.0009598490000000011,-7.49000000001168e-07
0.0009929,0.0009936256666666647,-7.256666666648291e-07
0.001033,0.0010338100000000009,-8.100000000008274e-07
0.0009597,0.0009606443333333316,-9.443333333316499e-07
0.0009937,0.000994618333333333,-9.183333333330837e-07
0.001034,0.001034403333333337,-4.0333333333700955e-07
0.0009603,0.0009607240000000022,-4.2400000000223075e-07
0.0009941,0.0009941099999999981,-9.999999998205888e-09
0.001035,0.0010342113333333346,7.886666666652789e-07
0.000961,0.0009617356666666684,-7.356666666683475e-07
0.0009947,0.0009947386666666641,-3.8666666664095156e-08
0.001036,0.001035310000000002,6.899999999980706e-07
0.0009622,0.0009620893333333321,1.106666666678309e-07
0.0009957,0.0009956216666666662,7.833333333373549e-08
0.001037,0.0010366600000000009,3.39999999999065e-07
0.0009633,0.0009622366666666676,1.0633333333324394e-06
0.0009969,0.0009964116666666659,4.883333333341195e-07
0.001038,0.00103629766666667,1.7023333333300323e-06
0.0009645,0.0009645360000000004,-3.600000000045841e-08
0.0009983,0.0009980113333333328,2.886666666671641e-07
0.001039,0.0010389933333333325,6.666666667494436e-09
0.0009658,0.0009658250000000007,-2.500000000071889e-08
0.0009999,0.0009989419999999994,9.580000000005556e-07
0.001041,0.0010393443333333336,1.6556666666664617e-06
0.0009674,0.0009678709999999999,-4.70999999999935e-07
0.001001,0.0010016853333333327,-6.853333333327761e-07
0.001042,0.0010419866666666652,1.3333333334772032e-08
0.0009691,0.0009710453333333321,-1.9453333333321237e-06
0.001003,0.001004981666666665,-1.9816666666650894e-06
0.001044,0.0010434833333333312,5.166666666688025e-07
0.0009708,0.0009744956666666655,-3.695666666665514e-06
0.001005,0.0010076803333333325,-2.6803333333324207e-06
0.001045,0.001042393999999998,2.606000000002001e-06
0.0009726,0.0009735349999999966,-9.349999999966156e-07
0.001007,0.0010081589999999996,-1.158999999999492e-06
0.001047,0.001046623666666666,3.763333333338739e-07
0.0009744,0.0009750756666666648,-6.756666666648007e-07
0.001009,0.0010090350000000004,-3.500000000044266e-08
0.001049,0.0010485366666666681,4.6333333333188273e-07
0.0009761,0.0009757483333333307,3.516666666693487e-07
0.001011,0.0010115999999999973,-5.999999999973041e-07
0.001051,0.0010489080000000018,2.0919999999982446e-06
0.0009781,0.0009806206666666635,-2.520666666663493e-06
0.001013,0.0010146579999999975,-1.6579999999974827e-06
0.001053,0.0010522503333333327,7.496666666671585e-07
0.0009803,0.0009822139999999995,-1.913999999999562e-06
0.001015,0.0010181086666666644,-3.1086666666642945e-06
0.001055,0.0010523630000000026,2.636999999997393e-06
0.0009826,0.0009889049999999993,-6.304999999999419e-06
0.001017,0.001023187999999999,-6.187999999999203e-06
0.001058,0.0010578343333333337,1.6566666666620322e-07
0.0009851,0.000987598666666666,-2.4986666666659656e-06
0.00102,0.001021693666666665,-1.6936666666648916e-06
0.001061,0.0010595356666666673,1.4643333333327901e-06
0.0009877,0.000991461000000001,-3.761000000000996e-06
0.001022,0.0010236926666666664,-1.6926666666665022e-06
0.001063,0.001059828,3.1719999999998538e-06
0.0009904,0.000994380000000001,-3.980000000001083e-06
0.001025,0.0010262246666666655,-1.2246666666654218e-06
0.001066,0.0010639866666666649,2.0133333333352543e-06
0.0009931,0.0009933080000000003,-2.0800000000023924e-07
0.001028,0.001026376666666665,1.6233333333349684e-06
0.001069,0.0010656200000000013,3.379999999998792e-06
0.0009957,0.0009975380000000029,-1.838000000002919e-06
0.00103,0.0010318533333333326,-1.8533333333325182e-06
0.001071,0.0010707333333333305,2.666666666694198e-07
0.0009984,0.0010042919999999989,-5.891999999998879e-06
0.001033,0.0010366266666666662,-3.626666666666162e-06
0.001074,0.0010706236666666634,3.3763333333366573e-06
0.001001,0.001004543666666669,-3.5436666666690837e-06
0.001036,0.0010364430000000028,-4.4300000000274675e-07
0.001077,0.0010750500000000014,1.949999999998611e-06
0.001004,0.0010091716666666653,-5.1716666666654434e-06
0.001039,0.0010410209999999974,-2.020999999997452e-06
0.00108,0.001078643999999997,1.3560000000029191e-06
0.001007,0.0010099320000000024,-2.9320000000023633e-06
0.001042,0.0010427660000000025,-7.660000000025199e-07
0.001084,0.0010818283333333348,2.1716666666650453e-06
0.00101,0.0010129319999999976,-2.9319999999975928e-06
0.001045,0.001046479999999998,-1.4799999999981495e-06
0.001087,0.0010886066666666667,-1.606666666666666e-06
0.001013,0.0010191920000000014,-6.192000000001434e-06
0.001048,0.001052010000000001,-4.010000000000905e-06
0.001091,0.001096116666666667,-5.116666666667071e-06
0.001016,0.0010232403333333348,-7.24033333333483e-06
0.001051,0.0010551733333333349,-4.173333333334786e-06
0.001094,0.0010986800000000003,-4.680000000000396e-06
0.001019,0.001024873333333336,-5.873333333335966e-06
0.001054,0.0010576866666666678,-3.6866666666677574e-06
0.001097,0.001101456666666667,-4.456666666666871e-06
0.001022,0.0010246966666666675,-2.6966666666675652e-06
0.001058,0.0010564033333333328,1.596666666667159e-06
0.001101,0.0010985166666666651,2.4833333333348483e-06
0.001026,0.0010282773333333344,-2.2773333333344237e-06
0.001061,0.0010589733333333346,2.0266666666654727e-06
0.001104,0.0011031520000000016,8.4799999999839e-07
0.001029,0.0010313796666666685,-2.379666666668537e-06
0.001064,0.0010624166666666677,1.583333333332387e-06
0.001107,0.0011067766666666623,2.2333333333764485e-07
0.001033,0.0010351433333333337,-2.143333333333615e-06
0.001068,0.001065576666666667,2.4233333333330363e-06
0.001111,0.001111616999999999,-6.169999999989812e-07
0.001036,0.001039409000000003,-3.4090000000030433e-06
0.001071,0.0010704700000000022,5.299999999977198e-07
0.001115,0.0011276799999999972,-1.267999999999712e-05
0.001039,0.0010418796666666662,-2.8796666666662182e-06
0.001075,0.0010753933333333325,-3.933333333325153e-07
0.001119,0.0011301066666666673,-1.1106666666667276e-05
0.001043,0.0010456799999999991,-2.679999999999046e-06
0.001079,0.0010787166666666667,2.833333333333854e-07
0.001122,0.001141723333333334,-1.9723333333333945e-05
0.001046,0.0010487483333333322,-2.7483333333321903e-06
0.001082,0.0010831349999999983,-1.1349999999982468e-06
0.001126,0.0011332733333333366,-7.273333333336542e-06
0.00105,0.0010523036666666673,-2.3036666666673405e-06
0.001086,0.0010873833333333374,-1.3833333333374779e-06
0.00113,0.0011405999999999988,-1.0599999999998848e-05
0.001053,0.0010558533333333315,-2.8533333333315668e-06
0.001089,0.0010882449999999975,7.550000000024551e-07
0.001133,0.001145639000000001,-1.2639000000001137e-05
0.001057,0.001060154999999999,-3.154999999999044e-06
0.001093,0.0010930106666666647,-1.0666666664738492e-08
0.001137,0.0011473633333333347,-1.0363333333334671e-05
0.001061,0.0010612166666666668,-2.1666666666668097e-07
0.001097,0.0010952353333333338,1.7646666666663348e-06
0.001141,0.0011453566666666678,-4.3566666666676815e-06
0.001065,0.001069793333333333,-4.793333333333056e-06
0.0011,0.0011030033333333327,-3.0033333333326275e-06
0.001145,0.0011522100000000014,-7.210000000001417e-06
0.001068,0.0010727900000000005,-4.79000000000061e-06
0.001104,0.0011063186666666657,-2.3186666666657335e-06
0.001149,0.001154623333333334,-5.623333333333981e-06
0.001072,0.0010756006666666693,-3.600666666669222e-06
0.001108,0.0011104666666666672,-2.4666666666671964e-06
0.001153,0.0011586366666666702,-5.636666666670271e-06
0.001076,0.0010725750000000023,3.4249999999976573e-06
0.001112,0.0011060720000000003,5.927999999999663e-06
0.001157,0.001153076666666668,3.923333333331934e-06
0.00108,0.0010784366666666688,1.5633333333312047e-06
0.001116,0.001112026666666668,3.973333333332071e-06
0.001161,0.001169953333333336,-8.953333333336106e-06
0.001083,0.00108437666666667,-1.3766666666699835e-06
0.00112,0.0011178433333333363,2.1566666666636165e-06
0.001165,0.0011726333333333375,-7.63333333333744e-06
0.001087,0.0010861133333333348,8.866666666653041e-07
0.001124,0.0011180633333333354,5.9366666666645865e-06
0.00117,0.001180370666666672,-1.0370666666671951e-05
0.001091,0.0010897133333333368,1.2866666666631454e-06
0.001128,0.0011202433333333363,7.756666666663753e-06
0.001174,0.0011731933333333367,8.066666666631771e-07
0.001095,0.0010947833333333358,2.1666666666429572e-07
0.001132,0.0011281833333333352,3.816666666664817e-06
0.001178,0.0011712900000000026,6.709999999997447e-06
0.001099,0.0011009933333333381,-1.993333333338192e-06
0.001136,0.0011374633333333301,-1.4633333333300639e-06
0.001182,0.0011817900000000048,2.099999999952834e-07
0.001103,0.0011034533333333352,-4.533333333351947e-07
0.00114,0.0011380133333333336,1.9866666666663608e-06
0.001186,0.0011760766666666673,9.92333333333273e-06
0.001107,0.0011083166666666655,-1.3166666666655693e-06
0.001144,0.0011425899999999978,1.4100000000022515e-06
0.001191,0.001180833333333335,1.0166666666665053e-05
0.001111,0.0011096000000000005,1.399999999999492e-06
0.001148,0.0011454833333333293,2.516666666670586e-06
0.001195,0.001187303333333334,7.69666666666606e-06
0.001115,0.0011098966666666648,5.103333333335335e-06
0.001152,0.0011529533333333318,-9.533333333317916e-07
0.001199,0.0011851733333333335,1.3826666666666518e-05
0.001119,0.001116126666666665,2.8733333333349174e-06
0.001156,0.0011507866666666652,5.213333333334682e-06
0.001203,0.001185786666666665,1.7213333333334973e-05
0.001123,0.0011188866666666665,4.113333333333625e-06
0.00116,0.0011541833333333306,5.816666666669419e-06
0.001208,0.0011895266666666683,1.8473333333331827e-05
0.001127,0.0011221066666666669,4.8933333333331126e-06
0.001164,0.0011571199999999995,6.8800000000005575e-06
0.001212,0.001193623333333333,1.8376666666667036e-05
0.001131,0.0011269333333333304,4.066666666669621e-06
0.001168,0.0011635033333333314,4.496666666668585e-06
0.001216,0.0012063099999999995,9.690000000000566e-06
0.001135,0.0011285366666666649,6.463333333335064e-06
0.001173,0.0011624366666666685,1.0563333333331532e-05
0.001221,0.0012030833333333307,1.7916666666669334e-05
0.001139,0.0011293433333333315,9.656666666668515e-06
0.001177,0.0011599366666666686,1.7063333333331527e-05
0.001225,0.001196339999999998,2.8660000000001965e-05
0.001143,0.0011316533333333325,1.1346666666667369e-05
0.001181,0.0011625100000000022,1.8489999999997744e-05
0.00123,0.0011982033333333315,3.1796666666668435e-05
0.001147,0.0011398533333333361,7.146666666663906e-06
0.001185,0.0011747133333333299,1.0286666666670195e-05
0.001234,0.001217286666666668,1.6713333333332088e-05
0.001151,0.0011447533333333365,6.246666666663396e-06
0.001189,0.0011782066666666654,1.0793333333334503e-05
0.001238,0.0012166533333333358,2.1346666666664143e-05
0.001155,0.001149826666666671,5.1733333333290644e-06
0.001193,0.0011843899999999996,8.610000000000475e-06
0.001243,0.0012265000000000008,1.6499999999999154e-05
0.001159,0.0011561433333333337,2.856666666666398e-06
0.001197,0.0011928533333333343,4.146666666665676e-06
0.001247,0.001237713333333331,9.286666666668978e-06
0.001164,0.0011590600000000021,4.939999999997984e-06
0.001201,0.0011983233333333334,2.6766666666666e-06
0.001251,0.0012432633333333304,7.73666666666951e-06
0.001168,0.0011583266666666664,9.673333333333565e-06
0.001206,0.0011935933333333355,1.2406666666664543e-05
0.001256,0.001236400333333333,1.9599666666666885e-05
0.001171,0.0011635100000000008,7.489999999999103e-06
0.00121,0.0011985966666666664,1.1403333333333482e-05
0.00126,0.0012380533333333319,2.194666666666817e-05
0.001176,0.0011710699999999995,4.930000000000429e-06
0.001214,0.0012078699999999974,6.130000000002626e-06
0.001264,0.0012518273333333345,1.2172666666665412e-05
0.00118,0.0011734833333333357,6.516666666664395e-06
0.001218,0.0012109633333333317,7.036666666668245e-06
0.001269,0.0012553933333333306,1.3606666666669343e-05
0.001184,0.0011786433333333345,5.356666666665429e-06
0.001222,0.0012150833333333332,6.91666666666679e-06
0.001273,0.0012628633333333348,1.013666666666523e-05
0.001188,0.0011824300000000038,5.569999999996194e-06
0.001226,0.0012176766666666657,8.323333333334427e-06
0.001278,0.0012577106666666685,2.028933333333158e-05
0.001192,0.0011807800000000032,1.1219999999996684e-05
0.001231,0.0012155933333333356,1.5406666666664508e-05
0.001283,0.0012508306666666681,3.2169333333331935e-05
0.001197,0.0011887366666666719,8.26333333332806e-06
0.001235,0.0012266733333333299,8.326666666670125e-06
0.001287,0.0012742066666666647,1.2793333333335202e-05
0.001201,0.0011955366666666705,5.463333333329511e-06
0.001239,0.0012333733333333324,5.626666666667729e-06
0.001292,0.001280916666666664,1.1083333333336033e-05
0.001205,0.0011953400000000035,9.659999999996408e-06
0.001244,0.0012313799999999955,1.2620000000004633e-05
0.001297,0.0012813233333333343,1.5676666666665723e-05
0.00121,0.0011960433333333368,1.3956666666663144e-05
0.001249,0.0012312533333333291,1.7746666666670777e-05
0.001302,0.001280103333333334,2.189666666666608e-05
0.001215,0.0012002700000000035,1.4729999999996439e-05
0.001253,0.0012363166666666634,1.6683333333336603e-05
0.001307,0.0012839933333333323,2.3006666666667728e-05
0.001219,0.0012179633333333343,1.0366666666657143e-06
0.001258,0.0012564033333333346,1.5966666666654243e-06
0.001312,0.0013087733333333378,3.2266666666622493e-06
0.001224,0.0012157100000000011,8.289999999998906e-06
0.001263,0.0012522999999999983,1.0700000000001724e-05
0.001317,0.0013016499999999969,1.5350000000003165e-05
0.001229,0.001220513333333337,8.486666666663104e-06
0.001268,0.0012581766666666676,9.823333333332457e-06
0.001322,0.0013010753333333367,2.0924666666663353e-05
0.001234,0.001227866666666662,6.133333333338108e-06
0.001273,0.0012644466666666657,8.553333333334362e-06
0.001328,0.0013125066666666617,1.549333333333825e-05
0.001239,0.0012291900000000033,9.809999999996818e-06
0.001278,0.0012630433333333346,1.4956666666665445e-05
0.001333,0.0013053929999999978,2.760700000000219e-05
0.001244,0.0012261366666666627,1.78633333333374e-05
0.001283,0.001257223333333334,2.5776666666666023e-05
0.001339,0.0012797436666666649,5.9256333333335045e-05
0.001249,0.0012370966666666676,1.1903333333332248e-05
0.001288,0.0012689133333333303,1.9086666666669758e-05
0.001344,0.0012981673333333334,4.5832666666666523e-05
0.001254,0.0012468033333333359,7.1966666666640425e-06
0.001293,0.0012849133333333333,8.08666666666678e-06
0.00135,0.0013294099999999998,2.0590000000000235e-05
0.001259,0.001248103333333331,1.0896666666668957e-05
0.001299,0.0012842899999999965,1.4710000000003496e-05
0.001355,0.0013265900000000014,2.840999999999868e-05
0.001265,0.0012551966666666642,9.803333333335829e-06
0.001304,0.0012909566666666629,1.3043333333337187e-05
0.001361,0.0013329633333333353,2.8036666666664744e-05
0.00127,0.0012630200000000003,6.979999999999747e-06
0.00131,0.001302133333333339,7.866666666660931e-06
0.001367,0.0013528533333333362,1.414666666666375e-05
0.001276,0.0012699033333333286,6.096666666671443e-06
0.001315,0.001308233333333332,6.766666666667897e-06
0.001373,0.0013608199999999996,1.2180000000000524e-05
0.001281,0.0012783733333333316,2.6266666666684146e-06
0.001321,0.0013190733333333338,1.9266666666660666e-06
0.001378,0.001372686666666669,5.313333333331052e-06
0.001287,0.0012754133333333327,1.1586666666667245e-05
0.001326,0.0013112400000000047,1.4759999999995176e-05
0.001384,0.0013607500000000008,2.3249999999999183e-05
0.001292,0.001286366666666664,5.633333333335874e-06
0.001331,0.0013261733333333294,4.826666666670528e-06
0.00139,0.0013742400000000007,1.5759999999999212e-05
0.001297,0.0012902166666666694,6.783333333330562e-06
0.001337,0.0013304600000000023,6.539999999997806e-06
0.001396,0.0013826266666666673,1.3373333333332842e-05
0.001302,0.001288413333333331,1.3586666666669028e-05
0.001343,0.0013278233333333285,1.5176666666671512e-05
0.001402,0.0013774133333333356,2.4586666666664416e-05
0.001308,0.0013013366666666684,6.663333333331491e-06
0.001348,0.0013417066666666626,6.293333333337375e-06
0.001407,0.001395086666666666,1.191333333333414e-05
0.001313,0.0013061533333333316,6.8466666666682895e-06
0.001353,0.0013484933333333337,4.506666666666357e-06
0.001413,0.001400566666666665,1.2433333333334955e-05
0.001318,0.0013078600000000036,1.0139999999996376e-05
0.001359,0.0013459533333333314,1.3046666666668549e-05
0.001419,0.0013987266666666623,2.0273333333337617e-05
0.001323,0.0013146699999999978,8.330000000002138e-06
0.001363,0.0013558800000000005,7.119999999999566e-06
0.001424,0.0014085233333333326,1.5476666666667345e-05
0.001328,0.0013223433333333318,5.656666666668201e-06
0.001369,0.0013626099999999987,6.390000000001299e-06
0.00143,0.0014195433333333326,1.045666666666745e-05
0.001333,0.00132911,3.889999999999883e-06
0.001374,0.0013686900000000047,5.309999999995353e-06
0.001435,0.0014268099999999997,8.190000000000367e-06
0.001338,0.0013279066666666605,1.0093333333339527e-05
0.001379,0.001367089999999998,1.191000000000191e-05
0.001441,0.0014194600000000002,2.1539999999999797e-05
0.001343,0.0013382433333333356,4.756666666664439e-06
0.001385,0.0013780666666666692,6.933333333330755e-06
0.001447,0.0014378200000000059,9.179999999994054e-06
0.001348,0.001343716666666663,4.283333333336952e-06
0.00139,0.001385860000000003,4.1399999999968806e-06
0.001452,0.00144601333333333,5.9866666666699275e-06
0.001353,0.0013456166666666685,7.383333333331552e-06
0.001395,0.001385976666666668,9.023333333332004e-06
0.001458,0.0014400533333333344,1.7946666666665686e-05
0.001358,0.0013503566666666653,7.643333333334779e-06
0.001401,0.0013927200000000014,8.279999999998532e-06
0.001463,0.0014464900000000001,1.6509999999999962e-05
0.001363,0.0013610833333333342,1.916666666665909e-06
0.001406,0.0014038500000000003,2.1499999999995915e-06
0.001469,0.001461116666666664,7.883333333335955e-06
0.001368,0.001367226666666663,7.733333333369806e-07
0.001411,0.0014097300000000023,1.2699999999976619e-06
0.001475,0.001468326666666664,6.673333333335986e-06
0.001374,0.0013545666666666663,1.9433333333333715e-05
0.001417,0.001404626666666664,1.2373333333336178e-05
0.00148,0.0014468266666666663,3.317333333333365e-05
0.001379,0.0013756066666666628,3.3933333333372503e-06
0.001422,0.0014172366666666703,4.763333333329765e-06
0.001486,0.0014755933333333309,1.0406666666669048e-05
0.001384,0.0013799866666666684,4.013333333331617e-06
0.001427,0.0014222866666666644,4.7133333333356994e-06
0.001492,0.001482586666666663,9.41333333333706e-06
0.00139,0.0013791899999999993,1.0810000000000637e-05
0.001433,0.00142095666666667,1.2043333333330115e-05
0.001498,0.0014747666666666617,2.3233333333338253e-05
0.001395,0.0013751800000000004,1.9819999999999604e-05
0.001438,0.0014162933333333378,2.170666666666222e-05
0.001504,0.0014604533333333282,4.354666666667173e-05
0.0014,0.0013786900000000027,2.130999999999726e-05
0.001444,0.001417253333333337,2.6746666666662864e-05
0.001509,0.0014618533333333272,4.7146666666672684e-05
0.001406,0.001399026666666672,6.973333333327916e-06
0.00145,0.001441360000000002,8.639999999997912e-06
0.001515,0.0015005233333333298,1.4476666666670248e-05
0.001412,0.0013980800000000034,1.3919999999996695e-05
0.001456,0.001439926666666671,1.607333333332895e-05
0.001521,0.0014954833333333257,2.551666666667429e-05
0.001417,0.0014080933333333401,8.906666666659959e-06
0.001462,0.0014513933333333367,1.0606666666663307e-05
0.001528,0.0015075599999999961,2.0440000000003945e-05
0.001423,0.0014142333333333403,8.766666666659706e-06
0.001468,0.0014521699999999963,1.5830000000003567e-05
0.001534,0.0015070133333333327,2.6986666666667294e-05
0.001429,0.0014129833333333375,1.6016666666662403e-05
0.001474,0.001457070000000001,1.6929999999998986e-05
0.001541,0.0015102566666666674,3.0743333333332684e-05
0.001435,0.001417650000000006,1.7349999999994106e-05
0.00148,0.0014537733333333269,2.6226666666673108e-05
0.001547,0.0015113633333333346,3.563666666666536e-05
0.001442,0.0014202266666666714,2.1773333333328492e-05
0.001486,0.0014594399999999993,2.656000000000056e-05
0.001554,0.0015118933333333386,4.2106666666661416e-05
0.001448,0.0014430200000000019,4.97999999999818e-06
0.001493,0.0014777933333333286,1.5206666666671333e-05
0.00156,0.001539143333333333,2.0856666666667053e-05
0.001454,0.0014231366666666678,3.086333333333219e-05
0.0015,0.001458560000000002,4.143999999999806e-05
0.001567,0.0015116733333333365,5.532666666666357e-05
0.001461,0.0014281166666666701,3.288333333332995e-05
0.001506,0.0014618099999999996,4.4190000000000375e-05
0.001574,0.001505879999999998,6.812000000000202e-05
0.001468,0.0014420300000000026,2.596999999999734e-05
0.001513,0.0014756333333333321,3.736666666666788e-05
0.001581,0.001516233333333331,6.476666666666887e-05
0.001474,0.0014525033333333316,2.1496666666668456e-05
0.00152,0.0014846999999999968,3.53000000000033e-05
0.001588,0.0015254333333333309,6.256666666666915e-05
0.001481,0.001466853333333331,1.4146666666668955e-05
0.001527,0.0015073199999999965,1.968000000000347e-05
0.001595,0.0015490633333333306,4.593666666666946e-05
0.001488,0.0014735766666666712,1.4423333333328774e-05
0.001534,0.0015227300000000017,1.1269999999998339e-05
0.001602,0.0015732100000000024,2.8789999999997507e-05
0.001495,0.0014632166666666653,3.178333333333475e-05
0.001541,0.0014994366666666622,4.1563333333337815e-05
0.00161,0.0015487899999999972,6.121000000000295e-05
0.001502,0.0014776533333333392,2.4346666666660854e-05
0.001548,0.0015121999999999983,3.580000000000163e-05
0.001617,0.0015502900000000006,6.670999999999934e-05
0.00151,0.0014724333333333338,3.756666666666626e-05
0.001555,0.0015071699999999956,4.7830000000004345e-05
0.001624,0.0015551999999999986,6.880000000000146e-05
0.001517,0.0014782533333333378,3.874666666666207e-05
0.001563,0.0015063933333333284,5.660666666667158e-05
0.001632,0.0015563433333333318,7.565666666666817e-05
0.001525,0.0015002933333333299,2.470666666667021e-05
0.00157,0.0015258533333333325,4.4146666666667516e-05
0.00164,0.0015773366666666671,6.266333333333285e-05
0.001532,0.0015277033333333306,4.296666666669339e-06
0.001578,0.0015595700000000036,1.8429999999996366e-05
0.001648,0.0016073733333333278,4.062666666667216e-05
0.00154,0.0015088499999999943,3.115000000000561e-05
0.001585,0.0015309900000000049,5.400999999999518e-05
0.001656,0.001584449999999998,7.155000000000182e-05
0.001548,0.0014975966666666634,5.040333333333649e-05
0.001593,0.0015213400000000004,7.165999999999965e-05
0.001664,0.001547919999999998,0.00011608000000000191
0.001556,0.001490393333333332,6.5606666666668e-05
0.001601,0.001505723333333333,9.527666666666701e-05
0.001672,0.0015255933333333338,0.00014640666666666628
0.001564,0.0015210000000000013,4.299999999999877e-05
0.001609,0.0015316633333333325,7.733666666666751e-05
0.00168,0.0015764700000000045,0.00010352999999999556
0.001572,0.0015394633333333382,3.253666666666187e-05
0.001617,0.001575470000000006,4.1529999999994054e-05
0.001688,0.0016289133333333367,5.908666666666336e-05
0.00158,0.0015419666666666714,3.803333333332864e-05
0.001625,0.001561533333333335,6.346666666666488e-05
0.001697,0.0015919133333333383,0.00010508666666666166
0.001589,0.001543003333333335,4.5996666666664986e-05
0.001634,0.001558856666666663,7.514333333333702e-05
0.001705,0.0015939966666666668,0.00011100333333333308
0.001598,0.0015569433333333389,4.105666666666115e-05
0.001642,0.0015843200000000058,5.76799999999942e-05
0.001714,0.0016176966666666683,9.63033333333317e-05
0.001607,0.0015546433333333328,5.2356666666667113e-05
0.001651,0.0015668899999999953,8.411000000000464e-05
0.001723,0.0015973299999999999,0.00012567000000000004
0.001616,0.0015670733333333366,4.8926666666663414e-05
0.00166,0.001575790000000002,8.420999999999798e-05
0.001732,0.0015668533333333308,0.00016514666666666926
0.001625,0.0015987600000000046,2.6239999999995304e-05
0.001669,0.0016081033333333332,6.08966666666667e-05
0.001741,0.0016284900000000028,0.00011250999999999709
0.001634,0.0016114433333333296,2.25566666666704e-05
0.001678,0.0016335933333333286,4.440666666667139e-05
0.001751,0.0015594199999999982,0.00019158000000000174
0.001644,0.001618983333333335,2.5016666666665115e-05
0.001687,0.0016441900000000041,4.280999999999578e-05
0.00176,0.0015740333333333313,0.00018596666666666878
0.001654,0.0016405800000000004,1.3419999999999665e-05
0.001697,0.0016674033333333334,2.959666666666654e-05
0.00177,0.0014628533333333328,0.0003071466666666673
0.001664,0.0016555466666666671,8.453333333332787e-06
0.001706,0.001683006666666668,2.299333333333209e-05
0.00178,0.001462376666666667,0.0003176233333333329
0.001674,0.001659693333333333,1.430666666666692e-05
0.001716,0.0016936699999999982,2.2330000000001828e-05
0.00179,0.0016361900000000007,0.00015380999999999923
0.001684,0.001671513333333334,1.248666666666602e-05
0.001727,0.001704716666666668,2.228333333333197e-05
0.0018,0.0016330433333333343,0.00016695666666666567
0.001695,0.0016886700000000037,6.3299999999962345e-06
0.001737,0.0017243266666666665,1.267333333333353e-05
0.001811,0.0016331766666666705,0.00017782333333332939
0.001706,0.0016995666666666672,6.433333333332857e-06
0.001748,0.0017354133333333291,1.2586666666670847e-05
0.001821,0.0016432000000000007,0.00017779999999999923
0.001717,0.0017159500000000006,1.0499999999994021e-06
0.001759,0.0017453099999999969,1.3690000000003049e-05
0.001832,0.0016420066666666664,0.00018999333333333365
0.001729,0.0017277366666666664,1.263333333333637e-06
0.00177,0.0017661733333333303,3.826666666669745e-06
0.001844,0.0016766766666666654,0.0001673233333333345
0.001741,0.0017381633333333328,2.8366666666671675e-06
0.001781,0.001750633333333334,3.0366666666666086e-05
0.001855,0.0017748533333333371,8.014666666666297e-05
0.001753,0.0017411499999999988,1.1850000000001183e-05
0.001793,0.0017659599999999987,2.7040000000001395e-05
0.001867,0.001753023333333335,0.00011397666666666502
0.001766,0.0017513266666666616,1.4673333333338348e-05
0.001805,0.0017746300000000023,3.0369999999997664e-05
0.001879,0.001767003333333332,0.00011199666666666811
0.001779,0.0017801133333333345,-1.1133333333345277e-06
0.001817,0.0018019133333333334,1.5086666666666625e-05
0.001891,0.0017966066666666714,9.439333333332873e-05
0.001792,0.0017952599999999982,-3.2599999999982036e-06
0.00183,0.0018154366666666719,1.456333333332816e-05
0.001904,0.0018388833333333294,6.51166666666707e-05
0.001805,0.0018144066666666702,-9.406666666670217e-06
0.001842,0.0018407966666666676,1.2033333333324753e-06
0.001916,0.0018404966666666696,7.550333333333032e-05
0.001819,0.001800579999999996,1.8420000000004015e-05
0.001856,0.0018321166666666684,2.3883333333331574e-05
0.001929,0.0018407566666666637,8.82433333333362e-05
0.001834,0.0018392699999999962,-5.269999999996241e-06
0.001869,0.0018561466666666693,1.2853333333330726e-05
0.001943,0.0018768533333333318,6.614666666666827e-05
0.001848,0.001853779999999996,-5.779999999996031e-06
0.001883,0.00189452,-1.1520000000000107e-05
0.001956,0.0019290166666666635,2.6983333333336365e-05
0.001864,0.0018277666666666665,3.623333333333347e-05
0.001897,0.0018614800000000013,3.551999999999874e-05
0.001971,0.001850509999999999,0.00012049000000000109
0.00188,0.0018485799999999933,3.142000000000661e-05
0.001913,0.0018760099999999987,3.6990000000001284e-05
0.001985,0.0018938733333333298,9.112666666666997e-05
0.001897,0.0018824800000000023,1.4519999999997686e-05
0.001928,0.0019091299999999985,1.887000000000156e-05
0.002001,0.0019257199999999988,7.528000000000135e-05
0.001914,0.001872359999999998,4.164000000000186e-05
0.001945,0.0019065300000000026,3.8469999999997265e-05
0.002017,0.00188883333333333,0.0001281666666666701
0.001933,0.0018925800000000005,4.041999999999956e-05
0.001962,0.0019229399999999973,3.906000000000287e-05
0.002033,0.0019007000000000008,0.00013229999999999926
0.001952,0.0019355100000000018,1.648999999999813e-05
0.00198,0.002003266666666665,-2.32666666666651e-05
0.002051,0.0019659999999999973,8.500000000000261e-05
0.001973,0.0019512399999999993,2.176000000000066e-05
0.001999,0.0019605066666666636,3.8493333333336315e-05
0.002069,0.001958916666666669,0.00011008333333333096
0.001995,0.0019784733333333315,1.6526666666668265e-05
0.002019,0.0019832299999999986,3.5770000000001374e-05
0.002088,0.001995083333333333,9.291666666666693e-05
0.002019,0.0019951000000000023,2.3899999999997708e-05
0.002041,0.002033753333333329,7.246666666670901e-06
0.002108,0.0019847166666666625,0.00012328333333333757
0.002044,0.002009230000000002,3.476999999999777e-05
0.002064,0.0020608299999999957,3.170000000004159e-06
0.00213,0.001955183333333331,0.00017481666666666886
0.002072,0.002044893333333336,2.710666666666398e-05
0.002088,0.0021000333333333274,-1.2033333333327356e-05
0.002154,0.0020481000000000023,0.00010589999999999775
0.002102,0.002086089999999998,1.5910000000002224e-05
0.002115,0.0021354433333333313,-2.0443333333331187e-05
0.002179,0.0020420933333333362,0.00013690666666666372
0.002135,0.0021134533333333366,2.1546666666663605e-05
0.002144,0.0021508166666666623,-6.816666666662179e-06
0.002206,0.0020810200000000024,0.00012497999999999763
0.002171,0.00216542666666667,5.573333333330158e-06
0.002176,0.0022243466666666697,-4.834666666666968e-05
0.002236,0.002101930000000001,0.00013406999999999916
0.00221,0.0022221399999999996,-1.213999999999946e-05
0.00221,0.0022161433333333343,-6.143333333334146e-06
0.002269,0.002182609999999998,8.639000000000216e-05
0.002253,0.0022402900000000046,1.2709999999995208e-05
0.002248,0.002268766666666665,-2.0766666666665202e-05
0.002304,0.002169323333333335,0.00013467666666666525
0.002299,0.0023155966666666607,-1.659666666666091e-05
0.002288,0.0022706300000000018,1.7369999999998324e-05
0.002342,0.0021936466666666672,0.00014835333333333266
0.00235,0.002281913333333336,6.80866666666639e-05
0.002332,0.0022510266666666665,8.09733333333334e-05
0.002383,0.0020866266666666675,0.0002963733333333327
0.002404,0.002379723333333338,2.4276666666661704e-05
0.002378,0.0023856066666666635,-7.606666666663559e-06
0.002428,0.0021535633333333356,0.00027443666666666445
0.00246,0.0024253433333333314,3.465666666666858e-05
0.002428,0.00239083,3.717e-05
0.002475,0.002289623333333332,0.00018537666666666817
0.002519,0.0024850800000000024,3.3919999999997615e-05
0.002479,0.0024686666666666624,1.0333333333337451e-05
0.002525,0.0022784566666666714,0.0002465433333333285
0.002579,0.0026045866666666627,-2.5586666666662598e-05
0.002531,0.0025855966666666662,-5.459666666666639e-05
0.002577,0.002363620000000004,0.00021337999999999566
0.002639,0.002614146666666664,2.4853333333335788e-05
0.002584,0.002572536666666662,1.1463333333338113e-05
0.002631,0.002314013333333338,0.000316986666666662
0.002699,0.002709999999999999,-1.0999999999998858e-05
0.002637,0.002644090000000008,-7.090000000007767e-06
0.002684,0.0023942200000000025,0.00028977999999999773
0.002757,0.0027624399999999967,-5.4399999999967495e-06
0.002689,0.0026857866666666723,3.213333333327694e-06
0.002738,0.0025303799999999966,0.0002076200000000034
0.002814,0.002749660000000004,6.433999999999607e-05
0.002739,0.0026422933333333405,9.67066666666596e-05
0.002791,0.0024775300000000043,0.0003134699999999958
0.002868,0.0028645333333333334,3.466666666666462e-06
0.002788,0.002837793333333337,-4.979333333333686e-05
0.002843,0.0024110533333333364,0.0004319466666666636
0.00292,0.0029592466666666637,-3.924666666666387e-05
0.002836,0.0028762633333333444,-4.026333333334445e-05
0.002894,0.0028459466666666726,4.8053333333327244e-05
0.002969,0.0029803900000000055,-1.1390000000005649e-05
0.002882,0.0029007333333333253,-1.8733333333325296e-05
0.002943,0.0028680333333333404,7.496666666665947e-05
0.003016,0.0029887066666666627,2.7293333333337343e-05
0.002926,0.0029367600000000083,-1.076000000000809e-05
0.00299,0.0027955566666666653,0.00019444333333333477
0.00306,0.003043473333333327,1.65266666666726e-05
0.002968,0.002983803333333332,-1.5803333333331854e-05
0.003035,0.0028835,0.00015149999999999973
0.0031,0.00311249333333332,-1.2493333333320287e-05
0.003006,0.00304020333333333,-3.420333333333013e-05
0.003077,0.0030561600000000074,2.0839999999992462e-05
0.003137,0.0031453566666666656,-8.35666666666561e-06
0.003042,0.003074259999999996,-3.22599999999962e-05
0.003116,0.0030311300000000047,8.486999999999514e-05
0.00317,0.003163669999999983,6.330000000017051e-06
0.003074,0.0030874333333333363,-1.3433333333336388e-05
0.003152,0.0030431433333333426,0.00010885666666665727
0.003199,0.003203449999999998,-4.4499999999978584e-06
0.003102,0.0031144199999999962,-1.2419999999996063e-05
0.003183,0.00317441000000001,8.589999999990185e-06
0.003223,0.003252399999999993,-2.93999999999928e-05
0.003126,0.003192730000000009,-6.67300000000092e-05
0.00321,0.0032324666666666726,-2.2466666666672453e-05
0.003241,0.0032580299999999942,-1.7029999999994272e-05
0.003145,0.0031996866666666774,-5.468666666667756e-05
0.00323,0.0032432966666666686,-1.3296666666668799e-05
0.003254,0.003257793333333344,-3.793333333344199e-06
0.00316,0.003171073333333329,-1.1073333333329154e-05
0.003246,0.0032478299999999893,-1.829999999989132e-06
0.003263,0.0032589099999999933,4.090000000006502e-06
0.003171,0.0031674266666666747,3.573333333325556e-06
0.003257,0.003246889999999997,1.0110000000002842e-05
0.003269,0.003263213333333328,5.786666666672199e-06
0.003179,0.0031739100000000024,5.089999999997527e-06
0.003263,0.003243496666666665,1.9503333333335034e-05
0.003271,0.003262666666666663,8.333333333337186e-06
0.003185,0.0031742966666666616,1.070333333333829e-05
0.003267,0.003238416666666665,2.8583333333334886e-05
0.003271,0.0032718166666666766,-8.166666666765618e-07
0.003189,0.003192933333333331,-3.933333333330791e-06
0.003268,0.0032659766666666788,2.023333333321317e-06
0.003271,0.0032627633333333467,8.236666666653313e-06
0.003192,0.003190489999999997,1.5100000000031755e-06
0.003269,0.003257513333333343,1.1486666666656997e-05
0.003272,0.0032655700000000006,6.429999999999544e-06
0.003197,0.003192616666666653,4.3833333333472e-06
0.003271,0.0032559899999999994,1.501000000000063e-05
0.003274,0.0032685466666666696,5.453333333330437e-06
0.003203,0.003198036666666663,4.9633333333372505e-06
0.003274,0.0032452366666666727,2.8763333333327312e-05
0.00328,0.0032730800000000055,6.919999999994465e-06
0.003211,0.0031997099999999962,1.1290000000003641e-05
0.003279,0.0032680766666666745,1.0923333333325274e-05
0.003287,0.0032720066666666603,1.49933333333397e-05
0.00322,0.0031969066666666596,2.3093333333340602e-05
0.003287,0.0032581666666666683,2.8833333333331667e-05
0.003296,0.0032788799999999953,1.712000000000458e-05
0.003231,0.0032078799999999937,2.3120000000006243e-05
0.003295,0.003254370000000004,4.0629999999996363e-05
0.003308,0.003293673333333326,1.4326666666674391e-05
0.003242,0.0032156300000000027,2.636999999999735e-05
0.003306,0.003264693333333349,4.130666666665077e-05
0.00332,0.003312453333333328,7.5466666666721555e-06
0.003254,0.0032521166666666605,1.8833333333394958e-06
0.003317,0.0032930800000000055,2.3919999999994553e-05
0.003332,0.0033269299999999966,5.070000000003284e-06
0.003265,0.0032528400000000016,1.2159999999998474e-05
0.003327,0.0033007600000000067,2.6239999999993352e-05
0.003345,0.0033425200000000016,2.479999999998282e-06
0.003276,0.0032651733333333433,1.082666666665658e-05
0.003338,0.0033024733333333386,3.5526666666661245e-05
0.003357,0.003354533333333333,2.4666666666671964e-06
0.003286,0.0032785899999999914,7.410000000008469e-06
0.003348,0.003335059999999987,1.2940000000012924e-05
0.003369,0.0033649600000000015,4.039999999998559e-06
0.003296,0.0032822400000000096,1.3759999999990273e-05
0.003358,0.003340610000000006,1.738999999999387e-05
0.003381,0.0033831333333333193,-2.133333333319363e-06
0.003305,0.003294983333333334,1.001666666666616e-05
0.003368,0.0033523833333333336,1.5616666666666296e-05
0.003393,0.0033929533333333334,4.66666666668232e-08
0.003313,0.0033072133333333404,5.786666666659623e-06
0.003376,0.0033662300000000117,9.769999999988382e-06
0.003403,0.0034023366666666574,6.63333333342838e-07
0.003321,0.0033108366666666634,1.0163333333336726e-05
0.003383,0.003369963333333342,1.30366666666582e-05
0.003413,0.0034154200000000015,-2.4200000000016743e-06
0.003327,0.0033238266666666696,3.1733333333305337e-06
0.00339,0.00338343000000001,6.569999999989605e-06
0.003421,0.003421736666666661,-7.366666666609907e-07
0.003332,0.003327996666666664,4.003333333336013e-06
0.003394,0.0033864299999999997,7.570000000000146e-06
0.003428,0.0034284066666666634,-4.066666666633842e-07
0.003336,0.0033326566666666544,3.3433333333455703e-06
0.003397,0.003391379999999998,5.620000000001752e-06
0.003432,0.0034300599999999917,1.940000000008428e-06
0.003338,0.0033356299999999918,2.3700000000080428e-06
0.003398,0.00338706999999999,1.0930000000010116e-05
0.003435,0.0034308933333333253,4.106666666674804e-06
0.003338,0.003335826666666666,2.1733333333338704e-06
0.003396,0.0033894366666666616,6.5633333333385904e-06
0.003435,0.0034318400000000002,3.1599999999998817e-06
0.003336,0.003333039999999986,2.96000000001408e-06
0.003392,0.0033903966666666693,1.6033333333307503e-06
0.003433,0.0034306233333333256,2.376666666674236e-06
0.003331,0.0033333233333333345,-2.3233333333342807e-06
0.003387,0.0033908933333333313,-3.893333333331462e-06
0.003428,0.003428236666666666,-2.366666666661285e-07
0.003325,0.0033313433333333206,-6.343333333320815e-06
0.00338,0.003389343333333331,-9.343333333330754e-06
0.00342,0.003422369999999994,-2.369999999994165e-06
0.003315,0.0033268366666666656,-1.183666666666576e-05
0.003369,0.0033851166666666738,-1.6116666666673735e-05
0.003408,0.0034064633333333256,1.5366666666744543e-06
0.003303,0.0033122366666666616,-9.236666666661685e-06
0.003356,0.003370203333333331,-1.4203333333330948e-05
0.003393,0.003397963333333329,-4.9633333333290106e-06
0.003287,0.0033042466666666657,-1.7246666666665723e-05
0.00334,0.0033614900000000112,-2.1490000000011153e-05
0.003373,0.0033784933333333225,-5.4933333333223935e-06
0.003268,0.0032912966666666698,-2.3296666666669692e-05
0.00332,0.0033488700000000025,-2.8870000000002453e-05
0.00335,0.003359806666666666,-9.806666666665673e-06
0.003245,0.0032775033333333316,-3.2503333333331556e-05
0.003297,0.003336343333333329,-3.93433333333291e-05
0.003321,0.00333834333333333,-1.7343333333329648e-05
0.003218,0.0032588300000000025,-4.083000000000255e-05
0.003271,0.0033144733333333298,-4.3473333333329724e-05
0.003288,0.003306886666666662,-1.8886666666662055e-05
0.003187,0.003225976666666668,-3.8976666666667645e-05
0.003241,0.0032882066666666764,-4.720666666667645e-05
0.00325,0.003274343333333336,-2.4343333333336215e-05
0.003153,0.003202983333333327,-4.998333333332706e-05
0.003207,0.003269253333333346,-6.22533333333457e-05
0.003208,0.0031649033333333264,4.3096666666673535e-05
0.003114,0.0031145033333333256,-5.033333333255736e-07
0.00317,0.0030099966666666754,0.00016000333333332463
0.003161,0.0031595866666666644,1.4133333333357818e-06
0.003072,0.003155246666666666,-8.324666666666581e-05
0.003129,0.003023763333333333,0.00010523666666666662
0.00311,0.003066676666666668,4.3323333333331916e-05
0.003026,0.0030017866666666652,2.4213333333334818e-05
0.003085,0.002708479999999998,0.00037652000000000215
0.003055,0.0030559599999999995,-9.59999999999503e-07
0.002976,0.003024439999999998,-4.843999999999812e-05
0.003038,0.002886929999999998,0.00015107000000000185
0.002997,0.003028403333333338,-3.140333333333809e-05
0.002924,0.003025289999999995,-0.0001012899999999952
0.002988,0.0028314000000000004,0.0001565999999999998
0.002936,0.0029125566666666682,2.3443333333331585e-05
0.002871,0.002875506666666669,-4.506666666668959e-06
0.002937,0.002696959999999999,0.00024004000000000083
0.002874,0.0027781833333333306,9.581666666666922e-05
0.002815,0.0027149133333333355,0.00010008666666666425
0.002886,0.002642810000000003,0.0002431899999999973
0.002811,0.0026694299999999982,0.00014157000000000189
0.002759,0.002674559999999998,8.444000000000203e-05
0.002833,0.0025553366666666664,0.00027766333333333363
0.002747,0.002613853333333331,0.0001331466666666687
0.002703,0.0026449133333333315,5.8086666666668646e-05
0.002778,0.0024721133333333372,0.00030588666666666285
0.002684,0.0025216099999999975,0.0001623900000000027
0.002647,0.0025657266666666632,8.127333333333682e-05
0.002722,0.0023846300000000013,0.00033736999999999873
0.002622,0.0024305099999999977,0.0001914900000000025
0.002592,0.0024553599999999984,0.00013664000000000167
0.002666,0.002330340000000002,0.00033565999999999804
0.002562,0.002334486666666667,0.0002275133333333331
0.002538,0.0023943500000000013,0.00014364999999999864
0.002611,0.002294146666666669,0.0003168533333333312
0.002503,0.002266143333333334,0.00023685666666666601
0.002487,0.0023261900000000036,0.00016080999999999648
0.002558,0.0022047466666666694,0.00035325333333333054
0.002445,0.002258476666666667,0.00018652333333333323
0.002437,0.0023057066666666653,0.00013129333333333467
0.002506,0.0022091166666666656,0.0002968833333333344
0.002388,0.002220143333333332,0.00016785666666666813
0.002387,0.0022921499999999984,9.485000000000136e-05
0.002457,0.0021443133333333354,0.00031268666666666453
0.002334,0.002109223333333334,0.0002247766666666662
0.002339,0.002174986666666664,0.00016401333333333594
0.002411,0.0019871233333333335,0.00042387666666666643
0.002283,0.002088690000000001,0.00019430999999999875
0.002293,0.0021616299999999986,0.0001313700000000013
0.002368,0.0019809066666666656,0.00038709333333333427
0.002236,0.002027173333333335,0.00020882666666666508
0.002251,0.002069399999999996,0.00018160000000000398
0.002326,0.0019485866666666659,0.0003774133333333341
0.002191,0.002102860000000001,8.81399999999987e-05
0.002211,0.002150863333333328,6.013666666667165e-05
0.002287,0.0021461366666666705,0.00014086333333332944
0.002149,0.0020516166666666763,9.738333333332355e-05
0.002173,0.002106696666666659,6.630333333334116e-05
0.002248,0.002082400000000001,0.00016559999999999882
0.002109,0.001986723333333335,0.00012227666666666517
0.002138,0.002083003333333331,5.4996666666669216e-05
0.002211,0.002066646666666671,0.00014435333333332866
0.002074,0.0019801266666666676,9.387333333333225e-05
0.002105,0.0020801933333333316,2.480666666666853e-05
0.002176,0.002175603333333337,3.966666666630099e-07
0.002041,0.0019761466666666657,6.485333333333416e-05
0.002074,0.002054083333333333,1.991666666666678e-05
0.002143,0.0021565866666666683,-1.3586666666668377e-05
0.002009,0.0019454566666666662,6.35433333333337e-05
0.002045,0.0020910133333333367,-4.601333333333676e-05
0.002112,0.002339143333333334,-0.000227143333333334
0.00198,0.0019009933333333318,7.900666666666822e-05
0.002018,0.002048483333333333,-3.0483333333333144e-05
0.002082,0.00237312,-0.00029111999999999975
0.00195,0.001885766666666662,6.423333333333784e-05
0.001991,0.0019674766666666647,2.3523333333335446e-05
0.002054,0.002140459999999998,-8.645999999999827e-05
0.001922,0.0018619966666666716,6.0003333333328484e-05
0.001965,0.0019383466666666696,2.665333333333052e-05
0.002027,0.002109383333333332,-8.238333333333197e-05
0.001896,0.0018598399999999985,3.616000000000144e-05
0.00194,0.0019321199999999962,7.880000000003943e-06
0.002001,0.002010809999999993,-9.809999999992915e-06
0.00187,0.001835593333333338,3.4406666666661825e-05
0.001916,0.0019218533333333358,-5.853333333335868e-06
0.001976,0.0020750499999999963,-9.904999999999636e-05
0.001846,0.001756649999999997,8.935000000000301e-05
0.001892,0.0018376933333333289,5.4306666666671145e-05
0.001952,0.001982773333333329,-3.0773333333329036e-05
0.001823,0.0017453333333333314,7.766666666666859e-05
0.00187,0.0018293433333333297,4.0656666666670244e-05
0.001929,0.0019831366666666628,-5.413666666666283e-05
0.001801,0.0017249233333333307,7.607666666666936e-05
0.001848,0.0018029366666666657,4.5063333333334376e-05
0.001907,0.001979653333333332,-7.265333333333185e-05
0.00178,0.00172387333333333,5.612666666666988e-05
0.001827,0.0017987666666666668,2.823333333333328e-05
0.001886,0.0019190599999999998,-3.305999999999969e-05
0.00176,0.0017432733333333365,1.6726666666663607e-05
0.001807,0.0017937400000000013,1.3259999999998663e-05
0.001865,0.0018492766666666656,1.572333333333428e-05
0.00174,0.0017250133333333254,1.4986666666674591e-05
0.001787,0.0017844599999999966,2.540000000003347e-06
0.001845,0.0018570333333333348,-1.2033333333334728e-05
0.001721,0.0017032733333333379,1.7726666666662222e-05
0.001768,0.001746719999999999,2.1280000000001124e-05
0.001825,0.0018037699999999923,2.123000000000771e-05
0.001703,0.0016937633333333265,9.236666666673611e-06
0.001749,0.001749473333333329,-4.733333333290044e-07
0.001806,0.0018141700000000058,-8.17000000000569e-06
0.001685,0.0016645533333333343,2.04466666666658e-05
0.001731,0.0016945866666666636,3.641333333333631e-05
0.001788,0.0017501999999999915,3.780000000000862e-05
0.001667,0.001641103333333332,2.589666666666813e-05
0.001713,0.001677109999999992,3.589000000000782e-05
0.00177,0.001747749999999992,2.2250000000008157e-05
0.00165,0.0016463533333333279,3.646666666672115e-06
0.001696,0.0016938033333333364,2.1966666666635958e-06
0.001752,0.0017592733333333355,-7.273333333335458e-06
0.001634,0.0016175633333333345,1.6436666666665547e-05
0.001679,0.0016657466666666644,1.3253333333335506e-05
0.001735,0.0017363800000000055,-1.3800000000054654e-06
0.001618,0.001609926666666667,8.073333333333092e-06
0.001662,0.0016509799999999937,1.1020000000006329e-05
0.001719,0.001712243333333326,6.756666666674028e-06
0.001602,0.0015950033333333366,6.996666666663279e-06
0.001646,0.001643593333333336,2.4066666666638665e-06
0.001702,0.0017348166666666684,-3.281666666666845e-05
0.001587,0.0015714833333333317,1.5516666666668408e-05
0.00163,0.0015992266666666607,3.077333333333923e-05
0.001687,0.0016760466666666622,1.0953333333337673e-05
0.001573,0.001548136666666666,2.4863333333333994e-05
0.001615,0.0015909366666666605,2.4063333333339395e-05
0.001672,0.0017153133333333282,-4.331333333332807e-05
0.001558,0.0015370733333333279,2.0926666666672058e-05
0.0016,0.0015897533333333264,1.0246666666673685e-05
0.001656,0.0017287966666666614,-7.279666666666152e-05
0.001544,0.0015286433333333274,1.535666666667261e-05
0.001586,0.0015726999999999935,1.3300000000006449e-05
0.001642,0.001668463333333328,-2.646333333332796e-05
0.00153,0.001533346666666666,-3.3466666666660903e-06
0.001571,0.0015760799999999938,-5.0799999999939e-06
0.001627,0.0016378533333333267,-1.0853333333326774e-05
0.001516,0.0015048799999999923,1.1120000000007686e-05
0.001557,0.0015493266666666617,7.673333333338287e-06
0.001613,0.001629163333333334,-1.6163333333333836e-05
0.001503,0.0014922433333333317,1.075666666666827e-05
0.001544,0.0015197899999999994,2.4210000000000637e-05
0.001599,0.0015743733333333267,2.4626666666673286e-05
0.00149,0.0014886966666666631,1.3033333333368688e-06
0.001531,0.0015371399999999941,-6.13999999999411e-06
0.001586,0.0016610733333333317,-7.50733333333318e-05
0.001477,0.0014706299999999973,6.370000000002719e-06
0.001518,0.001499586666666664,1.8413333333336087e-05
0.001573,0.001572939999999995,6.000000000506468e-08
0.001465,0.001463389999999999,1.6100000000008469e-06
0.001505,0.0014842466666666705,2.0753333333329562e-05
0.001561,0.0015428999999999955,1.8100000000004614e-05
0.001453,0.0014602966666666648,-7.29666666666475e-06
0.001493,0.0014935933333333309,-5.933333333308938e-07
0.001548,0.0015864933333333297,-3.849333333332981e-05
0.001441,0.0014402166666666633,7.833333333367044e-07
0.001481,0.0014743333333333325,6.666666666667407e-06
0.001536,0.0015894666666666655,-5.346666666666551e-05
0.00143,0.0014252500000000038,4.749999999996294e-06
0.001469,0.001463483333333337,5.516666666662961e-06
0.001525,0.0015466666666666604,-2.166666666666029e-05
0.001419,0.0014143600000000017,4.639999999998248e-06
0.001458,0.0014406366666666636,1.7363333333336468e-05
0.001513,0.0015059366666666687,7.063333333331284e-06
0.001408,0.0014046299999999985,3.3700000000014534e-06
0.001447,0.0014366833333333306,1.0316666666669366e-05
0.001502,0.0014900033333333357,1.1996666666664376e-05
0.001397,0.0014019266666666676,-4.926666666667549e-06
0.001436,0.0014131066666666658,2.28933333333342e-05
0.001491,0.0014680266666666668,2.2973333333333075e-05
0.001386,0.0013902533333333322,-4.253333333332143e-06
0.001426,0.0014065433333333337,1.945666666666626e-05
0.001481,0.001460526666666666,2.0473333333333827e-05
0.001376,0.001361893333333334,1.4106666666666157e-05
0.001415,0.0013981166666666679,1.6883333333332163e-05
0.001471,0.0014522633333333313,1.87366666666688e-05
0.001367,0.0013622566666666646,4.743333333335304e-06
0.001406,0.0013976900000000026,8.30999999999727e-06
0.001461,0.0014505166666666646,1.0483333333335476e-05
0.001357,0.0013527499999999996,4.250000000000347e-06
0.001396,0.001386759999999999,9.24000000000107e-06
0.001451,0.001433676666666667,1.732333333333302e-05
0.001348,0.0013450033333333312,2.9966666666688194e-06
0.001387,0.001376619999999998,1.038000000000189e-05
0.001442,0.001426126666666669,1.5873333333331005e-05
0.001339,0.0013344533333333323,4.546666666667637e-06
0.001378,0.0013807900000000035,-2.79000000000338e-06
0.001433,0.0014798133333333357,-4.681333333333569e-05
0.00133,0.0013271233333333279,2.876666666672134e-06
0.001369,0.001362093333333333,6.906666666667066e-06
0.001423,0.0014139033333333336,9.09666666666642e-06
0.001322,0.001315616666666664,6.383333333335973e-06
0.001361,0.0013542400000000003,6.759999999999752e-06
0.001415,0.0014056866666666658,9.313333333334185e-06
0.001314,0.0013113266666666646,2.6733333333354547e-06
0.001353,0.0013505799999999997,2.4200000000003732e-06
0.001407,0.0013994166666666669,7.583333333333183e-06
0.001306,0.0013008666666666675,5.133333333332555e-06
0.001345,0.001339736666666664,5.263333333336119e-06
0.001399,0.0014023600000000011,-3.360000000001079e-06
0.001298,0.0012909633333333256,7.036666666674317e-06
0.001337,0.0013334799999999987,3.52000000000143e-06
0.001392,0.0013872999999999978,4.7000000000022284e-06
0.001291,0.0012860999999999988,4.9000000000012575e-06
0.00133,0.0013281200000000001,1.879999999999894e-06
0.001384,0.0013892333333333357,-5.233333333335647e-06
0.001283,0.0012721766666666642,1.0823333333335843e-05
0.001323,0.0013180066666666705,4.993333333329483e-06
0.001377,0.0013702033333333307,6.796666666669237e-06
0.001276,0.0012686533333333297,7.3466666666703075e-06
0.001317,0.0013159766666666654,1.0233333333346285e-06
0.00137,0.0013580966666666648,1.1903333333335066e-05
0.00127,0.0012610833333333335,8.916666666666621e-06
0.00131,0.0013127033333333394,-2.7033333333393965e-06
0.001364,0.0013979333333333304,-3.3933333333330436e-05
0.001263,0.0012594466666666672,3.5533333333328306e-06
0.001304,0.0013088600000000002,-4.860000000000194e-06
0.001357,0.001381970333333328,-2.497033333332798e-05
0.001257,0.0012508666666666674,6.133333333332687e-06
0.001298,0.0012965566666666725,1.4433333333273637e-06
0.001351,0.0013441456666666652,6.854333333334824e-06
0.001252,0.0012436066666666689,8.393333333331192e-06
0.001293,0.001291813333333338,1.1866666666620045e-06
0.001345,0.0013490003333333342,-4.0003333333341225e-06
0.001246,0.0012209066666666656,2.5093333333334363e-05
0.001288,0.001276563333333332,1.1436666666668135e-05
0.00134,0.0012901936666666661,4.980633333333392e-05
0.001241,0.0012236133333333337,1.7386666666666193e-05
0.001283,0.0012733966666666667,9.60333333333333e-06
0.001334,0.001307101666666667,2.6898333333332967e-05
0.001236,0.001220396666666667,1.5603333333332825e-05
0.001278,0.001271396666666668,6.6033333333320645e-06
0.00133,0.0013020346666666692,2.7965333333330794e-05
0.00123,0.0012198533333333305,1.0146666666669508e-05
0.001273,0.0012672266666666646,5.773333333335476e-06
0.001325,0.0013070030000000017,1.799699999999833e-05
0.001225,0.0012100166666666702,1.4983333333329785e-05
0.001268,0.0012574199999999998,1.0580000000000268e-05
0.001321,0.0012786076666666684,4.239233333333146e-05
0.001221,0.0012126099999999974,8.390000000002649e-06
0.001264,0.001257600000000002,6.399999999997987e-06
0.001316,0.0012994016666666697,1.659833333333017e-05
0.001216,0.0012082433333333367,7.756666666663319e-06
0.001259,0.0012557566666666665,3.2433333333333706e-06
0.001311,0.0012989926666666669,1.2007333333333235e-05
0.001211,0.0012079033333333325,3.096666666667575e-06
0.001255,0.001252093333333331,2.906666666669137e-06
0.001307,0.0013028266666666676,4.173333333332401e-06
0.001206,0.0011868900000000014,1.9109999999998616e-05
0.00125,0.0012463433333333358,3.6566666666642492e-06
0.001303,0.0012737083333333333,2.9291666666666615e-05
0.001202,0.0011854566666666684,1.654333333333158e-05
0.001245,0.0012430900000000016,1.9099999999984147e-06
0.001298,0.0012776616666666635,2.0338333333336364e-05
0.001197,0.0011761600000000014,2.0839999999998533e-05
0.00124,0.0012278099999999978,1.2190000000002199e-05
0.001293,0.0012410760000000007,5.192399999999942e-05
0.001192,0.0011803433333333314,1.1656666666668564e-05
0.001235,0.001233850000000003,1.1499999999970735e-06
0.001289,0.001275705,1.3294999999999974e-05
0.001187,0.0011707633333333351,1.6236666666664783e-05
0.00123,0.0012255166666666631,4.4833333333368485e-06
0.001284,0.0012640406666666623,1.995933333333766e-05
0.001182,0.001168613333333332,1.3386666666668047e-05
0.001225,0.0012189566666666674,6.043333333332571e-06
0.001279,0.0012558060000000002,2.319399999999982e-05
0.001177,0.0011551666666666687,2.183333333333139e-05
0.00122,0.0012051633333333314,1.4836666666668543e-05
0.001274,0.0012372426666666639,3.6757333333336086e-05
0.001172,0.00115894,1.3060000000000068e-05
0.001214,0.001211673333333334,2.3266666666660763e-06
0.001268,0.0012460386666666655,2.1961333333334488e-05
0.001166,0.0011435433333333357,2.2456666666664273e-05
0.001209,0.0011984266666666666,1.0573333333333424e-05
0.001263,0.001227156666666664,3.5843333333336006e-05
0.001161,0.0011501899999999978,1.0810000000002155e-05
0.001203,0.0011942666666666637,8.733333333336328e-06
0.001258,0.0012404999999999949,1.750000000000514e-05
0.001156,0.0011473900000000046,8.60999999999527e-06
0.001198,0.0011887533333333376,9.246666666662493e-06
0.001252,0.0012388333333333314,1.3166666666668703e-05
0.001151,0.0011480933333333303,2.9066666666695707e-06
0.001192,0.0011870966666666634,4.903333333336523e-06
0.001247,0.0012382299999999966,8.770000000003428e-06
0.001146,0.0011386300000000025,7.3699999999976475e-06
0.001187,0.0011802266666666628,6.7733333333371264e-06
0.001241,0.0012307533333333323,1.0246666666667613e-05
0.001141,0.001137820000000001,3.1799999999991124e-06
0.001181,0.0011808866666666673,1.1333333333266027e-07
0.001236,0.001232859999999997,3.1400000000028194e-06
0.001136,0.0011306766666666647,5.323333333335329e-06
0.001176,0.0011725066666666629,3.49333333333709e-06
0.001231,0.0012242166666666646,6.783333333335549e-06
0.001131,0.0011179566666666702,1.3043333333329814e-05
0.001171,0.001170303333333333,6.966666666668661e-07
0.001227,0.001209893333333332,1.7106666666668073e-05
0.001126,0.0011189333333333378,7.0666666666622125e-06
0.001167,0.0011625499999999983,4.4500000000017616e-06
0.001222,0.0012107666666666653,1.1233333333334709e-05
0.001122,0.0011177166666666678,4.283333333332182e-06
0.001162,0.0011580399999999954,3.960000000004672e-06
0.001218,0.0011980056666666672,1.9994333333332682e-05
0.001118,0.0011133533333333356,4.646666666664441e-06
0.001158,0.0011535233333333284,4.4766666666715225e-06
0.001213,0.0011901643333333337,2.2835666666666445e-05
0.001114,0.0011110966666666683,2.9033333333317035e-06
0.001154,0.0011523533333333315,1.6466666666685968e-06
0.001209,0.0012030166666666701,5.983333333329892e-06
0.00111,0.0011082933333333355,1.7066666666645542e-06
0.00115,0.0011471599999999962,2.8400000000037336e-06
0.001205,0.0011962489999999982,8.75100000000172e-06
0.001107,0.001105769999999999,1.2300000000009352e-06
0.001146,0.0011446033333333337,1.3966666666663952e-06
0.001202,0.001191205666666668,1.0794333333332025e-05
0.001104,0.0010983730000000025,5.626999999997417e-06
0.001143,0.0011341163333333294,8.883666666670547e-06
0.001198,0.001166495666666668,3.150433333333198e-05
0.001101,0.001098874999999998,2.1250000000019083e-06
0.00114,0.00113785666666667,2.1433333333299286e-06
0.001195,0.0011904489999999977,4.551000000002376e-06
0.001097,0.0010951783333333347,1.8216666666653891e-06
0.001136,0.0011331133333333295,2.886666666670557e-06
0.001191,0.001179912000000002,1.1087999999998075e-05
0.001094,0.0010902396666666687,3.760333333331211e-06
0.001133,0.0011290306666666688,3.969333333331141e-06
0.001188,0.0011833299999999976,4.670000000002407e-06
0.001091,0.0010897033333333314,1.296666666668507e-06
0.00113,0.0011281166666666615,1.8833333333384116e-06
0.001185,0.0011811486666666686,3.851333333331451e-06
0.001088,0.0010866149999999995,1.3850000000004484e-06
0.001127,0.0011248366666666645,2.1633333333354477e-06
0.001182,0.001175555333333332,6.4446666666680315e-06
0.001086,0.0010839299999999975,2.070000000002452e-06
0.001125,0.0011216133333333317,3.386666666668238e-06
0.001179,0.001173358,5.64199999999993e-06
0.001084,0.0010828733333333312,1.1266666666686492e-06
0.001123,0.0011199833333333318,3.016666666668267e-06
0.001177,0.001166354000000001,1.0645999999999139e-05
0.001081,0.0010797063333333324,1.293666666667484e-06
0.00112,0.0011184053333333323,1.5946666666675612e-06
0.001174,0.001169829333333331,4.170666666668873e-06
0.001078,0.0010748499999999983,3.1500000000016758e-06
0.001117,0.0011124533333333345,4.546666666665469e-06
0.001171,0.0011629806666666649,8.019333333335061e-06
0.001075,0.0010758966666666683,-8.966666666682804e-07
0.001114,0.0011137143333333306,2.856666666693937e-07
0.001169,0.0011609333333333328,8.066666666667116e-06
0.001072,0.0010711699999999998,8.30000000000275e-07
0.001111,0.001107797333333333,3.2026666666670756e-06
0.001166,0.0011576986666666667,8.301333333333213e-06
0.00107,0.0010666933333333337,3.306666666666328e-06
0.001108,0.0011031473333333313,4.852666666668769e-06
0.001163,0.0011512890000000013,1.1710999999998669e-05
0.001067,0.001065017,1.983000000000106e-06
0.001106,0.001103466666666664,2.5333333333360693e-06
0.001161,0.001157582000000001,3.4179999999989566e-06
0.001064,0.0010603333333333348,3.666666666665274e-06
0.001103,0.0010989033333333297,4.09666666667031e-06
0.001158,0.001151665333333331,6.334666666668902e-06
0.001062,0.0010595826666666664,2.4173333333335923e-06
0.0011,0.0010974643333333347,2.5356666666653555e-06
0.001156,0.0011520820000000005,3.917999999999457e-06
0.001059,0.0010590066666666669,-6.666666666843915e-09
0.001097,0.0010970100000000005,-1.0000000000374293e-08
0.001153,0.0011526833333333334,3.1666666666652077e-07
0.001057,0.0010569556666666664,4.433333333363383e-08
0.001095,0.001093633333333332,1.3666666666680913e-06
0.001151,0.0011458526666666663,5.147333333333642e-06
0.001054,0.0010508316666666667,3.1683333333333823e-06
0.001092,0.001087165000000002,4.834999999998174e-06
0.001148,0.0011421700000000012,5.82999999999877e-06
0.001052,0.0010501166666666663,1.8833333333336411e-06
0.001089,0.0010854266666666655,3.5733333333344466e-06
0.001145,0.0011457430000000005,-7.430000000005314e-07
0.001049,0.0010465966666666664,2.4033333333335887e-06
0.001087,0.0010825266666666634,4.473333333336691e-06
0.001142,0.0011370830000000016,4.916999999998381e-06
0.001047,0.0010446049999999986,2.395000000001389e-06
0.001084,0.001081613333333334,2.386666666665937e-06
0.001139,0.0011357920000000003,3.20799999999977e-06
0.001044,0.0010444066666666647,-4.0666666666468523e-07
0.001081,0.0010781366666666645,2.8633333333354105e-06
0.001136,0.0011360926666666676,-9.266666666754748e-08
0.001042,0.0010405613333333323,1.438666666667707e-06
0.001079,0.0010750679999999976,3.932000000002496e-06
0.001134,0.0011233066666666651,1.069333333333488e-05
0.00104,0.0010394573333333311,5.426666666687781e-07
0.001077,0.0010737659999999997,3.2340000000003963e-06
0.001131,0.0011275026666666653,3.497333333334768e-06
0.001038,0.0010359173333333357,2.082666666664403e-06
0.001074,0.0010692393333333306,4.760666666669489e-06
0.001129,0.0011187993333333318,1.020066666666819e-05
0.001036,0.0010329273333333365,3.072666666663511e-06
0.001072,0.0010673659999999967,4.634000000003358e-06
0.001126,0.0011172016666666674,8.79833333333269e-06
0.001033,0.0010319933333333353,1.0066666666648082e-06
0.001069,0.0010668033333333371,2.1966666666629452e-06
0.001123,0.0011181813333333362,4.818666666663897e-06
0.001031,0.0010303500000000026,6.499999999974408e-07
0.001066,0.0010656633333333335,3.3666666666661883e-07
0.00112,0.0011194166666666685,5.833333333313869e-07
0.001029,0.0010276786666666676,1.3213333333323817e-06
0.001064,0.0010622500000000035,1.749999999996546e-06
0.001118,0.001113724666666667,4.27533333333314e-06
0.001027,0.0010252886666666662,1.7113333333337519e-06
0.001062,0.0010596633333333346,2.3366666666653664e-06
0.001115,0.0011087310000000013,6.268999999998852e-06
0.001025,0.0010247026666666654,2.9733333333469003e-07
0.001061,0.00106023,7.700000000001976e-07
0.001112,0.0011100060000000013,1.993999999998653e-06
0.001023,0.0010210439999999968,1.956000000003259e-06
0.001059,0.0010562066666666673,2.7933333333327905e-06
0.001109,0.0011054699999999986,3.5300000000013706e-06
0.001021,0.0010191539999999972,1.846000000002828e-06
0.001056,0.0010548599999999984,1.1400000000016865e-06
0.001106,0.0011038249999999997,2.1750000000003104e-06
0.001019,0.0010177439999999958,1.2560000000041635e-06
0.001054,0.001053003333333335,9.966666666650845e-07
0.001104,0.001100794999999998,3.2050000000019997e-06
0.001017,0.0010143096666666623,2.6903333333375655e-06
0.001052,0.0010502000000000027,1.7999999999973332e-06
0.001102,0.001097835,4.164999999999985e-06
0.001015,0.0010149683333333314,3.166666666864701e-08
0.001051,0.0010496360000000003,1.3639999999997925e-06
0.001099,0.0010964419999999983,2.5580000000016787e-06
0.001014,0.001012303666666667,1.6963333333329736e-06
0.001049,0.0010471926666666689,1.8073333333311434e-06
0.001097,0.001094193333333333,2.806666666667129e-06
0.001012,0.0010112243333333334,7.756666666667005e-07
0.001047,0.0010459533333333337,1.0466666666663054e-06
0.001094,0.001092905,1.0950000000000022e-06
0.001011,0.0010090620000000024,1.9379999999975545e-06
0.001045,0.0010439133333333336,1.0866666666662847e-06
0.001092,0.0010898663333333326,2.1336666666674827e-06
0.001009,0.0010075443333333333,1.4556666666665653e-06
0.001043,0.0010405519999999993,2.448000000000814e-06
0.00109,0.0010840660000000025,5.933999999997589e-06
0.001007,0.0010047966666666694,2.2033333333306565e-06
0.001041,0.0010393833333333345,1.6166666666655224e-06
0.001089,0.0010850320000000012,3.967999999998726e-06
0.001006,0.0010047806666666677,1.2193333333322936e-06
0.00104,0.001038596666666665,1.4033333333349739e-06
0.001087,0.0010855933333333361,1.4066666666639506e-06
0.001004,0.001003977333333334,2.2666666665794796e-08
0.001038,0.0010371140000000013,8.859999999987715e-07
0.001085,0.0010821420000000016,2.857999999998379e-06
0.001003,0.0010018296666666664,1.170333333333582e-06
0.001036,0.0010355233333333362,4.7666666666383584e-07
0.001083,0.0010812986666666664,1.7013333333335944e-06
0.001001,0.0010003879999999992,6.120000000007456e-07
0.001035,0.0010335893333333357,1.4106666666642304e-06
0.001081,0.0010795599999999987,1.440000000001206e-06
0.0009997,0.0009996770000000018,2.2999999998302156e-08
0.001033,0.001033346666666668,-3.466666666678605e-07
0.001079,0.0010784799999999978,5.200000000023328e-07
0.0009985,0.000997433666666666,1.066333333334113e-06
0.001032,0.0010310266666666696,9.733333333303718e-07
0.001077,0.001076179999999999,8.200000000009849e-07
0.0009973,0.000997060333333338,2.3966666666194736e-07
0.001031,0.0010306366666666656,3.633333333344282e-07
0.001076,0.0010754499999999967,5.500000000032389e-07
0.0009963,0.0009955396666666686,7.603333333314633e-07
0.00103,0.0010287533333333322,1.2466666666679366e-06
0.001075,0.001073369999999997,1.6300000000028965e-06
0.0009951,0.000994653666666667,4.463333333330245e-07
0.001028,0.0010280456666666665,-4.56666666664822e-08
0.001073,0.0010726533333333317,3.4666666666829417e-07
0.000994,0.000994206666666669,-2.0666666666890876e-07
0.001027,0.0010276433333333322,-6.433333333323316e-07
0.001072,0.0010722033333333278,-2.0333333332778897e-07
0.0009931,0.0009930856666666677,1.4333333332294113e-08
0.001027,0.001026626666666668,3.7333333333198354e-07
0.001071,0.0010709303333333302,6.966666666967901e-08
0.0009925,0.0009931173333333331,-6.173333333332233e-07
0.001026,0.001026836666666668,-8.366666666679862e-07
0.001071,0.0010710399999999966,-3.999999999672668e-08
0.0009921,0.0009921236666666686,-2.3666666668521047e-08
0.001026,0.0010262516666666684,-2.516666666684247e-07
0.00107,0.0010700449999999963,-4.499999999626331e-08
0.0009922,0.0009929370000000025,-7.370000000026054e-07
0.001026,0.0010265933333333354,-5.933333333354475e-07
0.00107,0.001070566999999998,-5.669999999979771e-07
0.0009924,0.0009944826666666664,-2.0826666666663544e-06
0.001026,0.0010278333333333363,-1.8333333333363233e-06
0.00107,0.0010719433333333322,-1.9433333333322006e-06
0.000993,0.0009944759999999985,-1.4759999999985202e-06
0.001026,0.001029006666666665,-3.0066666666650737e-06
0.00107,0.001071724666666663,-1.7246666666631029e-06
0.0009939,0.000996074666666666,-2.1746666666660683e-06
0.001028,0.0010297266666666693,-1.726666666669206e-06
0.001071,0.0010732923333333336,-2.292333333333684e-06
0.0009954,0.0009979849999999968,-2.5849999999967913e-06
0.001029,0.0010327496666666673,-3.74966666666734e-06
0.001072,0.0010731976666666632,-1.1976666666631535e-06
0.0009972,0.00099775533333333,-5.553333333300787e-07
0.001031,0.0010332780000000018,-2.2780000000018237e-06
0.001074,0.0010731509999999968,8.490000000032846e-07
0.0009996,0.0010018583333333323,-2.2583333333322814e-06
0.001033,0.0010363883333333363,-3.3883333333361958e-06
0.001077,0.001078703666666669,-1.7036666666689522e-06
0.001003,0.001012300999999999,-9.300999999999103e-06
0.001037,0.0010461753333333352,-9.175333333335265e-06
0.00108,0.0010907290000000004,-1.0729000000000337e-05
0.001007,0.001018629000000001,-1.1629000000000847e-05
0.001042,0.001051654000000001,-9.654000000001084e-06
0.001084,0.0010983733333333355,-1.4373333333335576e-05
0.001011,0.0010180779999999989,-7.077999999998905e-06
0.001047,0.0010515336666666647,-4.533666666664722e-06
0.001089,0.001094693333333331,-5.6933333333311804e-06
0.001017,0.0010226240000000015,-5.624000000001598e-06
0.001053,0.001056628333333336,-3.6283333333360715e-06
0.001094,0.0011011333333333353,-7.133333333335422e-06
0.001024,0.001033148333333332,-9.148333333332129e-06
0.00106,0.001059074333333333,9.256666666668939e-07
0.001101,0.0011188899999999991,-1.788999999999914e-05
0.001031,0.0010423999999999995,-1.1399999999999518e-05
0.001068,0.001064942666666666,3.0573333333339114e-06
0.001108,0.001134536666666666,-2.6536666666666063e-05
0.001039,0.001047732333333334,-8.732333333334036e-06
0.001077,0.0010696940000000006,7.305999999999459e-06
0.001116,0.0011516686666666665,-3.566866666666652e-05
0.001048,0.001059423333333335,-1.1423333333334881e-05
0.001088,0.0010793579999999986,8.642000000001412e-06
0.001125,0.0011554753333333336,-3.0475333333333668e-05
0.001058,0.0010732000000000018,-1.5200000000001887e-05
0.001098,0.0010840886666666665,1.3911333333333506e-05
0.001135,0.0010930506666666667,4.194933333333327e-05
0.001068,0.0010813133333333344,-1.3313333333334499e-05
0.00111,0.0010822663333333326,2.7733666666667454e-05
0.001146,0.0010057573333333337,0.00014024266666666637
0.001079,0.0010870133333333333,-8.013333333333232e-06
0.001123,0.0010684743333333315,5.452566666666863e-05
0.001157,0.0009009569999999999,0.0002560430000000002
0.00109,0.001103370000000002,-1.3370000000001913e-05
0.001135,0.0011201696666666649,1.4830333333335074e-05
0.001169,0.0010740363333333308,9.496366666666913e-05
0.001101,0.0011249266666666685,-2.3926666666668553e-05
0.001148,0.0011546500000000012,-6.650000000001273e-06
0.001181,0.0011643813333333333,1.6618666666666677e-05
0.001112,0.0011287766666666693,-1.6776666666669382e-05
0.001161,0.0011673866666666686,-6.386666666668636e-06
0.001193,0.001183900000000002,9.099999999997999e-06
0.001122,0.001129393333333332,-7.393333333332143e-06
0.001172,0.0011712000000000003,7.999999999998026e-07
0.001203,0.0011919560000000016,1.1043999999998467e-05
0.001131,0.0011328600000000018,-1.8600000000017474e-06
0.001183,0.0011673333333333358,1.5666666666664265e-05
0.001213,0.0011691943333333357,4.380566666666442e-05
0.001139,0.0011405733333333336,-1.5733333333335306e-06
0.001192,0.0011767400000000001,1.5259999999999796e-05
0.001222,0.0011799570000000014,4.2042999999998554e-05
0.001145,0.0011460166666666669,-1.0166666666669173e-06
0.0012,0.0011928866666666702,7.113333333329686e-06
0.00123,0.0012130613333333315,1.6938666666668463e-05
0.00115,0.0011492000000000004,7.999999999995858e-07
0.001206,0.001201723333333334,4.276666666665988e-06
0.001235,0.0012255230000000005,9.47699999999949e-06
0.001153,0.0011527500000000016,2.4999999999829846e-07
0.001209,0.0012035333333333315,5.466666666668462e-06
0.001239,0.0012209283333333284,1.8071666666671666e-05
0.001154,0.001153050000000002,9.499999999980444e-07
0.00121,0.0012039933333333312,6.0066666666687245e-06
0.00124,0.001221217666666661,1.878233333333897e-05
0.001153,0.0011548499999999985,-1.8499999999985542e-06
0.00121,0.001205419999999999,4.5800000000009895e-06
0.001239,0.0012264403333333337,1.255966666666641e-05
0.001151,0.001149013333333333,1.9866666666667945e-06
0.001207,0.0011989333333333335,8.066666666666465e-06
0.001237,0.0012137540000000013,2.3245999999998686e-05
0.001148,0.0011481933333333356,-1.933333333356546e-07
0.001203,0.0011973966666666707,5.60333333332933e-06
0.001234,0.0012235926666666645,1.0407333333335581e-05
0.001144,0.0011402566666666655,3.743333333334521e-06
0.001199,0.0011809933333333344,1.8006666666665547e-05
0.00123,0.0011932053333333337,3.679466666666625e-05
0.00114,0.0011363633333333362,3.6366666666637175e-06
0.001193,0.0011776966666666706,1.5303333333329403e-05
0.001225,0.0012022966666666677,2.2703333333332293e-05
0.001136,0.0011325133333333337,3.486666666666343e-06
0.001188,0.0011736366666666683,1.4363333333331733e-05
0.00122,0.0011935259999999973,2.6474000000002674e-05
0.001132,0.001128836666666667,3.1633333333329784e-06
0.001182,0.0011641733333333348,1.7826666666665315e-05
0.001214,0.0011885926666666642,2.5407333333335837e-05
0.001128,0.001129326666666668,-1.3266666666678952e-06
0.001177,0.0011594899999999998,1.7510000000000312e-05
0.00121,0.0011860299999999992,2.397000000000076e-05
0.001125,0.0011269266666666681,-1.926666666668235e-06
0.001172,0.0011623266666666672,9.673333333332914e-06
0.001205,0.001193240000000001,1.1759999999998898e-05
0.001123,0.0011238499999999963,-8.499999999962531e-07
0.001168,0.0011648033333333345,3.196666666665463e-06
0.001201,0.0011974600000000015,3.5399999999984923e-06
0.00112,0.00112317333333333,-3.1733333333301e-06
0.001164,0.0011637866666666659,2.133333333342348e-07
0.001197,0.0011974333333333344,-4.3333333333444614e-07
0.001119,0.0011188666666666692,1.3333333333080677e-07
0.001162,0.001159773333333332,2.2266666666679712e-06
0.001195,0.0011935666666666683,1.43333333333176e-06
0.001118,0.001118939999999999,-9.399999999989712e-07
0.001159,0.0011573199999999977,1.6800000000023827e-06
0.001192,0.0011887433333333352,3.256666666664673e-06
0.001117,0.001118609999999999,-1.6099999999991121e-06
0.001158,0.0011557666666666632,2.2333333333367667e-06
0.00119,0.0011872500000000019,2.7499999999981966e-06
0.001117,0.0011183833333333326,-1.3833333333327074e-06
0.001156,0.0011555066666666628,4.933333333371256e-07
0.001189,0.0011873933333333355,1.6066666666644976e-06
0.001117,0.0011172566666666657,-2.566666666657929e-07
0.001156,0.0011557399999999984,2.600000000014917e-07
0.001188,0.001188803333333334,-8.033333333339835e-07
0.001117,0.0011176366666666672,-6.366666666672224e-07
0.001155,0.0011548299999999975,1.7000000000245985e-07
0.001188,0.0011872666666666693,7.333333333307129e-07
0.001118,0.0011183933333333322,-3.933333333320816e-07
0.001155,0.001155626666666666,-6.266666666659808e-07
0.001188,0.0011886900000000018,-6.900000000017569e-07
0.001119,0.0011192433333333325,-2.4333333333253875e-07
0.001155,0.0011558633333333319,-8.633333333318925e-07
0.001189,0.0011894533333333345,-4.533333333345442e-07
0.00112,0.0011206733333333338,-6.733333333338882e-07
0.001155,0.0011558533333333309,-8.533333333308676e-07
0.001189,0.0011891866666666664,-1.8666666666642545e-07
0.001121,0.0011209400000000047,5.999999999530686e-08
0.001156,0.0011563566666666681,-3.566666666682348e-07
0.001189,0.0011903033333333336,-1.3033333333336162e-06
0.001122,0.0011222699999999992,-2.699999999992639e-07
0.001157,0.0011574066666666643,-4.0666666666425155e-07
0.00119,0.0011923899999999972,-2.389999999997082e-06
0.001123,0.0011229233333333358,7.66666666642598e-08
0.001157,0.0011582633333333324,-1.2633333333323359e-06
0.001191,0.0011933933333333345,-2.3933333333345155e-06
0.001124,0.0011266699999999972,-2.669999999997154e-06
0.001158,0.001161436666666668,-3.436666666667941e-06
0.001193,0.0011972333333333301,-4.233333333330093e-06
0.001125,0.0011267000000000024,-1.7000000000024808e-06
0.001159,0.0011617033333333302,-2.7033333333300723e-06
0.001194,0.0011990233333333336,-5.0233333333336416e-06
0.001126,0.001126376666666664,-3.7666666666399604e-07
0.00116,0.0011607966666666695,-7.966666666695248e-07
0.001195,0.0011968699999999977,-1.869999999997568e-06
0.001128,0.001135393333333334,-7.393333333333878e-06
0.001161,0.001172016666666664,-1.1016666666664125e-05
0.001197,0.0012144366666666676,-1.743666666666763e-05
0.001129,0.0011383566666666686,-9.356666666668562e-06
0.001163,0.0011753099999999971,-1.230999999999715e-05
0.001198,0.0012186433333333355,-2.064333333333542e-05
0.001131,0.001140043333333336,-9.043333333336005e-06
0.001164,0.0011760733333333311,-1.2073333333331021e-05
0.0012,0.001218963333333336,-1.8963333333336073e-05
0.001132,0.001140003333333336,-8.00333333333611e-06
0.001165,0.0011753099999999995,-1.0309999999999486e-05
0.001202,0.0012163966666666685,-1.4396666666668554e-05
0.001134,0.0011385733333333348,-4.573333333334796e-06
0.001167,0.0011730966666666676,-6.0966666666675395e-06
0.001204,0.0012125033333333344,-8.503333333334442e-06
0.001136,0.0011379733333333351,-1.973333333335058e-06
0.001168,0.0011717666666666644,-3.7666666666644633e-06
0.001206,0.001211109999999999,-5.109999999998926e-06
0.001138,0.001142903333333337,-4.903333333337173e-06
0.00117,0.0011753133333333341,-5.313333333334088e-06
0.001209,0.001210833666666667,-1.833666666667096e-06
0.001141,0.0011452566666666699,-4.256666666669793e-06
0.001172,0.0011765033333333355,-4.503333333335429e-06
0.001212,0.0012126466666666652,-6.466666666652115e-07
0.001143,0.0011443666666666684,-1.366666666668525e-06
0.001174,0.0011761833333333372,-2.1833333333372805e-06
0.001214,0.001213716666666666,2.833333333340359e-07
0.001145,0.0011503233333333349,-5.323333333334896e-06
0.001176,0.0011834900000000006,-7.490000000000621e-06
0.001217,0.0012218266666666634,-4.826666666663372e-06
0.001148,0.0011519533333333336,-3.953333333333708e-06
0.001178,0.001184383333333331,-6.383333333330986e-06
0.00122,0.0012227666666666623,-2.766666666662379e-06
0.00115,0.0011542099999999997,-4.2099999999997174e-06
0.001181,0.001185803333333333,-4.8033333333329965e-06
0.001223,0.0012253533333333344,-2.353333333334536e-06
0.001153,0.0011550733333333316,-2.0733333333316454e-06
0.001183,0.0011854433333333314,-2.4433333333313996e-06
0.001226,0.0012239943333333316,2.005666666668503e-06
0.001156,0.0011598800000000014,-3.88000000000146e-06
0.001186,0.00119024333333333,-4.243333333330034e-06
0.00123,0.0012313533333333346,-1.3533333333346203e-06
0.001159,0.0011634066666666653,-4.406666666665216e-06
0.001189,0.0011939933333333372,-4.993333333337289e-06
0.001233,0.0012367666666666683,-3.7666666666683665e-06
0.001162,0.0011674900000000032,-5.490000000003175e-06
0.001192,0.0011953833333333325,-3.383333333332539e-06
0.001236,0.0012305633333333313,5.43666666666864e-06
0.001165,0.0011712433333333338,-6.243333333333769e-06
0.001195,0.001200673333333337,-5.673333333336937e-06
0.001239,0.0012388100000000001,1.8999999999995583e-07
0.001169,0.0011752933333333377,-6.293333333337809e-06
0.001198,0.001203473333333337,-5.473333333337041e-06
0.001242,0.0012418633333333327,1.366666666673729e-07
0.001172,0.0011737833333333352,-1.7833333333351024e-06
0.001201,0.0012013766666666681,-3.76666666668116e-07
0.001245,0.0012343213333333373,1.0678666666662706e-05
0.001176,0.0011786333333333352,-2.6333333333352586e-06
0.001205,0.001209316666666664,-4.316666666664016e-06
0.001248,0.0012522099999999993,-4.209999999999284e-06
0.00118,0.001183266666666667,-3.266666666666999e-06
0.001208,0.0012129566666666668,-4.95666666666672e-06
0.001251,0.001255626666666667,-4.626666666667162e-06
0.001183,0.001186936666666665,-3.936666666664972e-06
0.001212,0.0012167933333333296,-4.7933333333295865e-06
0.001254,0.0012575166666666665,-3.5166666666665986e-06
0.001187,0.0011933433333333316,-6.343333333331657e-06
0.001216,0.0012240899999999973,-8.089999999997275e-06
0.001258,0.001258533333333332,-5.333333333319007e-07
0.001191,0.0011982800000000006,-7.280000000000567e-06
0.00122,0.0012263900000000002,-6.390000000000215e-06
0.001261,0.001261076666666669,-7.666666666903028e-08
0.001195,0.0012063466666666668,-1.1346666666666718e-05
0.001224,0.001235479999999999,-1.1479999999999043e-05
0.001265,0.001271900000000002,-6.900000000001957e-06
0.0012,0.0012117666666666674,-1.1766666666667477e-05
0.001229,0.0012418133333333332,-1.2813333333333132e-05
0.001269,0.0012767886666666679,-7.788666666667943e-06
0.001204,0.0012135833333333334,-9.583333333333449e-06
0.001234,0.0012400066666666664,-6.006666666666339e-06
0.001273,0.0012614780000000008,1.152199999999927e-05
0.001209,0.00122219,-1.3189999999999947e-05
0.001238,0.0012414733333333343,-3.47333333333439e-06
0.001278,0.001227719333333335,5.0280666666665e-05
0.001214,0.0012283466666666684,-1.4346666666668418e-05
0.001243,0.0012525066666666663,-9.50666666666637e-06
0.001282,0.0012607963333333325,2.120366666666742e-05
0.001219,0.00122924,-1.0239999999999902e-05
0.001249,0.0012537733333333294,-4.773333333329488e-06
0.001287,0.001267526666666668,1.947333333333196e-05
0.001224,0.0012318200000000002,-7.82000000000018e-06
0.001254,0.0012590866666666646,-5.086666666664647e-06
0.001292,0.0012829399999999985,9.060000000001489e-06
0.001229,0.0012345233333333325,-5.523333333332407e-06
0.00126,0.0012631866666666619,-3.1866666666618363e-06
0.001297,0.0012897633333333362,7.236666666663805e-06
0.001235,0.0012429199999999978,-7.91999999999785e-06
0.001266,0.001271859999999998,-5.8599999999979415e-06
0.001302,0.0012972466666666639,4.753333333336112e-06
0.001241,0.0012497233333333322,-8.723333333332268e-06
0.001272,0.0012775999999999998,-5.599999999999919e-06
0.001308,0.0013004399999999958,7.5600000000041086e-06
0.001247,0.0012557166666666664,-8.716666666666291e-06
0.001278,0.0012871833333333298,-9.183333333329753e-06
0.001314,0.0013203899999999942,-6.389999999994143e-06
0.001253,0.001259143333333333,-6.143333333333062e-06
0.001285,0.0012844366666666667,5.633333333332404e-07
0.00132,0.0012918166666666634,2.818333333333661e-05
0.00126,0.001266963333333336,-6.963333333335998e-06
0.001293,0.0012963200000000005,-3.3200000000004493e-06
0.001326,0.0013147333333333277,1.126666666667218e-05
0.001267,0.0012725399999999982,-5.539999999998324e-06
0.0013,0.0013023266666666623,-2.32666666666239e-06
0.001333,0.0013177666666666663,1.5233333333333722e-05
0.001274,0.0012813533333333367,-7.353333333336718e-06
0.001308,0.0013107433333333382,-2.7433333333382916e-06
0.00134,0.0013216733333333316,1.8326666666668417e-05
0.001282,0.0012912666666666675,-9.266666666667579e-06
0.001317,0.001319996666666662,-2.9966666666618805e-06
0.001348,0.0013067133333333361,4.12866666666639e-05
0.00129,0.0013030366666666661,-1.3036666666666223e-05
0.001326,0.0013272866666666694,-1.2866666666694337e-06
0.001356,0.0012944599999999992,6.154000000000077e-05
0.001299,0.0013141166666666639,-1.5116666666663845e-05
0.001336,0.0013407300000000037,-4.730000000003785e-06
0.001365,0.0013045299999999958,6.047000000000409e-05
0.001308,0.001316736666666665,-8.736666666665088e-06
0.001346,0.0013532599999999991,-7.259999999999168e-06
0.001374,0.0013586833333333365,1.5316666666663524e-05
0.001318,0.0013292333333333305,-1.1233333333330589e-05
0.001357,0.001364636666666663,-7.636666666663164e-06
0.001384,0.001357983333333336,2.6016666666663947e-05
0.001328,0.0013356333333333313,-7.633333333331369e-06
0.001368,0.0013736266666666654,-5.626666666665343e-06
0.001394,0.0013589733333333302,3.502666666666985e-05
0.001339,0.0013405166666666665,-1.51666666666655e-06
0.00138,0.0013802466666666658,-2.466666666658523e-07
0.001405,0.0013722200000000021,3.277999999999788e-05
0.00135,0.001353939999999995,-3.9399999999950325e-06
0.001392,0.00138979,2.2100000000001025e-06
0.001417,0.0013705299999999996,4.6470000000000495e-05
0.001362,0.001368476666666668,-6.476666666668102e-06
0.001404,0.001406256666666668,-2.25666666666801e-06
0.001429,0.0013224700000000016,0.00010652999999999834
0.001374,0.0013796433333333373,-5.643333333337332e-06
0.001417,0.0014290066666666687,-1.2006666666668653e-05
0.001442,0.0013725933333333363,6.940666666666365e-05
0.001387,0.001389079999999995,-2.07999999999502e-06
0.001431,0.0014295399999999982,1.4600000000017377e-06
0.001456,0.0014082700000000031,4.7729999999996916e-05
0.001401,0.0014035066666666651,-2.506666666665224e-06
0.001445,0.0014494133333333365,-4.413333333336397e-06
0.00147,0.001429300000000002,4.06999999999979e-05
0.001416,0.001414146666666668,1.8533333333318677e-06
0.00146,0.0014628866666666666,-2.8866666666666537e-06
0.001485,0.0014696800000000003,1.5319999999999657e-05
0.001431,0.0014332966666666612,-2.296666666661267e-06
0.001475,0.0014729400000000016,2.0599999999983912e-06
0.001501,0.0014097233333333341,9.127666666666583e-05
0.001447,0.00146127333333333,-1.4273333333330099e-05
0.001491,0.0015091466666666644,-1.81466666666645e-05
0.001517,0.0014771066666666689,3.9893333333331036e-05
0.001463,0.0014652833333333292,-2.283333333329097e-06
0.001507,0.0015049466666666724,2.053333333327644e-06
0.001533,0.0014539933333333306,7.900666666666952e-05
0.00148,0.0014882599999999973,-8.25999999999735e-06
0.001524,0.0015174999999999987,6.500000000001296e-06
0.00155,0.0013900933333333377,0.00015990666666666222
0.001498,0.0015066933333333333,-8.693333333333313e-06
0.001541,0.0015470400000000015,-6.040000000001426e-06
0.001567,0.0014994633333333322,6.753666666666782e-05
0.001516,0.0015415366666666707,-2.55366666666707e-05
0.001559,0.0015727666666666652,-1.376666666666514e-05
0.001585,0.001496983333333332,8.801666666666806e-05
0.001535,0.0015416533333333364,-6.653333333336538e-06
0.001577,0.0015910933333333306,-1.4093333333330517e-05
0.001604,0.0015228800000000003,8.111999999999963e-05
0.001554,0.00157206,-1.8059999999999864e-05
0.001594,0.001612386666666667,-1.8386666666666976e-05
0.001622,0.0014922033333333304,0.00012979666666666952
0.001573,0.001593893333333337,-2.089333333333697e-05
0.001612,0.0016303600000000017,-1.836000000000177e-05
0.00164,0.001605936666666666,3.4063333333334e-05
0.001593,0.0016119466666666652,-1.894666666666517e-05
0.00163,0.0016369233333333305,-6.923333333330598e-06
0.001658,0.0016256033333333318,3.2396666666668125e-05
0.001612,0.0016185500000000055,-6.550000000005553e-06
0.001648,0.0016608133333333326,-1.2813333333332698e-05
0.001676,0.0016638733333333277,1.2126666666672278e-05
0.001632,0.0016424300000000037,-1.0430000000003761e-05
0.001667,0.0016686033333333334,-1.6033333333333524e-06
0.001694,0.0016617500000000037,3.224999999999626e-05
0.001651,0.0016584600000000016,-7.460000000001667e-06
0.001686,0.0016923933333333296,-6.393333333329625e-06
0.001713,0.0017210733333333313,-8.073333333331358e-06
0.001671,0.0016788700000000057,-7.870000000005737e-06
0.001705,0.0017000666666666686,4.933333333331357e-06
0.001731,0.00171380666666667,1.7193333333329888e-05
0.001691,0.0017047000000000054,-1.3700000000005375e-05
0.001725,0.001715636666666673,9.363333333326949e-06
0.001751,0.0017307400000000014,2.025999999999851e-05
0.001711,0.001704170000000003,6.829999999997168e-06
0.001744,0.0016924799999999969,5.152000000000325e-05
0.00177,0.0016330799999999992,0.00013692000000000088
0.00173,0.0017219833333333352,8.01666666666481e-06
0.001763,0.0017059933333333328,5.7006666666667254e-05
0.00179,0.0016376833333333332,0.00015231666666666675
0.001749,0.0017353500000000025,1.3649999999997432e-05
0.001782,0.0017549666666666697,2.7033333333330214e-05
0.001809,0.0017662766666666704,4.2723333333329625e-05
0.001767,0.0017634166666666683,3.5833333333315683e-06
0.0018,0.0017710966666666683,2.8903333333331685e-05
0.001827,0.0017836266666666656,4.337333333333444e-05
0.001786,0.0017694866666666653,1.6513333333334794e-05
0.001819,0.001776126666666669,4.287333333333112e-05
0.001845,0.0017627400000000033,8.225999999999676e-05
0.001805,0.0017917700000000029,1.3229999999997107e-05
0.001837,0.0018137466666666724,2.3253333333327726e-05
0.001863,0.0018128233333333328,5.0176666666667267e-05
0.001823,0.0018081199999999964,1.4880000000003571e-05
0.001856,0.0018133866666666632,4.261333333333678e-05
0.001882,0.0017436266666666675,0.00013837333333333252
0.001842,0.0018269699999999944,1.5030000000005716e-05
0.001874,0.001826699999999997,4.730000000000294e-05
0.0019,0.001743520000000002,0.0001564799999999979
0.00186,0.0018376433333333372,2.2356666666662915e-05
0.001893,0.001858206666666668,3.4793333333331834e-05
0.001919,0.0018260533333333362,9.294666666666371e-05
0.001878,0.0018579866666666577,2.0013333333342197e-05
0.001911,0.0018794799999999974,3.1520000000002544e-05
0.001937,0.0017860233333333352,0.00015097666666666473
0.001897,0.0018900299999999952,6.9700000000047935e-06
0.00193,0.0019230266666666663,6.97333333333377e-06
0.001956,0.0017189266666666674,0.00023707333333333248
0.001915,0.0019138699999999972,1.1300000000028301e-06
0.001948,0.001954946666666668,-6.9466666666679125e-06
0.001974,0.001742150000000003,0.000231849999999997
0.001933,0.00191498,1.8020000000000102e-05
0.001967,0.0019398833333333302,2.7116666666669774e-05
0.001993,0.001931406666666664,6.159333333333595e-05
0.00195,0.0019512366666666673,-1.2366666666673454e-06
0.001985,0.0019915566666666674,-6.5566666666676265e-06
0.002011,0.0019001300000000031,0.00011086999999999707
0.001968,0.0019502800000000013,1.7719999999998848e-05
0.002003,0.00198197666666667,2.102333333332991e-05
0.002029,0.0019538033333333315,7.519666666666851e-05
0.001986,0.0019620066666666694,2.3993333333330487e-05
0.002021,0.0019898033333333323,3.1196666666667445e-05
0.002047,0.001962549999999995,8.445000000000501e-05
0.002004,0.0019716733333333355,3.232666666666464e-05
0.002039,0.0020054333333333336,3.356666666666638e-05
0.002065,0.001983746666666669,8.125333333333087e-05
0.002022,0.001985463333333337,3.6536666666663054e-05
0.002057,0.002020163333333333,3.683666666666691e-05
0.002082,0.001975976666666666,0.00010602333333333425
0.002039,0.002022170000000001,1.682999999999893e-05
0.002075,0.002058513333333327,1.648666666667284e-05
0.0021,0.0019895399999999954,0.0001104600000000045
0.002056,0.0020436400000000067,1.2359999999993383e-05
0.002092,0.002085176666666666,6.8233333333340106e-06
0.002117,0.0020065799999999965,0.00011042000000000343
0.002074,0.0020632933333333296,1.0706666666670302e-05
0.00211,0.002103026666666665,6.9733333333348545e-06
0.002135,0.0020430233333333307,9.197666666666948e-05
0.002092,0.002076270000000003,1.5729999999997222e-05
0.002128,0.0021194999999999947,8.500000000005465e-06
0.002153,0.002028949999999998,0.00012405000000000185
0.00211,0.002109113333333332,8.866666666679061e-07
0.002146,0.0021621099999999996,-1.6109999999999736e-05
0.00217,0.0020082433333333334,0.00016175666666666663
0.002127,0.002107683333333328,1.931666666667208e-05
0.002164,0.002151736666666662,1.2263333333338133e-05
0.002188,0.0020830400000000017,0.00010495999999999813
0.002145,0.0021406499999999952,4.3500000000049575e-06
0.002181,0.002186843333333337,-5.843333333336795e-06
0.002205,0.002065613333333334,0.0001393866666666659
0.002162,0.0021469066666666625,1.5093333333337372e-05
0.002198,0.0021869899999999937,1.1010000000006171e-05
0.002222,0.002146103333333339,7.589666666666089e-05
0.002179,0.002173546666666666,5.453333333333907e-06
0.002216,0.0022215033333333337,-5.50333333333361e-06
0.00224,0.0021354499999999953,0.00010455000000000447
0.002197,0.0021933066666666693,3.693333333330915e-06
0.002233,0.002238193333333331,-5.19333333333068e-06
0.002257,0.002136933333333342,0.00012006666666665791
0.002214,0.002191696666666669,2.2303333333330982e-05
0.002251,0.0022340000000000003,1.6999999999999654e-05
0.002275,0.0021322199999999985,0.00014278000000000164
0.002232,0.002238493333333339,-6.493333333339006e-06
0.002269,0.002296493333333332,-2.749333333333182e-05
0.002293,0.0021159033333333385,0.0001770966666666614
0.00225,0.0022630133333333335,-1.3013333333333679e-05
0.002287,0.0023244066666666635,-3.7406666666663525e-05
0.002311,0.0021114166666666716,0.00019958333333332853
0.002269,0.0022503466666666627,1.865333333333748e-05
0.002306,0.002293453333333335,1.2546666666665013e-05
0.002329,0.0022051233333333325,0.00012387666666666738
0.002287,0.002279086666666663,7.913333333337078e-06
0.002325,0.0023202866666666684,4.713333333331363e-06
0.002348,0.00220721333333334,0.00014078666666665976
0.002306,0.0023031766666666716,2.8233333333282755e-06
0.002344,0.0023554900000000044,-1.1490000000004188e-05
0.002367,0.00221917666666667,0.00014782333333333017
0.002326,0.0023311100000000034,-5.11000000000348e-06
0.002363,0.0023839466666666755,-2.094666666667541e-05
0.002387,0.0022235100000000036,0.00016348999999999617
0.002346,0.0023472933333333374,-1.2933333333373619e-06
0.002383,0.0024011533333333362,-1.8153333333336113e-05
0.002406,0.0022272733333333324,0.00017872666666666776
0.002366,0.002333216666666665,3.27833333333351e-05
0.002403,0.0023799966666666734,2.3003333333326825e-05
0.002426,0.0022924033333333385,0.0001335966666666617
0.002386,0.0023780433333333295,7.956666666670588e-06
0.002422,0.0024280266666666726,-6.026666666672509e-06
0.002445,0.0023090300000000044,0.00013596999999999568
0.002405,0.0024087466666666674,-3.746666666667401e-06
0.002442,0.0024575033333333342,-1.550333333333407e-05
0.002465,0.002350563333333331,0.00011443666666666923
0.002426,0.002389833333333329,3.616666666667132e-05
0.002463,0.0024297600000000082,3.323999999999168e-05
0.002485,0.0023854933333333395,9.950666666666032e-05
0.002447,0.0024483600000000023,-1.3600000000023316e-06
0.002483,0.002500476666666661,-1.7476666666660888e-05
0.002506,0.0023396733333333336,0.00016632666666666638
0.002468,0.0024496199999999944,1.838000000000577e-05
0.002504,0.002493963333333333,1.0036666666667343e-05
0.002526,0.002434120000000004,9.187999999999601e-05
0.002489,0.0024990933333333366,-1.0093333333336708e-05
0.002525,0.0025523833333333306,-2.7383333333330737e-05
0.002547,0.0023581499999999985,0.00018885000000000126
0.002511,0.002517273333333335,-6.273333333334675e-06
0.002547,0.0025683299999999993,-2.1329999999999526e-05
0.002568,0.0023810266666666633,0.00018697333333333663
0.002533,0.0025465466666666674,-1.3546666666667314e-05
0.002568,0.002592843333333329,-2.484333333332891e-05
0.00259,0.002432726666666669,0.00015727333333333086
0.002555,0.002567896666666669,-1.2896666666669006e-05
0.00259,0.00262263333333333,-3.263333333333035e-05
0.002612,0.00239184,0.00022016000000000006
0.002577,0.002569556666666668,7.443333333332063e-06
0.002613,0.002601853333333331,1.114666666666899e-05
0.002634,0.002528046666666666,0.00010595333333333424
0.0026,0.002569123333333339,3.087666666666067e-05
0.002636,0.0025768933333333256,5.91066666666743e-05
0.002657,0.0025109133333333397,0.00014608666666666038
0.002623,0.0026158266666666636,7.173333333336269e-06
0.002659,0.002641189999999995,1.781000000000482e-05
0.00268,0.002509673333333335,0.00017032666666666517
0.002647,0.002664246666666665,-1.7246666666664856e-05
0.002682,0.0027031866666666644,-2.1186666666664442e-05
0.002703,0.002498620000000002,0.00020437999999999793
0.00267,0.0026910299999999914,-2.1029999999991333e-05
0.002706,0.002720476666666667,-1.4476666666666995e-05
0.002727,0.002451406666666666,0.0002755933333333338
0.002695,0.0027051266666666615,-1.0126666666661604e-05
0.00273,0.002729096666666664,9.033333333357749e-07
0.00275,0.0025808166666666647,0.00016918333333333516
0.00272,0.0027403333333333333,-2.033333333333314e-05
0.002755,0.0027796566666666665,-2.4656666666666386e-05
0.002775,0.0025251466666666683,0.0002498533333333318
0.002744,0.0027391066666666727,4.893333333327258e-06
0.002779,0.002768333333333331,1.0666666666668805e-05
0.002799,0.002555716666666669,0.00024328333333333094
0.002769,0.0027472399999999993,2.1760000000000876e-05
0.002803,0.002766220000000002,3.677999999999798e-05
0.002823,0.002620090000000004,0.00020290999999999582
0.002794,0.002774670000000004,1.9329999999996225e-05
0.002827,0.0027776566666666623,4.93433333333378e-05
0.002847,0.0027147133333333333,0.00013228666666666687
0.002818,0.0027886400000000015,2.9359999999998675e-05
0.002852,0.00277802666666667,7.397333333332987e-05
0.002871,0.0027325200000000035,0.00013847999999999638
0.002843,0.0027987866666666665,4.421333333333357e-05
0.002876,0.002793279999999999,8.272000000000097e-05
0.002895,0.00273093,0.0001640700000000001
0.002867,0.0028314766666666744,3.5523333333325764e-05
0.002901,0.0028025266666666677,9.847333333333225e-05
0.00292,0.002658350000000003,0.00026164999999999695
0.002893,0.0028771366666666604,1.5863333333339738e-05
0.002926,0.002871530000000004,5.4469999999996136e-05
0.002945,0.002644766666666672,0.00030023333333332796
0.002918,0.002900343333333337,1.7656666666662855e-05
0.002951,0.002892906666666662,5.8093333333337875e-05
0.00297,0.0027146666666666647,0.0002553333333333353
0.002943,0.002936666666666661,6.333333333338655e-06
0.002976,0.0029601399999999952,1.586000000000469e-05
0.002994,0.002886060000000001,0.00010793999999999908
0.002968,0.002939176666666673,2.8823333333326956e-05
0.003002,0.0029427666666666584,5.923333333334151e-05
0.003019,0.0028587833333333433,0.0001602166666666567
0.002994,0.002967599999999998,2.6400000000001943e-05
0.003027,0.0029676133333333306,5.93866666666696e-05
0.003044,0.00282873,0.00021527000000000004
0.003019,0.00299693000000001,2.2069999999989928e-05
0.003052,0.0029852933333333314,6.670666666666863e-05
0.003069,0.002809560000000007,0.00025943999999999317
0.003044,0.0030135133333333325,3.0486666666667325e-05
0.003077,0.0029984200000000146,7.857999999998522e-05
0.003094,0.002888363333333327,0.00020563666666667275
0.00307,0.003084530000000003,-1.4530000000003047e-05
0.003102,0.0030832833333333315,1.8716666666668703e-05
0.003118,0.0027170300000000087,0.0004009699999999914
0.003095,0.003090170000000006,4.829999999994301e-06
0.003127,0.0031004300000000056,2.6569999999994428e-05
0.003143,0.0028113833333333325,0.00033161666666666747
0.003121,0.0031093266666666697,1.1673333333330361e-05
0.003152,0.0031240933333333363,2.7906666666663565e-05
0.003168,0.0026313233333333367,0.0005366766666666631
0.003146,0.0032223866666666635,-7.638666666666362e-05
0.003177,0.003263690000000004,-8.669000000000385e-05
0.003193,0.0022480500000000036,0.0009449499999999965
