y_true,y_pred,residual
0.0008571,0.0008278193333333342,2.928066666666579e-05
0.0008641,0.0008542476666666677,9.852333333332372e-06
0.0008419,0.0008225336666666666,1.936633333333342e-05
0.0008494,0.0008478633333333324,1.5366666666676238e-06
0.0008275,0.0008190013333333342,8.498666666665786e-06
0.0008354,0.0008455823333333317,-1.0182333333331713e-05
0.0008138,0.0007805873333333328,3.32126666666672e-05
0.0008222,0.0008043396666666664,1.7860333333333668e-05
0.0008006,0.0007624026666666662,3.819733333333382e-05
0.0008099,0.0007843293333333339,2.557066666666614e-05
0.0007882,0.0007552576666666655,3.2942333333334456e-05
0.000798,0.0007728753333333344,2.5124666666665623e-05
0.0007769,0.0007524053333333324,2.449466666666752e-05
0.0007868,0.0007724486666666648,1.435133333333523e-05
0.0007663,0.0007453606666666681,2.093933333333195e-05
0.0007763,0.000765580666666667,1.0719333333332904e-05
0.0007562,0.000741169666666666,1.5030333333333995e-05
0.0007666,0.0007591496666666665,7.4503333333334745e-06
0.0007466,0.0007150310000000002,3.1568999999999846e-05
0.0007576,0.0007344136666666677,2.318633333333231e-05
0.0007377,0.0007148619999999984,2.2838000000001586e-05
0.0007494,0.0007378910000000003,1.1508999999999717e-05
0.0007293,0.0007147333333333323,1.4566666666667653e-05
0.0007414,0.0007345076666666681,6.892333333331953e-06
0.0007209,0.0007134793333333342,7.420666666665835e-06
0.0007338,0.0007318546666666658,1.9453333333341837e-06
0.0007136,0.0007069529999999987,6.647000000001334e-06
0.0007266,0.0007245583333333343,2.041666666665709e-06
0.0007072,0.000699708000000002,7.491999999997942e-06
0.0007198,0.0007197166666666669,8.33333333331637e-08
0.0007016,0.0006963823333333348,5.217666666665192e-06
0.0007135,0.0007155263333333339,-2.0263333333338327e-06
0.0006961,0.0006911686666666658,4.9313333333341446e-06
0.0007076,0.0007094363333333355,-1.8363333333355032e-06
0.0006909,0.000688237000000001,2.662999999998995e-06
0.0007021,0.0007052480000000017,-3.1480000000017527e-06
0.000685,0.000681280666666666,3.7193333333339264e-06
0.0006971,0.000700102666666669,-3.0026666666690223e-06
0.0006798,0.0006753373333333319,4.462666666668158e-06
0.0006924,0.0006923546666666665,4.5333333333541156e-08
0.0006752,0.0006644040000000002,1.0795999999999874e-05
0.000688,0.0006852146666666663,2.7853333333337487e-06
0.0006708,0.0006627903333333336,8.009666666666435e-06
0.0006838,0.0006839209999999992,-1.2099999999919467e-07
0.0006667,0.0006581870000000004,8.512999999999598e-06
0.0006801,0.0006751463333333318,4.953666666668191e-06
0.0006631,0.0006582280000000014,4.871999999998648e-06
0.0006764,0.0006739993333333346,2.4006666666653983e-06
0.0006597,0.0006566233333333343,3.076666666665742e-06
0.0006732,0.0006722133333333332,9.866666666667702e-07
0.0006565,0.0006501673333333349,6.332666666665075e-06
0.00067,0.0006673446666666676,2.6553333333324608e-06
0.0006536,0.0006485406666666681,5.059333333331823e-06
0.000667,0.0006644756666666673,2.524333333332675e-06
0.0006507,0.0006466423333333338,4.057666666666226e-06
0.0006642,0.0006625913333333338,1.6086666666661554e-06
0.000648,0.0006435916666666659,4.40833333333415e-06
0.0006618,0.0006593616666666672,2.4383333333328388e-06
0.0006457,0.0006432986666666663,2.401333333333774e-06
0.0006593,0.0006583793333333316,9.206666666684415e-07
0.0006434,0.0006408350000000015,2.5649999999985363e-06
0.000657,0.0006555480000000013,1.4519999999986844e-06
0.0006413,0.0006389130000000004,2.386999999999637e-06
0.0006548,0.000653773,1.0270000000000157e-06
0.0006394,0.0006381703333333365,1.229666666663549e-06
0.0006529,0.0006523829999999989,5.17000000001093e-07
0.0006375,0.0006347656666666688,2.734333333331211e-06
0.0006511,0.0006494139999999989,1.6860000000011761e-06
0.0006356,0.0006329259999999999,2.674000000000144e-06
0.0006494,0.0006476450000000007,1.7549999999992268e-06
0.0006338,0.0006325240000000014,1.2759999999986237e-06
0.0006478,0.0006476579999999977,1.4200000000234424e-07
0.0006322,0.0006302303333333352,1.969666666664792e-06
0.0006462,0.000645652666666665,5.473333333349401e-07
0.0006306,0.0006293356666666658,1.2643333333341947e-06
0.0006447,0.0006440910000000004,6.089999999996142e-07
0.0006292,0.000623609000000001,5.590999999999019e-06
0.0006434,0.0006397656666666678,3.634333333332263e-06
0.0006278,0.0006254019999999986,2.398000000001328e-06
0.000642,0.0006405396666666659,1.4603333333341366e-06
0.0006264,0.0006233383333333322,3.0616666666678912e-06
0.0006406,0.0006387720000000021,1.8279999999978825e-06
0.000625,0.0006236783333333335,1.3216666666665154e-06
0.0006394,0.0006387706666666672,6.293333333328701e-07
0.0006236,0.0006214949999999982,2.1050000000018103e-06
0.0006383,0.0006372913333333349,1.0086666666650566e-06
0.0006222,0.0006208470000000008,1.352999999999294e-06
0.0006373,0.0006365600000000024,7.399999999976653e-07
0.0006207,0.000618803666666668,1.8963333333320027e-06
0.0006363,0.0006352843333333338,1.015666666666251e-06
0.0006194,0.0006173706666666692,2.0293333333307358e-06
0.0006353,0.0006340166666666674,1.2833333333325423e-06
0.0006182,0.0006168750000000011,1.3249999999988531e-06
0.0006344,0.0006335633333333346,8.366666666653842e-07
0.0006172,0.0006152846666666676,1.9153333333324103e-06
0.0006335,0.0006325929999999994,9.070000000005116e-07
0.0006162,0.0006153526666666654,8.473333333345679e-07
0.0006329,0.0006325393333333342,3.606666666658041e-07
0.0006154,0.0006141003333333334,1.2996666666666027e-06
0.0006325,0.0006318309999999988,6.690000000012094e-07
0.0006145,0.0006133053333333318,1.194666666668202e-06
0.0006321,0.0006313673333333357,7.326666666642888e-07
0.0006138,0.0006130273333333337,7.726666666662196e-07
0.0006317,0.0006311963333333334,5.036666666666462e-07
0.0006132,0.0006124929999999988,7.070000000012656e-07
0.0006313,0.0006307846666666665,5.153333333334604e-07
0.0006126,0.0006124413333333347,1.5866666666533406e-07
0.0006309,0.0006308763333333347,2.366666666526844e-08
0.0006121,0.0006121820000000001,-8.200000000009849e-08
0.0006306,0.0006306603333333321,-6.033333333204261e-08
0.0006116,0.0006114563333333356,1.4366666666444736e-07
0.0006304,0.0006304079999999999,-7.999999999909121e-09
0.0006112,0.0006111380000000004,6.199999999956674e-08
0.0006303,0.0006301333333333353,1.6666666666470108e-07
0.0006112,0.0006113086666666687,-1.0866666666866677e-07
0.0006304,0.000630448000000001,-4.800000000097261e-08
0.0006113,0.0006115796666666678,-2.7966666666788976e-07
0.0006306,0.0006308650000000018,-2.6500000000178724e-07
0.0006114,0.000611686,-2.859999999999495e-07
0.000631,0.0006312320000000013,-2.3200000000126765e-07
0.0006117,0.0006118859999999993,-1.8599999999935075e-07
0.0006314,0.0006316046666666657,-2.0466666666573308e-07
0.0006118,0.000612382333333333,-5.823333333329975e-07
0.0006318,0.0006320006666666671,-2.0066666666718799e-07
0.000612,0.0006127143333333322,-7.143333333321485e-07
0.0006323,0.0006325036666666662,-2.0366666666615102e-07
0.0006125,0.0006126419999999992,-1.4199999999920006e-07
0.0006328,0.0006330333333333343,-2.3333333333433286e-07
0.0006128,0.0006127643333333325,3.566666666751737e-08
0.0006335,0.000633187999999999,3.1200000000090097e-07
0.0006133,0.0006132226666666658,7.733333333415342e-08
0.0006342,0.0006339183333333332,2.8166666666683705e-07
0.000614,0.0006139253333333326,7.466666666737249e-08
0.0006349,0.0006347493333333329,1.5066666666705125e-07
0.0006147,0.0006147326666666666,-3.266666666660277e-08
0.0006358,0.0006356853333333311,1.1466666666886966e-07
0.0006156,0.0006142696666666657,1.3303333333342581e-06
0.0006369,0.0006353599999999993,1.5400000000007205e-06
0.0006164,0.0006165113333333313,-1.1133333333132774e-07
0.000638,0.000637885,1.1499999999996756e-07
0.0006173,0.0006158759999999991,1.4240000000008456e-06
0.0006393,0.0006372473333333332,2.0526666666667494e-06
0.0006184,0.000617334,1.0659999999999793e-06
0.0006406,0.0006387713333333335,1.8286666666664751e-06
0.0006197,0.0006187596666666656,9.403333333344059e-07
0.0006419,0.0006405796666666669,1.320333333333125e-06
0.000621,0.0006208069999999994,1.9300000000065359e-07
0.0006433,0.0006426006666666685,6.993333333314786e-07
0.0006226,0.0006232000000000003,-6.000000000003398e-07
0.000645,0.0006451433333333336,-1.4333333333367473e-07
0.0006242,0.0006227700000000009,1.429999999999097e-06
0.0006467,0.0006447526666666672,1.9473333333328057e-06
0.0006259,0.0006278073333333339,-1.9073333333339106e-06
0.0006485,0.0006498836666666661,-1.3836666666660821e-06
0.0006277,0.0006271446666666688,5.553333333312713e-07
0.0006505,0.0006494726666666662,1.0273333333338242e-06
0.0006297,0.0006291786666666683,5.213333333317118e-07
0.0006525,0.0006514786666666671,1.0213333333328623e-06
0.0006317,0.0006308926666666676,8.073333333324202e-07
0.0006547,0.0006535653333333327,1.1346666666673657e-06
0.0006338,0.0006336016666666655,1.9833333333454072e-07
0.0006569,0.0006561306666666663,7.69333333333665e-07
0.0006359,0.000634192333333333,1.7076666666669552e-06
0.000659,0.0006568246666666654,2.1753333333345524e-06
0.000638,0.0006361983333333334,1.801666666666592e-06
0.0006613,0.0006589603333333323,2.3396666666676905e-06
0.0006402,0.0006398123333333322,3.876666666677471e-07
0.0006636,0.0006628493333333349,7.506666666651143e-07
0.0006426,0.0006422443333333338,3.5566666666615905e-07
0.0006661,0.0006650943333333311,1.0056666666689125e-06
0.000645,0.0006424559999999982,2.5440000000017835e-06
0.0006686,0.0006654596666666677,3.140333333332291e-06
0.0006474,0.0006457436666666683,1.6563333333316933e-06
0.0006711,0.0006683383333333335,2.7616666666665287e-06
0.0006499,0.0006492309999999997,6.690000000003421e-07
0.0006736,0.0006721720000000016,1.427999999998415e-06
0.0006524,0.0006498126666666672,2.5873333333327996e-06
0.0006761,0.0006730236666666666,3.0763333333334517e-06
0.0006549,0.0006512943333333333,3.605666666666699e-06
0.0006786,0.0006745273333333338,4.072666666666246e-06
0.0006575,0.0006545013333333345,2.99866666666549e-06
0.0006812,0.0006777450000000017,3.454999999998238e-06
0.00066,0.0006574803333333335,2.519666666666513e-06
0.0006837,0.000680855666666666,2.844333333334027e-06
0.0006626,0.0006613933333333312,1.2066666666687162e-06
0.0006861,0.0006847149999999982,1.3850000000018578e-06
0.000665,0.0006649979999999998,2.000000000248331e-09
0.0006885,0.0006885316666666649,-3.166666666496072e-08
0.0006675,0.0006682226666666671,-7.226666666670586e-07
0.0006909,0.0006915823333333353,-6.823333333352225e-07
0.00067,0.0006699266666666659,7.333333333409044e-08
0.0006932,0.0006931886666666662,1.133333333387318e-08
0.0006723,0.0006731096666666661,-8.096666666660432e-07
0.0006954,0.000695787333333333,-3.873333333329629e-07
0.0006746,0.0006738279999999991,7.720000000008796e-07
0.0006977,0.0006972103333333348,4.896666666652331e-07
0.000677,0.0006771409999999994,-1.4099999999940115e-07
0.0007001,0.0007004083333333333,-3.083333333332369e-07
0.0006793,0.0006807176666666672,-1.417666666667268e-06
0.0007024,0.000703831000000002,-1.4310000000019316e-06
0.0006818,0.0006828936666666667,-1.0936666666667202e-06
0.0007048,0.0007048053333333348,-5.333333334754491e-09
0.0006842,0.0006863499999999994,-2.1499999999993746e-06
0.0007072,0.000709483000000001,-2.283000000001035e-06
0.0006866,0.0006885933333333322,-1.993333333332229e-06
0.0007096,0.0007119823333333327,-2.382333333332716e-06
0.000689,0.0006902336666666695,-1.2336666666694666e-06
0.000712,0.0007131606666666689,-1.1606666666689677e-06
0.0006915,0.0006945513333333324,-3.0513333333324075e-06
0.0007145,0.0007170426666666655,-2.542666666665574e-06
0.0006941,0.0006969209999999986,-2.8209999999985556e-06
0.0007171,0.0007192553333333312,-2.1553333333312018e-06
0.0006967,0.0006983716666666688,-1.671666666668882e-06
0.0007197,0.0007221050000000003,-2.405000000000354e-06
0.0006992,0.0007024500000000021,-3.250000000002166e-06
0.0007225,0.0007257850000000014,-3.2850000000013077e-06
0.0007019,0.0007053053333333343,-3.405333333334295e-06
0.0007252,0.0007274033333333318,-2.203333333331849e-06
0.0007047,0.000708246333333334,-3.546333333333913e-06
0.000728,0.0007308043333333342,-2.8043333333341563e-06
0.0007075,0.0007113383333333331,-3.83833333333309e-06
0.0007309,0.0007329100000000011,-2.0100000000010734e-06
0.0007103,0.0007131593333333332,-2.859333333333179e-06
0.0007339,0.0007362376666666665,-2.3376666666664664e-06
0.0007133,0.0007178133333333332,-4.513333333333201e-06
0.000737,0.0007397133333333329,-2.713333333332832e-06
0.0007164,0.0007220779999999994,-5.677999999999413e-06
0.0007401,0.0007448983333333322,-4.798333333332159e-06
0.0007197,0.0007264956666666671,-6.795666666667161e-06
0.0007433,0.000749326666666667,-6.026666666666979e-06
0.0007228,0.0007102896666666675,1.251033333333248e-05
0.0007465,0.0007324983333333317,1.4001666666668298e-05
0.0007259,0.000717972999999999,7.927000000000997e-06
0.0007496,0.0007410080000000021,8.591999999997915e-06
0.0007289,0.0007219396666666666,6.960333333333349e-06
0.0007527,0.0007450640000000017,7.635999999998366e-06
0.0007319,0.0007330706666666679,-1.1706666666679326e-06
0.0007558,0.0007556850000000007,1.1499999999931704e-07
0.0007348,0.0007381023333333345,-3.3023333333345164e-06
0.0007589,0.0007611376666666685,-2.237666666668578e-06
0.0007375,0.0007405873333333324,-3.0873333333324322e-06
0.0007617,0.0007629383333333342,-1.238333333334219e-06
0.0007401,0.0007394723333333349,6.276666666651292e-07
0.0007642,0.0007634180000000016,7.81999999998435e-07
0.0007425,0.0007437956666666699,-1.2956666666699007e-06
0.0007665,0.0007677480000000021,-1.248000000002086e-06
0.0007446,0.000746436333333336,-1.8363333333360453e-06
0.0007687,0.0007703670000000032,-1.6670000000032622e-06
0.0007465,0.00074752566666667,-1.0256666666699863e-06
0.0007707,0.0007713629999999981,-6.629999999980792e-07
0.0007484,0.00075021066666667,-1.8106666666699864e-06
0.0007727,0.0007734883333333363,-7.883333333363494e-07
0.0007501,0.000752224333333337,-2.124333333337002e-06
0.0007746,0.0007759706666666688,-1.3706666666688048e-06
0.0007517,0.000753608333333337,-1.908333333336962e-06
0.0007764,0.000777893666666668,-1.493666666668031e-06
0.0007533,0.0007526466666666639,6.533333333361754e-07
0.0007781,0.0007773280000000014,7.719999999986028e-07
0.0007548,0.0007562713333333301,-1.4713333333300814e-06
0.0007797,0.0007814963333333314,-1.796333333331404e-06
0.0007563,0.000758008000000001,-1.7080000000009804e-06
0.0007815,0.0007827843333333305,-1.284333333330498e-06
0.0007578,0.0007576516666666629,1.4833333333711448e-07
0.0007833,0.0007832123333333324,8.766666666757718e-08
0.0007594,0.0007594876666666681,-8.766666666811928e-08
0.0007851,0.0007851569999999982,-5.6999999998295393e-08
0.0007609,0.000761188333333331,-2.8833333333097046e-07
0.000787,0.0007873183333333363,-3.183333333362133e-07
0.0007625,0.0007622813333333324,2.1866666666768824e-07
0.000789,0.0007887076666666675,2.923333333324429e-07
0.0007643,0.0007639556666666654,3.443333333345627e-07
0.000791,0.0007903163333333345,6.836666666655772e-07
0.0007662,0.0007659219999999977,2.780000000023172e-07
0.000793,0.0007927003333333312,2.9966666666874676e-07
0.000768,0.000767339999999998,6.600000000020435e-07
0.000795,0.0007944703333333312,5.296666666687903e-07
0.00077,0.0007704333333333316,-4.333333333316272e-07
0.000797,0.0007973963333333316,-3.9633333333158674e-07
0.0007718,0.0007721333333333334,-3.333333333334137e-07
0.0007991,0.0007993766666666672,-2.76666666667192e-07
0.0007736,0.0007744876666666627,-8.876666666626093e-07
0.0008013,0.000802175333333335,-8.753333333350087e-07
0.0007756,0.0007763890000000014,-7.890000000013641e-07
0.0008035,0.0008046613333333345,-1.1613333333345245e-06
0.0007777,0.0007789903333333306,-1.2903333333305926e-06
0.0008059,0.0008069310000000043,-1.0310000000043071e-06
0.0007798,0.0007807343333333336,-9.343333333336609e-07
0.0008083,0.000809279666666666,-9.796666666660094e-07
0.000782,0.000784171666666667,-2.171666666666997e-06
0.0008108,0.0008128786666666662,-2.078666666666183e-06
0.0007841,0.000786661333333332,-2.5613333333319565e-06
0.0008133,0.0008155699999999999,-2.269999999999963e-06
0.0007862,0.000789701333333331,-3.5013333333309277e-06
0.0008156,0.0008190286666666664,-3.4286666666664056e-06
0.0007882,0.000788307333333331,-1.0733333333104791e-07
0.0008178,0.0008177493333333324,5.0666666667645126e-08
0.0007901,0.0007915389999999993,-1.438999999999347e-06
0.00082,0.0008209369999999985,-9.369999999984903e-07
0.0007924,0.0007918379999999986,5.620000000013678e-07
0.0008222,0.0008215216666666652,6.783333333348343e-07
0.0007946,0.0007948106666666683,-2.1066666666832122e-07
0.0008245,0.0008250699999999971,-5.699999999970486e-07
0.0007967,0.0007970313333333364,-3.31333333336418e-07
0.0008269,0.0008276753333333344,-7.7533333333441e-07
0.0007987,0.0007999870000000004,-1.2870000000004232e-06
0.0008292,0.0008297699999999965,-5.699999999965065e-07
0.0008007,0.0008001040000000044,5.959999999956148e-07
0.0008316,0.0008311170000000009,4.829999999991482e-07
0.0008025,0.0008013846666666634,1.1153333333366192e-06
0.0008341,0.0008321089999999957,1.991000000004352e-06
0.0008049,0.000803622000000003,1.277999999997029e-06
0.0008365,0.0008349986666666681,1.5013333333318548e-06
0.0008071,0.0008038936666666664,3.2063333333336554e-06
0.0008391,0.0008353966666666637,3.7033333333362766e-06
0.0008096,0.0008053573333333333,4.2426666666666455e-06
0.0008416,0.0008369636666666634,4.636333333336547e-06
0.0008119,0.0008091669999999976,2.733000000002374e-06
0.0008442,0.0008411443333333313,3.0556666666687726e-06
0.0008144,0.0008146896666666691,-2.896666666691314e-07
0.000847,0.0008454773333333297,1.5226666666703307e-06
0.0008169,0.0008150276666666657,1.8723333333342269e-06
0.0008499,0.0008468723333333287,3.027666666671259e-06
0.0008196,0.0008188903333333319,7.096666666680466e-07
0.0008528,0.0008516289999999963,1.1710000000036925e-06
0.0008223,0.000819708333333335,2.591666666664936e-06
0.0008558,0.0008521163333333287,3.683666666671288e-06
0.0008251,0.0008218859999999986,3.214000000001491e-06
0.0008588,0.000853853666666665,4.946333333334923e-06
0.0008279,0.0008247743333333307,3.1256666666693326e-06
0.0008619,0.0008573406666666654,4.559333333334576e-06
0.0008307,0.0008278529999999985,2.8470000000014586e-06
0.000865,0.0008589909999999992,6.00900000000083e-06
0.0008336,0.0008295683333333311,4.031666666668853e-06
0.0008683,0.000862085666666668,6.214333333332011e-06
0.0008368,0.0008331073333333309,3.6926666666690445e-06
0.0008717,0.0008661843333333325,5.515666666667499e-06
0.0008399,0.0008351416666666637,4.7583333333362995e-06
0.0008753,0.0008688586666666686,6.441333333331357e-06
0.0008432,0.0008409283333333331,2.271666666666945e-06
0.0008788,0.0008752523333333327,3.5476666666673035e-06
0.0008466,0.0008442593333333305,2.340666666669441e-06
0.0008825,0.0008782966666666698,4.2033333333302714e-06
0.00085,0.0008480836666666661,1.9163333333338355e-06
0.0008863,0.0008827640000000026,3.5359999999974535e-06
0.0008536,0.0008544360000000014,-8.360000000013452e-07
0.0008901,0.0008897770000000018,3.2299999999825524e-07
0.0008573,0.0008541566666666664,3.143333333333531e-06
0.000894,0.0008887873333333338,5.212666666666197e-06
0.0008609,0.0008596203333333328,1.2796666666671551e-06
0.0008979,0.0008952609999999994,2.639000000000569e-06
0.0008646,0.0008608693333333323,3.730666666667691e-06
0.000902,0.0008954966666666656,6.503333333334393e-06
0.0008685,0.0008673420000000005,1.1579999999994763e-06
0.0009062,0.0009033460000000021,2.8539999999978825e-06
0.0008726,0.0008714453333333342,1.154666666665729e-06
0.0009105,0.0009078956666666656,2.6043333333343683e-06
0.0008767,0.0008753546666666678,1.3453333333322175e-06
0.0009149,0.0009110690000000007,3.8309999999992794e-06
0.000881,0.0008839583333333332,-2.95833333333322e-06
0.0009193,0.0009211916666666659,-1.8916666666659492e-06
0.0008853,0.000884480333333331,8.196666666690196e-07
0.0009238,0.000921281666666667,2.518333333333014e-06
0.0008898,0.0008882743333333318,1.5256666666682095e-06
0.0009283,0.0009250326666666662,3.2673333333337485e-06
0.0008944,0.0008958916666666685,-1.4916666666685416e-06
0.000933,0.0009326659999999994,3.3400000000059684e-07
0.0008991,0.0008963436666666652,2.75633333333481e-06
0.0009379,0.0009321500000000003,5.749999999999679e-06
0.0009037,0.0009048076666666673,-1.1076666666672659e-06
0.0009428,0.0009416803333333337,1.1196666666663706e-06
0.0009086,0.0009117066666666648,-3.106666666664805e-06
0.0009479,0.0009501793333333339,-2.279333333333913e-06
0.0009136,0.000924923999999999,-1.1323999999998972e-05
0.0009531,0.0009666003333333343,-1.35003333333343e-05
0.0009187,0.0009199076666666639,-1.207666666663853e-06
0.0009582,0.0009582526666666674,-5.2666666667459776e-08
0.0009242,0.0009249773333333319,-7.773333333318394e-07
0.0009634,0.0009627619999999993,6.380000000007213e-07
0.0009295,0.000930495,-9.95000000000054e-07
0.0009689,0.0009673483333333349,1.551666666665041e-06
0.0009349,0.000937109000000002,-2.2090000000020383e-06
0.0009743,0.0009725506666666676,1.7493333333323986e-06
0.0009405,0.0009521153333333334,-1.161533333333335e-05
0.00098,0.000993270666666668,-1.3270666666667956e-05
0.0009461,0.0009535933333333339,-7.493333333333935e-06
0.0009857,0.0009921500000000005,-6.450000000000509e-06
0.0009518,0.0009638560000000007,-1.2056000000000631e-05
0.0009915,0.0009995013333333356,-8.001333333335645e-06
0.0009577,0.0009689326666666683,-1.1232666666668284e-05
0.0009975,0.0010062180000000014,-8.718000000001525e-06
0.0009636,0.0009779226666666672,-1.4322666666667172e-05
0.001004,0.0010177596666666694,-1.3759666666669475e-05
0.0009699,0.0009762153333333335,-6.315333333333493e-06
0.00101,0.0010127953333333329,-2.795333333332822e-06
0.0009765,0.0009850039999999996,-8.503999999999565e-06
0.001017,0.0010250033333333358,-8.003333333335893e-06
0.0009833,0.0009913543333333317,-8.0543333333316e-06
0.001024,0.0010246013333333331,-6.013333333331882e-07
0.0009906,0.001000504333333333,-9.90433333333319e-06
0.001031,0.0010304756666666668,5.243333333331684e-07
0.0009981,0.0010037683333333327,-5.66833333333263e-06
0.001038,0.001035464666666667,2.535333333333065e-06
0.001006,0.0010108476666666648,-4.847666666664896e-06
0.001046,0.0010453829999999996,6.170000000004991e-07
0.001014,0.0010192359999999982,-5.235999999998308e-06
0.001054,0.0010563203333333329,-2.320333333332824e-06
0.001023,0.0010203256666666658,2.674333333334278e-06
0.001062,0.0010533349999999994,8.665000000000582e-06
0.001032,0.001033250666666665,-1.2506666666649638e-06
0.001071,0.001064080000000001,6.919999999998802e-06
0.001042,0.0010422626666666663,-2.6266666666632105e-07
0.001081,0.0010700743333333321,1.0925666666667787e-05
0.001052,0.0010447613333333322,7.23866666666774e-06
0.001091,0.00107225,1.8749999999999887e-05
0.001063,0.0010526133333333318,1.0386666666668083e-05
0.001101,0.0010720826666666676,2.891733333333234e-05
0.001075,0.001074823666666667,1.7633333333289328e-07
0.001112,0.001093886000000001,1.811399999999898e-05
0.001087,0.0010758899999999988,1.111000000000124e-05
0.001124,0.0011000123333333343,2.398766666666572e-05
0.0011,0.0010918133333333328,8.18666666666727e-06
0.001136,0.0011222933333333357,1.3706666666664412e-05
0.001114,0.0011101499999999986,3.850000000001422e-06
0.001149,0.0011408366666666697,8.16333333333039e-06
0.001129,0.001126420000000001,2.5799999999989894e-06
0.001163,0.001157996666666668,5.003333333332026e-06
0.001145,0.001146596666666668,-1.5966666666680264e-06
0.001178,0.0011840866666666659,-6.086666666665864e-06
0.001161,0.001164503333333336,-3.5033333333361633e-06
0.001194,0.0012003100000000017,-6.310000000001774e-06
0.001179,0.0011902133333333367,-1.1213333333336779e-05
0.00121,0.001234580000000002,-2.4580000000002126e-05
0.001197,0.0012046100000000042,-7.610000000004245e-06
0.001228,0.0012457733333333361,-1.77733333333362e-05
0.001217,0.0012321266666666679,-1.5126666666667905e-05
0.001246,0.0012767600000000003,-3.0760000000000336e-05
0.001238,0.0012628199999999985,-2.4819999999998532e-05
0.001265,0.0013108733333333322,-4.587333333333217e-05
0.001261,0.0012859366666666673,-2.4936666666667325e-05
0.001286,0.0013338800000000052,-4.788000000000513e-05
0.001284,0.001311710000000002,-2.771000000000197e-05
0.001307,0.0013630500000000013,-5.605000000000128e-05
0.001309,0.0013410666666666662,-3.206666666666618e-05
0.00133,0.0013893833333333354,-5.938333333333542e-05
0.001335,0.0013636166666666683,-2.861666666666824e-05
0.001353,0.0014095466666666696,-5.654666666666955e-05
0.001361,0.0014220366666666652,-6.103666666666522e-05
0.001377,0.0014620666666666671,-8.506666666666714e-05
0.001388,0.00143875,-5.0750000000000014e-05
0.001401,0.0014702433333333364,-6.924333333333649e-05
0.001417,0.0014556599999999988,-3.865999999999874e-05
0.001426,0.0014825800000000022,-5.6580000000002253e-05
0.001445,0.0014812833333333337,-3.628333333333361e-05
0.001452,0.0015067999999999998,-5.4799999999999814e-05
0.001474,0.0015231866666666676,-4.918666666666751e-05
0.001478,0.0015529999999999975,-7.49999999999976e-05
0.001503,0.0015430699999999975,-4.006999999999752e-05
0.001503,0.001562209999999995,-5.920999999999509e-05
0.001531,0.0015632233333333291,-3.22233333333291e-05
0.001529,0.0015694366666666665,-4.0436666666666564e-05
0.001558,0.0015926733333333307,-3.467333333333081e-05
0.001553,0.0015973600000000025,-4.436000000000262e-05
0.001584,0.0016204966666666725,-3.6496666666672615e-05
0.001576,0.0016091333333333353,-3.3133333333335404e-05
0.001609,0.0016427699999999974,-3.376999999999742e-05
0.001597,0.0016338600000000007,-3.6860000000000755e-05
0.001631,0.0016489500000000054,-1.7950000000005288e-05
0.001616,0.0016387833333333342,-2.2783333333334203e-05
0.001649,0.001665226666666667,-1.622666666666701e-05
0.001632,0.0016467599999999945,-1.4759999999994526e-05
0.001664,0.0016642633333333319,-2.633333333319863e-07
0.001644,0.0016459433333333364,-1.9433333333363206e-06
0.001673,0.0016718566666666667,1.1433333333332654e-06
0.001653,0.0016565599999999923,-3.559999999992302e-06
0.001677,0.001671836666666668,5.16333333333216e-06
0.001656,0.0016522599999999916,3.7400000000083634e-06
0.001674,0.001666346666666666,7.653333333333852e-06
0.001654,0.0016519866666666637,2.0133333333363385e-06
0.001664,0.0016529033333333395,1.1096666666660397e-05
0.001648,0.0016521533333333283,-4.1533333333284e-06
0.00165,0.0016346800000000068,1.531999999999315e-05
0.00164,0.0016350100000000018,4.989999999998121e-06
0.001635,0.0016269366666666688,8.0633333333312e-06
0.001631,0.0016372966666666684,-6.296666666668303e-06
0.00162,0.0016075300000000026,1.2469999999997284e-05
0.001623,0.0016294000000000011,-6.400000000001023e-06
0.001609,0.0016027533333333327,6.246666666667299e-06
0.001617,0.0016312000000000008,-1.4200000000000887e-05
0.001601,0.001589576666666662,1.1423333333337917e-05
0.001614,0.0016284833333333325,-1.4483333333332538e-05
0.001597,0.0015936533333333293,3.346666666670644e-06
0.001614,0.0016171599999999953,-3.159999999995328e-06
0.001596,0.0015954866666666701,5.133333333298511e-07
0.001615,0.0016159533333333371,-9.533333333372127e-07
0.001597,0.0015902166666666615,6.783333333338368e-06
0.001618,0.0016100899999999935,7.910000000006584e-06
0.001599,0.0015898499999999962,9.150000000003773e-06
0.001622,0.0016118866666666614,1.0113333333338541e-05
0.001603,0.0016050866666666686,-2.086666666668586e-06
0.001627,0.0016364433333333358,-9.443333333335798e-06
0.001607,0.0016042966666666666,2.703333333333325e-06
0.001632,0.0016273766666666638,4.623333333336234e-06
0.001613,0.0016115933333333372,1.4066666666628664e-06
0.001638,0.0016446300000000024,-6.630000000002476e-06
0.001619,0.001621253333333332,-2.2533333333320943e-06
0.001644,0.0016536000000000005,-9.60000000000045e-06
0.001626,0.0016310166666666645,-5.016666666664412e-06
0.001651,0.0016705399999999975,-1.953999999999758e-05
0.001633,0.0016301633333333343,2.8366666666656496e-06
0.001658,0.001654620000000004,3.379999999995973e-06
0.001641,0.0016371866666666627,3.813333333337358e-06
0.001665,0.0016637333333333316,1.2666666666684683e-06
0.001648,0.0016456833333333312,2.3166666666687378e-06
0.001672,0.001674883333333336,-2.8833333333359423e-06
0.001656,0.0016577633333333334,-1.7633333333334864e-06
0.001679,0.001682123333333337,-3.123333333337119e-06
0.001665,0.0016584566666666628,6.543333333337191e-06
0.001686,0.0016834999999999962,2.5000000000038013e-06
0.001673,0.001667076666666673,5.923333333326996e-06
0.001693,0.0016929399999999998,6.000000000029419e-08
0.001682,0.0016822233333333336,-2.2333333333374172e-07
0.001701,0.001711106666666667,-1.0106666666666927e-05
0.001691,0.0016845200000000008,6.479999999999247e-06
0.001708,0.0017085366666666668,-5.366666666667321e-07
0.0017,0.001695413333333333,4.586666666666966e-06
0.001716,0.0017044533333333274,1.1546666666672686e-05
0.001709,0.0017133199999999956,-4.319999999995595e-06
0.001723,0.0017326099999999977,-9.609999999997789e-06
0.001717,0.0017166233333333343,3.7666666666573076e-07
0.00173,0.0017238366666666616,6.163333333338364e-06
0.001724,0.0017257499999999988,-1.7499999999987144e-06
0.001737,0.0017351533333333324,1.846666666667626e-06
0.001731,0.001744333333333331,-1.3333333333331128e-05
0.001743,0.0017665766666666656,-2.3576666666665644e-05
0.001737,0.0017418533333333304,-4.853333333330314e-06
0.001749,0.0017548933333333338,-5.893333333333896e-06
0.001743,0.0017456133333333343,-2.613333333334293e-06
0.001754,0.0017503100000000023,3.6899999999976014e-06
0.001747,0.0017531599999999988,-6.159999999998762e-06
0.001757,0.0017649733333333288,-7.973333333328699e-06
0.001751,0.0017520566666666666,-1.0566666666666797e-06
0.00176,0.0017666000000000027,-6.600000000002654e-06
0.001753,0.0017591966666666674,-6.196666666667379e-06
0.001762,0.0017711099999999983,-9.109999999998373e-06
0.001755,0.001754843333333335,1.5666666666508573e-07
0.001762,0.0017621333333333296,-1.3333333332972257e-07
0.001755,0.00175639333333333,-1.393333333330046e-06
0.001762,0.0017638133333333294,-1.8133333333295032e-06
0.001754,0.0017540833333333338,-8.333333333392264e-08
0.00176,0.0017612699999999951,-1.2699999999950598e-06
0.001751,0.0017542333333333323,-3.233333333332346e-06
0.001756,0.0017607766666666639,-4.776666666663886e-06
0.001747,0.0017444333333333313,2.566666666668771e-06
0.001751,0.0017488800000000013,2.1199999999986854e-06
0.001741,0.0017482233333333348,-7.223333333334888e-06
0.001744,0.001753606666666665,-9.606666666664909e-06
0.001734,0.0017409599999999965,-6.959999999996396e-06
0.001736,0.0017447433333333366,-8.743333333336703e-06
0.001725,0.0017375233333333335,-1.2523333333333553e-05
0.001726,0.0017409866666666669,-1.4986666666666785e-05
0.001714,0.0017249699999999954,-1.096999999999535e-05
0.001714,0.001728443333333332,-1.4443333333331908e-05
0.0017,0.0017163100000000002,-1.6310000000000283e-05
0.0017,0.0017125866666666645,-1.2586666666664558e-05
0.001685,0.001702556666666667,-1.7556666666666918e-05
0.001685,0.0017032766666666614,-1.827666666666134e-05
0.001668,0.0016761799999999978,-8.179999999997824e-06
0.001667,0.0016764333333333299,-9.433333333329786e-06
0.001649,0.0016614866666666685,-1.2486666666668405e-05
0.001648,0.0016565233333333286,-8.523333333328685e-06
0.001628,0.0016485399999999996,-2.0539999999999448e-05
0.001628,0.001653049999999995,-2.5049999999994998e-05
0.001605,0.0016256500000000006,-2.065000000000053e-05
0.001605,0.0016281099999999988,-2.3109999999998713e-05
0.001581,0.0015895733333333337,-8.57333333333381e-06
0.001581,0.0015936899999999996,-1.2689999999999663e-05
0.001555,0.0015660366666666657,-1.103666666666574e-05
0.001555,0.001575460000000001,-2.0460000000001007e-05
0.001527,0.001536763333333331,-9.763333333331079e-06
0.001528,0.0015571599999999969,-2.9159999999996827e-05
0.001498,0.0015163133333333336,-1.8313333333333645e-05
0.0015,0.0015493133333333324,-4.931333333333234e-05
0.001468,0.00146717,8.299999999998413e-07
0.001471,0.0015026933333333367,-3.169333333333658e-05
0.001436,0.0014434166666666684,-7.416666666668374e-06
0.001441,0.0014878433333333297,-4.684333333332966e-05
0.001404,0.0014186499999999983,-1.4649999999998215e-05
0.001411,0.0014549333333333356,-4.3933333333335666e-05
0.001373,0.0013774166666666668,-4.416666666666675e-06
0.001381,0.0014045533333333319,-2.35533333333318e-05
0.001341,0.0013410000000000023,-2.3852447794681098e-18
0.001351,0.0013631766666666661,-1.2176666666666126e-05
0.001309,0.0013106400000000018,-1.640000000001753e-06
0.001321,0.0013384099999999997,-1.740999999999982e-05
0.001279,0.0012797433333333347,-7.433333333347735e-07
0.001292,0.0013124400000000017,-2.0440000000001776e-05
0.001249,0.0012582333333333337,-9.233333333333793e-06
0.001264,0.0012773766666666665,-1.3376666666666589e-05
0.001219,0.0012311499999999999,-1.2149999999999835e-05
0.001237,0.0012531066666666667,-1.610666666666664e-05
0.001191,0.0012140900000000025,-2.3090000000002518e-05
0.001211,0.0012357633333333333,-2.4763333333333287e-05
0.001165,0.0011976,-3.2600000000000033e-05
0.001186,0.0012242400000000014,-3.824000000000145e-05
0.001139,0.00116325666666667,-2.4256666666670063e-05
0.001162,0.0011919666666666694,-2.996666666666933e-05
0.001115,0.0011425733333333343,-2.7573333333334163e-05
0.001139,0.0011752233333333355,-3.6223333333335484e-05
0.001093,0.0011237233333333332,-3.0723333333333236e-05
0.001118,0.0011658466666666677,-4.784666666666766e-05
0.001072,0.0011236270000000007,-5.1627000000000704e-05
0.001098,0.0011850633333333332,-8.706333333333323e-05
0.001052,0.0010699443333333331,-1.7944333333333147e-05
0.00108,0.0011099799999999991,-2.9979999999999113e-05
0.001034,0.0010666840000000003,-3.268400000000027e-05
0.001062,0.0011109470000000001,-4.894700000000014e-05
0.001017,0.0010396453333333332,-2.264533333333333e-05
0.001046,0.0010768333333333342,-3.08333333333341e-05
0.001001,0.001018962000000001,-1.796200000000114e-05
0.001031,0.001058743333333333,-2.7743333333332936e-05
0.0009863,0.001008858666666667,-2.2558666666666963e-05
0.001017,0.0010493650000000002,-3.2365000000000345e-05
0.0009725,0.0009906023333333348,-1.8102333333334876e-05
0.001004,0.0010310009999999986,-2.700099999999872e-05
0.0009597,0.0009762820000000002,-1.658200000000023e-05
0.0009915,0.0010144420000000017,-2.2942000000001706e-05
0.0009477,0.000966538000000001,-1.8838000000001055e-05
0.0009799,0.0010051990000000013,-2.5299000000001412e-05
0.0009366,0.0009590736666666658,-2.247366666666584e-05
0.0009692,0.0009998776666666675,-3.067766666666751e-05
0.0009261,0.0009405053333333343,-1.4405333333334237e-05
0.0009589,0.000981159666666668,-2.2259666666667893e-05
0.0009165,0.0009338356666666673,-1.733566666666734e-05
0.0009493,0.0009741843333333346,-2.488433333333454e-05
0.0009073,0.000928191666666666,-2.0891666666665977e-05
0.0009401,0.000970355333333334,-3.0255333333334e-05
0.0008985,0.0009119439999999986,-1.3443999999998633e-05
0.0009313,0.000951052333333333,-1.9752333333332992e-05
0.00089,0.0009020793333333336,-1.207933333333361e-05
0.0009229,0.0009410446666666649,-1.81446666666649e-05
0.000882,0.0008948933333333331,-1.289333333333309e-05
0.000915,0.0009331693333333333,-1.816933333333333e-05
0.0008744,0.0008839663333333331,-9.566333333333073e-06
0.0009073,0.0009208393333333332,-1.3539333333333179e-05
0.0008672,0.0008764060000000004,-9.206000000000318e-06
0.0009002,0.0009132003333333337,-1.300033333333369e-05
0.0008604,0.0008696879999999994,-9.28799999999944e-06
0.0008933,0.0009062480000000006,-1.2948000000000581e-05
0.0008539,0.0008672239999999976,-1.3323999999997611e-05
0.0008866,0.0009045600000000009,-1.7960000000000892e-05
0.0008474,0.0008639020000000005,-1.6502000000000487e-05
0.0008802,0.0009011393333333355,-2.093933333333542e-05
0.0008414,0.0008534159999999996,-1.2015999999999676e-05
0.0008739,0.0008892946666666692,-1.5394666666669198e-05
0.0008355,0.0008443529999999982,-8.85299999999823e-06
0.0008678,0.0008789836666666696,-1.1183666666669681e-05
0.0008298,0.0008379313333333325,-8.131333333332488e-06
0.000862,0.0008724196666666682,-1.0419666666668169e-05
0.0008243,0.0008327649999999976,-8.464999999997541e-06
0.0008563,0.0008648609999999972,-8.560999999997101e-06
0.000819,0.0008242139999999987,-5.2139999999987205e-06
0.0008509,0.0008570880000000001,-6.18800000000007e-06
0.0008137,0.0008191613333333333,-5.461333333333274e-06
0.0008456,0.0008512033333333313,-5.60333333333139e-06
0.0008086,0.0008119493333333334,-3.3493333333334133e-06
0.0008405,0.0008440786666666641,-3.5786666666641053e-06
0.0008038,0.0008082413333333334,-4.441333333333368e-06
0.0008355,0.0008395959999999964,-4.095999999996405e-06
0.0007993,0.0008025313333333333,-3.23133333333329e-06
0.0008307,0.0008333559999999976,-2.655999999997584e-06
0.0007947,0.0007991586666666669,-4.458666666666902e-06
0.0008261,0.0008300976666666641,-3.997666666664089e-06
0.0007902,0.0007939673333333346,-3.767333333334574e-06
0.0008215,0.0008247179999999967,-3.2179999999967833e-06
0.0007859,0.000799455999999999,-1.3555999999998987e-05
0.0008172,0.0008307160000000004,-1.3516000000000417e-05
0.0007818,0.0008127210000000007,-3.09210000000007e-05
0.0008128,0.0008484029999999987,-3.5602999999998636e-05
0.000778,0.0007927563333333346,-1.475633333333456e-05
0.0008085,0.0008264466666666689,-1.794666666666894e-05
0.0007743,0.0007891950000000007,-1.4895000000000663e-05
0.0008044,0.0008221833333333342,-1.778333333333419e-05
0.0007705,0.0007718816666666686,-1.3816666666685443e-06
0.0008004,0.0008016133333333346,-1.2133333333345844e-06
0.0007667,0.0007688643333333324,-2.1643333333323193e-06
0.0007966,0.0007987739999999997,-2.1739999999997525e-06
0.000763,0.0007649646666666644,-1.964666666664388e-06
0.0007929,0.0007940289999999977,-1.1289999999977186e-06
0.0007593,0.000762815666666668,-3.5156666666679923e-06
0.0007891,0.0007922766666666667,-3.176666666666666e-06
0.0007558,0.0007559046666666658,-1.0466666666578486e-07
0.0007855,0.0007839516666666652,1.5483333333347633e-06
0.0007525,0.0007472963333333343,5.2036666666657305e-06
0.0007819,0.0007759836666666701,5.916333333329921e-06
0.0007492,0.000746518666666666,2.6813333333339543e-06
0.0007784,0.0007753166666666661,3.083333333333887e-06
0.0007459,0.0007420626666666678,3.8373333333322065e-06
0.0007751,0.0007708249999999974,4.275000000002584e-06
0.0007426,0.00074046,2.1400000000000845e-06
0.0007718,0.0007690680000000021,2.731999999997913e-06
0.0007394,0.0007379190000000002,1.4809999999997915e-06
0.0007684,0.0007665186666666632,1.8813333333368622e-06
0.0007362,0.0007336016666666641,2.5983333333359e-06
0.000765,0.0007617266666666681,3.2733333333318914e-06
0.0007331,0.0007316023333333351,1.4976666666648413e-06
0.0007616,0.0007600183333333308,1.5816666666691997e-06
0.00073,0.0007261753333333346,3.8246666666653766e-06
0.0007584,0.000753878999999998,4.521000000002012e-06
0.0007272,0.0007239416666666682,3.2583333333317636e-06
0.0007554,0.0007516173333333352,3.7826666666648237e-06
0.0007243,0.0007223649999999985,1.935000000001519e-06
0.0007523,0.0007498496666666667,2.450333333333353e-06
0.0007216,0.0007216856666666669,-8.566666666689517e-08
0.0007491,0.0007486036666666673,4.963333333327276e-07
0.0007187,0.0007183156666666644,3.8433333333551777e-07
0.000746,0.0007450643333333328,9.356666666672682e-07
0.0007159,0.0007148446666666645,1.0553333333354576e-06
0.0007429,0.0007415666666666646,1.3333333333353896e-06
0.000713,0.0007118356666666663,1.1643333333337044e-06
0.00074,0.0007381256666666644,1.8743333333355594e-06
0.0007104,0.0007113976666666668,-9.976666666667265e-07
0.0007374,0.0007374539999999988,-5.399999999879026e-08
0.0007078,0.0007065656666666653,1.2343333333346982e-06
0.0007348,0.0007326916666666647,2.1083333333352322e-06
0.0007053,0.0007055516666666683,-2.5166666666831625e-07
0.0007324,0.0007318556666666676,5.443333333323992e-07
0.0007028,0.000702195999999998,6.040000000019207e-07
0.00073,0.0007283733333333322,1.6266666666677398e-06
0.0007004,0.0007003363333333353,6.366666666470563e-08
0.0007277,0.0007263386666666661,1.3613333333338789e-06
0.0006982,0.0006985926666666667,-3.926666666667416e-07
0.0007254,0.000724724333333334,6.756666666659934e-07
0.000696,0.0006944780000000009,1.521999999999136e-06
0.0007232,0.0007210829999999996,2.117000000000373e-06
0.000694,0.000694229333333336,-2.293333333360046e-07
0.0007211,0.0007206609999999995,4.3900000000051537e-07
0.0006922,0.0006908496666666684,1.3503333333316457e-06
0.0007191,0.0007168079999999988,2.2920000000011768e-06
0.0006903,0.0006893210000000019,9.789999999981758e-07
0.000717,0.0007154229999999981,1.5770000000018452e-06
0.0006885,0.0006881263333333357,3.7366666666427406e-07
0.0007149,0.000713916666666665,9.833333333349745e-07
0.0006867,0.0006867899999999995,-8.999999999946551e-08
0.0007129,0.000712328000000001,5.719999999990316e-07
0.0006849,0.0006844003333333333,4.996666666666916e-07
0.0007108,0.0007096590000000008,1.1409999999992086e-06
0.0006831,0.000682089666666665,1.010333333334966e-06
0.0007088,0.0007068616666666697,1.9383333333302787e-06
0.0006813,0.0006803646666666685,9.353333333315082e-07
0.0007069,0.0007051126666666698,1.787333333330178e-06
0.0006796,0.0006792480000000012,3.5199999999882027e-07
0.000705,0.000703661333333336,1.3386666666639641e-06
0.0006778,0.0006790790000000013,-1.279000000001273e-06
0.0007029,0.0007036683333333356,-7.683333333356008e-07
0.0006761,0.0006761300000000007,-3.00000000006892e-08
0.000701,0.0007001343333333354,8.656666666646481e-07
0.0006746,0.0006742113333333351,3.886666666649439e-07
0.0006991,0.0006978933333333312,1.2066666666688246e-06
0.0006731,0.0006739213333333316,-8.213333333315564e-07
0.0006974,0.0006978000000000006,-4.000000000005518e-07
0.0006714,0.0006725366666666677,-1.1366666666677225e-06
0.0006959,0.0006958303333333311,6.966666666881165e-08
0.0006699,0.0006713903333333349,-1.4903333333349342e-06
0.0006944,0.0006949789999999978,-5.789999999978408e-07
0.0006683,0.0006695380000000001,-1.2380000000000854e-06
0.0006927,0.0006930320000000015,-3.3200000000154113e-07
0.0006669,0.0006674586666666686,-5.586666666685964e-07
0.0006912,0.0006907733333333315,4.266666666684696e-07
0.0006655,0.0006668689999999991,-1.3689999999991122e-06
0.0006897,0.0006905413333333344,-8.41333333334365e-07
0.0006641,0.0006643579999999985,-2.579999999984244e-07
0.0006883,0.000688201333333333,9.866666666699143e-08
0.0006627,0.0006639183333333345,-1.2183333333344462e-06
0.0006869,0.0006877680000000011,-8.680000000010901e-07
0.0006614,0.0006632343333333308,-1.8343333333308096e-06
0.0006854,0.000686498999999998,-1.0989999999980052e-06
0.00066,0.0006604716666666687,-4.7166666666874444e-07
0.0006839,0.0006837943333333336,1.0566666666634271e-07
0.0006586,0.0006577446666666653,8.553333333346938e-07
0.0006825,0.0006811626666666657,1.33733333333426e-06
0.0006573,0.0006577759999999995,-4.7599999999947164e-07
0.0006812,0.0006815170000000023,-3.1700000000228074e-07
0.0006561,0.0006571176666666678,-1.0176666666678004e-06
0.0006799,0.000680516666666667,-6.16666666667016e-07
0.0006548,0.0006546663333333344,1.3366666666559095e-07
0.0006786,0.0006775089999999998,1.0910000000002645e-06
0.0006536,0.000654267666666667,-6.6766666666706e-07
0.0006772,0.0006775523333333349,-3.523333333349055e-07
0.0006524,0.0006520353333333328,3.6466666666727654e-07
0.0006758,0.0006750796666666648,7.203333333351703e-07
0.0006511,0.0006524850000000002,-1.3850000000001231e-06
0.0006744,0.0006753610000000017,-9.61000000001687e-07
0.0006498,0.0006516329999999976,-1.832999999997636e-06
0.0006729,0.000674264,-1.3640000000000093e-06
0.0006486,0.0006500163333333324,-1.4163333333323596e-06
0.0006716,0.0006723680000000003,-7.68000000000383e-07
0.0006473,0.0006488673333333334,-1.5673333333334361e-06
0.0006702,0.0006713656666666652,-1.1656666666651433e-06
0.000646,0.0006459473333333339,5.266666666605031e-08
0.0006689,0.0006682536666666658,6.46333333334222e-07
0.0006445,0.0006453163333333341,-8.163333333340798e-07
0.0006675,0.0006674846666666658,1.5333333334261422e-08
0.0006431,0.0006447636666666669,-1.663666666666913e-06
0.000666,0.0006676139999999973,-1.6139999999972236e-06
0.0006415,0.0006419129999999994,-4.1299999999934705e-07
0.0006646,0.0006648229999999991,-2.2299999999906596e-07
0.0006399,0.0006402646666666665,-3.646666666665176e-07
0.000663,0.0006627656666666662,2.343333333338065e-07
0.0006383,0.0006392153333333332,-9.153333333332533e-07
0.0006616,0.0006618639999999978,-2.6399999999775995e-07
0.0006368,0.0006374006666666674,-6.006666666674145e-07
0.0006601,0.0006598626666666676,2.3733333333244427e-07
0.0006353,0.000636766333333334,-1.4663333333340143e-06
0.0006587,0.0006585603333333332,1.3966666666676963e-07
0.0006341,0.0006350733333333343,-9.733333333343834e-07
0.0006573,0.0006571846666666651,1.1533333333486016e-07
0.0006327,0.000633459333333333,-7.593333333329655e-07
0.0006559,0.0006560179999999991,-1.1799999999914743e-07
0.0006315,0.0006314503333333347,4.9666666665352556e-08
0.0006543,0.000653802666666667,4.973333333330686e-07
0.0006302,0.000630126000000001,7.399999999899674e-08
0.0006527,0.0006524876666666649,2.123333333350864e-07
0.0006288,0.0006285040000000002,2.959999999997817e-07
0.0006512,0.0006505186666666672,6.813333333328215e-07
0.0006274,0.000626816666666666,5.83333333333989e-07
0.0006496,0.0006485260000000008,1.0739999999991295e-06
0.000626,0.0006265530000000008,-5.530000000007924e-07
0.000648,0.0006483439999999988,-3.4399999999880273e-07
0.0006246,0.0006245633333333318,3.6666666668183634e-08
0.0006465,0.0006462010000000014,2.989999999986363e-07
0.0006232,0.000622631333333335,5.686666666649591e-07
0.0006449,0.000644135666666666,7.6433333333402e-07
0.0006218,0.0006216943333333314,1.0566666666861953e-07
0.0006435,0.0006431716666666695,3.2833333333051606e-07
0.0006204,0.0006202430000000012,1.5699999999878572e-07
0.0006421,0.0006417603333333335,3.3966666666655765e-07
0.0006191,0.0006190556666666662,4.433333333385067e-08
0.0006406,0.0006405406666666679,5.9333333332026866e-08
0.0006178,0.0006180663333333334,-2.66333333333443e-07
0.0006391,0.000639587999999999,-4.879999999990101e-07
0.0006165,0.0006166873333333341,-1.8733333333415068e-07
0.0006377,0.0006379020000000012,-2.0200000000112055e-07
0.0006153,0.000615647,-3.4699999999993417e-07
0.0006362,0.000636587666666666,-3.876666666660124e-07
0.000614,0.0006133119999999992,6.880000000007496e-07
0.0006348,0.0006340153333333349,7.846666666651075e-07
0.0006127,0.000613718000000002,-1.0180000000020424e-06
0.0006334,0.0006339773333333322,-5.773333333321598e-07
0.0006114,0.0006117419999999991,-3.419999999990965e-07
0.000632,0.0006320873333333361,-8.733333333615402e-08
0.0006103,0.0006113063333333342,-1.006333333334144e-06
0.0006307,0.0006317176666666651,-1.0176666666650899e-06
0.0006091,0.0006102059999999996,-1.1059999999996333e-06
0.0006295,0.0006304656666666661,-9.656666666661142e-07
0.000608,0.0006085613333333326,-5.613333333325584e-07
0.0006284,0.0006288950000000011,-4.950000000010718e-07
0.000607,0.0006088526666666661,-1.852666666666094e-06
0.0006274,0.0006290896666666684,-1.6896666666684065e-06
0.0006059,0.0006046566666666644,1.2433333333355988e-06
0.0006264,0.0006250819999999978,1.3180000000022124e-06
0.0006048,0.0006037539999999978,1.046000000002158e-06
0.0006253,0.0006241643333333318,1.1356666666681404e-06
0.0006038,0.0006034096666666645,3.903333333355038e-07
0.0006242,0.0006238613333333308,3.38666666669144e-07
0.0006028,0.0006024656666666665,3.343333333335379e-07
0.0006232,0.0006229276666666651,2.723333333348385e-07
0.0006017,0.0006016979999999972,2.000000002850416e-09
0.0006222,0.0006221189999999987,8.100000000138378e-08
0.0006009,0.0005998646666666665,1.0353333333335164e-06
0.0006213,0.0006203503333333324,9.49666666667597e-07
0.0006,0.0005997133333333325,2.866666666674579e-07
0.0006206,0.0006201630000000003,4.3699999999972493e-07
0.0005993,0.0005984700000000014,8.299999999985402e-07
0.0006198,0.000618916,8.84000000000041e-07
0.0005986,0.0005980456666666671,5.543333333328819e-07
0.0006191,0.0006184329999999995,6.670000000005274e-07
0.0005979,0.000597360666666667,5.39333333332971e-07
0.0006184,0.0006176743333333338,7.256666666661301e-07
0.0005972,0.0005969110000000011,2.889999999989125e-07
0.0006177,0.0006171220000000002,5.779999999997766e-07
0.0005967,0.000596602999999999,9.700000000098519e-08
0.0006169,0.0006166863333333335,2.136666666665253e-07
0.0005964,0.0005961643333333319,2.3566666666806433e-07
0.0006165,0.0006160636666666673,4.3633333333265023e-07
0.0005961,0.0005962376666666658,-1.3766666666576236e-07
0.0006159,0.000616262999999999,-3.6299999999899347e-07
0.0005958,0.0005957186666666652,8.13333333347585e-08
0.0006156,0.0006154116666666671,1.8833333333286538e-07
0.0005955,0.0005953360000000005,1.6399999999954645e-07
0.0006151,0.0006149719999999986,1.280000000014733e-07
0.0005952,0.000594767666666669,4.3233333333106937e-07
0.0006147,0.0006143640000000016,3.359999999984599e-07
0.0005948,0.0005944919999999982,3.0800000000181377e-07
0.0006143,0.000614131,1.6900000000005886e-07
0.0005944,0.0005940913333333343,3.086666666657443e-07
0.000614,0.0006137460000000016,2.5399999999836144e-07
0.000594,0.0005940226666666655,-2.2666666665469536e-08
0.0006136,0.0006137523333333324,-1.5233333333240697e-07
0.0005936,0.0005937336666666668,-1.3366666666678358e-07
0.0006134,0.000613464333333334,-6.433333333405716e-08
0.0005932,0.0005937119999999999,-5.1199999999993e-07
0.0006131,0.0006134646666666645,-3.646666666644576e-07
0.0005929,0.0005934593333333329,-5.593333333328522e-07
0.0006129,0.000613289666666664,-3.896666666639839e-07
0.0005927,0.0005927213333333322,-2.133333333218749e-08
0.0006129,0.0006127323333333309,1.6766666666905364e-07
0.0005926,0.0005926746666666662,-7.466666666617987e-08
0.0006127,0.0006126936666666686,6.333333331409209e-09
0.0005925,0.0005926319999999988,-1.3199999999871734e-07
0.0006124,0.0006126259999999989,-2.2599999999889635e-07
0.0005925,0.0005925839999999984,-8.399999999839525e-08
0.0006123,0.0006124076666666691,-1.076666666690847e-07
0.0005926,0.0005926329999999987,-3.299999999867645e-08
0.0006123,0.0006124503333333353,-1.5033333333530283e-07
0.0005927,0.0005929036666666664,-2.0366666666636786e-07
0.0006124,0.0006126506666666672,-2.506666666672163e-07
0.000593,0.0005935266666666668,-5.266666666667915e-07
0.0006128,0.0006132853333333361,-4.853333333360238e-07
0.0005933,0.0005938203333333344,-5.203333333344065e-07
0.0006131,0.0006136106666666648,-5.106666666648049e-07
0.0005937,0.000593912333333332,-2.1233333333205064e-07
0.0006135,0.0006136966666666685,-1.9666666666853447e-07
0.0005942,0.0005948016666666684,-6.016666666684061e-07
0.0006139,0.0006146263333333306,-7.263333333306027e-07
0.0005947,0.0005956196666666646,-9.19666666664631e-07
0.0006144,0.0006155626666666669,-1.1626666666669392e-06
0.0005951,0.0005957943333333343,-6.943333333343273e-07
0.000615,0.0006156763333333306,-6.763333333305744e-07
0.0005957,0.0005963336666666639,-6.336666666639226e-07
0.0006156,0.0006162763333333334,-6.763333333333933e-07
0.0005963,0.0005971053333333335,-8.053333333334729e-07
0.0006163,0.0006169880000000003,-6.88000000000316e-07
0.0005972,0.0005982796666666643,-1.0796666666643313e-06
0.000617,0.0006181109999999988,-1.1109999999987363e-06
0.0005982,0.0005996243333333311,-1.4243333333310761e-06
0.0006179,0.0006192996666666685,-1.3996666666685025e-06
0.0005993,0.000600879999999998,-1.5799999999979893e-06
0.0006189,0.0006204806666666692,-1.580666666669184e-06
0.0006002,0.0006037176666666658,-3.5176666666658554e-06
0.00062,0.0006234270000000028,-3.4270000000027846e-06
0.0006013,0.000605576666666665,-4.276666666665012e-06
0.0006211,0.0006252233333333331,-4.123333333333132e-06
0.0006021,0.000609266333333332,-7.16633333333193e-06
0.0006223,0.0006291543333333347,-6.8543333333347155e-06
0.000603,0.0006086679999999988,-5.6679999999988216e-06
0.0006234,0.0006287100000000015,-5.310000000001533e-06
0.0006039,0.0006079379999999988,-4.037999999998852e-06
0.0006247,0.0006282563333333351,-3.5563333333351547e-06
0.0006048,0.0006060533333333325,-1.2533333333325037e-06
0.0006259,0.0006266403333333344,-7.40333333334401e-07
0.0006059,0.0006096543333333331,-3.754333333333068e-06
0.0006271,0.0006300880000000003,-2.9880000000003177e-06
0.0006072,0.0006112029999999985,-4.002999999998518e-06
0.0006283,0.0006314183333333346,-3.1183333333345466e-06
0.0006086,0.0006126046666666657,-4.004666666665609e-06
0.0006295,0.0006326393333333317,-3.139333333331733e-06
0.0006099,0.0006136353333333328,-3.735333333332769e-06
0.0006308,0.0006339510000000016,-3.151000000001583e-06
0.000611,0.0006157289999999979,-4.7289999999979146e-06
0.0006323,0.0006361039999999981,-3.8039999999980954e-06
0.0006121,0.0006164056666666639,-4.305666666663951e-06
0.0006336,0.0006371449999999987,-3.5449999999986794e-06
0.0006134,0.000621467333333334,-8.067333333334082e-06
0.000635,0.0006412933333333349,-6.293333333334881e-06
0.0006148,0.0006209016666666665,-6.101666666666534e-06
0.0006365,0.0006412356666666686,-4.735666666668553e-06
0.0006167,0.0006259606666666681,-9.260666666668135e-06
0.0006382,0.0006454326666666678,-7.2326666666677536e-06
0.0006188,0.0006256020000000019,-6.8020000000019315e-06
0.00064,0.0006453993333333345,-5.399333333334466e-06
0.0006208,0.0006248946666666681,-4.09466666666811e-06
0.000642,0.0006451196666666681,-3.119666666668154e-06
0.000623,0.0006267529999999993,-3.7529999999993523e-06
0.0006439,0.0006469630000000013,-3.0630000000012817e-06
0.0006251,0.0006295833333333334,-4.4833333333334875e-06
0.0006458,0.0006499426666666682,-4.142666666668215e-06
0.0006271,0.0006304209999999992,-3.320999999999164e-06
0.0006478,0.0006507953333333345,-2.995333333334453e-06
0.0006292,0.0006375180000000001,-8.318000000000106e-06
0.00065,0.0006573243333333344,-7.324333333334418e-06
0.0006313,0.0006386376666666679,-7.337666666667889e-06
0.0006523,0.0006586883333333349,-6.388333333334968e-06
0.0006335,0.000640534,-7.034000000000055e-06
0.0006546,0.0006604393333333325,-5.8393333333325035e-06
0.0006359,0.0006439556666666684,-8.055666666668352e-06
0.000657,0.0006635490000000011,-6.549000000001092e-06
0.0006384,0.0006464696666666664,-8.069666666666404e-06
0.0006594,0.0006661949999999986,-6.794999999998569e-06
0.0006412,0.0006580483333333323,-1.684833333333237e-05
0.0006618,0.0006767293333333337,-1.4929333333333706e-05
0.0006438,0.0006610216666666644,-1.7221666666664354e-05
0.0006643,0.0006791723333333331,-1.4872333333333025e-05
0.0006465,0.0006624650000000014,-1.5965000000001356e-05
0.0006669,0.0006815276666666661,-1.462766666666612e-05
0.000649,0.0006802269999999996,-3.1226999999999666e-05
0.0006695,0.0006962146666666686,-2.671466666666865e-05
0.0006517,0.0006607913333333347,-9.091333333334701e-06
0.0006723,0.0006812123333333361,-8.912333333336111e-06
0.0006545,0.0006632530000000021,-8.753000000002076e-06
0.0006751,0.0006834726666666664,-8.372666666666404e-06
0.0006574,0.0006585346666666675,-1.1346666666674741e-06
0.0006779,0.0006791740000000034,-1.2740000000033627e-06
0.0006602,0.0006661249999999999,-5.924999999999941e-06
0.0006809,0.0006859476666666665,-5.047666666666527e-06
0.000663,0.0006748656666666659,-1.1865666666665891e-05
0.000684,0.0006938190000000011,-9.81900000000108e-06
0.0006659,0.0006901016666666658,-2.4201666666665836e-05
0.0006872,0.0007070046666666662,-1.980466666666621e-05
0.0006689,0.0006961636666666668,-2.7263666666666776e-05
0.0006902,0.0007125629999999999,-2.2362999999999962e-05
0.000672,0.000696332999999999,-2.4332999999998996e-05
0.0006933,0.0007128523333333334,-1.955233333333342e-05
0.000675,0.0007025336666666639,-2.7533666666663872e-05
0.0006963,0.0007182659999999987,-2.19659999999987e-05
0.0006781,0.000686313666666669,-8.213666666669105e-06
0.0006994,0.0007058010000000017,-6.401000000001689e-06
0.0006813,0.000692222333333337,-1.0922333333336968e-05
0.0007027,0.0007118889999999979,-9.188999999997882e-06
0.0006848,0.0006856393333333328,-8.393333333328156e-07
0.0007061,0.0007066976666666662,-5.976666666661747e-07
0.0006883,0.0006925873333333342,-4.287333333334196e-06
0.0007094,0.0007135409999999998,-4.140999999999824e-06
0.0006917,0.0006928650000000008,-1.1650000000008875e-06
0.0007128,0.0007138676666666653,-1.067666666665335e-06
0.0006949,0.0007001653333333333,-5.2653333333332235e-06
0.0007161,0.0007209520000000018,-4.852000000001803e-06
0.0006981,0.000704879000000002,-6.779000000002003e-06
0.0007194,0.0007259433333333319,-6.543333333331879e-06
0.0007012,0.0007169823333333347,-1.5782333333334668e-05
0.0007228,0.0007371133333333326,-1.4313333333332572e-05
0.0007045,0.0007211200000000021,-1.662000000000202e-05
0.0007265,0.0007396443333333307,-1.3144333333330645e-05
0.0007079,0.0007769373333333334,-6.903733333333336e-05
0.0007302,0.0007759496666666674,-4.5749666666667385e-05
0.0007113,0.0007786820000000007,-6.73820000000007e-05
0.0007338,0.0007771433333333339,-4.3343333333333966e-05
0.0007149,0.0007615286666666686,-4.662866666666865e-05
0.0007375,0.0007662046666666668,-2.8704666666666805e-05
0.0007185,0.0007437033333333307,-2.5203333333330782e-05
0.0007413,0.0007583366666666675,-1.7036666666667513e-05
0.0007222,0.0007389269999999974,-1.6726999999997416e-05
0.0007451,0.0007568603333333338,-1.1760333333333899e-05
0.0007259,0.000742792999999997,-1.6892999999996994e-05
0.000749,0.0007625116666666661,-1.3511666666666112e-05
0.0007296,0.00074238133333333,-1.2781333333330026e-05
0.0007529,0.000763535999999999,-1.0635999999998981e-05
0.0007332,0.0007431369999999983,-9.936999999998275e-06
0.0007567,0.000762614666666667,-5.914666666666951e-06
0.000737,0.0007453476666666643,-8.347666666664276e-06
0.0007605,0.000766008000000001,-5.508000000000964e-06
0.0007409,0.0007538706666666641,-1.29706666666641e-05
0.0007645,0.0007747880000000012,-1.02880000000012e-05
0.0007448,0.0007649376666666647,-2.013766666666473e-05
0.0007685,0.0007808919999999986,-1.2391999999998658e-05
0.0007489,0.0007776506666666677,-2.8750666666667638e-05
0.0007727,0.0007916263333333331,-1.8926333333333105e-05
0.0007531,0.000778107999999998,-2.5007999999997915e-05
0.0007769,0.0007922369999999996,-1.53369999999996e-05
0.0007574,0.0007944396666666687,-3.7039666666668697e-05
0.0007813,0.0008095463333333311,-2.8246333333331098e-05
0.0007616,0.0008155140000000021,-5.391400000000213e-05
0.0007856,0.0008186353333333321,-3.3035333333332126e-05
0.0007659,0.0008035993333333327,-3.76993333333327e-05
0.0007901,0.0008217236666666669,-3.1623666666666904e-05
0.0007703,0.0007918589999999985,-2.155899999999847e-05
0.0007945,0.0008146346666666678,-2.0134666666667828e-05
0.0007749,0.0007814839999999992,-6.5839999999991496e-06
0.0007993,0.0008045620000000013,-5.2620000000013194e-06
0.0007795,0.0007916683333333311,-1.2168333333331107e-05
0.0008041,0.0008139976666666685,-9.897666666668515e-06
0.0007843,0.0007993333333333296,-1.5033333333329597e-05
0.000809,0.0008221560000000029,-1.315600000000288e-05
0.0007891,0.0008100553333333316,-2.095533333333155e-05
0.0008139,0.0008272170000000003,-1.331700000000032e-05
0.000794,0.0008154906666666663,-2.14906666666663e-05
0.0008188,0.0008297853333333322,-1.0985333333332213e-05
0.0007992,0.0008114630000000015,-1.2263000000001505e-05
0.0008241,0.0008302090000000012,-6.1090000000012116e-06
0.0008045,0.000821717,-1.7217000000000035e-05
0.0008294,0.0008368389999999999,-7.4389999999999266e-06
0.0008101,0.0008373149999999994,-2.721499999999938e-05
0.0008348,0.0008474613333333343,-1.2661333333334316e-05
0.0008159,0.0008430719999999969,-2.717199999999686e-05
0.0008402,0.0008552523333333356,-1.5052333333335534e-05
0.0008219,0.0008438516666666664,-2.1951666666666404e-05
0.0008459,0.0008591806666666666,-1.3280666666666595e-05
0.0008281,0.0008463283333333319,-1.8228333333331873e-05
0.0008522,0.0008647083333333346,-1.2508333333334618e-05
0.0008348,0.0008507723333333349,-1.597233333333484e-05
0.0008593,0.0008674536666666679,-8.153666666667835e-06
0.0008421,0.0008701840000000011,-2.8084000000001027e-05
0.000867,0.0008725560000000008,-5.556000000000744e-06
0.0008497,0.0008922303333333344,-4.253033333333439e-05
0.0008756,0.0008917533333333338,-1.6153333333333787e-05
0.0008576,0.000913718333333333,-5.6118333333333016e-05
0.0008848,0.0009119083333333339,-2.710833333333389e-05
0.0008659,0.0009307323333333347,-6.48323333333347e-05
0.0008946,0.0009061209999999997,-1.1520999999999797e-05
0.0008749,0.0009142456666666682,-3.934566666666825e-05
0.0009051,0.0009141363333333325,-9.036333333332426e-06
0.0008844,0.0009193263333333344,-3.492633333333436e-05
0.000916,0.0009140509999999998,1.9490000000002214e-06
0.0008948,0.0009369470000000008,-4.214700000000084e-05
0.0009273,0.0009264103333333327,8.896666666673029e-07
0.0009056,0.0009335483333333318,-2.7948333333331827e-05
0.000939,0.000936760666666668,2.2393333333319823e-06
0.0009167,0.0009346646666666651,-1.7964666666665102e-05
0.0009511,0.0009412409999999996,9.859000000000408e-06
0.0009281,0.0009468599999999983,-1.875999999999831e-05
0.0009633,0.0009444310000000009,1.8868999999999158e-05
0.0009397,0.0009588176666666633,-1.9117666666663307e-05
0.0009759,0.0009717690000000033,4.130999999996739e-06
0.0009514,0.000971669999999998,-2.0269999999998015e-05
0.0009886,0.0009895129999999996,-9.129999999995218e-07
0.0009632,0.0009883569999999987,-2.5156999999998743e-05
0.001001,0.0009966790000000018,4.320999999998104e-06
0.0009752,0.0010012909999999996,-2.609099999999968e-05
0.001013,0.0010286153333333358,-1.5615333333335833e-05
0.000987,0.0010078076666666673,-2.0807666666667257e-05
0.001026,0.001031491333333334,-5.4913333333340714e-06
0.0009987,0.001020243333333334,-2.1543333333333978e-05
0.001038,0.001046956666666666,-8.95666666666595e-06
0.001011,0.0010310296666666658,-2.002966666666585e-05
0.00105,0.001056189666666666,-6.1896666666660764e-06
0.001023,0.0010496830000000011,-2.6683000000001086e-05
0.001061,0.0010706589999999996,-9.658999999999536e-06
0.001035,0.0010578223333333346,-2.282233333333471e-05
0.001072,0.0010827439999999994,-1.074399999999938e-05
0.001047,0.001072910000000002,-2.5910000000002034e-05
0.001083,0.0011036910000000015,-2.06910000000015e-05
0.001057,0.001071773333333338,-1.4773333333337971e-05
0.001094,0.0011039200000000013,-9.920000000001369e-06
0.001068,0.0010874499999999985,-1.944999999999855e-05
0.001105,0.001109388666666669,-4.388666666668836e-06
0.001078,0.0010937399999999995,-1.5739999999999548e-05
0.001115,0.0011206010000000032,-5.601000000003079e-06
0.001088,0.0011020600000000002,-1.40600000000002e-05
0.001125,0.0011346680000000036,-9.66800000000369e-06
0.001099,0.0011129633333333351,-1.3963333333335192e-05
0.001134,0.0011489000000000028,-1.4900000000002802e-05
0.001109,0.001122820000000001,-1.3820000000000976e-05
0.001143,0.0011588100000000047,-1.581000000000477e-05
0.001118,0.0011279166666666664,-9.91666666666632e-06
0.001151,0.0011621199999999998,-1.111999999999988e-05
0.001127,0.001141736666666668,-1.4736666666668053e-05
0.00116,0.0011745666666666715,-1.4566666666671448e-05
0.001136,0.001145150000000001,-9.150000000000954e-06
0.001168,0.001178230000000005,-1.0230000000004949e-05
0.001144,0.0011512266666666726,-7.226666666672538e-06
0.001176,0.001185770000000002,-9.770000000002043e-06
0.001151,0.0011588300000000015,-7.830000000001638e-06
0.001184,0.0011931833333333375,-9.183333333337559e-06
0.001159,0.0011642800000000026,-5.28000000000247e-06
0.001192,0.0012003600000000006,-8.360000000000659e-06
0.001166,0.0011704633333333339,-4.4633333333339315e-06
0.001199,0.0012060099999999998,-7.0099999999997855e-06
0.001173,0.0011786200000000022,-5.620000000002186e-06
0.001206,0.0012137300000000027,-7.730000000002665e-06
0.001179,0.0011826200000000025,-3.620000000002571e-06
0.001213,0.0012142833333333367,-1.2833333333365539e-06
0.001186,0.0011927900000000028,-6.790000000002827e-06
0.001219,0.0012291766666666704,-1.0176666666670414e-05
0.001192,0.0011957733333333319,-3.7733333333319578e-06
0.001226,0.0012307233333333373,-4.723333333337158e-06
0.001198,0.0011989033333333354,-9.033333333353412e-07
0.001232,0.001235589999999999,-3.5899999999990627e-06
0.001204,0.0012092666666666647,-5.266666666664662e-06
0.001239,0.001245433333333334,-6.4333333333339415e-06
0.00121,0.0012159399999999985,-5.939999999998551e-06
0.001245,0.0012560999999999994,-1.1099999999999348e-05
0.001216,0.001226653333333335,-1.06533333333349e-05
0.001252,0.0012674699999999982,-1.5469999999998115e-05
0.001223,0.0012296800000000019,-6.680000000001962e-06
0.001259,0.0012694066666666646,-1.0406666666664711e-05
0.00123,0.0012374866666666627,-7.486666666662754e-06
0.001266,0.00127567666666667,-9.676666666669914e-06
0.001237,0.0012424133333333333,-5.413333333333277e-06
0.001273,0.001276983333333334,-3.983333333333963e-06
0.001243,0.0012494899999999965,-6.489999999996585e-06
0.00128,0.0012883200000000008,-8.32000000000068e-06
0.00125,0.0012599599999999994,-9.959999999999396e-06
0.001288,0.00130025666666667,-1.2256666666669988e-05
0.001258,0.0012649133333333352,-6.913333333335211e-06
0.001296,0.001298506666666673,-2.5066666666730304e-06
0.001265,0.0012716133333333338,-6.61333333333374e-06
0.001304,0.0013045800000000033,-5.800000000032775e-07
0.001273,0.0012777333333333306,-4.733333333330593e-06
0.001313,0.00131876666666667,-5.76666666667015e-06
0.001281,0.0012934300000000001,-1.2430000000000123e-05
0.001322,0.0013361433333333366,-1.4143333333336509e-05
0.001289,0.0012946400000000027,-5.6400000000027175e-06
0.001332,0.0013329900000000005,-9.90000000000409e-07
0.001298,0.0013079300000000023,-9.930000000002394e-06
0.001341,0.0013448666666666658,-3.866666666665821e-06
0.001307,0.0013126900000000042,-5.690000000004155e-06
0.001351,0.0013443799999999988,6.620000000001234e-06
0.001317,0.0013313999999999984,-1.4399999999998398e-05
0.001361,0.0013689833333333345,-7.983333333334494e-06
0.001327,0.0013392199999999977,-1.2219999999997684e-05
0.001372,0.001377356666666666,-5.3566666666660795e-06
0.001337,0.0013507566666666666,-1.37566666666665e-05
0.001383,0.001383206666666666,-2.0666666666608983e-07
0.001347,0.0013598133333333371,-1.2813333333337035e-05
0.001394,0.0014020200000000006,-8.02000000000051e-06
0.001358,0.0013705233333333334,-1.2523333333333336e-05
0.001405,0.0014108866666666625,-5.886666666662498e-06
0.001369,0.0013824399999999998,-1.3439999999999763e-05
0.001416,0.001417656666666666,-1.6566666666661522e-06
0.00138,0.001391063333333336,-1.1063333333336152e-05
0.001428,0.0014164933333333323,1.150666666666772e-05
0.001391,0.0014110666666666655,-2.0066666666665456e-05
0.001439,0.001444326666666665,-5.326666666664957e-06
0.001403,0.0014159599999999982,-1.2959999999998277e-05
0.001451,0.0014515900000000037,-5.900000000036518e-07
0.001415,0.0014349500000000006,-1.9950000000000566e-05
0.001464,0.0014724799999999989,-8.479999999998862e-06
0.001426,0.0014423966666666686,-1.6396666666668603e-05
0.001476,0.0014782433333333353,-2.2433333333351894e-06
0.001439,0.0014550800000000027,-1.6080000000002733e-05
0.00149,0.0015003999999999974,-1.0399999999997434e-05
0.001452,0.0014708300000000013,-1.8830000000001363e-05
0.001504,0.0015129266666666695,-8.926666666669598e-06
0.001466,0.0014862766666666658,-2.0276666666665727e-05
0.001519,0.001520710000000001,-1.7100000000011203e-06
0.00148,0.0015015133333333346,-2.151333333333459e-05
0.001533,0.001548676666666666,-1.567666666666594e-05
0.001495,0.001516999999999998,-2.1999999999997933e-05
0.001547,0.001561889999999999,-1.4889999999998958e-05
0.001509,0.0015279066666666675,-1.8906666666667574e-05
0.001561,0.001569573333333336,-8.573333333335978e-06
0.001523,0.001538786666666666,-1.5786666666665937e-05
0.001576,0.0015813133333333277,-5.313333333327799e-06
0.001538,0.001567469999999999,-2.946999999999889e-05
0.001592,0.001605100000000001,-1.3100000000000915e-05
0.001554,0.001574723333333331,-2.072333333333104e-05
0.001608,0.0016202700000000026,-1.2270000000002591e-05
0.001569,0.0015929200000000042,-2.3920000000004094e-05
0.001623,0.001617286666666668,5.713333333332146e-06
0.001585,0.0016083099999999997,-2.3309999999999694e-05
0.001639,0.001642306666666669,-3.30666666666893e-06
0.001601,0.0016222566666666668,-2.1256666666666845e-05
0.001654,0.0016489400000000043,5.059999999995754e-06
0.001617,0.001641556666666665,-2.4556666666665028e-05
0.001669,0.001667700000000002,1.2999999999979174e-06
0.001633,0.0016549566666666674,-2.195666666666746e-05
0.001685,0.0016848199999999992,1.8000000000088258e-07
0.001649,0.0016686700000000004,-1.9670000000000278e-05
0.001702,0.0016936933333333345,8.306666666665474e-06
0.001665,0.0016830000000000016,-1.8000000000001522e-05
0.001719,0.001687403333333329,3.159666666667114e-05
0.001388,0.001356866666666669,3.113333333333102e-05
0.0015,0.0014069399999999987,9.306000000000136e-05
0.001376,0.0013417200000000024,3.4279999999997646e-05
0.001487,0.0014002966666666662,8.670333333333385e-05
0.001365,0.0013271599999999995,3.7840000000000356e-05
0.001475,0.0013801366666666647,9.486333333333526e-05
0.001354,0.0013240233333333333,2.9976666666666667e-05
0.001463,0.001382786666666669,8.021333333333119e-05
0.001344,0.0013111,3.2899999999999987e-05
0.001452,0.0013661800000000042,8.581999999999579e-05
0.001336,0.0013145599999999983,2.1440000000001692e-05
0.001442,0.0013824100000000032,5.958999999999674e-05
0.001328,0.0013154566666666683,1.25433333333317e-05
0.001433,0.0014034733333333361,2.952666666666392e-05
0.001321,0.001307253333333333,1.3746666666666994e-05
0.001425,0.0013841800000000016,4.081999999999849e-05
0.001315,0.0013077599999999987,7.2400000000012385e-06
0.001417,0.0013966733333333368,2.032666666666326e-05
0.001308,0.0012896000000000032,1.839999999999676e-05
0.00141,0.0013690966666666646,4.0903333333335446e-05
0.001302,0.0012854500000000003,1.6549999999999725e-05
0.001403,0.0013675833333333368,3.54166666666632e-05
0.001296,0.0012809533333333373,1.5046666666662743e-05
0.001396,0.0013618566666666648,3.414333333333526e-05
0.001291,0.0012778200000000042,1.3179999999995886e-05
0.00139,0.0013596233333333344,3.0376666666665593e-05
0.001286,0.001282836666666663,3.1633333333370983e-06
0.001385,0.0013769266666666664,8.073333333333526e-06
0.001281,0.0012730066666666704,7.993333333329664e-06
0.00138,0.001359950000000002,2.004999999999802e-05
0.001277,0.0012716166666666715,5.383333333328468e-06
0.001375,0.0013615099999999992,1.3490000000000767e-05
0.001273,0.001271806666666664,1.1933333333360042e-06
0.00137,0.0013644699999999994,5.530000000000552e-06
0.001269,0.001267016666666667,1.9833333333330472e-06
0.001366,0.0013614666666666663,4.533333333333733e-06
0.001266,0.0012615466666666695,4.4533333333305215e-06
0.001363,0.0013553233333333326,7.67666666666748e-06
0.001262,0.0012601666666666662,1.833333333333938e-06
0.001359,0.001354060000000004,4.939999999996033e-06
0.001259,0.0012512533333333335,7.746666666666414e-06
0.001356,0.0013395200000000005,1.647999999999949e-05
0.001256,0.0012511233333333351,4.87666666666481e-06
0.001353,0.001343416666666669,9.583333333331064e-06
0.001253,0.0012503799999999978,2.6200000000022212e-06
0.00135,0.001342686666666664,7.313333333336088e-06
0.001251,0.0012487700000000006,2.229999999999333e-06
0.001348,0.0013418766666666649,6.123333333335132e-06
0.001248,0.001249113333333336,-1.1133333333360456e-06
0.001345,0.0013466066666666667,-1.606666666666666e-06
0.001246,0.0012455033333333386,4.966666666613318e-07
0.001343,0.001341253333333331,1.7466666666690871e-06
0.001244,0.0012444933333333368,-4.933333333366919e-07
0.001341,0.0013423866666666638,-1.3866666666638525e-06
0.001242,0.0012439733333333362,-1.9733333333361424e-06
0.001339,0.0013401999999999976,-1.199999999997644e-06
0.00124,0.0012416033333333308,-1.6033333333307503e-06
0.001337,0.0013380233333333336,-1.0233333333335443e-06
0.001239,0.001236553333333335,2.446666666665147e-06
0.001336,0.001331153333333329,4.846666666670843e-06
0.001237,0.0012335666666666674,3.433333333332676e-06
0.001334,0.0013269633333333269,7.036666666673016e-06
0.001236,0.0012357699999999937,2.300000000062235e-07
0.001333,0.001332400000000001,5.999999999990388e-07
0.001235,0.0012350433333333324,-4.3333333332425464e-08
0.001332,0.0013324633333333296,-4.633333333294975e-07
0.001235,0.001233716666666667,1.2833333333330844e-06
0.001332,0.0013300000000000048,1.999999999995278e-06
0.001234,0.0012337166666666656,2.833333333344696e-07
0.001331,0.0013303200000000042,6.799999999957448e-07
0.001234,0.0012337266666666703,2.733333333297585e-07
0.001331,0.0013309333333333423,6.666666665759713e-08
0.001233,0.0012335500000000058,-5.50000000005841e-07
0.001331,0.0013309900000000085,9.999999991483835e-09
0.001233,0.0012331666666666673,-1.666666666674116e-07
0.001331,0.001331233333333342,-2.333333333421391e-07
0.001233,0.0012328066666666695,1.9333333333045044e-07
0.001331,0.0013305600000000086,4.399999999913154e-07
0.001234,0.0012333266666666636,6.733333333364903e-07
0.001331,0.0013313766666666735,-3.76666666673537e-07
0.001233,0.001235059999999994,-2.0599999999940544e-06
0.001331,0.0013321566666666667,-1.1566666666667363e-06
0.001235,0.0012264400000000007,8.559999999999254e-06
0.001332,0.001331426666666671,5.733333333290611e-07
0.001237,0.0012369700000000024,2.999999999765343e-08
0.001333,0.0013340066666666674,-1.0066666666674103e-06
0.001238,0.0012365699999999976,1.4300000000023495e-06
0.001334,0.0013335899999999924,4.1000000000753975e-07
0.001238,0.001238066666666664,-6.666666666410234e-08
0.001335,0.0013355533333333344,-5.53333333334384e-07
0.001239,0.0012377833333333324,1.216666666667681e-06
0.001336,0.0013356133333333278,3.866666666721766e-07
0.001239,0.0012377766666666666,1.2233333333334408e-06
0.001337,0.0013365533333333365,4.466666666635803e-07
0.00124,0.0012407333333333316,-7.333333333315803e-07
0.001338,0.0013387766666666664,-7.76666666666391e-07
0.001242,0.0012416833333333318,3.166666666682555e-07
0.00134,0.0013402666666666723,-2.666666666722387e-07
0.001243,0.0012415333333333344,1.4666666666655458e-06
0.001342,0.0013386866666666726,3.313333333327534e-06
0.001245,0.001244829999999998,1.7000000000202617e-07
0.001344,0.0013432333333333402,7.666666666597283e-07
0.001247,0.0012461633333333323,8.366666666677694e-07
0.001346,0.0013443333333333382,1.666666666661756e-06
0.001249,0.0012466333333333323,2.3666666666675735e-06
0.001348,0.0013444833333333393,3.516666666660744e-06
0.001251,0.0012479966666666675,3.0033333333324107e-06
0.00135,0.0013454933333333326,4.506666666667441e-06
0.001253,0.0012494566666666667,3.5433333333333237e-06
0.001353,0.0013480400000000037,4.9599999999963475e-06
0.001256,0.0012536699999999988,2.3300000000011246e-06
0.001355,0.001352050000000005,2.9499999999950573e-06
0.001258,0.001255860000000001,2.1399999999990003e-06
0.001358,0.0013538933333333318,4.106666666668299e-06
0.001261,0.001256986666666662,4.013333333337905e-06
0.001361,0.0013537700000000002,7.22999999999978e-06
0.001264,0.0012577766666666708,6.223333333329117e-06
0.001364,0.0013563933333333323,7.606666666667679e-06
0.001267,0.0012616966666666616,5.303333333338267e-06
0.001368,0.0013606699999999987,7.3300000000013545e-06
0.00127,0.0012614500000000003,8.549999999999747e-06
0.001371,0.0013610833333333285,9.916666666671525e-06
0.001274,0.001266133333333329,7.866666666670906e-06
0.001375,0.0013655566666666615,9.4433333333384e-06
0.001277,0.0012734233333333322,3.57666666666776e-06
0.001378,0.0013729733333333338,5.0266666666663046e-06
0.00128,0.0012743899999999957,5.6100000000044135e-06
0.001382,0.0013753499999999963,6.650000000003658e-06
0.001284,0.0012774433333333354,6.556666666664591e-06
0.001386,0.0013779999999999973,8.000000000002797e-06
0.001288,0.0012760733333333336,1.1926666666666527e-05
0.00139,0.001376523333333333,1.3476666666666862e-05
0.001291,0.0012840400000000045,6.959999999995529e-06
0.001394,0.0013855066666666682,8.493333333331899e-06
0.001296,0.001289129999999998,6.870000000002135e-06
0.001398,0.0013898100000000004,8.1899999999995e-06
0.0013,0.0012937966666666707,6.203333333329236e-06
0.001403,0.0013933966666666697,9.603333333330294e-06
0.001304,0.0012844000000000035,1.9599999999996573e-05
0.001407,0.0013836799999999967,2.332000000000332e-05
0.001308,0.0012879999999999994,2.0000000000000486e-05
0.001412,0.0013875233333333287,2.4476666666671358e-05
0.001312,0.0013052233333333341,6.776666666665886e-06
0.001416,0.0014083900000000037,7.609999999996222e-06
0.001317,0.001300306666666663,1.6693333333336977e-05
0.001421,0.0013998099999999957,2.119000000000426e-05
0.001322,0.001305050000000005,1.6949999999994964e-05
0.001426,0.0014042666666666689,2.1733333333331115e-05
0.001327,0.0013142366666666723,1.276333333332779e-05
0.001431,0.001414653333333333,1.634666666666695e-05
0.001331,0.0013162300000000033,1.4769999999996635e-05
0.001436,0.0014156466666666696,2.035333333333042e-05
0.001336,0.0013268800000000019,9.119999999998097e-06
0.001441,0.0014288733333333323,1.2126666666667724e-05
0.001341,0.0013120866666666688,2.8913333333331192e-05
0.001446,0.0014071766666666694,3.882333333333067e-05
0.001346,0.0013322733333333335,1.3726666666666462e-05
0.001451,0.0014314566666666696,1.954333333333046e-05
0.001351,0.0013388899999999986,1.2110000000001373e-05
0.001457,0.0014415566666666697,1.5443333333330306e-05
0.001357,0.0013457599999999981,1.124000000000177e-05
0.001462,0.0014512066666666614,1.0793333333338623e-05
0.001362,0.0013524633333333344,9.536666666665541e-06
0.001467,0.0014590833333333311,7.916666666668874e-06
0.001367,0.0013599266666666613,7.073333333338597e-06
0.001473,0.0014643399999999989,8.660000000001045e-06
0.001372,0.0013636033333333324,8.396666666667541e-06
0.001478,0.0014691566666666666,8.84333333333329e-06
0.001378,0.0013562633333333348,2.1736666666665296e-05
0.001484,0.0014546300000000006,2.9369999999999483e-05
0.001383,0.0013534633333333284,2.953666666667145e-05
0.001489,0.0014502766666666673,3.872333333333278e-05
0.001389,0.0013731966666666706,1.580333333332947e-05
0.001495,0.0014760366666666696,1.8963333333330435e-05
0.001394,0.0013744433333333279,1.955666666667217e-05
0.0015,0.001476973333333338,2.302666666666197e-05
0.001399,0.0013892666666666695,9.733333333330606e-06
0.001506,0.0014939766666666697,1.2023333333330234e-05
0.001404,0.0013874600000000005,1.6539999999999567e-05
0.001512,0.0014944400000000016,1.7559999999998497e-05
0.001409,0.0013941366666666705,1.486333333332963e-05
0.001517,0.0014975866666666654,1.9413333333334485e-05
0.001414,0.001394709999999999,1.92900000000008e-05
0.001523,0.0015026599999999985,2.0340000000001503e-05
0.00142,0.0013978233333333352,2.217666666666485e-05
0.001528,0.0015049733333333344,2.3026666666665658e-05
0.001425,0.0014089133333333303,1.6086666666669793e-05
0.001533,0.0015182299999999954,1.4770000000004658e-05
0.00143,0.0014214166666666717,8.583333333328329e-06
0.001538,0.0015256100000000034,1.2389999999996675e-05
0.001435,0.0014133533333333306,2.1646666666669517e-05
0.001543,0.0015201199999999996,2.2880000000000513e-05
0.001439,0.0014274899999999983,1.1510000000001684e-05
0.001548,0.0015325366666666708,1.5463333333329103e-05
0.001444,0.0014223633333333382,2.163666666666177e-05
0.001553,0.0015327566666666656,2.0243333333334326e-05
0.001449,0.0014206366666666688,2.8363333333331206e-05
0.001558,0.0015352233333333328,2.2776666666667143e-05
0.001453,0.0014358199999999974,1.7180000000002705e-05
0.001563,0.0015433000000000024,1.9699999999997497e-05
0.001458,0.001444266666666668,1.3733333333332005e-05
0.001568,0.0015505433333333353,1.7456666666664693e-05
0.001462,0.0014496166666666704,1.2383333333329614e-05
0.001572,0.001560320000000002,1.1679999999998072e-05
0.001466,0.0014543133333333382,1.168666666666188e-05
0.001577,0.001562453333333336,1.4546666666663977e-05
0.00147,0.001460950000000004,9.04999999999591e-06
0.001581,0.001572063333333329,8.93666666667084e-06
0.001475,0.0014604333333333387,1.4566666666661256e-05
0.001586,0.0015695433333333308,1.6456666666669114e-05
0.001479,0.0014663333333333377,1.2666666666662349e-05
0.00159,0.0015750033333333281,1.499666666667193e-05
0.001483,0.0014671700000000018,1.5829999999998146e-05
0.001594,0.001572286666666667,2.171333333333297e-05
0.001487,0.001468726666666672,1.8273333333328028e-05
0.001599,0.0015669033333333352,3.20966666666647e-05
0.001491,0.0014699833333333345,2.1016666666665452e-05
0.001603,0.0015702833333333353,3.2716666666664706e-05
0.001495,0.0014757699999999997,1.923000000000029e-05
0.001608,0.0015788266666666674,2.9173333333332684e-05
0.0015,0.0014892500000000045,1.0749999999995572e-05
0.001612,0.0016011966666666679,1.0803333333332058e-05
0.001504,0.0014778766666666682,2.6123333333331715e-05
0.001616,0.0015838999999999994,3.210000000000062e-05
0.001508,0.0014897166666666697,1.8283333333330353e-05
0.001621,0.0015913266666666658,2.9673333333334268e-05
0.001512,0.0014979966666666704,1.400333333332975e-05
0.001625,0.0016028300000000017,2.2169999999998224e-05
0.001516,0.0014988466666666703,1.7153333333329692e-05
0.00163,0.0016065266666666646,2.347333333333531e-05
0.001521,0.0015106866666666674,1.0313333333332583e-05
0.001634,0.0016196600000000028,1.4339999999997237e-05
0.001525,0.0015112866666666623,1.3713333333337761e-05
0.001639,0.0016201066666666707,1.8893333333329333e-05
0.00153,0.00152573333333333,4.266666666669951e-06
0.001643,0.0016376933333333327,5.306666666667244e-06
0.001534,0.0015272666666666637,6.73333333333628e-06
0.001648,0.0016361499999999998,1.1850000000000098e-05
0.001539,0.0015279199999999938,1.1080000000006189e-05
0.001654,0.0016416066666666632,1.2393333333336927e-05
0.001544,0.0015352666666666633,8.733333333336762e-06
0.001659,0.0016512399999999976,7.760000000002487e-06
0.001548,0.001533113333333331,1.4886666666668897e-05
0.001664,0.0016473133333333356,1.668666666666428e-05
0.001553,0.00153498333333333,1.8016666666669824e-05
0.001669,0.0016473200000000016,2.1679999999998315e-05
0.001558,0.001541963333333331,1.6036666666669006e-05
0.001674,0.001654526666666662,1.947333333333803e-05
0.001563,0.0015390133333333363,2.3986666666663643e-05
0.001679,0.0016524866666666675,2.6513333333332435e-05
0.001568,0.0015283333333333327,3.966666666666723e-05
0.001685,0.0016251,5.99000000000001e-05
0.001573,0.0015390466666666694,3.3953333333330534e-05
0.001691,0.0016391899999999983,5.181000000000174e-05
0.001578,0.0015446433333333347,3.335666666666524e-05
0.001696,0.0016477933333333308,4.820666666666921e-05
0.001583,0.001579366666666672,3.6333333333280187e-06
0.001702,0.0016951033333333307,6.896666666669294e-06
0.001589,0.00158313,5.869999999999834e-06
0.001707,0.0017001599999999992,6.840000000000795e-06
0.001594,0.0015800966666666687,1.3903333333331212e-05
0.001713,0.0016925533333333332,2.044666666666667e-05
0.001599,0.0015924766666666644,6.523333333335575e-06
0.001719,0.001707426666666661,1.1573333333338978e-05
0.001604,0.0016001800000000031,3.819999999996829e-06
0.001725,0.0017193866666666753,5.613333333324717e-06
0.00161,0.0016018033333333286,8.196666666671548e-06
0.00173,0.001719689999999996,1.031000000000404e-05
0.001615,0.0016096899999999978,5.310000000002075e-06
0.001736,0.001726720000000007,9.27999999999281e-06
0.001621,0.0016082133333333302,1.2786666666669876e-05
0.001742,0.001724003333333339,1.7996666666661052e-05
0.001626,0.0016027233333333311,2.3276666666668944e-05
0.001748,0.00171381666666667,3.4183333333330035e-05
0.001632,0.0016168999999999982,1.510000000000183e-05
0.001754,0.0017296300000000028,2.4369999999997085e-05
0.001638,0.0016171500000000051,2.0849999999994788e-05
0.00176,0.0017315433333333333,2.8456666666666804e-05
0.001643,0.0016221500000000058,2.0849999999994137e-05
0.001767,0.0017344933333333368,3.2506666666663134e-05
0.001649,0.001638273333333338,1.072666666666216e-05
0.001773,0.001757113333333331,1.588666666666903e-05
0.001655,0.0016354366666666736,1.9563333333326438e-05
0.001779,0.0017509266666666712,2.8073333333328808e-05
0.001661,0.0016411466666666704,1.9853333333329486e-05
0.001785,0.0017556366666666608,2.9363333333339145e-05
0.001666,0.0016367200000000067,2.9279999999993296e-05
0.001791,0.0017466133333333305,4.438666666666956e-05
0.001672,0.0016510733333333404,2.0926666666659698e-05
0.001797,0.0017613133333333293,3.5686666666670704e-05
0.001678,0.0016587666666666736,1.9233333333326446e-05
0.001804,0.001770393333333329,3.360666666667113e-05
0.001684,0.0016742666666666745,9.733333333325402e-06
0.00181,0.0017948600000000025,1.5139999999997473e-05
0.00169,0.001680056666666669,9.943333333331094e-06
0.001816,0.0018019366666666608,1.4063333333339152e-05
0.001696,0.0016820000000000047,1.3999999999995353e-05
0.001822,0.0018017466666666667,2.02533333333334e-05
0.001702,0.001688289999999999,1.3710000000000978e-05
0.001828,0.001808059999999994,1.9940000000006047e-05
0.001708,0.001698793333333336,9.206666666664032e-06
0.001835,0.0018178633333333282,1.7136666666671798e-05
0.001715,0.0016832399999999947,3.176000000000524e-05
0.001841,0.001791073333333328,4.9926666666672004e-05
0.001721,0.0016867066666666623,3.429333333333784e-05
0.001848,0.001789143333333331,5.885666666666906e-05
0.001727,0.0016936199999999936,3.338000000000646e-05
0.001855,0.0017999666666666677,5.503333333333241e-05
0.001734,0.0017057299999999969,2.8270000000003197e-05
0.001861,0.001815016666666666,4.598333333333412e-05
0.00174,0.0017027566666666654,3.724333333333463e-05
0.001868,0.00180482333333333,6.317666666667008e-05
0.001747,0.0017288133333333356,1.8186666666664478e-05
0.001874,0.0018469299999999973,2.7070000000002734e-05
0.001754,0.001733750000000002,2.0249999999997917e-05
0.001881,0.0018505066666666637,3.0493333333336337e-05
0.001761,0.0017492633333333284,1.1736666666671558e-05
0.001888,0.0018692600000000004,1.8739999999999512e-05
0.001768,0.0017513266666666731,1.6673333333326905e-05
0.001895,0.0018705166666666676,2.4483333333332347e-05
0.001775,0.0017539933333333318,2.100666666666833e-05
0.001902,0.0018717699999999953,3.0230000000004784e-05
0.001782,0.001763206666666664,1.8793333333335998e-05
0.001909,0.001877429999999994,3.157000000000615e-05
0.001789,0.0017752133333333346,1.3786666666665455e-05
0.001916,0.0018944199999999989,2.1580000000001077e-05
0.001797,0.0017753466666666667,2.1653333333333325e-05
0.001924,0.0018921266666666644,3.1873333333335514e-05
0.001804,0.0017702333333333316,3.3766666666668445e-05
0.001931,0.0018762366666666655,5.476333333333445e-05
0.001812,0.0017703133333333307,4.168666666666933e-05
0.001939,0.0018692166666666675,6.978333333333242e-05
0.00182,0.001769366666666666,5.063333333333404e-05
0.001946,0.0018672333333333412,7.87666666666588e-05
0.001828,0.0017766400000000003,5.1359999999999644e-05
0.001954,0.001871690000000008,8.230999999999191e-05
0.001836,0.0018058866666666666,3.011333333333339e-05
0.001962,0.001915086666666673,4.691333333332729e-05
0.001843,0.00182343,1.9570000000000004e-05
0.00197,0.0019365066666666704,3.349333333332958e-05
0.001852,0.0018258333333333262,2.616666666667368e-05
0.001978,0.0019378000000000069,4.019999999999328e-05
0.00186,0.0018276766666666714,3.232333333332872e-05
0.001987,0.0019351700000000006,5.1829999999999455e-05
0.001869,0.0018379566666666643,3.104333333333567e-05
0.001995,0.0019475133333333294,4.748666666667045e-05
0.001877,0.0018555833333333365,2.141666666666351e-05
0.002003,0.0019667366666666656,3.626333333333438e-05
0.001886,0.001842123333333338,4.387666666666218e-05
0.002011,0.0019445899999999965,6.641000000000372e-05
0.001895,0.0018458466666666721,4.915333333332787e-05
0.00202,0.001941043333333331,7.895666666666917e-05
0.001904,0.0018252099999999986,7.879000000000154e-05
0.002029,0.0019083000000000043,0.00012069999999999572
0.001913,0.0018371133333333375,7.588666666666247e-05
0.002039,0.0019179700000000006,0.0001210299999999994
0.001924,0.001838733333333336,8.5266666666664e-05
0.002049,0.0019149200000000012,0.00013407999999999888
0.001934,0.0019063466666666613,2.7653333333338675e-05
0.002059,0.002017609999999999,4.139000000000096e-05
0.001945,0.0018944933333333318,5.0506666666668126e-05
0.002069,0.00199218,7.682000000000001e-05
0.001956,0.0019098566666666645,4.6143333333335335e-05
0.00208,0.0020095666666666632,7.043333333333658e-05
0.001968,0.0018775333333333325,9.04666666666676e-05
0.002092,0.001951993333333334,0.00014000666666666613
0.001981,0.0018909966666666679,9.000333333333225e-05
0.002103,0.001964253333333334,0.0001387466666666658
0.001994,0.0019152033333333322,7.879666666666795e-05
0.002116,0.0019971833333333362,0.0001188166666666636
0.002007,0.0019153566666666685,9.164333333333162e-05
0.002129,0.0019938933333333384,0.0001351066666666614
0.002022,0.0018988733333333407,0.00012312666666665925
0.002142,0.0019627733333333354,0.00017922666666666436
0.002038,0.0019171966666666704,0.00012080333333332953
0.002156,0.0019816000000000026,0.0001743999999999973
0.002054,0.0019403266666666648,0.00011367333333333501
0.002171,0.0020041200000000025,0.00016687999999999772
0.002071,0.0019425366666666695,0.00012846333333333044
0.002187,0.0019984666666666684,0.0001885333333333317
0.00209,0.001966106666666665,0.0001238933333333348
0.002203,0.0020275033333333366,0.00017549666666666353
0.002109,0.0019786366666666735,0.00013036333333332675
0.00222,0.002036376666666669,0.00018362333333333137
0.00213,0.002021230000000004,0.00010876999999999588
0.002238,0.0020954800000000068,0.0001425199999999932
0.002151,0.0020267133333333365,0.00012428666666666364
0.002256,0.002079856666666668,0.000176143333333332
0.002174,0.0020815133333333337,9.248666666666645e-05
0.002276,0.0021625466666666715,0.00011345333333332829
0.002198,0.002100873333333336,9.712666666666404e-05
0.002296,0.0021793200000000015,0.00011667999999999835
0.002223,0.0021232399999999985,9.976000000000169e-05
0.002317,0.0021999800000000016,0.0001170199999999985
0.00225,0.0021485533333333346,0.00010144666666666528
0.002339,0.0022236566666666694,0.00011534333333333051
0.002277,0.0021658466666666697,0.00011115333333333024
0.002361,0.0022370933333333387,0.00012390666666666113
0.002305,0.0021923966666666608,0.00011260333333333941
0.002385,0.002261490000000001,0.00012350999999999899
0.002335,0.0022305866666666664,0.0001044133333333334
0.002409,0.0023019699999999987,0.00010703000000000145
0.002366,0.0022385199999999986,0.00012748000000000143
0.002434,0.0022997066666666675,0.00013429333333333246
0.002397,0.0023043333333333297,9.266666666667015e-05
0.00246,0.002397100000000001,6.289999999999898e-05
0.002429,0.002301880000000002,0.00012711999999999836
0.002486,0.0023608333333333307,0.00012516666666666926
0.002462,0.0023608,0.00010120000000000007
0.002514,0.0024316733333333324,8.23266666666678e-05
0.002495,0.0023759099999999963,0.00011909000000000355
0.002542,0.002433346666666666,0.00010865333333333381
0.002529,0.00240558,0.00012341999999999995
0.002571,0.0024596366666666666,0.00011136333333333333
0.002563,0.0024412166666666632,0.00012178333333333694
0.0026,0.0024933300000000015,0.00010666999999999838
0.002597,0.0025154733333333326,8.152666666666735e-05
0.002629,0.002582966666666664,4.603333333333577e-05
0.002631,0.002526183333333331,0.00010481666666666912
0.002659,0.0025776466666666675,8.135333333333244e-05
0.002664,0.0025689333333333343,9.506666666666587e-05
0.002689,0.0026327733333333394,5.622666666666061e-05
0.002697,0.0025997833333333354,9.721666666666481e-05
0.00272,0.0026462600000000027,7.373999999999749e-05
0.002729,0.0026498133333333275,7.918666666667257e-05
0.002751,0.00270742000000001,4.357999999999012e-05
0.00276,0.00267402666666666,8.59733333333397e-05
0.002782,0.0027063333333333297,7.56666666666705e-05
0.00279,0.0027087099999999974,8.129000000000252e-05
0.002813,0.002735323333333338,7.767666666666203e-05
0.002818,0.0027706333333333364,4.736666666666379e-05
0.002843,0.0028053499999999977,3.765000000000235e-05
0.002845,0.0027692533333333364,7.574666666666351e-05
0.002873,0.002791699999999994,8.130000000000593e-05
0.00287,0.002772073333333336,9.792666666666406e-05
0.002902,0.002783383333333328,0.00011861666666667216
0.002893,0.0028056400000000085,8.735999999999163e-05
0.002931,0.0028135633333333326,0.00011743666666666746
0.002915,0.0028343566666666677,8.064333333333232e-05
0.002959,0.002832890000000011,0.00012610999999998875
0.002934,0.0028302633333333353,0.00010373666666666469
0.002985,0.0028183933333333342,0.00016660666666666558
0.002951,0.002894053333333331,5.694666666666891e-05
0.003009,0.002920980000000003,8.801999999999682e-05
0.002966,0.0029136233333333307,5.237666666666916e-05
0.003031,0.002953876666666675,7.712333333332504e-05
0.002978,0.0028928366666666682,8.516333333333194e-05
0.003051,0.0029179766666666664,0.0001330233333333335
0.002988,0.002902760000000008,8.523999999999208e-05
0.003068,0.002985340000000014,8.265999999998615e-05
0.002996,0.002889630000000006,0.00010636999999999409
0.003083,0.0029872166666666737,9.578333333332611e-05
0.003003,0.0029354166666666725,6.758333333332749e-05
0.003096,0.003008043333333331,8.795666666666863e-05
0.003009,0.002994496666666661,1.4503333333339141e-05
0.003107,0.0030823566666666564,2.464333333334354e-05
0.003015,0.0029652866666666734,4.971333333332649e-05
0.003118,0.0030126133333333253,0.00010538666666667484
0.003021,0.002972353333333337,4.864666666666269e-05
0.003128,0.0030217399999999867,0.00010626000000001339
0.003027,0.0030054400000000116,2.155999999998862e-05
0.003137,0.0030860066666666673,5.099333333333277e-05
0.003032,0.003023396666666669,8.603333333330812e-06
0.003146,0.003130323333333324,1.5676666666675915e-05
0.003038,0.0030245699999999977,1.3430000000002208e-05
0.003153,0.00313581666666667,1.7183333333330164e-05
0.003042,0.0030291366666666624,1.2863333333337605e-05
0.00316,0.0031435399999999915,1.64600000000085e-05
0.003046,0.003024759999999996,2.1240000000003964e-05
0.003166,0.0031364500000000068,2.954999999999321e-05
0.00305,0.003032849999999997,1.71500000000031e-05
0.003172,0.003146493333333332,2.5506666666667843e-05
0.003054,0.0030321466666666658,2.185333333333409e-05
0.003177,0.0031434966666666585,3.350333333334166e-05
0.003058,0.003035200000000006,2.2799999999993832e-05
0.003181,0.0031348533333333383,4.614666666666149e-05
0.003063,0.003039433333333332,2.356666666666809e-05
0.003186,0.003149476666666667,3.6523333333332835e-05
0.003068,0.0030002533333333367,6.774666666666332e-05
0.003191,0.003090390000000005,0.0001006099999999949
0.003073,0.003010639999999999,6.236000000000132e-05
0.003195,0.003092786666666663,0.00010221333333333693
0.003077,0.0030508499999999956,2.6150000000004295e-05
0.003199,0.003150456666666657,4.854333333334298e-05
0.003082,0.0030610433333333343,2.0956666666665808e-05
0.003203,0.0031666000000000016,3.63999999999985e-05
0.003086,0.0030712333333333323,1.4766666666667875e-05
0.003206,0.0031866666666666545,1.9333333333345585e-05
0.003089,0.003074533333333329,1.4466666666670958e-05
0.00321,0.0031890366666666565,2.096333333334371e-05
0.003092,0.0030843533333333385,7.646666666661587e-06
0.003212,0.0031989900000000114,1.3009999999988656e-05
0.003094,0.0030848733333333237,9.126666666676216e-06
0.003214,0.003200293333333327,1.3706666666672869e-05
0.003096,0.0030836899999999983,1.2310000000001486e-05
0.003215,0.0031895166666666714,2.5483333333328577e-05
0.003095,0.0030901933333333264,4.806666666673683e-06
0.003215,0.003200109999999996,1.4890000000003945e-05
0.003094,0.0030891599999999936,4.840000000006384e-06
0.003214,0.0032027600000000002,1.1239999999999601e-05
0.003091,0.003087126666666658,3.873333333341989e-06
0.003211,0.0032028833333333294,8.116666666670505e-06
0.003087,0.003081286666666662,5.7133333333380006e-06
0.003208,0.0031993833333333285,8.616666666671439e-06
0.003081,0.00307574,5.259999999999987e-06
0.003203,0.0031912233333333336,1.177666666666655e-05
0.003074,0.003072009999999997,1.990000000002927e-06
0.003198,0.0031925466666666655,5.4533333333343405e-06
0.003065,0.003058283333333339,6.7166666666610385e-06
0.00319,0.003172303333333333,1.7696666666666954e-05
0.003055,0.0030466266666666726,8.373333333327408e-06
0.003181,0.00315588000000001,2.5119999999989595e-05
0.003044,0.003040659999999994,3.3400000000057516e-06
0.003171,0.0031465766666666636,2.4423333333336607e-05
0.00303,0.0030186766666666608,1.1323333333339378e-05
0.003158,0.003102083333333338,5.591666666666202e-05
0.003014,0.0030080300000000027,5.969999999997505e-06
0.003144,0.003116316666666668,2.768333333333199e-05
0.002997,0.0029953233333333247,1.6766666666753575e-06
0.003128,0.0030663366666666683,6.166333333333185e-05
0.002977,0.0029759099999999926,1.0900000000074045e-06
0.003111,0.0030464033333333323,6.459666666666771e-05
0.002956,0.0029636066666666595,-7.606666666659656e-06
0.003091,0.003056119999999997,3.488000000000319e-05
0.002933,0.0029279066666666673,5.093333333332575e-06
0.003069,0.0030083233333333243,6.0676666666675816e-05
0.002908,0.0029279799999999993,-1.9979999999999304e-05
0.003046,0.003003553333333334,4.244666666666612e-05
0.002881,0.0029237366666666673,-4.273666666666743e-05
0.003021,0.0030269599999999956,-5.95999999999583e-06
0.002853,0.002853793333333332,-7.933333333320913e-07
0.002994,0.0029454400000000014,4.855999999999871e-05
0.002822,0.0028529366666666654,-3.093666666666552e-05
0.002965,0.002933176666666674,3.182333333332605e-05
0.00279,0.002791499999999996,-1.4999999999958623e-06
0.002934,0.002851929999999993,8.2070000000007e-05
0.002756,0.002770266666666659,-1.4266666666658701e-05
0.002902,0.0028447799999999934,5.722000000000669e-05
0.002721,0.0027528099999999983,-3.180999999999844e-05
0.002868,0.0027814366666666607,8.656333333333923e-05
0.002684,0.002678716666666669,5.283333333331013e-06
0.002833,0.0027301900000000017,0.00010280999999999832
0.002646,0.002662050000000008,-1.6050000000007898e-05
0.002796,0.002727879999999994,6.812000000000571e-05
0.002608,0.0026801400000000053,-7.214000000000526e-05
0.002758,0.002712346666666664,4.565333333333586e-05
0.002568,0.0026094466666666703,-4.144666666667032e-05
0.002719,0.002631666666666664,8.733333333333596e-05
0.002528,0.002576306666666672,-4.8306666666672084e-05
0.002679,0.002619266666666667,5.9733333333332906e-05
0.002487,0.0025753233333333323,-8.832333333333225e-05
0.002639,0.002640166666666666,-1.1666666666662433e-06
0.002446,0.0025500800000000053,-0.00010408000000000552
0.002598,0.002592589999999997,5.410000000002999e-06
0.002406,0.0025067766666666616,-0.00010077666666666145
0.002558,0.0025388933333333357,1.9106666666664218e-05
0.002366,0.002427473333333335,-6.147333333333515e-05
0.002518,0.002437736666666667,8.026333333333285e-05
0.002327,0.0024446033333333336,-0.00011760333333333357
0.002479,0.0024802800000000027,-1.2800000000028067e-06
0.002289,0.002484806666666666,-0.00019580666666666607
0.00244,0.0024958466666666662,-5.5846666666666336e-05
0.002251,0.0023456633333333323,-9.466333333333233e-05
0.002403,0.0024004566666666624,2.5433333333377446e-06
0.002215,0.002468196666666668,-0.00025319666666666785
0.002366,0.00249314,-0.00012713999999999998
0.00218,0.0023537633333333336,-0.00017376333333333355
0.002331,0.002348796666666664,-1.7796666666663758e-05
0.002146,0.0022986233333333345,-0.00015262333333333463
0.002297,0.0022498099999999992,4.719000000000077e-05
0.002113,0.002198856666666669,-8.585666666666896e-05
0.002264,0.002175356666666667,8.864333333333295e-05
0.002082,0.0021032599999999996,-2.125999999999951e-05
0.002232,0.0021244633333333276,0.00010753666666667248
0.002052,0.0020618600000000013,-9.860000000001291e-06
0.002202,0.002051686666666667,0.00015031333333333317
0.002024,0.002011920000000004,1.2079999999996347e-05
0.002173,0.002019063333333334,0.00015393666666666623
0.001997,0.0019951766666666654,1.823333333334648e-06
0.002146,0.001990406666666666,0.0001555933333333339
0.001972,0.0019510533333333335,2.09466666666663e-05
0.002121,0.001961836666666666,0.00015916333333333395
0.001947,0.0019327166666666658,1.428333333333416e-05
0.002096,0.001882356666666668,0.0002136433333333322
0.001925,0.0018926300000000026,3.2369999999997496e-05
0.002073,0.0018524766666666666,0.00022052333333333362
0.001903,0.0018822300000000019,2.076999999999808e-05
0.002051,0.0018395400000000017,0.00021145999999999817
0.001882,0.0018505100000000027,3.14899999999973e-05
0.00203,0.0018122066666666622,0.0002177933333333379
0.001862,0.001840603333333333,2.139666666666688e-05
0.002011,0.0018349199999999977,0.0001760800000000025
0.001844,0.0017919700000000008,5.2029999999999134e-05
0.001992,0.0017681433333333345,0.00022385666666666537
0.001826,0.0017873999999999993,3.860000000000061e-05
0.001973,0.0017734633333333304,0.0001995366666666695
0.001809,0.0017705433333333339,3.845666666666618e-05
0.001956,0.0017877366666666672,0.0001682633333333326
0.001792,0.0017590266666666638,3.297333333333614e-05
0.00194,0.0017920166666666663,0.00014798333333333378
0.001777,0.001752713333333336,2.428666666666403e-05
0.001924,0.0018003800000000033,0.0001236199999999966
0.001761,0.0017298833333333334,3.111666666666662e-05
0.001909,0.0017798966666666646,0.00012910333333333553
0.001747,0.0017129900000000017,3.400999999999838e-05
0.001894,0.001771506666666668,0.00012249333333333207
0.001733,0.0016949866666666684,3.8013333333331576e-05
0.00188,0.0017496433333333361,0.0001303566666666638
0.001719,0.0016739066666666687,4.509333333333138e-05
0.001867,0.0017183733333333343,0.00014862666666666568
0.001706,0.0016623099999999976,4.369000000000248e-05
0.001854,0.0017140533333333356,0.00013994666666666431
0.001694,0.001653853333333334,4.01466666666659e-05
0.001841,0.00172017666666667,0.00012082333333333006
0.001682,0.0016424799999999978,3.952000000000209e-05
0.001829,0.0017068599999999997,0.00012214000000000018
0.00167,0.0016184266666666618,5.1573333333338215e-05
0.001817,0.0016611933333333365,0.00015580666666666358
0.001659,0.0016037266666666672,5.527333333333294e-05
0.001805,0.0016431066666666664,0.00016189333333333357
0.001648,0.0016014699999999987,4.653000000000122e-05
0.001794,0.0016408833333333326,0.00015311666666666742
0.001637,0.0015797766666666643,5.722333333333567e-05
0.001783,0.0016297733333333361,0.00015322666666666394
0.001627,0.0015752266666666658,5.177333333333421e-05
0.001773,0.001625796666666667,0.000147203333333333
0.001617,0.0015767133333333314,4.028666666666854e-05
0.001762,0.0016350933333333358,0.00012690666666666413
0.001607,0.0015579766666666663,4.902333333333363e-05
0.001752,0.0016141033333333318,0.00013789666666666825
0.001598,0.0015434433333333304,5.455666666666966e-05
0.001743,0.0015905533333333297,0.0001524466666666703
0.001589,0.0015349499999999993,5.405000000000058e-05
0.001733,0.0015815566666666663,0.0001514433333333336
0.00158,0.0015292200000000021,5.0779999999997884e-05
0.001724,0.0015796933333333365,0.00014430666666666358
0.001571,0.0015302600000000031,4.0739999999996794e-05
0.001715,0.0015952633333333307,0.0001197366666666692
0.001563,0.0015109333333333337,5.2066666666666234e-05
0.001706,0.0015641799999999986,0.00014182000000000148
0.001555,0.001508706666666663,4.6293333333337046e-05
0.001697,0.0015715000000000002,0.00012549999999999974
0.001546,0.0015105566666666667,3.5443333333333394e-05
0.001689,0.0015844566666666662,0.00010454333333333372
0.001538,0.0014987766666666644,3.9223333333335665e-05
0.00168,0.0015691900000000046,0.00011080999999999548
0.00153,0.0014929533333333305,3.704666666666935e-05
0.001672,0.0015651966666666679,0.00010680333333333222
0.001523,0.0014792066666666675,4.3793333333332594e-05
0.001665,0.001543323333333335,0.00012167666666666505
0.001516,0.001479506666666666,3.649333333333388e-05
0.001657,0.0015476966666666688,0.00010930333333333125
0.001508,0.0014700500000000027,3.794999999999732e-05
0.001649,0.0015314666666666624,0.00011753333333333767
0.001501,0.001463046666666667,3.7953333333333016e-05
0.001642,0.0015360566666666685,0.00010594333333333148
0.001494,0.0014700499999999973,2.3950000000002832e-05
0.001634,0.0015420366666666625,9.196333333333752e-05
0.001488,0.0014740766666666654,1.3923333333334563e-05
0.001627,0.0015522299999999986,7.477000000000135e-05
0.001481,0.0014663433333333314,1.4656666666668528e-05
0.001621,0.0015567633333333317,6.423666666666833e-05
0.001475,0.0014628799999999974,1.2120000000002615e-05
0.001615,0.0015532399999999994,6.176000000000055e-05
0.001469,0.0014425366666666662,2.6463333333333816e-05
0.001608,0.0015332033333333313,7.479666666666872e-05
0.001463,0.001459566666666665,3.433333333335061e-06
0.001602,0.0015717433333333295,3.0256666666670425e-05
0.001457,0.0014460099999999974,1.0990000000002604e-05
0.001596,0.0015505233333333347,4.5476666666665255e-05
0.001451,0.0014379299999999983,1.3070000000001743e-05
0.001589,0.0015395866666666638,4.941333333333608e-05
0.001446,0.001418330000000001,2.7669999999998954e-05
0.001583,0.0014939166666666673,8.908333333333272e-05
0.00144,0.0014075700000000014,3.242999999999866e-05
0.001577,0.001474616666666667,0.0001023833333333331
0.001434,0.0014326666666666715,1.3333333333284507e-06
0.001571,0.0015414233333333346,2.9576666666665356e-05
0.001429,0.0014196766666666645,9.323333333335427e-06
0.001566,0.001530523333333332,3.547666666666783e-05
0.001424,0.0014078433333333357,1.6156666666664174e-05
0.00156,0.0015112133333333318,4.878666666666815e-05
0.001419,0.0013883066666666678,3.069333333333211e-05
0.001555,0.0014803266666666693,7.46733333333307e-05
0.001414,0.001394479999999999,1.952000000000095e-05
0.001549,0.0014938999999999968,5.510000000000324e-05
0.001409,0.0014028000000000027,6.19999999999744e-06
0.001544,0.0015173900000000037,2.660999999999636e-05
0.001404,0.0013986133333333303,5.3866666666698045e-06
0.001539,0.0015149966666666613,2.4003333333338667e-05
0.001399,0.0013940300000000031,4.969999999996939e-06
0.001534,0.001513023333333336,2.0976666666663955e-05
0.001394,0.0013879966666666657,6.003333333334327e-06
0.001529,0.001505963333333334,2.3036666666666032e-05
0.001389,0.0013756100000000032,1.3389999999996807e-05
0.001524,0.0014803666666666675,4.363333333333246e-05
0.001385,0.0013753300000000034,9.669999999996565e-06
0.001519,0.0014791099999999988,3.989000000000119e-05
0.001381,0.0013760833333333374,4.916666666662621e-06
0.001515,0.0014948366666666685,2.016333333333155e-05
0.001377,0.001374483333333338,2.516666666661912e-06
0.00151,0.0014989333333333315,1.1066666666668598e-05
0.001373,0.0013676500000000037,5.349999999996417e-06
0.001506,0.001486049999999997,1.995000000000295e-05
0.001369,0.0013634566666666718,5.543333333328168e-06
0.001501,0.001482603333333338,1.839666666666193e-05
0.001365,0.0013536400000000012,1.1359999999998672e-05
0.001497,0.0014701399999999959,2.6860000000004198e-05
0.001361,0.0013573933333333344,3.6066666666656304e-06
0.001492,0.0014772599999999998,1.4740000000000282e-05
0.001357,0.0013469099999999978,1.0090000000002094e-05
0.001488,0.0014647866666666672,2.3213333333332734e-05
0.001353,0.0013474666666666644,5.5333333333356e-06
0.001485,0.0014675066666666665,1.7493333333333527e-05
0.001349,0.0013485699999999973,4.300000000026505e-07
0.001481,0.0014702999999999995,1.0700000000000423e-05
0.001346,0.0013424733333333343,3.526666666665672e-06
0.001477,0.0014650866666666637,1.1913333333336308e-05
0.001342,0.0013409399999999981,1.0600000000019448e-06
0.001474,0.0014669633333333405,7.036666666659572e-06
0.001339,0.001341460000000004,-2.460000000004039e-06
0.00147,0.001467849999999996,2.1500000000039283e-06
0.001336,0.0013366533333333292,-6.533333333292365e-07
0.001467,0.0014593500000000055,7.649999999994467e-06
0.001332,0.001330253333333329,1.7466666666710387e-06
0.001463,0.0014508566666666686,1.2143333333331473e-05
0.001329,0.0013274799999999963,1.5200000000037666e-06
0.00146,0.0014471633333333327,1.2836666666667194e-05
0.001326,0.001324826666666671,1.1733333333289672e-06
0.001457,0.0014502500000000047,6.749999999995258e-06
0.001323,0.001320776666666662,2.2233333333379103e-06
0.001454,0.0014482366666666606,5.763333333339438e-06
0.00132,0.0013157900000000029,4.209999999997115e-06
0.001451,0.001433326666666671,1.767333333332899e-05
0.001318,0.001308566666666669,9.43333333333087e-06
0.001447,0.001426653333333336,2.034666666666401e-05
0.001315,0.001314749999999997,2.5000000000306895e-07
0.001444,0.0014396599999999993,4.34000000000068e-06
0.001312,0.0013097933333333332,2.206666666666789e-06
0.001441,0.0014337399999999982,7.26000000000177e-06
0.00131,0.001302673333333332,7.326666666668041e-06
0.001438,0.0014209266666666692,1.7073333333330817e-05
0.001307,0.001308453333333332,-1.4533333333320748e-06
0.001436,0.0014338866666666666,2.1133333333333594e-06
0.001305,0.0012984833333333327,6.5166666666672136e-06
0.001433,0.001418913333333333,1.4086666666666926e-05
0.001302,0.0012952833333333303,6.716666666669712e-06
0.00143,0.00141726666666667,1.2733333333330137e-05
0.001299,0.001298440000000002,5.599999999979753e-07
0.001427,0.0014225566666666613,4.443333333338821e-06
0.001297,0.0012940233333333293,2.976666666670673e-06
0.001424,0.001416383333333333,7.616666666666969e-06
0.001295,0.0012905766666666662,4.423333333333735e-06
0.001422,0.0014106933333333307,1.1306666666669341e-05
0.001292,0.0012873766666666696,4.623333333330379e-06
0.001419,0.0014073566666666613,1.1643333333338562e-05
0.00129,0.0012891233333333363,8.766666666636287e-07
0.001416,0.0014136066666666726,2.3933333333273597e-06
0.001288,0.001287440000000001,5.599999999990595e-07
0.001414,0.0014132599999999932,7.400000000066641e-07
0.001285,0.0012844666666666682,5.333333333316839e-07
0.001411,0.0014083366666666677,2.6633333333322615e-06
0.001283,0.001281280000000001,1.7199999999991094e-06
0.001409,0.001406143333333336,2.856666666664013e-06
0.00128,0.001282869999999997,-2.8699999999968334e-06
0.001406,0.0014073599999999957,-1.3599999999958264e-06
0.001278,0.0012772866666666675,7.133333333325664e-07
0.001404,0.0014015599999999968,2.4400000000032902e-06
0.001276,0.001275236666666671,7.633333333290169e-07
0.001401,0.0014006099999999998,3.900000000000691e-07
0.001273,0.001272150000000003,8.499999999971204e-07
0.001399,0.001396966666666665,2.0333333333351356e-06
0.001271,0.0012715333333333386,-5.333333333386227e-07
0.001397,0.0013949366666666666,2.0633333333334395e-06
0.001269,0.001268203333333333,7.966666666669227e-07
0.001394,0.001393759999999999,2.4000000000095993e-07
0.001266,0.0012648533333333308,1.146666666669181e-06
0.001392,0.0013887433333333353,3.256666666664673e-06
0.001264,0.0012646866666666636,-6.866666666636729e-07
0.00139,0.0013895500000000013,4.499999999986286e-07
0.001262,0.001254099999999996,7.900000000004041e-06
0.001388,0.0013685933333333334,1.9406666666666557e-05
0.00126,0.0012546199999999967,5.380000000003394e-06
0.001386,0.001372586666666665,1.341333333333499e-05
0.001258,0.0012580599999999962,-5.999999999617422e-08
0.001384,0.0013819033333333309,2.096666666669177e-06
0.001256,0.0012544033333333287,1.596666666671279e-06
0.001382,0.0013783833333333294,3.6166666666705583e-06
0.001254,0.0012540933333333283,-9.333333332844224e-08
0.00138,0.0013779833333333285,2.016666666671387e-06
0.001252,0.0012499433333333285,2.056666666671583e-06
0.001378,0.0013734533333333268,4.546666666673275e-06
0.00125,0.0012496033333333355,3.966666666645278e-07
0.001376,0.001375213333333326,7.866666666741379e-07
0.001248,0.0012480599999999985,-5.999999999855947e-08
0.001374,0.0013721433333333294,1.8566666666706023e-06
0.001246,0.001245263333333339,7.366666666609907e-07
0.001372,0.0013690400000000002,2.9599999999997684e-06
0.001244,0.0012448900000000035,-8.900000000033881e-07
0.001369,0.0013681000000000006,8.999999999994256e-07
0.001242,0.0012406466666666698,1.3533333333302835e-06
0.001367,0.0013640033333333365,2.9966666666633984e-06
0.00124,0.0012388799999999978,1.120000000002239e-06
0.001365,0.0013644466666666698,5.533333333300472e-07
0.001237,0.0012367933333333311,2.0666666666890876e-07
0.001363,0.00136089666666667,2.103333333330166e-06
0.001235,0.0012344566666666638,5.433333333361781e-07
0.00136,0.001358010000000005,1.9899999999951207e-06
0.001233,0.0012324633333333293,5.366666666706352e-07
0.001358,0.0013541633333333343,3.836666666665782e-06
0.00123,0.0012276633333333361,2.3366666666638485e-06
0.001355,0.001350096666666662,4.9033333333380405e-06
0.001228,0.0012271766666666693,8.233333333306121e-07
0.001353,0.001351219999999997,1.7800000000030899e-06
0.001226,0.001225460000000006,5.39999999994191e-07
0.001351,0.001349843333333331,1.1566666666689047e-06
0.001223,0.0012216266666666739,1.3733333333260447e-06
0.001348,0.001345743333333337,2.2566666666630226e-06
0.001221,0.0012209800000000015,1.999999999858018e-08
0.001346,0.001345013333333332,9.866666666679628e-07
0.001219,0.0012203300000000015,-1.3300000000014255e-06
0.001343,0.0013444033333333341,-1.4033333333341065e-06
0.001216,0.001220886666666672,-4.8866666666719065e-06
0.001341,0.001342179999999999,-1.1799999999990637e-06
0.001214,0.001215863333333336,-1.8633333333359283e-06
0.001339,0.0013329266666666669,6.073333333333044e-06
0.001212,0.0012077133333333306,4.286666666669398e-06
0.001336,0.0013228133333333361,1.3186666666663814e-05
0.00121,0.001208676666666663,1.3233333333369669e-06
0.001334,0.001326820000000005,7.179999999994873e-06
0.001208,0.0012060566666666653,1.9433333333348027e-06
0.001331,0.0013250466666666707,5.953333333329203e-06
0.001206,0.0012054299999999976,5.700000000024696e-07
0.001329,0.001324410000000006,4.589999999994208e-06
0.001203,0.001202703333333334,2.96666666665989e-07
0.001327,0.0013218233333333372,5.176666666662812e-06
0.001201,0.001202540000000004,-1.5400000000038647e-06
0.001325,0.0013236500000000048,1.3499999999952352e-06
0.001199,0.0011976200000000025,1.3799999999974423e-06
0.001323,0.0013171666666666642,5.83333333333577e-06
0.001197,0.0011990033333333365,-2.0033333333366148e-06
0.00132,0.0013193966666666687,6.033333333312681e-07
0.001195,0.0011958833333333347,-8.833333333345926e-07
0.001318,0.0013129466666666637,5.053333333336282e-06
0.001193,0.0011946200000000004,-1.6200000000003538e-06
0.001316,0.001312649999999997,3.3500000000028732e-06
0.001191,0.0011920733333333324,-1.07333333333238e-06
0.001314,0.0013114466666666641,2.5533333333359505e-06
0.001189,0.0011904899999999965,-1.4899999999965722e-06
0.001312,0.0013098666666666614,2.1333333333386616e-06
0.001187,0.0011865766666666632,4.2333333333667393e-07
0.00131,0.001306113333333328,3.886666666671991e-06
0.001185,0.0011860899999999942,-1.0899999999941772e-06
0.001308,0.0013057633333333285,2.2366666666713813e-06
0.001183,0.0011845399999999954,-1.5399999999954079e-06
0.001306,0.001305363333333332,6.366666666680898e-07
0.001181,0.0011830133333333307,-2.0133333333307007e-06
0.001304,0.001304566666666664,-5.666666666639519e-07
0.001179,0.0011820666666666644,-3.0666666666645005e-06
0.001302,0.0013029866666666703,-9.86666666670348e-07
0.001177,0.0011779833333333321,-9.833333333320472e-07
0.001299,0.0012991700000000062,-1.7000000000614614e-07
0.001175,0.0011765933333333315,-1.5933333333314603e-06
0.001298,0.0012972166666666673,7.833333333325844e-07
0.001174,0.0011751666666666662,-1.1666666666662433e-06
0.001296,0.0012958933333333353,1.0666666666473215e-07
0.001172,0.0011738433333333344,-1.8433333333343124e-06
0.001294,0.0012953266666666694,-1.326666666669413e-06
0.001171,0.0011714933333333358,-4.933333333358245e-07
0.001293,0.0012919500000000044,1.0499999999957158e-06
0.001169,0.0011701333333333347,-1.1333333333348426e-06
0.001292,0.0012906766666666728,1.323333333327209e-06
0.001168,0.0011685333333333293,-5.333333333292986e-07
0.00129,0.00129007,-7.000000000001796e-08
0.001167,0.0011674266666666675,-4.266666666673854e-07
0.001289,0.00128774333333334,1.256666666660071e-06
0.001165,0.0011661100000000001,-1.11000000000013e-06
0.001288,0.0012864166666666718,1.583333333328267e-06
0.001164,0.0011648700000000053,-8.700000000052416e-07
0.001286,0.0012871333333333357,-1.13333333333571e-06
0.001163,0.0011635733333333342,-5.733333333342652e-07
0.001285,0.0012844066666666688,5.933333333311107e-07
0.001162,0.0011631033333333355,-1.1033333333354545e-06
0.001284,0.0012842833333333336,-2.8333333333360224e-07
0.001161,0.0011616833333333342,-6.833333333342625e-07
0.001283,0.0012829866666666699,1.3333333330218383e-08
0.001161,0.0011606033333333321,3.966666666677804e-07
0.001282,0.0012815233333333328,4.7666666666708844e-07
0.00116,0.0011604366666666662,-4.366666666662418e-07
0.001282,0.001280896666666665,1.1033333333350208e-06
0.00116,0.001159550000000001,4.4999999999906226e-07
0.001281,0.0012804766666666678,5.233333333321769e-07
0.001159,0.0011594933333333329,-4.933333333327888e-07
0.00128,0.001279583333333328,4.166666666719984e-07
0.001159,0.0011591999999999998,-1.999999999996796e-07
0.001279,0.001279753333333332,-7.53333333332112e-07
0.001158,0.0011586533333333322,-6.533333333322722e-07
0.001279,0.0012783033333333296,6.966666666703356e-07
0.001158,0.001158523333333331,-5.233333333310927e-07
0.001279,0.001277969999999997,1.0300000000029903e-06
0.001158,0.0011579666666666634,3.333333333660482e-08
0.001278,0.001277526666666666,4.7333333333399175e-07
0.001158,0.0011580366666666632,-3.6666666663196304e-08
0.001278,0.0012780666666666672,-6.666666666713811e-08
0.001158,0.001158056666666663,-5.666666666307753e-08
0.001278,0.0012780266666666679,-2.666666666780934e-08
0.001158,0.001157886666666664,1.1333333333591288e-07
0.001278,0.0012780333333333343,-3.3333333334219575e-08
0.001158,0.0011582566666666638,-2.5666666666384133e-07
0.001278,0.0012782100000000003,-2.1000000000027073e-07
0.001158,0.001157683333333332,3.1666666666803865e-07
0.001278,0.0012780100000000009,-1.0000000000807974e-08
0.001157,0.0011580499999999966,-1.0499999999965832e-06
0.001278,0.001278010000000001,-1.0000000001024814e-08
0.001158,0.0011580833333333302,-8.333333333023635e-08
0.001278,0.001278030000000001,-3.000000000090604e-08
0.001158,0.0011579899999999996,1.0000000000374293e-08
0.001278,0.0012780166666666677,-1.666666666765189e-08
0.001159,0.001158356666666663,6.433333333371021e-07
0.001278,0.001278229999999999,-2.2999999999885092e-07
0.00116,0.001158496666666667,1.503333333333079e-06
0.001279,0.0012777633333333322,1.2366666666677791e-06
0.001161,0.001160193333333331,8.066666666688149e-07
0.00128,0.0012797466666666622,2.5333333333790037e-07
0.001162,0.0011601410000000021,1.858999999997937e-06
0.001281,0.0012790700000000002,1.929999999999814e-06
0.001163,0.0011587066666666674,4.293333333332556e-06
0.001282,0.0012749299999999988,7.070000000001164e-06
0.001164,0.0011610900000000007,2.909999999999415e-06
0.001283,0.0012786166666666676,4.383333333332455e-06
0.001166,0.001163186333333331,2.8136666666688653e-06
0.001284,0.001281076666666668,2.9233333333320184e-06
0.001167,0.0011658733333333342,1.1266666666658303e-06
0.001286,0.001284063333333334,1.936666666666007e-06
0.001168,0.0011678999999999995,1.0000000000049032e-07
0.001287,0.0012870366666666688,-3.6666666668834155e-08
0.00117,0.0011688433333333357,1.156666666664351e-06
0.001289,0.0012871833333333337,1.8166666666662862e-06
0.001172,0.0011675463333333347,4.453666666665414e-06
0.00129,0.0012852966666666663,4.70333333333359e-06
0.001175,0.0011676130000000005,7.3869999999995415e-06
0.001292,0.001284656666666667,7.343333333332874e-06
0.001177,0.0011670849999999998,9.915000000000314e-06
0.001294,0.0012838633333333337,1.0136666666666315e-05
0.001179,0.0011732066666666646,5.793333333335357e-06
0.001296,0.0012921166666666692,3.883333333330871e-06
0.001181,0.001172948666666666,8.051333333334047e-06
0.001298,0.001286450000000004,1.1549999999995808e-05
0.001183,0.0011770553333333303,5.9446666666697e-06
0.0013,0.001293136666666671,6.8633333333290025e-06
0.001186,0.001173833999999998,1.2166000000002038e-05
0.001302,0.0012833600000000053,1.8639999999994685e-05
0.001188,0.0011829699999999998,5.030000000000269e-06
0.001304,0.0012976300000000053,6.369999999994696e-06
0.001191,0.0011766076666666668,1.4392333333333165e-05
0.001306,0.0012857666666666718,2.0233333333328314e-05
0.001194,0.0011856933333333306,8.306666666669377e-06
0.001308,0.0013008433333333287,7.156666666671219e-06
0.001196,0.0011803223333333305,1.5677666666669534e-05
0.00131,0.0012878633333333308,2.213666666666921e-05
0.001199,0.0011815086666666656,1.7491333333334363e-05
0.001313,0.0012876199999999982,2.5380000000001712e-05
0.001202,0.0011817130000000005,2.0286999999999476e-05
0.001315,0.0012847299999999985,3.027000000000151e-05
0.001205,0.0011933650000000003,1.163499999999964e-05
0.001318,0.0012989533333333345,1.9046666666665442e-05
0.001209,0.0011991376666666686,9.862333333331445e-06
0.001321,0.001308176666666667,1.2823333333332855e-05
0.001212,0.0012029696666666686,9.030333333331355e-06
0.001324,0.0013132833333333366,1.0716666666663521e-05
0.001216,0.0012039266666666632,1.2073333333336876e-05
0.001328,0.0013089400000000006,1.9059999999999347e-05
0.001219,0.0012052493333333304,1.3750666666669659e-05
0.001331,0.0013016733333333344,2.932666666666554e-05
0.001223,0.0012317733333333332,-8.773333333333272e-06
0.001334,0.0013314900000000072,2.509999999992683e-06
0.001227,0.0012318833333333369,-4.883333333336858e-06
0.001337,0.0013313800000000064,5.619999999993729e-06
0.001231,0.0012327033333333353,-1.7033333333351438e-06
0.001341,0.0013305200000000026,1.0479999999997392e-05
0.001235,0.0012342866666666672,7.133333333327833e-07
0.001344,0.0013304700000000016,1.3529999999998361e-05
0.001239,0.0012371333333333332,1.8666666666668566e-06
0.001348,0.001332806666666666,1.519333333333396e-05
0.001243,0.0012424699999999992,5.300000000007556e-07
0.001351,0.0013432499999999979,7.750000000002113e-06
0.001247,0.0012430933333333312,3.906666666668836e-06
0.001355,0.0013445133333333317,1.0486666666668356e-05
0.001252,0.0012484733333333335,3.526666666666539e-06
0.001359,0.0013510866666666653,7.913333333334693e-06
0.001256,0.001249630000000001,6.369999999999033e-06
0.001363,0.0013474966666666677,1.5503333333332335e-05
0.001261,0.0012560433333333317,4.956666666668238e-06
0.001367,0.0013542900000000039,1.2709999999996075e-05
0.001265,0.0012489600000000008,1.6039999999999284e-05
0.001371,0.0013355733333333362,3.542666666666379e-05
0.00127,0.0012579066666666679,1.2093333333332203e-05
0.001375,0.0013458000000000025,2.9199999999997457e-05
0.001274,0.0012592800000000002,1.471999999999975e-05
0.001379,0.0013457266666666698,3.3273333333330235e-05
0.001278,0.0012685266666666644,9.47333333333562e-06
0.001383,0.001359056666666669,2.3943333333331e-05
0.001283,0.001277443333333337,5.556666666663157e-06
0.001386,0.0013736366666666708,1.2363333333329299e-05
0.001288,0.0012780200000000004,9.979999999999711e-06
0.00139,0.0013672333333333356,2.2766666666664383e-05
0.001294,0.0012711400000000024,2.2859999999997596e-05
0.001394,0.0013508133333333336,4.3186666666666495e-05
0.001298,0.0012737500000000019,2.4249999999998014e-05
0.001398,0.0013488899999999995,4.911000000000043e-05
0.001302,0.001286506666666664,1.549333333333608e-05
0.001401,0.001371163333333333,2.9836666666666848e-05
0.001306,0.0012863400000000024,1.9659999999997735e-05
0.001405,0.001368546666666666,3.64533333333339e-05
0.00131,0.001292686666666663,1.731333333333698e-05
0.001409,0.0013732900000000023,3.570999999999783e-05
0.001314,0.0012623433333333318,5.1656666666668235e-05
0.001412,0.0013101266666666654,0.00010187333333333461
0.001319,0.0012774099999999994,4.159000000000064e-05
0.001415,0.00133429,8.071000000000011e-05
0.001324,0.0013103333333333322,1.3666666666667902e-05
0.001419,0.0013939166666666698,2.5083333333330085e-05
0.001328,0.0013114433333333284,1.6556666666671556e-05
0.001423,0.0013890500000000026,3.394999999999744e-05
0.001333,0.0013009699999999992,3.2030000000000816e-05
0.001427,0.0013646066666666685,6.239333333333164e-05
0.001339,0.0013074833333333355,3.151666666666446e-05
0.001432,0.0013694266666666667,6.257333333333317e-05
0.001344,0.0013342933333333302,9.706666666669736e-06
0.001436,0.0014146266666666678,2.137333333333217e-05
0.001349,0.0013319100000000034,1.7089999999996518e-05
0.001441,0.0014095799999999982,3.142000000000184e-05
0.001355,0.001336569999999999,1.8430000000001136e-05
0.001446,0.0014094166666666665,3.658333333333356e-05
0.00136,0.0013351266666666623,2.4873333333337837e-05
0.001451,0.0014022500000000038,4.874999999999628e-05
0.001366,0.0013420366666666702,2.3963333333329798e-05
0.001456,0.0014120999999999975,4.390000000000253e-05
0.001371,0.0013517199999999985,1.928000000000151e-05
0.001461,0.001424193333333339,3.6806666666661016e-05
0.001377,0.0013611700000000005,1.5829999999999447e-05
0.001466,0.0014366666666666605,2.933333333333954e-05
0.001384,0.0013751666666666667,8.83333333333335e-06
0.001472,0.0014563700000000009,1.5629999999999117e-05
0.001391,0.0013731099999999984,1.789000000000174e-05
0.001478,0.0014488766666666624,2.9123333333337534e-05
0.001398,0.0013864633333333298,1.1536666666670144e-05
0.001485,0.0014632266666666676,2.1773333333332395e-05
0.001405,0.001397270000000002,7.729999999997895e-06
0.001491,0.0014782733333333338,1.2726666666666112e-05
0.001413,0.0013917966666666655,2.120333333333448e-05
0.001498,0.0014631500000000038,3.484999999999621e-05
0.001421,0.001401463333333335,1.9536666666664917e-05
0.001506,0.001475206666666668,3.079333333333195e-05
0.001429,0.001398686666666667,3.0313333333332852e-05
0.001514,0.0014654766666666681,4.8523333333331826e-05
0.001438,0.0013943700000000026,4.362999999999741e-05
0.001523,0.00145,7.300000000000015e-05
0.001447,0.0013921833333333305,5.481666666666942e-05
0.001533,0.0014417633333333308,9.123666666666932e-05
0.001457,0.0013953266666666653,6.167333333333461e-05
0.001542,0.0014423699999999992,9.963000000000072e-05
0.001468,0.0014139966666666661,5.400333333333376e-05
0.001553,0.0014635933333333317,8.940666666666826e-05
0.001478,0.001441023333333337,3.6976666666662826e-05
0.001563,0.0015037300000000043,5.92699999999956e-05
0.001489,0.0014362099999999985,5.279000000000156e-05
0.001574,0.001484543333333331,8.945666666666905e-05
0.001501,0.001437990000000001,6.300999999999898e-05
0.001586,0.0014799799999999988,0.00010602000000000116
0.001514,0.0014657166666666689,4.828333333333108e-05
0.0016,0.001517279999999997,8.272000000000314e-05
0.001527,0.001482973333333334,4.402666666666584e-05
0.001613,0.0015437066666666676,6.929333333333251e-05
0.00154,0.001488913333333334,5.108666666666598e-05
0.001628,0.0015491033333333293,7.889666666667083e-05
0.001554,0.001501469999999999,5.2530000000000935e-05
0.001643,0.0015504066666666655,9.259333333333443e-05
0.001568,0.0015239433333333302,4.4056666666669785e-05
0.001658,0.0015772866666666683,8.071333333333169e-05
0.001583,0.0015371933333333334,4.580666666666655e-05
0.001674,0.0015958566666666647,7.814333333333525e-05
0.001598,0.0015469566666666704,5.1043333333329654e-05
0.001691,0.0015983266666666658,9.267333333333417e-05
0.001613,0.0015547033333333355,5.829666666666458e-05
0.001708,0.0016055599999999994,0.00010244000000000073
0.001629,0.0015843633333333315,4.463666666666851e-05
0.001724,0.0016432033333333286,8.079666666667147e-05
0.001645,0.0015875766666666642,5.742333333333578e-05
0.001742,0.0016414766666666663,0.00010052333333333374
0.001662,0.0016265166666666665,3.548333333333359e-05
0.00176,0.0016926633333333347,6.733666666666532e-05
0.001679,0.0016361166666666654,4.288333333333453e-05
0.001778,0.0016884466666666669,8.955333333333319e-05
0.001696,0.0016515999999999985,4.440000000000151e-05
0.001796,0.0017196233333333366,7.637666666666346e-05
0.001712,0.0016626499999999953,4.935000000000464e-05
0.001815,0.0017261199999999996,8.888000000000038e-05
0.001729,0.0016708133333333316,5.8186666666668486e-05
0.001834,0.0017265533333333354,0.00010744666666666455
0.001746,0.0016708299999999988,7.517000000000114e-05
0.001853,0.001724260000000001,0.00012873999999999915
0.001764,0.0016966666666666682,6.733333333333179e-05
0.001872,0.0017591733333333353,0.0001128266666666647
0.001782,0.0017352366666666668,4.676333333333317e-05
0.001891,0.0018157299999999991,7.527000000000098e-05
0.0018,0.0017570300000000006,4.296999999999938e-05
0.00191,0.0018358699999999968,7.41300000000032e-05
0.001817,0.0017747200000000068,4.2279999999993286e-05
0.001929,0.0018614133333333352,6.75866666666647e-05
0.001834,0.001798203333333337,3.5796666666662895e-05
0.001948,0.0018844433333333336,6.355666666666652e-05
0.001851,0.0018044966666666688,4.6503333333331245e-05
0.001967,0.0018889366666666647,7.806333333333529e-05
0.001868,0.0018243933333333333,4.360666666666682e-05
0.001986,0.0019115299999999998,7.447000000000009e-05
0.001886,0.0018318166666666635,5.418333333333659e-05
0.002006,0.0019088266666666665,9.717333333333347e-05
0.001904,0.0018530200000000012,5.0979999999998865e-05
0.002025,0.0019293466666666652,9.565333333333469e-05
0.001922,0.0018867066666666701,3.529333333332995e-05
0.002044,0.001977540000000002,6.645999999999779e-05
0.00194,0.0018921066666666656,4.789333333333448e-05
0.002064,0.0019746866666666683,8.931333333333158e-05
0.001958,0.0018959800000000009,6.201999999999922e-05
0.002083,0.00196414,0.00011886000000000015
0.001977,0.001919600000000002,5.7399999999998034e-05
0.002102,0.0019906999999999993,0.00011130000000000081
0.001995,0.0019357100000000024,5.9289999999997435e-05
0.002121,0.0020074033333333336,0.00011359666666666641
0.002014,0.0019639766666666686,5.002333333333159e-05
0.002139,0.002039966666666668,9.903333333333196e-05
0.002032,0.0019803766666666657,5.162333333333423e-05
0.002158,0.0020543599999999986,0.00010364000000000163
0.002049,0.0019755199999999997,7.348000000000033e-05
0.002177,0.0020333799999999983,0.00014362000000000185
0.002067,0.0020017233333333314,6.527666666666845e-05
0.002197,0.0020618200000000002,0.00013517999999999994
0.002085,0.0020365166666666645,4.848333333333553e-05
0.002218,0.0021140700000000056,0.00010392999999999427
0.002103,0.002086970000000003,1.602999999999674e-05
0.002239,0.002182883333333338,5.611666666666213e-05
0.002121,0.002080536666666665,4.0463333333335023e-05
0.00226,0.002163123333333332,9.68766666666677e-05
0.00214,0.0021061733333333377,3.3826666666662234e-05
0.002279,0.0021897199999999974,8.928000000000278e-05
0.002159,0.0021344333333333334,2.4566666666666487e-05
0.002298,0.0022321566666666636,6.584333333333652e-05
0.002179,0.0021498099999999994,2.9190000000000552e-05
0.002316,0.0022405000000000025,7.549999999999744e-05
0.002198,0.0021464999999999987,5.15000000000012e-05
0.002335,0.0022249366666666666,0.00011006333333333325
0.002216,0.002167140000000001,4.8859999999999095e-05
0.002354,0.0022463899999999974,0.00010761000000000277
0.002234,0.0021800533333333353,5.394666666666461e-05
0.002372,0.002264326666666668,0.00010767333333333183
0.002252,0.00223558333333333,1.641666666667022e-05
0.002391,0.002329086666666668,6.19133333333321e-05
0.00227,0.0022439033333333325,2.6096666666667375e-05
0.002409,0.002333976666666667,7.502333333333317e-05
0.002287,0.0022611866666666655,2.5813333333334423e-05
0.002428,0.0023617933333333315,6.620666666666856e-05
0.002305,0.0022756633333333304,2.9336666666669817e-05
0.002447,0.002378006666666662,6.899333333333776e-05
0.002324,0.0023069266666666624,1.7073333333337756e-05
0.002466,0.00240068,6.531999999999979e-05
0.002343,0.002294759999999997,4.824000000000321e-05
0.002485,0.0023879233333333333,9.707666666666651e-05
0.002362,0.002325746666666663,3.625333333333704e-05
0.002504,0.0024170133333333357,8.698666666666442e-05
0.002381,0.002341613333333331,3.938666666666868e-05
0.002523,0.002421613333333334,0.00010138666666666607
0.0024,0.0023563033333333324,4.369666666666737e-05
0.002541,0.0024412633333333387,9.973666666666112e-05
0.002419,0.002364663333333331,5.433666666666923e-05
0.00256,0.0024600233333333396,9.997666666666056e-05
0.002438,0.0023957233333333325,4.227666666666756e-05
0.002578,0.00248553666666667,9.246333333332978e-05
0.002457,0.002422703333333332,3.4296666666668117e-05
0.002596,0.002516183333333332,7.981666666666797e-05
0.002476,0.002432406666666667,4.3593333333332915e-05
0.002614,0.0025227600000000015,9.123999999999851e-05
0.002496,0.002447510000000003,4.8489999999996956e-05
0.002633,0.0025381266666666684,9.487333333333152e-05
0.002515,0.0024363466666666705,7.86533333333294e-05
0.002652,0.00251747333333333,0.00013452666666667005
0.002534,0.0024465933333333344,8.740666666666539e-05
0.002671,0.0025165333333333306,0.0001544666666666696
0.002553,0.0024706400000000083,8.235999999999183e-05
0.00269,0.002548873333333334,0.00014112666666666598
0.002572,0.002480490000000007,9.1509999999993e-05
0.002709,0.002543003333333335,0.00016599666666666487
0.002591,0.0025553833333333354,3.5616666666664614e-05
0.002728,0.0026342999999999965,9.370000000000342e-05
0.002611,0.0025405166666666703,7.048333333332978e-05
0.002748,0.002627566666666665,0.00012043333333333498
0.002631,0.0025860266666666697,4.497333333333036e-05
0.002767,0.0026819166666666623,8.508333333333762e-05
0.00265,0.0025831500000000024,6.684999999999764e-05
0.002787,0.0026712766666666626,0.00011572333333333736
0.00267,0.002607210000000006,6.2789999999994e-05
0.002807,0.0026955033333333324,0.00011149666666666761
0.002689,0.0026156100000000004,7.338999999999957e-05
0.002827,0.0026884233333333294,0.00013857666666667072
0.002709,0.0026220233333333356,8.697666666666447e-05
0.002847,0.0026855133333333284,0.0001614866666666717
0.00273,0.00263624666666667,9.375333333332993e-05
0.002866,0.0027026033333333323,0.00016339666666666773
0.002751,0.002690980000000002,6.001999999999787e-05
0.002886,0.0027768766666666665,0.00010912333333333362
0.002771,0.0026900366666666644,8.096333333333563e-05
0.002906,0.0027703500000000035,0.0001356499999999967
0.002791,0.002710623333333335,8.037666666666507e-05
0.002926,0.0027864433333333323,0.00013955666666666793
0.002811,0.0027447133333333338,6.628666666666635e-05
0.002946,0.0028281200000000012,0.0001178799999999986
0.002831,0.002761993333333338,6.900666666666234e-05
0.002966,0.002847726666666666,0.00011827333333333393
0.002851,0.0028022733333333324,4.872666666666742e-05
0.002987,0.002896700000000004,9.029999999999629e-05
0.002872,0.0027825433333333403,8.945666666665972e-05
0.003007,0.0028628833333333346,0.00014411666666666557
0.002894,0.0027921933333333346,0.00010180666666666531
0.003026,0.0028538266666666675,0.00017217333333333258
0.002915,0.0027962299999999968,0.00011877000000000328
0.003046,0.002850083333333334,0.0001959166666666663
0.002936,0.002826016666666662,0.00010998333333333762
0.003066,0.002882106666666668,0.00018389333333333193
0.002957,0.002862363333333326,9.463666666667406e-05
0.003086,0.002922516666666669,0.00016348333333333128
0.002978,0.002866746666666661,0.00011125333333333919
0.003106,0.002920020000000006,0.00018597999999999401
0.002999,0.0029209366666666666,7.806333333333334e-05
0.003127,0.0029853300000000026,0.0001416699999999974
0.003021,0.002943533333333325,7.746666666667498e-05
0.003148,0.0030083966666666624,0.0001396033333333378
0.003042,0.002972333333333341,6.966666666665886e-05
0.003168,0.003047973333333338,0.00012002666666666162
0.003063,0.0029922266666666626,7.07733333333376e-05
0.003189,0.003069240000000001,0.00011975999999999914
0.003084,0.0030115066666666743,7.249333333332565e-05
0.003209,0.003077696666666667,0.00013130333333333287
0.003105,0.0030274800000000043,7.751999999999586e-05
0.003229,0.00306596,0.00016304000000000015
0.003126,0.0030535833333333387,7.241666666666117e-05
0.003249,0.003099176666666668,0.00014982333333333217
0.003148,0.003095113333333333,5.2886666666667e-05
0.003269,0.00317403333333333,9.496666666667037e-05
0.00317,0.003086453333333334,8.35466666666662e-05
0.003289,0.003134549999999999,0.00015445000000000085
0.001149,0.0011385613333333325,1.04386666666676e-05
0.001223,0.0011979666666666684,2.5033333333331466e-05
0.001137,0.0011286910000000007,8.308999999999313e-06
0.001211,0.0011893399999999997,2.1660000000000386e-05
0.001126,0.0011142023333333318,1.179766666666829e-05
0.0012,0.0011735533333333352,2.6446666666664646e-05
0.001117,0.001110560000000002,6.4399999999979664e-06
0.00119,0.0011737633333333299,1.6236666666670204e-05
0.001107,0.0010998136666666664,7.186333333333546e-06
0.001181,0.0011605286666666686,2.047133333333141e-05
0.001099,0.001095100000000002,3.899999999997872e-06
0.001172,0.0011556699999999988,1.6330000000001248e-05
0.001091,0.0010859736666666677,5.026333333332279e-06
0.001164,0.0011466390000000014,1.7360999999998725e-05
0.001085,0.0010734503333333348,1.1549666666665253e-05
0.001157,0.0011308533333333332,2.614666666666686e-05
0.001078,0.001068676333333333,9.323666666667067e-06
0.00115,0.0011278563333333336,2.214366666666639e-05
0.001073,0.0010633880000000004,9.611999999999555e-06
0.001144,0.0011236413333333306,2.0358666666669403e-05
0.001067,0.0010566169999999978,1.0383000000002262e-05
0.001138,0.0011152366666666654,2.276333333333454e-05
0.001063,0.0010582476666666678,4.752333333332085e-06
0.001133,0.0011190249999999966,1.3975000000003308e-05
0.001058,0.0010449016666666659,1.3098333333334041e-05
0.001129,0.0011081353333333324,2.0864666666667612e-05
0.001054,0.0010511256666666676,2.8743333333324395e-06
0.001124,0.0011147923333333296,9.207666666670444e-06
0.00105,0.0010461583333333346,3.841666666665319e-06
0.001121,0.001109155,1.1845000000000128e-05
0.001047,0.0010446339999999983,2.3660000000016914e-06
0.001117,0.0011078189999999997,9.18100000000025e-06
0.001045,0.0010407249999999995,4.275000000000416e-06
0.001114,0.0011030483333333346,1.0951666666665378e-05
0.001043,0.0010420503333333333,9.496666666668381e-07
0.001112,0.0011079203333333365,4.0796666666634285e-06
0.001041,0.0010401720000000004,8.27999999999593e-07
0.001109,0.0011059500000000025,3.049999999997499e-06
0.001039,0.0010390546666666674,-5.4666666667382846e-08
0.001107,0.0011046866666666684,2.313333333331521e-06
0.001037,0.0010380790000000038,-1.0790000000038703e-06
0.001105,0.0011053100000000026,-3.100000000024958e-07
0.001036,0.0010365510000000034,-5.51000000003363e-07
0.001104,0.0011044200000000024,-4.2000000000249303e-07
0.001035,0.0010352443333333339,-2.4433333333396395e-07
0.001103,0.0011032516666666648,-2.516666666647384e-07
0.001034,0.0010344246666666684,-4.246666666684381e-07
0.001103,0.0011023663333333338,6.336666666661994e-07
0.001034,0.001034225,-2.249999999999648e-07
0.001102,0.0011020233333333314,-2.3333333331460038e-08
0.001034,0.0010342566666666647,-2.566666666647087e-07
0.001102,0.001102059999999997,-5.999999999704159e-08
0.001034,0.0010334673333333318,5.32666666668187e-07
0.001102,0.0011007999999999964,1.2000000000034986e-06
0.001034,0.0010357133333333314,-1.7133333333313981e-06
0.001102,0.0011034133333333313,-1.413333333331445e-06
0.001035,0.0010367699999999991,-1.7699999999992461e-06
0.001102,0.0011041899999999995,-2.1899999999995708e-06
0.001036,0.0010366300000000024,-6.300000000023301e-07
0.001103,0.0011039266666666627,-9.266666666626813e-07
0.001037,0.001036720000000002,2.7999999999790345e-07
0.001104,0.0011039966666666642,3.333333335698782e-09
0.001038,0.0010374236666666713,5.76333333328783e-07
0.001105,0.001104429999999997,5.700000000031201e-07
0.001039,0.0010384666666666668,5.333333333332017e-07
0.001106,0.0011055000000000006,4.999999999994158e-07
0.001041,0.0010399800000000037,1.0199999999963277e-06
0.001108,0.0011072466666666658,7.533333333342804e-07
0.001043,0.0010430366666666657,-3.666666666558155e-08
0.00111,0.0011099166666666664,8.33333333337058e-08
0.001045,0.0010477199999999987,-2.7199999999988084e-06
0.001112,0.0011139833333333345,-1.983333333334565e-06
0.001048,0.001049663333333332,-1.663333333331912e-06
0.001114,0.0011155766666666686,-1.5766666666685789e-06
0.00105,0.001049997666666664,2.3333333360082975e-09
0.001116,0.001116203333333335,-2.033333333349447e-07
0.001053,0.001054366666666664,-1.3666666666641882e-06
0.001118,0.00112043,-2.42999999999988e-06
0.001055,0.0010567800000000028,-1.780000000002873e-06
0.001121,0.001121333333333336,-3.333333333359074e-07
0.001058,0.0010584933333333323,-4.933333333323551e-07
0.001123,0.001123236666666666,-2.3666666666591167e-07
0.001062,0.0010631243333333346,-1.1243333333345925e-06
0.001126,0.0011311866666666656,-5.186666666665571e-06
0.001065,0.0010633043333333348,1.69566666666514e-06
0.001129,0.001127746666666666,1.2533333333339131e-06
0.001068,0.0010682033333333338,-2.033333333338605e-07
0.001132,0.001132236666666667,-2.3666666666699587e-07
0.001072,0.001069159,2.8409999999999547e-06
0.001136,0.001131696666666668,4.303333333332063e-06
0.001076,0.0010748666666666664,1.1333333333335416e-06
0.001139,0.0011382633333333367,7.36666666663376e-07
0.001079,0.001077223333333334,1.77666666666609e-06
0.001143,0.0011403966666666669,2.6033333333330515e-06
0.001083,0.0010809799999999987,2.020000000001231e-06
0.001146,0.001143846666666669,2.1533333333311703e-06
0.001088,0.0010822620000000012,5.7379999999988395e-06
0.00115,0.0011454333333333325,4.5666666666675185e-06
0.001091,0.0010885293333333368,2.4706666666631395e-06
0.001154,0.0011516033333333335,2.396666666666528e-06
0.001095,0.0010920609999999994,2.9390000000006303e-06
0.001159,0.0011538446666666657,5.155333333334419e-06
0.0011,0.0010940700000000047,5.929999999995357e-06
0.001163,0.0011564,6.600000000000052e-06
0.001105,0.0010966519999999974,8.348000000002638e-06
0.001167,0.0011576613333333368,9.338666666663291e-06
0.001111,0.0011108473333333346,1.5266666666545643e-07
0.001172,0.0011733599999999979,-1.359999999997778e-06
0.001117,0.0011183603333333315,-1.3603333333315863e-06
0.001177,0.0011769399999999996,6.000000000051103e-08
0.001121,0.0011201209999999976,8.790000000024559e-07
0.001181,0.0011792499999999997,1.7500000000002323e-06
0.001126,0.0011221983333333323,3.801666666667725e-06
0.001186,0.0011808866666666634,5.1133333333365765e-06
0.001132,0.001127092333333334,4.907666666666057e-06
0.001191,0.0011874700000000019,3.529999999998118e-06
0.001137,0.0011308900000000011,6.109999999998842e-06
0.001197,0.0011885099999999979,8.490000000002055e-06
0.001143,0.0011389696666666668,4.030333333333077e-06
0.001202,0.0011992599999999995,2.7400000000004244e-06
0.001148,0.0011463733333333332,1.626666666666764e-06
0.001208,0.0012053099999999998,2.6900000000002876e-06
0.001154,0.0011457886666666655,8.211333333334615e-06
0.001213,0.0012054533333333282,7.546666666671939e-06
0.001159,0.0011538386666666654,5.16133333333473e-06
0.001219,0.0012137733333333319,5.226666666668153e-06
0.001164,0.0011601599999999995,3.840000000000614e-06
0.001224,0.0012202600000000053,3.7399999999947024e-06
0.001169,0.001168106666666665,8.933333333349669e-07
0.00123,0.0012286699999999972,1.3300000000027266e-06
0.001175,0.0011730699999999972,1.9300000000028496e-06
0.001235,0.0012348866666666675,1.1333333333244343e-07
0.00118,0.0011793799999999968,6.200000000032568e-07
0.001241,0.0012405699999999983,4.300000000015663e-07
0.001185,0.0011844733333333326,5.26666666667442e-07
0.001246,0.0012468933333333303,-8.933333333304132e-07
0.001191,0.0011879133333333293,3.08666666667067e-06
0.001252,0.001251886666666671,1.1333333332897398e-07
0.001196,0.0011933430000000001,2.6569999999998765e-06
0.001257,0.0012587099999999984,-1.7099999999983014e-06
0.001201,0.0012001933333333306,8.066666666694654e-07
0.001262,0.0012661266666666668,-4.126666666666662e-06
0.001206,0.0012104733333333359,-4.473333333335824e-06
0.001268,0.0012789133333333327,-1.0913333333332706e-05
0.001212,0.0012121466666666686,-1.4666666666861457e-07
0.001273,0.0012832399999999997,-1.0239999999999685e-05
0.001217,0.001227050000000001,-1.005000000000103e-05
0.001278,0.0013005833333333311,-2.2583333333331054e-05
0.001222,0.0012279566666666668,-5.956666666666853e-06
0.001283,0.00129434,-1.1339999999999874e-05
0.001227,0.0012284233333333346,-1.4233333333346383e-06
0.001289,0.00129617,-7.1699999999999195e-06
0.001232,0.001233860000000001,-1.86000000000088e-06
0.001294,0.0013011033333333347,-7.103333333334733e-06
0.001238,0.0012409100000000009,-2.9100000000009327e-06
0.0013,0.0013072766666666668,-7.27666666666682e-06
0.001243,0.0012420300000000044,9.699999999955404e-07
0.001305,0.001307896666666668,-2.896666666668112e-06
0.001248,0.0012530233333333334,-5.023333333333425e-06
0.00131,0.0013238966666666704,-1.389666666667044e-05
0.001253,0.0012562966666666685,-3.2966666666685556e-06
0.001315,0.001324026666666662,-9.026666666662065e-06
0.001258,0.0012645366666666669,-6.536666666666878e-06
0.00132,0.0013347166666666716,-1.4716666666671641e-05
0.001263,0.0012704099999999976,-7.409999999997627e-06
0.001326,0.001340536666666673,-1.4536666666673144e-05
0.001268,0.0012677666666666653,2.3333333333476654e-07
0.001331,0.0013324399999999992,-1.4399999999992544e-06
0.001274,0.0012684799999999974,5.520000000002563e-06
0.001336,0.0013351633333333367,8.366666666632157e-07
0.001279,0.0012776033333333334,1.396666666666612e-06
0.001342,0.0013438133333333324,-1.8133333333323221e-06
0.001284,0.0012825666666666626,1.4333333333373978e-06
0.001347,0.0013492233333333385,-2.223333333338344e-06
0.001289,0.0012911633333333333,-2.1633333333332793e-06
0.001352,0.0013580600000000055,-6.060000000005644e-06
0.001294,0.0012932533333333308,7.466666666691713e-07
0.001358,0.0013591866666666699,-1.1866666666698108e-06
0.001299,0.001297156666666671,1.8433333333291082e-06
0.001363,0.0013633100000000028,-3.100000000027126e-07
0.001304,0.0013057333333333333,-1.733333333333231e-06
0.001368,0.0013725333333333316,-4.533333333331564e-06
0.001309,0.001307000000000006,1.999999999993977e-06
0.001374,0.0013732133333333326,7.866666666674158e-07
0.001315,0.0013138733333333344,1.1266666666656135e-06
0.001379,0.0013814333333333304,-2.4333333333303748e-06
0.00132,0.0013192566666666726,7.433333333274009e-07
0.001385,0.0013854633333333368,-4.6333333333687006e-07
0.001325,0.0013219333333333299,3.0666666666701384e-06
0.00139,0.0013908333333333388,-8.333333333387927e-07
0.001331,0.0013294466666666659,1.553333333334083e-06
0.001396,0.0013995666666666684,-3.566666666668253e-06
0.001336,0.0013351400000000061,8.599999999938084e-07
0.001401,0.001403003333333335,-2.003333333335097e-06
0.001342,0.0013399799999999993,2.020000000000797e-06
0.001407,0.001406883333333334,1.166666666659738e-07
0.001347,0.0013484933333333345,-1.4933333333344394e-06
0.001413,0.0014182266666666655,-5.2266666666655505e-06
0.001353,0.001355473333333332,-2.473333333331872e-06
0.001419,0.0014264733333333344,-7.473333333334487e-06
0.001359,0.0013617266666666647,-2.726666666664785e-06
0.001425,0.0014334400000000018,-8.440000000001701e-06
0.001365,0.001370733333333335,-5.733333333335063e-06
0.001431,0.0014443100000000027,-1.3310000000002703e-05
0.001371,0.001369800000000001,1.199999999998945e-06
0.001437,0.0014421566666666706,-5.156666666670737e-06
0.001377,0.001379106666666668,-2.1066666666680334e-06
0.001443,0.001452266666666669,-9.26666666666888e-06
0.001384,0.0013839066666666703,9.333333332974328e-08
0.00145,0.001457996666666671,-7.996666666671001e-06
0.00139,0.0013899333333333328,6.666666666713811e-08
0.001456,0.001462030000000001,-6.030000000001052e-06
0.001396,0.001396076666666667,-7.666666666686188e-08
0.001463,0.0014684666666666697,-5.466666666669546e-06
0.001402,0.0014051200000000043,-3.120000000004239e-06
0.001469,0.0014779099999999957,-8.909999999995658e-06
0.001408,0.0014107533333333373,-2.753333333337365e-06
0.001476,0.0014849099999999997,-8.90999999999956e-06
0.001414,0.00141819666666667,-4.19666666667015e-06
0.001482,0.0014955766666666654,-1.3576666666665401e-05
0.001421,0.001426920000000004,-5.92000000000409e-06
0.001489,0.0015031099999999998,-1.4109999999999687e-05
0.001427,0.0014349533333333378,-7.953333333337708e-06
0.001495,0.0015091533333333347,-1.4153333333334715e-05
0.001433,0.0014320333333333404,9.666666666596248e-07
0.001502,0.0015048100000000064,-2.810000000006297e-06
0.001439,0.001438120000000003,8.799999999969423e-07
0.001508,0.0015113600000000026,-3.360000000002597e-06
0.001445,0.0014450666666666727,-6.666666667255912e-08
0.001514,0.0015179166666666676,-3.9166666666676925e-06
0.00145,0.0014500533333333318,-5.3333333331932395e-08
0.001521,0.001525200000000002,-4.200000000001945e-06
0.001456,0.00145393666666667,2.06333333332997e-06
0.001527,0.001528513333333333,-1.5133333333330196e-06
0.001462,0.0014654766666666696,-3.476666666669655e-06
0.001533,0.001542813333333334,-9.813333333333818e-06
0.001468,0.0014716333333333305,-3.633333333330621e-06
0.001539,0.00154960666666667,-1.0606666666670029e-05
0.001474,0.0014758866666666718,-1.8866666666717252e-06
0.001545,0.0015521800000000059,-7.180000000005932e-06
0.001479,0.0014770766666666623,1.9233333333377404e-06
0.001551,0.0015554266666666702,-4.426666666670085e-06
0.001485,0.0014875266666666699,-2.526666666669876e-06
0.001557,0.0015666766666666612,-9.67666666666124e-06
0.001491,0.0014935299999999994,-2.529999999999503e-06
0.001563,0.001571016666666661,-8.016666666661124e-06
0.001496,0.0015024766666666633,-6.476666666663331e-06
0.001569,0.00158380333333333,-1.4803333333329987e-05
0.001503,0.0015032266666666634,-2.2666666666336897e-07
0.001575,0.0015810399999999967,-6.039999999996656e-06
0.001509,0.0015095033333333283,-5.033333333283926e-07
0.001581,0.001588199999999995,-7.199999999994971e-06
0.001515,0.0015116333333333313,3.3666666666687904e-06
0.001588,0.0015955099999999999,-7.509999999999852e-06
0.00152,0.0015292299999999947,-9.229999999994624e-06
0.001594,0.0016109866666666672,-1.6986666666667267e-05
0.001526,0.0015326333333333289,-6.6333333333288506e-06
0.0016,0.0016121433333333365,-1.214333333333646e-05
0.001532,0.0015333433333333429,-1.3433333333429196e-06
0.001607,0.0016093666666666595,-2.3666666666595504e-06
0.001539,0.0015382233333333327,7.766666666672584e-07
0.001613,0.00161747666666667,-4.476666666670005e-06
0.001545,0.0015462033333333387,-1.2033333333387637e-06
0.001619,0.0016261533333333303,-7.153333333330316e-06
0.001551,0.0015503900000000044,6.099999999957268e-07
0.001626,0.0016288499999999972,-2.849999999997169e-06
0.001558,0.0015562600000000064,1.7399999999935696e-06
0.001632,0.0016344900000000008,-2.490000000000825e-06
0.001564,0.001561333333333334,2.6666666666660087e-06
0.001639,0.0016421466666666678,-3.1466666666677117e-06
0.001571,0.0015665300000000048,4.469999999995138e-06
0.001646,0.001647066666666666,-1.0666666666661866e-06
0.001578,0.0015782733333333304,-2.73333333330409e-07
0.001652,0.0016602266666666617,-8.226666666661612e-06
0.001585,0.0015897799999999977,-4.779999999997633e-06
0.001659,0.0016732299999999945,-1.422999999999442e-05
0.001592,0.0015915866666666653,4.1333333333478176e-07
0.001667,0.001671230000000004,-4.2300000000039355e-06
0.001598,0.0016001366666666638,-2.1366666666637352e-06
0.001674,0.0016864533333333291,-1.2453333333329198e-05
0.001606,0.0016056399999999959,3.600000000041504e-07
0.001681,0.0016926666666666674,-1.166666666666742e-05
0.001613,0.001614549999999999,-1.5499999999990348e-06
0.001688,0.0016941999999999986,-6.199999999998524e-06
0.00162,0.0016241333333333365,-4.133333333336542e-06
0.001696,0.0017039566666666697,-7.95666666666972e-06
0.001628,0.0016241166666666708,3.883333333329353e-06
0.001703,0.001703159999999997,-1.599999999968814e-07
0.001636,0.0016327300000000009,3.2699999999992284e-06
0.001711,0.001711243333333339,-2.4333333333904396e-07
0.001644,0.0016453799999999999,-1.3799999999998275e-06
0.001719,0.0017243933333333324,-5.3933333333323116e-06
0.001652,0.0016491266666666627,2.8733333333373027e-06
0.001727,0.001729690000000003,-2.6900000000028897e-06
0.00166,0.0016525433333333286,7.456666666671389e-06
0.001735,0.0017329699999999977,2.0300000000022557e-06
0.001668,0.0016729533333333328,-4.953333333332756e-06
0.001743,0.0017575233333333303,-1.4523333333330349e-05
0.001676,0.001681203333333335,-5.203333333334958e-06
0.001751,0.0017682766666666642,-1.7276666666664244e-05
0.001684,0.0016813033333333365,2.6966666666634453e-06
0.00176,0.0017581533333333355,1.8466666666645901e-06
0.001693,0.0016927933333333379,2.066666666621867e-07
0.001769,0.0017780399999999985,-9.039999999998572e-06
0.001702,0.0017032533333333389,-1.2533333333389005e-06
0.001777,0.0017874833333333343,-1.0483333333334392e-05
0.001711,0.001710843333333331,1.5666666666898886e-07
0.001786,0.0017900433333333274,-4.0433333333273185e-06
0.00172,0.0017154633333333394,4.536666666660541e-06
0.001795,0.0017956333333333336,-6.333333333336921e-07
0.00173,0.0017262933333333367,3.7066666666633018e-06
0.001804,0.0018017533333333287,2.246666666671322e-06
0.00174,0.0017350533333333378,4.946666666662226e-06
0.001814,0.0018127933333333358,1.206666666664271e-06
0.001749,0.0017521833333333382,-3.1833333333382806e-06
0.001823,0.0018296666666666613,-6.666666666661335e-06
0.001759,0.001753570000000003,5.429999999997026e-06
0.001833,0.0018308266666666696,2.173333333330401e-06
0.001769,0.0017686766666666694,3.2333333333054576e-07
0.001843,0.0018446933333333274,-1.693333333327397e-06
0.00178,0.0017828866666666709,-2.8866666666709905e-06
0.001853,0.001863693333333332,-1.0693333333332061e-05
0.001791,0.001799123333333336,-8.123333333336048e-06
0.001863,0.0018769666666666647,-1.3966666666664603e-05
0.001803,0.0018053933333333299,-2.393333333329962e-06
0.001874,0.0018883366666666657,-1.4336666666665658e-05
0.001815,0.00182783,-1.2829999999999916e-05
0.001885,0.0019160300000000015,-3.103000000000155e-05
0.001827,0.0018187666666666694,8.233333333330624e-06
0.001896,0.0018917066666666751,4.29333333332475e-06
0.001839,0.0018552500000000038,-1.625000000000389e-05
0.001908,0.0019418966666666718,-3.389666666667179e-05
0.001852,0.0018629833333333337,-1.0983333333333808e-05
0.00192,0.0019475833333333359,-2.7583333333335838e-05
0.001866,0.0018624466666666668,3.5533333333332643e-06
0.001932,0.0019352799999999995,-3.2799999999996027e-06
0.00188,0.0018806733333333325,-6.733333333325871e-07
0.001945,0.001954873333333334,-9.873333333333895e-06
0.001895,0.0019102266666666664,-1.5226666666666444e-05
0.001958,0.001990340000000003,-3.2340000000003095e-05
0.001911,0.0018972933333333375,1.370666666666246e-05
0.001972,0.001963433333333335,8.566666666664797e-06
0.001927,0.0019087866666666693,1.8213333333330552e-05
0.001986,0.0019689266666666682,1.7073333333331685e-05
0.001945,0.00194424,7.599999999998233e-07
0.002001,0.002000580000000003,4.19999999997072e-07
0.001963,0.001961543333333333,1.4566666666666894e-06
0.002017,0.002011413333333339,5.586666666661244e-06
0.001982,0.001973453333333335,8.546666666664916e-06
0.002033,0.002014070000000005,1.892999999999513e-05
0.002001,0.002002440000000001,-1.440000000000989e-06
0.002049,0.002055170000000003,-6.1700000000028225e-06
0.002022,0.002020146666666667,1.853333333332735e-06
0.002067,0.002061863333333332,5.13666666666782e-06
0.002044,0.002040373333333334,3.6266666666659453e-06
0.002086,0.0020833666666666664,2.6333333333337407e-06
0.002067,0.0020731533333333348,-6.153333333334954e-06
0.002105,0.0021142133333333316,-9.213333333331526e-06
0.00209,0.002097039999999998,-7.0399999999980895e-06
0.002125,0.0021381866666666674,-1.3186666666667284e-05
0.002115,0.002118599999999999,-3.5999999999990033e-06
0.002145,0.0021626966666666685,-1.7696666666668255e-05
0.002141,0.0021569833333333305,-1.5983333333330352e-05
0.002166,0.002201540000000001,-3.5540000000001005e-05
0.002167,0.0021738533333333313,-6.85333333333123e-06
0.002188,0.0022224166666666672,-3.4416666666667404e-05
0.002194,0.0022183000000000016,-2.4300000000001404e-05
0.00221,0.0022644366666666684,-5.4436666666668205e-05
0.002221,0.002248386666666669,-2.7386666666669255e-05
0.002233,0.002297873333333328,-6.487333333332797e-05
0.002249,0.002294600000000001,-4.5600000000000675e-05
0.002256,0.00234404333333333,-8.804333333333001e-05
0.002277,0.002320789999999999,-4.378999999999885e-05
0.00228,0.0023743566666666696,-9.435666666666965e-05
0.002305,0.002360903333333332,-5.59033333333318e-05
0.002304,0.0024103066666666686,-0.0001063066666666685
0.002334,0.002364823333333333,-3.082333333333286e-05
0.002328,0.00239478666666667,-6.678666666666989e-05
0.002362,0.0024033200000000005,-4.1320000000000506e-05
0.002351,0.0024198800000000023,-6.88800000000025e-05
0.002391,0.0024541900000000015,-6.31900000000016e-05
0.002375,0.002484490000000001,-0.00010949000000000115
0.002418,0.0024627833333333332,-4.478333333333322e-05
0.002398,0.002462073333333335,-6.407333333333489e-05
0.002445,0.002468663333333337,-2.3663333333336783e-05
0.002421,0.002446870000000001,-2.5870000000001187e-05
0.002472,0.0024861300000000035,-1.4130000000003688e-05
0.002444,0.0024597266666666704,-1.5726666666670414e-05
0.002498,0.002523436666666673,-2.543666666667303e-05
0.002467,0.0025114800000000017,-4.448000000000169e-05
0.002523,0.0025295733333333373,-6.57333333333723e-06
0.002489,0.002510930000000005,-2.193000000000507e-05
0.002549,0.0025293000000000047,1.969999999999533e-05
0.002511,0.00250389666666667,7.103333333330179e-06
0.002573,0.0025818966666666717,-8.89666666667151e-06
0.002533,0.0025661633333333334,-3.3163333333333274e-05
0.002596,0.0025897600000000026,6.239999999997203e-06
0.002554,0.002533249999999997,2.075000000000297e-05
0.002618,0.002610910000000005,7.0899999999951904e-06
0.002574,0.002585319999999994,-1.1319999999993922e-05
0.002639,0.0026233433333333394,1.565666666666042e-05
0.002594,0.0026084633333333276,-1.446333333332767e-05
0.002658,0.0026462633333333317,1.1736666666668522e-05
0.002613,0.0026067933333333345,6.206666666665368e-06
0.002675,0.002681043333333334,-6.043333333334306e-06
0.002632,0.002655993333333338,-2.3993333333338293e-05
0.002691,0.0026912166666666695,-2.1666666666971673e-07
0.002649,0.0026593333333333326,-1.0333333333332681e-05
0.002704,0.0027031500000000057,8.499999999940847e-07
0.002665,0.00267043666666667,-5.436666666670375e-06
0.002715,0.0027092099999999984,5.79000000000161e-06
0.00268,0.002677983333333326,2.0166666666742057e-06
0.002725,0.0027151100000000076,9.88999999999244e-06
0.002693,0.002706046666666669,-1.3046666666668982e-05
0.002734,0.0027350300000000016,-1.0300000000016893e-06
0.002704,0.002731106666666656,-2.7106666666656173e-05
0.002743,0.002736903333333335,6.096666666665154e-06
0.002714,0.0027382433333333345,-2.424333333333464e-05
0.002751,0.002742360000000003,8.639999999996827e-06
0.002724,0.002738913333333331,-1.4913333333331068e-05
0.002761,0.0027610133333333246,-1.3333333324580532e-08
0.002733,0.0027355499999999976,-2.549999999997433e-06
0.002771,0.002773453333333336,-2.4533333333361107e-06
0.002742,0.0027641133333333205,-2.21133333333204e-05
0.002781,0.002776123333333331,4.87666666666893e-06
0.002751,0.0027682966666666745,-1.7296666666674534e-05
0.002791,0.0027895866666666704,1.4133333333297103e-06
0.002761,0.002784336666666673,-2.3336666666672924e-05
0.0028,0.0027991099999999975,8.900000000025207e-07
0.00277,0.002777646666666659,-7.646666666658985e-06
0.002807,0.0028045233333333277,2.4766666666723412e-06
0.002779,0.0027797199999999994,-7.199999999996272e-07
0.002813,0.002805510000000005,7.489999999994983e-06
0.002787,0.002783969999999993,3.030000000007159e-06
0.002819,0.002812253333333327,6.746666666673003e-06
0.002795,0.0027922433333333317,2.75666666666851e-06
0.002823,0.0028133333333333304,9.66666666666954e-06
0.002801,0.0027956833333333347,5.31666666666545e-06
0.002826,0.002823000000000015,2.9999999999847857e-06
0.002807,0.0028063166666666755,6.833333333245047e-07
0.002828,0.0028255600000000104,2.4399999999894124e-06
0.002811,0.002811049999999997,-4.9999999996667294e-08
0.002828,0.002826853333333349,1.1466666666507495e-06
0.002813,0.0028125666666666727,4.333333333272904e-07
0.002828,0.00282539333333334,2.60666666665986e-06
0.002815,0.002814036666666666,9.633333333336838e-07
0.002826,0.002824803333333351,1.1966666666491516e-06
0.002815,0.0028143300000000055,6.699999999942863e-07
0.002823,0.0028209266666666807,2.0733333333192855e-06
0.002813,0.0028093200000000036,3.67999999999636e-06
0.002819,0.0028163900000000076,2.609999999992306e-06
0.002811,0.0028063400000000005,4.659999999999647e-06
0.002815,0.002807946666666662,7.053333333337849e-06
0.002808,0.002802886666666668,5.113333333332023e-06
0.002809,0.002806516666666672,2.4833333333276926e-06
0.002804,0.0027986566666666703,5.3433333333297896e-06
0.002803,0.0028010366666666605,1.9633333333394544e-06
0.002799,0.0027939433333333367,5.056666666663091e-06
0.002795,0.002789383333333328,5.616666666672342e-06
0.002793,0.0027917099999999915,1.2900000000083851e-06
0.002786,0.0027865066666666644,-5.06666666664525e-07
0.002786,0.0027881800000000034,-2.1800000000035333e-06
0.002776,0.0027714533333333263,4.546666666673492e-06
0.002778,0.0027704900000000005,7.509999999999635e-06
0.002764,0.0027585633333333313,5.43666666666864e-06
0.002769,0.0027632466666666538,5.753333333346437e-06
0.002752,0.002734156666666671,1.784333333332928e-05
0.002759,0.0027393399999999946,1.966000000000554e-05
0.002738,0.002743319999999996,-5.319999999996161e-06
0.002748,0.0027515933333333337,-3.5933333333336773e-06
0.002723,0.0027148666666666744,8.133333333325797e-06
0.002735,0.0027218033333333267,1.3196666666673296e-05
0.002708,0.0027031266666666695,4.873333333330412e-06
0.002722,0.0027210366666666655,9.633333333345512e-07
0.002691,0.0026851400000000077,5.859999999992087e-06
0.002709,0.002703029999999999,5.9700000000009745e-06
0.002673,0.0026634833333333426,9.51666666665742e-06
0.002694,0.00269140333333333,2.5966666666703275e-06
0.002654,0.0026341700000000025,1.9829999999997593e-05
0.002678,0.002655233333333328,2.2766666666671972e-05
0.002634,0.0026278533333333317,6.146666666668327e-06
0.002662,0.002654496666666662,7.5033333333377784e-06
0.002613,0.0026012000000000066,1.179999999999324e-05
0.002644,0.0026514800000000077,-7.4800000000076194e-06
0.002591,0.0025661,2.490000000000001e-05
0.002626,0.0026182133333333356,7.786666666664225e-06
0.002569,0.002560196666666674,8.803333333326155e-06
0.002607,0.002612866666666665,-5.866666666665219e-06
0.002545,0.0025106400000000023,3.4359999999997604e-05
0.002588,0.0025688033333333368,1.919666666666325e-05
0.002522,0.0025420566666666715,-2.0056666666671587e-05
0.002568,0.0025924999999999998,-2.4499999999999782e-05
0.002497,0.0025293700000000065,-3.237000000000639e-05
0.002548,0.0025877466666666647,-3.974666666666481e-05
0.002473,0.00249436333333333,-2.136333333333006e-05
0.002527,0.002555363333333334,-2.8363333333334025e-05
0.002447,0.0024881899999999947,-4.118999999999477e-05
0.002506,0.0025392166666666598,-3.3216666666659785e-05
0.002421,0.0024014233333333303,1.9576666666669667e-05
0.002484,0.0024748433333333323,9.156666666667798e-06
0.002395,0.0024686933333333324,-7.36933333333324e-05
0.002462,0.0025261666666666696,-6.41666666666694e-05
0.002369,0.0024290933333333377,-6.009333333333771e-05
0.00244,0.0024829033333333326,-4.2903333333332676e-05
0.002344,0.0025482633333333304,-0.00020426333333333022
0.002418,0.0025707966666666626,-0.0001527966666666626
0.002318,0.0023345366666666693,-1.6536666666669073e-05
0.002396,0.002401660000000001,-5.660000000001081e-06
0.002292,0.0024183033333333376,-0.0001263033333333374
0.002374,0.0024543033333333337,-8.030333333333391e-05
0.002266,0.002352623333333338,-8.662333333333801e-05
0.002352,0.0023823400000000028,-3.034000000000283e-05
0.00224,0.0023298733333333315,-8.987333333333172e-05
0.002329,0.002348699999999999,-1.9699999999999232e-05
0.002215,0.0022648900000000046,-4.989000000000469e-05
0.002307,0.0023116633333333356,-4.663333333335563e-06
0.00219,0.002148120000000004,4.187999999999631e-05
0.002285,0.002187869999999998,9.713000000000213e-05
0.002164,0.002120380000000002,4.361999999999812e-05
0.002262,0.0021583299999999987,0.00010367000000000145
0.00214,0.0020765799999999984,6.342000000000153e-05
0.002241,0.0020898733333333352,0.0001511266666666647
0.002115,0.002080880000000002,3.411999999999816e-05
0.002218,0.002118790000000001,9.920999999999888e-05
0.002091,0.0020208166666666697,7.018333333333026e-05
0.002197,0.001993566666666667,0.00020343333333333298
0.002067,0.001994970000000002,7.202999999999767e-05
0.002175,0.0019710533333333322,0.0002039466666666676
0.002044,0.0019686833333333333,7.53166666666665e-05
0.002154,0.0019753666666666686,0.0001786333333333315
0.002021,0.0019559533333333343,6.504666666666548e-05
0.002133,0.0019602633333333347,0.00017273666666666517
0.001998,0.001933646666666667,6.435333333333322e-05
0.002112,0.0019556000000000013,0.00015639999999999881
0.001976,0.0019315133333333372,4.448666666666268e-05
0.002091,0.002011726666666668,7.927333333333179e-05
0.001955,0.001902469999999998,5.2530000000002236e-05
0.00207,0.0019793133333333335,9.06866666666663e-05
0.001934,0.0018892100000000023,4.478999999999768e-05
0.00205,0.0019438733333333339,0.00010612666666666632
0.001914,0.0018682899999999999,4.571000000000002e-05
0.00203,0.001913886666666664,0.00011611333333333613
0.001894,0.001885123333333335,8.876666666665124e-06
0.002011,0.001966073333333332,4.4926666666668304e-05
0.001875,0.001866203333333335,8.796666666664949e-06
0.001992,0.0019443733333333313,4.762666666666853e-05
0.001856,0.0018384700000000003,1.752999999999976e-05
0.001974,0.0018984733333333344,7.552666666666569e-05
0.001838,0.0018103066666666674,2.7693333333332583e-05
0.001955,0.0018898066666666665,6.519333333333366e-05
0.001821,0.001786286666666668,3.4713333333331875e-05
0.001938,0.0018726800000000007,6.531999999999935e-05
0.001804,0.0017777700000000036,2.6229999999996447e-05
0.001921,0.001876806666666668,4.4193333333331954e-05
0.001788,0.001738386666666667,4.961333333333316e-05
0.001904,0.0018137533333333323,9.024666666666782e-05
0.001772,0.0017213533333333363,5.064666666666361e-05
0.001888,0.0017968633333333324,9.113666666666752e-05
0.001757,0.0017203433333333369,3.665666666666321e-05
0.001872,0.0018062333333333318,6.576666666666814e-05
0.001742,0.001729149999999998,1.2850000000001966e-05
0.001857,0.0018366800000000016,2.031999999999837e-05
0.001729,0.001708600000000003,2.0399999999997026e-05
0.001842,0.001796946666666667,4.5053333333333135e-05
0.001715,0.0016825333333333292,3.2466666666670745e-05
0.001828,0.0017697233333333325,5.827666666666752e-05
0.001702,0.0016953466666666675,6.653333333332418e-06
0.001814,0.001793443333333334,2.0556666666666015e-05
0.001689,0.0016969766666666641,-7.97666666666418e-06
0.001801,0.0018057033333333335,-4.7033333333333736e-06
0.001677,0.001684026666666664,-7.026666666663968e-06
0.001788,0.001794106666666665,-6.106666666664878e-06
0.001665,0.0016697866666666634,-4.786666666663393e-06
0.001775,0.0017778199999999996,-2.8199999999995156e-06
0.001654,0.0016524399999999994,1.5600000000007101e-06
0.001763,0.0017569233333333363,6.076666666663755e-06
0.001642,0.0016442233333333347,-2.2233333333346577e-06
0.001751,0.001747966666666669,3.0333333333309315e-06
0.001632,0.0016350733333333298,-3.0733333333298266e-06
0.00174,0.0017349366666666636,5.06333333333644e-06
0.001621,0.0016144366666666638,6.563333333336205e-06
0.001729,0.0017083200000000012,2.0679999999998833e-05
0.001611,0.001604036666666668,6.963333333332095e-06
0.001718,0.0016941233333333332,2.387666666666668e-05
0.001601,0.0015915533333333315,9.446666666668461e-06
0.001707,0.0016806833333333345,2.6316666666665418e-05
0.001591,0.0015681333333333347,2.2866666666665307e-05
0.001697,0.0016520566666666633,4.494333333333661e-05
0.001582,0.0015700466666666714,1.1953333333328698e-05
0.001687,0.0016573699999999976,2.9630000000002276e-05
0.001573,0.0015638766666666696,9.123333333330326e-06
0.001677,0.0016554299999999946,2.1570000000005474e-05
0.001564,0.0015595866666666656,4.413333333334445e-06
0.001667,0.001655943333333332,1.1056666666668007e-05
0.001555,0.001549596666666669,5.403333333330951e-06
0.001658,0.001644873333333336,1.3126666666663954e-05
0.001547,0.0015441266666666627,2.8733333333373027e-06
0.001649,0.0016386499999999948,1.035000000000532e-05
0.001538,0.0015332799999999984,4.720000000001676e-06
0.00164,0.0016276033333333338,1.239666666666612e-05
0.00153,0.0015220466666666644,7.95333333333554e-06
0.001631,0.001618030000000001,1.2969999999999085e-05
0.001523,0.0015154366666666607,7.563333333339374e-06
0.001622,0.001607716666666667,1.4283333333332858e-05
0.001515,0.001504366666666665,1.063333333333502e-05
0.001614,0.0015889933333333329,2.5006666666667126e-05
0.001507,0.0014989233333333328,8.076666666667273e-06
0.001605,0.001584606666666664,2.0393333333336037e-05
0.0015,0.001489536666666668,1.0463333333332126e-05
0.001597,0.001577999999999996,1.9000000000003823e-05
0.001493,0.0014858266666666641,7.173333333335835e-06
0.00159,0.0015745799999999967,1.54200000000034e-05
0.001486,0.001476176666666669,9.82333333333094e-06
0.001582,0.0015632699999999985,1.8730000000001523e-05
0.001479,0.0014665299999999967,1.2470000000003355e-05
0.001575,0.0015549766666666705,2.002333333332956e-05
0.001472,0.001461160000000007,1.0839999999993086e-05
0.001568,0.001553706666666662,1.4293333333338003e-05
0.001466,0.0014575266666666687,8.473333333331367e-06
0.001561,0.0015460033333333355,1.4996666666664557e-05
0.00146,0.0014548200000000049,5.179999999995041e-06
0.001554,0.0015479566666666638,6.043333333336258e-06
0.001454,0.001447063333333338,6.9366666666619e-06
0.001548,0.0015350333333333356,1.2966666666664253e-05
0.001448,0.0014422566666666748,5.743333333325246e-06
0.001541,0.0015322500000000045,8.749999999995524e-06
0.001443,0.0014409800000000051,2.0199999999949425e-06
0.001535,0.001532710000000002,2.2899999999978927e-06
0.001437,0.0014347733333333337,2.2266666666662365e-06
0.001529,0.0015246200000000004,4.379999999999575e-06
0.001432,0.0014286266666666732,3.373333333326744e-06
0.001523,0.0015179466666666716,5.053333333328476e-06
0.001427,0.0014221833333333308,4.8166666666692864e-06
0.001518,0.0015098566666666708,8.143333333329207e-06
0.001422,0.0014205866666666695,1.4133333333305777e-06
0.001512,0.0015097766666666637,2.2233333333363924e-06
0.001417,0.001407796666666671,9.203333333328984e-06
0.001507,0.001494133333333328,1.2866666666672003e-05
0.001412,0.001408700000000003,3.2999999999970987e-06
0.001501,0.0014964199999999966,4.580000000003375e-06
0.001408,0.0014043966666666718,3.603333333328197e-06
0.001496,0.0014907533333333254,5.246666666674539e-06
0.001403,0.0013999266666666684,3.0733333333315613e-06
0.00149,0.0014859799999999927,4.020000000007351e-06
0.001399,0.0013975299999999954,1.470000000004714e-06
0.001486,0.0014836066666666654,2.3933333333345155e-06
0.001395,0.0013953066666666698,-3.0666666666983276e-07
0.001481,0.0014803766666666594,6.233333333404735e-07
0.001391,0.0013888066666666741,2.1933333333259454e-06
0.001476,0.0014736833333333253,2.3166666666748093e-06
0.001387,0.0013884733333333278,-1.473333333327836e-06
0.001472,0.0014725666666666616,-5.666666666615666e-07
0.001383,0.0013796566666666615,3.3433333333384146e-06
0.001467,0.0014633366666666613,3.6633333333386826e-06
0.001379,0.0013767999999999942,2.2000000000057997e-06
0.001463,0.0014590533333333272,3.946666666672935e-06
0.001376,0.0013752966666666737,7.033333333263374e-07
0.001459,0.001457009999999997,1.990000000002927e-06
0.001373,0.001372016666666663,9.833333333370345e-07
0.001455,0.0014532766666666623,1.723333333337627e-06
0.00137,0.0013703300000000047,-3.3000000000476225e-07
0.001451,0.0014511066666666672,-1.066666666671174e-07
0.001367,0.0013660433333333285,9.566666666713936e-07
0.001448,0.0014462799999999997,1.7200000000004104e-06
0.001364,0.0013642833333333301,-2.833333333301328e-07
0.001444,0.0014435500000000055,4.499999999945086e-07
0.001362,0.0013621666666666634,-1.6666666666350846e-07
0.001441,0.0014410266666666663,-2.6666666666291458e-08
0.00136,0.0013601833333333284,-1.8333333332834142e-07
0.001438,0.00143869333333334,-6.933333333400578e-07
0.001357,0.001358536666666672,-1.536666666672069e-06
0.001435,0.0014355466666666665,-5.466666666664559e-07
0.001356,0.0013560033333333355,-3.3333333354819417e-09
0.001433,0.0014329866666666655,1.3333333334555192e-08
0.001354,0.0013553800000000043,-1.3800000000043812e-06
0.00143,0.001432236666666669,-2.236666666668996e-06
0.001352,0.0013546433333333368,-2.643333333336934e-06
0.001428,0.001431296666666663,-3.2966666666629178e-06
0.001351,0.0013541533333333356,-3.15333333333564e-06
0.001426,0.0014304333333333282,-4.433333333328255e-06
0.00135,0.001351243333333331,-1.2433333333309367e-06
0.001424,0.0014259666666666612,-1.9666666666612754e-06
0.001349,0.0013496100000000028,-6.100000000028825e-07
0.001422,0.0014231899999999939,-1.1899999999938002e-06
0.001348,0.0013477866666666612,2.1333333333878844e-07
0.00142,0.0014203299999999976,-3.299999999976065e-07
0.001347,0.0013475033333333348,-5.033333333346809e-07
0.001419,0.0014196733333333284,-6.733333333284672e-07
0.001345,0.001346983333333328,-1.983333333327843e-06
0.001417,0.0014191133333333308,-2.1133333333307573e-06
0.001345,0.0013443099999999998,6.90000000000239e-07
0.001416,0.0014162166666666675,-2.1666666666754833e-07
0.001344,0.0013452033333333348,-1.2033333333348606e-06
0.001415,0.0014163666666666653,-1.3666666666652724e-06
0.001344,0.0013441000000000032,-1.0000000000330925e-07
0.001414,0.0014152733333333324,-1.2733333333324933e-06
0.001343,0.0013452233333333397,-2.223333333339645e-06
0.001413,0.0014165966666666722,-3.596666666672195e-06
0.001343,0.0013447699999999997,-1.7699999999996798e-06
0.001412,0.0014152466666666657,-3.2466666666656e-06
0.001343,0.0013437500000000005,-7.500000000005332e-07
0.001411,0.001413273333333337,-2.2733333333371797e-06
0.001342,0.0013437433333333328,-1.7433333333327378e-06
0.001411,0.0014138500000000008,-2.8500000000008553e-06
0.001342,0.0013429633333333385,-9.633333333384543e-07
0.00141,0.0014120733333333336,-2.073333333333597e-06
0.001342,0.0013416833333333377,3.166666666624008e-07
0.00141,0.0014098333333333376,1.6666666666242426e-07
0.001342,0.0013446600000000025,-2.6600000000024174e-06
0.001409,0.0014134933333333386,-4.493333333338524e-06
0.001342,0.0013430299999999979,-1.0299999999977862e-06
0.001409,0.0014091433333333393,-1.4333333333920416e-07
0.001343,0.0013424300000000027,5.699999999972654e-07
0.001408,0.00140925,-1.249999999999949e-06
0.001343,0.0013430566666666648,-5.666666666481225e-08
0.001408,0.0014084833333333384,-4.83333333338486e-07
0.001343,0.0013456033333333346,-2.6033333333345694e-06
0.001408,0.001411700000000006,-3.700000000005999e-06
0.001344,0.001345126666666669,-1.126666666669083e-06
0.001408,0.001409920000000007,-1.920000000007029e-06
0.001344,0.0013448200000000033,-8.200000000033701e-07
0.001408,0.0014091666666666731,-1.1666666666731822e-06
0.001345,0.0013458000000000025,-8.000000000024047e-07
0.001408,0.0014096033333333403,-1.6033333333402913e-06
0.001345,0.001346483333333333,-1.4833333333329809e-06
0.001408,0.0014107866666666728,-2.7866666666728854e-06
0.001345,0.0013445433333333335,4.566666666665567e-07
0.001408,0.001407040000000006,9.59999999993865e-07
0.001346,0.0013468933333333339,-8.933333333338827e-07
0.001408,0.0014111333333333364,-3.133333333336409e-06
0.001346,0.0013511500000000017,-5.150000000001724e-06
0.001409,0.0014170400000000033,-8.04000000000321e-06
0.001347,0.001350216666666667,-3.2166666666668623e-06
0.001409,0.001415696666666663,-6.696666666662892e-06
0.001347,0.001347906666666664,-9.066666666638842e-07
0.001409,0.0014113233333333307,-2.3233333333305944e-06
0.001348,0.0013503899999999962,-2.3899999999962146e-06
0.001409,0.0014164233333333325,-7.423333333332399e-06
0.001348,0.0013481766666666659,-1.7666666666583432e-07
0.00141,0.0014089133333333324,1.0866666666675857e-06
0.001349,0.0013479199999999972,1.0800000000026934e-06
0.00141,0.0014085466666666718,1.4533333333281717e-06
0.001349,0.001349096666666662,-9.666666666197261e-08
0.00141,0.0014100100000000065,-1.0000000006445825e-08
0.001349,0.001348953333333333,4.6666666667040044e-08
0.00141,0.0014092733333333398,7.266666666601827e-07
0.00135,0.0013492699999999983,7.300000000017362e-07
0.00141,0.0014097366666666732,2.633333333267821e-07
0.00135,0.0013495833333333365,4.1666666666354164e-07
0.00141,0.0014094900000000065,5.099999999935018e-07
0.00135,0.0013499766666666708,2.3333333329291633e-08
0.00141,0.0014098300000000054,1.699999999946536e-07
0.00135,0.0013499466666666707,5.333333332933031e-08
0.00141,0.001409543333333336,4.566666666639546e-07
0.00135,0.001350300000000004,-3.000000000038562e-07
0.001409,0.00140997333333334,-9.733333333399128e-07
0.00135,0.0013502866666666705,-2.866666666703852e-07
0.001409,0.001409330000000007,-3.3000000000693065e-07
0.00135,0.0013499900000000032,9.999999996904846e-09
0.001408,0.001408183333333339,-1.833333333389666e-07
0.00135,0.001349853333333337,1.4666666666297672e-07
0.001408,0.0014079200000000054,7.999999999453757e-08
0.00135,0.0013494499999999992,5.500000000008536e-07
0.001408,0.0014074533333333346,5.466666666653717e-07
0.001349,0.0013493766666666652,-3.766666666652971e-07
0.001407,0.0014069233333333393,7.666666666079035e-08
0.001349,0.0013488033333333277,1.9666666667222076e-07
0.001406,0.0014063733333333328,-3.733333333328509e-07
0.001349,0.0013482833333333319,7.166666666680484e-07
0.001406,0.0014053599999999983,6.400000000016202e-07
0.001348,0.0013481799999999974,-1.7999999999741313e-07
0.001405,0.0014055433333333344,-5.433333333344434e-07
0.001347,0.001346233333333337,7.666666666631978e-07
0.001404,0.0014036033333333286,3.966666666714667e-07
0.001346,0.001346316666666663,-3.166666666630513e-07
0.001403,0.00140406,-1.0599999999999932e-06
0.001345,0.0013451766666666687,-1.7666666666865324e-07
0.001402,0.0014028199999999986,-8.199999999985996e-07
0.001344,0.0013432866666666693,7.133333333306149e-07
0.001401,0.0014004099999999984,5.900000000014834e-07
0.001342,0.001342306666666667,-3.0666666666701384e-07
0.001399,0.0013994166666666675,-4.1666666666744477e-07
0.001341,0.0013408200000000047,1.7999999999524473e-07
0.001398,0.0013983233333333294,-3.2333333332946156e-07
0.00134,0.0013394366666666714,5.633333333286868e-07
0.001397,0.0013964766666666616,5.233333333384653e-07
0.001338,0.0013374333333333358,5.666666666641687e-07
0.001395,0.0013944566666666623,5.43333333337696e-07
0.001336,0.0013357466666666692,2.5333333333074463e-07
0.001393,0.0013930666666666614,-6.666666666150026e-08
0.001334,0.001335240000000002,-1.2400000000021769e-06
0.001391,0.001391956666666664,-9.566666666638041e-07
0.001332,0.0013325866666666663,-5.866666666662183e-07
0.001389,0.00138947666666667,-4.7666666666990737e-07
0.00133,0.001330589999999999,-5.899999999988813e-07
0.001387,0.0013881599999999974,-1.1599999999974478e-06
0.001328,0.0013282699999999968,-2.6999999999687864e-07
0.001385,0.0013855566666666724,-5.56666666672468e-07
0.001326,0.0013256033333333298,3.9666666667016563e-07
0.001383,0.0013824433333333394,5.566666666605418e-07
0.001324,0.0013221533333333333,1.8466666666667585e-06
0.001381,0.0013777666666666666,3.23333333333343e-06
0.001321,0.001321343333333331,-3.433333333310775e-07
0.001378,0.00137902,-1.0199999999997971e-06
0.001319,0.0013177533333333332,1.2466666666668524e-06
0.001376,0.001374796666666666,1.2033333333339932e-06
0.001316,0.0013167133333333355,-7.133333333356022e-07
0.001373,0.0013733499999999948,-3.499999999946688e-07
0.001313,0.0013146800000000006,-1.680000000000648e-06
0.00137,0.0013713133333333352,-1.3133333333352915e-06
0.001311,0.001310803333333334,1.9666666666614922e-07
0.001368,0.0013676699999999983,3.300000000017265e-07
0.001308,0.001307696666666669,3.033333333308814e-07
0.001365,0.0013654966666666614,-4.966666666615487e-07
0.001305,0.0013058966666666667,-8.966666666667625e-07
0.001362,0.001362730000000001,-7.300000000010857e-07
0.001302,0.001303459999999998,-1.4599999999980514e-06
0.001359,0.0013603433333333325,-1.3433333333325113e-06
0.001299,0.0012995266666666714,-5.266666666713452e-07
0.001356,0.001357036666666665,-1.0366666666650638e-06
0.001296,0.0012956866666666634,3.133333333366767e-07
0.001353,0.001352333333333338,6.666666666620569e-07
0.001293,0.001294720000000004,-1.7200000000038799e-06
0.00135,0.0013518766666666658,-1.876666666665713e-06
0.00129,0.001290649999999996,-6.499999999961398e-07
0.001348,0.0013482133333333338,-2.133333333338011e-07
0.001287,0.0012883300000000031,-1.3300000000031603e-06
0.001345,0.0013454466666666684,-4.466666666683508e-07
0.001284,0.0012847433333333358,-7.433333333358577e-07
0.001342,0.0013416699999999984,3.300000000017265e-07
0.001282,0.0012820533333333317,-5.3333333331715554e-08
0.001339,0.0013386133333333353,3.8666666666458717e-07
0.001279,0.0012801366666666688,-1.1366666666688067e-06
0.001336,0.0013366999999999947,-6.999999999947586e-07
0.001276,0.0012789233333333318,-2.9233333333318016e-06
0.001333,0.0013360500000000007,-3.0500000000007518e-06
0.001273,0.0012750833333333316,-2.083333333331586e-06
0.00133,0.0013329799999999992,-2.979999999999216e-06
0.00127,0.0012719800000000024,-1.980000000002336e-06
0.001327,0.001328789999999998,-1.7899999999980432e-06
0.001267,0.0012696433333333314,-2.643333333331513e-06
0.001324,0.0013261233333333332,-2.123333333333083e-06
0.001264,0.0012655900000000028,-1.5900000000029172e-06
0.001321,0.0013221666666666653,-1.166666666665376e-06
0.001261,0.0012629666666666638,-1.9666666666638775e-06
0.001318,0.0013193566666666683,-1.3566666666683675e-06
0.001258,0.0012588000000000041,-8.000000000041394e-07
0.001315,0.0013158766666666651,-8.766666666651466e-07
0.001255,0.0012557399999999967,-7.399999999966895e-07
0.001312,0.0013132933333333348,-1.2933333333347598e-06
0.001252,0.001253029999999998,-1.029999999998003e-06
0.00131,0.0013100566666666659,-5.6666666665896454e-08
0.00125,0.0012497266666666646,2.7333333333539635e-07
0.001307,0.001307180000000003,-1.8000000000305098e-07
0.001247,0.0012471333333333328,-1.3333333333275833e-07
0.001304,0.0013040566666666698,-5.666666666979958e-08
0.001244,0.0012468533333333314,-2.85333333333135e-06
0.001302,0.0013036433333333385,-1.6433333333385359e-06
0.001242,0.0012453399999999976,-3.3399999999975116e-06
0.001299,0.0013016500000000047,-2.650000000004645e-06
0.001239,0.0012423766666666634,-3.37666666666331e-06
0.001297,0.0012983666666666705,-1.3666666666704765e-06
0.001237,0.001237280000000003,-2.800000000028908e-07
0.001294,0.0012959133333333341,-1.9133333333341135e-06
0.001234,0.0012378833333333325,-3.883333333332389e-06
0.001292,0.0012937000000000048,-1.700000000004866e-06
0.001232,0.0012328333333333377,-8.333333333377085e-07
0.00129,0.0012913133333333374,-1.31333333333746e-06
0.00123,0.0012316366666666719,-1.6366666666719088e-06
0.001288,0.0012900866666666726,-2.086666666672489e-06
0.001228,0.0012318700000000036,-3.870000000003688e-06
0.001286,0.0012887500000000054,-2.7500000000053523e-06
0.001226,0.001226650000000001,-6.500000000009103e-07
0.001284,0.001283023333333333,9.76666666666938e-07
0.001224,0.0012242533333333325,-2.5333333333247936e-07
0.001282,0.00128171333333333,2.8666666666995154e-07
0.001223,0.001222940000000003,5.999999999682475e-08
0.001281,0.0012805366666666673,4.633333333327501e-07
0.001221,0.0012218200000000039,-8.200000000038038e-07
0.001279,0.0012800866666666654,-1.0866666666654173e-06
0.00122,0.0012206333333333384,-6.333333333384625e-07
0.001278,0.0012785166666666626,-5.166666666625141e-07
0.001219,0.001219836666666669,-8.366666666690704e-07
0.001277,0.0012791399999999996,-2.139999999999651e-06
0.001217,0.001216540000000004,4.599999999959671e-07
0.001276,0.0012765099999999985,-5.099999999984891e-07
0.001215,0.0012149766666666709,2.3333333329074793e-08
0.001276,0.0012764033333333357,-4.033333333357085e-07
0.001213,0.0012124900000000014,5.099999999987059e-07
0.001275,0.0012749966666666655,3.33333333461458e-09
0.001211,0.001210603333333331,3.9666666666908143e-07
0.001274,0.0012739466666666717,5.333333332824611e-08
0.00121,0.0012090033333333318,9.966666666681202e-07
0.001273,0.0012729499999999993,5.000000000078726e-08
0.001208,0.001207506666666667,4.933333333330056e-07
0.001272,0.0012723033333333366,-3.0333333333673607e-07
0.001207,0.0012066533333333343,3.466666666656921e-07
0.001271,0.0012717366666666705,-7.366666666705317e-07
0.001206,0.0012057100000000057,2.899999999943746e-07
0.001271,0.0012711166666666712,-1.1666666667117798e-07
0.001205,0.0012060699999999998,-1.0699999999999339e-06
0.001271,0.001271063333333338,-6.333333333794454e-08
0.001206,0.0012058433333333352,1.566666666648689e-07
0.001271,0.0012717266666666665,-7.266666666664711e-07
0.001206,0.0012060199999999993,-1.9999999999230703e-08
0.001272,0.0012716499999999998,3.500000000000898e-07
0.001206,0.0012060766666666665,-7.66666666664282e-08
0.001272,0.0012721466666666648,-1.4666666666492828e-07
0.001206,0.0012064933333333333,-4.933333333332224e-07
0.001272,0.0012730300000000027,-1.0300000000027735e-06
0.001206,0.0012066633333333388,-6.633333333387181e-07
0.001273,0.0012728633333333348,1.366666666652045e-07
0.001207,0.0012074933333333362,-4.933333333362582e-07
0.001273,0.0012742566666666681,-1.256666666668094e-06
0.001207,0.0012075133333333337,-5.133333333337542e-07
0.001274,0.001273813333333339,1.8666666666100444e-07
0.001208,0.0012094999999999996,-1.4999999999995486e-06
0.001275,0.0012754333333333343,-4.333333333342293e-07
0.001209,0.0012109033333333318,-1.9033333333317876e-06
0.001276,0.001276653333333334,-6.53333333334007e-07
0.00121,0.0012099866666666669,1.3333333333037309e-08
0.001276,0.0012763399999999986,-3.3999999999863133e-07
0.001211,0.0012159933333333313,-4.993333333331218e-06
0.001277,0.0012822000000000016,-5.200000000001644e-06
0.001213,0.0012196899999999988,-6.68999999999865e-06
0.001278,0.0012865533333333346,-8.553333333334578e-06
0.001214,0.0012204666666666647,-6.466666666664692e-06
0.001279,0.001287076666666668,-8.076666666667924e-06
0.001216,0.0012185433333333328,-2.5433333333327573e-06
0.00128,0.0012827199999999987,-2.7199999999985916e-06
0.001218,0.0012205266666666685,-2.526666666668575e-06
0.001282,0.0012843266666666686,-2.3266666666686784e-06
0.001221,0.0012231733333333333,-2.17333333333322e-06
0.001284,0.0012869166666666686,-2.916666666668644e-06
0.001224,0.0012327266666666702,-8.726666666670135e-06
0.001287,0.0012986066666666695,-1.1606666666669511e-05
0.001226,0.0012327033333333361,-6.703333333336024e-06
0.00129,0.001296113333333336,-6.113333333336059e-06
0.001228,0.0012322766666666705,-4.276666666670542e-06
0.001292,0.001296380000000005,-4.380000000004996e-06
0.00123,0.0012347833333333363,-4.783333333336368e-06
0.001294,0.001298213333333336,-4.213333333336067e-06
0.001233,0.001237743333333333,-4.743333333333136e-06
0.001296,0.0013010533333333366,-5.053333333336499e-06
0.001235,0.0012369766666666664,-1.97666666666642e-06
0.001298,0.0013000866666666715,-2.0866666666716216e-06
0.001238,0.0012415566666666659,-3.5566666666659273e-06
0.0013,0.001304090000000003,-4.090000000003032e-06
0.00124,0.001241726666666667,-1.7266666666670375e-06
0.001302,0.0013030366666666705,-1.0366666666704848e-06
0.001243,0.0012427533333333363,2.466666666636839e-07
0.001305,0.0013029933333333367,2.0066666666632062e-06
0.001246,0.0012457699999999985,2.30000000001453e-07
0.001308,0.0013071833333333368,8.166666666631177e-07
0.001249,0.001247286666666668,1.7133333333318318e-06
0.001311,0.0013081666666666634,2.833333333336673e-06
0.001252,0.0012546299999999988,-2.6299999999986924e-06
0.001313,0.0013172166666666667,-4.216666666666778e-06
0.001254,0.0012588399999999963,-4.83999999999641e-06
0.001316,0.0013209233333333354,-4.9233333333355365e-06
0.001257,0.0012617299999999976,-4.729999999997497e-06
0.001319,0.0013239366666666663,-4.9366666666661885e-06
0.00126,0.0012602600000000002,-2.6000000000019063e-07
0.001322,0.0013218133333333362,1.8666666666382337e-07
0.001263,0.0012686499999999973,-5.649999999997237e-06
0.001325,0.0013316199999999963,-6.619999999996247e-06
0.001266,0.001267063333333333,-1.06333333333309e-06
0.001328,0.0013300366666666697,-2.03666666666975e-06
0.001269,0.0012727299999999997,-3.729999999999749e-06
0.00133,0.0013359500000000024,-5.950000000002394e-06
0.001272,0.00128018666666667,-8.18666666667009e-06
0.001334,0.0013438066666666647,-9.806666666664805e-06
0.001275,0.001279866666666663,-4.866666666662918e-06
0.001337,0.001342133333333334,-5.133333333333856e-06
0.001279,0.0012857466666666686,-6.7466666666686666e-06
0.00134,0.0013510966666666643,-1.10966666666643e-05
0.001282,0.0012873566666666664,-5.356666666666513e-06
0.001343,0.0013485866666666658,-5.586666666665798e-06
0.001285,0.0012870333333333348,-2.0333333333349187e-06
0.001345,0.001347796666666667,-2.7966666666669714e-06
0.001289,0.0012927333333333335,-3.7333333333334964e-06
0.001348,0.0013530933333333359,-5.093333333335828e-06
0.001292,0.0012933166666666636,-1.3166666666636177e-06
0.001352,0.0013524100000000016,-4.1000000000168506e-07
0.001295,0.0012974666666666673,-2.4666666666674133e-06
0.001355,0.0013576733333333388,-2.6733333333387073e-06
0.001298,0.00129779,2.0999999999983705e-07
0.001358,0.0013569733333333295,1.0266666666705442e-06
0.001302,0.0013030800000000025,-1.0800000000024765e-06
0.001362,0.0013627900000000043,-7.900000000044156e-07
0.001305,0.0013091566666666719,-4.156666666671905e-06
0.001365,0.0013695699999999947,-4.5699999999947605e-06
0.001309,0.0013097400000000032,-7.400000000031947e-07
0.001368,0.0013684466666666643,-4.4666666666423084e-07
0.001313,0.0013178233333333332,-4.8233333333333114e-06
0.001372,0.0013789166666666641,-6.9166666666641875e-06
0.001316,0.0013216533333333324,-5.653333333332502e-06
0.001376,0.0013803599999999993,-4.35999999999926e-06
0.00132,0.001324316666666664,-4.316666666664016e-06
0.001379,0.001382826666666668,-3.82666666666801e-06
0.001324,0.0013274633333333298,-3.463333333329679e-06
0.001383,0.0013865633333333361,-3.5633333333362407e-06
0.001328,0.0013342166666666655,-6.216666666665526e-06
0.001388,0.0013933366666666687,-5.3366666666688e-06
0.001332,0.0013368633333333334,-4.863333333333291e-06
0.001392,0.001395863333333333,-3.863333333332941e-06
0.001336,0.001340696666666666,-4.696666666666096e-06
0.001396,0.0013999033333333326,-3.903333333332487e-06
0.001341,0.0013448066666666696,-3.8066666666696468e-06
0.001401,0.001403436666666668,-2.436666666668025e-06
0.001346,0.0013480933333333317,-2.0933333333317435e-06
0.001405,0.0014051033333333316,-1.0333333333163545e-07
0.001351,0.0013513800000000036,-3.8000000000359795e-07
0.001409,0.001406573333333332,2.4266666666680845e-06
0.001356,0.001354626666666665,1.3733333333349352e-06
0.001414,0.0014082599999999973,5.740000000002557e-06
0.001362,0.0013625933333333354,-5.933333333354475e-07
0.001419,0.0014145566666666698,4.443333333330147e-06
0.001369,0.0013743299999999978,-5.3299999999978365e-06
0.001425,0.0014228433333333325,2.1566666666675196e-06
0.001376,0.0013774866666666685,-1.4866666666684628e-06
0.001432,0.0014229766666666692,9.023333333330703e-06
0.001383,0.001386116666666661,-3.116666666661168e-06
0.001439,0.0014344399999999971,4.560000000002843e-06
0.001391,0.001399340000000001,-8.340000000000994e-06
0.001446,0.0014435100000000018,2.489999999998223e-06
0.0014,0.0014174466666666671,-1.7446666666667138e-05
0.001455,0.0014633733333333317,-8.373333333331744e-06
0.001409,0.0014217699999999989,-1.2769999999998755e-05
0.001464,0.0014655333333333357,-1.5333333333357197e-06
0.00142,0.0014302633333333323,-1.026333333333223e-05
0.001474,0.0014736833333333318,3.166666666682555e-07
0.001431,0.0014437233333333343,-1.2723333333334317e-05
0.001485,0.001484289999999997,7.100000000029392e-07
0.001443,0.0014555266666666667,-1.252666666666665e-05
0.001497,0.0015021900000000011,-5.190000000001053e-06
0.001456,0.0014786199999999989,-2.2619999999998804e-05
0.00151,0.0015299000000000014,-1.9900000000001297e-05
0.001471,0.0014870500000000023,-1.605000000000226e-05
0.001523,0.001533449999999996,-1.0449999999996053e-05
0.001486,0.0015095733333333322,-2.357333333333233e-05
0.001538,0.0015562933333333304,-1.8293333333330294e-05
0.001503,0.0015250566666666708,-2.2056666666670768e-05
0.001553,0.0015724766666666676,-1.947666666666766e-05
0.00152,0.0015428433333333315,-2.2843333333331462e-05
0.00157,0.0015904999999999988,-2.0499999999998818e-05
0.001538,0.0015707466666666646,-3.274666666666453e-05
0.001587,0.0016265033333333334,-3.950333333333335e-05
0.001557,0.0015964033333333346,-3.9403333333334596e-05
0.001606,0.0016647933333333342,-5.879333333333415e-05
0.001577,0.0016189333333333352,-4.1933333333335184e-05
0.001626,0.0016912833333333343,-6.52833333333342e-05
0.001598,0.0016416366666666669,-4.363666666666686e-05
0.001647,0.0017045466666666665,-5.754666666666643e-05
0.001621,0.0016519866666666657,-3.0986666666665656e-05
0.001669,0.0017070633333333355,-3.8063333333335616e-05
0.001644,0.0016754066666666667,-3.140666666666663e-05
0.001692,0.0017204800000000001,-2.8480000000000215e-05
0.001668,0.0017022433333333368,-3.4243333333336835e-05
0.001717,0.001760980000000002,-4.3980000000002056e-05
0.001692,0.0017303133333333343,-3.831333333333435e-05
0.001742,0.0017813600000000014,-3.9360000000001304e-05
0.001718,0.0017512333333333347,-3.323333333333481e-05
0.001767,0.0017995800000000024,-3.258000000000254e-05
0.001743,0.001777736666666669,-3.473666666666897e-05
0.001794,0.0018279099999999988,-3.390999999999876e-05
0.00177,0.0018063400000000018,-3.6340000000001675e-05
0.001821,0.0018531266666666653,-3.212666666666539e-05
0.001798,0.0018313800000000031,-3.338000000000321e-05
0.001849,0.0018774500000000016,-2.8450000000001694e-05
0.001826,0.0018611166666666682,-3.5116666666668234e-05
0.001878,0.0019104433333333322,-3.2443333333332346e-05
0.001854,0.0018834500000000014,-2.9450000000001393e-05
0.001906,0.001929866666666669,-2.3866666666669126e-05
0.001883,0.0019162966666666692,-3.3296666666669285e-05
0.001935,0.0019650333333333355,-3.0033333333335382e-05
0.001912,0.0019432599999999996,-3.1259999999999535e-05
0.001964,0.001991043333333341,-2.7043333333340996e-05
0.001942,0.0019706433333333355,-2.8643333333335614e-05
0.001993,0.002018700000000003,-2.5700000000003064e-05
0.001971,0.001999583333333329,-2.8583333333328815e-05
0.002024,0.0020480233333333335,-2.4023333333333344e-05
0.002001,0.0020308766666666685,-2.9876666666668345e-05
0.002055,0.0020809499999999955,-2.5949999999995508e-05
0.002031,0.0020628300000000003,-3.1830000000000486e-05
0.002087,0.002111956666666668,-2.4956666666668074e-05
0.002062,0.002085826666666665,-2.382666666666481e-05
0.002118,0.002137196666666667,-1.919666666666672e-05
0.002092,0.0021165666666666657,-2.456666666666562e-05
0.002149,0.0021684366666666665,-1.9436666666666595e-05
0.002123,0.00214994333333333,-2.6943333333330315e-05
0.002181,0.002197383333333335,-1.6383333333334915e-05
0.002154,0.0021702533333333328,-1.625333333333265e-05
0.002213,0.002219443333333333,-6.443333333332798e-06
0.002185,0.002200989999999995,-1.5989999999995244e-05
0.002245,0.0022530099999999984,-8.0099999999984e-06
0.002215,0.002227036666666665,-1.2036666666665006e-05
0.002276,0.002275556666666667,4.4333333333286887e-07
0.002245,0.0022653433333333375,-2.034333333333742e-05
0.002308,0.0023233666666666623,-1.5366666666662143e-05
0.002276,0.0022781300000000023,-2.130000000002529e-06
0.002338,0.0023324033333333317,5.596666666668124e-06
0.002306,0.002320456666666667,-1.4456666666667114e-05
0.002368,0.002380149999999998,-1.21499999999981e-05
0.002335,0.002341053333333334,-6.053333333334247e-06
0.002398,0.002393276666666662,4.7233333333378084e-06
0.002365,0.0023769899999999933,-1.1989999999993412e-05
0.002428,0.002438273333333335,-1.0273333333334772e-05
0.002395,0.002410219999999996,-1.5219999999995914e-05
0.002458,0.002473750000000002,-1.5750000000001874e-05
0.002425,0.0024305133333333293,-5.513333333329214e-06
0.002488,0.0024911266666666726,-3.126666666672384e-06
0.002454,0.002484590000000005,-3.0590000000004815e-05
0.002518,0.0025620366666666674,-4.403666666666752e-05
0.002482,0.0025109066666666757,-2.890666666667584e-05
0.002547,0.002583953333333336,-3.695333333333635e-05
0.00251,0.0025122333333333323,-2.233333333332213e-06
0.002576,0.002572373333333336,3.6266666666642106e-06
0.002537,0.002541656666666665,-4.656666666664599e-06
0.002604,0.0026079966666666685,-3.996666666668518e-06
0.002565,0.0025548199999999993,1.0180000000000692e-05
0.002632,0.0026114066666666704,2.059333333332943e-05
0.002592,0.0025776033333333383,1.4396666666661832e-05
0.002661,0.0026327399999999984,2.826000000000174e-05
0.002618,0.0025976333333333325,2.0366666666667577e-05
0.002688,0.00264991333333333,3.8086666666669895e-05
0.002645,0.0026367333333333362,8.266666666663976e-06
0.002715,0.002694530000000008,2.0469999999992057e-05
0.00267,0.0026484500000000023,2.1549999999997786e-05
0.002741,0.002725406666666668,1.55933333333318e-05
0.002696,0.0026755033333333293,2.049666666667071e-05
0.002767,0.002764663333333335,2.3366666666649327e-06
0.002721,0.0026946400000000003,2.6359999999999578e-05
0.002792,0.0027509533333333297,4.104666666667053e-05
0.002745,0.0027437333333333374,1.2666666666626136e-06
0.002817,0.00281243333333334,4.566666666659929e-06
0.002768,0.0027715700000000066,-3.570000000006554e-06
0.002843,0.0028439466666666737,-9.466666666736213e-07
0.002792,0.0027888066666666663,3.1933333333338844e-06
0.002865,0.002855646666666677,9.353333333322889e-06
0.002815,0.0027991199999999987,1.58800000000011e-05
0.002886,0.002861169999999999,2.4830000000001292e-05
0.002837,0.0028110699999999997,2.5930000000000397e-05
0.002906,0.002866423333333342,3.957666666665801e-05
0.00286,0.0028423566666666636,1.764333333333654e-05
0.002925,0.0029007999999999972,2.4200000000002865e-05
0.002882,0.002877376666666663,4.623333333337101e-06
0.002946,0.0029463966666666576,-3.9666666665780573e-07
0.002903,0.0029065533333333345,-3.5533333333343485e-06
0.00297,0.0029784333333333275,-8.433333333327485e-06
0.002924,0.002915579999999991,8.420000000008976e-06
0.002992,0.0029734199999999988,1.8580000000001113e-05
0.002945,0.0029228700000000036,2.212999999999651e-05
0.003014,0.0029784100000000025,3.558999999999767e-05
0.002966,0.002938466666666665,2.753333333333505e-05
0.003036,0.0029926199999999953,4.338000000000475e-05
0.002986,0.002957146666666665,2.8853333333335018e-05
0.003057,0.0030102533333333332,4.67466666666666e-05
0.003006,0.0029893233333333426,1.66766666666574e-05
0.003078,0.0030518599999999935,2.6140000000006523e-05
0.003025,0.0029853633333333375,3.9636666666662424e-05
0.003099,0.003036913333333337,6.20866666666631e-05
0.003044,0.0030384933333333403,5.506666666659551e-06
0.003119,0.0031015933333333355,1.740666666666434e-05
0.003063,0.00305670666666668,6.293333333320245e-06
0.003138,0.003119453333333331,1.854666666666928e-05
0.003082,0.0030738466666666753,8.153333333324811e-06
0.003158,0.0031374799999999967,2.052000000000347e-05
0.003101,0.0030921833333333363,8.816666666663746e-06
0.003177,0.003160146666666662,1.6853333333338195e-05
0.003119,0.0031072033333333355,1.1796666666664263e-05
0.003195,0.0031738200000000004,2.117999999999955e-05
0.003138,0.0031119733333333345,2.6026666666665622e-05
0.003214,0.003169386666666654,4.461333333334594e-05
0.003156,0.003141026666666659,1.497333333334112e-05
0.003232,0.0032033366666666748,2.8663333333325304e-05
0.003174,0.003153216666666673,2.0783333333327e-05
0.003251,0.0032127133333333413,3.828666666665873e-05
0.003192,0.0031631633333333354,2.8836666666664547e-05
0.00327,0.0032245033333333393,4.549666666666058e-05
0.00321,0.0031685999999999997,4.1400000000000464e-05
0.003289,0.0032260533333333414,6.294666666665843e-05
0.003229,0.0032011700000000045,2.782999999999562e-05
0.003306,0.003263413333333332,4.258666666666789e-05
0.003247,0.0032343966666666694,1.2603333333330476e-05
0.003324,0.00329009,3.391000000000028e-05
0.003265,0.0032459100000000033,1.9089999999996783e-05
0.003342,0.0033076233333333336,3.437666666666634e-05
0.003283,0.0032629666666666606,2.003333333333926e-05
0.00336,0.003329443333333323,3.055666666667732e-05
0.003301,0.0032738900000000046,2.7109999999995558e-05
0.003378,0.0033369933333333344,4.1006666666665564e-05
0.00332,0.003297123333333335,2.2876666666665248e-05
0.003397,0.003352819999999994,4.418000000000564e-05
0.003338,0.003314940000000001,2.3059999999998793e-05
0.003416,0.003364370000000001,5.1629999999999125e-05
0.003356,0.003333736666666651,2.2263333333349e-05
0.003433,0.003397183333333324,3.5816666666676e-05
0.003374,0.003362646666666673,1.1353333333326623e-05
0.003452,0.0034219533333333394,3.004666666666083e-05
0.003391,0.0033743899999999953,1.6610000000004572e-05
0.00347,0.0034392933333333444,3.070666666665561e-05
0.003409,0.0033982900000000048,1.0709999999995376e-05
0.003488,0.003465456666666661,2.2543333333339098e-05
0.003427,0.003424153333333327,2.846666666672746e-06
0.003506,0.0034989033333333386,7.096666666661384e-06
0.003445,0.0034325166666666585,1.2483333333341597e-05
0.003524,0.003504770000000003,1.922999999999682e-05
0.003463,0.003445893333333323,1.7106666666676963e-05
0.003541,0.0035101033333333307,3.0896666666669226e-05
0.003481,0.0034681333333333327,1.286666666666745e-05
0.003559,0.00353891666666668,2.0083333333320314e-05
0.003499,0.0034468233333333235,5.217666666667642e-05
0.003577,0.003499099999999997,7.79000000000027e-05
0.003517,0.0034570733333333264,5.9926666666673765e-05
0.003594,0.0035055333333333283,8.846666666667167e-05
0.003534,0.0034997866666666615,3.4213333333338314e-05
0.00361,0.0035612166666666657,4.8783333333334185e-05
0.003552,0.003525183333333341,2.6816666666659196e-05
0.003627,0.0035931999999999965,3.380000000000353e-05
0.003569,0.003543369999999999,2.563000000000131e-05
0.003644,0.003607523333333346,3.64766666666543e-05
0.003586,0.003559330000000006,2.6669999999994268e-05
0.003661,0.0036221033333333347,3.889666666666552e-05
0.003604,0.0035880733333333273,1.5926666666672695e-05
0.003679,0.00365669666666667,2.2303333333330115e-05
0.003621,0.003617919999999987,3.0800000000129335e-06
0.003695,0.0036880233333333404,6.976666666659494e-06
0.003639,0.003632213333333331,6.786666666668863e-06
0.003712,0.003704906666666663,7.093333333337178e-06
0.003656,0.0036559966666666445,3.3333333554312616e-09
0.003728,0.0037264766666666657,1.5233333333342612e-06
0.003674,0.003667283333333334,6.716666666666243e-06
0.003744,0.0037386366666666546,5.363333333345283e-06
0.003691,0.0036839133333333293,7.0866666666705505e-06
0.003761,0.00375384666666666,7.153333333339857e-06
0.003708,0.003708146666666655,-1.4666666665495362e-07
0.003777,0.0037776300000000014,-6.300000000014627e-07
0.003724,0.0037174266666666735,6.573333333326388e-06
0.003793,0.0037863166666666616,6.6833333333383114e-06
0.003741,0.0037372433333333305,3.75666666666951e-06
0.00381,0.003806173333333344,3.826666666656084e-06
0.003758,0.0037236533333333335,3.434666666666652e-05
0.003827,0.003791939999999998,3.506000000000212e-05
0.003775,0.003723646666666666,5.13533333333341e-05
0.003843,0.003791939999999998,5.1060000000002076e-05
0.003793,0.003723646666666666,6.935333333333389e-05
0.00386,0.003791939999999998,6.806000000000216e-05
0.003811,0.003723646666666666,8.735333333333411e-05
0.003876,0.003791939999999998,8.406000000000212e-05
0.0009783,0.0009550376666666692,2.3262333333330903e-05
0.0008875,0.0008915983333333313,-4.09833333333122e-06
0.0009654,0.0009540033333333309,1.1396666666669132e-05
0.0008832,0.0008844940000000006,-1.2940000000006419e-06
0.0009543,0.000943588666666665,1.0711333333335055e-05
0.0008779,0.000879023999999999,-1.123999999998941e-06
0.000945,0.0009373733333333326,7.6266666666673436e-06
0.0008716,0.0008675573333333305,4.042666666669568e-06
0.0009393,0.000933521666666664,5.778333333335988e-06
0.0008609,0.0008668443333333311,-5.944333333331121e-06
0.0009359,0.000922455666666667,1.3444333333332984e-05
0.0008579,0.0008587569999999998,-8.569999999998327e-07
0.0009257,0.0009124150000000031,1.3284999999996889e-05
0.0008534,0.0008575213333333322,-4.1213333333321245e-06
0.0009115,0.000903200666666669,8.299333333331013e-06
0.0008542,0.000854771666666666,-5.716666666660906e-07
0.0009019,0.0008927186666666678,9.181333333332215e-06
0.0008532,0.0008502499999999985,2.9500000000015625e-06
0.0008899,0.0008742999999999998,1.5600000000000162e-05
0.0008492,0.0008379969999999984,1.120300000000162e-05
0.0008784,0.0008572103333333318,2.1189666666668176e-05
0.0008374,0.0008320209999999993,5.379000000000668e-06
0.0008654,0.0008395009999999988,2.589900000000121e-05
0.000833,0.000822470666666666,1.0529333333333924e-05
0.0008531,0.0008430759999999989,1.0024000000001055e-05
0.0008302,0.0008240103333333314,6.18966666666857e-06
0.0008436,0.0008269346666666675,1.6665333333332525e-05
0.000828,0.0008167529999999991,1.1247000000000904e-05
0.0008372,0.0008273809999999974,9.819000000002597e-06
0.0008261,0.000817185666666664,8.914333333335926e-06
0.0008318,0.0008323909999999995,-5.909999999994392e-07
0.0008221,0.0008238386666666642,-1.7386666666641907e-06
0.0008278,0.0008214283333333316,6.3716666666684e-06
0.0008193,0.0008255373333333315,-6.237333333331506e-06
0.0008217,0.0008161349999999988,5.565000000001211e-06
0.0008201,0.0008255946666666647,-5.4946666666646745e-06
0.0008149,0.0008025133333333342,1.2386666666665855e-05
0.0008233,0.0008234879999999971,-1.879999999971054e-07
0.0008096,0.000805547333333335,4.052666666664955e-06
0.0008214,0.0008219499999999968,-5.499999999967337e-07
0.0008071,0.0008048760000000003,2.223999999999781e-06
0.0008203,0.0008192199999999971,1.0800000000029102e-06
0.0008031,0.0008020466666666692,1.053333333330764e-06
0.0008171,0.0008242673333333308,-7.167333333330862e-06
0.0007987,0.0007958543333333348,2.845666666665141e-06
0.0008172,0.0008202826666666639,-3.082666666663885e-06
0.0007947,0.0007936030000000005,1.0969999999994916e-06
0.0008175,0.0008240593333333303,-6.5593333333302875e-06
0.0007883,0.000791811333333335,-3.5113333333349882e-06
0.0008183,0.0008167596666666664,1.540333333333553e-06
0.0007847,0.0007862956666666677,-1.5956666666676854e-06
0.0008159,0.000820352999999998,-4.452999999997906e-06
0.0007801,0.000783132,-3.0319999999999262e-06
0.0008165,0.0008175946666666674,-1.0946666666674949e-06
0.000776,0.0007786603333333364,-2.6603333333364426e-06
0.0008165,0.0008182923333333315,-1.7923333333315578e-06
0.0007753,0.0007753986666666652,-9.866666666514829e-08
0.0008172,0.0008168613333333311,3.3866666666892715e-07
0.0007765,0.0007739743333333307,2.5256666666692096e-06
0.0008185,0.0008162666666666641,2.2333333333358994e-06
0.0007756,0.0007753596666666693,2.4033333333064837e-07
0.0008173,0.0008191860000000004,-1.886000000000422e-06
0.0007748,0.0007709819999999999,3.8180000000000505e-06
0.0008205,0.0008177686666666673,2.73133333333279e-06
0.0007722,0.0007711803333333341,1.0196666666658803e-06
0.0008235,0.0008204616666666688,3.038333333331227e-06
0.0007678,0.0007696293333333316,-1.8293333333315983e-06
0.0008215,0.0008195690000000026,1.930999999997336e-06
0.0007681,0.0007674993333333352,6.006666666648125e-07
0.0008216,0.0008182493333333354,3.3506666666646354e-06
0.0007656,0.0007659203333333354,-3.2033333333548585e-07
0.0008169,0.0008152493333333327,1.6506666666672503e-06
0.0007655,0.00076560566666667,-1.05666666670029e-07
0.0008135,0.0008171340000000036,-3.6340000000036586e-06
0.0007639,0.0007656826666666676,-1.782666666667594e-06
0.000816,0.0008163876666666668,-3.876666666667713e-07
0.0007653,0.000767135333333336,-1.8353333333360295e-06
0.0008199,0.0008189683333333364,9.316666666636273e-07
0.0007661,0.0007695893333333353,-3.4893333333352924e-06
0.0008217,0.0008211226666666668,5.773333333331356e-07
0.0007688,0.0007673036666666659,1.4963333333341614e-06
0.000824,0.0008213116666666695,2.6883333333304867e-06
0.0007685,0.0007688493333333326,-3.4933333333258144e-07
0.0008235,0.0008243523333333322,-8.523333333321529e-07
0.0007692,0.0007712009999999996,-2.0009999999995223e-06
0.0008259,0.0008251603333333344,7.396666666655916e-07
0.0007689,0.0007709576666666651,-2.0576666666650935e-06
0.0008263,0.000826232999999998,6.700000000192229e-08
0.0007689,0.000772407333333331,-3.507333333331022e-06
0.00083,0.0008280133333333322,1.9866666666677702e-06
0.000771,0.0007719460000000004,-9.460000000003667e-07
0.0008291,0.0008286413333333317,4.586666666683229e-07
0.0007724,0.0007711983333333299,1.2016666666701554e-06
0.0008281,0.0008292126666666645,-1.1126666666645257e-06
0.0007729,0.0007718143333333345,1.08566666666551e-06
0.0008278,0.000829206999999998,-1.4069999999980843e-06
0.0007704,0.0007719183333333308,-1.5183333333308215e-06
0.0008307,0.0008294799999999972,1.2200000000027293e-06
0.0007711,0.0007729343333333315,-1.8343333333314601e-06
0.00083,0.000831285666666663,-1.2856666666630212e-06
0.0007727,0.0007746483333333343,-1.9483333333343393e-06
0.0008309,0.0008292850000000015,1.614999999998432e-06
0.0007754,0.000776330333333329,-9.303333333290443e-07
0.0008285,0.000830771999999997,-2.2719999999969587e-06
0.0007785,0.000778535999999998,-3.5999999997964743e-08
0.0008306,0.0008322253333333349,-1.6253333333348914e-06
0.0007795,0.0007788319999999971,6.680000000029284e-07
0.0008292,0.00083422933333333,-5.02933333333005e-06
0.0007788,0.0007793413333333312,-5.413333333312677e-07
0.000835,0.0008400756666666635,-5.075666666663498e-06
0.0007789,0.0007798053333333315,-9.053333333314696e-07
0.0008395,0.0008370716666666685,2.4283333333314887e-06
0.0007807,0.000780286666666667,4.133333333329386e-07
0.0008452,0.0008441210000000019,1.078999999998124e-06
0.0007801,0.0007806613333333297,-5.613333333296311e-07
0.0008458,0.0008444086666666654,1.391333333334568e-06
0.0007814,0.0007810409999999986,3.5900000000142415e-07
0.0008487,0.0008462860000000016,2.413999999998327e-06
0.0007814,0.0007826206666666638,-1.2206666666637325e-06
0.0008476,0.0008496860000000025,-2.086000000002487e-06
0.0007835,0.000782101666666662,1.3983333333380393e-06
0.0008527,0.0008480813333333353,4.618666666664651e-06
0.0007857,0.0007850979999999958,6.02000000004166e-07
0.0008516,0.0008519970000000027,-3.97000000002673e-07
0.0007884,0.0007866583333333323,1.7416666666677074e-06
0.0008573,0.0008536603333333364,3.639666666663548e-06
0.0007893,0.0007882839999999967,1.016000000003312e-06
0.0008575,0.0008567540000000023,7.459999999976513e-07
0.0007903,0.000788607999999999,1.6920000000009454e-06
0.000861,0.0008570980000000028,3.901999999997253e-06
0.0007897,0.0007904416666666693,-7.416666666693094e-07
0.0008611,0.0008638973333333311,-2.7973333333311187e-06
0.00079,0.0007907863333333333,-7.863333333332822e-07
0.0008673,0.0008613963333333333,5.903666666666669e-06
0.0007917,0.0007927626666666646,-1.0626666666646058e-06
0.0008639,0.0008644736666666643,-5.736666666642789e-07
0.0007933,0.0007932786666666682,2.1333333331862228e-08
0.0008686,0.0008654989999999973,3.101000000002639e-06
0.0007971,0.0007936496666666686,3.4503333333314257e-06
0.0008721,0.0008637786666666653,8.32133333333472e-06
0.0007994,0.000795336999999999,4.063000000000981e-06
0.0008783,0.0008609346666666651,1.736533333333498e-05
0.0008014,0.0008005776666666665,8.223333333334153e-07
0.0008795,0.0008781243333333318,1.3756666666681246e-06
0.0008029,0.0007924140000000017,1.0485999999998246e-05
0.0008848,0.0008492910000000009,3.550899999999911e-05
0.000804,0.000790227666666668,1.3772333333332077e-05
0.0008875,0.0008414980000000003,4.600199999999974e-05
0.0008055,0.000791541000000001,1.3958999999999044e-05
0.0008918,0.0008477223333333336,4.407766666666643e-05
0.0008066,0.0008009003333333363,5.699666666663674e-06
0.0008961,0.0008787369999999989,1.736300000000114e-05
0.0008045,0.0008063079999999977,-1.807999999997676e-06
0.0009053,0.0008971913333333348,8.108666666665283e-06
0.0008029,0.0008074016666666674,-4.501666666667471e-06
0.0009065,0.000906437,6.300000000001617e-08
0.0008037,0.0008088550000000007,-5.155000000000719e-06
0.0009054,0.000907094999999999,-1.694999999999041e-06
0.0008082,0.0008164436666666662,-8.243666666666216e-06
0.0009059,0.0009114980000000004,-5.59800000000043e-06
0.0008128,0.0008150473333333357,-2.247333333335686e-06
0.0009086,0.0009125633333333323,-3.963333333332347e-06
0.0008151,0.0008140363333333356,1.0636666666644047e-06
0.000912,0.0009122960000000027,-2.960000000026006e-07
0.0008158,0.0008157586666666674,4.1333333332610814e-08
0.0009191,0.0009189110000000006,1.8899999999939798e-07
0.0008156,0.0008186980000000018,-3.098000000001833e-06
0.0009279,0.0009146443333333354,1.3255666666664575e-05
0.0008185,0.0008225836666666659,-4.083666666665877e-06
0.0009317,0.0009238306666666663,7.869333333333783e-06
0.0008258,0.0008246456666666676,1.1543333333324628e-06
0.0009407,0.0009333876666666652,7.3123333333348795e-06
0.0008265,0.0008327159999999986,-6.215999999998668e-06
0.0009398,0.0009386633333333305,1.1366666666694572e-06
0.0008291,0.000827689,1.4109999999999904e-06
0.0009417,0.0009379236666666638,3.776333333336125e-06
0.0008299,0.0008335149999999991,-3.614999999999131e-06
0.0009418,0.0009378236666666643,3.976333333335696e-06
0.0008341,0.000840203333333334,-6.10333333333395e-06
0.0009488,0.0009362616666666672,1.2538333333332813e-05
0.0008458,0.0008345500000000005,1.1249999999999433e-05
0.000946,0.0009399360000000008,6.063999999999202e-06
0.0008589,0.0008418313333333334,1.7068666666666607e-05
0.0009615,0.0009354793333333333,2.602066666666672e-05
0.0008635,0.0008524586666666657,1.1041333333334288e-05
0.000971,0.0009591623333333353,1.1837666666664691e-05
0.0008658,0.0008562966666666654,9.503333333334574e-06
0.0009859,0.0009578546666666669,2.8045333333333138e-05
0.0008582,0.0008598366666666661,-1.6366666666660541e-06
0.0009902,0.0009635353333333348,2.666466666666526e-05
0.0008609,0.000862857666666667,-1.957666666667097e-06
0.0009941,0.000970565333333336,2.35346666666639e-05
0.0008661,0.0008651919999999981,9.080000000018284e-07
0.000985,0.0009860356666666651,-1.0356666666651564e-06
0.0008751,0.0008697323333333346,5.367666666665385e-06
0.0009831,0.0009799796666666674,3.1203333333326266e-06
0.0008745,0.000878342333333331,-3.842333333331093e-06
0.0009855,0.0009791623333333295,6.337666666670575e-06
0.0008868,0.0008813093333333344,5.490666666665587e-06
0.0009919,0.000985190999999997,6.709000000002961e-06
0.0008911,0.000884759666666665,6.340333333335079e-06
0.0009912,0.000989120666666664,2.0793333333360767e-06
0.0008987,0.0008913366666666681,7.363333333331888e-06
0.0009995,0.0009952026666666654,4.29733333333457e-06
0.0008999,0.0008951686666666684,4.731333333331646e-06
0.001009,0.0009981216666666642,1.0878333333335733e-05
0.0008981,0.0008918173333333353,6.282666666664722e-06
0.001008,0.001003622333333331,4.377666666668988e-06
0.0008872,0.0008968936666666694,-9.693666666669423e-06
0.001014,0.001009253666666666,4.746333333333942e-06
0.0008989,0.0008945126666666692,4.387333333330783e-06
0.001023,0.0010126473333333303,1.0352666666669716e-05
0.0009075,0.0008987193333333351,8.780666666664914e-06
0.001028,0.0010154436666666646,1.2556333333335482e-05
0.0009141,0.00090809966666667,6.000333333330051e-06
0.001035,0.0010242733333333323,1.0726666666667582e-05
0.0009191,0.0009156993333333339,3.400666666666073e-06
0.001043,0.0010320653333333347,1.0934666666665436e-05
0.000919,0.000913139000000003,5.8609999999969815e-06
0.001038,0.0010318359999999987,6.164000000001427e-06
0.0009181,0.0009204726666666681,-2.3726666666681016e-06
0.001041,0.001038634666666666,2.3653333333340746e-06
0.0009255,0.0009253183333333365,1.816666666635278e-07
0.001048,0.0010472133333333336,7.866666666665485e-07
0.000929,0.0009275019999999999,1.4980000000001676e-06
0.001056,0.001043019666666665,1.2980333333335002e-05
0.0009329,0.0009318069999999993,1.0930000000006213e-06
0.001067,0.0010579356666666707,9.064333333329289e-06
0.0009335,0.000933084333333331,4.156666666689469e-07
0.001066,0.001058046666666669,7.953333333331203e-06
0.0009353,0.0009344316666666652,8.683333333347901e-07
0.001062,0.0010553006666666708,6.699333333329239e-06
0.0009398,0.0009403536666666664,-5.536666666664577e-07
0.001062,0.001062124000000004,-1.2400000000390397e-07
0.0009463,0.000943883999999997,2.4160000000029123e-06
0.001066,0.0010591753333333343,6.824666666665775e-06
0.0009516,0.0009461586666666688,5.441333333331224e-06
0.001061,0.0010623103333333344,-1.3103333333342685e-06
0.0009501,0.0009504586666666647,-3.586666666647968e-07
0.001069,0.0010577023333333342,1.1297666666665838e-05
0.0009469,0.0009527020000000013,-5.802000000001365e-06
0.001056,0.0010644809999999967,-8.4809999999966e-06
0.0009523,0.0009608373333333324,-8.537333333332375e-06
0.001061,0.0010568303333333333,4.169666666666797e-06
0.0009607,0.0009723453333333336,-1.1645333333333606e-05
0.001074,0.0010706166666666662,3.3833333333338402e-06
0.0009742,0.0009812446666666674,-7.0446666666673955e-06
0.00109,0.0010822463333333325,7.7536666666675e-06
0.0009878,0.0009777070000000008,1.0092999999999214e-05
0.001097,0.0010876536666666649,9.346333333335247e-06
0.0009866,0.0009839943333333349,2.6056666666651566e-06
0.001104,0.0010912056666666674,1.2794333333332507e-05
0.0009846,0.0009825850000000035,2.01499999999649e-06
0.001103,0.0011012559999999986,1.7440000000014388e-06
0.0009809,0.0009831170000000014,-2.2170000000014053e-06
0.00111,0.001107925666666669,2.074333333331119e-06
0.0009801,0.0009832200000000012,-3.1200000000012034e-06
0.001116,0.001108889,7.110999999999966e-06
0.0009813,0.000984030333333335,-2.7303333333349427e-06
0.001119,0.0011147986666666708,4.201333333329156e-06
0.0009871,0.000986242000000001,8.579999999989811e-07
0.00112,0.0011102920000000008,9.707999999999115e-06
0.0009925,0.0009929730000000031,-4.730000000032191e-07
0.001118,0.0011194933333333323,-1.493333333332271e-06
0.0009985,0.0009942940000000015,4.20599999999857e-06
0.001127,0.001114872000000004,1.2127999999996019e-05
0.0009971,0.0009984400000000058,-1.3400000000059198e-06
0.00112,0.0011164333333333338,3.5666666666660848e-06
0.0009965,0.001002151000000001,-5.6510000000010475e-06
0.001118,0.0011194786666666725,-1.4786666666724568e-06
0.001002,0.0010049223333333352,-2.922333333335147e-06
0.001124,0.0011173236666666712,6.676333333328769e-06
0.001011,0.0010134986666666648,-2.4986666666648814e-06
0.001124,0.0011247933333333373,-7.933333333372955e-07
0.001017,0.0010159040000000013,1.0959999999986085e-06
0.001136,0.0011239073333333379,1.2092666666662201e-05
0.001026,0.0010252156666666664,7.843333333335759e-07
0.001155,0.0011387173333333328,1.6282666666667242e-05
0.001032,0.001023421333333335,8.578666666664986e-06
0.001162,0.0011234030000000002,3.859699999999981e-05
0.001041,0.0010277073333333341,1.3292666666665917e-05
0.001155,0.0011192490000000003,3.5750999999999665e-05
0.001038,0.0010328303333333318,5.169666666668231e-06
0.001144,0.0011349973333333345,9.00266666666559e-06
0.001034,0.0010322426666666653,1.757333333334693e-06
0.001143,0.0011456876666666644,-2.687666666664496e-06
0.001021,0.0010300696666666652,-9.069666666665236e-06
0.001148,0.0011591333333333324,-1.1133333333332484e-05
0.00102,0.0010329009999999973,-1.290099999999724e-05
0.001171,0.0011693333333333308,1.6666666666691286e-06
0.001028,0.001036825666666667,-8.825666666667032e-06
0.001194,0.0011780646666666652,1.59353333333348e-05
0.001045,0.0010361833333333303,8.8166666666696e-06
0.001195,0.0011791633333333286,1.5836666666671495e-05
0.001051,0.0010462799999999993,4.720000000000809e-06
0.001187,0.0011879466666666664,-9.466666666664656e-07
0.001056,0.0010536166666666664,2.3833333333337075e-06
0.00119,0.0011848433333333324,5.156666666667701e-06
0.001057,0.0010582600000000016,-1.2600000000016244e-06
0.001186,0.0011911500000000013,-5.150000000001291e-06
0.001062,0.0010619800000000027,1.999999999727914e-08
0.001196,0.0011954133333333316,5.866666666683867e-07
0.001064,0.0010625276666666665,1.4723333333335666e-06
0.001202,0.0011913366666666664,1.066333333333354e-05
0.001067,0.0010661009999999992,8.990000000008193e-07
0.001208,0.0011930140000000018,1.4985999999998301e-05
0.00107,0.0010695979999999989,4.020000000011254e-07
0.001213,0.0012048866666666616,8.113333333338493e-06
0.001073,0.0010697146666666666,3.2853333333333814e-06
0.001218,0.001200084333333333,1.7915666666666824e-05
0.001079,0.0010744213333333313,4.578666666668792e-06
0.001225,0.001211570000000002,1.342999999999787e-05
0.001081,0.0010777246666666676,3.2753333333323566e-06
0.001234,0.0012148123333333295,1.918766666667059e-05
0.001082,0.001079313333333332,2.6866666666680583e-06
0.001237,0.0012182193333333373,1.878066666666277e-05
0.001085,0.0010925833333333306,-7.583333333330581e-06
0.001245,0.001241666666666668,3.3333333333319688e-06
0.001086,0.0010898613333333348,-3.861333333334861e-06
0.001251,0.0012422159999999956,8.784000000004299e-06
0.001094,0.0010953833333333328,-1.3833333333329242e-06
0.001254,0.0012499699999999978,4.0300000000020875e-06
0.001096,0.0010974499999999987,-1.4499999999987613e-06
0.001258,0.001251639999999995,6.360000000004947e-06
0.001097,0.0011075133333333332,-1.051333333333313e-05
0.001264,0.001266539999999996,-2.5399999999959743e-06
0.001104,0.0011087973333333348,-4.797333333334854e-06
0.001266,0.0012664099999999947,-4.0999999999474616e-07
0.001109,0.0011123413333333353,-3.3413333333353473e-06
0.001272,0.0012673999999999947,4.6000000000052076e-06
0.001116,0.001116354333333335,-3.543333333350454e-07
0.001277,0.0012737966666666652,3.2033333333346924e-06
0.001123,0.001124774333333337,-1.7743333333370206e-06
0.001284,0.0012845766666666628,-5.766666666628083e-07
0.001124,0.0011244319999999986,-4.31999999998562e-07
0.001292,0.0012901633333333364,1.8366666666635653e-06
0.001127,0.0011446026666666693,-1.7602666666669377e-05
0.001302,0.0012962400000000028,5.759999999997234e-06
0.00113,0.0011527533333333352,-2.275333333333525e-05
0.001308,0.001307483333333337,5.166666666629478e-07
0.001132,0.0011454936666666629,-1.3493666666662902e-05
0.001311,0.0013203399999999982,-9.339999999998091e-06
0.001138,0.001151446666666666,-1.3446666666666173e-05
0.001324,0.0013206466666666726,3.353333333327513e-06
0.001142,0.00117249633333333,-3.0496333333329987e-05
0.001329,0.0013294666666666657,-4.6666666666562995e-07
0.001151,0.0011845366666666634,-3.353666666666352e-05
0.001332,0.0013367333333333328,-4.733333333332762e-06
0.001161,0.0011857163333333308,-2.471633333333092e-05
0.001337,0.001340503333333334,-3.503333333333995e-06
0.001167,0.0011813566666666686,-1.4356666666668575e-05
0.001342,0.0013538333333333286,-1.1833333333328543e-05
0.001172,0.0011845199999999992,-1.2519999999999155e-05
0.001351,0.0013638533333333292,-1.2853333333329208e-05
0.001175,0.0011878130000000013,-1.2813000000001275e-05
0.001368,0.0013547999999999976,1.320000000000249e-05
0.001175,0.0011866599999999982,-1.1659999999998191e-05
0.001372,0.0013651733333333302,6.826666666669709e-06
0.001185,0.0011958733333333352,-1.0873333333335112e-05
0.001376,0.001379233333333337,-3.2333333333368994e-06
0.001188,0.0012137633333333306,-2.57633333333306e-05
0.001385,0.0013881033333333322,-3.1033333333322505e-06
0.001191,0.0012196899999999975,-2.868999999999745e-05
0.001396,0.0013991366666666692,-3.136666666669072e-06
0.0012,0.0012130599999999997,-1.3059999999999851e-05
0.001408,0.001400463333333337,7.536666666662891e-06
0.0012,0.0012253200000000013,-2.5320000000001418e-05
0.001415,0.0014159866666666715,-9.866666666714322e-07
0.001219,0.0012320933333333302,-1.3093333333330168e-05
0.001423,0.001421639999999999,1.3600000000010305e-06
0.001239,0.0012402063333333366,-1.2063333333365341e-06
0.001434,0.0014198266666666703,1.4173333333329608e-05
0.001249,0.0012388996666666658,1.0100333333334108e-05
0.001448,0.0014320700000000032,1.59299999999969e-05
0.001252,0.001239312999999998,1.268700000000211e-05
0.001465,0.0014442700000000034,2.0729999999996584e-05
0.001256,0.0012397966666666638,1.62033333333362e-05
0.001479,0.0014610233333333333,1.797666666666681e-05
0.001249,0.0012454766666666682,3.5233333333317077e-06
0.001491,0.001486700000000002,4.299999999997882e-06
0.001259,0.0012314733333333332,2.752666666666669e-05
0.001504,0.0014848566666666695,1.914333333333045e-05
0.001261,0.0012434933333333325,1.7506666666667432e-05
0.001519,0.0015039299999999992,1.5070000000000708e-05
0.001264,0.0012425833333333366,2.1416666666663293e-05
0.001534,0.0015174766666666663,1.652333333333365e-05
0.001268,0.00123123333333333,3.676666666666993e-05
0.00156,0.0015301433333333326,2.985666666666738e-05
0.001279,0.00125435333333333,2.4646666666669915e-05
0.001585,0.0015542533333333356,3.074666666666448e-05
0.001295,0.0012669599999999964,2.804000000000348e-05
0.001608,0.001577173333333334,3.0826666666665956e-05
0.0013,0.0012751566666666647,2.4843333333335197e-05
0.001629,0.0016030166666666647,2.5983333333335365e-05
0.001304,0.0012973533333333353,6.646666666664707e-06
0.001643,0.0016330733333333287,9.926666666671248e-06
0.001315,0.0013223366666666677,-7.336666666667765e-06
0.001669,0.0016845833333333342,-1.5583333333334245e-05
0.001326,0.001336606666666667,-1.0606666666666993e-05
0.001701,0.0017078799999999954,-6.879999999995353e-06
0.001343,0.0013446633333333317,-1.663333333331695e-06
0.001733,0.001724100000000001,8.89999999999897e-06
0.001357,0.001375906666666668,-1.8906666666668008e-05
0.001765,0.0017915000000000025,-2.6500000000002433e-05
0.001369,0.0013847666666666613,-1.5766666666661286e-05
0.001798,0.001814816666666672,-1.681666666667218e-05
0.001378,0.001389919999999998,-1.1919999999997948e-05
0.001823,0.0018355733333333376,-1.2573333333337593e-05
0.001389,0.0014163033333333284,-2.7303333333328393e-05
0.001856,0.0018734000000000073,-1.7400000000007253e-05
0.001395,0.00141945666666666,-2.4456666666659984e-05
0.001877,0.0019142399999999996,-3.723999999999958e-05
0.001407,0.0014469266666666636,-3.992666666666352e-05
0.001905,0.001957946666666671,-5.294666666667098e-05
0.001418,0.0014501733333333342,-3.2173333333334166e-05
0.001938,0.001987263333333336,-4.9263333333336105e-05
0.001437,0.0014479033333333268,-1.090333333332691e-05
0.001985,0.001994993333333328,-9.993333333328195e-06
0.001449,0.0014704600000000035,-2.1460000000003525e-05
0.002026,0.002049270000000002,-2.3270000000001883e-05
0.001481,0.0014917999999999926,-1.0799999999992673e-05
0.002076,0.002092206666666662,-1.6206666666661925e-05
0.001505,0.0015056433333333343,-6.433333333342832e-07
0.002118,0.002111896666666666,6.10333333333395e-06
0.001528,0.0015446233333333296,-1.6623333333329587e-05
0.002158,0.002187096666666669,-2.909666666666864e-05
0.001548,0.0015514166666666567,-3.416666666656784e-06
0.002193,0.0022099200000000024,-1.6920000000002298e-05
0.001557,0.0015595499999999953,-2.5499999999952644e-06
0.002236,0.0022173833333333313,1.8616666666668863e-05
0.001568,0.0015942466666666638,-2.6246666666663882e-05
0.002272,0.002290743333333327,-1.874333333332697e-05
0.001602,0.0015856400000000056,1.6359999999994348e-05
0.00232,0.0022901666666666717,2.983333333332833e-05
0.00163,0.0016187500000000002,1.1249999999999758e-05
0.00237,0.0023303999999999964,3.960000000000378e-05
0.001651,0.001689556666666671,-3.8556666666671006e-05
0.002413,0.0024045166666666618,8.483333333338464e-06
0.001686,0.0019663666666666704,-0.00028036666666667043
0.002448,0.002573203333333328,-0.0001252033333333279
0.00171,0.0019463000000000037,-0.00023630000000000374
0.002485,0.0025808599999999978,-9.585999999999796e-05
0.001734,0.001749859999999999,-1.5859999999998835e-05
0.002519,0.0025036066666666605,1.5393333333339494e-05
0.001763,0.001781860000000004,-1.8860000000004004e-05
0.002554,0.0025569599999999927,-2.9599999999928295e-06
0.001796,0.00178044666666667,1.5553333333330087e-05
0.002594,0.0025671066666666576,2.689333333334232e-05
0.001825,0.001805806666666674,1.9193333333326033e-05
0.002629,0.0025907999999999977,3.820000000000212e-05
0.001871,0.0018173533333333373,5.3646666666662705e-05
0.002661,0.002581853333333327,7.914666666667325e-05
0.001906,0.001871173333333338,3.482666666666193e-05
0.002683,0.0025992366666666646,8.376333333333548e-05
0.001941,0.0018881700000000009,5.2829999999999154e-05
0.002695,0.002623046666666663,7.19533333333371e-05
0.001979,0.0019316633333333391,4.7336666666660714e-05
0.002702,0.0026519266666666687,5.0073333333331294e-05
0.002025,0.001973313333333341,5.168666666665895e-05
0.002703,0.0026418066666666707,6.119333333332944e-05
0.002078,0.0020224333333333385,5.5566666666661494e-05
0.002704,0.002677846666666672,2.6153333333327634e-05
0.002128,0.0020883100000000034,3.968999999999674e-05
0.002712,0.002685103333333336,2.6896666666663925e-05
0.002173,0.0020917833333333395,8.121666666666052e-05
0.002713,0.0026654666666666754,4.7533333333324695e-05
0.002223,0.0021160766666666656,0.00010692333333333455
0.00271,0.002653786666666665,5.621333333333516e-05
0.002277,0.002166066666666669,0.00011093333333333111
0.002708,0.0026595299999999968,4.8470000000003146e-05
0.002327,0.002267403333333325,5.959666666667529e-05
0.002706,0.002695293333333342,1.070666666665816e-05
0.002375,0.0023630866666666628,1.1913333333337175e-05
0.002707,0.0026984533333333266,8.54666666667359e-06
0.002416,0.0023942200000000038,2.177999999999642e-05
0.002717,0.0026824933333333342,3.450666666666557e-05
0.002464,0.0024757999999999976,-1.1799999999997576e-05
0.002725,0.002696346666666661,2.8653333333338808e-05
0.002517,0.002477756666666671,3.924333333332926e-05
0.002725,0.002695803333333325,2.9196666666674986e-05
0.002575,0.0024999266666666637,7.507333333333635e-05
0.002734,0.0026835833333333265,5.041666666667343e-05
0.002625,0.0025523799999999986,7.262000000000154e-05
0.002731,0.002688360000000002,4.263999999999787e-05
0.002665,0.002566646666666667,9.835333333333297e-05
0.002739,0.0026148366666666673,0.00012416333333333278
0.00269,0.0025760933333333334,0.00011390666666666674
0.002744,0.002580676666666664,0.0001633233333333357
0.002744,0.0027094333333333386,3.456666666666131e-05
0.002751,0.0026964133333333288,5.458666666667122e-05
0.002785,0.002715779999999999,6.922000000000135e-05
0.002756,0.002710909999999996,4.509000000000414e-05
0.002797,0.002754680000000002,4.2319999999998036e-05
0.002769,0.002743019999999994,2.5980000000006172e-05
0.002807,0.0027448533333333403,6.214666666665971e-05
0.002768,0.0027463966666666684,2.160333333333167e-05
0.002807,0.0027715300000000008,3.546999999999925e-05
0.002779,0.0027951600000000005,-1.616000000000074e-05
0.002804,0.002741756666666666,6.224333333333405e-05
0.002789,0.002738329999999994,5.067000000000569e-05
0.002837,0.002795333333333329,4.1666666666671185e-05
0.002806,0.002799266666666676,6.733333333323703e-06
0.002844,0.0027927066666666714,5.129333333332882e-05
0.002828,0.002808986666666668,1.9013333333331873e-05
0.002824,0.002802613333333333,2.1386666666667158e-05
0.002847,0.002832540000000003,1.4459999999996958e-05
0.002811,0.002795719999999996,1.528000000000423e-05
0.002857,0.0028341966666666774,2.280333333332281e-05
0.002806,0.0028094533333333335,-3.4533333333336413e-06
0.002858,0.0028478866666666693,1.0113333333330518e-05
0.002812,0.002829016666666662,-1.701666666666232e-05
0.002859,0.0028639033333333376,-4.903333333337607e-06
0.002841,0.0028377199999999993,3.2800000000009037e-06
0.002865,0.0028796466666666637,-1.4646666666663817e-05
0.002856,0.0028270133333333303,2.8986666666669728e-05
0.002892,0.0028899866666666635,2.0133333333365554e-06
0.002862,0.0028220733333333315,3.992666666666851e-05
0.002915,0.002890136666666661,2.4863333333339198e-05
0.002857,0.002827113333333332,2.9886666666668286e-05
0.002944,0.0028947233333333406,4.9276666666659384e-05
0.002852,0.0028255733333333376,2.642666666666238e-05
0.002959,0.002898693333333321,6.030666666667888e-05
0.002846,0.002813456666666665,3.254333333333522e-05
0.002957,0.002886306666666671,7.069333333332897e-05
0.00285,0.0027858966666666667,6.410333333333341e-05
0.002957,0.0028627566666666643,9.424333333333569e-05
0.002863,0.0027232966666666703,0.00013970333333332982
0.002965,0.002775076666666662,0.0001899233333333382
0.002876,0.002719153333333335,0.000156846666666665
0.00296,0.002778433333333337,0.00018156666666666304
0.002885,0.0027134000000000004,0.00017159999999999962
0.002963,0.002783696666666664,0.00017930333333333577
0.002893,0.002730323333333342,0.00016267666666665813
0.00297,0.0027822700000000007,0.00018772999999999923
0.0029,0.002649756666666663,0.0002502433333333369
0.002964,0.002716029999999993,0.0002479700000000071
0.002902,0.002643173333333336,0.0002588266666666639
0.002949,0.0026819433333333375,0.0002670566666666623
0.002919,0.0025472066666666618,0.0003717933333333384
0.002931,0.0025702166666666704,0.0003607833333333296
0.002933,0.002449186666666667,0.00048381333333333276
0.002899,0.0024585133333333343,0.0004404866666666658
0.002946,0.002461926666666668,0.00048407333333333165
0.002865,0.0024520066666666672,0.0004129933333333327
0.002959,0.00254229666666667,0.0004167033333333297
0.002844,0.002495460000000001,0.0003485399999999992
0.002961,0.002660693333333339,0.0003003066666666613
0.002825,0.002557506666666667,0.0002674933333333329
0.002997,0.0027552099999999993,0.00024179000000000084
0.002789,0.0026239799999999936,0.00016502000000000617
0.003035,0.002608326666666674,0.00042667333333332603
0.002764,0.0025208866666666667,0.00024311333333333325
0.00306,0.002602660000000003,0.0004573399999999966
0.002728,0.0024890333333333313,0.00023896666666666866
0.003066,0.0027341099999999997,0.0003318900000000005
0.002683,0.0025205033333333257,0.00016249666666667438
0.003064,0.0028959100000000024,0.00016808999999999748
0.00264,0.0024270666666666696,0.00021293333333333034
0.003044,0.002947750000000003,9.624999999999695e-05
0.002585,0.0023945800000000086,0.0001904199999999915
0.003062,0.0030463366666666704,1.566333333332965e-05
0.002519,0.0024900399999999985,2.8960000000001485e-05
0.003069,0.0030466600000000088,2.233999999999136e-05
0.002453,0.002436320000000007,1.667999999999288e-05
0.00307,0.0030508466666666627,1.9153333333337113e-05
0.00239,0.0023480433333333416,4.195666666665862e-05
0.003073,0.003058436666666684,1.4563333333316233e-05
0.002321,0.0022927866666666713,2.8213333333328844e-05
0.003079,0.0030563933333333385,2.2606666666661647e-05
0.00226,0.0022343733333333392,2.5626666666660625e-05
0.003067,0.0030509766666666858,1.6023333333314068e-05
0.002197,0.002171720000000002,2.5279999999998186e-05
0.003058,0.0030275700000000137,3.042999999998625e-05
0.002135,0.002046646666666664,8.835333333333598e-05
0.003043,0.0030007600000000116,4.223999999998854e-05
0.002068,0.0019964566666666635,7.15433333333365e-05
0.00302,0.0030049966666666774,1.5003333333322728e-05
0.002006,0.001970739999999999,3.526000000000093e-05
0.003009,0.0029599233333333368,4.9076666666663174e-05
0.001937,0.0018697433333333283,6.725666666667165e-05
0.002992,0.002928626666666678,6.33733333333217e-05
0.001868,0.0018064500000000044,6.154999999999572e-05
0.002963,0.002890163333333327,7.283666666667299e-05
0.001804,0.001749003333333331,5.4996666666669e-05
0.002922,0.0028771000000000096,4.489999999999052e-05
0.001751,0.0017406100000000014,1.0389999999998577e-05
0.002875,0.002803743333333337,7.125666666666286e-05
0.00171,0.0016722766666666645,3.7723333333335466e-05
0.00283,0.0028247266666666555,5.273333333344517e-06
0.001677,0.0016767666666666662,2.3333333333389918e-07
0.00279,0.002767600000000005,2.2399999999994907e-05
0.001645,0.0016296633333333318,1.5336666666668176e-05
0.002746,0.0027496733333333234,-3.6733333333232275e-06
0.001603,0.0016120099999999984,-9.009999999998316e-06
0.002701,0.0027032266666666698,-2.226666666669923e-06
0.001559,0.001576590000000006,-1.7590000000005908e-05
0.002637,0.0026284133333333358,8.586666666664244e-06
0.00152,0.0015316166666666652,-1.1616666666665115e-05
0.002568,0.0025685633333333326,-5.633333333325899e-07
0.00149,0.0015060166666666726,-1.6016666666672594e-05
0.002502,0.00244745,5.455e-05
0.001458,0.0014633333333333343,-5.333333333334186e-06
0.002416,0.002360956666666666,5.5043333333334304e-05
0.001439,0.0014344533333333377,4.546666666662216e-06
0.002331,0.002309783333333324,2.1216666666675973e-05
0.001414,0.001423976666666668,-9.976666666668133e-06
0.002254,0.0023314166666666657,-7.741666666666574e-05
0.001397,0.0014542033333333397,-5.720333333333969e-05
0.002186,0.0022571366666666657,-7.113666666666574e-05
0.001379,0.0014442100000000011,-6.521000000000109e-05
0.002126,0.0021569200000000083,-3.092000000000849e-05
0.001357,0.0013722133333333357,-1.5213333333335792e-05
0.002074,0.0020940599999999952,-2.005999999999536e-05
0.001332,0.0013512399999999996,-1.923999999999958e-05
0.002003,0.002022296666666671,-1.9296666666670896e-05
0.001321,0.001324803333333333,-3.8033333333330806e-06
0.001934,0.0019827233333333284,-4.872333333332847e-05
0.001303,0.0013289266666666692,-2.5926666666669252e-05
0.00187,0.001899499999999994,-2.9499999999994158e-05
0.001292,0.0013002533333333344,-8.253333333334409e-06
0.001808,0.0018464299999999994,-3.8429999999999454e-05
0.001284,0.001297163333333334,-1.3163333333334089e-05
0.001747,0.0017533766666666616,-6.37666666666154e-06
0.00126,0.001270673333333338,-1.0673333333338034e-05
0.001693,0.0017006133333333302,-7.613333333330186e-06
0.001246,0.0012514633333333318,-5.463333333331896e-06
0.001644,0.0016483933333333368,-4.3933333333367325e-06
0.001224,0.0012339866666666644,-9.986666666664387e-06
0.001599,0.0016141433333333316,-1.5143333333331654e-05
0.001208,0.0012662933333333368,-5.829333333333669e-05
0.001556,0.001551676666666673,4.3233333333271735e-06
0.001201,0.001209119999999996,-8.119999999996012e-06
0.00152,0.001492540000000005,2.7459999999994997e-05
0.0012,0.0011888729999999978,1.112700000000205e-05
0.001481,0.0014702300000000057,1.0769999999994152e-05
0.001187,0.0011867666666666638,2.3333333333606758e-07
0.001448,0.0014198800000000049,2.8119999999995197e-05
0.001186,0.0011740466666666637,1.1953333333336287e-05
0.001423,0.0014075266666666723,1.5473333333327743e-05
0.001175,0.0011717333333333317,3.2666666666683e-06
0.0014,0.0013882266666666657,1.177333333333432e-05
0.001169,0.0011694516666666697,-4.51666666669839e-07
0.001372,0.001364853333333338,7.146666666661954e-06
0.001161,0.00116176,-7.600000000000402e-07
0.00135,0.001338156666666665,1.1843333333334989e-05
0.001155,0.0011522750000000034,2.7249999999966103e-06
0.00133,0.0013230933333333358,6.906666666664247e-06
0.001143,0.0011472866666666656,-4.286666666665712e-06
0.001307,0.00129252966666666,1.4470333333340031e-05
0.001144,0.0011251696666666675,1.883033333333257e-05
0.001291,0.001282635999999996,8.364000000003974e-06
0.001126,0.0011189106666666664,7.089333333333645e-06
0.001279,0.0012671166666666644,1.1883333333335619e-05
0.001112,0.0011093199999999987,2.6800000000012144e-06
0.001265,0.001252256666666663,1.2743333333337017e-05
0.001102,0.001105826666666669,-3.826666666669094e-06
0.001245,0.0012366079999999982,8.392000000001813e-06
0.001103,0.0010921179999999972,1.0882000000002855e-05
0.00123,0.0012126133333333303,1.7386666666669662e-05
0.001106,0.0010851699999999962,2.0830000000003797e-05
0.001209,0.0012035666666666645,5.4333333333355435e-06
0.001107,0.0010793433333333299,2.7656666666670037e-05
0.001202,0.001203979999999999,-1.979999999999083e-06
0.001086,0.001080463333333331,5.536666666668914e-06
0.001204,0.001201390000000003,2.6099999999970765e-06
0.001073,0.0010709700000000025,2.029999999997485e-06
0.001205,0.001184895999999999,2.0104000000000823e-05
0.00106,0.001058632,1.3679999999998554e-06
0.001191,0.0011791943333333364,1.1805666666663646e-05
0.001056,0.0010646770000000002,-8.67700000000012e-06
0.001179,0.0011545466666666663,2.445333333333361e-05
0.001068,0.0010698866666666636,-1.886666666663702e-06
0.001158,0.001149401000000001,8.598999999998892e-06
0.00107,0.0010649033333333304,5.096666666669575e-06
0.001147,0.0011488633333333299,-1.8633333333298568e-06
0.001069,0.001066293333333332,2.7066666666681564e-06
0.001142,0.0011414099999999961,5.900000000038687e-07
0.001071,0.001059856666666664,1.1143333333335894e-05
0.001138,0.001128839333333329,9.160666666670897e-06
0.001054,0.001045960333333333,8.039666666667016e-06
0.001127,0.0011249999999999969,2.0000000000030844e-06
0.00104,0.0010413766666666647,-1.3766666666647793e-06
0.001117,0.0011137666666666654,3.233333333334514e-06
0.001034,0.0010306113333333315,3.3886666666684863e-06
0.001112,0.001106576666666665,5.423333333334952e-06
0.00103,0.0010229686666666635,7.031333333336635e-06
0.001108,0.0010923166666666675,1.5683333333332567e-05
0.001021,0.0010159639999999979,5.036000000002098e-06
0.00109,0.0010852433333333352,4.756666666664872e-06
0.001013,0.0010100996666666641,2.9003333333358847e-06
0.00108,0.0010876966666666648,-7.69666666666476e-06
0.001007,0.001012069666666661,-5.0696666666610185e-06
0.001067,0.0010767633333333346,-9.763333333334548e-06
0.001001,0.0010081689999999973,-7.16899999999741e-06
0.001068,0.0010646130000000046,3.3869999999953243e-06
0.0009938,0.001003588666666667,-9.788666666667124e-06
0.001068,0.001067690333333336,3.096666666639169e-07
0.001009,0.0009937603333333347,1.523966666666524e-05
0.00107,0.0010571490000000035,1.2850999999996452e-05
0.0009926,0.000997922000000002,-5.322000000002047e-06
0.001049,0.0010469530000000028,2.0469999999972108e-06
0.0009893,0.000989701000000003,-4.010000000029528e-07
0.001035,0.0010362499999999981,-1.2499999999982143e-06
0.0009879,0.0009842809999999977,3.6190000000024466e-06
0.00103,0.0010305723333333349,-5.723333333347916e-07
0.0009842,0.000982004333333336,2.1956666666639053e-06
0.001027,0.0010223063333333331,4.693666666666808e-06
0.0009756,0.0009763196666666681,-7.196666666680956e-07
0.001022,0.0010223893333333315,-3.8933333333158494e-07
0.0009846,0.0009674046666666667,1.719533333333328e-05
0.001021,0.0010255473333333322,-4.547333333332218e-06
0.000964,0.0009705823333333363,-6.5823333333362875e-06
0.001025,0.0010252896666666637,-2.89666666663602e-07
0.0009675,0.000966478666666667,1.0213333333330792e-06
0.001028,0.0010276600000000016,3.399999999984145e-07
0.0009684,0.0009610203333333335,7.37966666666649e-06
0.001031,0.0010197646666666664,1.1235333333333656e-05
0.0009594,0.0009561559999999987,3.2440000000013127e-06
0.00102,0.001014584666666671,5.415333333328972e-06
0.0009515,0.000945754333333332,5.745666666667976e-06
0.001012,0.0010097896666666662,2.210333333333911e-06
0.0009418,0.0009428213333333315,-1.0213333333314529e-06
0.000998,0.001001902333333334,-3.902333333334097e-06
0.0009313,0.0009363866666666645,-5.08666666666443e-06
0.0009986,0.0009887080000000005,9.891999999999627e-06
0.0009315,0.0009347746666666649,-3.274666666664848e-06
0.0009942,0.0009855796666666673,8.620333333332706e-06
0.0009426,0.000939797666666665,2.802333333334992e-06
0.0009879,0.0009816543333333323,6.2456666666678255e-06
0.0009484,0.0009368246666666669,1.1575333333333046e-05
0.0009837,0.0009722276666666653,1.1472333333334569e-05
0.0009449,0.0009309739999999972,1.3926000000002861e-05
0.0009802,0.0009685643333333338,1.1635666666666281e-05
0.000934,0.0009140593333333321,1.9940666666667917e-05
0.0009749,0.0009686599999999996,6.240000000000455e-06
0.000913,0.0009082183333333318,4.781666666668193e-06
0.000973,0.0009626536666666668,1.0346333333333211e-05
0.0009022,0.0008989133333333304,3.2866666666695908e-06
0.0009699,0.0009573036666666664,1.2596333333333618e-05
0.0008955,0.000898356,-2.855999999999974e-06
0.0009682,0.0009621440000000005,6.05599999999951e-06
0.0009035,0.000906153999999999,-2.653999999998962e-06
0.0009653,0.0009560729999999991,9.227000000000866e-06
0.0009085,0.0009129529999999967,-4.452999999996713e-06
0.0009586,0.0009522343333333368,6.36566666666321e-06
0.0009205,0.0009129936666666643,7.506333333335657e-06
0.000954,0.0009496923333333325,4.307666666667452e-06
0.0009168,0.0009148019999999955,1.9980000000044624e-06
0.0009512,0.0009415296666666665,9.670333333333518e-06
0.0009233,0.0009119486666666613,1.1351333333338735e-05
0.0009414,0.0009371613333333353,4.238666666664739e-06
0.0009146,0.0009082216666666629,6.378333333337087e-06
0.0009369,0.0009392016666666693,-2.301666666669369e-06
0.000905,0.0009092513333333296,-4.251333333329618e-06
0.0009333,0.000935847333333338,-2.5473333333380244e-06
0.0009098,0.0009056736666666649,4.126333333335131e-06
0.0009348,0.0009318870000000003,2.912999999999679e-06
0.0009092,0.0009021643333333322,7.035666666667796e-06
0.0009313,0.0009325726666666704,-1.272666666670406e-06
0.0008996,0.0008991573333333316,4.4266666666839625e-07
0.0009317,0.0009266213333333369,5.078666666663112e-06
0.0008937,0.0008885086666666635,5.191333333336504e-06
0.0009231,0.0009300366666666673,-6.936666666667213e-06
0.0008857,0.0008907816666666656,-5.081666666665544e-06
0.0009198,0.0009244276666666688,-4.627666666668804e-06
0.0008716,0.0008841726666666675,-1.2572666666667482e-05
0.0009193,0.0009208086666666693,-1.5086666666693513e-06
0.0008779,0.0008811586666666682,-3.258666666668174e-06
0.0009211,0.0009148376666666691,6.262333333330924e-06
0.0008806,0.0008774083333333301,3.191666666669938e-06
0.0009124,0.000913857333333335,-1.4573333333350652e-06
0.0008792,0.000876616333333334,2.583666666666003e-06
0.000908,0.000912278333333334,-4.278333333334054e-06
0.0008753,0.0008741479999999996,1.1520000000003576e-06
0.000901,0.000907452333333333,-6.452333333333048e-06
0.0008703,0.0008693280000000002,9.719999999998003e-07
0.0008995,0.000902897333333335,-3.3973333333350364e-06
0.0008648,0.0008691626666666639,-4.362666666663873e-06
0.0008975,0.0009010940000000009,-3.594000000000969e-06
0.0008614,0.000865062333333332,-3.6623333333319448e-06
0.0008966,0.000898115333333332,-1.5153333333319668e-06
0.000862,0.0008630810000000011,-1.0810000000010828e-06
0.0008996,0.0008949536666666665,4.646333333333452e-06
0.0008637,0.0008612506666666682,2.4493333333318193e-06
0.0008915,0.0008805733333333369,1.0926666666663141e-05
0.0008645,0.0008591889999999991,5.311000000000898e-06
0.0008788,0.0008805926666666666,-1.7926666666665588e-06
0.0008609,0.0008610806666666637,-1.806666666637289e-07
0.0008709,0.0008725280000000011,-1.6280000000011303e-06
0.0008597,0.0008593466666666643,3.533333333356802e-07
0.0008657,0.0008718866666666662,-6.186666666666246e-06
0.0008587,0.0008588233333333349,-1.233333333348777e-07
0.0008705,0.0008738826666666664,-3.3826666666664403e-06
0.0008583,0.0008582479999999973,5.2000000002661896e-08
0.0008831,0.0008740789999999974,9.02100000000261e-06
0.0008571,0.0008566710000000031,4.2899999999688847e-07
0.0008809,0.0008769543333333342,3.945666666665764e-06
0.0008573,0.0008550400000000011,2.2599999999988298e-06
0.0008758,0.0008761436666666669,-3.4366666666683747e-07
0.0008565,0.0008487633333333368,7.736666666663112e-06
0.0008737,0.0008659219999999999,7.778000000000168e-06
0.000844,0.0008407120000000008,3.2879999999991865e-06
0.0008695,0.0008618493333333327,7.650666666667396e-06
0.0008358,0.0008300270000000035,5.772999999996572e-06
0.0008666,0.0008631029999999997,3.497000000000309e-06
0.0008264,0.000832105000000001,-5.705000000000922e-06
0.0008601,0.0008586379999999994,1.462000000000685e-06
0.0008257,0.0008309713333333326,-5.2713333333326675e-06
0.0008525,0.000853723333333332,-1.2233333333320313e-06
0.0008384,0.0008285773333333349,9.822666666665057e-06
0.0008499,0.0008335866666666683,1.6313333333331753e-05
0.0008412,0.0008160619999999988,2.5138000000001154e-05
0.0008501,0.0008348323333333347,1.5267666666665355e-05
0.0008322,0.0008148469999999986,1.735300000000131e-05
0.000855,0.0008369280000000007,1.8071999999999294e-05
0.0008247,0.0008126036666666658,1.2096333333334202e-05
0.0008592,0.0008533703333333307,5.829666666669299e-06
0.0008176,0.000824747999999999,-7.147999999998923e-06
0.0008559,0.0008408070000000019,1.5092999999998143e-05
0.000819,0.0008131270000000021,5.872999999997821e-06
0.0008536,0.0008525336666666646,1.066333333335414e-06
0.0008235,0.0008250369999999977,-1.5369999999976375e-06
0.0008532,0.0008502966666666662,2.903333333333872e-06
0.00083,0.0008258150000000009,4.184999999999107e-06
0.000853,0.0008372753333333316,1.572466666666843e-05
0.0008366,0.0008156870000000015,2.091299999999849e-05
0.000854,0.0008437493333333338,1.0250666666666267e-05
0.0008266,0.0008151033333333342,1.1496666666665828e-05
0.0008564,0.0008479003333333313,8.49966666666873e-06
0.0008149,0.0008141550000000021,7.449999999979608e-07
0.0008504,0.0008434950000000012,6.904999999998783e-06
0.0008032,0.0008048973333333327,-1.697333333332664e-06
0.0008466,0.0008447276666666674,1.8723333333326006e-06
0.0007962,0.0008056020000000015,-9.402000000001561e-06
0.0008465,0.0008361409999999988,1.0359000000001234e-05
0.0008067,0.0008106300000000025,-3.9300000000024645e-06
0.0008414,0.000842464333333333,-1.0643333333329973e-06
0.000816,0.0008082243333333295,7.775666666670449e-06
0.0008387,0.000836938666666668,1.761333333331937e-06
0.0008143,0.0008085056666666697,5.794333333330277e-06
0.000839,0.000828962999999999,1.0037000000001042e-05
0.0008103,0.0008058369999999971,4.463000000002942e-06
0.0008354,0.0008270336666666688,8.3663333333312e-06
0.0008085,0.0008038756666666667,4.624333333333322e-06
0.0008342,0.0008275526666666679,6.647333333332107e-06
0.0008085,0.0008052543333333347,3.245666666665259e-06
0.000835,0.000822852666666668,1.214733333333197e-05
0.0008103,0.0008011986666666643,9.101333333335726e-06
0.0008283,0.0008299693333333327,-1.6693333333326569e-06
0.0008057,0.0008055500000000036,1.4999999999639867e-07
0.0008299,0.0008285046666666658,1.3953333333341974e-06
0.0008033,0.0008061096666666678,-2.8096666666678266e-06
0.0008288,0.0008286003333333336,1.996666666664133e-07
0.0008061,0.0008054603333333364,6.396666666635834e-07
0.0008283,0.0008259189999999966,2.3810000000034455e-06
0.0008072,0.0008028783333333362,4.321666666663769e-06
0.0008264,0.0008213703333333302,5.029666666669821e-06
0.0008061,0.000798690666666669,7.409333333330986e-06
0.0008213,0.0008165903333333334,4.7096666666665175e-06
0.0007985,0.0007947526666666681,3.7473333333318736e-06
0.0008142,0.0008064883333333315,7.711666666668465e-06
0.0007878,0.0007833123333333357,4.487666666664215e-06
0.0008114,0.000807627333333333,3.772666666666943e-06
0.0007783,0.0007850843333333322,-6.784333333332204e-06
0.0008092,0.0008002653333333314,8.93466666666864e-06
0.0007853,0.0007777526666666691,7.547333333330882e-06
0.000806,0.0007984443333333339,7.555666666666117e-06
0.0007856,0.0007837016666666682,1.8983333333318173e-06
0.000803,0.0007992656666666683,3.734333333331669e-06
0.0007894,0.0007887266666666678,6.733333333321535e-07
0.0007995,0.000800927,-1.4270000000000255e-06
0.0007906,0.0007903986666666635,2.0133333333653951e-07
0.0007966,0.0007977706666666679,-1.1706666666679326e-06
0.0007931,0.0007898073333333324,3.2926666666676253e-06
0.0007982,0.000795231333333336,2.9686666666640417e-06
0.0007911,0.0007893046666666653,1.7953333333346408e-06
0.0008015,0.0007936786666666699,7.8213333333301e-06
0.000794,0.0007864163333333318,7.583666666668184e-06
0.0008021,0.000791173000000004,1.0926999999996082e-05
0.0007872,0.0007818623333333316,5.337666666668491e-06
0.0007987,0.0007852376666666657,1.3462333333334243e-05
0.0007837,0.0007807543333333317,2.9456666666683416e-06
0.0007907,0.0007901453333333337,5.546666666662566e-07
0.0007833,0.000784939,-1.6390000000000024e-06
0.0007843,0.0007861420000000001,-1.8420000000000545e-06
0.0007868,0.0007839276666666658,2.872333333334251e-06
0.0007834,0.0007860860000000003,-2.686000000000333e-06
0.0007861,0.0007846753333333332,1.4246666666667277e-06
0.0007839,0.0007853340000000021,-1.4340000000020873e-06
0.0007827,0.000783971666666666,-1.2716666666660534e-06
0.0007881,0.000784622666666669,3.4773333333309835e-06
0.0007836,0.0007850423333333364,-1.4423333333364553e-06
0.000788,0.000784179000000001,3.8209999999990136e-06
0.0007881,0.0007900610000000003,-1.961000000000302e-06
0.0007865,0.0007822470000000019,4.252999999998118e-06
0.0007965,0.000791600666666666,4.899333333333966e-06
0.0007812,0.0007841156666666641,-2.9156666666640746e-06
0.0007961,0.0007928343333333358,3.2656666666641644e-06
0.0007785,0.000779258333333334,-7.583333333340339e-07
0.0007875,0.0007897326666666648,-2.232666666664813e-06
0.0007748,0.0007757819999999963,-9.819999999963799e-07
0.0007805,0.0007863203333333329,-5.820333333332855e-06
0.0007708,0.0007734136666666653,-2.6136666666652826e-06
0.0007812,0.0007814659999999976,-2.659999999975746e-07
0.0007695,0.0007712363333333336,-1.7363333333336034e-06
0.0007795,0.0007796926666666657,-1.9266666666565256e-07
0.0007715,0.0007715830000000016,-8.30000000015237e-08
0.0007798,0.0007804569999999976,-6.569999999976595e-07
0.0007699,0.0007720113333333344,-2.111333333334412e-06
0.0007699,0.0007778643333333298,-7.96433333332975e-06
0.0007725,0.0007715923333333336,9.076666666663936e-07
0.0007707,0.000776890999999997,-6.190999999996973e-06
0.0007741,0.0007721680000000012,1.931999999998761e-06
0.0007766,0.0007780166666666659,-1.4166666666658428e-06
0.0007743,0.0007735426666666641,7.573333333358613e-07
0.0007824,0.0007836923333333354,-1.2923333333353946e-06
0.0007747,0.0007729630000000008,1.7369999999992686e-06
0.0007871,0.0007807583333333309,6.34166666666912e-06
0.0007709,0.0007728459999999988,-1.9459999999987647e-06
0.0007798,0.0007848376666666688,-5.037666666668863e-06
0.0007679,0.0007710466666666658,-3.1466666666658686e-06
0.0007725,0.0007819633333333353,-9.463333333335354e-06
0.0007679,0.0007692809999999983,-1.3809999999983254e-06
0.0007782,0.0007763596666666678,1.8403333333322051e-06
0.0007704,0.0007688636666666631,1.5363333333368511e-06
0.0007806,0.000781065333333336,-4.653333333360342e-07
0.0007729,0.0007747376666666667,-1.8376666666667252e-06
0.0007974,0.0007876983333333335,9.701666666666513e-06
0.0007822,0.0007816736666666651,5.263333333349347e-07
0.000815,0.0007998673333333359,1.5132666666664097e-05
0.0007869,0.0007825093333333329,4.390666666667133e-06
0.00081,0.0008035443333333357,6.4556666666643015e-06
0.0007855,0.0007828363333333358,2.6636666666641183e-06
0.0008002,0.0008004470000000017,-2.4700000000161225e-07
0.0007845,0.0007808020000000027,3.6979999999972937e-06
0.0007889,0.0007949996666666674,-6.09966666666737e-06
0.0007782,0.000782748333333332,-4.548333333331909e-06
0.0007709,0.0007960176666666689,-2.5117666666668874e-05
0.0007675,0.0007831460000000021,-1.5646000000002188e-05
0.0007769,0.0007945833333333342,-1.7683333333334242e-05
0.0007762,0.0007852730000000014,-9.073000000001368e-06
0.0007848,0.0008059403333333365,-2.1140333333336523e-05
0.0007833,0.0007857110000000018,-2.4110000000017494e-06
0.0007958,0.0008075346666666707,-1.1734666666670659e-05
0.0007861,0.0007808816666666645,5.218333333335519e-06
0.0008064,0.0008111866666666672,-4.786666666667188e-06
0.0007883,0.0007820549999999976,6.245000000002377e-06
0.0008063,0.0008160040000000002,-9.704000000000136e-06
0.0007844,0.000782223999999998,2.1760000000019524e-06
0.0008221,0.0007992693333333371,2.2830666666662897e-05
0.0007781,0.0007847269999999978,-6.626999999997767e-06
0.0008332,0.0008240116666666667,9.188333333333301e-06
0.0007818,0.0007836303333333308,-1.8303333333307466e-06
0.0008342,0.0008300930000000019,4.106999999998096e-06
0.0007825,0.0007843213333333323,-1.8213333333323397e-06
0.0008333,0.0008321110000000023,1.1889999999976876e-06
0.0007835,0.0007853729999999981,-1.872999999998049e-06
0.0008309,0.0008293083333333361,1.5916666666638277e-06
0.0007845,0.0007861073333333338,-1.6073333333337407e-06
0.0008187,0.0008324686666666634,-1.3768666666663437e-05
0.0007879,0.0007910046666666652,-3.1046666666652073e-06
0.0008297,0.000838509000000003,-8.809000000003066e-06
0.0007908,0.0007965006666666671,-5.700666666667051e-06
0.0008329,0.0008481876666666692,-1.528766666666914e-05
0.0007955,0.0007981040000000009,-2.604000000000885e-06
0.000838,0.0008533843333333328,-1.5384333333332847e-05
0.0007958,0.000799099333333335,-3.299333333334903e-06
0.000839,0.0008515923333333327,-1.2592333333332688e-05
0.0007976,0.0007970096666666711,5.90333333328895e-07
0.0008443,0.0008432126666666689,1.0873333333310826e-06
0.0007989,0.0007989913333333356,-9.13333333356749e-08
0.0008546,0.0008468773333333306,7.722666666669397e-06
0.0007993,0.0008003233333333303,-1.0233333333302917e-06
0.0008499,0.0008470193333333342,2.8806666666658003e-06
0.0008019,0.0008019270000000012,-2.7000000001184063e-08
0.0008404,0.0008523166666666634,-1.1916666666663333e-05
0.0008029,0.0008042446666666671,-1.3446666666672028e-06
0.0008465,0.000850526,-4.0259999999999645e-06
0.0008021,0.000805241333333332,-3.1413333333319814e-06
0.0008447,0.000850543000000001,-5.843000000001035e-06
0.0008051,0.0008087736666666643,-3.6736666666643e-06
0.0008468,0.000863227000000001,-1.642700000000104e-05
0.0008077,0.0008098459999999994,-2.14599999999942e-06
0.000862,0.000855689333333336,6.3106666666640785e-06
0.0008113,0.0008132913333333315,-1.9913333333314385e-06
0.0008585,0.0008661393333333337,-7.63933333333374e-06
0.0008166,0.0008158913333333288,7.08666666671175e-07
0.0008629,0.0008682366666666674,-5.336666666667391e-06
0.0008143,0.0008211429999999986,-6.8429999999985655e-06
0.0008666,0.000881499333333333,-1.4899333333333016e-05
0.0008123,0.0008194536666666653,-7.153666666665317e-06
0.0008744,0.0008834610000000013,-9.061000000001288e-06
0.0008149,0.0008221879999999962,-7.28799999999614e-06
0.0008807,0.0008905746666666638,-9.874666666663816e-06
0.0008172,0.0008317270000000007,-1.4527000000000723e-05
0.0008897,0.0008995326666666688,-9.832666666668793e-06
0.0008288,0.0008378150000000014,-9.01500000000143e-06
0.0008893,0.0009077043333333345,-1.8404333333334535e-05
0.0008377,0.0008450033333333343,-7.303333333334304e-06
0.0009025,0.0009151246666666649,-1.262466666666494e-05
0.000838,0.0008519459999999984,-1.3945999999998406e-05
0.0009002,0.0009292586666666633,-2.9058666666663272e-05
0.0008355,0.0008495590000000031,-1.4059000000003112e-05
0.0009107,0.0009300516666666641,-1.9351666666664173e-05
0.000836,0.0008497550000000003,-1.3755000000000277e-05
0.0009185,0.0009394953333333327,-2.0995333333332614e-05
0.0008342,0.0008516666666666693,-1.7466666666669296e-05
0.0009249,0.000942109666666666,-1.7209666666666008e-05
0.0008362,0.0008490896666666653,-1.288966666666521e-05
0.0009279,0.000942314000000001,-1.4414000000001004e-05
0.0008395,0.0008510440000000006,-1.1544000000000593e-05
0.0009337,0.0009434333333333322,-9.733333333332233e-06
0.0008433,0.0008675106666666654,-2.4210666666665435e-05
0.0009329,0.0009608456666666671,-2.7945666666667106e-05
0.0008464,0.0008791736666666654,-3.277366666666539e-05
0.000941,0.0009748853333333324,-3.388533333333239e-05
0.000849,0.0008851006666666663,-3.610066666666627e-05
0.0009474,0.0009815486666666653,-3.4148666666665244e-05
0.0008524,0.0008663839999999967,-1.3983999999996727e-05
0.0009533,0.0009657426666666633,-1.2442666666663267e-05
0.000854,0.0008886889999999996,-3.468899999999953e-05
0.0009631,0.0009761176666666636,-1.3017666666663538e-05
0.0008635,0.0008950863333333318,-3.1586333333331754e-05
0.0009676,0.0009799619999999983,-1.2361999999998294e-05
0.0008742,0.0009099856666666662,-3.578566666666619e-05
0.000967,0.0009962500000000015,-2.9250000000001497e-05
0.000882,0.0009186076666666666,-3.6607666666666665e-05
0.0009722,0.0010030763333333346,-3.087633333333456e-05
0.0008854,0.0009265289999999998,-4.1128999999999775e-05
0.0009751,0.0010094363333333345,-3.4336333333334504e-05
0.0008918,0.0009119180000000005,-2.01180000000005e-05
0.0009845,0.0009970380000000033,-1.2538000000003342e-05
0.0008939,0.0009139123333333349,-2.0012333333334917e-05
0.0009874,0.0009963020000000008,-8.902000000000736e-06
0.0008981,0.0009267963333333355,-2.8696333333335473e-05
0.0009956,0.0010146856666666702,-1.9085666666670284e-05
0.000901,0.0009310023333333365,-3.000233333333652e-05
0.001006,0.001017768333333334,-1.1768333333334133e-05
0.0009056,0.0009594390000000012,-5.383900000000116e-05
0.001013,0.0010572330000000012,-4.423300000000116e-05
0.0009109,0.0009573700000000009,-4.647000000000093e-05
0.00102,0.0010585230000000002,-3.852300000000016e-05
0.0009197,0.0009410756666666661,-2.1375666666666117e-05
0.001029,0.0010421806666666659,-1.3180666666665888e-05
0.0009234,0.0009549410000000027,-3.154100000000266e-05
0.00103,0.0010593420000000004,-2.9342000000000344e-05
0.0009307,0.0009486566666666687,-1.7956666666668663e-05
0.001038,0.00105274833333333,-1.474833333332988e-05
0.0009365,0.0009658030000000017,-2.930300000000168e-05
0.001046,0.0010673956666666642,-2.1395666666664155e-05
0.0009423,0.0009602776666666692,-1.797766666666921e-05
0.001048,0.0010690599999999973,-2.1059999999997227e-05
0.0009413,0.0009678030000000004,-2.650300000000042e-05
0.001054,0.0010737383333333309,-1.973833333333082e-05
0.0009407,0.0009888890000000013,-4.8189000000001215e-05
0.001059,0.0011044933333333332,-4.5493333333333124e-05
0.0009449,0.0009782026666666644,-3.330266666666439e-05
0.00107,0.0010941533333333334,-2.415333333333344e-05
0.0009573,0.0010144813333333343,-5.718133333333425e-05
0.00108,0.001130636666666668,-5.0636666666668004e-05
0.0009696,0.0010132946666666655,-4.3694666666665495e-05
0.001091,0.001128610000000005,-3.7610000000004975e-05
0.0009793,0.0010039323333333318,-2.4632333333331766e-05
0.001095,0.0011258233333333355,-3.082333333333546e-05
0.0009842,0.001011106000000001,-2.690600000000102e-05
0.001103,0.0011377333333333337,-3.473333333333371e-05
0.0009859,0.000997773666666665,-1.1873666666664933e-05
0.001108,0.0011286933333333317,-2.0693333333331653e-05
0.0009897,0.001010725333333335,-2.102533333333493e-05
0.001125,0.0011527266666666674,-2.7726666666667453e-05
0.0009929,0.001014882666666669,-2.198266666666917e-05
0.001141,0.0011584366666666638,-1.7436666666663728e-05
0.001004,0.0010093076666666668,-5.307666666666934e-06
0.001155,0.0011611233333333317,-6.1233333333316625e-06
0.001011,0.0010267560000000017,-1.575600000000175e-05
0.001167,0.0011857500000000036,-1.8750000000003573e-05
0.001018,0.0010246479999999993,-6.64799999999929e-06
0.001178,0.001189346666666664,-1.13466666666639e-05
0.001021,0.0010344233333333332,-1.3423333333333195e-05
0.001195,0.001218520000000004,-2.3520000000003868e-05
0.001025,0.0010441763333333362,-1.9176333333336066e-05
0.001219,0.0012450700000000013,-2.60700000000013e-05
0.001026,0.0010606733333333338,-3.467333333333385e-05
0.001236,0.0012605000000000023,-2.4500000000002384e-05
0.001033,0.0010807300000000013,-4.773000000000125e-05
0.001247,0.0012877933333333381,-4.079333333333805e-05
0.001042,0.0010833133333333312,-4.1313333333331276e-05
0.001262,0.0012993666666666728,-3.736666666667265e-05
0.00105,0.001080766666666664,-3.0766666666664144e-05
0.001273,0.0013036566666666696,-3.065666666666957e-05
0.001056,0.001125536666666662,-6.953666666666201e-05
0.001288,0.0013397333333333376,-5.173333333333748e-05
0.001069,0.0010968366666666643,-2.7836666666664197e-05
0.001311,0.0013354166666666716,-2.4416666666671498e-05
0.001075,0.0011231533333333293,-4.815333333332925e-05
0.001323,0.0013676266666666685,-4.462666666666857e-05
0.001084,0.0011128533333333308,-2.8853333333330898e-05
0.001342,0.0013736833333333328,-3.168333333333274e-05
0.001088,0.0011270233333333297,-3.90233333333297e-05
0.001359,0.001387450000000002,-2.8450000000002128e-05
0.001093,0.001135566666666665,-4.256666666666497e-05
0.001376,0.0014149233333333301,-3.8923333333330075e-05
0.001097,0.0011154999999999997,-1.8499999999999637e-05
0.001395,0.0014066533333333302,-1.1653333333330263e-05
0.001111,0.0011164866666666664,-5.486666666666392e-06
0.001417,0.0014201799999999944,-3.179999999994342e-06
0.001123,0.0011590899999999959,-3.608999999999579e-05
0.001434,0.0014486766666666666,-1.4676666666666675e-05
0.001142,0.0011614933333333305,-1.949333333333054e-05
0.00146,0.001464216666666669,-4.2166666666691634e-06
0.001147,0.0011788433333333355,-3.1843333333335475e-05
0.001478,0.001504280000000007,-2.6280000000006992e-05
0.001161,0.0011729800000000016,-1.1980000000001712e-05
0.001495,0.0015047933333333337,-9.79333333333372e-06
0.001168,0.001189406666666666,-2.1406666666665955e-05
0.001514,0.0015199200000000051,-5.920000000005175e-06
0.001181,0.0012100800000000016,-2.908000000000164e-05
0.001522,0.0015369599999999995,-1.4959999999999626e-05
0.001199,0.0012169066666666657,-1.7906666666665707e-05
0.001538,0.0015499033333333369,-1.1903333333336801e-05
0.001217,0.0012414900000000022,-2.4490000000002227e-05
0.001556,0.0015736433333333306,-1.7643333333330468e-05
0.001232,0.0012663766666666685,-3.437666666666851e-05
0.001575,0.0016083933333333293,-3.3393333333329306e-05
0.001253,0.0012854266666666682,-3.242666666666816e-05
0.0016,0.001630439999999998,-3.04399999999979e-05
0.001268,0.0012909033333333324,-2.2903333333332406e-05
0.001621,0.0016413966666666653,-2.039666666666523e-05
0.001283,0.0012847999999999965,-1.7999999999964659e-06
0.001637,0.0016392633333333281,-2.2633333333281318e-06
0.001299,0.001300096666666663,-1.0966666666629727e-06
0.00166,0.001652613333333333,7.386666666667034e-06
0.001319,0.001336650000000001,-1.7650000000000998e-05
0.001681,0.0016933466666666675,-1.2346666666667502e-05
0.001336,0.0013332266666666662,2.7733333333337766e-06
0.001695,0.0016931933333333305,1.8066666666693813e-06
0.001351,0.0013430800000000021,7.91999999999785e-06
0.001715,0.0017013066666666647,1.3693333333335278e-05
0.00137,0.0013696966666666638,3.0333333333608554e-07
0.001733,0.001733766666666662,-7.666666666621136e-07
0.001382,0.0013810333333333308,9.666666666691658e-07
0.001756,0.0017465233333333323,9.476666666667632e-06
0.001393,0.0013984866666666659,-5.486666666665958e-06
0.001783,0.001770473333333331,1.2526666666669035e-05
0.001413,0.0014325900000000031,-1.9590000000003138e-05
0.001808,0.0018059699999999975,2.0300000000024725e-06
0.001433,0.0014407433333333346,-7.743333333334618e-06
0.001824,0.0018206866666666606,3.31333333333946e-06
0.001454,0.0014722266666666658,-1.8226666666665758e-05
0.001841,0.0018472666666666704,-6.266666666670433e-06
0.001476,0.0014896333333333373,-1.3633333333337152e-05
0.001858,0.0018593299999999943,-1.3299999999942698e-06
0.001493,0.0014917066666666609,1.2933333333390966e-06
0.00188,0.001880376666666671,-3.7666666667115177e-07
0.001509,0.0015095666666666682,-5.666666666682887e-07
0.001903,0.0019074599999999982,-4.459999999998233e-06
0.001525,0.0015187766666666632,6.223333333336923e-06
0.001929,0.001918763333333328,1.023666666667201e-05
0.001543,0.001539003333333332,3.996666666668085e-06
0.001949,0.0019447599999999998,4.24000000000019e-06
0.001559,0.0015776599999999985,-1.865999999999847e-05
0.00197,0.0019902733333333404,-2.0273333333340436e-05
0.001577,0.0015871133333333338,-1.011333333333377e-05
0.001993,0.0020009333333333413,-7.933333333341296e-06
0.001595,0.0015979866666666648,-2.9866666666647588e-06
0.002021,0.0020200433333333397,9.566666666601178e-07
0.001614,0.0016255600000000007,-1.1560000000000736e-05
0.00205,0.0020667866666666725,-1.678666666667236e-05
0.001633,0.0016476966666666634,-1.469666666666352e-05
0.002079,0.0020859833333333358,-6.9833333333356624e-06
0.001652,0.0016581766666666643,-6.1766666666642454e-06
0.002102,0.0021111933333333396,-9.193333333339451e-06
0.001668,0.0016863299999999978,-1.8329999999997827e-05
0.002127,0.002147870000000005,-2.087000000000486e-05
0.001685,0.0016879633333333366,-2.9633333333365514e-06
0.002151,0.0021554366666666595,-4.4366666666594e-06
0.001703,0.0017075899999999982,-4.589999999998111e-06
0.002177,0.0021716066666666693,5.393333333330794e-06
0.001721,0.0017415666666666667,-2.0566666666666606e-05
0.002204,0.0022135199999999966,-9.519999999996805e-06
0.00174,0.001764866666666668,-2.4866666666667958e-05
0.002227,0.002254243333333326,-2.7243333333326365e-05
0.001759,0.0017783966666666613,-1.9396666666661412e-05
0.00225,0.0022578633333333394,-7.863333333339544e-06
0.001777,0.001789003333333334,-1.2003333333334039e-05
0.002275,0.00227490666666666,9.333333334015162e-08
0.001795,0.0018138866666666613,-1.8886666666661405e-05
0.002299,0.0022791633333333404,1.983666666665945e-05
0.001815,0.0018417599999999985,-2.6759999999998504e-05
0.002323,0.002308563333333332,1.44366666666681e-05
0.001836,0.0018502133333333384,-1.4213333333338478e-05
0.002343,0.0023401233333333335,2.8766666666664963e-06
0.001859,0.0018586799999999995,3.2000000000048483e-07
0.002364,0.002362143333333324,1.8566666666760233e-06
0.001882,0.001904620000000005,-2.2620000000005093e-05
0.002389,0.0024103666666666604,-2.1366666666660337e-05
0.001904,0.0019240666666666669,-2.0066666666666757e-05
0.002415,0.0024432633333333204,-2.8263333333320307e-05
0.001926,0.0019145233333333355,1.1476666666664428e-05
0.002443,0.002432856666666656,1.0143333333343784e-05
0.001948,0.001966186666666661,-1.8186666666661008e-05
0.002471,0.002495460000000002,-2.4460000000001755e-05
0.001972,0.0019541599999999956,1.7840000000004207e-05
0.002496,0.0024761533333333306,1.9846666666669364e-05
0.001996,0.0020099966666666724,-1.3996666666672448e-05
0.002527,0.002538930000000011,-1.1930000000010682e-05
0.00202,0.0020343199999999996,-1.4319999999999524e-05
0.002553,0.0025529233333333283,7.666666667184921e-08
0.002047,0.002086010000000005,-3.901000000000468e-05
0.002577,0.0025821933333333392,-5.193333333339354e-06
0.002071,0.0021179000000000046,-4.6900000000004664e-05
0.002601,0.0026419233333333297,-4.092333333332969e-05
0.002094,0.0021310433333333375,-3.704333333333755e-05
0.002623,0.0026542466666666597,-3.1246666666659775e-05
0.00212,0.0021348899999999974,-1.488999999999744e-05
0.002648,0.00266208,-1.4079999999999648e-05
0.002142,0.002120546666666674,2.1453333333325622e-05
0.002679,0.002655436666666661,2.3563333333339112e-05
0.002164,0.0021551533333333314,8.846666666668772e-06
0.002705,0.0026899333333333304,1.5066666666669563e-05
0.002186,0.0022026833333333353,-1.6683333333335302e-05
0.002731,0.0027359466666666654,-4.946666666665479e-06
0.002212,0.0022109633333333416,1.0366666666583417e-06
0.002757,0.0027520700000000084,4.929999999991538e-06
0.002232,0.002236239999999994,-4.2399999999939014e-06
0.002781,0.002776583333333339,4.416666666661254e-06
0.002249,0.002256420000000003,-7.420000000002772e-06
0.002804,0.002809286666666666,-5.2866666666660615e-06
0.002265,0.0023043133333333285,-3.931333333332841e-05
0.002833,0.0028542033333333345,-2.120333333333448e-05
0.002283,0.0023444866666666635,-6.148666666666363e-05
0.002857,0.0028820633333333325,-2.5063333333332372e-05
0.002303,0.0023653666666666644,-6.236666666666448e-05
0.00288,0.0029060866666666646,-2.60866666666644e-05
0.002333,0.0023474200000000085,-1.4420000000008471e-05
0.002907,0.002910023333333328,-3.023333333327955e-06
0.002359,0.0023853433333333317,-2.634333333333171e-05
0.002934,0.0029365533333333264,-2.5533333333264095e-06
0.002386,0.0024251033333333215,-3.9103333333321416e-05
0.002955,0.0029765499999999884,-2.1549999999988245e-05
0.002415,0.0024212633333333335,-6.263333333333433e-06
0.002979,0.0029788666666666617,1.3333333333817934e-07
0.002444,0.002461306666666651,-1.7306666666651056e-05
0.002998,0.0030032633333333223,-5.2633333333224584e-06
0.002474,0.002471089999999996,2.9100000000039684e-06
0.003019,0.003012166666666658,6.833333333342191e-06
0.002505,0.0024924999999999895,1.2500000000010333e-05
0.00304,0.003030856666666664,9.143333333336279e-06
0.002536,0.0025179133333333215,1.8086666666678516e-05
0.003062,0.003034446666666672,2.7553333333327993e-05
0.001016,0.0010129076666666674,3.0923333333326194e-06
0.001025,0.001050876333333332,-2.5876333333331837e-05
0.001002,0.0009964896666666665,5.510333333333612e-06
0.001013,0.0010306746666666681,-1.7674666666668126e-05
0.0009892,0.000994776333333334,-5.576333333334e-06
0.001002,0.0010298346666666666,-2.783466666666655e-05
0.0009771,0.0009726680000000004,4.431999999999635e-06
0.0009913,0.0010031383333333342,-1.1838333333334151e-05
0.0009658,0.0009783190000000007,-1.2519000000000766e-05
0.000981,0.001012469333333333,-3.146933333333284e-05
0.0009552,0.000965669999999999,-1.046999999999897e-05
0.0009715,0.0010015680000000013,-3.0068000000001258e-05
0.0009454,0.0009549439999999996,-9.543999999999568e-06
0.0009627,0.0009869220000000005,-2.42220000000005e-05
0.0009364,0.0009467939999999998,-1.0393999999999833e-05
0.0009549,0.0009826943333333333,-2.7794333333333305e-05
0.0009276,0.0009317483333333343,-4.148333333334284e-06
0.0009476,0.0009628453333333348,-1.5245333333334778e-05
0.0009192,0.0009236793333333328,-4.479333333332774e-06
0.0009406,0.0009542033333333341,-1.3603333333334078e-05
0.0009113,0.0009161713333333331,-4.8713333333330914e-06
0.0009339,0.0009474130000000015,-1.3513000000001563e-05
0.000904,0.0009073116666666669,-3.3116666666669486e-06
0.0009279,0.0009389596666666666,-1.1059666666666645e-05
0.0008969,0.0009043026666666659,-7.402666666665985e-06
0.0009211,0.000936516000000001,-1.541600000000095e-05
0.0008906,0.0008954366666666678,-4.836666666667867e-06
0.0009154,0.0009280683333333345,-1.2668333333334426e-05
0.0008851,0.000888066666666667,-2.966666666667046e-06
0.0009106,0.0009204556666666682,-9.855666666668179e-06
0.0008795,0.0008879003333333335,-8.400333333333579e-06
0.0009063,0.0009214320000000009,-1.5132000000000925e-05
0.0008752,0.0008800483333333348,-4.848333333334789e-06
0.0009026,0.0009126363333333331,-1.00363333333331e-05
0.0008718,0.0008752230000000015,-3.4230000000014206e-06
0.0008996,0.0009071499999999983,-7.549999999998313e-06
0.0008685,0.0008719603333333342,-3.4603333333341852e-06
0.0008953,0.0009035980000000008,-8.298000000000767e-06
0.0008652,0.0008685033333333344,-3.3033333333344237e-06
0.0008919,0.0009006569999999986,-8.756999999998561e-06
0.0008621,0.0008666993333333346,-4.599333333334663e-06
0.0008888,0.0008977223333333321,-8.92233333333204e-06
0.000858,0.000862723000000001,-4.723000000000964e-06
0.0008858,0.0008945799999999994,-8.779999999999465e-06
0.0008547,0.0008568540000000015,-2.1540000000014976e-06
0.0008831,0.000886495333333335,-3.3953333333348965e-06
0.0008518,0.0008539360000000016,-2.136000000001648e-06
0.0008807,0.0008834440000000013,-2.7440000000013547e-06
0.0008492,0.0008511956666666677,-1.995666666667695e-06
0.0008788,0.0008822970000000012,-3.4970000000011763e-06
0.000847,0.0008491843333333331,-2.184333333333068e-06
0.0008773,0.0008801320000000033,-2.8320000000032824e-06
0.0008448,0.0008471523333333333,-2.3523333333332194e-06
0.000876,0.0008793036666666698,-3.30366666666975e-06
0.0008428,0.0008423750000000013,4.2499999999866863e-07
0.0008749,0.000875131333333332,-2.3133333333202454e-07
0.0008412,0.0008420576666666677,-8.576666666677748e-07
0.0008734,0.0008751279999999989,-1.72799999999891e-06
0.00084,0.000843284999999997,-3.284999999996971e-06
0.0008723,0.000878992333333333,-6.692333333333032e-06
0.0008389,0.0008425109999999986,-3.6109999999986344e-06
0.0008717,0.0008785719999999994,-6.871999999999456e-06
0.0008381,0.0008391230000000003,-1.023000000000278e-06
0.0008714,0.0008723043333333338,-9.043333333337306e-07
0.0008375,0.0008380743333333339,-5.743333333338473e-07
0.0008715,0.0008722269999999997,-7.269999999997374e-07
0.0008368,0.0008371503333333327,-3.503333333327056e-07
0.0008718,0.0008715639999999989,2.360000000011138e-07
0.0008362,0.0008362683333333321,-6.833333333206015e-08
0.0008715,0.0008715789999999984,-7.899999999842495e-08
0.0008358,0.0008357966666666627,3.3333333373250854e-09
0.0008714,0.0008713379999999974,6.200000000260251e-08
0.0008354,0.0008359303333333308,-5.303333333307693e-07
0.0008713,0.0008715459999999967,-2.459999999967176e-07
0.0008355,0.000835771999999997,-2.7199999999701855e-07
0.0008712,0.0008714886666666651,-2.886666666651041e-07
0.0008358,0.0008359056666666645,-1.0566666666449957e-07
0.0008712,0.0008713909999999981,-1.9099999999802e-07
0.0008359,0.0008361753333333356,-2.753333333356447e-07
0.0008713,0.0008714983333333322,-1.983333333322639e-07
0.000836,0.0008361910000000022,-1.9100000000213998e-07
0.0008715,0.000871509333333331,-9.333333331022764e-09
0.0008361,0.0008368690000000038,-7.690000000037597e-07
0.0008717,0.0008726579999999963,-9.579999999963272e-07
0.0008361,0.0008364753333333369,-3.7533333333689394e-07
0.0008721,0.0008722006666666657,-1.0066666666572188e-07
0.0008363,0.000836597,-2.9700000000001427e-07
0.0008724,0.000872290666666666,1.0933333333400675e-07
0.0008365,0.00083686366666667,-3.636666666699713e-07
0.0008727,0.0008724929999999973,2.0700000000271716e-07
0.0008367,0.0008369600000000024,-2.6000000000235904e-07
0.0008729,0.0008729013333333315,-1.3333333314389031e-09
0.0008369,0.0008369933333333344,-9.333333333440535e-08
0.0008732,0.0008731566666666681,4.333333333188336e-08
0.0008372,0.0008374379999999993,-2.3799999999930214e-07
0.0008736,0.0008736266666666671,-2.666666666715882e-08
0.0008376,0.0008376046666666692,-4.666666669197669e-09
0.0008739,0.0008738433333333345,5.666666666557119e-08
0.0008381,0.0008384519999999992,-3.5199999999914553e-07
0.0008744,0.0008748600000000035,-4.600000000034481e-07
0.0008385,0.0008384960000000017,3.9999999983282575e-09
0.0008749,0.0008749749999999998,-7.499999999987985e-08
0.0008389,0.0008390383333333306,-1.3833333333066865e-07
0.0008755,0.0008757353333333351,-2.353333333351233e-07
0.0008393,0.0008395616666666676,-2.6166666666760634e-07
0.0008761,0.0008764926666666689,-3.9266666666891003e-07
0.0008397,0.0008399799999999963,-2.7999999999627715e-07
0.0008768,0.0008770243333333324,-2.2433333333245643e-07
0.0008403,0.0008401750000000012,1.2499999999882397e-07
0.0008775,0.0008774530000000023,4.699999999770426e-08
0.0008409,0.0008413553333333314,-4.553333333314315e-07
0.0008784,0.0008791530000000014,-7.530000000014478e-07
0.0008414,0.0008449243333333348,-3.5243333333348677e-06
0.0008793,0.0008832626666666678,-3.962666666667875e-06
0.0008421,0.0008476300000000022,-5.530000000002178e-06
0.0008804,0.0008868293333333333,-6.429333333333228e-06
0.0008428,0.0008480850000000023,-5.285000000002332e-06
0.0008817,0.0008876129999999993,-5.912999999999318e-06
0.0008438,0.0008461996666666695,-2.3996666666695025e-06
0.0008829,0.0008856096666666697,-2.709666666669613e-06
0.0008449,0.0008505393333333348,-5.6393333333347754e-06
0.0008842,0.000890332666666665,-6.132666666664962e-06
0.0008459,0.0008470396666666672,-1.1396666666672276e-06
0.0008856,0.0008865340000000005,-9.34000000000503e-07
0.000847,0.0008482630000000003,-1.2630000000002622e-06
0.000887,0.0008877263333333289,-7.26333333328868e-07
0.0008482,0.0008494709999999968,-1.2709999999968103e-06
0.0008885,0.0008892706666666678,-7.706666666678144e-07
0.0008491,0.0008518449999999991,-2.7449999999990937e-06
0.0008903,0.0008921589999999998,-1.85899999999978e-06
0.0008503,0.0008527300000000001,-2.430000000000097e-06
0.0008921,0.0008937423333333364,-1.6423333333364602e-06
0.0008518,0.0008549319999999993,-3.1319999999993324e-06
0.000894,0.000895658000000002,-1.658000000001928e-06
0.0008534,0.0008552786666666665,-1.8786666666665034e-06
0.0008958,0.0008955466666666684,2.53333333331612e-07
0.0008553,0.000855545000000002,-2.4500000000201444e-07
0.0008978,0.0008971873333333361,6.126666666639172e-07
0.0008573,0.0008597910000000018,-2.4910000000018164e-06
0.0008998,0.0009012980000000026,-1.4980000000026613e-06
0.0008589,0.0008609716666666676,-2.0716666666675907e-06
0.000902,0.0009019313333333355,6.866666666456751e-08
0.0008606,0.0008629386666666663,-2.3386666666662653e-06
0.0009043,0.0009040276666666678,2.723333333322364e-07
0.0008626,0.0008710743333333304,-8.474333333330407e-06
0.0009066,0.0009148703333333326,-8.270333333332616e-06
0.0008645,0.0008682119999999971,-3.7119999999970805e-06
0.0009091,0.0009118176666666668,-2.7176666666668117e-06
0.0008666,0.0008688176666666637,-2.2176666666637096e-06
0.000912,0.0009116176666666653,3.8233333333472733e-07
0.0008689,0.0008715576666666671,-2.6576666666670596e-06
0.0009148,0.0009136013333333332,1.1986666666668555e-06
0.0008711,0.0008737630000000009,-2.6630000000009467e-06
0.0009178,0.0009184953333333316,-6.953333333316325e-07
0.0008736,0.0008770110000000033,-3.4110000000032916e-06
0.0009209,0.0009215856666666667,-6.856666666666929e-07
0.0008763,0.000881344666666668,-5.0446666666679974e-06
0.0009239,0.0009256793333333326,-1.7793333333326541e-06
0.000879,0.0008798499999999986,-8.499999999986383e-07
0.0009272,0.0009235686666666669,3.631333333333083e-06
0.0008819,0.0008909899999999993,-9.08999999999925e-06
0.0009305,0.0009373306666666651,-6.83066666666511e-06
0.0008849,0.0008904939999999985,-5.593999999998524e-06
0.0009341,0.0009356706666666664,-1.5706666666664244e-06
0.000888,0.0008976273333333323,-9.627333333332298e-06
0.0009379,0.0009455329999999974,-7.632999999997452e-06
0.0008912,0.0008966309999999996,-5.430999999999644e-06
0.0009419,0.0009429556666666655,-1.0556666666655798e-06
0.0008946,0.0009042536666666666,-9.653666666666625e-06
0.000946,0.0009480163333333325,-2.0163333333324826e-06
0.0008983,0.0009141619999999993,-1.58619999999993e-05
0.0009502,0.000958109,-7.908999999999954e-06
0.000902,0.0009069339999999989,-4.9339999999988655e-06
0.0009543,0.0009548313333333361,-5.313333333360976e-07
0.0009059,0.0009146963333333343,-8.796333333334393e-06
0.0009585,0.0009616139999999997,-3.1139999999996995e-06
0.0009099,0.0009235143333333329,-1.3614333333332842e-05
0.0009626,0.0009692469999999999,-6.646999999999925e-06
0.0009138,0.0009163533333333326,-2.5533333333325895e-06
0.0009668,0.0009647030000000002,2.0969999999997328e-06
0.0009179,0.0009231823333333325,-5.282333333332515e-06
0.0009711,0.000971226999999998,-1.269999999979881e-07
0.0009221,0.0009307896666666663,-8.6896666666663e-06
0.0009757,0.000979828,-4.128000000000053e-06
0.0009263,0.0009343710000000012,-8.071000000001204e-06
0.0009804,0.0009816356666666687,-1.2356666666687392e-06
0.0009306,0.0009368329999999977,-6.232999999997743e-06
0.000985,0.000986130999999999,-1.1309999999990512e-06
0.0009349,0.0009403170000000013,-5.417000000001266e-06
0.0009897,0.000986898333333337,2.8016666666630385e-06
0.0009393,0.0009461299999999984,-6.829999999998361e-06
0.0009944,0.0009922023333333346,2.1976666666654546e-06
0.0009436,0.0009459366666666676,-2.3366666666676432e-06
0.000999,0.0009909206666666693,8.079333333330802e-06
0.0009481,0.0009550739999999989,-6.973999999998893e-06
0.001004,0.0010021590000000016,1.840999999998304e-06
0.0009526,0.0009558603333333336,-3.2603333333336383e-06
0.001008,0.0010047743333333333,3.2256666666666788e-06
0.0009572,0.0009617026666666667,-4.502666666666728e-06
0.001013,0.0010105183333333349,2.481666666665156e-06
0.0009619,0.0009693459999999996,-7.445999999999603e-06
0.001018,0.0010203443333333313,-2.3443333333312503e-06
0.0009665,0.0009708703333333342,-4.370333333334202e-06
0.001023,0.0010201419999999997,2.8580000000003308e-06
0.0009711,0.0009798016666666665,-8.701666666666489e-06
0.001028,0.0010272126666666663,7.873333333337316e-07
0.0009757,0.0009839946666666646,-8.294666666664526e-06
0.001033,0.0010335973333333347,-5.973333333346431e-07
0.0009802,0.0009862340000000027,-6.034000000002633e-06
0.001037,0.001038149333333332,-1.1493333333320588e-06
0.0009849,0.0009947776666666642,-9.877666666664297e-06
0.001042,0.0010412863333333355,7.136666666644233e-07
0.0009897,0.0010024523333333323,-1.275233333333228e-05
0.001047,0.0010470720000000007,-7.200000000069998e-08
0.0009943,0.001008098666666666,-1.379866666666586e-05
0.001052,0.0010520586666666668,-5.8666666666795306e-08
0.0009991,0.0010134403333333334,-1.434033333333343e-05
0.001057,0.001059364666666667,-2.3646666666671083e-06
0.001004,0.0010172403333333331,-1.3240333333333241e-05
0.001062,0.0010716239999999976,-9.623999999997575e-06
0.001008,0.0010236589999999997,-1.5658999999999682e-05
0.001067,0.0010803866666666668,-1.3386666666666746e-05
0.001013,0.0010165903333333364,-3.5903333333363405e-06
0.001072,0.0010745999999999985,-2.599999999998437e-06
0.001018,0.0010243956666666641,-6.395666666664116e-06
0.001077,0.0010815866666666657,-4.586666666665665e-06
0.001022,0.0010292086666666657,-7.208666666665749e-06
0.001081,0.001086206666666663,-5.206666666663067e-06
0.001027,0.0010324856666666668,-5.485666666666918e-06
0.001086,0.0010880546666666648,-2.0546666666648294e-06
0.001032,0.001037707,-5.706999999999978e-06
0.00109,0.001095613333333333,-5.613333333332957e-06
0.001036,0.0010456366666666678,-9.636666666667766e-06
0.001095,0.0011029966666666656,-7.99666666666558e-06
0.00104,0.001048160999999999,-8.160999999999152e-06
0.001099,0.0011048100000000034,-5.810000000003443e-06
0.001045,0.0010504570000000016,-5.457000000001679e-06
0.001103,0.0011070466666666683,-4.0466666666682215e-06
0.001049,0.0010576000000000014,-8.600000000001402e-06
0.001108,0.001114503333333335,-6.503333333335044e-06
0.001053,0.0010598769999999975,-6.876999999997583e-06
0.001112,0.0011169466666666693,-4.946666666669382e-06
0.001057,0.001062573333333333,-5.573333333332977e-06
0.001116,0.0011206366666666702,-4.636666666670139e-06
0.001061,0.0010653966666666647,-4.396666666664625e-06
0.00112,0.0011222200000000034,-2.2200000000035126e-06
0.001065,0.0010698699999999956,-4.869999999995581e-06
0.001124,0.0011248066666666658,-8.066666666657792e-07
0.001069,0.0010713533333333311,-2.3533333333310667e-06
0.001127,0.0011271500000000006,-1.5000000000062706e-07
0.001073,0.0010822833333333321,-9.283333333332195e-06
0.001131,0.001134429999999996,-3.429999999995893e-06
0.001076,0.001083253333333335,-7.253333333335143e-06
0.001134,0.0011369333333333285,-2.9333333333284896e-06
0.00108,0.0010923400000000007,-1.2340000000000658e-05
0.001138,0.0011459066666666682,-7.906666666668283e-06
0.001083,0.0010868400000000004,-3.840000000000397e-06
0.001141,0.0011430266666666653,-2.026666666665256e-06
0.001086,0.001103293333333334,-1.7293333333334064e-05
0.001145,0.0011581399999999978,-1.3139999999997858e-05
0.001089,0.0010985533333333335,-9.553333333333627e-06
0.001148,0.0011556266666666623,-7.626666666662356e-06
0.001092,0.0011018133333333348,-9.813333333334685e-06
0.001152,0.0011560733333333337,-4.0733333333336456e-06
0.001096,0.001107453333333333,-1.1453333333332968e-05
0.001156,0.0011633333333333337,-7.333333333333801e-06
0.001099,0.0011008033333333338,-1.8033333333338994e-06
0.001159,0.001159876666666665,-8.766666666649298e-07
0.001102,0.0011027933333333344,-7.933333333344766e-07
0.001163,0.0011624433333333325,5.566666666674807e-07
0.001105,0.0011045600000000005,4.3999999999955533e-07
0.001167,0.0011653233333333347,1.6766666666653829e-06
0.001109,0.001110863333333335,-1.863333333335061e-06
0.001171,0.0011675666666666645,3.433333333335495e-06
0.001112,0.0011155000000000032,-3.5000000000032835e-06
0.001175,0.0011737833333333324,1.216666666667681e-06
0.001116,0.0011129520000000004,3.047999999999636e-06
0.001179,0.0011738566666666627,5.143333333337266e-06
0.001119,0.0011237000000000022,-4.7000000000022284e-06
0.001183,0.0011871733333333322,-4.173333333332184e-06
0.001123,0.0011261133333333331,-3.1133333333330585e-06
0.001187,0.0011894499999999964,-2.449999999996509e-06
0.001126,0.0011324633333333353,-6.463333333335281e-06
0.001192,0.0011973666666666633,-5.366666666663418e-06
0.00113,0.0011325100000000009,-2.510000000000923e-06
0.001198,0.0011967900000000055,1.2099999999945488e-06
0.001134,0.001136826666666668,-2.8266666666678774e-06
0.001202,0.0012012766666666729,7.23333333327086e-07
0.001139,0.001142963333333337,-3.963333333336901e-06
0.001207,0.0012098233333333332,-2.823333333333263e-06
0.001143,0.0011442333333333363,-1.2333333333364171e-06
0.001211,0.0012111366666666696,-1.3666666666954132e-07
0.001147,0.0011507600000000048,-3.760000000004775e-06
0.001214,0.0012169533333333375,-2.953333333337478e-06
0.001151,0.0011532766666666693,-2.276666666669409e-06
0.001219,0.0012204666666666673,-1.4666666666672806e-06
0.001155,0.0011595933333333386,-4.5933333333385805e-06
0.001224,0.0012278266666666704,-3.826666666670395e-06
0.001159,0.0011653333333333374,-6.333333333337354e-06
0.001228,0.0012335366666666686,-5.536666666668697e-06
0.001163,0.0011647133333333355,-1.713333333335518e-06
0.001233,0.0012331133333333374,-1.1333333333743076e-07
0.001168,0.0011761733333333347,-8.173333333334667e-06
0.001238,0.001245480000000001,-7.480000000001114e-06
0.001172,0.0011792699999999992,-7.269999999999109e-06
0.001243,0.0012513166666666701,-8.316666666670185e-06
0.001177,0.0011960266666666672,-1.902666666666708e-05
0.001248,0.0012720866666666663,-2.40866666666663e-05
0.001181,0.0012142599999999991,-3.325999999999915e-05
0.001254,0.0013069699999999984,-5.296999999999854e-05
0.001186,0.0012103299999999982,-2.432999999999819e-05
0.001259,0.0012972366666666646,-3.823666666666467e-05
0.001191,0.0012001800000000008,-9.180000000000776e-06
0.001264,0.001281163333333337,-1.7163333333337005e-05
0.001196,0.0012017499999999988,-5.749999999998812e-06
0.001269,0.0012778166666666615,-8.816666666661577e-06
0.0012,0.0012136033333333296,-1.3603333333329741e-05
0.001274,0.001294300000000001,-2.030000000000109e-05
0.001205,0.0012225899999999967,-1.75899999999968e-05
0.001279,0.001303976666666666,-2.4976666666666003e-05
0.00121,0.0012122100000000033,-2.210000000003355e-06
0.001285,0.001287479999999997,-2.479999999997198e-06
0.001215,0.0012228333333333314,-7.833333333331482e-06
0.00129,0.0013017866666666638,-1.1786666666663888e-05
0.00122,0.0012316933333333347,-1.1693333333334796e-05
0.001296,0.0013092000000000017,-1.3200000000001622e-05
0.001225,0.0012393600000000014,-1.4360000000001455e-05
0.001301,0.00132215666666667,-2.1156666666669825e-05
0.00123,0.001245856666666665,-1.5856666666665088e-05
0.001307,0.0013289233333333315,-2.1923333333331504e-05
0.001235,0.001259060000000004,-2.4060000000003913e-05
0.001312,0.0013452466666666676,-3.324666666666763e-05
0.00124,0.0012505066666666641,-1.0506666666664118e-05
0.001318,0.0013310799999999997,-1.3079999999999732e-05
0.001245,0.0012552333333333337,-1.0233333333333709e-05
0.001323,0.0013355466666666674,-1.2546666666667398e-05
0.00125,0.0012670300000000002,-1.7030000000000127e-05
0.001329,0.0013510200000000007,-2.2020000000000633e-05
0.001255,0.0012704966666666688,-1.5496666666668744e-05
0.001335,0.0013545199999999984,-1.951999999999835e-05
0.001261,0.0012768000000000013,-1.580000000000136e-05
0.001341,0.0013632399999999976,-2.223999999999759e-05
0.001266,0.001289943333333333,-2.3943333333332952e-05
0.001348,0.0013799366666666668,-3.1936666666666736e-05
0.001272,0.0012768299999999981,-4.829999999998204e-06
0.001354,0.0013607500000000032,-6.750000000003281e-06
0.001278,0.0012813533333333306,-3.353333333330549e-06
0.00136,0.0013718533333333372,-1.1853333333337098e-05
0.001283,0.0012907233333333326,-7.723333333332569e-06
0.001367,0.00138047,-1.3470000000000018e-05
0.001289,0.0012955133333333313,-6.513333333331298e-06
0.001373,0.0013871599999999986,-1.4159999999998523e-05
0.001295,0.0013049399999999999,-9.939999999999949e-06
0.00138,0.0013917533333333372,-1.1753333333337258e-05
0.001302,0.001310940000000001,-8.940000000001117e-06
0.001388,0.0013986966666666679,-1.0696666666667977e-05
0.001308,0.001316790000000003,-8.790000000003092e-06
0.001395,0.0014041899999999987,-9.189999999998765e-06
0.001315,0.0013171799999999968,-2.1799999999968112e-06
0.001403,0.0014029966666666656,3.3333333343977395e-09
0.001322,0.0013273700000000044,-5.370000000004321e-06
0.00141,0.001415863333333326,-5.863333333326051e-06
0.001329,0.0013383866666666648,-9.386666666664698e-06
0.001418,0.0014283633333333342,-1.0363333333334238e-05
0.001337,0.0013423066666666717,-5.306666666671581e-06
0.001426,0.001431959999999996,-5.959999999996047e-06
0.001344,0.0013536433333333328,-9.643333333332876e-06
0.001434,0.0014449800000000007,-1.0980000000000711e-05
0.001352,0.0013550933333333365,-3.0933333333366467e-06
0.001443,0.0014440933333333286,-1.093333333328575e-06
0.001359,0.001373023333333335,-1.4023333333335053e-05
0.001451,0.0014607933333333379,-9.79333333333784e-06
0.001367,0.0013813999999999981,-1.4399999999998182e-05
0.00146,0.0014698800000000013,-9.88000000000139e-06
0.001376,0.0014006300000000014,-2.4630000000001396e-05
0.001469,0.0014922866666666685,-2.328666666666845e-05
0.001384,0.0014150233333333334,-3.1023333333333406e-05
0.001479,0.0015065466666666682,-2.7546666666668088e-05
0.001393,0.0014191999999999998,-2.6199999999999878e-05
0.001489,0.001512136666666668,-2.3136666666667824e-05
0.001402,0.001417269999999998,-1.5269999999998002e-05
0.001498,0.0014997333333333356,-1.7333333333356161e-06
0.001411,0.0014245233333333334,-1.3523333333333469e-05
0.001508,0.0015105133333333366,-2.5133333333366217e-06
0.00142,0.0014352566666666665,-1.5256666666666483e-05
0.001518,0.0015261933333333363,-8.193333333336283e-06
0.001429,0.001466329999999998,-3.7329999999997964e-05
0.001529,0.001559186666666669,-3.0186666666669106e-05
0.001439,0.0014521966666666672,-1.3196666666667224e-05
0.001539,0.001531050000000001,7.949999999998974e-06
0.001448,0.001458290000000004,-1.0290000000003942e-05
0.00155,0.0015447700000000035,5.229999999996479e-06
0.001458,0.001469330000000001,-1.1330000000000801e-05
0.001561,0.001556063333333334,4.9366666666661885e-06
0.001469,0.001471356666666669,-2.356666666668934e-06
0.001572,0.0015598366666666622,1.216333333333786e-05
0.001479,0.0014743100000000008,4.689999999999252e-06
0.001584,0.0015556933333333342,2.8306666666665743e-05
0.00149,0.0014799500000000007,1.0049999999999296e-05
0.001597,0.001555206666666666,4.179333333333385e-05
0.001502,0.0015037833333333308,-1.7833333333307656e-06
0.00161,0.0015814500000000007,2.8549999999999366e-05
0.001513,0.0015165766666666686,-3.5766666666686275e-06
0.001624,0.001591146666666666,3.285333333333403e-05
0.001526,0.0015379633333333321,-1.1963333333332108e-05
0.001639,0.0016077333333333339,3.126666666666616e-05
0.001539,0.0015384033333333367,5.9666666666334e-07
0.001655,0.0015985433333333319,5.6456666666668135e-05
0.001552,0.0015707566666666663,-1.8756666666666297e-05
0.001671,0.0016333266666666683,3.767333333333164e-05
0.001567,0.0015806499999999975,-1.3649999999997432e-05
0.001689,0.0016346166666666676,5.438333333333237e-05
0.001582,0.001600259999999998,-1.8259999999998026e-05
0.001707,0.0016461800000000019,6.0819999999998106e-05
0.001599,0.001635159999999998,-3.615999999999797e-05
0.001726,0.001701243333333337,2.475666666666319e-05
0.001615,0.0016594633333333342,-4.446333333333425e-05
0.001746,0.0017258599999999999,2.014000000000009e-05
0.001634,0.001682666666666666,-4.866666666666604e-05
0.001768,0.0017569266666666642,1.1073333333335876e-05
0.001653,0.0017180666666666662,-6.506666666666622e-05
0.001791,0.001804123333333331,-1.3123333333330857e-05
0.001674,0.0017337866666666645,-5.978666666666462e-05
0.001815,0.001840926666666665,-2.5926666666664915e-05
0.001696,0.001778543333333336,-8.2543333333336e-05
0.001841,0.0018646000000000014,-2.360000000000144e-05
0.001719,0.0017894966666666672,-7.049666666666715e-05
0.001869,0.0018692433333333364,-2.4333333333644187e-07
0.001744,0.0018010666666666674,-5.706666666666733e-05
0.001898,0.0018834599999999983,1.4540000000001687e-05
0.00177,0.0018456966666666659,-7.569666666666576e-05
0.001928,0.001893850000000001,3.414999999999907e-05
0.001798,0.0018864433333333312,-8.844333333333132e-05
0.00196,0.0019285766666666674,3.142333333333255e-05
0.001827,0.002031626666666673,-0.0002046266666666731
0.001993,0.002112686666666662,-0.0001196866666666619
0.001858,0.002205400000000001,-0.00034740000000000096
0.002028,0.002237103333333333,-0.00020910333333333314
0.001891,0.00212104000000001,-0.0002300400000000097
0.002064,0.0021663366666666646,-0.00010233666666666476
0.001926,0.002178176666666674,-0.00025217666666667413
0.002101,0.002223899999999998,-0.00012289999999999784
0.001962,0.002438616666666667,-0.00047661666666666677
0.00214,0.0023875599999999995,-0.00024755999999999953
0.002,0.002549623333333338,-0.0005496233333333379
0.00218,0.0024550899999999966,-0.0002750899999999965
0.002039,0.0024967900000000018,-0.00045779000000000175
0.002221,0.002433899999999994,-0.00021289999999999417
0.00208,0.0022034366666666694,-0.00012343666666666956
0.002262,0.002270029999999995,-8.029999999994812e-06
0.002122,0.0023081400000000054,-0.0001861400000000052
0.002304,0.0023548766666666643,-5.0876666666664194e-05
0.002164,0.0023005733333333303,-0.0001365733333333302
0.002346,0.0023640799999999945,-1.807999999999454e-05
0.002208,0.0023700099999999944,-0.00016200999999999455
0.002389,0.0024319566666666658,-4.295666666666569e-05
0.002253,0.0023975966666666695,-0.00014459666666666966
0.002431,0.0024713600000000014,-4.0360000000001436e-05
0.002298,0.0024605399999999993,-0.0001625399999999992
0.002472,0.002513910000000004,-4.1910000000004374e-05
0.002343,0.0025038533333333352,-0.0001608533333333352
0.002513,0.002534023333333337,-2.102333333333685e-05
0.002388,0.0025290066666666705,-0.0001410066666666706
0.002552,0.0025303233333333346,2.1676666666665435e-05
0.002432,0.002588133333333337,-0.00015613333333333677
0.00259,0.0026426300000000026,-5.263000000000273e-05
0.002476,0.00265111333333333,-0.0001751133333333303
0.002627,0.0026951966666666632,-6.819666666666325e-05
0.002518,0.0026905633333333305,-0.0001725633333333307
0.002663,0.002720403333333332,-5.7403333333332e-05
0.002559,0.0027069199999999946,-0.00014791999999999453
0.002696,0.0027496199999999943,-5.3619999999994245e-05
0.002598,0.0026501999999999967,-5.219999999999661e-05
0.002729,0.0026666366666666676,6.236333333333247e-05
0.002636,0.002694346666666667,-5.83466666666671e-05
0.002759,0.002663360000000002,9.563999999999797e-05
0.002672,0.002748173333333331,-7.617333333333112e-05
0.002788,0.002739719999999997,4.828000000000297e-05
0.002706,0.0027752199999999953,-6.921999999999527e-05
0.002815,0.002796003333333333,1.8996666666666606e-05
0.002736,0.0027938499999999953,-5.7849999999995145e-05
0.002839,0.002849879999999995,-1.0879999999995234e-05
0.002764,0.0028331000000000033,-6.910000000000336e-05
0.00286,0.002893153333333339,-3.315333333333897e-05
0.002789,0.00283164666666667,-4.2646666666670136e-05
0.0028770000000000002,0.0028957899999999884,-1.8789999999988156e-05
0.002811,0.0028358333333333378,-2.483333333333764e-05
0.002891,0.0029004499999999963,-9.449999999996354e-06
0.00283,0.0028647933333333393,-3.4793333333339206e-05
0.002902,0.002932643333333323,-3.0643333333323086e-05
0.002846,0.0028693866666666752,-2.338666666667523e-05
0.00291,0.002940263333333321,-3.0263333333321006e-05
0.002858,0.002853836666666669,4.163333333330726e-06
0.002917,0.0029161799999999957,8.200000000042375e-07
0.002868,0.002894623333333335,-2.662333333333525e-05
0.002923,0.002957396666666656,-3.439666666665625e-05
0.002875,0.00287819333333333,-3.1933333333299813e-06
0.00293,0.0029136066666666694,1.639333333333052e-05
0.00288,0.002877923333333338,2.07666666666214e-06
0.002938,0.0029118366666666695,2.616333333333061e-05
0.002886,0.0029273633333333276,-4.136333333332751e-05
0.002946,0.0029689599999999992,-2.2959999999999387e-05
0.002891,0.002924889999999994,-3.388999999999389e-05
0.002954,0.0029646400000000062,-1.06400000000062e-05
0.002898,0.002918109999999998,-2.0109999999998098e-05
0.002962,0.0029660500000000018,-4.050000000001969e-06
0.002906,0.002918403333333344,-1.2403333333343806e-05
0.00297,0.0029733733333333293,-3.373333333329346e-06
0.002913,0.0029206499999999904,-7.649999999990564e-06
0.002976,0.0029734299999999952,2.5700000000046866e-06
0.002921,0.0029249733333333483,-3.973333333348334e-06
0.00298,0.002983566666666658,-3.5666666666580617e-06
0.002928,0.0029322466666666706,-4.246666666670503e-06
0.002984,0.0029877366666666598,-3.736666666659654e-06
0.002935,0.0029398833333333448,-4.8833333333446645e-06
0.002988,0.002993729999999999,-5.72999999999893e-06
0.00294,0.0029491433333333245,-9.14333333332457e-06
0.002992,0.0030023900000000115,-1.0390000000011588e-05
0.002945,0.002953776666666666,-8.776666666665718e-06
0.002997,0.0030089133333333342,-1.191333333333414e-05
0.002949,0.0029692199999999946,-2.0219999999994843e-05
0.003004,0.0030300633333333418,-2.6063333333341612e-05
0.002953,0.002956169999999996,-3.169999999995919e-06
0.003013,0.0030185100000000033,-5.510000000003273e-06
0.002957,0.0029619400000000027,-4.940000000002755e-06
0.003023,0.0030253866666666747,-2.3866666666746104e-06
0.002963,0.0029755066666666582,-1.2506666666658312e-05
0.003035,0.003035836666666666,-8.366666666660347e-07
0.00297,0.002985426666666658,-1.5426666666657884e-05
0.003047,0.0030529633333333207,-5.963333333320903e-06
0.002979,0.0029884500000000053,-9.450000000005461e-06
0.00306,0.0030553133333333362,4.686666666663553e-06
0.00299,0.003025939999999998,-3.593999999999776e-05
0.003072,0.003098999999999992,-2.6999999999991874e-05
0.003001,0.003030979999999999,-2.9979999999998896e-05
0.003083,0.0031044099999999984,-2.1409999999998618e-05
0.003014,0.003031343333333337,-1.734333333333702e-05
0.003093,0.0031049166666666525,-1.1916666666652708e-05
0.003026,0.003057539999999998,-3.153999999999787e-05
0.003101,0.003126153333333327,-2.5153333333327067e-05
0.003038,0.0030509466666666573,-1.2946666666657433e-05
0.003108,0.003117693333333335,-9.693333333334747e-06
0.00305,0.0030581699999999894,-8.16999999998921e-06
0.003112,0.003114709999999991,-2.7099999999908447e-06
0.00306,0.0030747499999999976,-1.4749999999997838e-05
0.003114,0.0031238933333333245,-9.893333333324452e-06
0.003069,0.0030701266666666597,-1.126666666659542e-06
0.003114,0.00311808999999999,-4.089999999990022e-06
0.003075,0.0030779466666666752,-2.946666666675188e-06
0.00311,0.0031090633333333327,9.366666666671755e-07
0.003079,0.003077450000000005,1.5499999999951317e-06
0.003104,0.003100003333333332,3.996666666668085e-06
0.003081,0.00308193333333334,-9.333333333399335e-07
0.003094,0.0030992899999999937,-5.289999999993737e-06
0.00308,0.003082476666666666,-2.4766666666662697e-06
0.003081,0.0030937399999999998,-1.27399999999998e-05
0.003077,0.0030746466666666666,2.353333333333235e-06
0.003065,0.0030750799999999974,-1.0079999999997383e-05
0.00307,0.003073893333333327,-3.893333333327125e-06
0.003046,0.0030723999999999964,-2.6399999999996305e-05
0.00306,0.0030725466666666674,-1.2546666666667615e-05
0.003022,0.0031048699999999944,-8.286999999999444e-05
0.003046,0.0030656666666666597,-1.966666666665959e-05
0.002994,0.003096379999999994,-0.00010237999999999393
0.003029,0.00306641333333333,-3.741333333333015e-05
0.002961,0.0030996200000000043,-0.00013862000000000423
0.003007,0.003024143333333334,-1.714333333333387e-05
0.002925,0.003045520000000003,-0.00012052000000000286
0.002981,0.0029809733333333297,2.6666666670411426e-08
0.002884,0.002974996666666665,-9.099666666666532e-05
0.00295,0.0029645566666666695,-1.4556666666669556e-05
0.002838,0.002943286666666668,-0.00010528666666666806
0.002915,0.002909466666666667,5.533333333332998e-06
0.002788,0.0028737066666666704,-8.570666666667028e-05
0.002876,0.0028531899999999994,2.281000000000071e-05
0.002734,0.0028507966666666703,-0.00011679666666667039
0.002832,0.0027857233333333366,4.627666666666332e-05
0.002677,0.002761329999999995,-8.432999999999488e-05
0.002784,0.0027596233333333354,2.437666666666458e-05
0.002617,0.002748463333333329,-0.0001314633333333289
0.002731,0.0027463933333333377,-1.539333333333776e-05
0.002554,0.0027281333333333316,-0.00017413333333333178
0.002674,0.00267020666666667,3.793333333330321e-06
0.00249,0.0026639133333333335,-0.00017391333333333352
0.002613,0.002587123333333337,2.5876666666663044e-05
0.002423,0.0025746966666666676,-0.00015169666666666783
0.00255,0.0025196899999999993,3.031000000000084e-05
0.002356,0.0024954766666666632,-0.0001394766666666632
0.002484,0.0023750300000000037,0.00010896999999999643
0.002289,0.0024590233333333334,-0.00017002333333333364
0.002416,0.0023283133333333378,8.768666666666243e-05
0.002223,0.0023037333333333306,-8.073333333333049e-05
0.002348,0.00232606666666666,2.1933333333339685e-05
0.002158,0.002251853333333327,-9.385333333332673e-05
0.00228,0.002274433333333332,5.566666666667868e-06
0.002095,0.0022537099999999986,-0.00015870999999999854
0.002212,0.002172846666666666,3.915333333333413e-05
0.002035,0.00219951,-0.0001645100000000001
0.002145,0.0020605866666666708,8.441333333332945e-05
0.001977,0.0021321866666666666,-0.00015518666666666662
0.002079,0.0020296500000000018,4.9349999999998354e-05
0.001922,0.001999610000000003,-7.76100000000027e-05
0.002016,0.0019940133333333334,2.198666666666663e-05
0.00187,0.002021166666666665,-0.00015116666666666512
0.001955,0.0019089033333333347,4.6096666666665476e-05
0.001821,0.0019556266666666683,-0.00013462666666666837
0.001897,0.0018698366666666678,2.716333333333226e-05
0.001776,0.001940879999999996,-0.00016487999999999594
0.001842,0.0018253033333333313,1.6696666666668773e-05
0.001733,0.0018533899999999988,-0.00012038999999999887
0.001791,0.0017338600000000011,5.713999999999893e-05
0.001694,0.0017465733333333344,-5.2573333333334445e-05
0.001743,0.0016840500000000007,5.894999999999924e-05
0.001658,0.0016925466666666666,-3.454666666666663e-05
0.001698,0.0016496333333333316,4.8366666666668475e-05
0.001624,0.0016614333333333335,-3.74333333333335e-05
0.001657,0.0016150033333333313,4.199666666666879e-05
0.001593,0.0016714700000000004,-7.84700000000004e-05
0.001619,0.0015734900000000016,4.550999999999839e-05
0.001564,0.001630386666666666,-6.638666666666597e-05
0.001584,0.0015583766666666698,2.562333333333013e-05
0.001538,0.0016136433333333317,-7.564333333333166e-05
0.001551,0.0015238533333333313,2.714666666666873e-05
0.001513,0.0015495699999999986,-3.6569999999998574e-05
0.001521,0.0015094500000000016,1.154999999999841e-05
0.00149,0.0015427033333333326,-5.270333333333259e-05
0.001493,0.0014935033333333344,-5.033333333344641e-07
0.001469,0.001544896666666663,-7.589666666666306e-05
0.001468,0.0014606066666666665,7.393333333333444e-06
0.001449,0.001495563333333336,-4.656333333333609e-05
0.001444,0.001412426666666668,3.1573333333331875e-05
0.001431,0.0014450366666666672,-1.4036666666667223e-05
0.001423,0.0013958966666666663,2.71033333333337e-05
0.001413,0.0014295799999999982,-1.6579999999998245e-05
0.001402,0.0013541433333333329,4.785666666666717e-05
0.001397,0.0013698733333333333,2.712666666666668e-05
0.001384,0.001349530000000001,3.446999999999912e-05
0.001382,0.0013893966666666657,-7.396666666665674e-06
0.001366,0.0013367966666666677,2.920333333333229e-05
0.001367,0.001388573333333334,-2.1573333333334017e-05
0.001349,0.001316613333333334,3.2386666666666016e-05
0.001353,0.0013649466666666667,-1.1946666666666625e-05
0.001334,0.0013104399999999997,2.356000000000016e-05
0.00134,0.0013470699999999977,-7.0699999999976944e-06
0.001319,0.0013043300000000018,1.4669999999998313e-05
0.001328,0.0013303333333333325,-2.3333333333324865e-06
0.001305,0.001297543333333334,7.456666666665968e-06
0.001316,0.001330243333333334,-1.424333333333418e-05
0.001292,0.0012720766666666692,1.9923333333330805e-05
0.001304,0.0013025999999999984,1.4000000000016603e-06
0.00128,0.0012647000000000005,1.529999999999956e-05
0.001293,0.0012970166666666702,-4.016666666670134e-06
0.001267,0.001257326666666665,9.673333333334866e-06
0.001282,0.0012962866666666657,-1.4286666666665738e-05
0.001256,0.0012623200000000019,-6.320000000001932e-06
0.001272,0.001334756666666667,-6.275666666666715e-05
0.001245,0.0012520700000000005,-7.070000000000513e-06
0.001262,0.0013384666666666676,-7.646666666666748e-05
0.001234,0.0012516133333333327,-1.7613333333332598e-05
0.001252,0.001337046666666665,-8.504666666666488e-05
0.001224,0.0012344700000000016,-1.0470000000001572e-05
0.001243,0.0013133066666666672,-7.03066666666672e-05
0.001214,0.001231236666666668,-1.723666666666795e-05
0.001234,0.0013065899999999996,-7.258999999999955e-05
0.001205,0.0012231433333333328,-1.814333333333292e-05
0.001225,0.0012957033333333343,-7.070333333333433e-05
0.001196,0.001191736333333333,4.263666666666976e-06
0.001217,0.0012297566666666618,-1.2756666666661814e-05
0.001187,0.0011862329999999992,7.670000000006925e-07
0.001208,0.0012356900000000024,-2.7690000000002305e-05
0.001179,0.0011813763333333334,-2.376333333333489e-06
0.0012,0.0012280266666666682,-2.8026666666668273e-05
0.00117,0.0011657086666666658,4.291333333334259e-06
0.001193,0.0012037766666666656,-1.077666666666555e-05
0.001162,0.0011574633333333326,4.53666666666748e-06
0.001185,0.001194566666666669,-9.566666666668833e-06
0.001154,0.0011536499999999978,3.5000000000225823e-07
0.001178,0.0011920833333333317,-1.4083333333331661e-05
0.001147,0.0011485266666666633,-1.526666666663238e-06
0.001171,0.0011875166666666655,-1.6516666666665505e-05
0.00114,0.0011428600000000012,-2.8600000000012296e-06
0.001164,0.0011860033333333318,-2.200333333333168e-05
0.001133,0.0011330033333333345,-3.33333333461458e-09
0.001157,0.0011735400000000013,-1.6540000000001302e-05
0.001126,0.001126216666666665,-2.1666666666494624e-07
0.001151,0.001156479999999999,-5.479999999999114e-06
0.001119,0.0011280300000000008,-9.0300000000008e-06
0.001144,0.001159776666666667,-1.5776666666666864e-05
0.001112,0.0011223099999999981,-1.0309999999998185e-05
0.001138,0.0011521599999999984,-1.4159999999998523e-05
0.001106,0.0011293266666666682,-2.3326666666668213e-05
0.001131,0.0011613866666666634,-3.0386666666663365e-05
0.001099,0.001123430000000002,-2.443000000000215e-05
0.001125,0.001156799999999998,-3.179999999999806e-05
0.001093,0.001113223333333334,-2.022333333333401e-05
0.001119,0.0011441966666666627,-2.5196666666662745e-05
0.001087,0.0010936876666666705,-6.687666666670448e-06
0.001113,0.001126229999999998,-1.3229999999997974e-05
0.001082,0.001088713333333334,-6.713333333334013e-06
0.001108,0.0011203166666666634,-1.2316666666663343e-05
0.001076,0.0010796433333333346,-3.6433333333346814e-06
0.001102,0.0011093466666666667,-7.346666666666838e-06
0.00107,0.001080460000000002,-1.0460000000002065e-05
0.001096,0.0011114699999999994,-1.5469999999999417e-05
0.001064,0.0010731566666666661,-9.156666666666063e-06
0.001091,0.0011076166666666673,-1.6616666666667296e-05
0.001059,0.0010651600000000036,-6.1600000000035324e-06
0.001085,0.0010969900000000032,-1.199000000000317e-05
0.001053,0.001059786999999998,-6.7869999999981175e-06
0.00108,0.0010938566666666664,-1.385666666666634e-05
0.001048,0.0010560733333333343,-8.073333333334176e-06
0.001075,0.0010905933333333344,-1.5593333333334403e-05
0.001043,0.0010481999999999985,-5.199999999998392e-06
0.00107,0.0010801800000000013,-1.0180000000001342e-05
0.001038,0.001046920000000002,-8.920000000001886e-06
0.001066,0.0010833533333333332,-1.7353333333333058e-05
0.001033,0.0010384113333333353,-5.411333333335197e-06
0.001061,0.001072730000000002,-1.1730000000001895e-05
0.001029,0.0010472686666666681,-1.8268666666668154e-05
0.001056,0.0010884099999999995,-3.240999999999943e-05
0.001024,0.0010420656666666665,-1.8065666666666584e-05
0.001051,0.001082166666666667,-3.116666666666697e-05
0.00102,0.0010233716666666645,-3.371666666664424e-06
0.001047,0.0010574666666666667,-1.046666666666674e-05
0.001015,0.0010183663333333342,-3.3663333333341146e-06
0.001043,0.0010524033333333329,-9.403333333332783e-06
0.001011,0.0010194790000000013,-8.47900000000134e-06
0.001038,0.0010562366666666645,-1.8236666666664398e-05
0.001006,0.0010156730000000017,-9.673000000001708e-06
0.001034,0.0010530733333333321,-1.9073333333332167e-05
0.001002,0.001006999666666671,-4.999666666670975e-06
0.00103,0.0010394903333333344,-9.490333333334261e-06
0.0009985,0.0009988220000000036,-3.220000000035521e-07
0.001026,0.001030150999999999,-4.150999999998897e-06
0.0009946,0.0010029456666666703,-8.345666666670316e-06
0.001022,0.0010364233333333315,-1.4423333333331593e-05
0.0009908,0.0009995063333333347,-8.70633333333471e-06
0.001019,0.0010335393333333336,-1.4539333333333637e-05
0.000987,0.0009961363333333363,-9.136333333336277e-06
0.001015,0.0010329649999999988,-1.7964999999998694e-05
0.0009833,0.000997022666666669,-1.3722666666669001e-05
0.001011,0.0010365649999999984,-2.5564999999998445e-05
0.0009797,0.0009895376666666676,-9.83766666666757e-06
0.001008,0.0010281223333333314,-2.0122333333331445e-05
0.0009763,0.0009850430000000003,-8.743000000000292e-06
0.001004,0.0010226719999999988,-1.8671999999998875e-05
0.0009729,0.0009733826666666653,-4.826666666653398e-07
0.001001,0.0010052819999999975,-4.2819999999975985e-06
0.0009696,0.0009760046666666647,-6.404666666664691e-06
0.0009976,0.0010086263333333374,-1.1026333333337413e-05
0.0009663,0.0009731476666666659,-6.84766666666592e-06
0.0009946,0.001008038333333332,-1.3438333333332022e-05
0.000963,0.000971983333333333,-8.983333333333e-06
0.0009915,0.0010075476666666688,-1.6047666666668854e-05
0.0009598,0.0009670196666666671,-7.219666666667115e-06
0.0009884,0.0010023093333333345,-1.3909333333334559e-05
0.0009567,0.0009621193333333334,-5.4193333333333715e-06
0.0009853,0.0009957903333333317,-1.0490333333331792e-05
0.0009535,0.0009679133333333347,-1.4413333333334688e-05
0.0009824,0.001004779,-2.237899999999989e-05
0.0009508,0.0009591993333333337,-8.399333333333672e-06
0.0009796,0.000993029333333334,-1.342933333333394e-05
0.0009481,0.0009489516666666653,-8.516666666652951e-07
0.0009769,0.0009806916666666673,-3.7916666666673506e-06
0.0009455,0.0009483010000000014,-2.801000000001385e-06
0.0009743,0.0009793720000000016,-5.0720000000015805e-06
0.0009429,0.0009450519999999994,-2.151999999999406e-06
0.0009718,0.0009762840000000021,-4.48400000000208e-06
0.0009404,0.000940533666666665,-1.3366666666504885e-07
0.0009693,0.0009707649999999995,-1.4649999999995396e-06
0.0009379,0.0009386410000000013,-7.410000000013673e-07
0.0009669,0.0009695030000000023,-2.603000000002279e-06
0.0009356,0.0009385843333333327,-2.984333333332762e-06
0.0009647,0.0009698396666666648,-5.139666666664831e-06
0.0009333,0.0009364543333333316,-3.154333333331644e-06
0.0009624,0.0009675523333333339,-5.152333333333938e-06
0.000931,0.0009331823333333339,-2.1823333333339037e-06
0.0009602,0.0009641046666666673,-3.904666666667287e-06
0.0009286,0.0009300206666666646,-1.4206666666646047e-06
0.0009581,0.0009605163333333361,-2.4163333333360702e-06
0.0009265,0.000926687333333332,-1.8733333333198227e-07
0.000956,0.0009566423333333347,-6.423333333347011e-07
0.0009244,0.0009268369999999977,-2.4369999999977136e-06
0.000954,0.0009576860000000045,-3.6860000000044774e-06
0.0009225,0.0009226946666666654,-1.946666666653588e-07
0.000952,0.0009524330000000046,-4.3300000000454086e-07
0.0009206,0.0009210126666666655,-4.126666666654302e-07
0.0009501,0.0009523123333333379,-2.212333333337954e-06
0.0009188,0.0009168009999999988,1.9990000000012255e-06
0.0009483,0.0009465739999999993,1.7260000000007217e-06
0.0009169,0.0009174200000000001,-5.20000000000056e-07
0.0009465,0.0009469810000000016,-4.810000000016103e-07
0.0009151,0.0009163273333333346,-1.227333333334588e-06
0.0009448,0.0009470513333333315,-2.2513333333315207e-06
0.0009132,0.0009134176666666686,-2.1766666666864828e-07
0.0009432,0.0009436900000000002,-4.900000000001258e-07
0.0009113,0.0009112020000000028,9.799999999720622e-08
0.0009415,0.0009421386666666646,-6.386666666646518e-07
0.0009096,0.0009087116666666671,8.883333333329366e-07
0.0009399,0.0009389346666666665,9.653333333334985e-07
0.000908,0.0009079913333333342,8.666666665791203e-09
0.0009381,0.0009381549999999998,-5.4999999999781786e-08
0.0009064,0.0009060916666666656,3.0833333333442955e-07
0.0009363,0.0009361970000000007,1.0299999999934493e-07
0.0009047,0.000907306666666664,-2.6066666666639798e-06
0.0009345,0.0009385860000000022,-4.08600000000221e-06
0.000903,0.0009036976666666663,-6.976666666662313e-07
0.0009328,0.0009341033333333343,-1.3033333333342667e-06
0.0009012,0.0009025846666666661,-1.3846666666660979e-06
0.0009311,0.0009330423333333358,-1.9423333333357627e-06
0.0008996,0.0008990226666666666,5.773333333333524e-07
0.0009295,0.0009291413333333331,3.586666666668568e-07
0.000898,0.0009002196666666664,-2.219666666666343e-06
0.0009279,0.000930925333333333,-3.0253333333330823e-06
0.0008965,0.000895884000000003,6.159999999970139e-07
0.0009263,0.0009256783333333344,6.216666666655768e-07
0.0008952,0.0008950026666666646,1.9733333333539233e-07
0.0009248,0.0009250483333333307,-2.483333333306659e-07
0.0008936,0.0008939336666666706,-3.3366666667058315e-07
0.0009233,0.0009243383333333334,-1.0383333333333468e-06
0.0008921,0.0008917666666666637,3.3333333333623264e-07
0.0009218,0.0009219696666666662,-1.696666666662662e-07
0.0008905,0.000891344000000003,-8.440000000029891e-07
0.0009202,0.0009220506666666648,-1.8506666666647615e-06
0.0008889,0.0008884776666666686,4.223333333313456e-07
0.0009186,0.0009189949999999987,-3.949999999987384e-07
0.0008874,0.0008880166666666659,-6.166666666659317e-07
0.0009168,0.0009182579999999994,-1.4579999999994294e-06
0.0008859,0.0008846120000000027,1.2879999999972948e-06
0.0009151,0.0009139453333333336,1.1546666666663796e-06
0.0008842,0.000886153000000001,-1.953000000000935e-06
0.0009132,0.0009164533333333343,-3.253333333334287e-06
0.0008824,0.0008815956666666695,8.043333333305298e-07
0.0009113,0.0009106626666666686,6.373333333313698e-07
0.0008806,0.0008809923333333375,-3.9233333333748687e-07
0.0009094,0.0009099073333333322,-5.073333333322503e-07
0.0008787,0.0008775493333333381,1.1506666666619798e-06
0.0009072,0.0009065893333333295,6.106666666704993e-07
0.0008769,0.0008761393333333335,7.606666666664643e-07
0.0009049,0.0009048346666666661,6.533333333396448e-08
0.000875,0.0008774686666666716,-2.4686666666715647e-06
0.0009025,0.0009071426666666645,-4.642666666664487e-06
0.000873,0.0008724733333333318,5.26666666668201e-07
0.0009,0.0009000383333333316,-3.8333333331587796e-08
0.0008712,0.000870400333333337,7.996666666630669e-07
0.0008977,0.0008976056666666652,9.433333333474635e-08
0.0008691,0.0008681423333333349,9.57666666665121e-07
0.0008953,0.0008951246666666664,1.7533333333363647e-07
0.000867,0.0008663093333333354,6.906666666646032e-07
0.0008929,0.0008932346666666638,-3.3466666666387684e-07
0.0008649,0.0008655840000000016,-6.84000000001554e-07
0.0008907,0.0008926636666666645,-1.9636666666644808e-06
0.0008628,0.0008606463333333324,2.153666666667689e-06
0.0008885,0.0008882996666666678,2.0033333333218696e-07
0.0008607,0.0008596329999999983,1.0670000000017298e-06
0.0008864,0.0008870250000000017,-6.250000000017093e-07
0.0008588,0.0008579693333333316,8.306666666683254e-07
0.0008843,0.0008848666666666664,-5.666666666664455e-07
0.0008567,0.0008554736666666683,1.2263333333316449e-06
0.0008822,0.0008820286666666662,1.7133333333379033e-07
0.0008547,0.0008522690000000025,2.4309999999975107e-06
0.0008801,0.000878602999999998,1.497000000001995e-06
0.0008527,0.0008516760000000035,1.023999999996499e-06
0.0008782,0.0008784483333333305,-2.483333333305575e-07
0.0008508,0.0008505113333333342,2.8866666666575464e-07
0.0008762,0.0008777773333333318,-1.5773333333317504e-06
0.000849,0.0008480656666666658,9.34333333334203e-07
0.0008744,0.0008752833333333347,-8.83333333334701e-07
0.0008471,0.000845872999999997,1.2270000000030564e-06
0.0008727,0.0008725886666666657,1.113333333343635e-07
0.0008453,0.0008443663333333329,9.336666666671283e-07
0.0008714,0.0008717370000000034,-3.370000000033546e-07
0.0008436,0.0008414980000000014,2.101999999998619e-06
0.0008701,0.0008697480000000017,3.5199999999827817e-07
0.0008419,0.000840805666666665,1.0943333333349875e-06
0.000869,0.0008688256666666679,1.7433333333210285e-07
0.0008405,0.0008405593333333367,-5.9333333336688936e-08
0.0008677,0.0008683836666666693,-6.836666666692635e-07
0.0008391,0.0008395746666666641,-4.746666666641296e-07
0.000866,0.0008673380000000008,-1.3380000000007925e-06
0.0008376,0.0008362156666666705,1.3843333333294705e-06
0.0008641,0.0008635253333333326,5.746666666674389e-07
0.0008363,0.0008336453333333344,2.654666666665603e-06
0.0008626,0.0008610566666666699,1.5433333333301309e-06
0.0008352,0.0008334520000000025,1.7479999999974903e-06
0.0008614,0.0008603370000000037,1.0629999999963542e-06
0.0008341,0.0008337063333333367,3.9366666666339634e-07
0.0008604,0.0008602480000000051,1.5199999999491228e-07
0.0008332,0.000832766333333336,4.3366666666402615e-07
0.0008595,0.0008595930000000037,-9.300000000363271e-08
0.0008322,0.0008327603333333353,-5.603333333353616e-07
0.0008585,0.0008593190000000051,-8.190000000050891e-07
0.0008309,0.0008298623333333335,1.037666666666489e-06
0.0008573,0.000857144000000002,1.5599999999801103e-07
0.0008297,0.0008312010000000005,-1.50100000000054e-06
0.0008564,0.0008568040000000038,-4.04000000003759e-07
0.0008286,0.0008284019999999992,1.980000000007323e-07
0.0008554,0.0008554773333333354,-7.733333333545447e-08
0.0008275,0.0008269039999999966,5.96000000003421e-07
0.0008546,0.000853922999999997,6.770000000029617e-07
0.0008268,0.0008264076666666663,3.9233333333369216e-07
0.0008538,0.0008536656666666681,1.3433333333190672e-07
0.000826,0.0008258229999999998,1.7700000000018482e-07
0.000853,0.0008533863333333352,-3.86333333335224e-07
0.0008253,0.0008251103333333317,1.896666666682074e-07
0.0008527,0.0008526550000000001,4.4999999999841174e-08
0.0008246,0.0008239966666666679,6.033333333321355e-07
0.0008517,0.0008515006666666695,1.993333333305449e-07
0.0008237,0.000823383333333333,3.1666666666706287e-07
0.0008508,0.0008509866666666685,-1.8666666666848544e-07
0.0008229,0.000823159000000001,-2.5900000000104225e-07
0.0008502,0.0008514246666666705,-1.2246666666705175e-06
0.0008222,0.000822552666666667,-3.526666666669792e-07
0.0008498,0.0008506446666666687,-8.446666666687627e-07
0.0008216,0.0008219246666666641,-3.2466666666404465e-07
0.0008498,0.000849884333333335,-8.433333333502258e-08
0.0008213,0.0008218646666666694,-5.646666666694498e-07
0.00085,0.000849975333333337,2.466666666289894e-08
0.0008209,0.0008215243333333369,-6.243333333369114e-07
0.0008497,0.0008498776666666704,-1.776666666704037e-07
0.0008209,0.0008209853333333381,-8.533333333818251e-08
0.0008496,0.0008497660000000028,-1.6600000000272213e-07
0.0008209,0.0008213356666666686,-4.356666666686113e-07
0.0008498,0.0008499996666666682,-1.9966666666825644e-07
0.000821,0.0008211890000000006,-1.890000000005906e-07
0.00085,0.0008502750000000033,-2.7500000000335416e-07
0.0008212,0.0008212763333333312,-7.633333333121033e-08
0.0008506,0.0008504799999999983,1.200000000016726e-07
0.0008213,0.0008215996666666648,-2.9966666666484364e-07
0.0008512,0.0008512619999999993,-6.19999999993499e-08
0.0008215,0.000822033666666664,-5.336666666640828e-07
0.0008519,0.0008518686666666643,3.133333333570597e-08
0.000822,0.0008223273333333342,-3.273333333341866e-07
0.0008528,0.0008525466666666644,2.5333333333562354e-07
0.0008224,0.0008231016666666646,-7.016666666645596e-07
0.0008538,0.0008538526666666663,-5.2666666666267153e-08
0.000823,0.0008237426666666687,-7.42666666668783e-07
0.0008547,0.0008552156666666646,-5.156666666645583e-07
0.0008237,0.0008245463333333333,-8.463333333332511e-07
0.0008559,0.0008559406666666686,-4.0666666668571876e-08
0.0008246,0.0008257103333333371,-1.1103333333370826e-06
0.0008571,0.0008574306666666678,-3.306666666678254e-07
0.0008255,0.0008270486666666692,-1.5486666666692222e-06
0.0008582,0.0008592426666666678,-1.0426666666677603e-06
0.0008265,0.0008293260000000035,-2.826000000003513e-06
0.0008594,0.0008595599999999994,-1.5999999999948347e-07
0.0008276,0.0008268806666666693,7.193333333306009e-07
0.0008605,0.0008589973333333365,1.5026666666635106e-06
0.000829,0.0008295720000000028,-5.720000000028263e-07
0.0008617,0.0008615950000000019,1.0499999999807538e-07
0.0008304,0.0008299730000000001,4.2699999999989274e-07
0.0008632,0.0008618436666666647,1.3563333333352096e-06
0.0008322,0.0008323166666666673,-1.1666666666738327e-07
0.0008646,0.000864329666666665,2.7033333333502385e-07
0.0008341,0.000834956666666668,-8.566666666679759e-07
0.0008664,0.0008665413333333357,-1.4133333333570322e-07
0.0008359,0.0008368930000000011,-9.930000000011067e-07
0.0008682,0.0008688306666666663,-6.30666666666369e-07
0.0008379,0.0008385766666666666,-6.766666666665512e-07
0.0008699,0.0008703683333333348,-4.683333333348888e-07
0.0008396,0.0008373450000000011,2.254999999998968e-06
0.0008718,0.0008691333333333354,2.6666666666645992e-06
0.0008411,0.0008394773333333344,1.6226666666656168e-06
0.0008737,0.0008710296666666677,2.6703333333323717e-06
0.0008428,0.0008415610000000012,1.2389999999988e-06
0.0008755,0.0008738516666666681,1.6483333333318926e-06
0.0008447,0.000845630000000002,-9.300000000020663e-07
0.0008777,0.0008776179999999987,8.200000000129111e-08
0.0008467,0.0008485119999999991,-1.81199999999904e-06
0.0008799,0.000880008999999999,-1.0899999999900573e-07
0.000849,0.0008487396666666682,2.6033333333183063e-07
0.0008822,0.0008808366666666644,1.3633333333355367e-06
0.0008514,0.0008516429999999971,-2.4299999999710404e-07
0.0008847,0.0008839620000000007,7.379999999992601e-07
0.0008538,0.0008553040000000004,-1.5040000000003705e-06
0.0008872,0.0008864143333333317,7.856666666682674e-07
0.0008562,0.0008570956666666644,-8.956666666643616e-07
0.0008898,0.0008894576666666647,3.4233333333539857e-07
0.0008588,0.0008615579999999989,-2.757999999998973e-06
0.0008926,0.0008927149999999994,-1.1499999999942546e-07
0.0008615,0.0008632526666666649,-1.7526666666649532e-06
0.0008955,0.0008948260000000004,6.739999999996618e-07
0.0008645,0.0008646173333333303,-1.1733333333022958e-07
0.0008986,0.0008969249999999982,1.6750000000018703e-06
0.0008677,0.0008675169999999982,1.8300000000179718e-07
0.0009017,0.0009004733333333354,1.226666666664586e-06
0.0008705,0.0008702650000000003,2.3499999999968858e-07
0.0009048,0.000901523000000001,3.2769999999990133e-06
0.0008736,0.0008714816666666678,2.118333333332137e-06
0.0009081,0.0008992823333333366,8.817666666663436e-06
0.0008767,0.000874832333333333,1.8676666666669808e-06
0.0009116,0.0009060003333333344,5.599666666665677e-06
0.0008799,0.0008781080000000022,1.7919999999977494e-06
0.0009152,0.0009093343333333356,5.865666666664444e-06
0.0008836,0.0008835826666666693,1.7333333330715045e-08
0.0009191,0.0009155816666666686,3.5183333333313038e-06
0.0008875,0.0008867486666666685,7.513333333315384e-07
0.0009229,0.0009164960000000017,6.403999999998375e-06
0.0008913,0.0008877179999999998,3.5820000000002378e-06
0.0009267,0.0009222473333333355,4.452666666664531e-06
0.0008953,0.0008927146666666678,2.585333333332226e-06
0.0009308,0.0009218473333333338,8.952666666666212e-06
0.0008995,0.0008940173333333348,5.4826666666652445e-06
0.000935,0.0009203110000000002,1.4688999999999805e-05
0.0009035,0.0008978253333333339,5.674666666666099e-06
0.0009393,0.0009267979999999981,1.2502000000001907e-05
0.0009076,0.0008987816666666678,8.818333333332246e-06
0.0009437,0.0009259253333333339,1.7774666666666122e-05
0.0009116,0.0009119770000000004,-3.770000000004065e-07
0.0009479,0.0009453976666666684,2.5023333333315696e-06
0.0009157,0.000907802000000002,7.897999999997938e-06
0.0009521,0.0009356756666666662,1.6424333333333826e-05
0.0009198,0.0009183036666666663,1.4963333333337277e-06
0.0009562,0.0009491236666666673,7.07633333333279e-06
0.0009242,0.0009202443333333338,3.9556666666662466e-06
0.0009604,0.0009527139999999995,7.686000000000563e-06
0.0009286,0.0009231026666666655,5.497333333334491e-06
0.0009648,0.0009530370000000004,1.1762999999999596e-05
0.0009331,0.0009321040000000012,9.959999999987687e-07
0.0009695,0.0009658609999999987,3.6390000000012437e-06
0.0009377,0.0009362213333333336,1.4786666666663853e-06
0.0009743,0.0009692290000000036,5.0709999999963605e-06
0.0009422,0.0009371213333333351,5.078666666664955e-06
0.0009792,0.0009699143333333345,9.285666666665492e-06
0.0009468,0.0009389113333333343,7.888666666665723e-06
0.000984,0.0009693210000000023,1.4678999999997804e-05
0.0009513,0.0009418513333333345,9.448666666665457e-06
0.000989,0.0009712373333333353,1.776266666666474e-05
0.0009559,0.0009463356666666665,9.564333333333475e-06
0.0009938,0.0009741933333333342,1.9606666666665802e-05
0.0009606,0.0009536130000000012,6.986999999998881e-06
0.0009987,0.0009867523333333319,1.194766666666805e-05
0.0009653,0.0009576903333333332,7.609666666666751e-06
0.001004,0.000987763666666668,1.623633333333184e-05
0.0009701,0.0009598883333333339,1.0211666666666086e-05
0.001008,0.0009871113333333344,2.0888666666665605e-05
0.0009752,0.0009674806666666644,7.719333333335542e-06
0.001013,0.0009987793333333364,1.4220666666663615e-05
0.0009802,0.0009721450000000023,8.054999999997808e-06
0.001018,0.001003503666666665,1.449633333333502e-05
0.0009854,0.0009784413333333312,6.958666666668752e-06
0.001023,0.0010081733333333343,1.4826666666665784e-05
0.0009904,0.000982284666666667,8.115333333333103e-06
0.001029,0.001013088333333333,1.591166666666693e-05
0.0009952,0.0009906263333333333,4.573666666666653e-06
0.001034,0.0010230603333333359,1.0939666666664105e-05
0.0009999,0.0009916636666666657,8.23633333333425e-06
0.001039,0.0010202209999999987,1.877900000000132e-05
0.001005,0.0009982499999999994,6.750000000000679e-06
0.001044,0.001023791333333332,2.020866666666791e-05
0.00101,0.0010026083333333322,7.391666666667872e-06
0.001049,0.0010297539999999982,1.924600000000184e-05
0.001015,0.0010041339999999994,1.0866000000000651e-05
0.001055,0.0010291146666666657,2.5885333333334256e-05
0.001021,0.0010092253333333333,1.1774666666666735e-05
0.00106,0.001036308666666667,2.3691333333332888e-05
0.001027,0.0010174279999999977,9.572000000002178e-06
0.001066,0.0010501816666666675,1.5818333333332633e-05
0.001032,0.001023246666666666,8.753333333333824e-06
0.001072,0.001055254,1.6745999999999992e-05
0.001038,0.0010311683333333317,6.831666666668379e-06
0.001078,0.0010645166666666671,1.3483333333332839e-05
0.001043,0.0010384803333333328,4.519666666667321e-06
0.001083,0.0010721566666666688,1.084333333333117e-05
0.001049,0.0010411883333333318,7.811666666668196e-06
0.001089,0.001074239000000001,1.4760999999998987e-05
0.001055,0.0010486103333333325,6.389666666667491e-06
0.001095,0.0010838100000000023,1.118999999999773e-05
0.001061,0.0010574366666666647,3.5633333333353733e-06
0.001102,0.0010931800000000024,8.819999999997493e-06
0.001067,0.0010661839999999985,8.160000000015724e-07
0.001108,0.0011028966666666647,5.103333333335335e-06
0.001073,0.0010743333333333347,-1.333333333334739e-06
0.001115,0.0011152500000000014,-2.500000000013342e-07
0.00108,0.0010873133333333315,-7.313333333331534e-06
0.001122,0.0011318733333333338,-9.873333333333895e-06
0.001086,0.0010906600000000033,-4.660000000003333e-06
0.00113,0.0011338733333333332,-3.8733333333333154e-06
0.001093,0.001091339999999997,1.6600000000029352e-06
0.001138,0.0011359533333333354,2.0466666666644866e-06
0.0011,0.0011019300000000018,-1.9300000000017654e-06
0.001146,0.0011497299999999972,-3.729999999997147e-06
0.001108,0.0011125799999999986,-4.579999999998604e-06
0.001155,0.0011581633333333343,-3.1633333333342794e-06
0.001116,0.001117546666666664,-1.5466666666639865e-06
0.001163,0.0011635400000000013,-5.400000000013467e-07
0.001125,0.0011240500000000023,9.499999999976107e-07
0.001172,0.001168456666666667,3.543333333333107e-06
0.001134,0.0011325266666666629,1.4733333333371602e-06
0.001181,0.0011774866666666686,3.5133333333313334e-06
0.001144,0.0011376700000000006,6.329999999999487e-06
0.001191,0.001183469999999997,7.530000000002986e-06
0.001154,0.0011514766666666687,2.523333333331358e-06
0.001201,0.0011949199999999978,6.080000000002273e-06
0.001163,0.0011545099999999968,8.490000000003139e-06
0.001212,0.0011988133333333344,1.3186666666665549e-05
0.001174,0.0011580433333333354,1.5956666666664494e-05
0.001223,0.0011957433333333325,2.7256666666667425e-05
0.001184,0.0011613466666666697,2.2653333333330205e-05
0.001235,0.0011950899999999998,3.9910000000000206e-05
0.001195,0.0011671833333333375,2.781666666666258e-05
0.001247,0.0012014266666666674,4.557333333333265e-05
0.001207,0.0011904866666666688,1.6513333333331107e-05
0.001259,0.0012347699999999979,2.4230000000002036e-05
0.001219,0.0012031566666666715,1.584333333332858e-05
0.001271,0.0012470266666666703,2.3973333333329738e-05
0.001232,0.0012131400000000047,1.885999999999533e-05
0.001283,0.001252213333333335,3.078666666666511e-05
0.001244,0.0012279200000000026,1.607999999999753e-05
0.001296,0.0012667133333333317,2.928666666666838e-05
0.001257,0.0012446133333333341,1.2386666666665963e-05
0.00131,0.001282053333333333,2.7946666666667013e-05
0.00127,0.0012478000000000016,2.219999999999848e-05
0.001324,0.001284003333333333,3.999666666666701e-05
0.001284,0.001256696666666666,2.730333333333403e-05
0.001339,0.001292723333333335,4.627666666666484e-05
0.001298,0.0012749633333333334,2.3036666666666466e-05
0.001354,0.001310973333333334,4.302666666666593e-05
0.001312,0.0012904366666666664,2.1563333333333642e-05
0.001369,0.0013293000000000042,3.9699999999995815e-05
0.001327,0.0013006133333333361,2.6386666666663918e-05
0.001384,0.0013322800000000008,5.171999999999924e-05
0.001342,0.001317900000000004,2.4099999999996086e-05
0.001399,0.0013527633333333324,4.623666666666768e-05
0.001357,0.0013295466666666698,2.7453333333330105e-05
0.001414,0.0013707266666666664,4.3273333333333514e-05
0.001372,0.001348156666666667,2.3843333333332896e-05
0.001429,0.001385560000000003,4.343999999999702e-05
0.001387,0.0013687166666666675,1.8283333333332522e-05
0.001443,0.0014102200000000024,3.2779999999997663e-05
0.001403,0.001375723333333337,2.727666666666297e-05
0.001458,0.001406650000000001,5.134999999999905e-05
0.001418,0.0014024600000000038,1.5539999999996182e-05
0.001471,0.0014344699999999998,3.653000000000033e-05
0.001433,0.0014228633333333298,1.0136666666670218e-05
0.001485,0.0014678233333333343,1.7176666666665705e-05
0.001447,0.001438576666666665,8.423333333334917e-06
0.0015,0.0014805033333333342,1.9496666666665805e-05
0.001463,0.0014481733333333335,1.4826666666666651e-05
0.001514,0.001491463333333333,2.2536666666666833e-05
0.001478,0.0014588499999999996,1.915000000000033e-05
0.00153,0.0014989966666666672,3.100333333333266e-05
0.001493,0.001481346666666667,1.1653333333332865e-05
0.001546,0.0015263799999999995,1.9620000000000574e-05
0.001508,0.0014803466666666702,2.7653333333329784e-05
0.001562,0.0015198699999999991,4.21300000000009e-05
0.001523,0.001501030000000002,2.196999999999811e-05
0.001578,0.0015385900000000007,3.940999999999927e-05
0.001537,0.001509280000000001,2.7719999999998874e-05
0.001594,0.001552306666666671,4.169333333332902e-05
0.001552,0.0015326666666666663,1.933333333333366e-05
0.00161,0.0015762866666666675,3.371333333333261e-05
0.001567,0.001546886666666667,2.011333333333293e-05
0.001627,0.0015907366666666634,3.626333333333655e-05
0.001582,0.0015614833333333325,2.0516666666667554e-05
0.001643,0.0016016866666666656,4.131333333333431e-05
0.001597,0.0015750599999999955,2.194000000000436e-05
0.001659,0.00161349,4.5510000000000125e-05
0.001613,0.0016072633333333336,5.736666666666425e-06
0.001676,0.0016530833333333334,2.2916666666666528e-05
0.001629,0.0016105166666666696,1.8483333333330467e-05
0.001693,0.0016442066666666664,4.879333333333369e-05
0.001645,0.0016313033333333327,1.369666666666729e-05
0.00171,0.0016730799999999978,3.6920000000002133e-05
0.001661,0.0016412699999999987,1.9730000000001222e-05
0.001727,0.0016781366666666674,4.8863333333332626e-05
0.001677,0.0016663933333333312,1.0606666666668945e-05
0.001744,0.0017134866666666652,3.0513333333334917e-05
0.001694,0.001677376666666665,1.6623333333335008e-05
0.001761,0.0017277866666666637,3.321333333333623e-05
0.00171,0.001691833333333331,1.8166666666668933e-05
0.001779,0.0017418366666666696,3.7163333333330335e-05
0.001728,0.0017032899999999966,2.4710000000003306e-05
0.001797,0.0017467666666666644,5.023333333333555e-05
0.001745,0.0017207799999999988,2.422000000000123e-05
0.001816,0.0017712366666666642,4.4763333333335724e-05
0.001763,0.0017511133333333322,1.1886666666667848e-05
0.001835,0.001814450000000002,2.0549999999998087e-05
0.001781,0.0017734599999999988,7.540000000001192e-06
0.001854,0.001839990000000001,1.400999999999898e-05
0.001799,0.0017820599999999963,1.6940000000003697e-05
0.001873,0.0018473000000000044,2.569999999999569e-05
0.001818,0.0017909899999999975,2.701000000000244e-05
0.001892,0.0018548400000000058,3.71599999999942e-05
0.001837,0.0018098133333333307,2.718666666666936e-05
0.001911,0.0018770666666666686,3.39333333333313e-05
0.001856,0.0018377533333333318,1.824666666666824e-05
0.00193,0.0019052000000000016,2.4799999999998434e-05
0.001875,0.0018491066666666675,2.589333333333243e-05
0.00195,0.0018951799999999996,5.4820000000000346e-05
0.001895,0.0018636000000000024,3.139999999999762e-05
0.00197,0.0019247600000000034,4.5239999999996524e-05
0.001914,0.0018940133333333299,1.998666666667005e-05
0.001991,0.0019469666666666707,4.4033333333329434e-05
0.001934,0.0018923566666666687,4.164333333333127e-05
0.002012,0.0019577700000000023,5.422999999999756e-05
0.001954,0.0019186699999999986,3.5330000000001385e-05
0.002034,0.001974866666666667,5.9133333333333e-05
0.001974,0.0019552466666666684,1.8753333333331682e-05
0.002055,0.0020289066666666646,2.6093333333335363e-05
0.001995,0.0019628666666666674,3.213333333333245e-05
0.002076,0.0020207033333333314,5.5296666666668735e-05
0.002016,0.001978683333333333,3.7316666666667095e-05
0.002097,0.002031969999999998,6.503000000000194e-05
0.002038,0.001982643333333335,5.535666666666491e-05
0.002119,0.002022976666666668,9.602333333333163e-05
0.00206,0.002003056666666662,5.69433333333382e-05
0.002141,0.00204116666666667,9.983333333333025e-05
0.002081,0.0020367900000000006,4.420999999999939e-05
0.002163,0.0021037366666666626,5.926333333333743e-05
0.002103,0.002053996666666665,4.900333333333505e-05
0.002186,0.002118830000000004,6.716999999999617e-05
0.002125,0.0020978300000000023,2.7169999999997804e-05
0.002208,0.0021609133333333323,4.708666666666762e-05
0.002147,0.0020915266666666653,5.5473333333334787e-05
0.00223,0.002153716666666665,7.628333333333523e-05
0.002169,0.0021171366666666697,5.1863333333330205e-05
0.002253,0.002156143333333331,9.685666666666868e-05
0.002192,0.00215108333333333,4.091666666667e-05
0.002276,0.002209966666666666,6.603333333333366e-05
0.002214,0.0021819766666666698,3.202333333333007e-05
0.002299,0.002245373333333327,5.3626666666673015e-05
0.002236,0.0021995300000000016,3.646999999999852e-05
0.002322,0.002267216666666667,5.478333333333281e-05
0.002259,0.0022158433333333387,4.315666666666147e-05
0.002346,0.0022886133333333363,5.7386666666663696e-05
0.002282,0.0022494700000000034,3.252999999999676e-05
0.00237,0.0023143633333333287,5.563666666667149e-05
0.002306,0.002258586666666671,4.741333333332888e-05
0.002393,0.0023251166666666614,6.788333333333871e-05
0.00233,0.002294410000000002,3.5589999999998106e-05
0.002417,0.0023617099999999978,5.529000000000211e-05
0.002354,0.002309860000000006,4.4139999999994167e-05
0.002442,0.0023786966666666668,6.330333333333339e-05
0.002378,0.002333473333333332,4.452666666666808e-05
0.002466,0.0023955300000000055,7.046999999999436e-05
0.002403,0.002359126666666664,4.387333333333602e-05
0.002491,0.002418643333333336,7.235666666666413e-05
0.002427,0.0024040700000000003,2.2929999999999565e-05
0.002515,0.002478910000000004,3.6089999999996004e-05
0.002451,0.002410803333333328,4.019666666667211e-05
0.002539,0.0024768666666666705,6.21333333333295e-05
0.002476,0.0024391066666666623,3.689333333333758e-05
0.002565,0.002513369999999997,5.163000000000303e-05
0.002501,0.002443586666666668,5.741333333333237e-05
0.00259,0.0025143100000000027,7.568999999999718e-05
0.002525,0.002479739999999998,4.5260000000001827e-05
0.002615,0.002541809999999998,7.319000000000206e-05
0.002549,0.002505946666666666,4.305333333333395e-05
0.002641,0.0025652933333333364,7.570666666666375e-05
0.000991,0.0009759200000000009,1.5079999999999022e-05
0.001036,0.001013850666666667,2.214933333333311e-05
0.0009789,0.0009715280000000022,7.3719999999977874e-06
0.001025,0.0010132236666666667,1.1776333333333392e-05
0.000967,0.0009505483333333334,1.645166666666654e-05
0.001014,0.0009874386666666657,2.6561333333334275e-05
0.000956,0.0009340349999999992,2.196500000000085e-05
0.001004,0.0009732233333333351,3.077666666666484e-05
0.0009462,0.0009345046666666671,1.1695333333332876e-05
0.0009953,0.0009782850000000015,1.701499999999848e-05
0.0009365,0.0009169470000000013,1.955299999999876e-05
0.0009866,0.0009588593333333342,2.774066666666583e-05
0.0009281,0.000913300666666668,1.4799333333331984e-05
0.0009785,0.0009548569999999987,2.364300000000125e-05
0.00092,0.0009061266666666673,1.3873333333332691e-05
0.0009715,0.0009474996666666657,2.4000333333334283e-05
0.0009119,0.0009056370000000006,6.262999999999408e-06
0.000965,0.0009491039999999999,1.589600000000016e-05
0.0009063,0.0008832676666666676,2.3032333333332378e-05
0.0009588,0.0009211573333333334,3.764266666666659e-05
0.0009,0.000890963333333332,9.036666666667969e-06
0.0009535,0.0009359216666666668,1.757833333333324e-05
0.0008934,0.0008961140000000012,-2.7140000000012076e-06
0.000948,0.0009424739999999982,5.52600000000179e-06
0.0008887,0.0008845060000000027,4.193999999997297e-06
0.0009433,0.0009316013333333338,1.169866666666619e-05
0.0008836,0.0008867469999999994,-3.1469999999993517e-06
0.0009391,0.0009326603333333324,6.4396666666676275e-06
0.000879,0.0008787763333333363,2.2366666666375542e-07
0.0009349,0.000928049999999999,6.850000000001061e-06
0.0008749,0.0008813310000000002,-6.43100000000021e-06
0.0009315,0.0009275983333333314,3.901666666668649e-06
0.0008716,0.0008785043333333332,-6.9043333333331175e-06
0.0009287,0.0009284246666666651,2.7533333333488574e-07
0.0008687,0.000875120666666667,-6.420666666667003e-06
0.0009257,0.000929799333333334,-4.0993333333339465e-06
0.0008655,0.0008687429999999996,-3.2429999999996706e-06
0.0009228,0.0009259296666666657,-3.1296666666657093e-06
0.0008627,0.0008665086666666649,-3.8086666666649078e-06
0.0009206,0.0009237413333333339,-3.1413333333338246e-06
0.0008597,0.0008647963333333312,-5.096333333331213e-06
0.0009182,0.0009227553333333303,-4.555333333330284e-06
0.0008581,0.0008597499999999977,-1.649999999997682e-06
0.0009163,0.0009181413333333333,-1.841333333333305e-06
0.0008568,0.0008604439999999978,-3.6439999999977445e-06
0.0009144,0.0009188366666666679,-4.436666666667857e-06
0.0008551,0.0008584173333333321,-3.317333333332042e-06
0.000913,0.0009163633333333341,-3.363333333334176e-06
0.0008532,0.000857431,-4.23099999999994e-06
0.0009118,0.0009164920000000007,-4.692000000000693e-06
0.0008521,0.0008514613333333312,6.386666666687718e-07
0.0009108,0.0009103366666666669,4.6333333333307535e-07
0.0008509,0.0008496793333333349,1.220666666665142e-06
0.0009102,0.0009088983333333339,1.301666666666092e-06
0.0008496,0.00085074133333333,-1.1413333333299813e-06
0.0009095,0.000909954,-4.539999999999926e-07
0.0008502,0.0008471850000000005,3.0149999999994417e-06
0.0009092,0.0009054613333333328,3.7386666666671666e-06
0.0008494,0.0008521339999999991,-2.733999999999029e-06
0.000909,0.0009109993333333346,-1.9993333333346002e-06
0.0008495,0.0008493623333333321,1.3766666666793076e-07
0.0009089,0.0009083226666666659,5.773333333341114e-07
0.0008495,0.0008019429999999991,4.7557000000000914e-05
0.0009086,0.0008448940000000001,6.370599999999985e-05
0.0008499,0.0008349549999999976,1.4945000000002426e-05
0.0009088,0.0008886066666666681,2.0193333333331912e-05
0.0008509,0.0008473683333333314,3.531666666668678e-06
0.0009097,0.0009099856666666641,-2.856666666640811e-07
0.0008519,0.000851279666666667,6.203333333330537e-07
0.0009105,0.0009100443333333314,4.5566666666860094e-07
0.0008524,0.0008425829999999955,9.817000000004517e-06
0.0009109,0.000899070333333336,1.1829666666664023e-05
0.0008528,0.0008044963333333357,4.830366666666434e-05
0.0009116,0.000852432333333332,5.9167666666667994e-05
0.0008536,0.0008545366666666674,-9.366666666673924e-07
0.0009125,0.0009130540000000028,-5.540000000027598e-07
0.0008554,0.0008517860000000018,3.6139999999981395e-06
0.000914,0.000909763333333335,4.236666666665033e-06
0.0008565,0.0008549080000000038,1.5919999999961182e-06
0.0009145,0.0009132926666666658,1.2073333333341646e-06
0.0008575,0.000856788333333333,7.116666666669939e-07
0.0009156,0.0009150566666666663,5.433333333336844e-07
0.0008586,0.0008562720000000033,2.3279999999967563e-06
0.0009168,0.0009153093333333315,1.4906666666684174e-06
0.0008602,0.0008603650000000003,-1.6500000000032114e-07
0.0009182,0.0009182610000000019,-6.100000000193624e-08
0.000862,0.0008601749999999995,1.8250000000005458e-06
0.0009192,0.0009185679999999985,6.320000000014942e-07
0.0008637,0.000862499999999998,1.2000000000019807e-06
0.000921,0.0009198096666666634,1.1903333333366075e-06
0.0008654,0.0008637169999999984,1.6830000000015626e-06
0.0009223,0.0009209763333333367,1.3236666666632943e-06
0.0008669,0.0008646519999999993,2.248000000000701e-06
0.0009233,0.0009218820000000036,1.4179999999964143e-06
0.0008686,0.0008669236666666684,1.6763333333315745e-06
0.0009251,0.0009234339999999984,1.6660000000016202e-06
0.0008711,0.0008688216666666658,2.2783333333342226e-06
0.0009267,0.0009254366666666683,1.2633333333316853e-06
0.0008728,0.0008700873333333329,2.7126666666670582e-06
0.0009282,0.0009266446666666671,1.555333333332922e-06
0.0008748,0.0008712646666666695,3.5353333333304872e-06
0.0009301,0.0009274699999999999,2.630000000000102e-06
0.000877,0.0008746863333333355,2.313666666664462e-06
0.0009318,0.0009297906666666624,2.0093333333375766e-06
0.0008792,0.0008773253333333325,1.8746666666675247e-06
0.000934,0.0009320303333333325,1.9696666666675026e-06
0.0008815,0.0008768609999999987,4.639000000001268e-06
0.0009359,0.0009322756666666655,3.6243333333344906e-06
0.0008843,0.0008769429999999987,7.3570000000012375e-06
0.000938,0.0009317909999999996,6.209000000000401e-06
0.0008864,0.0008789456666666665,7.454333333333429e-06
0.00094,0.0009321236666666666,7.876333333333351e-06
0.0008898,0.0008881839999999994,1.616000000000616e-06
0.0009422,0.0009363656666666664,5.834333333333617e-06
0.0008924,0.0008903423333333334,2.0576666666666113e-06
0.0009448,0.000940671333333334,4.128666666665935e-06
0.000895,0.0008934526666666642,1.5473333333357233e-06
0.0009467,0.0009447293333333342,1.9706666666657836e-06
0.0008982,0.0008955610000000012,2.638999999998834e-06
0.0009499,0.0009447053333333325,5.19466666666754e-06
0.0009008,0.0008991400000000001,1.6599999999998994e-06
0.0009526,0.0009464643333333309,6.135666666669021e-06
0.000904,0.0009019743333333335,2.0256666666664327e-06
0.0009553,0.0009512676666666672,4.032333333332783e-06
0.000907,0.0009044193333333339,2.5806666666661725e-06
0.0009581,0.0009522959999999982,5.80400000000183e-06
0.0009101,0.0009041516666666662,5.948333333333786e-06
0.0009608,0.0009509676666666678,9.832333333332274e-06
0.0009129,0.0009117013333333337,1.1986666666663134e-06
0.0009637,0.0009600426666666679,3.657333333332083e-06
0.0009159,0.0009140149999999988,1.8850000000011653e-06
0.0009666,0.000963466666666668,3.133333333331964e-06
0.0009194,0.0009167006666666664,2.6993333333335872e-06
0.0009696,0.0009654256666666661,4.174333333333935e-06
0.0009229,0.0009212139999999988,1.6860000000012846e-06
0.000973,0.0009700976666666629,2.9023333333371088e-06
0.0009264,0.0009291256666666677,-2.7256666666676966e-06
0.0009765,0.0009789943333333331,-2.49433333333307e-06
0.0009299,0.0009293456666666665,5.543333333335324e-07
0.0009799,0.0009798460000000001,5.399999999976604e-08
0.0009337,0.0009333900000000002,3.099999999997853e-07
0.0009834,0.000983434666666669,-3.4666666669019505e-08
0.0009373,0.0009306063333333336,6.693666666666314e-06
0.0009868,0.0009815463333333336,5.253666666666301e-06
0.0009409,0.0009321909999999987,8.709000000001383e-06
0.0009909,0.0009810470000000003,9.852999999999772e-06
0.000945,0.0009357430000000006,9.256999999999386e-06
0.0009947,0.000984614999999999,1.008500000000104e-05
0.0009488,0.0009413756666666643,7.424333333335667e-06
0.0009986,0.0009908059999999988,7.794000000001288e-06
0.0009532,0.0009489300000000001,4.269999999999903e-06
0.001003,0.0009990276666666659,3.972333333334115e-06
0.0009572,0.0009508703333333325,6.329666666667413e-06
0.001007,0.0010004643333333342,6.5356666666658864e-06
0.0009616,0.0009593559999999984,2.244000000001505e-06
0.001012,0.0010087463333333325,3.2536666666675533e-06
0.0009665,0.0009603913333333344,6.1086666666656684e-06
0.001016,0.0010104023333333363,5.597666666663694e-06
0.0009708,0.0009658059999999999,4.994000000000027e-06
0.00102,0.001015723000000003,4.276999999996978e-06
0.0009755,0.0009722469999999966,3.253000000003406e-06
0.001026,0.001022300666666665,3.6993333333349126e-06
0.0009803,0.0009700766666666663,1.022333333333366e-05
0.00103,0.0010204696666666691,9.530333333330988e-06
0.0009852,0.0009734273333333334,1.1772666666666704e-05
0.001036,0.0010235910000000006,1.2408999999999467e-05
0.0009904,0.0009765456666666661,1.385433333333391e-05
0.001041,0.0010283169999999993,1.2683000000000746e-05
0.000996,0.0009784969999999994,1.7503000000000527e-05
0.001046,0.001028901666666667,1.7098333333333054e-05
0.001002,0.0009954176666666674,6.58233333333271e-06
0.001052,0.0010456666666666659,6.333333333334102e-06
0.001008,0.000995083333333334,1.2916666666666068e-05
0.001058,0.0010455290000000003,1.2470999999999576e-05
0.001014,0.0010038686666666674,1.0131333333332536e-05
0.001064,0.0010543356666666667,9.664333333333315e-06
0.00102,0.001012837666666664,7.162333333335987e-06
0.00107,0.0010623386666666686,7.661333333331376e-06
0.001028,0.0010106116666666676,1.7388333333332416e-05
0.001076,0.0010614326666666665,1.4567333333333427e-05
0.001032,0.0010125543333333327,1.944566666666728e-05
0.001083,0.0010612839999999983,2.17160000000017e-05
0.00104,0.0010161776666666675,2.3822333333332456e-05
0.00109,0.0010639353333333345,2.606466666666557e-05
0.001047,0.001012500666666668,3.4499333333331975e-05
0.001096,0.0010632879999999995,3.2712000000000496e-05
0.001053,0.0010202080000000012,3.279199999999872e-05
0.001104,0.0010696786666666673,3.432133333333264e-05
0.001061,0.001026961666666667,3.4038333333333065e-05
0.001111,0.0010746283333333323,3.637166666666772e-05
0.001069,0.0010406563333333339,2.8343666666666217e-05
0.001118,0.0010830733333333329,3.4926666666667194e-05
0.001076,0.0010458500000000007,3.0149999999999188e-05
0.001125,0.001085690000000001,3.9309999999999e-05
0.001083,0.0010587533333333335,2.4246666666666436e-05
0.001132,0.0011029599999999988,2.9040000000001226e-05
0.00109,0.0010662869999999997,2.3713000000000293e-05
0.001139,0.00110853,3.0470000000000106e-05
0.001097,0.0010676233333333327,2.937666666666741e-05
0.001145,0.0011076166666666677,3.738333333333228e-05
0.001103,0.00107814,2.486000000000003e-05
0.00115,0.0011228566666666672,2.7143333333332813e-05
0.001109,0.001096963333333335,1.2036666666665006e-05
0.001155,0.0011414733333333317,1.35266666666683e-05
0.001115,0.0011010133333333356,1.3986666666664484e-05
0.00116,0.001146636666666666,1.3363333333333985e-05
0.001121,0.0011082530000000002,1.2746999999999802e-05
0.001164,0.0011526666666666647,1.1333333333335416e-05
0.001126,0.001106036666666668,1.9963333333332086e-05
0.001168,0.001148879999999998,1.9120000000002026e-05
0.001131,0.001110539000000003,2.046099999999701e-05
0.001171,0.001150241,2.075899999999997e-05
0.001136,0.0011276023333333307,8.3976666666694e-06
0.001174,0.0011685133333333318,5.486666666668126e-06
0.00114,0.0011302100000000035,9.789999999996503e-06
0.001177,0.0011681900000000012,8.809999999998853e-06
0.001145,0.0011380800000000022,6.919999999997718e-06
0.00118,0.0011740833333333338,5.916666666666223e-06
0.001149,0.0011415966666666656,7.403333333334469e-06
0.001182,0.001177073333333332,4.9266666666681995e-06
0.001152,0.0011463900000000032,5.609999999996824e-06
0.001185,0.0011801699999999988,4.8300000000012396e-06
0.001155,0.0011497066666666617,5.2933333333383265e-06
0.001187,0.0011828099999999968,4.190000000003089e-06
0.001158,0.0011481966666666674,9.803333333332576e-06
0.001189,0.0011805466666666637,8.453333333336257e-06
0.00116,0.001153879999999998,6.120000000002035e-06
0.001191,0.0011859466666666637,5.053333333336282e-06
0.001162,0.0011531233333333317,8.876666666668377e-06
0.001193,0.001186439999999999,6.560000000001157e-06
0.001163,0.0011585433333333318,4.456666666668172e-06
0.001195,0.0011908866666666647,4.11333333333536e-06
0.001164,0.0011568366666666714,7.163333333328739e-06
0.001196,0.0011904533333333348,5.546666666665168e-06
0.001165,0.0011590366666666663,5.963333333333697e-06
0.001199,0.0011918233333333289,7.1766666666711e-06
0.001166,0.0011542733333333376,1.1726666666662293e-05
0.0012,0.0011875233333333366,1.247666666666326e-05
0.001166,0.0011530733333333341,1.2926666666665792e-05
0.001202,0.001188706666666671,1.329333333332898e-05
0.001166,0.0011579333333333337,8.066666666666248e-06
0.001205,0.001196469999999997,8.530000000002902e-06
0.001167,0.0011581033333333307,8.896666666669342e-06
0.001207,0.0012030199999999993,3.98000000000065e-06
0.001167,0.0011581699999999955,8.83000000000459e-06
0.001209,0.0012036200000000033,5.379999999996672e-06
0.001167,0.0011635599999999988,3.4400000000012546e-06
0.001211,0.001208860000000002,2.139999999998133e-06
0.001168,0.001166263333333332,1.7366666666680623e-06
0.001213,0.0012134566666666654,-4.5666666666525565e-07
0.001168,0.0011674733333333302,5.266666666698273e-07
0.001216,0.001217123333333338,-1.1233333333379378e-06
0.001169,0.0011684966666666644,5.033333333355483e-07
0.001219,0.0012205866666666653,-1.5866666666652669e-06
0.001169,0.0011695999999999963,-5.999999999964367e-07
0.001222,0.0012233733333333325,-1.37333333333255e-06
0.001171,0.0011712500000000015,-2.5000000000155106e-07
0.001225,0.0012268866666666697,-1.8866666666697736e-06
0.001172,0.0011729500000000031,-9.500000000030318e-07
0.001228,0.001229986666666668,-1.9866666666680955e-06
0.001174,0.001176110000000005,-2.110000000005033e-06
0.001232,0.0012350333333333277,-3.033333333327679e-06
0.001176,0.0011769300000000046,-9.300000000046684e-07
0.001235,0.001237296666666667,-2.296666666666905e-06
0.001178,0.001179640000000002,-1.6400000000019697e-06
0.001239,0.001241466666666662,-2.4666666666619923e-06
0.00118,0.001181959999999999,-1.959999999998985e-06
0.001243,0.0012449666666666645,-1.966666666664528e-06
0.001183,0.0011840600000000033,-1.0600000000032458e-06
0.001247,0.001247979999999999,-9.799999999989505e-07
0.001186,0.0011886799999999995,-2.6799999999994797e-06
0.001251,0.001254246666666664,-3.246666666664082e-06
0.00119,0.0011920633333333329,-2.063333333332789e-06
0.001256,0.0012587566666666659,-2.756666666665908e-06
0.001193,0.0011934933333333313,-4.933333333312709e-07
0.00126,0.0012606999999999998,-6.99999999999746e-07
0.001196,0.001200199999999998,-4.199999999998042e-06
0.001265,0.0012686199999999974,-3.6199999999973666e-06
0.0012,0.001203709999999998,-3.709999999998133e-06
0.001269,0.0012730966666666635,-4.096666666663588e-06
0.001204,0.0012023566666666623,1.6433333333376685e-06
0.001274,0.0012715733333333332,2.4266666666667835e-06
0.001208,0.0012021099999999986,5.89000000000145e-06
0.001279,0.0012704166666666664,8.583333333333533e-06
0.001212,0.0012085900000000022,3.4099999999977464e-06
0.001284,0.0012776366666666656,6.363333333334357e-06
0.001217,0.0012111343333333308,5.865666666669215e-06
0.001289,0.0012790033333333346,9.996666666665412e-06
0.001221,0.0012215033333333315,-5.033333333314283e-07
0.001294,0.0012901366666666677,3.863333333332291e-06
0.001226,0.0012238299999999976,2.1700000000025085e-06
0.001299,0.0012939433333333343,5.056666666665693e-06
0.001231,0.0012349533333333345,-3.953333333334358e-06
0.001305,0.0013048466666666643,1.5333333333567532e-07
0.001236,0.001238476666666666,-2.476666666666053e-06
0.00131,0.0013096933333333332,3.06666666666797e-07
0.001241,0.0012406633333333352,3.3666666666466727e-07
0.001315,0.001313453333333331,1.5466666666689739e-06
0.001246,0.001244736666666666,1.2633333333338537e-06
0.001321,0.0013163300000000025,4.669999999997419e-06
0.001251,0.0012458300000000033,5.169999999996618e-06
0.001326,0.0013174933333333389,8.506666666661033e-06
0.001257,0.0012485486666666702,8.451333333329937e-06
0.001332,0.001320803333333339,1.1196666666661104e-05
0.001262,0.0012591300000000028,2.869999999997267e-06
0.001338,0.0013315600000000044,6.439999999995581e-06
0.001268,0.0012636066666666683,4.393333333331745e-06
0.001344,0.0013362533333333378,7.746666666662077e-06
0.001274,0.0012672166666666685,6.783333333331429e-06
0.00135,0.0013399400000000054,1.0059999999994683e-05
0.00128,0.0012645166666666663,1.5483333333333755e-05
0.001357,0.0013404333333333375,1.656666666666239e-05
0.001286,0.0012674233333333348,1.8576666666665197e-05
0.001363,0.001349683333333334,1.3316666666666078e-05
0.001293,0.0012829433333333383,1.0056666666661803e-05
0.00137,0.0013606166666666683,9.3833333333316e-06
0.0013,0.0012862566666666673,1.3743333333332596e-05
0.001377,0.001360813333333332,1.61866666666679e-05
0.001306,0.0012910166666666703,1.4983333333329785e-05
0.001384,0.0013648899999999997,1.911000000000035e-05
0.001313,0.001300166666666667,1.2833333333333013e-05
0.001391,0.0013777733333333341,1.3226666666665962e-05
0.00132,0.0013043966666666702,1.560333333332979e-05
0.001399,0.0013828299999999968,1.6170000000003282e-05
0.001328,0.0013124999999999999,1.5500000000000106e-05
0.001406,0.001387739999999997,1.8260000000003013e-05
0.001335,0.0013144933333333318,2.0506666666668264e-05
0.001414,0.001393546666666668,2.0453333333331995e-05
0.001343,0.0013171299999999973,2.5870000000002705e-05
0.001422,0.001397916666666664,2.4083333333336024e-05
0.001351,0.001335289999999997,1.571000000000298e-05
0.00143,0.0014143566666666636,1.564333333333649e-05
0.001359,0.0013400099999999959,1.89900000000041e-05
0.001438,0.0014148299999999928,2.3170000000007247e-05
0.001368,0.0013460599999999955,2.1940000000004577e-05
0.001446,0.0014198499999999949,2.6150000000005162e-05
0.001376,0.001356443333333334,1.95566666666661e-05
0.001455,0.0014299100000000008,2.5089999999999097e-05
0.001385,0.0013584166666666694,2.65833333333305e-05
0.001464,0.0014311766666666667,3.282333333333334e-05
0.001395,0.0013711233333333391,2.3876666666660827e-05
0.001474,0.001447156666666668,2.6843333333331993e-05
0.001405,0.0013833799999999992,2.162000000000084e-05
0.001483,0.0014612166666666624,2.178333333333754e-05
0.001415,0.0013874533333333332,2.7546666666666787e-05
0.001493,0.0014622633333333278,3.073666666667213e-05
0.001425,0.0013972466666666672,2.7753333333332877e-05
0.001503,0.001469213333333335,3.3786666666665074e-05
0.001436,0.0014008666666666671,3.513333333333285e-05
0.001513,0.0014750033333333341,3.7996666666665875e-05
0.001447,0.001404333333333333,4.266666666666698e-05
0.001525,0.001496716666666664,2.8283333333336018e-05
0.001459,0.0014082833333333366,5.071666666666341e-05
0.001536,0.0014964233333333368,3.9576666666663214e-05
0.001472,0.0014196800000000056,5.2319999999994376e-05
0.001548,0.0015027666666666722,4.523333333332773e-05
0.001485,0.0014527599999999954,3.224000000000456e-05
0.001561,0.001535546666666664,2.5453333333336128e-05
0.0015,0.0014547833333333356,4.5216666666664414e-05
0.001574,0.001554669999999998,1.933000000000208e-05
0.001514,0.0014556300000000027,5.836999999999726e-05
0.001588,0.0015499900000000009,3.800999999999913e-05
0.00153,0.0014646466666666685,6.53533333333314e-05
0.001603,0.0015615833333333337,4.141666666666638e-05
0.001547,0.0014840866666666651,6.291333333333484e-05
0.001619,0.0015634133333333369,5.558666666666311e-05
0.001565,0.0015052199999999979,5.9780000000002114e-05
0.001635,0.0015860700000000056,4.892999999999434e-05
0.001583,0.0015111499999999986,7.185000000000134e-05
0.001653,0.0015677299999999985,8.527000000000144e-05
0.001603,0.0015150866666666675,8.791333333333252e-05
0.001671,0.0015674633333333339,0.00010353666666666609
0.001624,0.001547860000000003,7.613999999999711e-05
0.001691,0.0016029700000000013,8.802999999999871e-05
0.001647,0.0015808899999999965,6.611000000000355e-05
0.001712,0.0016336566666666635,7.834333333333644e-05
0.001671,0.0016068200000000001,6.417999999999984e-05
0.001735,0.0016647399999999985,7.026000000000146e-05
0.001696,0.001637763333333333,5.8236666666667105e-05
0.001758,0.001694846666666671,6.315333333332908e-05
0.001723,0.0016640166666666632,5.898333333333671e-05
0.001784,0.0017072800000000035,7.671999999999649e-05
0.001751,0.001717253333333335,3.374666666666488e-05
0.00181,0.0017719533333333342,3.8046666666665795e-05
0.001782,0.0017451166666666673,3.688333333333265e-05
0.001838,0.0018005966666666676,3.740333333333238e-05
0.001813,0.0017788466666666684,3.4153333333331514e-05
0.001867,0.0018366166666666695,3.0383333333330485e-05
0.001847,0.0018264666666666677,2.053333333333217e-05
0.001899,0.0018682866666666664,3.071333333333373e-05
0.001882,0.0018516633333333346,3.0336666666665396e-05
0.001932,0.0018679166666666683,6.408333333333158e-05
0.001919,0.001902146666666664,1.685333333333581e-05
0.001966,0.0019093866666666656,5.6613333333334305e-05
0.001957,0.0019347533333333288,2.2246666666671158e-05
0.002002,0.0019003300000000035,0.00010166999999999642
0.001998,0.002009363333333335,-1.1363333333334804e-05
0.002038,0.0019861600000000046,5.1839999999995275e-05
0.002038,0.002044579999999996,-6.579999999996051e-06
0.002076,0.0019877599999999994,8.824000000000071e-05
0.00208,0.002157916666666672,-7.791666666667231e-05
0.002116,0.002122026666666662,-6.0266666666621005e-06
0.002124,0.0021603199999999973,-3.631999999999724e-05
0.002155,0.0020921366666666655,6.286333333333427e-05
0.002167,0.002198846666666666,-3.184666666666575e-05
0.002195,0.002131203333333335,6.379666666666509e-05
0.002211,0.0024178333333333326,-0.00020683333333333274
0.002234,0.0023647100000000008,-0.0001307100000000009
0.002254,0.002340946666666668,-8.694666666666812e-05
0.002274,0.0023007466666666644,-2.6746666666664382e-05
0.002298,0.002384419999999998,-8.641999999999808e-05
0.002312,0.002343983333333339,-3.198333333333898e-05
0.00234,0.002420720000000001,-8.072000000000114e-05
0.002349,0.0023747000000000035,-2.5700000000003498e-05
0.002381,0.0024613066666666693,-8.030666666666939e-05
0.002384,0.0024067866666666743,-2.2786666666674456e-05
0.002421,0.0025342000000000055,-0.00011320000000000557
0.002418,0.0025079266666666704,-8.992666666667037e-05
0.002459,0.002593866666666664,-0.00013486666666666413
0.002449,0.0025245733333333314,-7.557333333333164e-05
0.002494,0.002621803333333328,-0.00012780333333332807
0.002478,0.002565496666666666,-8.749666666666572e-05
0.002528,0.002660229999999998,-0.00013222999999999794
0.002505,0.0026077300000000004,-0.00010273000000000053
0.002559,0.0026705866666666663,-0.0001115866666666662
0.002529,0.0026027766666666687,-7.377666666666871e-05
0.002587,0.00277691,-0.00018991000000000017
0.00255,0.002691843333333334,-0.00014184333333333403
0.002611,0.00282474,-0.00021374000000000002
0.002568,0.002729210000000003,-0.0001612100000000032
0.002633,0.002751773333333336,-0.00011877333333333616
0.002584,0.002668646666666668,-8.46466666666679e-05
0.002651,0.0027439033333333295,-9.290333333332934e-05
0.002597,0.0026640500000000037,-6.705000000000383e-05
0.002667,0.002697923333333329,-3.0923333333328796e-05
0.002608,0.0026314633333333285,-2.346333333332843e-05
0.00268,0.0027103999999999995,-3.0399999999999438e-05
0.002617,0.0026404166666666694,-2.3416666666669413e-05
0.002691,0.0027126666666666666,-2.1666666666666796e-05
0.002626,0.002644540000000003,-1.8540000000003085e-05
0.002702,0.0027336500000000106,-3.165000000001066e-05
0.002634,0.00266130666666666,-2.7306666666659755e-05
0.002712,0.0027303599999999985,-1.8359999999998516e-05
0.002643,0.0026580933333333417,-1.5093333333341709e-05
0.002722,0.0027434333333333383,-2.1433333333338318e-05
0.002653,0.0026706700000000013,-1.7670000000001313e-05
0.002734,0.002748203333333346,-1.4203333333346127e-05
0.002663,0.002675936666666666,-1.2936666666666166e-05
0.002746,0.002751263333333342,-5.263333333341974e-06
0.002674,0.002678546666666668,-4.546666666667854e-06
0.002758,0.0027560300000000135,1.969999999986566e-06
0.002685,0.002682793333333324,2.2066666666756794e-06
0.002773,0.0027681666666666766,4.833333333323277e-06
0.002698,0.0026938600000000076,4.139999999992327e-06
0.002788,0.002769333333333342,1.8666666666658158e-05
0.002712,0.0026946399999999955,1.7360000000004455e-05
0.002804,0.0027670833333333367,3.69166666666634e-05
0.002725,0.0026930133333333394,3.1986666666660585e-05
0.002821,0.0027805333333333353,4.046666666666487e-05
0.002738,0.0027026333333333265,3.536666666667347e-05
0.002837,0.0028060966666666612,3.090333333333889e-05
0.002751,0.0027233433333333336,2.765666666666635e-05
0.002852,0.0028323866666666564,1.961333333334349e-05
0.002763,0.0027431299999999925,1.987000000000733e-05
0.002867,0.00286283333333333,4.166666666670111e-06
0.002776,0.002760649999999994,1.5350000000005984e-05
0.002881,0.0028962733333333397,-1.5273333333339772e-05
0.002786,0.0027993533333333363,-1.335333333333643e-05
0.002893,0.0028997700000000038,-6.770000000003596e-06
0.002797,0.002792653333333326,4.346666666673812e-06
0.002904,0.002919566666666666,-1.556666666666616e-05
0.002806,0.0028228166666666686,-1.681666666666871e-05
0.002914,0.002934640000000005,-2.0640000000004925e-05
0.002815,0.002846826666666664,-3.182666666666414e-05
0.002922,0.0029452899999999984,-2.3289999999998295e-05
0.002823,0.0028648566666666705,-4.185666666667049e-05
0.00293,0.00293413333333333,-4.133333333330037e-06
0.002831,0.0028408100000000035,-9.810000000003323e-06
0.002936,0.002942256666666669,-6.256666666669408e-06
0.002837,0.0028542099999999972,-1.7209999999997106e-05
0.00294,0.0029641500000000052,-2.415000000000533e-05
0.002841,0.002926849999999995,-8.584999999999496e-05
0.002944,0.0029587666666666666,-1.4766666666666574e-05
0.002845,0.002903223333333334,-5.822333333333407e-05
0.002948,0.0029590666666666626,-1.1066666666662527e-05
0.002847,0.002870329999999993,-2.3329999999992853e-05
0.002952,0.0029797866666666666,-2.7786666666666446e-05
0.002849,0.0028940666666666596,-4.506666666665967e-05
0.002955,0.0029875733333333413,-3.2573333333341115e-05
0.002849,0.002896283333333328,-4.7283333333327914e-05
0.002959,0.0029823466666666744,-2.33466666666746e-05
0.002848,0.00288952,-4.1520000000000185e-05
0.002962,0.0029736166666666703,-1.1616666666670536e-05
0.002846,0.002867463333333335,-2.1463333333335104e-05
0.002965,0.0029820600000000108,-1.7060000000010574e-05
0.002842,0.0028711666666666707,-2.9166666666670827e-05
0.002966,0.0029611433333333317,4.8566666666681815e-06
0.002838,0.0028308233333333424,7.176666666657439e-06
0.002965,0.002960209999999999,4.790000000001043e-06
0.00283,0.002822660000000011,7.339999999988935e-06
0.002961,0.002959213333333331,1.7866666666690664e-06
0.00282,0.0028183933333333243,1.6066666666757733e-06
0.002957,0.0029461500000000054,1.0849999999994545e-05
0.002809,0.0028023900000000088,6.609999999991102e-06
0.00295,0.002940936666666676,9.063333333323743e-06
0.002797,0.0027881466666666572,8.853333333342771e-06
0.00294,0.0029294166666666743,1.0583333333325558e-05
0.002782,0.0027807800000000027,1.2199999999975251e-06
0.002928,0.0029218900000000107,6.109999999989301e-06
0.002765,0.002768713333333332,-3.7133333333320973e-06
0.002913,0.002920393333333336,-7.393333333336263e-06
0.002745,0.002765719999999997,-2.0719999999997078e-05
0.002895,0.002919443333333346,-2.444333333334603e-05
0.002724,0.002768936666666662,-4.4936666666662173e-05
0.002874,0.0029278500000000005,-5.3850000000000686e-05
0.002701,0.002803699999999995,-0.00010269999999999507
0.002851,0.0029070533333333394,-5.605333333333958e-05
0.002675,0.002794826666666663,-0.00011982666666666324
0.002825,0.002897586666666675,-7.258666666667534e-05
0.002647,0.0027820699999999954,-0.00013506999999999538
0.002796,0.0029192333333333286,-0.00012323333333332876
0.002617,0.0028534133333333335,-0.00023641333333333358
0.002764,0.00285496,-9.096000000000017e-05
0.002585,0.0027974200000000005,-0.0002124200000000005
0.002729,0.0027992900000000016,-7.02900000000015e-05
0.002552,0.0027623666666666672,-0.0002103666666666672
0.002691,0.0027434566666666594,-5.245666666665958e-05
0.002516,0.002740733333333331,-0.00022473333333333095
0.002652,0.0027337166666666674,-8.171666666666752e-05
0.002479,0.002698823333333331,-0.00021982333333333106
0.002609,0.002688580000000002,-7.958000000000184e-05
0.002441,0.002656079999999994,-0.0002150799999999938
0.002565,0.0026726600000000007,-0.00010766000000000074
0.002401,0.002640529999999999,-0.00023952999999999908
0.002517,0.00262440666666667,-0.00010740666666666978
0.002359,0.0025959533333333304,-0.00023695333333333037
0.002468,0.0025441466666666756,-7.614666666667545e-05
0.002318,0.0025206466666666725,-0.0002026466666666723
0.002417,0.002459886666666669,-4.2886666666669144e-05
0.002275,0.0024313900000000064,-0.00015639000000000625
0.002365,0.002448696666666672,-8.369666666667224e-05
0.002232,0.0024066000000000044,-0.00017460000000000435
0.002313,0.0024066266666666644,-9.362666666666445e-05
0.002188,0.0023751966666666706,-0.0001871966666666708
0.002259,0.0023189766666666637,-5.997666666666349e-05
0.002145,0.00226491,-0.00011990999999999998
0.002205,0.0022327933333333274,-2.7793333333327435e-05
0.002102,0.00216831,-6.630999999999998e-05
0.002152,0.002196143333333331,-4.414333333333138e-05
0.00206,0.0021349166666666643,-7.49166666666641e-05
0.002098,0.00213892,-4.0919999999999845e-05
0.002018,0.00211314,-9.514000000000007e-05
0.002045,0.002081096666666667,-3.609666666666697e-05
0.001976,0.0020660933333333364,-9.009333333333648e-05
0.001994,0.002037806666666667,-4.3806666666666716e-05
0.001937,0.002074320000000001,-0.0001373200000000011
0.001945,0.0019828033333333297,-3.780333333332979e-05
0.001898,0.002044836666666669,-0.00014683666666666893
0.001897,0.001934483333333334,-3.748333333333407e-05
0.001861,0.0020241533333333335,-0.00016315333333333346
0.001852,0.0018652933333333317,-1.3293333333331799e-05
0.001826,0.0019545066666666615,-0.00012850666666666156
0.001808,0.001800973333333333,7.026666666667004e-06
0.001791,0.0018596033333333336,-6.860333333333357e-05
0.001766,0.0017383333333333359,2.7666666666664123e-05
0.001759,0.0017849500000000004,-2.5950000000000495e-05
0.001727,0.0017154499999999988,1.155000000000123e-05
0.001728,0.0017695099999999993,-4.150999999999938e-05
0.001689,0.001699386666666665,-1.0386666666665047e-05
0.001698,0.0017827633333333327,-8.476333333333258e-05
0.001654,0.0016261933333333318,2.780666666666828e-05
0.00167,0.0016883799999999993,-1.8379999999999265e-05
0.001621,0.001615940000000001,5.059999999999006e-06
0.001644,0.0016842366666666641,-4.0236666666664065e-05
0.00159,0.0015466900000000031,4.330999999999693e-05
0.001619,0.0016098933333333323,9.106666666667661e-06
0.001561,0.001513146666666666,4.785333333333407e-05
0.001596,0.0015662366666666647,2.976333333333525e-05
0.001534,0.0015150733333333317,1.8926666666668323e-05
0.001574,0.0015945933333333328,-2.059333333333268e-05
0.001509,0.0014615066666666674,4.749333333333252e-05
0.001553,0.001521796666666666,3.1203333333333855e-05
0.001485,0.0014322166666666668,5.27833333333332e-05
0.001533,0.001499686666666668,3.3313333333332166e-05
0.001463,0.0014340933333333347,2.8906666666665432e-05
0.001515,0.0015255366666666649,-1.0536666666664807e-05
0.001443,0.00143222333333333,1.0776666666670104e-05
0.001497,0.001526809999999997,-2.980999999999687e-05
0.001423,0.001389633333333334,3.336666666666605e-05
0.00148,0.001489283333333334,-9.28333333333393e-06
0.001404,0.0013972833333333334,6.716666666666676e-06
0.001464,0.001490209999999997,-2.6209999999997e-05
0.001388,0.001392173333333333,-4.173333333333052e-06
0.001449,0.0014773966666666665,-2.839666666666651e-05
0.001371,0.0013696366666666685,1.3633333333315251e-06
0.001434,0.001450689999999999,-1.668999999999911e-05
0.001356,0.0013420533333333316,1.3946666666668408e-05
0.001421,0.0014239399999999979,-2.9399999999979356e-06
0.001341,0.0013383933333333303,2.6066666666696176e-06
0.001407,0.001416959999999997,-9.959999999997011e-06
0.001328,0.0013340633333333307,-6.063333333330718e-06
0.001395,0.001409579999999998,-1.457999999999798e-05
0.001315,0.0013130066666666657,1.993333333334289e-06
0.001382,0.0013908900000000014,-8.890000000001414e-06
0.001302,0.0013073766666666642,-5.376666666664226e-06
0.001371,0.0013855466666666631,-1.454666666666311e-05
0.00129,0.0012950866666666665,-5.086666666666599e-06
0.001359,0.0013731099999999999,-1.4109999999999904e-05
0.00128,0.0012792966666666707,7.033333333293732e-07
0.001348,0.0013541566666666685,-6.156666666668484e-06
0.001269,0.0012619299999999983,7.0700000000015976e-06
0.001338,0.0013355433333333382,2.456666666661835e-06
0.001259,0.0012559399999999999,3.060000000000042e-06
0.001327,0.001331410000000004,-4.410000000003951e-06
0.001249,0.0012463733333333362,2.626666666663644e-06
0.001317,0.0013203899999999994,-3.389999999999383e-06
0.00124,0.0012331899999999982,6.810000000001841e-06
0.001308,0.0013059066666666673,2.093333333332611e-06
0.001231,0.0012240000000000022,6.999999999997893e-06
0.001298,0.001295706666666666,2.2933333333338083e-06
0.001222,0.0012180966666666695,3.903333333330535e-06
0.001289,0.0012896699999999997,-6.699999999997073e-07
0.001213,0.001202096666666668,1.0903333333332115e-05
0.00128,0.0012698199999999988,1.0180000000001342e-05
0.001205,0.0011981733333333302,6.826666666669709e-06
0.001272,0.001265813333333334,6.186666666665921e-06
0.001196,0.0011894700000000017,6.529999999998299e-06
0.001263,0.0012560000000000021,6.999999999997893e-06
0.001188,0.0011847489999999947,3.251000000005326e-06
0.001255,0.001251913333333333,3.086666666666984e-06
0.001181,0.00116853866666667,1.2461333333329975e-05
0.001247,0.0012343299999999992,1.2670000000000866e-05
0.001174,0.0011613589999999977,1.2641000000002253e-05
0.001239,0.0012284733333333365,1.0526666666663565e-05
0.001166,0.001150402333333334,1.559766666666589e-05
0.001232,0.0012154866666666667,1.6513333333333276e-05
0.001159,0.0011503786666666605,8.621333333339552e-06
0.001224,0.0012159000000000043,8.099999999995697e-06
0.001152,0.0011384070000000001,1.3592999999999895e-05
0.001217,0.0012045733333333345,1.2426666666665509e-05
0.001146,0.0011230649999999982,2.293500000000192e-05
0.00121,0.0011884099999999976,2.159000000000232e-05
0.001139,0.0011206559999999977,1.8344000000002384e-05
0.001203,0.0011866799999999975,1.632000000000261e-05
0.001133,0.001124687999999997,8.312000000002939e-06
0.001196,0.0011896033333333323,6.396666666667709e-06
0.001127,0.0011059636666666639,2.1036333333336078e-05
0.001189,0.0011711933333333317,1.7806666666668252e-05
0.001121,0.0010987799999999978,2.2220000000002264e-05
0.001183,0.0011639533333333328,1.9046666666667177e-05
0.001115,0.0011051620000000028,9.837999999997259e-06
0.001177,0.00116946333333333,7.5366666666700464e-06
0.001109,0.0010901773333333307,1.8822666666669288e-05
0.001171,0.0011555966666666679,1.540333333333206e-05
0.001103,0.0010826453333333294,2.035466666667064e-05
0.001164,0.0011477733333333357,1.622666666666441e-05
0.001098,0.0010926600000000007,5.339999999999295e-06
0.001159,0.0011537633333333333,5.236666666666792e-06
0.001092,0.0010857586666666668,6.241333333333304e-06
0.001153,0.0011465380000000027,6.461999999997229e-06
0.001087,0.0010847133333333353,2.286666666664796e-06
0.001147,0.0011448033333333316,2.1966666666683662e-06
0.001082,0.0010770966666666642,4.903333333335872e-06
0.001142,0.0011363900000000047,5.609999999995306e-06
0.001077,0.001071137333333336,5.862666666664072e-06
0.001136,0.0011306066666666632,5.393333333336865e-06
0.001072,0.0010612529999999975,1.0747000000002572e-05
0.001131,0.0011201053333333357,1.0894666666664372e-05
0.001067,0.0010538996666666638,1.3100333333336241e-05
0.001126,0.0011124320000000022,1.3567999999997875e-05
0.001062,0.0010532099999999971,8.790000000002875e-06
0.001121,0.001111586666666668,9.413333333332073e-06
0.001057,0.0010513826666666665,5.617333333333453e-06
0.001116,0.0011108766666666652,5.123333333334782e-06
0.001052,0.0010439119999999965,8.088000000003532e-06
0.001111,0.0011033393333333313,7.660666666668746e-06
0.001048,0.0010431569999999962,4.843000000003938e-06
0.001106,0.0011009399999999967,5.060000000003343e-06
0.001044,0.0010390886666666668,4.911333333333179e-06
0.001102,0.001096209999999999,5.790000000000959e-06
0.00104,0.001036217666666664,3.782333333335894e-06
0.001097,0.001093776666666669,3.223333333331104e-06
0.001036,0.0010267026666666665,9.2973333333335e-06
0.001093,0.0010832500000000017,9.749999999998258e-06
0.001032,0.001028263999999998,3.736000000002012e-06
0.001089,0.0010848366666666655,4.163333333334412e-06
0.001028,0.0010241786666666678,3.82133333333228e-06
0.001084,0.0010810533333333334,2.9466666666665142e-06
0.001024,0.0010206009999999988,3.399000000001151e-06
0.001081,0.001077123333333329,3.876666666670966e-06
0.00102,0.0010168336666666676,3.1663333333324835e-06
0.001077,0.0010735766666666628,3.423333333337289e-06
0.001016,0.0010147156666666646,1.284333333335377e-06
0.001073,0.0010710399999999942,1.960000000005707e-06
0.001013,0.0010099383333333344,3.0616666666656144e-06
0.001069,0.0010664943333333313,2.5056666666687863e-06
0.00101,0.001010164999999998,-1.649999999979359e-07
0.001065,0.0010658266666666635,-8.26666666663492e-07
0.001007,0.0010034553333333337,3.544666666666389e-06
0.001062,0.0010583233333333341,3.676666666665865e-06
0.001003,0.001001887,1.1130000000000688e-06
0.001058,0.0010568466666666648,1.1533333333351575e-06
0.001,0.0009990406666666666,9.59333333333404e-07
0.001055,0.0010537053333333332,1.2946666666667408e-06
0.0009974,0.0009964443333333342,9.556666666658484e-07
0.001052,0.0010513209999999976,6.790000000023427e-07
0.0009943,0.0009931946666666685,1.1053333333315828e-06
0.001049,0.0010478629999999974,1.137000000002615e-06
0.0009915,0.000988631333333335,2.8686666666650693e-06
0.001046,0.001043702333333334,2.297666666666162e-06
0.0009888,0.0009863670000000017,2.432999999998301e-06
0.001043,0.0010411810000000015,1.8189999999986082e-06
0.0009866,0.0009804726666666676,6.127333333332376e-06
0.00104,0.0010340436666666697,5.956333333330226e-06
0.0009838,0.0009845110000000024,-7.110000000024128e-07
0.001037,0.0010379366666666684,-9.366666666684766e-07
0.0009815,0.0009800150000000014,1.4849999999985534e-06
0.001035,0.0010334823333333356,1.5176666666642889e-06
0.0009793,0.000976873000000003,2.4269999999969056e-06
0.001032,0.0010296689999999982,2.3310000000016824e-06
0.0009771,0.0009757213333333344,1.3786666666656781e-06
0.00103,0.0010284499999999978,1.5500000000022874e-06
0.000975,0.0009754573333333346,-4.573333333346072e-07
0.001028,0.0010280199999999982,-1.99999999981465e-08
0.0009729,0.0009726073333333357,2.9266666666429974e-07
0.001025,0.0010249666666666628,3.333333333725534e-08
0.0009711,0.0009694763333333348,1.623666666665199e-06
0.001023,0.0010212799999999964,1.720000000003663e-06
0.0009692,0.0009696960000000013,-4.960000000013044e-07
0.001021,0.0010215399999999976,-5.399999999976604e-07
0.0009674,0.0009673803333333327,1.9666666667265444e-08
0.001019,0.0010191266666666648,-1.2666666666483022e-07
0.0009662,0.0009658080000000004,3.919999999995585e-07
0.001018,0.001017166666666665,8.333333333351064e-07
0.0009643,0.0009628649999999983,1.4350000000016693e-06
0.001016,0.0010138253333333333,2.174666666666719e-06
0.0009631,0.0009629559999999991,1.4400000000096627e-07
0.001014,0.0010141666666666689,-1.6666666666892947e-07
0.0009613,0.0009615373333333347,-2.373333333347211e-07
0.001012,0.001012636666666666,-6.366666666659214e-07
0.0009599,0.0009589309999999999,9.690000000000783e-07
0.001011,0.0010096940000000022,1.305999999997795e-06
0.0009583,0.0009589550000000032,-6.550000000031574e-07
0.001009,0.0010100200000000023,-1.0200000000023992e-06
0.0009569,0.0009565383333333349,3.616666666650609e-07
0.001008,0.0010072916666666683,7.083333333317288e-07
0.0009557,0.0009551729999999997,5.270000000002746e-07
0.001006,0.0010060073333333344,-7.3333333344607204e-09
0.0009542,0.0009542290000000012,-2.9000000001215553e-08
0.001005,0.0010045663333333357,4.336666666643514e-07
0.0009529,0.0009519113333333308,9.886666666691869e-07
0.001003,0.001002542000000001,4.579999999989714e-07
0.0009515,0.0009509056666666692,5.943333333308012e-07
0.001002,0.0010014713333333315,5.286666666685577e-07
0.0009501,0.0009493163333333314,7.836666666685612e-07
0.001001,0.0010001766666666678,8.2333333333213e-07
0.0009487,0.0009492680000000009,-5.680000000009202e-07
0.0009992,0.0010000660000000002,-8.660000000001913e-07
0.0009476,0.0009472333333333325,3.6666666666752487e-07
0.0009985,0.000997832666666666,6.673333333340106e-07
0.0009467,0.000946995333333331,-2.9533333333108067e-07
0.0009974,0.0009977206666666706,-3.206666666704869e-07
0.0009456,0.0009457996666666666,-1.9966666666663014e-07
0.000996,0.0009964763333333345,-4.763333333345811e-07
0.0009447,0.0009434350000000017,1.264999999998342e-06
0.000995,0.000993980999999998,1.0190000000020582e-06
0.0009434,0.0009424363333333361,9.63666666663806e-07
0.000994,0.000992785999999998,1.2140000000019843e-06
0.0009424,0.000942631666666666,-2.3166666666594136e-07
0.0009928,0.0009930799999999969,-2.7999999999681925e-07
0.0009416,0.0009415633333333379,3.66666666621121e-08
0.0009918,0.0009919216666666672,-1.2166666666724515e-07
0.0009405,0.0009410549999999978,-5.549999999977882e-07
0.0009908,0.0009913593333333286,-5.593333333286238e-07
0.0009394,0.0009392186666666697,1.813333333302615e-07
0.00099,0.0009896033333333355,3.966666666645278e-07
0.0009389,0.0009384323333333327,4.67666666667272e-07
0.0009891,0.0009884939999999995,6.060000000004343e-07
0.0009381,0.0009370536666666669,1.0463333333330391e-06
0.0009879,0.000987176666666666,7.233333333340249e-07
0.0009371,0.0009360139999999968,1.0860000000031131e-06
0.000987,0.000985955000000001,1.0449999999989981e-06
0.0009359,0.0009359916666666681,-9.166666666807384e-08
0.0009857,0.0009856126666666664,8.733333333355194e-08
0.0009357,0.0009352716666666664,4.2833333333360847e-07
0.0009852,0.0009848139999999999,3.8600000000022297e-07
0.0009346,0.0009343416666666658,2.583333333341844e-07
0.0009838,0.0009838026666666667,-2.666666666780934e-09
0.000934,0.0009332763333333334,7.236666666666407e-07
0.0009835,0.0009825279999999999,9.720000000001255e-07
0.0009326,0.0009314986666666649,1.1013333333350977e-06
0.0009817,0.0009806889999999988,1.0110000000012817e-06
0.0009312,0.0009306950000000013,5.049999999986272e-07
0.0009805,0.0009795746666666667,9.253333333333023e-07
0.0009301,0.0009290966666666693,1.0033333333307358e-06
0.000979,0.00097771333333333,1.2866666666700843e-06
0.000929,0.0009284196666666648,5.803333333352428e-07
0.0009773,0.0009774759999999988,-1.7599999999886803e-07
0.0009272,0.0009261603333333344,1.0396666666655447e-06
0.0009759,0.0009749746666666614,9.253333333386149e-07
0.000926,0.0009247456666666681,1.2543333333318689e-06
0.0009744,0.0009734536666666628,9.463333333372109e-07
0.0009241,0.0009233489999999996,7.510000000003321e-07
0.0009725,0.0009715876666666605,9.123333333394944e-07
0.0009225,0.0009217423333333339,7.576666666660918e-07
0.0009706,0.000970031333333329,5.686666666709222e-07
0.0009208,0.0009185426666666663,2.2573333333337836e-06
0.0009688,0.0009675463333333302,1.2536666666697815e-06
0.0009192,0.0009178706666666651,1.329333333334893e-06
0.000967,0.0009663609999999973,6.390000000026886e-07
0.0009175,0.0009147756666666664,2.7243333333336556e-06
0.0009649,0.0009635313333333328,1.368666666667147e-06
0.0009155,0.0009136799999999985,1.8200000000014429e-06
0.0009632,0.0009619320000000013,1.2679999999987146e-06
0.0009139,0.0009129780000000008,9.219999999992299e-07
0.0009614,0.0009612393333333348,1.6066666666514871e-07
0.0009124,0.0009112326666666626,1.1673333333373295e-06
0.0009597,0.000959087333333337,6.126666666629414e-07
0.0009107,0.0009103496666666653,3.5033333333465717e-07
0.0009579,0.0009582653333333346,-3.653333333345681e-07
0.0009091,0.0009081580000000014,9.419999999986774e-07
0.0009562,0.0009553596666666666,8.403333333334819e-07
0.0009077,0.0009076459999999977,5.4000000002259706e-08
0.0009547,0.0009560139999999982,-1.3139999999982463e-06
0.0009064,0.0009049286666666672,1.471333333332792e-06
0.0009534,0.0009523956666666668,1.0043333333331367e-06
0.000905,0.0009044219999999998,5.780000000002103e-07
0.0009516,0.0009522196666666673,-6.1966666666728e-07
0.0009036,0.000903117666666665,4.823333333350008e-07
0.0009499,0.0009500336666666646,-1.3366666666450675e-07
0.0009022,0.0009017016666666674,4.983333333326507e-07
0.0009485,0.0009480993333333334,4.0066666666665075e-07
0.0009008,0.0009010583333333344,-2.5833333333440123e-07
0.0009471,0.0009475353333333323,-4.353333333323092e-07
0.0009,0.0008999650000000002,3.499999999979214e-08
0.0009455,0.0009462806666666675,-7.806666666674298e-07
0.0008988,0.0008967663333333362,2.0336666666637398e-06
0.000944,0.0009424479999999972,1.5520000000027526e-06
0.0008975,0.0008955300000000029,1.9699999999970826e-06
0.0009427,0.0009411629999999977,1.5370000000022995e-06
0.0008965,0.0008946560000000031,1.8439999999969418e-06
0.0009414,0.0009400463333333315,1.3536666666685371e-06
0.0008952,0.0008956000000000006,-4.0000000000066024e-07
0.00094,0.0009408713333333332,-8.71333333333211e-07
0.0008942,0.0008937256666666696,4.743333333304296e-07
0.0009387,0.0009386879999999981,1.2000000001923666e-08
0.0008931,0.0008927466666666696,3.533333333303676e-07
0.0009375,0.000937445999999998,5.4000000001934445e-08
0.0008923,0.0008928230000000012,-5.230000000012959e-07
0.0009361,0.0009373556666666658,-1.2556666666658015e-06
0.0008909,0.0008909336666666707,-3.366666667063006e-08
0.0009349,0.0009345389999999974,3.6100000000264826e-07
0.0008904,0.0008903986666666672,1.3333333327399458e-09
0.000934,0.0009344443333333324,-4.443333333323425e-07
0.0008896,0.0008891563333333328,4.4366666666721937e-07
0.0009325,0.0009327876666666668,-2.876666666668231e-07
0.0008887,0.0008888939999999986,-1.9399999999860935e-07
0.0009319,0.0009323010000000012,-4.0100000000110967e-07
0.0008878,0.0008880199999999988,-2.1999999999880188e-07
0.0009311,0.0009313456666666682,-2.456666666682218e-07
0.0008869,0.0008874333333333315,-5.33333333331467e-07
0.0009299,0.0009306566666666656,-7.566666666656424e-07
0.0008862,0.0008854830000000001,7.169999999999052e-07
0.0009291,0.0009282906666666657,8.093333333342948e-07
0.0008855,0.0008848963333333321,6.036666666678955e-07
0.0009283,0.0009276893333333339,6.106666666660541e-07
0.0008849,0.0008848570000000026,4.299999999742444e-08
0.0009277,0.0009276123333333304,8.766666666963716e-08
0.0008844,0.0008845349999999997,-1.3499999999963194e-07
0.0009272,0.0009272766666666686,-7.66666666685966e-08
0.0008843,0.000884223666666666,7.633333333392084e-08
0.000927,0.0009268579999999971,1.4200000000288635e-07
0.0008839,0.0008839543333333344,-5.4333333334441805e-08
0.0009265,0.0009265876666666671,-8.766666666703508e-08
0.000884,0.0008838206666666674,1.7933333333261525e-07
0.0009263,0.0009265909999999976,-2.9099999999753455e-07
0.0008835,0.0008837083333333329,-2.0833333333296344e-07
0.0009262,0.0009262683333333325,-6.833333333249383e-08
0.0008835,0.0008839376666666655,-4.376666666654986e-07
0.000926,0.0009266729999999968,-6.729999999968272e-07
0.0008836,0.0008841010000000009,-5.01000000000841e-07
0.0009261,0.0009268699999999961,-7.699999999960776e-07
0.0008841,0.0008844833333333344,-3.833333333344178e-07
0.0009263,0.0009271609999999968,-8.609999999967515e-07
0.0008842,0.0008840443333333329,1.5566666666712997e-07
0.0009264,0.000926319333333332,8.066666666800906e-08
0.0008856,0.0008855909999999997,9.000000000250127e-09
0.000928,0.0009280180000000014,-1.8000000001367616e-08
0.0008858,0.0008861313333333325,-3.3133333333251486e-07
0.0009282,0.0009285023333333355,-3.023333333355277e-07
0.0008867,0.0008870973333333302,-3.97333333330193e-07
0.0009289,0.0009299426666666636,-1.0426666666636403e-06
0.0008872,0.0008881026666666638,-9.026666666638213e-07
0.0009296,0.0009310263333333305,-1.426333333330457e-06
0.0008878,0.000888346000000001,-5.460000000010075e-07
0.0009303,0.0009308493333333327,-5.493333333326947e-07
0.0008891,0.0008904946666666674,-1.394666666667448e-06
0.0009313,0.000933909999999999,-2.6099999999989196e-06
0.0008897,0.0008905236666666677,-8.236666666676731e-07
0.0009323,0.000934162666666666,-1.8626666666660347e-06
0.000891,0.000891446666666668,-4.4666666666802555e-07
0.0009332,0.0009348633333333333,-1.6633333333333214e-06
0.0008919,0.0008926823333333339,-7.823333333338697e-07
0.0009344,0.0009360399999999973,-1.6399999999971993e-06
0.0008932,0.0008942333333333321,-1.0333333333320755e-06
0.0009359,0.0009386833333333328,-2.7833333333327414e-06
0.0008944,0.000893877000000002,5.229999999979348e-07
0.0009369,0.0009374160000000002,-5.160000000002099e-07
0.000896,0.0008969366666666665,-9.36666666666525e-07
0.0009385,0.0009406036666666669,-2.103666666666902e-06
0.0008966,0.0008940520000000022,2.547999999997835e-06
0.0009394,0.0009373536666666679,2.0463333333320876e-06
0.000898,0.0008999446666666674,-1.9446666666673258e-06
0.0009411,0.0009447426666666655,-3.6426666666654383e-06
0.0008997,0.0009011256666666682,-1.4256666666681529e-06
0.0009427,0.0009464263333333306,-3.7263333333305672e-06
0.0009016,0.0009008230000000006,7.769999999994405e-07
0.0009445,0.0009455783333333314,-1.0783333333313746e-06
0.0009033,0.000903072,2.2800000000001205e-07
0.0009465,0.0009465563333333306,-5.633333333067859e-08
0.0009053,0.0009088033333333329,-3.5033333333328023e-06
0.0009484,0.0009551369999999983,-6.736999999998306e-06
0.0009071,0.0009078699999999999,-7.699999999998723e-07
0.0009504,0.0009539126666666655,-3.5126666666654514e-06
0.0009092,0.0008967760000000009,1.2423999999999053e-05
0.0009523,0.0009392846666666677,1.30153333333323e-05
0.0009113,0.0008998146666666679,1.1485333333332063e-05
0.000955,0.0009435023333333322,1.1497666666667795e-05
0.0009135,0.0009070526666666673,6.4473333333327524e-06
0.0009572,0.0009512533333333362,5.946666666663768e-06
0.0009161,0.0009105996666666673,5.500333333332695e-06
0.0009598,0.0009550733333333317,4.726666666668303e-06
0.0009186,0.0009135453333333339,5.054666666666095e-06
0.0009627,0.0009589009999999983,3.799000000001703e-06
0.0009211,0.0009166849999999997,4.415000000000343e-06
0.0009658,0.0009619039999999999,3.896000000000086e-06
0.0009248,0.0009169403333333348,7.859666666665266e-06
0.0009688,0.0009618393333333321,6.960666666667916e-06
0.0009274,0.0009110773333333347,1.632266666666527e-05
0.0009719,0.0009536869999999986,1.8213000000001406e-05
0.0009308,0.0009204980000000004,1.0301999999999577e-05
0.0009749,0.0009644483333333309,1.0451666666669106e-05
0.0009336,0.0009250430000000004,8.55699999999964e-06
0.0009783,0.0009696439999999991,8.656000000000982e-06
0.0009369,0.0009261213333333336,1.077866666666634e-05
0.0009815,0.0009691286666666673,1.2371333333332677e-05
0.0009402,0.000929239,1.0960999999999979e-05
0.0009847,0.0009731780000000006,1.1521999999999379e-05
0.0009434,0.0009382946666666684,5.105333333331572e-06
0.0009884,0.0009842646666666682,4.135333333331803e-06
0.0009473,0.0009377933333333349,9.506666666665069e-06
0.0009923,0.0009814313333333343,1.0868666666665697e-05
0.0009511,0.0009395026666666674,1.1597333333332525e-05
0.0009962,0.000984592,1.1607999999999974e-05
0.0009551,0.0009452193333333358,9.880666666664127e-06
0.001,0.0009894650000000004,1.0534999999999668e-05
0.0009587,0.0009449613333333323,1.3738666666667735e-05
0.001004,0.0009884760000000016,1.5523999999998315e-05
0.000963,0.0009545473333333334,8.45266666666658e-06
0.001008,0.0009985526666666687,9.447333333331307e-06
0.0009669,0.0009540976666666658,1.280233333333426e-05
0.001012,0.0009954076666666661,1.6592333333333978e-05
0.0009708,0.0009498756666666662,2.0924333333333773e-05
0.001017,0.0009878596666666696,2.914033333333032e-05
0.000975,0.0009603236666666648,1.4676333333335143e-05
0.001021,0.0010014136666666648,1.958633333333515e-05
0.0009794,0.0009593469999999987,2.005300000000132e-05
0.001025,0.0009967879999999985,2.8212000000001633e-05
0.0009835,0.0009643060000000005,1.9193999999999505e-05
0.00103,0.0010036736666666668,2.6326333333333285e-05
0.0009879,0.0009734200000000019,1.4479999999998249e-05
0.001034,0.0010155323333333342,1.8467666666665758e-05
0.0009926,0.0009707270000000016,2.1872999999998318e-05
0.001039,0.0010071666666666668,3.183333333333315e-05
0.000997,0.0009852430000000015,1.1756999999998526e-05
0.001044,0.0010270973333333345,1.690266666666551e-05
0.001002,0.0009923636666666674,9.636333333332657e-06
0.001049,0.0010344489999999994,1.4551000000000668e-05
0.001006,0.000996933000000001,9.066999999998888e-06
0.001053,0.0010384093333333341,1.4590666666665754e-05
0.001011,0.0009913776666666677,1.9622333333332246e-05
0.001058,0.0010277580000000019,3.0241999999998034e-05
0.001016,0.0009938170000000004,2.218299999999962e-05
0.001063,0.0010295480000000008,3.345199999999914e-05
0.001021,0.0009895383333333346,3.146166666666544e-05
0.001068,0.001022496333333333,4.550366666666687e-05
0.001026,0.0009989500000000017,2.70499999999983e-05
0.001073,0.001033159000000001,3.984099999999901e-05
0.001031,0.0010057696666666673,2.5230333333332725e-05
0.001078,0.0010409713333333324,3.702866666666755e-05
0.001036,0.0010159473333333348,2.0052666666665235e-05
0.001084,0.0010491450000000002,3.485499999999965e-05
0.001041,0.0010144550000000005,2.6544999999999564e-05
0.001089,0.0010455306666666644,4.3469333333335516e-05
0.001046,0.0010179416666666677,2.8058333333332366e-05
0.001094,0.0010489296666666647,4.5070333333335245e-05
0.001051,0.0010304699999999993,2.0530000000000808e-05
0.0011,0.0010664500000000007,3.354999999999938e-05
0.001056,0.0010532566666666672,2.7433333333328706e-06
0.001105,0.001101854999999997,3.1450000000030065e-06
0.001061,0.0010511246666666675,9.875333333332625e-06
0.001111,0.0010975020000000006,1.3497999999999375e-05
0.001066,0.00105313,1.2870000000000112e-05
0.001116,0.001100690666666667,1.5309333333332967e-05
0.001072,0.0010521096666666677,1.9890333333332346e-05
0.001121,0.001100481666666666,2.0518333333333994e-05
0.001077,0.0010656523333333354,1.1347666666664674e-05
0.001127,0.001114005666666667,1.2994333333333054e-05
0.001082,0.0010516453333333329,3.0354666666667198e-05
0.001132,0.0010980489999999972,3.3951000000002765e-05
0.001087,0.0010759800000000035,1.101999999999657e-05
0.001138,0.0011242180000000002,1.3781999999999727e-05
0.001093,0.0010687706666666682,2.4229333333331817e-05
0.001144,0.001114559999999997,2.944000000000297e-05
0.001099,0.0010757396666666677,2.326033333333228e-05
0.001149,0.001121400999999997,2.759900000000315e-05
0.001104,0.0010841210000000004,1.9878999999999557e-05
0.001155,0.0011302983333333308,2.4701666666669155e-05
0.00111,0.0010725219999999994,3.747800000000073e-05
0.001162,0.0011164260000000013,4.557399999999875e-05
0.001116,0.0010972573333333365,1.8742666666663474e-05
0.001168,0.0011430566666666671,2.4943333333332868e-05
0.001122,0.001096197000000001,2.580299999999894e-05
0.001174,0.0011417403333333334,3.225966666666651e-05
0.001128,0.0011108473333333348,1.7152666666665328e-05
0.00118,0.0011615370000000005,1.8462999999999596e-05
0.001134,0.0011212759999999977,1.2724000000002367e-05
0.001186,0.0011729289999999996,1.307100000000035e-05
0.00114,0.0011310860000000012,8.913999999998756e-06
0.001193,0.001183866666666668,9.133333333332001e-06
0.001146,0.0011308999999999983,1.510000000000183e-05
0.0012,0.0011833399999999997,1.6660000000000156e-05
0.001153,0.001132396666666665,2.0603333333335007e-05
0.001206,0.0011922466666666677,1.375333333333232e-05
0.00116,0.0011522099999999975,7.790000000002526e-06
0.001213,0.0012169966666666701,-3.996666666670036e-06
0.001167,0.0011617566666666669,5.243333333333202e-06
0.001221,0.0012529666666666684,-3.196666666666829e-05
0.001175,0.0011753073333333336,-3.0733333333354644e-07
0.001228,0.0012697866666666682,-4.1786666666668304e-05
0.001182,0.0011807166666666679,1.283333333332217e-06
0.001236,0.0012603100000000004,-2.4310000000000477e-05
0.00119,0.0011864266666666676,3.573333333332495e-06
0.001244,0.0012548600000000015,-1.0860000000001424e-05
0.001199,0.0011977133333333364,1.286666666663579e-06
0.001253,0.0012717066666666696,-1.870666666666963e-05
0.001207,0.0011673663333333344,3.963366666666552e-05
0.001261,0.0012104366666666683,5.056333333333164e-05
0.001217,0.0012082133333333332,8.786666666666743e-06
0.00127,0.0012753366666666671,-5.336666666667066e-06
0.001226,0.0012110633333333339,1.4936666666666215e-05
0.00128,0.0012626199999999986,1.7380000000001517e-05
0.001237,0.001199790000000003,3.720999999999694e-05
0.00129,0.0012360366666666687,5.396333333333118e-05
0.001248,0.0012055266666666654,4.247333333333458e-05
0.0013,0.0012310833333333364,6.891666666666353e-05
0.001259,0.0012116800000000014,4.731999999999848e-05
0.001311,0.0012309100000000015,8.008999999999859e-05
0.001269,0.0012227000000000028,4.629999999999717e-05
0.001323,0.0012422633333333327,8.073666666666727e-05
0.001281,0.001241613333333334,3.938666666666608e-05
0.001336,0.0012714599999999988,6.454000000000117e-05
0.001294,0.0012705033333333313,2.349666666666872e-05
0.001347,0.0013022799999999985,4.4720000000001564e-05
0.001306,0.0012641333333333344,4.186666666666566e-05
0.001359,0.0012813533333333328,7.764666666666719e-05
0.001319,0.0012931833333333304,2.581666666666969e-05
0.001372,0.001325913333333335,4.6086666666664885e-05
0.001333,0.001286253333333332,4.6746666666667904e-05
0.001385,0.0013032000000000007,8.179999999999928e-05
0.001347,0.001293503333333334,5.34966666666662e-05
0.001399,0.0013057433333333339,9.325666666666621e-05
0.001363,0.001309056666666666,5.3943333333334115e-05
0.001413,0.0013238299999999974,8.917000000000256e-05
0.001378,0.0013237000000000027,5.429999999999736e-05
0.001428,0.0013435733333333347,8.442666666666531e-05
0.001393,0.001341436666666668,5.1563333333331986e-05
0.001444,0.0013682333333333333,7.576666666666665e-05
0.001409,0.0013530100000000021,5.598999999999795e-05
0.001459,0.0013795799999999955,7.942000000000452e-05
0.001423,0.0013687366666666635,5.426333333333655e-05
0.001474,0.0013946566666666693,7.934333333333072e-05
0.001439,0.0013856466666666723,5.3353333333327644e-05
0.001488,0.0014129033333333339,7.509666666666607e-05
0.001453,0.0014047400000000022,4.825999999999789e-05
0.001503,0.0014316233333333335,7.137666666666648e-05
0.001469,0.0014145433333333354,5.445666666666462e-05
0.001518,0.0014414866666666673,7.651333333333278e-05
0.001483,0.0014295633333333312,5.343666666666872e-05
0.001533,0.0014565766666666676,7.642333333333245e-05
0.001499,0.0014501933333333358,4.880666666666413e-05
0.001548,0.0014821133333333284,6.588666666667155e-05
0.001515,0.0014650866666666715,4.991333333332856e-05
0.001563,0.0014852699999999984,7.773000000000155e-05
0.00153,0.001479233333333336,5.076666666666398e-05
0.001578,0.0015015233333333354,7.64766666666646e-05
0.001545,0.001499839999999999,4.51600000000009e-05
0.001593,0.0015249066666666675,6.809333333333248e-05
0.00156,0.0015181033333333375,4.1896666666662447e-05
0.001608,0.0015492433333333302,5.875666666666987e-05
0.001574,0.0015293000000000038,4.469999999999626e-05
0.001623,0.0015559366666666645,6.706333333333556e-05
0.00159,0.0015403233333333352,4.9676666666664815e-05
0.001637,0.0015666699999999961,7.033000000000386e-05
0.001604,0.0015671433333333334,3.6856666666666574e-05
0.001653,0.001592093333333334,6.090666666666599e-05
0.001619,0.001573179999999998,4.582000000000197e-05
0.001668,0.0015942633333333337,7.373666666666634e-05
0.001634,0.001595269999999999,3.873000000000114e-05
0.001683,0.0016141133333333305,6.888666666666956e-05
0.001649,0.0016039133333333345,4.508666666666562e-05
0.001698,0.0016191466666666677,7.885333333333233e-05
0.001664,0.0016401233333333304,2.38766666666695e-05
0.001713,0.001670569999999997,4.2430000000002804e-05
0.001679,0.001641586666666666,3.741333333333384e-05
0.001727,0.001669530000000002,5.746999999999805e-05
0.001694,0.0016613633333333294,3.26366666666706e-05
0.001742,0.0016955233333333306,4.647666666666951e-05
0.001708,0.0016769333333333273,3.106666666667277e-05
0.001758,0.0017237466666666728,3.4253333333327234e-05
0.001723,0.0016802766666666673,4.272333333333266e-05
0.001773,0.001721360000000004,5.163999999999603e-05
0.001738,0.001730079999999998,7.92000000000197e-06
0.001789,0.0017859433333333322,3.0566666666678125e-06
0.001754,0.0017341233333333362,1.9876666666663765e-05
0.001804,0.0017919966666666647,1.200333333333534e-05
0.001769,0.0017356666666666675,3.333333333333248e-05
0.00182,0.0017847600000000026,3.5239999999997365e-05
0.001784,0.0017438333333333333,4.016666666666665e-05
0.001836,0.0017955533333333348,4.04466666666652e-05
0.0018,0.0017736466666666657,2.6353333333334252e-05
0.001852,0.0018316733333333347,2.0326666666665213e-05
0.001816,0.0017752433333333372,4.075666666666271e-05
0.00187,0.0018318600000000007,3.8139999999999225e-05
0.001833,0.001797563333333334,3.54366666666659e-05
0.001887,0.0018511366666666643,3.586333333333567e-05
0.001849,0.0018094666666666633,3.953333333333664e-05
0.001903,0.0018623400000000033,4.065999999999662e-05
0.001865,0.0018250333333333338,3.99666666666661e-05
0.00192,0.0018781533333333325,4.1846666666667514e-05
0.001882,0.0018326633333333338,4.9336666666666184e-05
0.001938,0.001877236666666665,6.076333333333503e-05
0.0019,0.0018489233333333355,5.1076666666664524e-05
0.001956,0.0018950966666666659,6.090333333333398e-05
0.001917,0.0018676000000000033,4.9399999999996756e-05
0.001974,0.0019130466666666653,6.095333333333477e-05
0.001935,0.001889180000000001,4.581999999999915e-05
0.001993,0.001938270000000002,5.472999999999806e-05
0.001954,0.0019068666666666686,4.713333333333141e-05
0.002012,0.001955733333333337,5.6266666666662975e-05
0.001973,0.0019128866666666688,6.011333333333108e-05
0.002032,0.001960376666666668,7.162333333333212e-05
0.001992,0.0019323766666666656,5.962333333333421e-05
0.002052,0.001981020000000001,7.097999999999913e-05
0.002011,0.001956773333333334,5.4226666666666416e-05
0.002071,0.0020127166666666697,5.828333333333024e-05
0.00203,0.001973266666666668,5.6733333333332074e-05
0.002091,0.0020238466666666678,6.715333333333221e-05
0.00205,0.0020039566666666653,4.6043333333334845e-05
0.002112,0.0020646633333333327,4.7336666666667436e-05
0.002069,0.0020402866666666647,2.8713333333335415e-05
0.002132,0.00211024666666667,2.1753333333330346e-05
0.002089,0.0020453533333333307,4.36466666666694e-05
0.002152,0.002111193333333335,4.080666666666502e-05
0.00211,0.0020499500000000026,6.004999999999726e-05
0.002173,0.0021100466666666663,6.295333333333373e-05
0.002129,0.0020559566666666636,7.304333333333626e-05
0.002192,0.002104300000000002,8.769999999999785e-05
0.00215,0.002111340000000002,3.865999999999809e-05
0.002214,0.002179983333333331,3.401666666666891e-05
0.00217,0.0021052033333333344,6.479666666666566e-05
0.002235,0.0021573600000000005,7.763999999999948e-05
0.002191,0.0021354600000000022,5.553999999999759e-05
0.002256,0.0021937333333333334,6.226666666666681e-05
0.002213,0.002142709999999999,7.029000000000106e-05
0.002278,0.002195496666666669,8.250333333333125e-05
0.002234,0.002174659999999999,5.934000000000104e-05
0.0023,0.002229143333333333,7.085666666666697e-05
0.002256,0.002175363333333331,8.063666666666917e-05
0.002322,0.0022242100000000016,9.778999999999821e-05
0.002279,0.0022344500000000002,4.454999999999997e-05
0.002345,0.0022946100000000025,5.038999999999738e-05
0.002302,0.0022280866666666665,7.391333333333326e-05
0.002367,0.002279080000000001,8.791999999999914e-05
0.002324,0.0022493300000000008,7.466999999999934e-05
0.00239,0.0023035266666666704,8.64733333333298e-05
0.002348,0.002301343333333333,4.6656666666666704e-05
0.002414,0.0023657466666666695,4.8253333333330393e-05
0.002371,0.0023192766666666653,5.1723333333334506e-05
0.002437,0.0023946633333333358,4.233666666666417e-05
0.002395,0.0022939666666666665,0.00010103333333333353
0.002461,0.0023437699999999955,0.00011723000000000462
0.002419,0.0023782033333333355,4.079666666666464e-05
0.002485,0.0024459600000000027,3.903999999999713e-05
0.002443,0.002405596666666673,3.740333333332674e-05
0.002509,0.0024780466666666683,3.0953333333331653e-05
0.002469,0.0024058899999999965,6.311000000000337e-05
0.002534,0.002467326666666665,6.667333333333463e-05
0.002493,0.002431153333333337,6.18466666666628e-05
0.002558,0.0024935966666666653,6.440333333333466e-05
0.002518,0.002433050000000001,8.4949999999999e-05
0.002583,0.002490590000000002,9.240999999999763e-05
0.002542,0.0024991999999999983,4.280000000000169e-05
0.002607,0.0025748033333333337,3.2196666666666277e-05
0.002568,0.0025170166666666637,5.09833333333363e-05
0.002632,0.002584253333333332,4.77466666666676e-05
0.002594,0.002519373333333332,7.4626666666668e-05
0.002658,0.0025733566666666656,8.464333333333459e-05
0.00262,0.002554200000000003,6.579999999999694e-05
0.002684,0.002607379999999999,7.66200000000012e-05
0.002646,0.0025888533333333313,5.714666666666859e-05
0.00271,0.0026436533333333355,6.63466666666647e-05
0.002672,0.0026179733333333353,5.402666666666457e-05
0.002736,0.0026813466666666713,5.4653333333328814e-05
0.002699,0.0026223766666666694,7.662333333333061e-05
0.002762,0.0026772099999999967,8.479000000000342e-05
0.002726,0.0026405299999999964,8.547000000000372e-05
0.002788,0.0026949300000000034,9.306999999999675e-05
0.002752,0.0026685566666666636,8.344333333333651e-05
0.002814,0.002724019999999999,8.998000000000122e-05
0.00278,0.002735559999999995,4.444000000000496e-05
0.002843,0.0027979633333333315,4.503666666666852e-05
0.002808,0.0027524466666666693,5.555333333333084e-05
0.002869,0.002811480000000004,5.751999999999624e-05
0.002836,0.002785786666666666,5.021333333333393e-05
0.002896,0.002847700000000004,4.829999999999635e-05
0.002864,0.002795686666666668,6.831333333333182e-05
0.002923,0.0028481733333333343,7.482666666666551e-05
0.002891,0.0028321899999999957,5.881000000000419e-05
0.002951,0.002891496666666668,5.9503333333332104e-05
0.002918,0.002863879999999994,5.412000000000602e-05
0.002978,0.002920446666666671,5.755333333332937e-05
0.002948,0.0028731999999999963,7.480000000000377e-05
0.003006,0.0029240733333333385,8.19266666666615e-05
0.002976,0.0029143666666666687,6.163333333333116e-05
0.003034,0.002971503333333331,6.249666666666891e-05
0.003005,0.0029431733333333296,6.182666666667029e-05
0.003063,0.0029962633333333287,6.673666666667149e-05
0.003034,0.0029578566666666685,7.61433333333313e-05
0.00309,0.0029992966666666605,9.070333333333937e-05
0.003063,0.0029790233333333365,8.397666666666364e-05
0.003119,0.003027060000000001,9.193999999999869e-05
0.003092,0.0030177699999999977,7.423000000000238e-05
0.003147,0.0030691633333333446,7.783666666665544e-05
0.003123,0.0030585633333333386,6.443666666666129e-05
0.003177,0.003104350000000002,7.264999999999832e-05
0.003152,0.0030942966666666653,5.7703333333334553e-05
0.003207,0.003145416666666667,6.15833333333332e-05
0.003182,0.0031085966666666745,7.340333333332545e-05
0.003235,0.0031553566666666605,7.964333333333956e-05
0.001432,0.0014546899999999992,-2.2689999999999256e-05
0.001454,0.001494436666666665,-4.0436666666665046e-05
0.00142,0.0014562700000000034,-3.627000000000339e-05
0.001441,0.0014954033333333355,-5.44033333333355e-05
0.001407,0.0014353666666666637,-2.8366666666663652e-05
0.001428,0.001473206666666668,-4.520666666666794e-05
0.001396,0.0014116700000000012,-1.5670000000001048e-05
0.001417,0.001436676666666665,-1.9676666666664953e-05
0.001385,0.001411833333333337,-2.683333333333704e-05
0.001406,0.0014444233333333319,-3.842333333333196e-05
0.001375,0.001395600000000005,-2.0600000000005163e-05
0.001396,0.0014243466666666671,-2.8346666666667023e-05
0.001365,0.0013892366666666664,-2.4236666666666495e-05
0.001387,0.0014236766666666653,-3.667666666666526e-05
0.001357,0.001377766666666667,-2.0766666666667153e-05
0.001378,0.001402703333333333,-2.4703333333332992e-05
0.001349,0.001377909999999997,-2.890999999999701e-05
0.00137,0.0014117266666666634,-4.1726666666663456e-05
0.001341,0.0013496633333333328,-8.663333333332841e-06
0.001363,0.0013735933333333305,-1.0593333333330486e-05
0.001334,0.001344176666666666,-1.0176666666666077e-05
0.001355,0.001369020000000001,-1.4020000000000872e-05
0.001327,0.0013394433333333347,-1.2443333333334678e-05
0.001349,0.0013658266666666675,-1.6826666666667567e-05
0.001321,0.0013435266666666672,-2.2526666666667326e-05
0.001342,0.0013729833333333318,-3.098333333333169e-05
0.001315,0.0013473733333333314,-3.237333333333146e-05
0.001336,0.0013829933333333318,-4.6993333333331805e-05
0.001309,0.001318490000000001,-9.490000000000887e-06
0.00133,0.001347446666666669,-1.744666666666909e-05
0.001303,0.0013173833333333352,-1.43833333333353e-05
0.001325,0.001345206666666666,-2.0206666666665925e-05
0.001298,0.0013088733333333318,-1.087333333333186e-05
0.00132,0.0013361333333333364,-1.61333333333364e-05
0.001293,0.0012989600000000022,-5.960000000002118e-06
0.001315,0.001326156666666667,-1.115666666666698e-05
0.001288,0.0012967099999999993,-8.70999999999923e-06
0.001311,0.0013229566666666662,-1.1956666666666131e-05
0.001284,0.0012896266666666694,-5.626666666669463e-06
0.001306,0.0013165733333333365,-1.057333333333646e-05
0.00128,0.001283096666666667,-3.0966666666669244e-06
0.001302,0.0013081766666666645,-6.176666666664462e-06
0.001276,0.0012778666666666666,-1.8666666666666398e-06
0.001299,0.0013032600000000016,-4.260000000001589e-06
0.001272,0.0012758766666666685,-3.8766666666685805e-06
0.001295,0.0013008966666666676,-5.896666666667643e-06
0.001269,0.001275539999999998,-6.539999999998023e-06
0.001292,0.0013036233333333332,-1.162333333333326e-05
0.001265,0.0012691433333333316,-4.143333333331495e-06
0.001289,0.0012973333333333363,-8.333333333336319e-06
0.001262,0.0012614500000000036,5.499999999965168e-07
0.001286,0.0012878633333333318,-1.8633333333318083e-06
0.001259,0.001259973333333333,-9.73333333332974e-07
0.001283,0.0012911499999999976,-8.149999999997569e-06
0.001256,0.0012568399999999993,-8.399999999993482e-07
0.001281,0.001282416666666667,-1.416666666666927e-06
0.001254,0.0012554766666666663,-1.4766666666663538e-06
0.001278,0.0012781833333333308,-1.8333333333072667e-07
0.001251,0.0012513266666666668,-3.2666666666689506e-07
0.001276,0.0012773199999999978,-1.3199999999977986e-06
0.001249,0.001249793333333337,-7.933333333370787e-07
0.001274,0.001277679999999998,-3.6799999999980945e-06
0.001246,0.0012479766666666694,-1.976666666669456e-06
0.001272,0.0012736800000000012,-1.6800000000012985e-06
0.001244,0.0012456800000000042,-1.6800000000041174e-06
0.001271,0.00127305333333333,-2.0533333333300294e-06
0.001242,0.0012436900000000026,-1.6900000000025402e-06
0.00127,0.00127065333333333,-6.53333333329887e-07
0.00124,0.0012465266666666687,-6.526666666668672e-06
0.001268,0.0012741566666666648,-6.156666666664798e-06
0.001239,0.001244506666666667,-5.506666666666923e-06
0.001267,0.0012735533333333327,-6.553333333332795e-06
0.001237,0.0012421133333333312,-5.1133333333311555e-06
0.001266,0.0012696400000000005,-3.6400000000005005e-06
0.001235,0.0012404366666666662,-5.436666666666255e-06
0.001265,0.0012708566666666625,-5.8566666666624596e-06
0.001234,0.0012347999999999973,-7.999999999972005e-07
0.001264,0.0012637333333333344,2.6666666666551667e-07
0.001233,0.0012435533333333387,-1.0553333333338747e-05
0.001263,0.001277953333333331,-1.4953333333331048e-05
0.001232,0.0012335566666666653,-1.5566666666652282e-06
0.001263,0.0012625999999999983,4.0000000000174445e-07
0.001231,0.0012359700000000038,-4.970000000003661e-06
0.001262,0.0012688366666666663,-6.8366666666661805e-06
0.00123,0.0012410399999999995,-1.1039999999999488e-05
0.001262,0.0012758866666666667,-1.3886666666666596e-05
0.00123,0.0012431366666666665,-1.3136666666666496e-05
0.001262,0.0012844333333333325,-2.243333333333238e-05
0.00123,0.0012491166666666665,-1.9116666666666544e-05
0.001262,0.0012986499999999984,-3.6649999999998316e-05
0.001229,0.0012449166666666654,-1.5916666666665382e-05
0.001263,0.0012907066666666641,-2.7706666666664102e-05
0.001229,0.0012377366666666651,-8.736666666665088e-06
0.001263,0.0012778666666666625,-1.486666666666251e-05
0.001229,0.0012348299999999982,-5.82999999999812e-06
0.001264,0.0012734766666666645,-9.476666666664597e-06
0.00123,0.001233086666666666,-3.0866666666661165e-06
0.001265,0.0012695666666666626,-4.566666666662531e-06
0.001231,0.0012334000000000039,-2.4000000000037446e-06
0.001266,0.0012707566666666649,-4.756666666664872e-06
0.001232,0.001239126666666665,-7.126666666664892e-06
0.001268,0.0012793000000000019,-1.1300000000001847e-05
0.001233,0.0012394366666666665,-6.4366666666666045e-06
0.001269,0.001280613333333333,-1.1613333333333102e-05
0.001235,0.0012413133333333325,-6.313333333332486e-06
0.001271,0.001283730000000005,-1.2730000000005064e-05
0.001236,0.0012440966666666645,-8.096666666664552e-06
0.001273,0.0012878166666666678,-1.4816666666667795e-05
0.001238,0.0012426899999999983,-4.689999999998385e-06
0.001276,0.0012850233333333366,-9.023333333336558e-06
0.001241,0.0012505833333333316,-9.583333333331714e-06
0.001278,0.0012962799999999975,-1.8279999999997474e-05
0.001243,0.0012460333333333335,-3.0333333333335336e-06
0.001281,0.0012875766666666686,-6.576666666668592e-06
0.001246,0.001257616666666664,-1.161666666666403e-05
0.001284,0.0013067133333333303,-2.2713333333330282e-05
0.001249,0.001254913333333337,-5.91333333333703e-06
0.001287,0.0012984133333333358,-1.1413333333335808e-05
0.001252,0.0012603833333333376,-8.38333333333754e-06
0.00129,0.0013044833333333361,-1.4483333333336224e-05
0.001255,0.0012760499999999975,-2.1049999999997503e-05
0.001294,0.0013348233333333353,-4.082333333333527e-05
0.001259,0.0012847866666666652,-2.5786666666665313e-05
0.001298,0.0013455299999999995,-4.752999999999962e-05
0.001263,0.0012761766666666645,-1.3176666666664524e-05
0.001301,0.001323023333333334,-2.2023333333333946e-05
0.001266,0.0012720466666666659,-6.046666666665885e-06
0.001305,0.0013154333333333305,-1.043333333333057e-05
0.00127,0.0012790499999999995,-9.04999999999938e-06
0.00131,0.001322483333333332,-1.2483333333332056e-05
0.001275,0.0012848633333333288,-9.86333333332875e-06
0.001314,0.0013304733333333312,-1.6473333333331128e-05
0.001279,0.0012884700000000042,-9.470000000004258e-06
0.001318,0.0013333766666666664,-1.537666666666642e-05
0.001284,0.0012914533333333316,-7.45333333333157e-06
0.001323,0.0013398999999999991,-1.6899999999999164e-05
0.001288,0.0012973499999999985,-9.349999999998465e-06
0.001328,0.0013463166666666678,-1.8316666666667826e-05
0.001293,0.0013075266666666707,-1.4526666666670601e-05
0.001332,0.00136273333333333,-3.0733333333329924e-05
0.001298,0.0013097699999999979,-1.1769999999997971e-05
0.001337,0.0013675699999999992,-3.056999999999908e-05
0.001303,0.001316089999999999,-1.3089999999999023e-05
0.001342,0.0013738666666666664,-3.1866666666666285e-05
0.001308,0.0013239633333333354,-1.5963333333335458e-05
0.001347,0.0013772533333333353,-3.025333333333516e-05
0.001313,0.0013198899999999972,-6.8899999999972455e-06
0.001352,0.0013616899999999968,-9.68999999999688e-06
0.001318,0.001343093333333334,-2.5093333333334146e-05
0.001357,0.0013917100000000026,-3.471000000000268e-05
0.001323,0.0013460233333333338,-2.3023333333333862e-05
0.001363,0.001397570000000003,-3.457000000000286e-05
0.001329,0.001352056666666668,-2.3056666666667865e-05
0.001368,0.0014035800000000028,-3.558000000000272e-05
0.001334,0.0013520333333333346,-1.8033333333334657e-05
0.001374,0.0014026966666666697,-2.8696666666669715e-05
0.00134,0.0013437766666666655,-3.776666666665488e-06
0.001379,0.001385433333333335,-6.433333333335026e-06
0.001345,0.0013563866666666663,-1.1386666666666264e-05
0.001385,0.0014046266666666689,-1.9626666666668936e-05
0.001351,0.0013530366666666671,-2.036666666667148e-06
0.00139,0.0013974700000000035,-7.470000000003559e-06
0.001357,0.001363943333333333,-6.943333333333081e-06
0.001396,0.0014066266666666676,-1.0626666666667525e-05
0.001363,0.001378589999999997,-1.558999999999697e-05
0.001402,0.001424223333333336,-2.222333333333601e-05
0.001369,0.0013865599999999965,-1.7559999999996545e-05
0.001407,0.0014354933333333361,-2.849333333333607e-05
0.001374,0.0013956766666666663,-2.1676666666666303e-05
0.001413,0.0014465533333333335,-3.355333333333356e-05
0.00138,0.0013936699999999983,-1.3669999999998397e-05
0.001419,0.0014412400000000007,-2.2240000000000844e-05
0.001386,0.0014020833333333311,-1.608333333333106e-05
0.001425,0.0014500933333333333,-2.5093333333333278e-05
0.001392,0.0014127299999999985,-2.0729999999998536e-05
0.001431,0.0014632766666666677,-3.227666666666775e-05
0.001397,0.00141251,-1.5510000000000046e-05
0.001436,0.0014624166666666668,-2.6416666666666776e-05
0.001403,0.0014211699999999987,-1.8169999999998777e-05
0.001442,0.0014701166666666692,-2.8116666666669256e-05
0.001409,0.001424013333333333,-1.501333333333286e-05
0.001448,0.0014700866666666672,-2.208666666666712e-05
0.001414,0.0014481566666666665,-3.415666666666656e-05
0.001454,0.0015030033333333379,-4.9003333333337866e-05
0.00142,0.001461829999999996,-4.182999999999596e-05
0.001459,0.0015220033333333337,-6.300333333333365e-05
0.001426,0.001458066666666661,-3.206666666666098e-05
0.001465,0.0015134766666666623,-4.84766666666624e-05
0.001432,0.001458789999999999,-2.6789999999999193e-05
0.001471,0.0015225333333333338,-5.153333333333368e-05
0.001437,0.0014601666666666676,-2.3166666666667645e-05
0.001476,0.0015184366666666645,-4.2436666666664444e-05
0.001443,0.0014543433333333365,-1.134333333333644e-05
0.001482,0.0015009933333333327,-1.8993333333332642e-05
0.001448,0.0014584900000000022,-1.0490000000002104e-05
0.001487,0.0015038200000000001,-1.6820000000000073e-05
0.001454,0.0014639300000000022,-9.930000000002177e-06
0.001493,0.0015118100000000017,-1.88100000000017e-05
0.001459,0.0014709566666666674,-1.1956666666667433e-05
0.001498,0.001522823333333337,-2.482333333333705e-05
0.001465,0.0014739966666666683,-8.996666666668315e-06
0.001504,0.001524020000000003,-2.0020000000003186e-05
0.00147,0.0014793200000000018,-9.320000000001896e-06
0.001509,0.0015256533333333348,-1.665333333333483e-05
0.001475,0.0014826166666666674,-7.616666666667403e-06
0.001514,0.0015243566666666645,-1.0356666666664575e-05
0.00148,0.0014918199999999998,-1.1819999999999843e-05
0.001519,0.0015355666666666662,-1.6566666666666292e-05
0.001486,0.0014975766666666694,-1.1576666666669472e-05
0.001525,0.001540499999999997,-1.5499999999996853e-05
0.001491,0.0015032166666666639,-1.2216666666663937e-05
0.00153,0.0015495566666666653,-1.955666666666545e-05
0.001496,0.0015068699999999991,-1.0869999999999196e-05
0.001535,0.001551520000000004,-1.6520000000004023e-05
0.001501,0.001508850000000001,-7.850000000001085e-06
0.00154,0.0015529566666666662,-1.2956666666666264e-05
0.001506,0.001515246666666666,-9.246666666665963e-06
0.001545,0.0015601100000000002,-1.5110000000000253e-05
0.001511,0.0015272500000000058,-1.6250000000005843e-05
0.001551,0.0015759766666666676,-2.497666666666752e-05
0.001516,0.0015212633333333344,-5.263333333334385e-06
0.001556,0.0015653166666666665,-9.316666666666414e-06
0.001521,0.0015352766666666725,-1.427666666667252e-05
0.001561,0.0015852133333333351,-2.4213333333335035e-05
0.001526,0.0015397800000000008,-1.378000000000078e-05
0.001567,0.0015896366666666663,-2.263666666666624e-05
0.001531,0.0015427500000000003,-1.1750000000000259e-05
0.001572,0.0015879699999999982,-1.5969999999998182e-05
0.001536,0.0015397800000000036,-3.780000000003572e-06
0.001577,0.0015865833333333329,-9.583333333332798e-06
0.001541,0.001550403333333337,-9.403333333336903e-06
0.001582,0.0015983933333333297,-1.639333333332965e-05
0.001547,0.0015500700000000013,-3.0700000000012835e-06
0.001588,0.001599293333333331,-1.12933333333311e-05
0.001552,0.0015658566666666663,-1.385666666666634e-05
0.001593,0.0016162566666666652,-2.325666666666516e-05
0.001557,0.0015607266666666667,-3.7266666666666524e-06
0.001598,0.0016045000000000022,-6.500000000002164e-06
0.001562,0.0015710566666666656,-9.056666666665573e-06
0.001604,0.0016207799999999987,-1.6779999999998792e-05
0.001567,0.0015783499999999992,-1.1349999999999165e-05
0.001609,0.0016360600000000012,-2.7060000000001276e-05
0.001572,0.001583153333333332,-1.1153333333331931e-05
0.001614,0.0016379533333333329,-2.3953333333332893e-05
0.001577,0.0015818099999999962,-4.809999999996154e-06
0.001619,0.001631729999999999,-1.2729999999998992e-05
0.001582,0.001578279999999998,3.720000000001977e-06
0.001625,0.0016215033333333326,3.496666666667368e-06
0.001587,0.001586029999999999,9.700000000011783e-07
0.00163,0.001629776666666666,2.2333333333395856e-07
0.001592,0.001602990000000002,-1.0990000000001953e-05
0.001635,0.0016532433333333353,-1.824333333333536e-05
0.001597,0.0016077233333333303,-1.0723333333330365e-05
0.001641,0.0016623866666666683,-2.1386666666668242e-05
0.001601,0.0016056200000000027,-4.6200000000027035e-06
0.001645,0.0016495666666666658,-4.566666666665784e-06
0.001606,0.001611696666666667,-5.696666666667096e-06
0.001651,0.0016601466666666665,-9.146666666666557e-06
0.001611,0.001611466666666668,-4.666666666680152e-07
0.001655,0.0016562366666666697,-1.2366666666697307e-06
0.001615,0.0016191166666666677,-4.116666666667806e-06
0.001661,0.0016685166666666703,-7.516666666670382e-06
0.00162,0.001622199999999999,-2.1999999999990777e-06
0.001666,0.0016669933333333345,-9.933333333345899e-07
0.001625,0.0016284933333333322,-3.4933333333323196e-06
0.001671,0.0016743866666666636,-3.3866666666636843e-06
0.001629,0.001627946666666669,1.053333333330981e-06
0.001675,0.001672643333333331,2.3566666666691508e-06
0.001634,0.0016358399999999982,-1.83999999999818e-06
0.001681,0.0016838033333333327,-2.803333333332731e-06
0.001639,0.001642559999999996,-3.5599999999959882e-06
0.001686,0.0016902566666666644,-4.256666666664372e-06
0.001644,0.001644893333333334,-8.933333333338827e-07
0.001691,0.0016935133333333308,-2.513333333330767e-06
0.001649,0.0016489499999999963,5.000000000382303e-08
0.001696,0.0016947866666666659,1.2133333333341507e-06
0.001654,0.0016521600000000015,1.8399999999986136e-06
0.001702,0.0016983399999999946,3.660000000005369e-06
0.00166,0.0016599933333333364,6.6666666635913086e-09
0.001707,0.0017079466666666664,-9.466666666664656e-07
0.001665,0.0016650899999999997,-8.999999999968235e-08
0.001713,0.0017121100000000015,8.899999999984008e-07
0.00167,0.0016716166666666662,-1.616666666666173e-06
0.001718,0.0017213966666666672,-3.396666666667311e-06
0.001676,0.0016765399999999974,-5.399999999974436e-07
0.001724,0.001726163333333334,-2.16333333333393e-06
0.001681,0.00168098,1.9999999999881224e-08
0.00173,0.0017298699999999986,1.3000000000139636e-07
0.001686,0.0016851833333333332,8.16666666666804e-07
0.001735,0.0017346833333333341,3.1666666666587025e-07
0.001692,0.0016945933333333348,-2.5933333333348456e-06
0.001741,0.0017449166666666674,-3.916666666667476e-06
0.001697,0.0016986733333333348,-1.6733333333348883e-06
0.001747,0.0017488199999999999,-1.8199999999998166e-06
0.001703,0.0017011600000000028,1.8399999999973125e-06
0.001753,0.0017495466666666692,3.4533333333308224e-06
0.001709,0.0017111266666666705,-2.1266666666705167e-06
0.001759,0.001761216666666671,-2.2166666666710664e-06
0.001715,0.001712996666666669,2.003333333330977e-06
0.001765,0.0017615766666666704,3.4233333333296995e-06
0.001721,0.0017222033333333302,-1.20333333333009e-06
0.001771,0.0017741766666666617,-3.176666666661679e-06
0.001727,0.0017281133333333287,-1.113333333328673e-06
0.001777,0.0017770533333333358,-5.333333333583552e-08
0.001733,0.0017343933333333302,-1.3933333333302628e-06
0.001784,0.0017836399999999997,3.600000000002473e-07
0.001739,0.0017423633333333332,-3.3633333333330916e-06
0.001791,0.0017933966666666653,-2.396666666665227e-06
0.001746,0.0017470366666666654,-1.0366666666654974e-06
0.001797,0.0017946599999999983,2.3400000000017157e-06
0.001753,0.0017582366666666683,-5.23666666666831e-06
0.001804,0.0018091133333333353,-5.1133333333352755e-06
0.001759,0.0017600733333333347,-1.0733333333347653e-06
0.001811,0.00181042,5.799999999998081e-07
0.001766,0.0017668333333333353,-8.333333333353232e-07
0.001818,0.0018174900000000008,5.099999999991396e-07
0.001773,0.0017740300000000015,-1.0300000000014724e-06
0.001825,0.0018259166666666667,-9.166666666666438e-07
0.00178,0.0017840400000000056,-4.040000000005714e-06
0.001832,0.0018354199999999995,-3.4199999999994218e-06
0.001788,0.0017888266666666697,-8.266666666695635e-07
0.001839,0.0018420233333333335,-3.023333333333593e-06
0.001795,0.0018033766666666706,-8.376666666670696e-06
0.001847,0.0018561466666666673,-9.146666666667424e-06
0.001803,0.0018009266666666687,2.0733333333312117e-06
0.001855,0.0018494100000000016,5.589999999998461e-06
0.00181,0.0018140199999999963,-4.019999999996292e-06
0.001863,0.001867980000000002,-4.980000000001867e-06
0.001818,0.001819403333333333,-1.4033333333330223e-06
0.001871,0.0018713733333333333,-3.733333333332846e-07
0.001826,0.0018275566666666654,-1.556666666665445e-06
0.001878,0.001879023333333338,-1.023333333338098e-06
0.001834,0.001835873333333333,-1.87333333333305e-06
0.001886,0.00188698,-9.799999999998178e-07
0.001842,0.0018448666666666688,-2.866666666668724e-06
0.001895,0.0018939633333333336,1.0366666666663648e-06
0.001851,0.0018516066666666713,-6.066666666713037e-07
0.001903,0.0019020733333333342,9.26666666665717e-07
0.001859,0.0018646099999999992,-5.609999999999209e-06
0.001912,0.001917156666666669,-5.156666666669002e-06
0.001868,0.001877449999999998,-9.449999999997872e-06
0.00192,0.001929706666666668,-9.706666666668001e-06
0.001877,0.0018811633333333344,-4.163333333334412e-06
0.001929,0.001932783333333334,-3.7833333333340668e-06
0.001885,0.0018867066666666665,-1.7066666666665058e-06
0.001938,0.001933356666666666,4.643333333333947e-06
0.001894,0.0019088500000000027,-1.4850000000002665e-05
0.001946,0.0019653533333333323,-1.935333333333224e-05
0.001904,0.0019132100000000018,-9.210000000001682e-06
0.001955,0.001960866666666666,-5.866666666665653e-06
0.001913,0.00191325666666667,-2.5666666666991286e-07
0.001965,0.0019617833333333366,3.2166666666636097e-06
0.001923,0.0019331633333333294,-1.0163333333329354e-05
0.001974,0.001982836666666667,-8.836666666667096e-06
0.001933,0.0019382466666666661,-5.246666666666082e-06
0.001984,0.001984413333333331,-4.1333333333087863e-07
0.001943,0.0019536066666666694,-1.0606666666669378e-05
0.001994,0.0020034866666666673,-9.48666666666714e-06
0.001954,0.001964203333333333,-1.020333333333302e-05
0.002005,0.002011763333333336,-6.763333333336102e-06
0.001965,0.001966543333333337,-1.5433333333367445e-06
0.002016,0.002015373333333337,6.26666666662945e-07
0.001977,0.001988063333333334,-1.1063333333333984e-05
0.002027,0.002040336666666667,-1.3336666666666826e-05
0.001989,0.002003676666666668,-1.4676666666667976e-05
0.002039,0.002054646666666668,-1.5646666666667853e-05
0.002002,0.0020142833333333327,-1.228333333333281e-05
0.002052,0.0020633999999999995,-1.1399999999999518e-05
0.002015,0.0020217566666666685,-6.756666666668607e-06
0.002064,0.0020696033333333346,-5.603333333334751e-06
0.002029,0.0020351800000000028,-6.180000000002763e-06
0.002078,0.0020806433333333324,-2.6433333333323802e-06
0.002044,0.0020428166666666683,1.18333333333151e-06
0.002092,0.002087639999999999,4.360000000000995e-06
0.00206,0.0020757200000000027,-1.5720000000002485e-05
0.002108,0.0021220966666666632,-1.409666666666318e-05
0.002077,0.0020835933333333357,-6.59333333333581e-06
0.002123,0.00212951,-6.509999999999936e-06
0.002094,0.002107876666666671,-1.3876666666670992e-05
0.00214,0.002154313333333333,-1.4313333333332897e-05
0.002112,0.0021260100000000002,-1.4010000000000064e-05
0.002157,0.0021719999999999995,-1.4999999999999389e-05
0.002132,0.002152286666666664,-2.0286666666663716e-05
0.002175,0.0022007366666666694,-2.5736666666669513e-05
0.002152,0.002180239999999999,-2.8239999999999255e-05
0.002194,0.002227323333333335,-3.3323333333334926e-05
0.002173,0.002207956666666669,-3.495666666666897e-05
0.002214,0.0022601800000000014,-4.618000000000157e-05
0.002196,0.0022304766666666697,-3.447666666666965e-05
0.002235,0.002287039999999999,-5.203999999999886e-05
0.002219,0.0022547200000000035,-3.5720000000003405e-05
0.002257,0.002318119999999996,-6.111999999999611e-05
0.002244,0.0023076166666666674,-6.361666666666746e-05
0.00228,0.0023563733333333316,-7.637333333333166e-05
0.00227,0.0022813266666666717,-1.1326666666671825e-05
0.002304,0.002332003333333331,-2.800333333333096e-05
0.002297,0.002322416666666667,-2.5416666666667077e-05
0.002329,0.002353226666666661,-2.4226666666661133e-05
0.002325,0.0023260333333333305,-1.033333333330666e-06
0.002354,0.002351713333333338,2.286666666662194e-06
0.002354,0.00234910666666667,4.893333333330294e-06
0.00238,0.0023808600000000024,-8.600000000022652e-07
0.002384,0.0023935533333333298,-9.55333333332994e-06
0.002406,0.002405463333333336,5.366666666643469e-07
0.002416,0.002425673333333336,-9.673333333335733e-06
0.002434,0.0024377066666666715,-3.7066666666715417e-06
0.002447,0.002447883333333336,-8.833333333358936e-07
0.002461,0.002450256666666667,1.0743333333333282e-05
0.00248,0.0024882500000000026,-8.250000000002613e-06
0.00249,0.0024834033333333357,6.596666666664353e-06
0.002513,0.0025315600000000047,-1.85600000000047e-05
0.002518,0.0025287233333333376,-1.0723333333337737e-05
0.002547,0.002536260000000006,1.0739999999993897e-05
0.002546,0.0025375700000000046,8.429999999995472e-06
0.00258,0.002558336666666672,2.1663333333327844e-05
0.002574,0.002548176666666668,2.5823333333331762e-05
0.002614,0.0026369866666666694,-2.2986666666669365e-05
0.002602,0.002628006666666664,-2.6006666666664006e-05
0.002647,0.002661143333333335,-1.4143333333334774e-05
0.00263,0.0026424399999999963,-1.2439999999996378e-05
0.002679,0.002718076666666669,-3.907666666666922e-05
0.002657,0.0027009133333333302,-4.391333333333015e-05
0.002711,0.0027178666666666665,-6.866666666666653e-06
0.002683,0.002688190000000004,-5.190000000003872e-06
0.002742,0.002736663333333333,5.336666666667066e-06
0.002708,0.002708706666666663,-7.066666666629036e-07
0.002772,0.002727103333333335,4.489666666666501e-05
0.002733,0.002701623333333336,3.137666666666421e-05
0.0028,0.002806189999999998,-6.189999999997933e-06
0.002757,0.0028093766666666647,-5.2376666666664826e-05
0.002826,0.0028291366666666714,-3.1366666666714574e-06
0.002779,0.0028340600000000067,-5.5060000000006944e-05
0.002851,0.0028503933333333285,6.066666666713037e-07
0.0028,0.00281556333333333,-1.5563333333330244e-05
0.002873,0.0028671466666666643,5.853333333335868e-06
0.00282,0.0028047766666666665,1.5223333333333564e-05
0.002894,0.0029057566666666743,-1.1756666666674475e-05
0.002839,0.0028402866666666663,-1.286666666666398e-06
0.002912,0.0029107066666666584,1.2933333333416987e-06
0.002856,0.002844360000000001,1.163999999999896e-05
0.002929,0.002913750000000009,1.5249999999990965e-05
0.002872,0.002855840000000005,1.6159999999995102e-05
0.002943,0.002923053333333338,1.994666666666183e-05
0.002886,0.002862799999999994,2.3200000000006202e-05
0.002955,0.002943553333333331,1.1446666666669377e-05
0.002899,0.0028717533333333417,2.7246666666658377e-05
0.002964,0.002961256666666664,2.743333333336123e-06
0.002909,0.0028947799999999957,1.4220000000004455e-05
0.002971,0.002972929999999993,-1.929999999992875e-06
0.002918,0.0029175200000000007,4.799999999993178e-07
0.002976,0.002968479999999989,7.520000000010851e-06
0.002925,0.0029085666666666702,1.6433333333329848e-05
0.00298,0.0029738033333333233,6.196666666676703e-06
0.002932,0.002917136666666667,1.48633333333331e-05
0.002984,0.002980129999999991,3.870000000009109e-06
0.002939,0.0029342000000000057,4.799999999994479e-06
0.002987,0.0029941566666666602,-7.15666666666016e-06
0.002946,0.0029620033333333357,-1.600333333333587e-05
0.002992,0.002993269999999999,-1.269999999998963e-06
0.002953,0.002959233333333332,-6.23333333333231e-06
0.002997,0.003001703333333326,-4.703333333325784e-06
0.002961,0.0029715833333333326,-1.0583333333332497e-05
0.003003,0.0030048400000000012,-1.8400000000012157e-06
0.002969,0.002974813333333333,-5.81333333333307e-06
0.00301,0.0030057866666666575,4.213333333342572e-06
0.002977,0.0029777766666666703,-7.766666666702941e-07
0.003018,0.0030272266666666573,-9.226666666657408e-06
0.002986,0.003001813333333344,-1.5813333333343938e-05
0.003026,0.003030420000000002,-4.42000000000194e-06
0.002994,0.002998569999999999,-4.5699999999988805e-06
0.003035,0.0030291266666666586,5.873333333341387e-06
0.003002,0.002998796666666683,3.2033333333169114e-06
0.003043,0.0030455466666666686,-2.546666666668456e-06
0.003009,0.0030162333333333324,-7.233333333332443e-06
0.003051,0.0030354,1.559999999999973e-05
0.003017,0.0029909366666666737,2.6063333333326433e-05
0.00306,0.0030367000000000107,2.3299999999989128e-05
0.003024,0.0029920433333333442,3.195666666665599e-05
0.003068,0.0030642066666666766,3.793333333323382e-06
0.00303,0.0030272866666666755,2.713333333324592e-06
0.003075,0.003087659999999992,-1.2659999999992035e-05
0.003036,0.003054586666666666,-1.8586666666666005e-05
0.00308,0.0030801500000000107,-1.5000000001081856e-07
0.00304,0.0030391733333333414,8.266666666587215e-07
0.003085,0.0030834866666666692,1.5133333333308512e-06
0.003043,0.003039960000000006,3.039999999994089e-06
0.003089,0.0030878166666666665,1.1833333333336783e-06
0.003045,0.003042150000000006,2.8499999999939164e-06
0.003091,0.003098683333333341,-7.683333333341046e-06
0.003046,0.0030539533333333335,-7.953333333333371e-06
0.003093,0.003097939999999994,-4.939999999994081e-06
0.003046,0.0030524666666666782,-6.466666666678136e-06
0.003092,0.0030982333333333424,-6.233333333342285e-06
0.003044,0.003052070000000005,-8.070000000004983e-06
0.00309,0.003098336666666663,-8.336666666663127e-06
0.00304,0.0030550800000000047,-1.5080000000004552e-05
0.003086,0.003095170000000001,-9.170000000000619e-06
0.003035,0.003051333333333339,-1.6333333333339115e-05
0.003079,0.003084840000000002,-5.8400000000017466e-06
0.003027,0.0030408433333333354,-1.3843333333335255e-05
0.00307,0.003080323333333337,-1.0323333333337077e-05
0.003018,0.0030345566666666666,-1.6556666666666785e-05
0.00306,0.003084070000000007,-2.4070000000007107e-05
0.003007,0.0030420433333333352,-3.504333333333512e-05
0.003047,0.0030530233333333277,-6.02333333332792e-06
0.002994,0.0030024666666666647,-8.466666666664523e-06
0.003032,0.003036610000000005,-4.610000000005148e-06
0.00298,0.002986503333333342,-6.5033333333419825e-06
0.003015,0.0030262299999999995,-1.122999999999966e-05
0.002963,0.0029788800000000062,-1.5880000000006306e-05
0.002995,0.0030011733333333277,-6.173333333327896e-06
0.002945,0.0029594900000000056,-1.4490000000005453e-05
0.002973,0.002987643333333327,-1.4643333333327034e-05
0.002924,0.002948626666666657,-2.4626666666657023e-05
0.00295,0.002986133333333328,-3.613333333332821e-05
0.002902,0.0029591166666666693,-5.71166666666692e-05
0.002925,0.0029954899999999982,-7.048999999999814e-05
0.002878,0.0030152266666666613,-0.00013722666666666139
0.0029,0.0029824999999999973,-8.24999999999975e-05
0.002854,0.0030340666666666674,-0.00018006666666666718
0.002873,0.002916356666666665,-4.335666666666505e-05
0.002828,0.002947266666666666,-0.00011926666666666613
0.002846,0.0028818133333333358,-3.581333333333575e-05
0.002801,0.0029121733333333385,-0.00011117333333333836
0.002818,0.002840493333333336,-2.2493333333335926e-05
0.002775,0.002860333333333339,-8.533333333333873e-05
0.002789,0.002827873333333332,-3.887333333333232e-05
0.002748,0.0028554433333333336,-0.00010744333333333363
0.00276,0.0027888266666666675,-2.8826666666667642e-05
0.002721,0.002784916666666662,-6.391666666666221e-05
0.00273,0.002791846666666666,-6.184666666666627e-05
0.002694,0.0027799999999999986,-8.59999999999984e-05
0.002699,0.002736083333333336,-3.7083333333336015e-05
0.002666,0.002718770000000001,-5.277000000000103e-05
0.002668,0.0027346600000000025,-6.666000000000267e-05
0.002638,0.002732406666666664,-9.440666666666372e-05
0.002636,0.002706636666666668,-7.063666666666827e-05
0.002609,0.0026987533333333365,-8.975333333333634e-05
0.002603,0.002684476666666664,-8.147666666666418e-05
0.00258,0.0026705866666666624,-9.058666666666255e-05
0.002571,0.0026138166666666712,-4.2816666666671294e-05
0.002551,0.002596653333333336,-4.5653333333336293e-05
0.002538,0.0025833199999999988,-4.531999999999887e-05
0.002522,0.0025601700000000022,-3.81700000000023e-05
0.002505,0.0025394466666666684,-3.444666666666853e-05
0.002493,0.002515460000000002,-2.2460000000001923e-05
0.002472,0.0025074900000000015,-3.5490000000001735e-05
0.002464,0.0024826199999999966,-1.861999999999654e-05
0.002439,0.00246470666666667,-2.570666666666969e-05
0.002435,0.002445423333333335,-1.0423333333334749e-05
0.002407,0.002442263333333332,-3.526333333333208e-05
0.002406,0.002437420000000004,-3.142000000000379e-05
0.002374,0.0023527766666666667,2.122333333333306e-05
0.002378,0.002315400000000002,6.259999999999773e-05
0.002341,0.002346469999999998,-5.469999999997872e-06
0.002349,0.002336786666666667,1.2213333333332792e-05
0.00231,0.0022999333333333333,1.006666666666673e-05
0.002321,0.0023003799999999964,2.0620000000003743e-05
0.002278,0.0022700799999999977,7.920000000002404e-06
0.002293,0.0022795566666666653,1.3443333333334594e-05
0.002247,0.0022746833333333392,-2.7683333333339364e-05
0.002265,0.002309549999999995,-4.454999999999477e-05
0.002217,0.0022510333333333335,-3.4033333333333745e-05
0.002238,0.002294966666666666,-5.696666666666619e-05
0.002187,0.002251386666666667,-6.43866666666668e-05
0.002212,0.0023111366666666673,-9.913666666666729e-05
0.002158,0.0022233633333333352,-6.536333333333503e-05
0.002186,0.0022798399999999996,-9.383999999999955e-05
0.00213,0.002205556666666665,-7.555666666666508e-05
0.002161,0.0022717133333333343,-0.00011071333333333416
0.002103,0.0021753799999999993,-7.23799999999995e-05
0.002136,0.0022548300000000015,-0.00011883000000000163
0.002076,0.0021336799999999998,-5.7679999999999624e-05
0.002112,0.002201893333333332,-8.989333333333203e-05
0.002051,0.0021082166666666663,-5.721666666666644e-05
0.002089,0.002180613333333333,-9.161333333333266e-05
0.002026,0.0020925933333333356,-6.659333333333553e-05
0.002067,0.0021740566666666665,-0.00010705666666666665
0.002002,0.0020730633333333357,-7.106333333333588e-05
0.002045,0.0021544233333333366,-0.00010942333333333661
0.00198,0.0020485033333333337,-6.850333333333373e-05
0.002025,0.0021468066666666713,-0.00012180666666667143
0.001958,0.0020114166666666653,-5.3416666666665155e-05
0.002005,0.002103516666666665,-9.851666666666533e-05
0.001937,0.0019855833333333327,-4.858333333333277e-05
0.001985,0.0020684966666666667,-8.349666666666693e-05
0.001918,0.00197435666666667,-5.635666666666981e-05
0.001967,0.002076766666666669,-0.00010976666666666921
0.001898,0.0019385233333333366,-4.052333333333662e-05
0.001949,0.0020222499999999997,-7.324999999999975e-05
0.00188,0.0019181966666666698,-3.819666666666989e-05
0.001931,0.001995883333333333,-6.488333333333311e-05
0.001863,0.0018797199999999999,-1.67199999999998e-05
0.001915,0.0019442000000000007,-2.920000000000071e-05
0.001846,0.001863400000000002,-1.740000000000205e-05
0.001899,0.0019216366666666674,-2.2636666666667324e-05
0.00183,0.0018502733333333333,-2.027333333333328e-05
0.001884,0.0019160333333333353,-3.2033333333335214e-05
0.001814,0.0018256799999999984,-1.1679999999998289e-05
0.001869,0.0018866733333333342,-1.7673333333334193e-05
0.0018,0.0017979966666666666,2.003333333333362e-06
0.001854,0.0018468300000000016,7.169999999998402e-06
0.001785,0.0017865733333333371,-1.5733333333372169e-06
0.00184,0.0018400366666666667,-3.666666666666575e-08
0.001772,0.0017698433333333341,2.156666666665785e-06
0.001827,0.0018225699999999951,4.430000000004916e-06
0.001758,0.0017670799999999994,-9.079999999999418e-06
0.001814,0.0018230200000000003,-9.020000000000208e-06
0.001746,0.0017446566666666668,1.3433333333331618e-06
0.001802,0.0017942699999999982,7.730000000001798e-06
0.001734,0.0017336333333333321,3.6666666666795855e-07
0.00179,0.0017845199999999997,5.480000000000198e-06
0.001722,0.0017220266666666598,-2.6666666659786245e-08
0.001779,0.0017723166666666675,6.683333333332457e-06
0.001711,0.0017098666666666687,1.1333333333313732e-06
0.001767,0.0017607666666666685,6.233333333331443e-06
0.0017,0.0016967833333333367,3.216666666663176e-06
0.001756,0.0017472266666666689,8.773333333331104e-06
0.001689,0.001683223333333335,5.776666666664886e-06
0.001746,0.001731593333333331,1.4406666666668929e-05
0.001679,0.001675633333333337,3.3666666666629357e-06
0.001736,0.0017251399999999998,1.0860000000000123e-05
0.001669,0.0016670266666666664,1.9733333333335403e-06
0.001725,0.0017161533333333345,8.84666666666552e-06
0.001659,0.0016607866666666637,-1.7866666666636454e-06
0.001716,0.001712039999999999,3.960000000000985e-06
0.00165,0.0016513766666666643,-1.3766666666643456e-06
0.001706,0.001712006666666664,-6.006666666663954e-06
0.001641,0.0016397533333333322,1.2466666666679366e-06
0.001697,0.0016906033333333329,6.396666666667059e-06
0.001633,0.0016286600000000016,4.339999999998295e-06
0.001689,0.0016766933333333342,1.2306666666665788e-05
0.001624,0.0016244366666666676,-4.3666666666754284e-07
0.00168,0.0016756399999999997,4.3600000000003445e-06
0.001616,0.0016134199999999967,2.580000000003326e-06
0.001671,0.0016688133333333374,2.186666666662571e-06
0.001608,0.0016059666666666695,2.033333333330582e-06
0.001663,0.0016579266666666636,5.07333333333638e-06
0.0016,0.0016008066666666702,-8.06666666670116e-07
0.001655,0.0016519999999999964,3.0000000000036508e-06
0.001593,0.0015925566666666622,4.433333333378562e-07
0.001648,0.0016486933333333344,-6.933333333344199e-07
0.001586,0.0015896933333333382,-3.6933333333382876e-06
0.001641,0.001644869999999997,-3.869999999996966e-06
0.001578,0.0015804166666666681,-2.416666666668144e-06
0.001633,0.0016351566666666674,-2.1566666666675196e-06
0.001572,0.0015729466666666656,-9.466666666655982e-07
0.001626,0.0016279200000000019,-1.9200000000018248e-06
0.001565,0.001569553333333338,-4.553333333337951e-06
0.00162,0.001632786666666668,-1.2786666666668141e-05
0.001559,0.0015606766666666726,-1.6766666666725386e-06
0.001613,0.0016250833333333373,-1.208333333333725e-05
0.001553,0.0015611599999999976,-8.159999999997726e-06
0.001607,0.0016171599999999962,-1.0159999999996257e-05
0.001547,0.0015568566666666677,-9.856666666667761e-06
0.0016,0.0016188966666666636,-1.8896666666663514e-05
0.001541,0.0015426633333333367,-1.6633333333366824e-06
0.001594,0.0015973766666666663,-3.3766666666663458e-06
0.001535,0.0015399133333333286,-4.913333333328657e-06
0.001589,0.0015933866666666657,-4.386666666665769e-06
0.00153,0.0015390333333333353,-9.033333333335414e-06
0.001583,0.001593493333333332,-1.0493333333331948e-05
0.001525,0.001527716666666668,-2.71666666666788e-06
0.001577,0.001583253333333336,-6.253333333335878e-06
0.00152,0.0015263999999999976,-6.3999999999975535e-06
0.001572,0.0015812666666666633,-9.266666666663242e-06
0.001515,0.001520853333333339,-5.853333333338904e-06
0.001567,0.0015760633333333355,-9.063333333335453e-06
0.00151,0.0015171766666666664,-7.17666666666633e-06
0.001562,0.0015694833333333323,-7.483333333332259e-06
0.001506,0.0015056200000000037,3.7999999999622537e-07
0.001558,0.001556613333333341,1.3866666666588652e-06
0.001502,0.0015047766666666652,-2.7766666666651386e-06
0.001553,0.0015568333333333358,-3.833333333335938e-06
0.001498,0.0014959166666666664,2.0833333333335376e-06
0.001549,0.0015448033333333366,4.1966666666634275e-06
0.001494,0.001493570000000004,4.2999999999614527e-07
0.001545,0.0015423266666666712,2.6733333333287326e-06
0.001491,0.0014925500000000007,-1.5500000000007695e-06
0.001541,0.0015443866666666713,-3.3866666666712737e-06
0.001487,0.001489683333333334,-2.6833333333338774e-06
0.001537,0.001538709999999998,-1.7099999999980846e-06
0.001484,0.0014858766666666703,-1.8766666666702667e-06
0.001534,0.0015347000000000023,-7.00000000002348e-07
0.001481,0.0014855833333333303,-4.5833333333304e-06
0.00153,0.0015372733333333323,-7.273333333332422e-06
0.001478,0.0014792466666666694,-1.2466666666694545e-06
0.001527,0.0015269233333333283,7.666666667163237e-08
0.001475,0.0014775900000000034,-2.5900000000034836e-06
0.001524,0.0015251499999999962,-1.1499999999962061e-06
0.001473,0.0014808733333333368,-7.873333333336882e-06
0.001521,0.0015371400000000045,-1.6140000000004545e-05
0.00147,0.0014696000000000047,3.9999999999523923e-07
0.001518,0.0015168866666666633,1.1133333333366961e-06
0.001468,0.0014672500000000059,7.49999999994028e-07
0.001515,0.001513536666666673,1.4633333333270281e-06
0.001466,0.0014676700000000062,-1.6700000000061284e-06
0.001512,0.001517043333333334,-5.0433333333339565e-06
0.001464,0.0014643733333333385,-3.7333333333848875e-07
0.00151,0.0015118533333333365,-1.8533333333364214e-06
0.001462,0.001462633333333336,-6.333333333360773e-07
0.001508,0.0015078533333333396,1.4666666666037463e-07
0.00146,0.0014589700000000006,1.029999999999304e-06
0.001506,0.0015026266666666713,3.3733333333286954e-06
0.001458,0.001457829999999996,1.7000000000419457e-07
0.001504,0.0015021933333333375,1.8066666666624424e-06
0.001457,0.0014576466666666682,-6.466666666682473e-07
0.001502,0.0015030600000000031,-1.060000000003029e-06
0.001455,0.0014582333333333297,-3.2333333333297437e-06
0.0015,0.0015046866666666703,-4.686666666670275e-06
0.001454,0.0014576966666666649,-3.696666666664879e-06
0.001499,0.0015050866666666716,-6.086666666671719e-06
0.001453,0.00145567666666667,-2.6766666666698524e-06
0.001497,0.0015006566666666608,-3.6566666666607798e-06
0.001452,0.0014517466666666699,2.533333333300941e-07
0.001496,0.0014937566666666637,2.2433333333362736e-06
0.001452,0.001452996666666665,-9.966666666650845e-07
0.001494,0.0014971033333333367,-3.1033333333365873e-06
0.001451,0.001455463333333336,-4.463333333335883e-06
0.001493,0.0014993866666666634,-6.386666666663432e-06
0.001451,0.0014515366666666642,-5.3666666666413e-07
0.001492,0.0014943533333333372,-2.3533333333371383e-06
0.00145,0.0014533599999999977,-3.3599999999978265e-06
0.001492,0.0014948066666666659,-2.8066666666658278e-06
0.00145,0.00145025666666667,-2.566666666701297e-07
0.001491,0.0014909399999999955,6.000000000441416e-08
0.00145,0.0014508166666666674,-8.166666666674545e-07
0.00149,0.0014900066666666703,-6.666666670313362e-09
0.001449,0.0014481733333333309,8.266666666691298e-07
0.00149,0.0014853066666666666,4.693333333333433e-06
0.001449,0.001449526666666661,-5.266666666609368e-07
0.00149,0.0014901533333333329,-1.533333333328564e-07
0.001449,0.0014474533333333273,1.5466666666726601e-06
0.001489,0.0014859633333333322,3.0366666666679313e-06
0.001449,0.0014490933333333273,-9.333333332735803e-08
0.001489,0.001488693333333338,3.066666666620265e-07
0.001449,0.0014493799999999982,-3.7999999999817693e-07
0.001489,0.0014885033333333338,4.966666666663191e-07
0.00145,0.0014475666666666639,2.4333333333360126e-06
0.001488,0.0014847500000000015,3.24999999999848e-06
0.00145,0.0014489266666666703,1.073333333329561e-06
0.001488,0.0014861533333333276,1.8466666666723964e-06
0.00145,0.0014503033333333356,-3.0333333333565186e-07
0.001488,0.001488069999999993,-6.999999999307907e-08
0.001451,0.0014504433333333326,5.566666666674807e-07
0.001488,0.0014878766666666604,1.2333333333953977e-07
0.001451,0.0014518433333333286,-8.433333333285418e-07
0.001488,0.0014890466666666608,-1.0466666666608844e-06
0.001451,0.0014533666666666641,-2.366666666664104e-06
0.001488,0.0014907166666666605,-2.7166666666605076e-06
0.001452,0.0014543999999999952,-2.399999999995288e-06
0.001488,0.0014925999999999952,-4.599999999995233e-06
0.001452,0.0014556133333333294,-3.6133333333294385e-06
0.001488,0.0014939066666666623,-5.9066666666623795e-06
0.001452,0.0014558233333333307,-3.8233333333307935e-06
0.001488,0.0014924133333333288,-4.4133333333288075e-06
0.001452,0.0014522866666666634,-2.866666666634463e-07
0.001488,0.0014867499999999944,1.250000000005587e-06
0.001453,0.0014547366666666716,-1.7366666666715318e-06
0.001488,0.0014905566666666597,-2.556666666659723e-06
0.001453,0.0014549100000000057,-1.9100000000055704e-06
0.001488,0.001489889999999993,-1.8899999999931125e-06
0.001454,0.0014541399999999976,-1.3999999999765068e-07
0.001488,0.0014892766666666608,-1.2766666666608195e-06
0.001454,0.0014543466666666705,-3.4666666667046257e-07
0.001488,0.0014888966666666602,-8.966666666602573e-07
0.001454,0.0014539366666666735,6.3333333326452e-08
0.001488,0.0014878566666666599,1.4333333334007152e-07
0.001454,0.001454163333333339,-1.6333333333908538e-07
0.001488,0.0014881666666666606,-1.6666666666068954e-07
0.001454,0.001455666666666672,-1.6666666666719475e-06
0.001488,0.001489623333333331,-1.6233333333310652e-06
0.001454,0.0014596033333333321,-5.603333333332149e-06
0.001487,0.0014940366666666648,-7.036666666664776e-06
0.001455,0.0014546833333333362,3.1666666666370184e-07
0.001487,0.0014874233333333363,-4.2333333333624025e-07
0.001455,0.0014550599999999972,-5.999999999725843e-08
0.001487,0.0014865566666666644,4.433333333356878e-07
0.001455,0.0014558999999999978,-8.999999999979077e-07
0.001486,0.0014882599999999973,-2.2599999999974203e-06
0.001455,0.0014543700000000013,6.299999999986438e-07
0.001486,0.001485849999999993,1.5000000000691543e-07
0.001454,0.0014541866666666688,-1.866666666688107e-07
0.001486,0.001485169999999998,8.300000000020097e-07
0.001454,0.00145399666666667,3.333333330060931e-09
0.001485,0.0014854966666666587,-4.966666666587297e-07
0.001454,0.0014538766666666702,1.2333333332978196e-07
0.001485,0.0014845033333333283,4.966666666717402e-07
0.001454,0.0014530799999999985,9.200000000014752e-07
0.001484,0.0014831233333333336,8.766666666664476e-07
0.001453,0.0014533233333333356,-3.233333333355331e-07
0.001484,0.0014831066666666677,8.933333333323648e-07
0.001453,0.0014521233333333352,8.766666666649298e-07
0.001483,0.0014821733333333304,8.266666666695635e-07
0.001452,0.0014516833333333276,3.1666666667237546e-07
0.001482,0.0014819200000000061,7.999999999388704e-08
0.001451,0.0014512833333333369,-2.8333333333685484e-07
0.001481,0.001481203333333332,-2.0333333333212578e-07
0.00145,0.0014495899999999952,4.100000000047208e-07
0.001479,0.001479156666666666,-1.566666666659531e-07
0.001449,0.0014485966666666697,4.033333333302875e-07
0.001478,0.0014777600000000033,2.399999999966231e-07
0.001448,0.0014480366666666635,-3.6666666663413144e-08
0.001477,0.0014771133333333266,-1.1333333332658874e-07
0.001446,0.0014461033333333295,-1.0333333332946705e-07
0.001476,0.0014757533333333364,2.466666666636839e-07
0.001445,0.0014445166666666683,4.83333333331764e-07
0.001475,0.0014735299999999998,1.4700000000001604e-06
0.001444,0.0014447233333333346,-7.233333333346754e-07
0.001473,0.0014742799999999962,-1.2799999999963015e-06
0.001443,0.001442380000000005,6.199999999950169e-07
0.001472,0.0014714800000000068,5.199999999932255e-07
0.001441,0.0014426466666666708,-1.6466666666707652e-06
0.00147,0.0014714899999999976,-1.4899999999976564e-06
0.00144,0.0014394366666666686,5.633333333315057e-07
0.001468,0.001468546666666668,-5.466666666681906e-07
0.001438,0.0014395733333333318,-1.5733333333317959e-06
0.001467,0.001468043333333333,-1.0433333333329919e-06
0.001436,0.0014359933333333288,6.666666671180724e-09
0.001465,0.0014647466666666631,2.5333333333681617e-07
0.001434,0.0014359599999999952,-1.959999999995299e-06
0.001463,0.001465403333333329,-2.4033333333288182e-06
0.001432,0.0014353366666666628,-3.336666666662897e-06
0.001461,0.0014648799999999965,-3.879999999996473e-06
0.00143,0.0014324499999999974,-2.449999999997376e-06
0.001459,0.0014615966666666688,-2.5966666666688096e-06
0.001428,0.0014384799999999976,-1.047999999999761e-05
0.001456,0.0014680366666666666,-1.2036666666666524e-05
0.001426,0.0014269066666666662,-9.066666666662695e-07
0.001454,0.0014524933333333343,1.506666666665742e-06
0.001423,0.0014269833333333288,-3.983333333328759e-06
0.001451,0.001456273333333339,-5.273333333338879e-06
0.001421,0.001425416666666661,-4.416666666661037e-06
0.001449,0.0014548366666666693,-5.8366666666693e-06
0.001418,0.001423433333333332,-5.433333333332074e-06
0.001446,0.0014532666666666636,-7.266666666663627e-06
0.001416,0.0014191299999999976,-3.1299999999976746e-06
0.001444,0.00144861,-4.609999999999944e-06
0.001413,0.0014123800000000028,6.199999999971853e-07
0.001441,0.0014409299999999987,7.000000000131901e-08
0.00141,0.0014130266666666648,-3.026666666664738e-06
0.001438,0.00143364666666667,4.353333333330031e-06
0.001406,0.0014111199999999983,-5.119999999998433e-06
0.001435,0.001432953333333333,2.0466666666670887e-06
0.001403,0.001426676666666669,-2.3676666666668953e-05
0.001432,0.0014629700000000005,-3.0970000000000606e-05
0.0014,0.0014156133333333362,-1.5613333333336235e-05
0.001429,0.0014502999999999977,-2.1299999999997753e-05
0.001396,0.0013988566666666682,-2.856666666668133e-06
0.001426,0.001427950000000001,-1.950000000000996e-06
0.001393,0.0014024500000000028,-9.450000000002859e-06
0.001422,0.0014361099999999987,-1.4109999999998603e-05
0.00139,0.0013917466666666688,-1.7466666666688703e-06
0.001419,0.0014177899999999945,1.2100000000053908e-06
0.001387,0.0013978433333333355,-1.0843333333335507e-05
0.001416,0.001431566666666667,-1.5566666666667027e-05
0.001383,0.001407480000000003,-2.4480000000003154e-05
0.001413,0.0014477666666666662,-3.476666666666619e-05
0.001379,0.0013829300000000003,-3.930000000000296e-06
0.001409,0.0014132266666666668,-4.226666666666719e-06
0.001376,0.001389343333333337,-1.3343333333336923e-05
0.001406,0.0014221066666666657,-1.610666666666577e-05
0.001372,0.0013764299999999953,-4.429999999995375e-06
0.001402,0.001406156666666668,-4.156666666668002e-06
0.001368,0.0013746266666666662,-6.626666666666127e-06
0.001399,0.0014061733333333327,-7.1733333333325825e-06
0.001365,0.0013822,-1.72000000000002e-05
0.001395,0.0014200733333333316,-2.5073333333331662e-05
0.001361,0.0013678500000000018,-6.85000000000182e-06
0.001392,0.0013995166666666645,-7.516666666664527e-06
0.001358,0.001366629999999999,-8.629999999999055e-06
0.001388,0.0013950466666666661,-7.046666666666234e-06
0.001355,0.00136116333333333,-6.163333333329907e-06
0.001385,0.0013950166666666648,-1.001666666666486e-05
0.001351,0.001357783333333332,-6.78333333333208e-06
0.001382,0.0013893200000000023,-7.320000000002281e-06
0.001348,0.001362689999999999,-1.4689999999999061e-05
0.001378,0.0013976733333333309,-1.9673333333330772e-05
0.001344,0.001347750000000002,-3.7500000000020156e-06
0.001375,0.0013757233333333287,-7.233333333288208e-07
0.001341,0.0013452000000000008,-4.200000000000861e-06
0.001371,0.0013739766666666631,-2.9766666666630835e-06
0.001338,0.001339403333333331,-1.4033333333310707e-06
0.001368,0.00136983666666667,-1.8366666666698537e-06
0.001335,0.001343396666666668,-8.396666666667975e-06
0.001365,0.0013751033333333313,-1.0103333333331445e-05
0.001332,0.0013337166666666687,-1.7166666666686148e-06
0.001363,0.0013627300000000027,2.699999999973123e-07
0.001329,0.0013300666666666659,-1.066666666665753e-06
0.00136,0.0013622266666666668,-2.22666666666667e-06
0.001326,0.0013286766666666704,-2.676666666670503e-06
0.001357,0.0013603766666666706,-3.3766666666706826e-06
0.001323,0.0013244499999999966,-1.449999999996593e-06
0.001354,0.0013548066666666644,-8.066666666644781e-07
0.00132,0.0013224966666666694,-2.4966666666694035e-06
0.001351,0.0013517900000000027,-7.900000000026809e-07
0.001317,0.0013242399999999989,-7.239999999998853e-06
0.001348,0.001360323333333331,-1.2323333333331054e-05
0.001314,0.0013187200000000041,-4.720000000004061e-06
0.001345,0.0013528799999999997,-7.879999999999606e-06
0.001311,0.0013114266666666657,-4.2666666666565066e-07
0.001343,0.0013426933333333332,3.06666666666797e-07
0.001309,0.0013091833333333303,-1.83333333330293e-07
0.00134,0.001340070000000001,-7.000000000088533e-08
0.001306,0.0013162400000000032,-1.0240000000003155e-05
0.001338,0.0013489466666666687,-1.094666666666866e-05
0.001304,0.001305023333333332,-1.0233333333320264e-06
0.001336,0.0013401966666666692,-4.196666666669282e-06
0.001301,0.0013012766666666662,-2.766666666661078e-07
0.001333,0.001334883333333336,-1.8833333333360264e-06
0.001298,0.0013005833333333337,-2.5833333333338208e-06
0.001331,0.001334276666666665,-3.276666666664988e-06
0.001296,0.0012959399999999985,6.000000000159524e-08
0.001329,0.0013274400000000048,1.5599999999952891e-06
0.001293,0.001294086666666666,-1.086666666665851e-06
0.001327,0.0013281266666666722,-1.1266666666721187e-06
0.001291,0.0012934899999999963,-2.4899999999962712e-06
0.001325,0.0013273833333333378,-2.3833333333378275e-06
0.001289,0.0012934399999999986,-4.439999999998568e-06
0.001323,0.0013307400000000017,-7.740000000001739e-06
0.001288,0.0012883833333333335,-3.8333333333344204e-07
0.001322,0.001321990000000002,9.999999997989048e-09
0.001286,0.0012862500000000042,-2.5000000000415315e-07
0.00132,0.0013203533333333319,-3.533333333318855e-07
0.001284,0.0012857100000000026,-1.7100000000026382e-06
0.001319,0.0013198499999999978,-8.499999999977709e-07
0.001283,0.0012817033333333316,1.296666666668507e-06
0.001317,0.0013151166666666703,1.883333333329738e-06
0.001281,0.0012832866666666657,-2.2866666666656633e-06
0.001315,0.0013170833333333379,-2.0833333333378744e-06
0.00128,0.001280323333333332,-3.233333333318468e-07
0.001314,0.001312446666666666,1.553333333334083e-06
0.001279,0.0012792999999999988,-2.999999999988689e-07
0.001313,0.0013121333333333313,8.666666666686754e-07
0.001278,0.0012779833333333263,1.666666667372342e-08
0.001312,0.001312033333333337,-3.33333333370385e-08
0.001277,0.0012773199999999993,-3.199999999994006e-07
0.001311,0.0013116466666666662,-6.466666666660788e-07
0.001276,0.0012767766666666655,-7.766666666655236e-07
0.001311,0.0013109099999999991,9.000000000098339e-08
0.001276,0.001276213333333334,-2.1333333333401795e-07
0.00131,0.001310900000000003,-9.000000000031119e-07
0.001275,0.0012755266666666695,-5.266666666693936e-07
0.00131,0.0013096866666666694,3.1333333333060515e-07
0.001275,0.0012756900000000042,-6.900000000041422e-07
0.00131,0.0013100433333333365,-4.333333333654543e-08
0.001275,0.0012749933333333408,6.6666666592545e-09
0.001309,0.0013091899999999998,-1.89999999999739e-07
0.001275,0.0012749833333333411,1.666666665897827e-08
0.001309,0.0013090400000000024,-4.000000000236453e-08
0.001275,0.001275136666666674,-1.3666666667387813e-07
0.001309,0.0013095233333333344,-5.233333333343453e-07
0.001275,0.0012756600000000033,-6.600000000032361e-07
0.00131,0.0013097866666666646,2.13333333335319e-07
0.001276,0.0012752766666666727,7.233333333273029e-07
0.00131,0.0013100399999999978,-3.9999999997810884e-08
0.001276,0.0012758599999999974,1.4000000000263801e-07
0.001311,0.0013100033333333328,9.966666666672529e-07
0.001277,0.001276626666666661,3.7333333333892244e-07
0.001311,0.001311379999999998,-3.799999999979601e-07
0.001277,0.001277756666666665,-7.566666666649919e-07
0.001312,0.0013123233333333368,-3.2333333333683413e-07
0.001278,0.001276913333333328,1.0866666666721394e-06
0.001313,0.0013116299999999974,1.370000000002489e-06
0.001279,0.0012778266666666632,1.1733333333367735e-06
0.001314,0.0013123500000000003,1.649999999999742e-06
0.00128,0.0012805866666666646,-5.866666666644836e-07
0.001315,0.0013149066666666646,9.333333333538113e-08
0.001282,0.001281519999999997,4.800000000030041e-07
0.001316,0.0013157466666666678,2.533333333320457e-07
0.001283,0.0012829366666666665,6.333333333360773e-08
0.001318,0.0013174233333333343,5.766666666656272e-07
0.001285,0.0012819733333333323,3.026666666667557e-06
0.001319,0.0013147800000000002,4.219999999999875e-06
0.001286,0.0012839466666666663,2.0533333333337157e-06
0.001321,0.001317580000000002,3.419999999997904e-06
0.001288,0.001284933333333336,3.066666666664067e-06
0.001323,0.0013179300000000027,5.069999999997212e-06
0.00129,0.0012875000000000035,2.4999999999964287e-06
0.001325,0.0013216533333333359,3.3466666666641387e-06
0.001292,0.0012902166666666703,1.7833333333296814e-06
0.001327,0.0013240066666666708,2.9933333333292175e-06
0.001294,0.0012918700000000025,2.129999999997542e-06
0.001329,0.001325606666666671,3.3933333333290103e-06
0.001296,0.001296843333333335,-8.43333333335047e-07
0.001331,0.0013318700000000058,-8.700000000058921e-07
0.001298,0.0012981833333333334,-1.833333333335456e-07
0.001334,0.0013321033333333378,1.8966666666621248e-06
0.001301,0.0012990400000000035,1.9599999999966e-06
0.001336,0.0013338366666666695,2.1633333333304604e-06
0.001304,0.0013038300000000004,1.6999999999964092e-07
0.001339,0.0013379000000000006,1.099999999999322e-06
0.001306,0.0013095600000000043,-3.560000000004228e-06
0.001341,0.0013436566666666643,-2.6566666666643333e-06
0.001309,0.0013106266666666699,-1.6266666666697998e-06
0.001344,0.0013453366666666656,-1.3366666666656674e-06
0.001312,0.0013106500000000009,1.3499999999991383e-06
0.001346,0.0013434000000000022,2.5999999999977864e-06
0.001314,0.001316759999999999,-2.7599999999990046e-06
0.001349,0.0013469166666666703,2.0833333333296344e-06
0.001317,0.0013121133333333305,4.886666666669521e-06
0.001351,0.0013384199999999973,1.2580000000002702e-05
0.00132,0.0013177133333333371,2.2866666666628444e-06
0.001354,0.001346706666666664,7.29333333333599e-06
0.001323,0.0013207133333333302,2.2866666666697833e-06
0.001357,0.0013518566666666692,5.1433333333307605e-06
0.001327,0.0013324033333333334,-5.403333333333336e-06
0.00136,0.0013622466666666656,-2.2466666666654672e-06
0.00133,0.001338206666666666,-8.206666666666067e-06
0.001363,0.0013694166666666679,-6.4166666666678075e-06
0.001333,0.0013289966666666683,4.003333333331676e-06
0.001366,0.0013557433333333346,1.0256666666665385e-05
0.001336,0.0013321999999999954,3.8000000000045376e-06
0.001369,0.0013594733333333296,9.526666666670371e-06
0.001339,0.0013343766666666682,4.62333333333168e-06
0.001372,0.0013640433333333348,7.956666666665167e-06
0.001342,0.0013424833333333342,-4.833333333341492e-07
0.001375,0.0013743066666666664,6.933333333335526e-07
0.001345,0.00135724,-1.223999999999995e-05
0.001378,0.001391796666666667,-1.3796666666666913e-05
0.001348,0.0013500700000000014,-2.0700000000013676e-06
0.001381,0.0013753733333333328,5.626666666667295e-06
0.001352,0.0013510066666666666,9.933333333332888e-07
0.001384,0.0013811233333333344,2.876666666665629e-06
0.001355,0.0013492166666666699,5.783333333330212e-06
0.001388,0.0013722833333333314,1.571666666666852e-05
0.001358,0.001374739999999996,-1.6739999999995994e-05
0.001391,0.0014106366666666631,-1.9636666666663022e-05
0.001362,0.001355180000000003,6.819999999997011e-06
0.001395,0.0013794133333333294,1.5586666666670594e-05
0.001366,0.001360663333333328,5.336666666672053e-06
0.001398,0.0013873333333333303,1.0666666666669673e-05
0.00137,0.0013757300000000001,-5.7300000000002314e-06
0.001402,0.00139802,3.979999999999999e-06
0.001374,0.0013902666666666687,-1.6266666666668725e-05
0.001406,0.0014224266666666657,-1.6426666666665823e-05
0.001378,0.001380743333333331,-2.743333333330919e-06
0.00141,0.0014079200000000002,2.0799999999997903e-06
0.001382,0.0013780366666666672,3.963333333332781e-06
0.001415,0.0014031800000000045,1.1819999999995506e-05
0.001387,0.0013839966666666665,3.003333333333495e-06
0.001419,0.0014070966666666672,1.1903333333332681e-05
0.001392,0.0013975000000000055,-5.5000000000055005e-06
0.001424,0.0014286800000000012,-4.680000000001263e-06
0.001397,0.0013958633333333373,1.1366666666627352e-06
0.001429,0.0014207899999999977,8.2100000000022e-06
0.001402,0.0013991500000000029,2.849999999997169e-06
0.001434,0.0014156533333333323,1.8346666666667647e-05
0.001408,0.0014121500000000024,-4.150000000002459e-06
0.00144,0.0014391799999999985,8.200000000016354e-07
0.001414,0.0014228533333333333,-8.853333333333447e-06
0.001446,0.0014526566666666681,-6.656666666668117e-06
0.00142,0.0014261800000000006,-6.180000000000595e-06
0.001452,0.0014480866666666701,3.913333333329825e-06
0.001428,0.001432089999999999,-4.089999999998912e-06
0.001459,0.0014565500000000033,2.4499999999967256e-06
0.001435,0.0014449666666666676,-9.966666666667541e-06
0.001466,0.0014688566666666671,-2.8566666666670487e-06
0.001443,0.0014570133333333295,-1.4013333333329474e-05
0.001474,0.0014938166666666648,-1.9816666666664772e-05
0.001451,0.0014630199999999978,-1.2019999999997788e-05
0.001482,0.0015031066666666667,-2.1106666666666652e-05
0.00146,0.0014605166666666683,-5.166666666683688e-07
0.001491,0.0014826733333333322,8.32666666666774e-06
0.00147,0.001478773333333334,-8.77333333333414e-06
0.001501,0.0015091333333333336,-8.133333333333603e-06
0.001481,0.0014808866666666657,1.1333333333417815e-07
0.001512,0.001518053333333332,-6.053333333331861e-06
0.001492,0.0015009966666666662,-8.996666666666146e-06
0.001523,0.001528783333333335,-5.783333333334983e-06
0.001504,0.0015152400000000012,-1.1240000000001336e-05
0.001535,0.0015463666666666663,-1.1366666666666383e-05
0.001516,0.001527376666666671,-1.1376666666671094e-05
0.001548,0.0015594999999999995,-1.1499999999999575e-05
0.001529,0.0015462266666666684,-1.7226666666668444e-05
0.001561,0.0015791633333333312,-1.8163333333331066e-05
0.001543,0.001556933333333331,-1.3933333333330817e-05
0.001575,0.0015930233333333302,-1.8023333333330163e-05
0.001558,0.0015643333333333323,-6.333333333332367e-06
0.00159,0.0015892733333333344,7.266666666656037e-07
0.001573,0.0015866199999999993,-1.3619999999999344e-05
0.001605,0.0016181399999999977,-1.3139999999997641e-05
0.001589,0.0015967866666666657,-7.786666666665743e-06
0.001621,0.00161126,9.740000000000052e-06
0.001605,0.0016043066666666663,6.933333333337694e-07
0.001638,0.0016325900000000036,5.409999999996277e-06
0.001622,0.0016332466666666623,-1.1246666666662325e-05
0.001655,0.0016616533333333329,-6.653333333332852e-06
0.00164,0.00165333,-1.3329999999999982e-05
0.001673,0.0016915333333333389,-1.8533333333338843e-05
0.001658,0.001693033333333328,-3.503333333332802e-05
0.001692,0.0017445566666666682,-5.255666666666831e-05
0.001676,0.0017040166666666633,-2.8016666666663345e-05
0.001711,0.0017568600000000005,-4.586000000000043e-05
0.001695,0.0017238233333333344,-2.8823333333334545e-05
0.00173,0.0017787100000000008,-4.871000000000085e-05
0.001714,0.0017361333333333346,-2.2133333333334594e-05
0.001749,0.0017877166666666648,-3.871666666666485e-05
0.001733,0.001763423333333335,-3.0423333333335018e-05
0.001769,0.001817883333333334,-4.8883333333334025e-05
0.001753,0.0017812800000000005,-2.8280000000000536e-05
0.00179,0.0018347133333333342,-4.4713333333334286e-05
0.001773,0.0017990466666666656,-2.6046666666665504e-05
0.00181,0.0018530100000000035,-4.301000000000348e-05
0.001793,0.001817696666666666,-2.469666666666593e-05
0.001831,0.0018690866666666662,-3.808666666666621e-05
0.001814,0.001835236666666671,-2.1236666666670867e-05
0.001852,0.0018819833333333328,-2.998333333333286e-05
0.001834,0.001857970000000001,-2.3970000000001195e-05
0.001872,0.0019052533333333318,-3.325333333333187e-05
0.001855,0.0018759666666666689,-2.0966666666668785e-05
0.001893,0.001925433333333334,-3.243333333333414e-05
0.001876,0.0018921666666666674,-1.6166666666667367e-05
0.001914,0.0019415433333333351,-2.7543333333335208e-05
0.001897,0.0019060599999999987,-9.05999999999867e-06
0.001935,0.0019530800000000027,-1.8080000000002565e-05
0.001918,0.001929713333333336,-1.1713333333335978e-05
0.001956,0.001974090000000004,-1.8090000000004023e-05
0.001939,0.0019497099999999992,-1.0709999999999279e-05
0.001978,0.001999130000000001,-2.1130000000000714e-05
0.00196,0.001963333333333332,-3.3333333333321856e-06
0.001999,0.002009636666666666,-1.0636666666665948e-05
0.001981,0.001983333333333333,-2.3333333333329202e-06
0.002021,0.0020297133333333282,-8.713333333328424e-06
0.002002,0.0020081899999999987,-6.189999999998801e-06
0.002043,0.0020552866666666654,-1.2286666666665256e-05
0.002024,0.002028706666666666,-4.706666666665603e-06
0.002065,0.0020777733333333295,-1.2773333333329466e-05
0.002045,0.002054186666666666,-9.186666666665885e-06
0.002087,0.0020998199999999983,-1.2819999999998458e-05
0.002066,0.0020781700000000063,-1.2170000000006221e-05
0.002108,0.0021256399999999972,-1.7639999999997154e-05
0.002087,0.0020906600000000033,-3.6600000000034175e-06
0.00213,0.002135833333333335,-5.8333333333351195e-06
0.002109,0.0021027566666666692,6.24333333333095e-06
0.002152,0.0021469033333333326,5.09666666666719e-06
0.002131,0.0021327133333333315,-1.7133333333313981e-06
0.002174,0.0021779100000000056,-3.910000000005402e-06
0.002153,0.00216237,-9.369999999999865e-06
0.002196,0.002211853333333334,-1.585333333333416e-05
0.002175,0.0021806499999999962,-5.64999999999637e-06
0.002218,0.0022284099999999992,-1.0409999999999326e-05
0.002197,0.0022001833333333324,-3.183333333332209e-06
0.00224,0.0022456299999999993,-5.629999999999524e-06
0.00222,0.0022133933333333333,6.606666666666896e-06
0.002262,0.0022584166666666707,3.5833333333294e-06
0.002241,0.002229933333333334,1.1066666666665996e-05
0.002284,0.0022781966666666617,5.8033333333383334e-06
0.002263,0.0022616600000000013,1.3399999999985472e-06
0.002306,0.002310896666666664,-4.896666666664041e-06
0.002284,0.002280203333333337,3.796666666663201e-06
0.002327,0.002326909999999999,9.000000000120023e-08
0.002305,0.0023026200000000013,2.379999999998876e-06
0.002349,0.002349093333333332,-9.333333333191168e-08
0.002327,0.00232395,3.0500000000001012e-06
0.002371,0.002375433333333331,-4.433333333331291e-06
0.002348,0.0023455700000000065,2.429999999993375e-06
0.002393,0.002394863333333334,-1.8633333333339767e-06
0.00237,0.0023649133333333303,5.086666666669851e-06
0.002415,0.0024115400000000045,3.459999999995498e-06
0.002391,0.0023886099999999946,2.390000000005322e-06
0.002436,0.002439836666666668,-3.836666666668168e-06
0.002412,0.0024024766666666687,9.52333333333142e-06
0.002458,0.002446840000000007,1.1159999999993137e-05
0.002433,0.0024280233333333337,4.976666666666168e-06
0.002479,0.0024764366666666635,2.563333333336325e-06
0.002455,0.0024487966666666655,6.203333333334657e-06
0.002501,0.002495710000000001,5.289999999999375e-06
0.002475,0.0024558366666666705,1.916333333332968e-05
0.002522,0.0025046199999999965,1.738000000000347e-05
0.002496,0.0025040233333333333,-8.02333333333339e-06
0.002543,0.0025564566666666675,-1.3456666666667415e-05
0.002518,0.0025179766666666653,2.3333333334495804e-08
0.002564,0.0025692866666666694,-5.286666666669531e-06
0.002539,0.0025358533333333312,3.146666666668796e-06
0.002585,0.00258421,7.900000000000788e-07
0.002559,0.002556280000000003,2.7199999999972906e-06
0.002606,0.0026080499999999993,-2.049999999999535e-06
0.00258,0.002568349999999996,1.1650000000003671e-05
0.002626,0.0026165866666666695,9.413333333330338e-06
0.0026,0.00260604,-6.040000000000125e-06
0.002647,0.002665413333333334,-1.8413333333334135e-05
0.00262,0.0026143966666666726,5.603333333327378e-06
0.002667,0.002666746666666668,2.533333333322625e-07
0.002641,0.002626400000000001,1.4599999999999162e-05
0.002688,0.002679933333333335,8.06666666666473e-06
0.002661,0.002652983333333335,8.016666666665027e-06
0.002708,0.0027049900000000017,3.0099999999981704e-06
0.002681,0.0026996633333333303,-1.8663333333330482e-05
0.002727,0.0027565666666666583,-2.9566666666658477e-05
0.002702,0.0026925500000000006,9.44999999999939e-06
0.002748,0.002746883333333333,1.116666666666974e-06
0.002722,0.0027070433333333315,1.4956666666668481e-05
0.002768,0.0027586100000000003,9.389999999999746e-06
0.002742,0.0027447966666666697,-2.7966666666695734e-06
0.002788,0.002801503333333332,-1.350333333333207e-05
0.002763,0.0027473033333333266,1.5696666666673194e-05
0.002808,0.002798453333333341,9.546666666658977e-06
0.002783,0.0027603199999999993,2.2680000000000616e-05
0.002828,0.0028093000000000076,1.869999999999216e-05
0.002803,0.002787570000000005,1.54299999999951e-05
0.002847,0.0028394766666666672,7.523333333332889e-06
0.002822,0.002803913333333333,1.8086666666666806e-05
0.002867,0.002854403333333334,1.2596666666666017e-05
0.002842,0.002824773333333331,1.7226666666668878e-05
0.002886,0.0028664566666666657,1.9543333333334363e-05
0.002861,0.0028401366666666672,2.0863333333332595e-05
0.002906,0.0028829799999999994,2.3020000000000766e-05
0.002881,0.0028799466666666667,1.0533333333331493e-06
0.002925,0.0029298733333333314,-4.87333333333128e-06
0.002901,0.002878443333333333,2.2556666666667148e-05
0.002945,0.002923676666666664,2.1323333333335935e-05
0.00292,0.002911820000000002,8.179999999997824e-06
0.002965,0.0029592800000000008,5.7199999999994235e-06
0.002939,0.0029340066666666666,4.993333333333603e-06
0.002984,0.0029851000000000005,-1.1000000000004062e-06
0.002959,0.0029501866666666655,8.813333333334335e-06
0.003003,0.002999193333333333,3.8066666666670447e-06
0.002978,0.002983210000000005,-5.210000000004621e-06
0.003022,0.0030327966666666645,-1.0796666666664564e-05
0.002997,0.0029818266666666706,1.5173333333329524e-05
0.003041,0.003029500000000001,1.1499999999998924e-05
0.003016,0.002982100000000003,3.389999999999687e-05
0.00306,0.0030249499999999954,3.505000000000435e-05
0.003036,0.003049003333333331,-1.3003333333331136e-05
0.003079,0.003099186666666674,-2.018666666667385e-05
0.003055,0.003051410000000008,3.589999999992124e-06
0.003098,0.003098306666666673,-3.0666666667308537e-07
0.003074,0.0030671666666666716,6.833333333328313e-06
0.003117,0.0031127700000000034,4.229999999996563e-06
0.003093,0.003084246666666669,8.753333333330789e-06
0.003136,0.0031298133333333335,6.1866666666663545e-06
0.003112,0.003089666666666668,2.2333333333332105e-05
0.003155,0.0031307000000000054,2.4299999999994465e-05
0.00313,0.0030972233333333367,3.2776666666663266e-05
0.003173,0.0031373633333333347,3.563666666666536e-05
0.003149,0.0031401366666666693,8.863333333330569e-06
0.003191,0.0031861133333333305,4.886666666669304e-06
0.003167,0.0031472033333333265,1.9796666666673565e-05
0.003209,0.003190526666666675,1.8473333333325105e-05
0.003186,0.0031546599999999897,3.1340000000010335e-05
0.003227,0.0031948566666666726,3.214333333332719e-05
0.003204,0.003164266666666657,3.973333333334283e-05
0.003245,0.0032024066666666733,4.259333333332671e-05
0.003222,0.0031937900000000036,2.8209999999996398e-05
0.003263,0.003244650000000006,1.8349999999993805e-05
0.00324,0.0032211100000000053,1.88899999999945e-05
0.003281,0.003261750000000006,1.9249999999994098e-05
0.003259,0.003240730000000003,1.8269999999997316e-05
0.003299,0.0032816233333333345,1.7376666666665385e-05
0.00176,0.001773056666666667,-1.3056666666666971e-05
0.001808,0.0018168866666666643,-8.886666666664414e-06
0.001745,0.0017598699999999971,-1.4869999999997125e-05
0.001793,0.0018071833333333336,-1.4183333333333452e-05
0.001731,0.0017384466666666653,-7.446666666665377e-06
0.001778,0.001780313333333333,-2.313333333333039e-06
0.001719,0.0017243599999999966,-5.359999999996574e-06
0.001765,0.0017674733333333341,-2.4733333333340404e-06
0.001707,0.0017090799999999987,-2.079999999998706e-06
0.001752,0.001751186666666668,8.133333333321894e-07
0.001696,0.001696990000000003,-9.90000000003011e-07
0.001741,0.0017426600000000029,-1.6600000000029352e-06
0.001686,0.001693530000000002,-7.5300000000019015e-06
0.00173,0.0017364000000000023,-6.400000000002324e-06
0.001677,0.0016786166666666702,-1.616666666670076e-06
0.00172,0.0017218266666666675,-1.8266666666675278e-06
0.001668,0.0016721033333333335,-4.103333333333467e-06
0.001711,0.001713543333333335,-2.5433333333349257e-06
0.001661,0.0016630833333333315,-2.083333333331586e-06
0.001703,0.0017048866666666655,-1.8866666666654368e-06
0.001654,0.0016570533333333376,-3.0533333333375347e-06
0.001696,0.0016992200000000039,-3.220000000003862e-06
0.001647,0.0016471166666666647,-1.1666666666467276e-07
0.001689,0.0016886666666666664,3.3333333333352214e-07
0.001642,0.0016425833333333388,-5.833333333387595e-07
0.001682,0.00168529,-3.290000000000194e-06
0.001636,0.0016383166666666604,-2.316666666660281e-06
0.001677,0.001678316666666666,-1.316666666666003e-06
0.001631,0.00163339,-2.389999999999901e-06
0.001671,0.0016737333333333286,-2.733333333328593e-06
0.001627,0.0016269599999999967,4.0000000003231895e-08
0.001667,0.0016696566666666683,-2.6566666666682365e-06
0.001623,0.001624943333333332,-1.9433333333319838e-06
0.001662,0.0016656266666666667,-3.626666666666596e-06
0.00162,0.001621409999999995,-1.4099999999950957e-06
0.001658,0.0016610266666666693,-3.0266666666692917e-06
0.001617,0.001620656666666667,-3.656666666667068e-06
0.001655,0.0016616499999999985,-6.649999999998454e-06
0.001614,0.0016163333333333268,-2.3333333333268487e-06
0.001651,0.001657230000000004,-6.230000000004201e-06
0.001611,0.001611743333333338,-7.433333333380261e-07
0.001649,0.0016511733333333348,-2.173333333334738e-06
0.001609,0.001610736666666665,-1.7366666666650266e-06
0.001646,0.0016498066666666672,-3.8066666666672615e-06
0.001607,0.0016063766666666738,6.23333333326162e-07
0.001644,0.0016448399999999953,-8.399999999952282e-07
0.001605,0.001607836666666672,-2.836666666671938e-06
0.001642,0.0016467133333333266,-4.713333333326592e-06
0.001604,0.001621656666666671,-1.7656666666671095e-05
0.00164,0.0016886999999999974,-4.869999999999744e-05
0.001602,0.0016042233333333352,-2.2233333333353082e-06
0.001639,0.0016446899999999936,-5.68999999999353e-06
0.001601,0.0016058700000000025,-4.87000000000252e-06
0.001637,0.0016501499999999948,-1.3149999999994763e-05
0.0016,0.0016012866666666693,-1.286666666669217e-06
0.001636,0.001642299999999996,-6.299999999995979e-06
0.001598,0.0016001233333333361,-2.123333333336119e-06
0.001634,0.0016419166666666635,-7.916666666663453e-06
0.001597,0.0015963666666666666,6.333333333332584e-07
0.001633,0.001634623333333343,-1.6233333333429915e-06
0.001596,0.0015942766666666676,1.723333333332423e-06
0.001632,0.0016330133333333414,-1.01333333334141e-06
0.001595,0.0015936466666666657,1.3533333333344034e-06
0.001631,0.0016318500000000072,-8.500000000070951e-07
0.001594,0.0015935900000000021,4.0999999999778193e-07
0.00163,0.001630283333333331,-2.8333333333100015e-07
0.001594,0.0015939400000000018,5.999999999812579e-08
0.001629,0.0016305766666666719,-1.5766666666718315e-06
0.001593,0.0015942699999999975,-1.269999999997445e-06
0.001628,0.0016312499999999995,-3.249999999999347e-06
0.001592,0.0015957933333333322,-3.793333333332056e-06
0.001628,0.0016349500000000002,-6.950000000000142e-06
0.001592,0.0015906333333333353,1.3666666666648387e-06
0.001627,0.0016272700000000027,-2.7000000000273333e-07
0.001591,0.0015910333333333344,-3.3333333334436416e-08
0.001626,0.001626330000000001,-3.300000000008591e-07
0.001591,0.0015909933333333383,6.666666661639745e-09
0.001626,0.0016265466666666715,-5.466666666714432e-07
0.001591,0.0015910466666666724,-4.6666666672461055e-08
0.001626,0.0016260633333333384,-6.333333333837822e-08
0.001591,0.0015916233333333376,-6.233333333376546e-07
0.001626,0.0016276366666666713,-1.6366666666712583e-06
0.001591,0.0015912866666666697,-2.866666666697347e-07
0.001626,0.0016264000000000014,-4.0000000000131077e-07
0.001592,0.0015921466666666655,-1.4666666666536196e-07
0.001626,0.001627049999999994,-1.049999999993981e-06
0.001592,0.001592750000000004,-7.500000000040027e-07
0.001627,0.001626943333333332,5.666666666806486e-08
0.001593,0.0015928366666666694,1.633333333306286e-07
0.001627,0.0016278066666666688,-8.066666666688149e-07
0.001593,0.0015933833333333337,-3.833333333336589e-07
0.001628,0.0016281466666666613,-1.46666666661242e-07
0.001594,0.0015947833333333397,-7.833333333397401e-07
0.001629,0.0016297466666666727,-7.466666666726407e-07
0.001595,0.001594933333333328,6.666666667212544e-08
0.00163,0.001630099999999996,-9.999999999615351e-08
0.001596,0.0015959333333333376,6.666666666236762e-08
0.001631,0.0016318066666666728,-8.06666666672718e-07
0.001597,0.001603653333333333,-6.653333333333069e-06
0.001632,0.001644933333333337,-1.2933333333336973e-05
0.001599,0.0015991399999999991,-1.3999999999916857e-07
0.001634,0.0016360466666666637,-2.046666666663619e-06
0.0016,0.0016006699999999978,-6.699999999977557e-07
0.001636,0.0016382633333333271,-2.2633333333270476e-06
0.001602,0.0016003366666666634,1.6633333333364655e-06
0.001638,0.0016369700000000015,1.0299999999984367e-06
0.001604,0.0016031900000000017,8.099999999982253e-07
0.00164,0.0016401533333333274,-1.5333333332743539e-07
0.001607,0.0016040066666666662,2.993333333333771e-06
0.001642,0.0016410199999999941,9.800000000058894e-07
0.001609,0.0016064900000000038,2.5099999999961525e-06
0.001645,0.0016424233333333332,2.57666666666676e-06
0.001612,0.001608803333333341,3.196666666658958e-06
0.001647,0.0016473133333333339,-3.1333333333385775e-07
0.001614,0.0016135233333333344,4.7666666666557056e-07
0.00165,0.0016527600000000044,-2.7600000000044256e-06
0.001618,0.0016159733333333318,2.0266666666682916e-06
0.001653,0.0016551600000000047,-2.1600000000047363e-06
0.001621,0.0016159866666666705,5.013333333329581e-06
0.001657,0.0016544833333333364,2.516666666663647e-06
0.001624,0.001620556666666663,3.4433333333369533e-06
0.001661,0.001660783333333337,2.1666666666299468e-07
0.001628,0.0016272866666666712,7.133333333288801e-07
0.001664,0.0016676033333333344,-3.6033333333344852e-06
0.001632,0.001627136666666668,4.86333333333199e-06
0.001668,0.001667366666666665,6.333333333349931e-07
0.001636,0.0016305033333333316,5.496666666668501e-06
0.001672,0.0016715766666666647,4.233333333353729e-07
0.00164,0.0016347266666666678,5.273333333332157e-06
0.001676,0.0016749466666666664,1.053333333333583e-06
0.001644,0.001642316666666665,1.6833333333350457e-06
0.001681,0.0016855566666666667,-4.5566666666667106e-06
0.001648,0.001643826666666666,4.173333333333919e-06
0.001685,0.0016867933333333336,-1.793333333333525e-06
0.001653,0.0016487333333333304,4.266666666669517e-06
0.00169,0.001691433333333331,-1.4333333333308926e-06
0.001657,0.001652146666666665,4.853333333335085e-06
0.001694,0.0016954233333333316,-1.4233333333316025e-06
0.001662,0.0016590600000000017,2.9399999999983693e-06
0.001699,0.0017033166666666634,-4.316666666663365e-06
0.001666,0.0016628266666666672,3.173333333332702e-06
0.001703,0.001705176666666667,-2.176666666666967e-06
0.001671,0.0016705166666666667,4.833333333332818e-07
0.001708,0.0017125500000000028,-4.550000000002686e-06
0.001676,0.0016720233333333335,3.976666666666469e-06
0.001713,0.0017162766666666662,-3.276666666666289e-06
0.001681,0.0016769766666666682,4.023333333331774e-06
0.001718,0.001719500000000002,-1.5000000000021507e-06
0.001686,0.001680009999999998,5.99000000000194e-06
0.001724,0.0017200399999999982,3.960000000001853e-06
0.001692,0.0016962666666666686,-4.26666666666865e-06
0.001729,0.0017494900000000035,-2.049000000000343e-05
0.001697,0.001694943333333336,2.0566666666639935e-06
0.001734,0.001739476666666666,-5.476666666666017e-06
0.001702,0.0016961666666666696,5.833333333330349e-06
0.00174,0.0017400566666666683,-5.66666666682817e-08
0.001708,0.0017138566666666658,-5.856666666665712e-06
0.001746,0.0017655699999999984,-1.9569999999998486e-05
0.001714,0.0017117100000000004,2.2899999999996274e-06
0.001751,0.0017545133333333356,-3.5133333333356703e-06
0.00172,0.0017175499999999963,2.4500000000036645e-06
0.001757,0.00176018,-3.1799999999999797e-06
0.001725,0.0017228766666666652,2.123333333334818e-06
0.001763,0.0017681666666666707,-5.166666666670677e-06
0.001731,0.0017260166666666628,4.983333333337132e-06
0.001769,0.0017693000000000025,-3.0000000000255517e-07
0.001737,0.0017363399999999981,6.600000000019351e-07
0.001775,0.0017829433333333327,-7.943333333332563e-06
0.001743,0.0017375433333333317,5.4566666666683045e-06
0.001781,0.001782790000000002,-1.7900000000019463e-06
0.00175,0.001743206666666666,6.793333333333972e-06
0.001788,0.001788833333333335,-8.333333333348895e-07
0.001756,0.0017547066666666654,1.293333333334543e-06
0.001794,0.0018003666666666696,-6.366666666669622e-06
0.001762,0.001759856666666663,2.1433333333368675e-06
0.0018,0.001803169999999998,-3.1699999999980875e-06
0.001768,0.0017677233333333346,2.766666666654573e-07
0.001806,0.001812343333333332,-6.343333333331874e-06
0.001774,0.0017703233333333339,3.676666666666082e-06
0.001812,0.0018148899999999952,-2.8899999999951968e-06
0.00178,0.001781260000000001,-1.2600000000011907e-06
0.001818,0.0018244899999999983,-6.48999999999832e-06
0.001786,0.0017848000000000024,1.199999999997644e-06
0.001824,0.0018307033333333311,-6.703333333331037e-06
0.001792,0.0018035866666666685,-1.1586666666668546e-05
0.00183,0.0018529600000000027,-2.296000000000264e-05
0.001798,0.0017985866666666672,-5.866666666673025e-07
0.001836,0.0018443833333333345,-8.383333333334504e-06
0.001804,0.0018029399999999977,1.0600000000023785e-06
0.001842,0.0018475433333333343,-5.54333333333424e-06
0.00181,0.0018126100000000018,-2.610000000001847e-06
0.001848,0.0018577366666666702,-9.736666666670208e-06
0.001815,0.0018179499999999933,-2.9499999999933225e-06
0.001854,0.0018644100000000008,-1.0410000000000844e-05
0.001821,0.0018251733333333297,-4.173333333329799e-06
0.00186,0.0018707966666666694,-1.0796666666669334e-05
0.001826,0.0018278433333333319,-1.8433333333319271e-06
0.001865,0.0018708699999999974,-5.8699999999974484e-06
0.001832,0.0018296166666666672,2.38333333333284e-06
0.001871,0.0018735266666666675,-2.5266666666674906e-06
0.001838,0.0018533266666666667,-1.5326666666666718e-05
0.001877,0.0019022233333333334,-2.5223333333333374e-05
0.001843,0.0018499800000000017,-6.980000000001698e-06
0.001882,0.001894126666666669,-1.2126666666669025e-05
0.001848,0.0018500966666666725,-2.0966666666724296e-06
0.001888,0.0018912033333333327,-3.203333333332741e-06
0.001854,0.0018587066666666693,-4.706666666669289e-06
0.001893,0.0019013200000000013,-8.32000000000133e-06
0.001859,0.0018585900000000026,4.0999999999734825e-07
0.001898,0.0019009000000000014,-2.9000000000014257e-06
0.001864,0.0018687000000000024,-4.700000000002445e-06
0.001904,0.0019137133333333339,-9.713333333333761e-06
0.001869,0.001870739999999996,-1.7399999999959549e-06
0.001909,0.0019167533333333347,-7.753333333334559e-06
0.001874,0.0018784133333333364,-4.413333333336397e-06
0.001914,0.0019240833333333358,-1.00833333333359e-05
0.001879,0.0018825100000000065,-3.5100000000064767e-06
0.001919,0.0019260933333333334,-7.093333333333491e-06
0.001885,0.0018809900000000017,4.009999999998303e-06
0.001924,0.001923293333333334,7.066666666659394e-07
0.00189,0.001887726666666673,2.273333333326988e-06
0.001929,0.0019329700000000017,-3.970000000001793e-06
0.001895,0.0019046333333333357,-9.633333333335754e-06
0.001934,0.001953379999999997,-1.937999999999723e-05
0.0019,0.0019047000000000018,-4.700000000001795e-06
0.001939,0.0019491599999999932,-1.0159999999993221e-05
0.001905,0.0019065866666666716,-1.5866666666715552e-06
0.001945,0.0019497800000000058,-4.780000000005873e-06
0.00191,0.001921176666666667,-1.1176666666667077e-05
0.00195,0.0019724099999999974,-2.240999999999745e-05
0.001914,0.0019263066666666657,-1.2306666666665788e-05
0.001955,0.0019754833333333307,-2.0483333333330515e-05
0.00192,0.0019182633333333376,1.7366666666624245e-06
0.00196,0.001964526666666669,-4.526666666669274e-06
0.001925,0.00192188666666667,3.1133333333300227e-06
0.001965,0.0019686900000000004,-3.6900000000002035e-06
0.00193,0.0019430333333333354,-1.3033333333335295e-05
0.00197,0.0020001233333333305,-3.012333333333051e-05
0.001936,0.0019354266666666657,5.733333333342652e-07
0.001976,0.00197910333333334,-3.1033333333400567e-06
0.001941,0.0019358433333333347,5.156666666665316e-06
0.001981,0.0019812899999999945,-2.899999999943746e-07
0.001947,0.0019537233333333332,-6.723333333333303e-06
0.001987,0.0020014966666666713,-1.4496666666671213e-05
0.001952,0.0019628000000000007,-1.0800000000000696e-05
0.001993,0.002012623333333335,-1.962333333333519e-05
0.001958,0.0019690033333333366,-1.1003333333336508e-05
0.001998,0.002020106666666668,-2.2106666666667652e-05
0.001963,0.001964690000000002,-1.6900000000021065e-06
0.002004,0.0020128499999999996,-8.849999999999483e-06
0.001969,0.0019727133333333367,-3.7133333333368677e-06
0.00201,0.0020220300000000015,-1.2030000000001415e-05
0.001975,0.00197645666666667,-1.4566666666697252e-06
0.002016,0.0020258300000000028,-9.83000000000277e-06
0.001981,0.001993353333333333,-1.2353333333332828e-05
0.002022,0.0020430866666666697,-2.1086666666669807e-05
0.001986,0.001994273333333335,-8.27333333333494e-06
0.002028,0.00204528,-1.728000000000016e-05
0.001992,0.002001730000000003,-9.730000000003364e-06
0.002033,0.0020502466666666706,-1.7246666666670494e-05
0.001998,0.0020075000000000028,-9.500000000002562e-06
0.002039,0.002058376666666668,-1.937666666666782e-05
0.002004,0.0020046466666666664,-6.466666666662957e-07
0.002045,0.0020500333333333415,-5.033333333341605e-06
0.00201,0.0020152799999999995,-5.2799999999994345e-06
0.002051,0.002063066666666664,-1.206666666666396e-05
0.002015,0.0020120366666666655,2.963333333334383e-06
0.002057,0.002055866666666672,1.1333333333279037e-06
0.002021,0.0020272633333333315,-6.2633333333316984e-06
0.002063,0.0020764800000000003,-1.3480000000000176e-05
0.002027,0.0020276399999999985,-6.399999999983676e-07
0.00207,0.0020738366666666662,-3.836666666666433e-06
0.002033,0.0020341900000000017,-1.1900000000016064e-06
0.002076,0.002082589999999999,-6.589999999999027e-06
0.002039,0.002048533333333332,-9.533333333331794e-06
0.002082,0.002097906666666664,-1.5906666666663707e-05
0.002046,0.0020435333333333394,2.4666666666606912e-06
0.002088,0.0020885633333333317,-5.633333333317225e-07
0.002052,0.0020597100000000024,-7.71000000000235e-06
0.002094,0.0021072799999999983,-1.3279999999998328e-05
0.002058,0.0020612333333333336,-3.233333333333647e-06
0.002101,0.0021098833333333344,-8.883333333334353e-06
0.002064,0.0020683200000000007,-4.320000000000799e-06
0.002107,0.0021229799999999996,-1.597999999999964e-05
0.00207,0.002081016666666666,-1.1016666666666293e-05
0.002113,0.0021338433333333334,-2.084333333333358e-05
0.002076,0.002075186666666669,8.133333333311052e-07
0.002119,0.002120649999999999,-1.6499999999993083e-06
0.002082,0.0020880533333333356,-6.053333333335548e-06
0.002126,0.002138876666666668,-1.2876666666668257e-05
0.002089,0.0020898166666666654,-8.166666666652861e-07
0.002132,0.002139316666666666,-7.316666666665715e-06
0.002095,0.0020939666666666707,1.033333333329365e-06
0.002139,0.0021417733333333336,-2.7733333333337766e-06
0.002101,0.0020993066666666646,1.69333333333542e-06
0.002145,0.002147986666666668,-2.9866666666680114e-06
0.002107,0.0021029866666666657,4.013333333334219e-06
0.002152,0.002149206666666663,2.7933333333366936e-06
0.002114,0.0021109766666666707,3.023333333329256e-06
0.002158,0.002158616666666664,-6.166666666638718e-07
0.00212,0.0021334400000000008,-1.3440000000000847e-05
0.002165,0.0021906266666666683,-2.562666666666843e-05
0.002127,0.0021349233333333353,-7.923333333335284e-06
0.002172,0.0021878800000000027,-1.5880000000002836e-05
0.002134,0.002130286666666664,3.7133333333360004e-06
0.002178,0.002179313333333328,-1.3133333333281358e-06
0.00214,0.0021474133333333357,-7.413333333335711e-06
0.002185,0.002198566666666672,-1.3566666666671966e-05
0.002147,0.002164696666666662,-1.769666666666175e-05
0.002192,0.0022190899999999956,-2.7089999999995677e-05
0.002154,0.0021507966666666697,3.2033333333303556e-06
0.002199,0.0021977533333333347,1.2466666666653345e-06
0.002161,0.0021674499999999957,-6.449999999995522e-06
0.002206,0.0022206266666666683,-1.4626666666668273e-05
0.002168,0.002169216666666667,-1.2166666666672474e-06
0.002214,0.0022195200000000026,-5.52000000000278e-06
0.002175,0.0021727566666666642,2.243333333335623e-06
0.002221,0.002223633333333337,-2.63333333333721e-06
0.002182,0.0021845133333333357,-2.5133333333357544e-06
0.002228,0.002234543333333335,-6.54333333333524e-06
0.00219,0.0021853566666666705,4.64333333332961e-06
0.002236,0.002235880000000002,1.199999999979863e-07
0.002198,0.0021860500000000014,1.194999999999842e-05
0.002244,0.002235206666666669,8.793333333330985e-06
0.002205,0.0022074000000000026,-2.4000000000026604e-06
0.002252,0.002260216666666671,-8.216666666670779e-06
0.002213,0.002210786666666667,2.213333333333199e-06
0.00226,0.0022610533333333347,-1.053333333334884e-06
0.002221,0.002226383333333338,-5.383333333338226e-06
0.002267,0.002275286666666674,-8.286666666674266e-06
0.002229,0.002224006666666665,4.993333333334904e-06
0.002275,0.0022733000000000054,1.6999999999946745e-06
0.002237,0.002234880000000004,2.1199999999956497e-06
0.002283,0.002286203333333338,-3.203333333338162e-06
0.002245,0.002246673333333333,-1.6733333333329367e-06
0.002292,0.002301696666666669,-9.696666666668928e-06
0.002253,0.002254336666666669,-1.3366666666691368e-06
0.0023,0.0023052833333333323,-5.283333333332314e-06
0.002262,0.0022531933333333307,8.806666666669443e-06
0.002309,0.0023059900000000013,3.009999999998604e-06
0.00227,0.0022786399999999984,-8.639999999998562e-06
0.002317,0.002332806666666669,-1.580666666666907e-05
0.002279,0.0022766333333333337,2.3666666666664893e-06
0.002326,0.0023305099999999983,-4.5099999999983695e-06
0.002288,0.002285906666666667,2.0933333333330445e-06
0.002335,0.0023393766666666696,-4.376666666669731e-06
0.002297,0.0022960366666666685,9.633333333315154e-07
0.002344,0.002351736666666668,-7.736666666667991e-06
0.002306,0.0023102233333333294,-4.223333333329502e-06
0.002353,0.0023610233333333317,-8.023333333331654e-06
0.002315,0.002304870000000002,1.0129999999997953e-05
0.002362,0.002354193333333338,7.806666666661938e-06
0.002325,0.0023178699999999944,7.130000000005361e-06
0.002371,0.002367679999999995,3.320000000005003e-06
0.002335,0.0023345066666666664,4.933333333334393e-07
0.002381,0.002384490000000002,-3.4900000000022587e-06
0.002345,0.0023469766666666682,-1.9766666666683717e-06
0.002392,0.0024014566666666704,-9.456666666670353e-06
0.002356,0.0023476300000000046,8.369999999995395e-06
0.002402,0.0023966499999999945,5.350000000005524e-06
0.002367,0.0023632633333333327,3.7366666666674604e-06
0.002413,0.002413763333333331,-7.633333333309684e-07
0.002378,0.002380096666666667,-2.0966666666672254e-06
0.002424,0.002432409999999999,-8.40999999999906e-06
0.00239,0.002389586666666664,4.133333333360828e-07
0.002435,0.0024423599999999937,-7.359999999993587e-06
0.002402,0.0023920366666666678,9.963333333332276e-06
0.002448,0.002440573333333331,7.426666666668965e-06
0.002415,0.002422406666666669,-7.406666666669084e-06
0.00246,0.002480549999999996,-2.054999999999592e-05
0.002429,0.002420656666666668,8.343333333332356e-06
0.002473,0.002468913333333336,4.086666666664081e-06
0.002443,0.0024639499999999973,-2.0949999999997446e-05
0.002487,0.0025164533333333337,-2.9453333333333623e-05
0.002458,0.0024622000000000008,-4.200000000000644e-06
0.002501,0.002510866666666668,-9.866666666667918e-06
0.002474,0.002486136666666672,-1.2136666666671785e-05
0.002516,0.002538079999999996,-2.207999999999594e-05
0.00249,0.0025011499999999945,-1.1149999999994498e-05
0.002531,0.002550040000000002,-1.9040000000002284e-05
0.002507,0.0025316399999999973,-2.4639999999997216e-05
0.002547,0.0025836666666666746,-3.666666666667486e-05
0.002525,0.0025495666666666686,-2.4566666666668655e-05
0.002564,0.0025996533333333344,-3.565333333333453e-05
0.002543,0.0025707066666666653,-2.7706666666665186e-05
0.002581,0.002631756666666669,-5.075666666666924e-05
0.002563,0.002570446666666669,-7.446666666668846e-06
0.002599,0.002628350000000009,-2.935000000000871e-05
0.002583,0.002611596666666667,-2.8596666666667273e-05
0.002617,0.0026699600000000016,-5.2960000000001634e-05
0.002603,0.0026157200000000006,-1.2720000000000786e-05
0.002637,0.0026624400000000046,-2.5440000000004608e-05
0.002625,0.0026538933333333293,-2.8893333333329142e-05
0.002657,0.002703950000000004,-4.695000000000393e-05
0.002647,0.0026391833333333312,7.816666666668817e-06
0.002677,0.002672319999999999,4.680000000001263e-06
0.00267,0.002708576666666666,-3.857666666666612e-05
0.002698,0.002735353333333328,-3.7353333333327906e-05
0.002694,0.0027484966666666637,-5.449666666666351e-05
0.002719,0.0027793333333333277,-6.033333333332761e-05
0.002718,0.002737356666666665,-1.9356666666664902e-05
0.002741,0.002764153333333336,-2.315333333333591e-05
0.002743,0.002758159999999998,-1.5159999999997571e-05
0.002764,0.0027787899999999976,-1.47899999999976e-05
0.002768,0.00279288,-2.4880000000000128e-05
0.002787,0.0028130566666666637,-2.605666666666371e-05
0.002794,0.0027726600000000036,2.133999999999643e-05
0.00281,0.002782483333333327,2.751666666667282e-05
0.00282,0.002815753333333334,4.246666666666166e-06
0.002834,0.0028231566666666683,1.084333333333182e-05
0.002846,0.002863993333333331,-1.799333333333099e-05
0.002858,0.0028758733333333402,-1.7873333333340378e-05
0.002873,0.0028715033333333285,1.496666666671656e-06
0.002883,0.0028724133333333426,1.0586666666657571e-05
0.002899,0.0029048766666666666,-5.876666666666461e-06
0.002907,0.0029193400000000107,-1.234000000001085e-05
0.002926,0.0029218700000000005,4.129999999999759e-06
0.002932,0.0029581333333333405,-2.613333333334033e-05
0.002952,0.0029158266666666657,3.617333333333448e-05
0.002956,0.0029574966666666724,-1.4966666666725234e-06
0.002979,0.0029613766666666606,1.762333333333926e-05
0.002982,0.002979003333333333,2.996666666666651e-06
0.003006,0.002980463333333328,2.5536666666672002e-05
0.003007,0.0029818600000000015,2.5139999999998584e-05
0.003033,0.0029773699999999974,5.563000000000269e-05
0.003033,0.0029335333333333343,9.946666666666576e-05
0.003061,0.0029759633333333287,8.503666666667123e-05
0.003059,0.002907723333333334,0.00015127666666666598
0.003088,0.0029994566666666626,8.854333333333745e-05
0.003085,0.0029341066666666695,0.0001508933333333306
0.003115,0.003028353333333332,8.664666666666817e-05
0.003112,0.002970946666666662,0.0001410533333333383
0.003142,0.0030064866666666672,0.0001355133333333326
0.003138,0.0029274599999999967,0.00021054000000000342
0.003169,0.003199443333333322,-3.0443333333322106e-05
0.003165,0.003193766666666681,-2.876666666668101e-05
0.003196,0.0032201433333333166,-2.4143333333316586e-05
0.003191,0.003214886666666673,-2.3886666666673127e-05
0.003222,0.003238329999999999,-1.6329999999998863e-05
0.003217,0.0032334266666666665,-1.642666666666669e-05
0.003248,0.003283266666666661,-3.5266666666661055e-05
0.003243,0.003282656666666663,-3.965666666666317e-05
0.003273,0.003296983333333342,-2.3983333333342256e-05
0.003269,0.0032990000000000072,-3.0000000000007018e-05
0.003298,0.0033327966666666592,-3.4796666666659076e-05
0.003294,0.0033408100000000118,-4.68100000000117e-05
0.00332,0.00334998999999999,-2.9989999999990163e-05
0.003318,0.0033524800000000123,-3.448000000001207e-05
0.003342,0.003364013333333322,-2.2013333333322296e-05
0.003341,0.0033691600000000086,-2.8160000000008838e-05
0.003362,0.0033778366666666546,-1.583666666665458e-05
0.003363,0.003386713333333348,-2.3713333333347762e-05
0.003381,0.0033838766666666607,-2.8766666666608584e-06
0.003384,0.0033897266666666646,-5.7266666666647495e-06
0.003399,0.00341504999999999,-1.6049999999989684e-05
0.003404,0.0034259733333333363,-2.1973333333336412e-05
0.003416,0.003423926666666667,-7.926666666666863e-06
0.003424,0.003440126666666663,-1.6126666666662834e-05
0.003432,0.003449839999999989,-1.7839999999989028e-05
0.003442,0.003470966666666663,-2.8966666666662907e-05
0.003447,0.003457043333333336,-1.0043333333336138e-05
0.003459,0.003481286666666666,-2.228666666666615e-05
0.003461,0.0034695366666666542,-8.536666666654133e-06
0.003476,0.0034937800000000028,-1.7780000000002828e-05
0.003474,0.0034787833333333336,-4.783333333333549e-06
0.003491,0.0035044233333333323,-1.3423333333332111e-05
0.003486,0.0034889833333333242,-2.9833333333242895e-06
0.003505,0.00352530000000001,-2.030000000000998e-05
0.003497,0.0034962233333333346,7.766666666655236e-07
0.003518,0.003521289999999991,-3.2899999999913034e-06
0.003506,0.003498896666666664,7.103333333335817e-06
0.003528,0.003531523333333342,-3.5233333333418992e-06
0.003514,0.0035085366666666685,5.463333333331679e-06
0.003538,0.0035429266666666616,-4.926666666661694e-06
0.003521,0.003521746666666668,-7.466666666683039e-07
0.003546,0.003554746666666665,-8.746666666665029e-06
0.003527,0.003522379999999998,4.620000000002053e-06
0.003554,0.0035540966666666634,-9.66666666634905e-08
0.003532,0.0035302933333333244,1.706666666675613e-06
0.003559,0.0035582366666666626,7.633333333374737e-07
0.003537,0.0035351566666666605,1.8433333333397334e-06
0.003564,0.0035624533333333346,1.5466666666652876e-06
0.00354,0.0035345933333333327,5.406666666667517e-06
0.003568,0.003562753333333333,5.2466666666671664e-06
0.003544,0.0035396333333333305,4.366666666669357e-06
0.003571,0.0035681833333333444,2.816666666655577e-06
0.003548,0.0035450466666666625,2.953333333337478e-06
0.003573,0.0035725666666666695,4.3333333333032617e-07
0.003551,0.0035442766666666666,6.723333333333303e-06
0.003576,0.00357229666666668,3.7033333333200136e-06
0.003555,0.00354974666666666,5.253333333339865e-06
0.003579,0.003576543333333338,2.4566666666620517e-06
0.003558,0.003553553333333326,4.446666666674086e-06
0.003581,0.003579413333333336,1.5866666666641827e-06
0.003561,0.003556903333333321,4.0966666666787666e-06
0.003584,0.0035815433333333184,2.4566666666815673e-06
0.003562,0.003558776666666667,3.2233333333332725e-06
0.003585,0.003583899999999985,1.1000000000151514e-06
0.003561,0.003559469999999987,1.5300000000130314e-06
0.003585,0.0035841466666666627,8.533333333373729e-07
0.003559,0.0035608833333333335,-1.8833333333334243e-06
0.003584,0.0035869566666666534,-2.9566666666534444e-06
0.003556,0.0035581533333333324,-2.1533333333322545e-06
0.003583,0.0035846699999999955,-1.66999999999572e-06
0.003552,0.003551733333333346,2.6666666665424096e-07
0.003582,0.003584836666666653,-2.836666666652856e-06
0.003546,0.0035489266666666615,-2.926666666661429e-06
0.003581,0.0035807633333333204,2.3666666667957262e-07
0.003539,0.0035477500000000066,-8.750000000006582e-06
0.003579,0.003580709999999986,-1.7099999999859415e-06
0.003531,0.0035406799999999857,-9.67999999998588e-06
0.003576,0.0035777566666666642,-1.7566666666640404e-06
0.003523,0.0035305333333333277,-7.533333333327626e-06
0.003572,0.0035698266666666667,2.1733333333334368e-06
0.003513,0.0035200300000000086,-7.030000000008557e-06
0.003567,0.00356653333333334,4.666666666599921e-07
0.003503,0.00350127,1.7300000000001342e-06
0.00356,0.003541553333333333,1.8446666666666837e-05
0.003493,0.0034859699999999967,7.030000000003353e-06
0.003552,0.003522603333333336,2.9396666666663823e-05
0.003481,0.0034826866666666633,-1.686666666663155e-06
0.003542,0.0035253500000000004,1.6649999999999564e-05
0.003467,0.0034594133333333246,7.586666666675387e-06
0.003529,0.003501246666666668,2.775333333333201e-05
0.003452,0.003442069999999995,9.930000000005212e-06
0.003516,0.0034965266666666652,1.947333333333478e-05
0.003436,0.0034463066666666677,-1.0306666666667907e-05
0.003501,0.003507763333333337,-6.763333333336969e-06
0.003417,0.003443616666666663,-2.6616666666662986e-05
0.003484,0.0035027933333333324,-1.8793333333332312e-05
0.003396,0.0034144900000000027,-1.8490000000002515e-05
0.003465,0.003475233333333339,-1.0233333333338913e-05
0.003373,0.0034097166666666704,-3.6716666666670224e-05
0.003444,0.003466553333333334,-2.2553333333333835e-05
0.003348,0.003379583333333321,-3.158333333332097e-05
0.003419,0.003445956666666672,-2.695666666667181e-05
0.003321,0.003365000000000003,-4.4000000000002804e-05
0.003393,0.003412876666666662,-1.9876666666661814e-05
0.003292,0.0033121099999999988,-2.0109999999998966e-05
0.003365,0.0033605566666666566,4.4433333333433744e-06
0.003261,0.003274493333333328,-1.3493333333327792e-05
0.003334,0.0033228933333333327,1.1106666666667493e-05
0.003227,0.003256633333333329,-2.9633333333329084e-05
0.003302,0.003306933333333326,-4.933333333326153e-06
0.003191,0.0032313566666666623,-4.0356666666662485e-05
0.003267,0.0032804633333333405,-1.3463333333340547e-05
0.003153,0.003144763333333334,8.23666666666589e-06
0.003231,0.00318390666666667,4.709333333332991e-05
0.003114,0.003138263333333328,-2.4263333333328016e-05
0.003193,0.003192596666666657,4.033333333430811e-07
0.003073,0.0031020933333333325,-2.909333333333229e-05
0.003153,0.0031515133333333265,1.4866666666734502e-06
0.003031,0.0030774366666666705,-4.643666666667061e-05
0.003112,0.0031350066666666608,-2.3006666666660573e-05
0.002988,0.0030624633333333345,-7.446333333333433e-05
0.00307,0.0031284066666666614,-5.840666666666154e-05
0.002944,0.0030021400000000064,-5.814000000000643e-05
0.003027,0.003067606666666665,-4.0606666666664903e-05
0.0029,0.002949939999999997,-4.993999999999702e-05
0.002983,0.0030080566666666688,-2.505666666666878e-05
0.002856,0.002950519999999991,-9.451999999999117e-05
0.00294,0.0030337499999999952,-9.374999999999531e-05
0.002813,0.0029096499999999976,-9.66499999999976e-05
0.002896,0.0030016233333333407,-0.00010562333333334053
0.00277,0.0028485733333333306,-7.857333333333074e-05
0.002853,0.002934493333333332,-8.149333333333205e-05
0.002729,0.0028194733333333365,-9.04733333333364e-05
0.002811,0.0029172833333333294,-0.00010628333333332924
0.002688,0.002768693333333333,-8.069333333333333e-05
0.00277,0.002852256666666665,-8.225666666666518e-05
0.002648,0.0027231333333333336,-7.513333333333339e-05
0.002729,0.0027989366666666656,-6.993666666666549e-05
0.00261,0.002694393333333334,-8.43933333333339e-05
0.00269,0.00277996333333334,-8.996333333333986e-05
0.002573,0.0026143600000000013,-4.1360000000001135e-05
0.002652,0.002690340000000003,-3.8340000000003024e-05
0.002537,0.0025974366666666675,-6.0436666666667267e-05
0.002616,0.0026818366666666676,-6.583666666666772e-05
0.002504,0.0025669133333333333,-6.29133333333331e-05
0.002582,0.002646116666666666,-6.41166666666658e-05
0.002472,0.0024886900000000035,-1.6690000000003664e-05
0.002549,0.0025471700000000014,1.829999999998673e-06
0.002442,0.0025196066666666747,-7.760666666667458e-05
0.002519,0.002623429999999995,-0.0001044299999999952
0.002413,0.0024769300000000026,-6.39300000000024e-05
0.00249,0.002580526666666662,-9.052666666666204e-05
0.002387,0.002433420000000003,-4.642000000000318e-05
0.002462,0.0025180433333333316,-5.60433333333314e-05
0.002362,0.0023919600000000016,-2.9960000000001617e-05
0.002437,0.0024721466666666665,-3.514666666666654e-05
0.002338,0.002364529999999997,-2.6529999999997268e-05
0.002413,0.002437226666666667,-2.422666666666677e-05
0.002316,0.00233169,-1.569000000000006e-05
0.00239,0.002399239999999999,-9.239999999998902e-06
0.002294,0.0023106733333333354,-1.667333333333536e-05
0.002369,0.002376183333333336,-7.183333333335776e-06
0.002275,0.002290350000000001,-1.535000000000078e-05
0.00235,0.002370456666666668,-2.045666666666791e-05
0.002256,0.0022863233333333304,-3.032333333333019e-05
0.002331,0.0023570533333333336,-2.6053333333333432e-05
0.002238,0.002256696666666668,-1.8696666666667954e-05
0.002312,0.002326200000000003,-1.4200000000003273e-05
0.00222,0.002242616666666663,-2.261666666666289e-05
0.002294,0.0023101433333333307,-1.6143333333330703e-05
0.002203,0.00224103,-3.8030000000000095e-05
0.002276,0.002315416666666667,-3.94166666666672e-05
0.002187,0.0022041233333333324,-1.7123333333332255e-05
0.00226,0.0022748566666666663,-1.4856666666666473e-05
0.002172,0.0022067233333333326,-3.472333333333268e-05
0.002243,0.0022787133333333365,-3.5713333333336345e-05
0.002157,0.002194563333333332,-3.756333333333186e-05
0.002228,0.0022665033333333275,-3.850333333332758e-05
0.002143,0.0021933466666666625,-5.034666666666257e-05
0.002213,0.0022720133333333265,-5.901333333332634e-05
0.002129,0.002138623333333337,-9.623333333337331e-06
0.002199,0.0022074833333333367,-8.483333333336729e-06
0.002116,0.0021624699999999984,-4.6469999999998544e-05
0.002186,0.002240249999999994,-5.424999999999397e-05
0.002103,0.0021193166666666685,-1.6316666666668644e-05
0.002173,0.0021853233333333326,-1.2323333333332572e-05
0.00209,0.0021209333333333334,-3.093333333333351e-05
0.00216,0.002191876666666672,-3.187666666667208e-05
0.002078,0.0021013066666666688,-2.3306666666668766e-05
0.002147,0.0021753366666666706,-2.8336666666670552e-05
0.002066,0.0021027766666666687,-3.677666666666857e-05
0.002134,0.00217811,-4.410999999999998e-05
0.002054,0.002065413333333333,-1.1413333333333206e-05
0.002122,0.0021301333333333355,-8.133333333335338e-06
0.002042,0.0020771000000000036,-3.510000000000362e-05
0.002109,0.002147629999999996,-3.8629999999995664e-05
0.002031,0.002036263333333336,-5.263333333336336e-06
0.002097,0.0020973933333333313,-3.933333333314311e-07
0.00202,0.002071226666666672,-5.122666666667209e-05
0.002086,0.002147470000000002,-6.147000000000184e-05
0.00201,0.002034916666666669,-2.4916666666668745e-05
0.002074,0.0021041500000000034,-3.0150000000003525e-05
0.002,0.0020172500000000012,-1.7250000000001205e-05
0.002062,0.0020845966666666726,-2.259666666667255e-05
0.001989,0.0020032133333333334,-1.4213333333333491e-05
0.002051,0.002064143333333336,-1.3143333333335942e-05
0.001979,0.0019862600000000066,-7.2600000000067576e-06
0.002039,0.0020459266666666693,-6.926666666669332e-06
0.00197,0.001992016666666668,-2.2016666666668187e-05
0.002028,0.0020563700000000014,-2.837000000000152e-05
0.001961,0.0020012166666666677,-4.021666666666765e-05
0.002018,0.002075863333333333,-5.786333333333317e-05
0.001952,0.001982433333333331,-3.0433333333331055e-05
0.002008,0.00205322333333333,-4.5223333333330173e-05
0.001943,0.0019385466666666706,4.453333333329437e-06
0.001999,0.00199260666666667,6.393333333330059e-06
0.001935,0.001955876666666662,-2.0876666666661946e-05
0.00199,0.002021846666666668,-3.184666666666792e-05
0.001926,0.0019321333333333324,-6.1333333333324705e-06
0.001981,0.0019913433333333327,-1.0343333333332622e-05
0.001917,0.001950640000000002,-3.364000000000188e-05
0.001972,0.0020252066666666692,-5.320666666666944e-05
0.001909,0.0019114266666666734,-2.4266666666732887e-06
0.001963,0.0019696833333333343,-6.683333333334408e-06
0.0019,0.0019126800000000019,-1.2680000000001891e-05
0.001955,0.0019713599999999997,-1.6359999999999552e-05
0.001892,0.0018960366666666729,-4.0366666666728345e-06
0.001947,0.001956880000000003,-9.880000000002907e-06
0.001883,0.0018978866666666658,-1.4886666666665861e-05
0.001939,0.0019616633333333342,-2.2663333333334265e-05
0.001875,0.001885289999999999,-1.0289999999999171e-05
0.001931,0.001947086666666669,-1.6086666666668926e-05
0.001867,0.0018754233333333355,-8.423333333335567e-06
0.001923,0.0019374300000000026,-1.4430000000002557e-05
0.001859,0.0018604433333333336,-1.4433333333336521e-06
0.001915,0.001919950000000002,-4.950000000002045e-06
0.001851,0.0018597633333333353,-8.763333333335283e-06
0.001908,0.0019205899999999965,-1.2589999999996571e-05
0.001843,0.0018446466666666634,-1.6466666666633926e-06
0.001901,0.0019038233333333362,-2.8233333333362986e-06
0.001835,0.0018340366666666655,9.633333333345512e-07
0.001893,0.0018921266666666698,8.733333333300983e-07
0.001828,0.001834799999999998,-6.799999999997997e-06
0.001886,0.001894816666666662,-8.816666666662011e-06
0.001821,0.0018434733333333301,-2.247333333333019e-05
0.00188,0.001910773333333334,-3.0773333333334024e-05
0.001814,0.0018200166666666633,-6.016666666663244e-06
0.001873,0.001880399999999997,-7.399999999996819e-06
0.001808,0.0018089733333333392,-9.733333333392623e-07
0.001867,0.001868520000000003,-1.520000000003116e-06
0.001802,0.0018244400000000023,-2.244000000000226e-05
0.001861,0.001892910000000005,-3.1910000000005e-05
0.001796,0.0018212533333333333,-2.5253333333333195e-05
0.001854,0.0018901300000000003,-3.613000000000032e-05
0.00179,0.0017980099999999988,-8.009999999998834e-06
0.001848,0.0018593566666666658,-1.1356666666665792e-05
0.001784,0.0017946833333333323,-1.0683333333332337e-05
0.001842,0.0018564133333333324,-1.4413333333332303e-05
0.001778,0.0017844500000000086,-6.450000000008532e-06
0.001836,0.0018442133333333355,-8.213333333335513e-06
0.001773,0.0017731366666666653,-1.366666666652045e-07
0.00183,0.0018299566666666663,4.3333333333726506e-08
0.001768,0.001769160000000004,-1.160000000003953e-06
0.001824,0.0018268933333333355,-2.893333333335449e-06
0.001762,0.0017747600000000022,-1.2760000000002283e-05
0.001819,0.0018373133333333344,-1.8313333333334295e-05
0.001757,0.0017621866666666646,-5.186666666664487e-06
0.001813,0.0018204966666666659,-7.496666666665947e-06
0.001752,0.0017482933333333377,3.7066666666624344e-06
0.001808,0.0018023299999999978,5.670000000002106e-06
0.001747,0.0017455833333333338,1.4166666666662765e-06
0.001803,0.0017999066666666641,3.0933333333357793e-06
0.001742,0.0017567466666666657,-1.4746666666665608e-05
0.001797,0.0018183000000000001,-2.1300000000000138e-05
0.001737,0.0017519300000000022,-1.493000000000219e-05
0.001792,0.001813829999999999,-2.1829999999998942e-05
0.001732,0.0017345099999999966,-2.509999999996586e-06
0.001787,0.0017885699999999993,-1.5699999999993497e-06
0.001727,0.0017342699999999944,-7.269999999994338e-06
0.001782,0.0017896699999999975,-7.6699999999976e-06
0.001723,0.0017255566666666675,-2.5566666666675293e-06
0.001777,0.0017801366666666707,-3.136666666670807e-06
0.001719,0.0017284866666666696,-9.486666666669525e-06
0.001773,0.0017857933333333353,-1.2793333333335202e-05
0.001715,0.001727773333333337,-1.2773333333337055e-05
0.001769,0.0017864600000000038,-1.746000000000386e-05
0.001711,0.00171954666666667,-8.546666666669903e-06
0.001765,0.0017756366666666717,-1.0636666666671585e-05
0.001707,0.001708940000000004,-1.9400000000040912e-06
0.001761,0.0017627200000000036,-1.720000000003663e-06
0.001703,0.00170557666666667,-2.5766666666700126e-06
0.001757,0.0017606200000000027,-3.620000000002571e-06
0.001699,0.0016978566666666682,1.1433333333317475e-06
0.001753,0.0017506666666666697,2.333333333330318e-06
0.001695,0.0016946033333333358,3.966666666640941e-07
0.001749,0.0017470100000000037,1.989999999996205e-06
0.001691,0.0016897799999999981,1.220000000001862e-06
0.001744,0.0017430399999999971,9.600000000029724e-07
0.001687,0.0016832899999999983,3.7100000000016026e-06
0.001741,0.0017350266666666648,5.9733333333351554e-06
0.001683,0.0016839233333333355,-9.233333333354393e-07
0.001737,0.0017369333333333314,6.666666666865599e-08
0.00168,0.0016818000000000004,-1.800000000000369e-06
0.001733,0.0017364133333333343,-3.4133333333343126e-06
0.001676,0.0016757233333333302,2.766666666697941e-07
0.00173,0.0017277966666666678,2.2033333333321744e-06
0.001673,0.0016724566666666688,5.433333333311908e-07
0.001726,0.001724213333333335,1.7866666666651633e-06
0.00167,0.0016708366666666648,-8.366666666647336e-07
0.001722,0.001725110000000005,-3.110000000004949e-06
0.001666,0.0016669700000000065,-9.700000000065993e-07
0.001719,0.0017193733333333364,-3.7333333333632035e-07
0.001663,0.00166526,-2.2600000000000224e-06
0.001715,0.001718376666666671,-3.3766666666711163e-06
0.00166,0.0016663300000000017,-6.3300000000016555e-06
0.001712,0.0017207766666666705,-8.776666666670489e-06
0.001657,0.0016587966666666652,-1.796666666665104e-06
0.001709,0.0017110866666666647,-2.0866666666646827e-06
0.001654,0.001651930000000005,2.0699999999950792e-06
0.001706,0.0017024233333333364,3.57666666666364e-06
0.001651,0.0016527333333333284,-1.7333333333284604e-06
0.001703,0.0017042200000000006,-1.220000000000561e-06
0.001648,0.0016550200000000003,-7.020000000000377e-06
0.001699,0.0017186133333333283,-1.961333333332831e-05
0.001645,0.0016504599999999936,-5.459999999993595e-06
0.001696,0.0017041700000000012,-8.170000000001136e-06
0.001642,0.0016418100000000007,1.899999999993053e-07
0.001693,0.0016918133333333329,1.1866666666672087e-06
0.001639,0.0016393633333333327,-3.6333333333269345e-07
0.001691,0.0016900100000000033,9.899999999967227e-07
0.001637,0.0016497900000000036,-1.2790000000003623e-05
0.001688,0.0017201766666666669,-3.217666666666683e-05
0.001634,0.001632823333333332,1.1766666666681354e-06
0.001685,0.001683103333333334,1.896666666666028e-06
0.001631,0.0016354600000000011,-4.460000000001052e-06
0.001682,0.0016875599999999953,-5.559999999995386e-06
0.001629,0.0016296200000000002,-6.200000000002211e-07
0.001679,0.0016793800000000018,-3.800000000018632e-07
0.001626,0.0016282733333333346,-2.2733333333345776e-06
0.001676,0.0016786200000000018,-2.6200000000017876e-06
0.001624,0.0016286833333333318,-4.683333333331758e-06
0.001674,0.001681569999999997,-7.56999999999711e-06
0.001621,0.0016244166666666703,-3.416666666670228e-06
0.001671,0.0016778333333333365,-6.833333333336553e-06
0.001618,0.00161746666666666,5.333333333401406e-07
0.001668,0.0016667233333333353,1.2766666666647226e-06
0.001616,0.001616193333333326,-1.933333333258968e-07
0.001666,0.0016656466666666717,3.533333333281992e-07
0.001613,0.0016155499999999977,-2.5499999999976496e-06
0.001663,0.0016661233333333369,-3.123333333336902e-06
0.001611,0.0016115933333333372,-5.933333333371822e-07
0.001661,0.0016612366666666671,-2.3666666666721271e-07
0.001609,0.001611860000000005,-2.8600000000051327e-06
0.001658,0.0016666400000000003,-8.640000000000297e-06
0.001607,0.0016072300000000022,-2.3000000000232036e-07
0.001656,0.0016564099999999966,-4.0999999999669773e-07
0.001604,0.0016033166666666698,6.833333333301425e-07
0.001654,0.0016515900000000038,2.4099999999963127e-06
0.001602,0.0016019400000000027,5.999999999725843e-08
0.001651,0.0016524266666666698,-1.4266666666699034e-06
0.001599,0.0015999633333333332,-9.633333333332501e-07
0.001649,0.0016489499999999995,5.000000000057042e-08
0.001597,0.0015991966666666715,-2.196666666671619e-06
0.001646,0.0016495766666666674,-3.5766666666675433e-06
0.001595,0.0015973299999999984,-2.3299999999983056e-06
0.001644,0.0016473133333333326,-3.313333333332521e-06
0.001592,0.0015929633333333323,-9.63333333332166e-07
0.001641,0.0016431000000000006,-2.100000000000539e-06
0.00159,0.0015937933333333325,-3.7933333333324895e-06
0.001639,0.0016444000000000038,-5.400000000003709e-06
0.001587,0.0015878666666666616,-8.666666666615197e-07
0.001636,0.0016384166666666656,-2.416666666665542e-06
0.001584,0.0015858366666666672,-1.8366666666672516e-06
0.001633,0.0016362833333333382,-3.2833333333383372e-06
0.001581,0.001593409999999997,-1.240999999999699e-05
0.00163,0.001647489999999998,-1.7489999999998045e-05
0.001579,0.0015892333333333362,-1.0233333333336094e-05
0.001627,0.0016455200000000006,-1.8520000000000602e-05
0.001576,0.0015862799999999976,-1.0279999999997713e-05
0.001624,0.001650936666666665,-2.693666666666499e-05
0.001573,0.0015752300000000028,-2.2300000000028027e-06
0.001621,0.0016237466666666686,-2.7466666666685693e-06
0.00157,0.0015742833333333359,-4.283333333335868e-06
0.001619,0.001623923333333334,-4.923333333334019e-06
0.001568,0.001577946666666668,-9.946666666668094e-06
0.001616,0.0016352633333333302,-1.926333333333017e-05
0.001565,0.0015892800000000004,-2.428000000000044e-05
0.001613,0.0016554466666666645,-4.2446666666664384e-05
0.001562,0.0015702533333333275,-8.25333333332747e-06
0.00161,0.0016241833333333338,-1.4183333333333669e-05
0.00156,0.001558959999999994,1.0400000000059667e-06
0.001608,0.0016086733333333368,-6.733333333367071e-07
0.001557,0.0015551733333333336,1.8266666666664436e-06
0.001605,0.0016028733333333322,2.1266666666679146e-06
0.001554,0.0015580633333333316,-4.0633333333315366e-06
0.001602,0.0016106900000000012,-8.690000000001301e-06
0.001552,0.0015580300000000036,-6.030000000003654e-06
0.0016,0.0016093666666666694,-9.36666666666937e-06
0.001549,0.0015546900000000007,-5.690000000000686e-06
0.001597,0.0016045000000000007,-7.500000000000779e-06
0.001547,0.0015526700000000017,-5.670000000001672e-06
0.001595,0.001606460000000001,-1.1460000000000897e-05
0.001545,0.0015423966666666623,2.603333333337605e-06
0.001593,0.0015898166666666622,3.183333333337847e-06
0.001542,0.0015429933333333326,-9.933333333326383e-07
0.00159,0.0015929099999999982,-2.9099999999981137e-06
0.00154,0.0015449499999999974,-4.949999999997491e-06
0.001588,0.0015954899999999993,-7.48999999999932e-06
0.001538,0.0015381166666666704,-1.1666666667031061e-07
0.001585,0.0015884700000000007,-3.4700000000006427e-06
0.001535,0.0015556900000000008,-2.0690000000000942e-05
0.001583,0.001618553333333336,-3.5553333333335994e-05
0.001533,0.0015399566666666703,-6.956666666670238e-06
0.00158,0.0015908966666666703,-1.0896666666670258e-05
0.001531,0.001538926666666669,-7.926666666669031e-06
0.001578,0.0015909200000000048,-1.2920000000004803e-05
0.001529,0.0015273333333333406,1.6666666666593707e-06
0.001576,0.0015752433333333378,7.56666666662173e-07
0.001526,0.0015376733333333393,-1.1673333333339251e-05
0.001574,0.001597456666666669,-2.345666666666896e-05
0.001524,0.0015264033333333407,-2.4033333333407444e-06
0.001572,0.0015800266666666626,-8.026666666662583e-06
0.001522,0.001521256666666673,7.433333333269673e-07
0.001569,0.001568523333333331,4.7666666666904e-07
0.00152,0.0015210166666666724,-1.0166666666723383e-06
0.001567,0.0015681833333333274,-1.18333333332739e-06
0.001518,0.0015188833333333387,-8.833333333387126e-07
0.001565,0.0015665166666666602,-1.5166666666602616e-06
0.001516,0.0015212500000000048,-5.250000000004817e-06
0.001563,0.0015767933333333281,-1.3793333333328179e-05
0.001514,0.0015163066666666726,-2.3066666666727003e-06
0.001561,0.0015646766666666608,-3.676666666660661e-06
0.001512,0.0015142766666666708,-2.27666666667071e-06
0.001559,0.0015626299999999917,-3.6299999999916694e-06
0.00151,0.0015115133333333376,-1.5133333333375732e-06
0.001557,0.0015584866666666598,-1.4866666666597892e-06
0.001509,0.0015076299999999998,1.3700000000001038e-06
0.001555,0.0015541866666666647,8.133333333352252e-07
0.001507,0.0015062366666666672,7.6333333333292e-07
0.001554,0.00155270333333333,1.2966666666700249e-06
0.001506,0.0015059699999999973,3.000000000264076e-08
0.001552,0.0015538133333333358,-1.8133333333357916e-06
0.001504,0.0015024633333333278,1.536666666672069e-06
0.001551,0.0015492366666666657,1.7633333333343538e-06
0.001503,0.0015012199999999928,1.7800000000072098e-06
0.001549,0.001548169999999997,8.300000000030939e-07
0.001501,0.0015002766666666635,7.233333333364102e-07
0.001548,0.0015461366666666672,1.8633333333326757e-06
0.0015,0.0015034666666666574,-3.4666666666573545e-06
0.001546,0.0015522900000000022,-6.29000000000211e-06
0.001499,0.001503050000000001,-4.050000000001101e-06
0.001545,0.0015563966666666622,-1.1396666666662301e-05
0.001498,0.0014972900000000066,7.099999999933982e-07
0.001544,0.0015435633333333318,4.3666666666819336e-07
0.001497,0.0014980666666666689,-1.0666666666687887e-06
0.001544,0.00154432333333333,-3.2333333332989524e-07
0.001497,0.001497006666666671,-6.666666670963883e-09
0.001543,0.0015437533333333285,-7.533333333284258e-07
0.001496,0.0014950600000000057,9.399999999942007e-07
0.001542,0.00154163666666666,3.63333333340066e-07
0.001495,0.0014950066666666703,-6.666666670313362e-09
0.001542,0.0015411300000000006,8.699999999993869e-07
0.001495,0.0014955733333333382,-5.733333333381684e-07
0.001541,0.001542623333333327,-1.6233333333269453e-06
0.001494,0.0014950333333333342,-1.0333333333341355e-06
0.001541,0.001541666666666664,-6.666666666640085e-07
0.001494,0.001493953333333332,4.6666666668124246e-08
0.00154,0.0015397766666666668,2.233333333330912e-07
0.001494,0.001493833333333332,1.666666666680621e-07
0.00154,0.0015395100000000026,4.899999999973068e-07
0.001494,0.0014937666666666656,2.333333333345497e-07
0.001539,0.0015392700000000038,-2.7000000000381753e-07
0.001494,0.0014931666666666691,8.333333333309864e-07
0.001539,0.0015384800000000068,5.199999999932255e-07
0.001493,0.0014930433333333382,-4.3333333338280156e-08
0.001539,0.0015379233333333313,1.0766666666687293e-06
0.001493,0.0014929800000000042,1.9999999995761256e-08
0.001538,0.0015385000000000067,-5.000000000065716e-07
0.001493,0.0014932666666666713,-2.6666666667137136e-07
0.001538,0.0015387500000000034,-7.500000000033522e-07
0.001493,0.0014933200000000059,-3.2000000000590584e-07
0.001538,0.001538759999999998,-7.599999999978718e-07
0.001493,0.0014936233333333357,-6.23333333335703e-07
0.001538,0.0015390733333333312,-1.073333333331079e-06
0.001494,0.0014943833333333344,-3.833333333343094e-07
0.001539,0.001540299999999996,-1.2999999999959658e-06
0.001494,0.0014967866666666695,-2.786666666669416e-06
0.00154,0.0015444533333333348,-4.453333333334858e-06
0.001495,0.001495509999999999,-5.099999999989228e-07
0.00154,0.001540949999999999,-9.499999999991286e-07
0.001496,0.0014970400000000066,-1.0400000000066172e-06
0.001541,0.0015421733333333282,-1.1733333333280999e-06
0.001497,0.0014965666666666648,4.333333333353135e-07
0.001542,0.00154153,4.700000000000277e-07
0.001498,0.0014991899999999994,-1.189999999999438e-06
0.001542,0.001545513333333332,-3.513333333331984e-06
0.001499,0.0015007299999999987,-1.7299999999988332e-06
0.001543,0.0015467866666666634,-3.7866666666632603e-06
0.0015,0.0015014866666666592,-1.4866666666591387e-06
0.001544,0.0015475433333333372,-3.543333333337227e-06
0.001501,0.001503519999999996,-2.519999999996093e-06
0.001545,0.0015488633333333383,-3.863333333338362e-06
0.001503,0.0015032566666666615,-2.566666666614561e-07
0.001547,0.0015496633333333385,-2.66333333333855e-06
0.001504,0.0015081900000000013,-4.190000000001354e-06
0.001549,0.0015549833333333323,-5.983333333332277e-06
0.001506,0.0015077433333333364,-1.7433333333364241e-06
0.00155,0.0015548733333333353,-4.8733333333354e-06
0.001508,0.0015107933333333387,-2.793333333338645e-06
0.001552,0.001556323333333331,-4.323333333331077e-06
0.00151,0.0015145466666666727,-4.546666666672625e-06
0.001554,0.001565166666666661,-1.1166666666661065e-05
0.001512,0.0015161033333333373,-4.103333333337154e-06
0.001555,0.0015637899999999948,-8.789999999994852e-06
0.001514,0.0015168100000000065,-2.810000000006514e-06
0.001557,0.0015628299999999953,-5.829999999995301e-06
0.001516,0.0015211966666666711,-5.19666666667115e-06
0.001559,0.0015727033333333299,-1.3703333333329798e-05
0.001518,0.0015209200000000005,-2.9200000000004396e-06
0.001562,0.001567316666666665,-5.316666666665016e-06
0.001521,0.001524776666666669,-3.7766666666689576e-06
0.001564,0.0015728133333333364,-8.813333333336287e-06
0.001523,0.0015281800000000053,-5.1800000000052325e-06
0.001566,0.0015761533333333313,-1.0153333333331365e-05
0.001526,0.001530743333333331,-4.743333333330968e-06
0.001569,0.0015813166666666675,-1.2316666666667463e-05
0.001528,0.00153153333333334,-3.5333333333398883e-06
0.001571,0.0015804433333333333,-9.443333333333413e-06
0.001531,0.001538319999999997,-7.319999999997077e-06
0.001574,0.0015900666666666646,-1.606666666666449e-05
0.001534,0.0015392400000000033,-5.240000000003358e-06
0.001577,0.0015883800000000014,-1.1380000000001372e-05
0.001537,0.0015404599999999976,-3.4599999999976663e-06
0.001579,0.0015875733333333307,-8.573333333330557e-06
0.00154,0.0015462066666666672,-6.20666666666732e-06
0.001582,0.0015992966666666638,-1.7296666666663692e-05
0.001543,0.0015535300000000007,-1.0530000000000565e-05
0.001586,0.0016063133333333334,-2.0313333333333477e-05
0.001546,0.0015526633333333342,-6.663333333334093e-06
0.001589,0.0016027466666666656,-1.3746666666665693e-05
0.00155,0.0015582466666666675,-8.246666666667565e-06
0.001592,0.0016138866666666673,-2.1886666666667224e-05
0.001553,0.0015628733333333325,-9.873333333332594e-06
0.001595,0.0016218166666666658,-2.68166666666657e-05
0.001557,0.001566659999999999,-9.65999999999901e-06
0.001599,0.0016250033333333315,-2.600333333333156e-05
0.00156,0.0015643266666666672,-4.326666666667209e-06
0.001602,0.0016079266666666682,-5.926666666668332e-06
0.001564,0.001569536666666664,-5.536666666663926e-06
0.001606,0.0016170933333333368,-1.1093333333336841e-05
0.001567,0.001570926666666666,-3.926666666665898e-06
0.001609,0.0016141399999999965,-5.13999999999658e-06
0.001571,0.0015751533333333307,-4.153333333330785e-06
0.001613,0.0016195833333333366,-6.58333333333652e-06
0.001575,0.0015803366666666636,-5.336666666663596e-06
0.001616,0.0016263533333333328,-1.0353333333332779e-05
0.001579,0.0015858666666666655,-6.866666666665352e-06
0.00162,0.001625750000000001,-5.75000000000098e-06
0.001583,0.0015857633333333325,-2.763333333332535e-06
0.001624,0.0016237633333333363,2.3666666666374327e-07
0.001587,0.001589656666666668,-2.6566666666680196e-06
0.001628,0.0016292066666666707,-1.2066666666705594e-06
0.001591,0.0015953300000000011,-4.330000000001173e-06
0.001632,0.0016338800000000055,-1.8800000000055318e-06
0.001595,0.0015994300000000032,-4.430000000003181e-06
0.001636,0.0016397499999999971,-3.7499999999970283e-06
0.001599,0.001600860000000003,-1.8600000000030485e-06
0.00164,0.0016396200000000005,3.79999999999478e-07
0.001603,0.0016090233333333414,-6.023333333341364e-06
0.001644,0.0016503366666666666,-6.336666666666548e-06
0.001607,0.0016100766666666618,-3.076666666661839e-06
0.001647,0.0016491500000000037,-2.1500000000037114e-06
0.001611,0.0016187100000000006,-7.710000000000616e-06
0.001651,0.0016653833333333387,-1.438333333333877e-05
0.001615,0.0016265933333333294,-1.1593333333329535e-05
0.001655,0.001673483333333336,-1.8483333333335888e-05
0.001619,0.001621469999999995,-2.469999999995089e-06
0.001659,0.0016614466666666724,-2.4466666666723026e-06
0.001623,0.0016283599999999943,-5.359999999994189e-06
0.001663,0.0016716833333333314,-8.683333333331421e-06
0.001627,0.001631729999999996,-4.729999999995979e-06
0.001666,0.0016729999999999994,-6.999999999999411e-06
0.001631,0.0016362099999999997,-5.209999999999633e-06
0.00167,0.001677633333333333,-7.633333333332886e-06
0.001635,0.001638526666666667,-3.526666666666973e-06
0.001674,0.0016826733333333373,-8.673333333337335e-06
0.001639,0.0016469466666666666,-7.946666666666527e-06
0.001678,0.001689730000000003,-1.173000000000298e-05
0.001643,0.0016491433333333356,-6.143333333335664e-06
0.001682,0.0016906700000000041,-8.670000000004239e-06
0.001647,0.001656786666666663,-9.786666666662973e-06
0.001686,0.0017020400000000028,-1.6040000000002753e-05
0.001652,0.001659366666666665,-7.3666666666649845e-06
0.00169,0.0017057799999999964,-1.5779999999996274e-05
0.001656,0.0016635066666666636,-7.506666666663719e-06
0.001694,0.0017093266666666673,-1.5326666666667368e-05
0.00166,0.0016655966666666714,-5.596666666671376e-06
0.001698,0.0017081900000000016,-1.01900000000015e-05
0.001665,0.0016723499999999987,-7.349999999998634e-06
0.001703,0.0017219599999999979,-1.8959999999997772e-05
0.00167,0.0016803166666666662,-1.0316666666666113e-05
0.001707,0.0017324566666666679,-2.5456666666667923e-05
0.001674,0.0016834499999999997,-9.449999999999823e-06
0.001712,0.0017298766666666702,-1.7876666666670222e-05
0.001679,0.0016860766666666723,-7.076666666672345e-06
0.001717,0.0017271499999999996,-1.0149999999999569e-05
0.001684,0.0016886900000000012,-4.690000000001204e-06
0.001722,0.0017292333333333357,-7.233333333335696e-06
0.00169,0.001697466666666668,-7.46666666666786e-06
0.001727,0.0017436000000000023,-1.6600000000002247e-05
0.001695,0.0017023900000000048,-7.390000000004901e-06
0.001732,0.0017425199999999959,-1.0519999999995854e-05
0.001701,0.0017036466666666705,-2.6466666666704643e-06
0.001737,0.0017469366666666671,-9.936666666667069e-06
0.001707,0.001717460000000005,-1.04600000000051e-05
0.001743,0.0017672500000000012,-2.4250000000001267e-05
0.001713,0.0017194866666666712,-6.486666666671295e-06
0.001749,0.0017617166666666635,-1.271666666666357e-05
0.001719,0.0017272333333333326,-8.233333333332576e-06
0.001756,0.001767570000000004,-1.157000000000393e-05
0.001727,0.001733746666666669,-6.746666666668883e-06
0.001763,0.0017756800000000006,-1.268000000000059e-05
0.001734,0.001741283333333334,-7.283333333333881e-06
0.001771,0.0017859133333333358,-1.4913333333335839e-05
0.001742,0.0017604999999999975,-1.8499999999997468e-05
0.001778,0.0018078966666666653,-2.989666666666519e-05
0.00175,0.0017677933333333374,-1.7793333333337383e-05
0.001787,0.001813286666666663,-2.6286666666662994e-05
0.001759,0.0017703366666666676,-1.1336666666667645e-05
0.001795,0.0018170266666666663,-2.2026666666666393e-05
0.001768,0.0017745100000000039,-6.510000000003839e-06
0.001804,0.0018196166666666668,-1.561666666666673e-05
0.001778,0.001805490000000004,-2.7490000000003926e-05
0.001814,0.0018544666666666701,-4.046666666667007e-05
0.001788,0.001790766666666665,-2.766666666664981e-06
0.001825,0.0018366433333333353,-1.164333333333531e-05
0.0018,0.0018192800000000008,-1.928000000000086e-05
0.001836,0.001867583333333334,-3.1583333333333984e-05
0.001811,0.0018259466666666706,-1.4946666666670709e-05
0.001848,0.00187304333333333,-2.504333333332989e-05
0.001823,0.0018495466666666675,-2.654666666666752e-05
0.00186,0.0019026766666666636,-4.267666666666345e-05
0.001836,0.001868456666666668,-3.2456666666667985e-05
0.001872,0.0019368099999999984,-6.480999999999848e-05
0.001849,0.0018830600000000024,-3.406000000000242e-05
0.001886,0.001954296666666667,-6.829666666666699e-05
0.001862,0.001900056666666669,-3.805666666666899e-05
0.001899,0.001967653333333334,-6.865333333333371e-05
0.001876,0.0019225700000000002,-4.657000000000012e-05
0.001914,0.001986070000000003,-7.207000000000307e-05
0.00189,0.0019332400000000001,-4.324000000000016e-05
0.001928,0.001993553333333336,-6.555333333333607e-05
0.001905,0.0019387700000000005,-3.377000000000046e-05
0.001943,0.001994170000000003,-5.117000000000294e-05
0.00192,0.0019509999999999987,-3.0999999999998694e-05
0.001958,0.002006260000000001,-4.8260000000000924e-05
0.001936,0.0019613700000000013,-2.5370000000001338e-05
0.001974,0.002012846666666668,-3.884666666666798e-05
0.001952,0.001970763333333333,-1.876333333333314e-05
0.001991,0.0020229866666666646,-3.198666666666449e-05
0.001968,0.0019873566666666676,-1.9356666666667504e-05
0.002007,0.0020364333333333364,-2.9433333333336344e-05
0.001984,0.0020047666666666605,-2.076666666666043e-05
0.002024,0.002056766666666671,-3.27666666666707e-05
0.002001,0.0020198033333333337,-1.8803333333333554e-05
0.00204,0.0020693033333333295,-2.930333333332931e-05
0.002017,0.002045966666666668,-2.8966666666667678e-05
0.002057,0.0020992399999999987,-4.2239999999998945e-05
0.002034,0.0020564266666666664,-2.242666666666662e-05
0.002074,0.0021053066666666636,-3.1306666666663756e-05
0.00205,0.0020819433333333372,-3.194333333333705e-05
0.002091,0.0021367399999999977,-4.5739999999997675e-05
0.002067,0.002092353333333333,-2.5353333333333252e-05
0.002108,0.002143319999999999,-3.531999999999884e-05
0.002084,0.002101026666666671,-1.7026666666670933e-05
0.002125,0.0021472033333333304,-2.2203333333330275e-05
0.002101,0.0021294933333333337,-2.8493333333333686e-05
0.002142,0.0021805266666666714,-3.852666666667162e-05
0.002118,0.0021402800000000005,-2.228000000000039e-05
0.00216,0.0021899599999999956,-2.9959999999995546e-05
0.002135,0.002140939999999997,-5.939999999996816e-06
0.002177,0.002189030000000002,-1.2030000000001848e-05
0.002152,0.002174689999999996,-2.268999999999622e-05
0.002194,0.0022280533333333304,-3.405333333333016e-05
0.002169,0.002196383333333332,-2.738333333333204e-05
0.002212,0.002248826666666666,-3.68266666666661e-05
0.002186,0.002234166666666666,-4.8166666666665976e-05
0.002229,0.0022957533333333342,-6.675333333333415e-05
0.002203,0.002221903333333332,-1.8903333333332092e-05
0.002246,0.002271843333333331,-2.5843333333330776e-05
0.00222,0.002241836666666669,-2.1836666666668822e-05
0.002263,0.0022949566666666636,-3.19566666666638e-05
0.002237,0.002261126666666669,-2.41266666666691e-05
0.002281,0.002316490000000003,-3.5490000000003036e-05
0.002254,0.002281540000000005,-2.7540000000005147e-05
0.002299,0.0023346533333333296,-3.565333333332976e-05
0.002271,0.0023261866666666694,-5.518666666666939e-05
0.002316,0.0023872633333333363,-7.126333333333642e-05
0.002289,0.0023629733333333375,-7.397333333333768e-05
0.002334,0.0024288366666666674,-9.483666666666724e-05
0.002307,0.00236973666666667,-6.273666666667009e-05
0.002351,0.0024319533333333368,-8.095333333333699e-05
0.002323,0.0023759400000000013,-5.294000000000132e-05
0.002367,0.002431399999999999,-6.439999999999875e-05
0.00234,0.002370893333333334,-3.0893333333333745e-05
0.002384,0.0024218266666666635,-3.782666666666363e-05
0.002357,0.002397036666666667,-4.003666666666699e-05
0.002401,0.0024512566666666656,-5.025666666666571e-05
0.002373,0.002408086666666666,-3.508666666666603e-05
0.002418,0.002462273333333336,-4.4273333333335815e-05
0.00239,0.0024107100000000043,-2.0710000000004076e-05
0.002434,0.0024589533333333334,-2.495333333333346e-05
0.002406,0.002421536666666664,-1.5536666666663736e-05
0.002451,0.002470553333333338,-1.9553333333337773e-05
0.002423,0.0024592599999999965,-3.625999999999673e-05
0.002468,0.0025087799999999995,-4.0779999999999376e-05
0.002439,0.0024794166666666645,-4.04166666666643e-05
0.002484,0.0025308899999999944,-4.6889999999994315e-05
0.002456,0.0024711633333333316,-1.5163333333331752e-05
0.0025,0.0025230900000000004,-2.309000000000035e-05
0.002472,0.0025040233333333294,-3.2023333333329636e-05
0.002517,0.0025575799999999972,-4.0579999999997094e-05
0.002489,0.002496319999999998,-7.319999999998161e-06
0.002534,0.002543886666666664,-9.88666666666433e-06
0.002505,0.0025108533333333353,-5.853333333335434e-06
0.00255,0.0025560333333333332,-6.033333333333064e-06
0.002522,0.002539993333333334,-1.7993333333334027e-05
0.002567,0.002591260000000002,-2.4260000000002075e-05
0.002538,0.0025570233333333343,-1.9023333333334416e-05
0.002583,0.002610069999999997,-2.7069999999997096e-05
0.002555,0.0025727400000000013,-1.774000000000133e-05
0.0026,0.002627450000000001,-2.745000000000091e-05
0.002571,0.002574950000000004,-3.950000000003864e-06
0.002616,0.00262484666666667,-8.846666666670073e-06
0.002587,0.002602903333333339,-1.5903333333339067e-05
0.002632,0.002648456666666658,-1.6456666666658272e-05
0.002603,0.002623493333333331,-2.0493333333331323e-05
0.002648,0.0026757799999999965,-2.777999999999635e-05
0.00262,0.0026403800000000047,-2.0380000000004735e-05
0.002664,0.002688176666666672,-2.417666666667184e-05
0.002636,0.0026617066666666683,-2.570666666666839e-05
0.00268,0.0027192766666666686,-3.9276666666668465e-05
0.002652,0.0026964000000000024,-4.44000000000026e-05
0.002697,0.002761020000000002,-6.402000000000187e-05
0.002669,0.002725916666666664,-5.6916666666663885e-05
0.002713,0.0027875499999999967,-7.454999999999658e-05
0.002686,0.0027076300000000017,-2.1630000000001648e-05
0.00273,0.0027596333333333323,-2.9633333333332554e-05
0.002703,0.002708839999999999,-5.839999999998711e-06
0.002747,0.0027556199999999986,-8.61999999999868e-06
0.002719,0.002752196666666668,-3.3196666666668144e-05
0.002763,0.002804463333333341,-4.146333333334123e-05
0.002736,0.0027578666666666653,-2.1866666666665174e-05
0.00278,0.0028052100000000063,-2.5210000000006408e-05
0.002753,0.0027920233333333317,-3.9023333333331866e-05
0.002797,0.0028477400000000075,-5.0740000000007446e-05
0.00277,0.00279624,-2.624000000000029e-05
0.002815,0.0028443933333333364,-2.939333333333658e-05
0.002788,0.002814919999999998,-2.6919999999997987e-05
0.002832,0.0028655633333333325,-3.356333333333263e-05
0.002806,0.002849323333333329,-4.3323333333329314e-05
0.00285,0.0029076900000000036,-5.769000000000347e-05
0.002823,0.00285897333333333,-3.597333333333003e-05
0.002866,0.002913173333333338,-4.717333333333811e-05
0.002841,0.002879809999999999,-3.880999999999893e-05
0.002884,0.0029339733333333335,-4.997333333333362e-05
0.002858,0.002889849999999998,-3.18499999999982e-05
0.002901,0.0029382866666666572,-3.72866666666573e-05
0.002875,0.0029078233333333383,-3.282333333333833e-05
0.002918,0.0029613533333333287,-4.33533333333287e-05
0.002893,0.002937063333333335,-4.4063333333334894e-05
0.002936,0.0029938499999999976,-5.784999999999775e-05
0.002911,0.002940163333333338,-2.9163333333337947e-05
0.002954,0.002989973333333326,-3.597333333332613e-05
0.002929,0.0029810700000000062,-5.207000000000605e-05
0.002972,0.0030371599999999997,-6.515999999999987e-05
0.002947,0.002968160000000004,-2.1160000000004005e-05
0.00299,0.0030131599999999956,-2.3159999999995597e-05
0.002966,0.002991366666666673,-2.536666666667301e-05
0.003008,0.0030390233333333337,-3.102333333333384e-05
0.002984,0.003012930000000004,-2.893000000000383e-05
0.003026,0.003063696666666665,-3.769666666666484e-05
0.003002,0.003025830000000005,-2.3830000000005062e-05
0.003044,0.0030711000000000085,-2.7100000000008628e-05
0.00302,0.003068906666666665,-4.890666666666505e-05
0.003063,0.003119290000000005,-5.629000000000484e-05
0.003039,0.003075450000000001,-3.6450000000000805e-05
0.003081,0.0031232666666666693,-4.2266666666669356e-05
0.003057,0.0030785433333333375,-2.1543333333337664e-05
0.003099,0.0031264000000000027,-2.740000000000251e-05
0.003076,0.0031043200000000016,-2.8320000000001382e-05
0.003117,0.003150696666666665,-3.3696666666665175e-05
0.003094,0.0031194400000000015,-2.5440000000001572e-05
0.003135,0.0031648233333333277,-2.9823333333327522e-05
0.003113,0.0031326933333333308,-1.969333333333087e-05
0.003154,0.003175973333333328,-2.1973333333327738e-05
0.003131,0.003144836666666662,-1.3836666666661689e-05
0.003172,0.003186693333333345,-1.4693333333344952e-05
0.00315,0.0031577599999999917,-7.759999999991645e-06
0.003191,0.003202649999999999,-1.1649999999999334e-05
0.003168,0.0031905800000000023,-2.258000000000251e-05
0.003209,0.0032337400000000092,-2.47400000000092e-05
0.003187,0.003179319999999984,7.680000000015973e-06
0.003228,0.0032202200000000106,7.779999999989358e-06
0.003206,0.0032285866666666757,-2.2586666666675644e-05
0.003246,0.0032698366666666675,-2.3836666666667353e-05
0.003224,0.0032405600000000065,-1.6560000000006604e-05
0.003264,0.0032808333333333435,-1.683333333334352e-05
0.003243,0.0032537899999999977,-1.0789999999997937e-05
0.003283,0.003289933333333337,-6.9333333333372604e-06
0.003262,0.003252019999999994,9.980000000006217e-06
0.003301,0.003288763333333334,1.2236666666665987e-05
0.003281,0.0032865700000000012,-5.570000000001182e-06
0.00332,0.003326246666666658,-6.246666666657758e-06
0.003299,0.0033052899999999933,-6.289999999993436e-06
0.003339,0.003341969999999992,-2.9699999999919027e-06
0.001067,0.0010667986666666675,2.0133333333252797e-07
0.0009653,0.0010653649999999998,-0.00010006499999999977
0.001053,0.001055853333333333,-2.8533333333330847e-06
0.0009564,0.0010251156666666668,-6.871566666666676e-05
0.00104,0.0010428890000000024,-2.889000000002445e-06
0.0009475,0.0010279486666666684,-8.044866666666838e-05
0.001028,0.0010307929999999995,-2.7929999999994157e-06
0.0009387,0.0010185186666666667,-7.98186666666667e-05
0.001017,0.001020172000000001,-3.172000000001155e-06
0.0009299,0.0009882643333333327,-5.836433333333271e-05
0.001006,0.0010097389999999989,-3.738999999998915e-06
0.0009212,0.0009722550000000026,-5.105500000000265e-05
0.0009962,0.0010009840000000008,-4.784000000000732e-06
0.0009133,0.0009698013333333359,-5.65013333333359e-05
0.0009867,0.000988091,-1.3909999999998923e-06
0.0009059,0.0009578040000000006,-5.190400000000062e-05
0.0009775,0.0009819276666666677,-4.427666666667607e-06
0.0008991,0.0009558069999999996,-5.670699999999959e-05
0.000969,0.000974586333333333,-5.586333333332965e-06
0.0008927,0.0009692640000000006,-7.656400000000064e-05
0.000961,0.0009659383333333338,-4.938333333333713e-06
0.0008863,0.0009646673333333334,-7.836733333333335e-05
0.0009531,0.0009494106666666654,3.6893333333346467e-06
0.0008805,0.0009344923333333336,-5.3992333333333586e-05
0.0009456,0.0009518296666666674,-6.229666666667357e-06
0.0008752,0.0009141586666666699,-3.8958666666669855e-05
0.0009386,0.0009435969999999984,-4.9969999999983396e-06
0.0008698,0.0009127163333333331,-4.29163333333331e-05
0.000932,0.0009324030000000015,-4.030000000014664e-07
0.0008646,0.0009126113333333335,-4.801133333333352e-05
0.0009257,0.0009245510000000001,1.1489999999998767e-06
0.0008593,0.0009049710000000009,-4.5671000000000925e-05
0.0009198,0.0009217133333333342,-1.913333333334222e-06
0.0008546,0.0008840173333333351,-2.9417333333335116e-05
0.0009143,0.0009156363333333327,-1.336333333332618e-06
0.0008507,0.0008764696666666663,-2.5769666666666238e-05
0.0009091,0.0009111143333333351,-2.0143333333350532e-06
0.0008473,0.0008820200000000015,-3.472000000000143e-05
0.0009039,0.0009053923333333341,-1.4923333333340984e-06
0.0008439,0.0008776966666666669,-3.3796666666666966e-05
0.0008988,0.0008983100000000036,4.89999999996331e-07
0.0008406,0.0008538323333333372,-1.3232333333337127e-05
0.0008941,0.0008940236666666666,7.633333333337874e-08
0.0008373,0.0008599226666666675,-2.262266666666743e-05
0.0008899,0.000892630333333335,-2.730333333335051e-06
0.0008342,0.0008619490000000015,-2.77490000000015e-05
0.0008861,0.0008866166666666694,-5.166666666693446e-07
0.0008313,0.000856472999999998,-2.517299999999802e-05
0.0008826,0.0008825170000000003,8.299999999968055e-08
0.0008287,0.0008389680000000003,-1.0268000000000234e-05
0.0008792,0.0008792106666666694,-1.0666666669400561e-08
0.0008262,0.000842295999999997,-1.609599999999702e-05
0.0008758,0.0008780116666666671,-2.2116666666670845e-06
0.0008239,0.0008350279999999997,-1.112799999999968e-05
0.0008727,0.0008723253333333343,3.7466666666569927e-07
0.0008218,0.0008326560000000014,-1.0856000000001361e-05
0.00087,0.0008713116666666669,-1.3116666666669e-06
0.0008199,0.0008284336666666666,-8.533666666666554e-06
0.0008675,0.0008673633333333362,1.3666666666379505e-07
0.0008183,0.0008261960000000018,-7.89600000000181e-06
0.000865,0.000866795666666667,-1.7956666666670397e-06
0.0008166,0.0008268303333333303,-1.02303333333303e-05
0.000863,0.0008654510000000022,-2.4510000000021624e-06
0.0008153,0.0008377840000000007,-2.2484000000000674e-05
0.0008609,0.000862351333333336,-1.451333333336055e-06
0.0008142,0.0008372410000000009,-2.3041000000000988e-05
0.0008592,0.0008597186666666683,-5.186666666682918e-07
0.0008132,0.0008199393333333334,-6.7393333333333385e-06
0.0008575,0.0008587920000000032,-1.2920000000032125e-06
0.0008122,0.000824883666666665,-1.2683666666665002e-05
0.0008556,0.0008560270000000006,-4.270000000006517e-07
0.0008114,0.0008162996666666669,-4.899666666666907e-06
0.0008541,0.0008547983333333348,-6.983333333348239e-07
0.0008105,0.0008155023333333311,-5.002333333331034e-06
0.000853,0.0008537216666666688,-7.216666666687776e-07
0.0008097,0.0008160940000000003,-6.394000000000278e-06
0.0008518,0.0008525023333333337,-7.023333333336943e-07
0.0008092,0.0008148399999999976,-5.639999999997513e-06
0.0008508,0.0008501633333333357,6.366666666642951e-07
0.0008094,0.000814743999999998,-5.3439999999979485e-06
0.0008497,0.0008505506666666702,-8.506666666701582e-07
0.0008097,0.0008104806666666652,-7.806666666651529e-07
0.0008487,0.0008490576666666655,-3.5766666666554e-07
0.0008105,0.0008117226666666688,-1.2226666666687513e-06
0.0008481,0.000848064333333335,3.566666666491528e-08
0.000811,0.0008116210000000013,-6.21000000001321e-07
0.0008476,0.0008477286666666646,-1.2866666666464487e-07
0.0008112,0.0008115000000000024,-3.0000000000244675e-07
0.0008471,0.0008467863333333335,3.1366666666658195e-07
0.0008113,0.0008119523333333331,-6.523333333330154e-07
0.0008465,0.0008467310000000023,-2.310000000022277e-07
0.0008115,0.0008135243333333338,-2.0243333333338012e-06
0.000846,0.0008460720000000016,-7.200000000167576e-08
0.0008119,0.0008129093333333313,-1.0093333333313723e-06
0.0008457,0.0008459756666666696,-2.756666666695615e-07
0.0008124,0.0008134456666666683,-1.0456666666682412e-06
0.0008456,0.0008459676666666699,-3.6766666666992586e-07
0.000813,0.0008143119999999992,-1.3119999999991905e-06
0.0008459,0.0008459943333333324,-9.433333333236111e-08
0.0008136,0.0008154453333333333,-1.8453333333332596e-06
0.0008461,0.0008461940000000005,-9.400000000050427e-08
0.0008143,0.0008151300000000026,-8.300000000025518e-07
0.0008463,0.0008465049999999979,-2.0499999999791518e-07
0.0008151,0.0008236049999999977,-8.504999999997629e-06
0.0008467,0.0008468866666666666,-1.8666666666653387e-07
0.0008159,0.0008286269999999993,-1.272699999999927e-05
0.0008471,0.0008471683333333335,-6.833333333346962e-08
0.0008157,0.0008276056666666668,-1.1905666666666738e-05
0.0008475,0.0008476059999999974,-1.0599999999744061e-07
0.0008167,0.0008195619999999998,-2.8619999999998516e-06
0.0008481,0.0008479626666666684,1.3733333333152027e-07
0.0008184,0.0008253256666666684,-6.925666666668341e-06
0.0008487,0.0008488153333333317,-1.1533333333171598e-07
0.0008205,0.0008251833333333303,-4.68333333333024e-06
0.0008494,0.0008495196666666679,-1.1966666666786419e-07
0.0008229,0.0008251196666666667,-2.2196666666666684e-06
0.0008504,0.0008503143333333338,8.566666666613622e-08
0.000825,0.0008334976666666647,-8.497666666664686e-06
0.0008514,0.0008522866666666684,-8.866666666684482e-07
0.0008256,0.0008356126666666658,-1.0012666666665772e-05
0.0008526,0.000853530333333333,-9.303333333329474e-07
0.0008271,0.0008351873333333361,-8.087333333336132e-06
0.000854,0.0008542146666666676,-2.1466666666751684e-07
0.0008285,0.0008365903333333321,-8.090333333332059e-06
0.0008554,0.000856667999999998,-1.267999999998064e-06
0.0008302,0.0008369026666666642,-6.702666666664179e-06
0.0008569,0.0008576583333333356,-7.583333333356602e-07
0.0008319,0.000838233333333333,-6.3333333333330175e-06
0.0008584,0.0008593973333333318,-9.973333333317255e-07
0.0008337,0.0008384213333333307,-4.721333333330621e-06
0.0008601,0.0008608183333333332,-7.183333333331873e-07
0.0008356,0.0008393913333333307,-3.791333333330615e-06
0.0008617,0.0008628443333333354,-1.1443333333354495e-06
0.0008376,0.0008450679999999992,-7.4679999999991906e-06
0.0008634,0.0008645463333333372,-1.1463333333372157e-06
0.0008395,0.0008472713333333351,-7.771333333335168e-06
0.0008653,0.0008660623333333334,-7.62333333333338e-07
0.0008419,0.0008464843333333301,-4.5843333333300904e-06
0.000867,0.0008692700000000029,-2.2700000000028904e-06
0.0008442,0.0008562750000000015,-1.2075000000001473e-05
0.0008691,0.0008689336666666691,1.6633333333089268e-07
0.0008466,0.0008544356666666666,-7.835666666666623e-06
0.0008713,0.0008730020000000009,-1.702000000000886e-06
0.0008492,0.0008600933333333355,-1.0893333333335427e-05
0.0008735,0.000873209666666668,2.9033333333208615e-07
0.0008518,0.0008561309999999981,-4.330999999998153e-06
0.0008759,0.0008767826666666671,-8.826666666670842e-07
0.0008543,0.0008688176666666676,-1.451766666666764e-05
0.0008783,0.0008804130000000019,-2.113000000001828e-06
0.0008572,0.0008740233333333334,-1.6823333333333386e-05
0.000881,0.0008838956666666683,-2.8956666666683133e-06
0.0008601,0.0008756230000000018,-1.552300000000177e-05
0.0008835,0.0008843533333333339,-8.533333333339034e-07
0.0008631,0.0008727703333333349,-9.670333333334927e-06
0.0008861,0.0008885126666666682,-2.4126666666681893e-06
0.0008661,0.000882942333333335,-1.6842333333334986e-05
0.000889,0.0008929129999999998,-3.912999999999812e-06
0.0008694,0.0008928456666666677,-2.34456666666677e-05
0.000892,0.0008971190000000005,-5.119000000000477e-06
0.0008726,0.0008949886666666683,-2.2388666666668298e-05
0.0008951,0.0008978589999999998,-2.7589999999997478e-06
0.0008758,0.0008947069999999996,-1.890699999999954e-05
0.0008985,0.0008987806666666668,-2.806666666668213e-07
0.000879,0.0008904050000000013,-1.1405000000001332e-05
0.0009015,0.0009045423333333347,-3.0423333333347595e-06
0.0008824,0.0009011639999999984,-1.8763999999998372e-05
0.0009048,0.0009071483333333318,-2.3483333333318554e-06
0.0008858,0.0009044386666666687,-1.8638666666668776e-05
0.0009081,0.0009102463333333338,-2.1463333333337706e-06
0.0008893,0.0009057126666666658,-1.641266666666582e-05
0.0009115,0.0009149749999999988,-3.47499999999877e-06
0.0008926,0.000906264000000002,-1.3664000000001989e-05
0.0009149,0.0009184043333333343,-3.504333333334336e-06
0.0008961,0.0009128543333333317,-1.675433333333165e-05
0.0009183,0.0009217169999999996,-3.4169999999995914e-06
0.0008994,0.0009175450000000028,-1.814500000000283e-05
0.0009217,0.0009259400000000022,-4.240000000002141e-06
0.0009029,0.0009202183333333336,-1.731833333333359e-05
0.0009251,0.0009305846666666667,-5.484666666666685e-06
0.0009064,0.0009340489999999997,-2.7648999999999708e-05
0.0009285,0.0009343820000000009,-5.88200000000089e-06
0.0009099,0.0009367973333333326,-2.6897333333332518e-05
0.000932,0.000937315333333333,-5.315333333333035e-06
0.0009133,0.000936263666666665,-2.296366666666499e-05
0.0009354,0.0009406736666666667,-5.273666666666724e-06
0.0009167,0.0009319743333333336,-1.5274333333333608e-05
0.0009389,0.0009405773333333333,-1.677333333333325e-06
0.0009202,0.0009326799999999991,-1.2479999999999067e-05
0.0009424,0.0009450136666666669,-2.613666666666909e-06
0.0009236,0.0009354183333333334,-1.1818333333333403e-05
0.000946,0.0009494386666666666,-3.438666666666563e-06
0.0009271,0.0009401293333333347,-1.302933333333469e-05
0.0009496,0.0009550486666666671,-5.448666666667094e-06
0.0009306,0.0009519763333333309,-2.1376333333330915e-05
0.000953,0.000957853666666667,-4.85366666666705e-06
0.000934,0.000953096666666665,-1.9096666666664928e-05
0.0009567,0.0009626683333333333,-5.968333333333342e-06
0.0009374,0.000956434666666666,-1.9034666666666012e-05
0.0009603,0.000961493333333333,-1.1933333333329684e-06
0.0009409,0.0009533919999999989,-1.2491999999998823e-05
0.0009639,0.0009659623333333345,-2.062333333334508e-06
0.0009445,0.0009552103333333338,-1.0710333333333738e-05
0.0009674,0.0009696456666666648,-2.245666666664801e-06
0.0009481,0.0009598233333333327,-1.1723333333332666e-05
0.0009708,0.0009736386666666673,-2.8386666666673074e-06
0.0009517,0.0009636140000000017,-1.1914000000001757e-05
0.0009742,0.0009777946666666667,-3.594666666666634e-06
0.000955,0.0009648583333333329,-9.8583333333329e-06
0.000978,0.000981873333333334,-3.873333333334183e-06
0.0009585,0.0009719790000000015,-1.3479000000001461e-05
0.0009816,0.0009850796666666679,-3.479666666667859e-06
0.000962,0.0009714150000000001,-9.41500000000014e-06
0.0009854,0.0009882639999999998,-2.8639999999997747e-06
0.0009656,0.000979396666666667,-1.3796666666666913e-05
0.000989,0.0009903190000000017,-1.3190000000015776e-06
0.0009691,0.0009800903333333352,-1.099033333333522e-05
0.0009927,0.000996241000000002,-3.541000000002086e-06
0.0009726,0.000984600666666667,-1.2000666666666933e-05
0.0009963,0.0009987470000000025,-2.4470000000024247e-06
0.000976,0.000986308666666665,-1.0308666666665012e-05
0.0009999,0.0010026050000000021,-2.70500000000215e-06
0.0009797,0.000991854333333333,-1.2154333333333055e-05
0.001004,0.0010067433333333332,-2.7433333333333042e-06
0.0009834,0.0009965670000000007,-1.3167000000000777e-05
0.001007,0.0010110016666666666,-4.001666666666537e-06
0.000987,0.0010013216666666675,-1.4321666666667482e-05
0.001011,0.0010134709999999993,-2.470999999999333e-06
0.0009906,0.001003290333333332,-1.269033333333217e-05
0.001014,0.0010177086666666656,-3.7086666666657185e-06
0.0009941,0.0010049696666666634,-1.0869666666663436e-05
0.001018,0.0010200913333333307,-2.0913333333306278e-06
0.0009977,0.0010074363333333336,-9.736333333333581e-06
0.001021,0.001026076333333331,-5.076333333331115e-06
0.001001,0.0010137056666666676,-1.2705666666667625e-05
0.001025,0.0010264116666666642,-1.4116666666641377e-06
0.001005,0.0010123973333333335,-7.397333333333507e-06
0.001028,0.0010313006666666654,-3.300666666665366e-06
0.001008,0.0010157336666666702,-7.733666666670221e-06
0.001032,0.0010330200000000012,-1.020000000001315e-06
0.001012,0.0010156793333333304,-3.679333333330261e-06
0.001035,0.0010371063333333315,-2.106333333331623e-06
0.001015,0.0010232189999999997,-8.218999999999631e-06
0.001038,0.0010405399999999987,-2.5399999999985764e-06
0.001019,0.001026179999999998,-7.179999999998125e-06
0.001041,0.001042601666666665,-1.601666666664961e-06
0.001023,0.001030080666666667,-7.080666666666987e-06
0.001044,0.0010483183333333348,-4.318333333334793e-06
0.001026,0.0010353046666666662,-9.304666666666225e-06
0.001047,0.0010505166666666657,-3.516666666665731e-06
0.00103,0.001042733666666668,-1.2733666666667849e-05
0.001051,0.0010535733333333335,-2.5733333333334465e-06
0.001033,0.0010468246666666676,-1.3824666666667571e-05
0.001054,0.0010605733333333366,-6.5733333333365795e-06
0.001037,0.0010518433333333338,-1.484333333333387e-05
0.001057,0.00106202666666667,-5.026666666669991e-06
0.001041,0.001052929666666667,-1.1929666666666899e-05
0.00106,0.0010614199999999993,-1.4199999999993732e-06
0.001045,0.0010493613333333331,-4.361333333333193e-06
0.001064,0.0010652466666666689,-1.246666666668804e-06
0.001049,0.001053696666666669,-4.696666666668915e-06
0.001067,0.0010676533333333364,-6.533333333363922e-07
0.001053,0.0010572023333333353,-4.2023333333353514e-06
0.001071,0.0010737333333333348,-2.7333333333348815e-06
0.001058,0.001066549000000003,-8.549000000003092e-06
0.001074,0.0010753833333333339,-1.3833333333337916e-06
0.001062,0.001068240000000001,-6.240000000000889e-06
0.001078,0.001080863333333337,-2.8633333333369284e-06
0.001066,0.001072564999999999,-6.564999999998959e-06
0.001082,0.0010812466666666677,7.533333333323289e-07
0.00107,0.001070648000000003,-6.480000000030472e-07
0.001086,0.001087611000000002,-1.6110000000020552e-06
0.001075,0.0010839033333333338,-8.903333333333801e-06
0.00109,0.0010912886666666678,-1.2886666666677305e-06
0.00108,0.0010879553333333336,-7.95533333333362e-06
0.001094,0.0011014133333333317,-7.413333333331808e-06
0.001084,0.0011001946666666666,-1.6194666666666723e-05
0.001098,0.0011044966666666647,-6.49666666666473e-06
0.001089,0.0011032600000000002,-1.4260000000000314e-05
0.001102,0.0011055033333333317,-3.5033333333318265e-06
0.001094,0.0011020976666666672,-8.097666666667279e-06
0.001106,0.0011082533333333319,-2.2533333333318774e-06
0.001099,0.0011048766666666655,-5.876666666665593e-06
0.00111,0.0011124029999999975,-2.402999999997395e-06
0.001104,0.001108663333333333,-4.663333333332961e-06
0.001115,0.001118899999999999,-3.899999999998956e-06
0.001108,0.0011160733333333314,-8.073333333331358e-06
0.001119,0.001122846666666665,-3.8466666666650724e-06
0.001113,0.0011238666666666677,-1.0866666666667617e-05
0.001124,0.0011295566666666668,-5.556666666666843e-06
0.001118,0.0011289633333333349,-1.0963333333334794e-05
0.001128,0.0011322499999999991,-4.249999999999046e-06
0.001123,0.0011297733333333348,-6.773333333334741e-06
0.001133,0.0011363133333333337,-3.3133333333338223e-06
0.001128,0.0011359433333333355,-7.943333333335382e-06
0.001137,0.0011417299999999988,-4.729999999998798e-06
0.001132,0.0011408766666666668,-8.876666666666859e-06
0.001142,0.00115472666666667,-1.2726666666670015e-05
0.001137,0.0011609000000000018,-2.3900000000001828e-05
0.001146,0.001168213333333338,-2.2213333333337805e-05
0.001141,0.0011774899999999991,-3.648999999999905e-05
0.001151,0.00115855,-7.550000000000048e-06
0.001146,0.0011601266666666707,-1.4126666666670592e-05
0.001155,0.001163539999999999,-8.539999999998939e-06
0.001151,0.0011634766666666677,-1.2476666666667814e-05
0.00116,0.0011623299999999994,-2.32999999999939e-06
0.001155,0.0011607,-5.699999999999976e-06
0.001164,0.0011706599999999965,-6.659999999996443e-06
0.00116,0.001171793333333337,-1.179333333333702e-05
0.001169,0.0011730166666666657,-4.0166666666657976e-06
0.001165,0.0011716766666666667,-6.676666666666697e-06
0.001173,0.001184370000000001,-1.1370000000000997e-05
0.00117,0.0011886200000000013,-1.862000000000131e-05
0.001178,0.001190936666666668,-1.2936666666667901e-05
0.001174,0.0011982400000000012,-2.4240000000001326e-05
0.001182,0.0011902266666666717,-8.226666666671587e-06
0.001179,0.0011931366666666679,-1.413666666666793e-05
0.001187,0.0011976433333333386,-1.0643333333338646e-05
0.001184,0.0012029199999999982,-1.8919999999998226e-05
0.001192,0.0012026500000000015,-1.0650000000001587e-05
0.001189,0.0012064366666666658,-1.7436666666665896e-05
0.001197,0.0012064433333333366,-9.443333333336665e-06
0.001194,0.001209956666666668,-1.5956666666667963e-05
0.001201,0.0012105133333333352,-9.513333333335166e-06
0.001199,0.0012162066666666644,-1.7206666666664443e-05
0.001206,0.0012148500000000039,-8.85000000000382e-06
0.001204,0.0012203800000000022,-1.6380000000002252e-05
0.001211,0.0012226566666666675,-1.165666666666748e-05
0.001209,0.0012316333333333325,-2.2633333333332492e-05
0.001216,0.0012242233333333353,-8.223333333335237e-06
0.001214,0.001231876666666668,-1.7876666666668053e-05
0.001222,0.0012336133333333342,-1.1613333333334187e-05
0.001219,0.001244036666666667,-2.5036666666666948e-05
0.001227,0.0012399466666666674,-1.2946666666667408e-05
0.001224,0.0012529600000000009,-2.8960000000000834e-05
0.001232,0.001258233333333333,-2.6233333333333013e-05
0.00123,0.0012851666666666662,-5.5166666666666255e-05
0.001237,0.0012580400000000015,-2.1040000000001466e-05
0.001235,0.0012775566666666691,-4.255666666666915e-05
0.001243,0.0012675999999999994,-2.4599999999999405e-05
0.00124,0.0012956333333333319,-5.5633333333331885e-05
0.001248,0.0012777699999999984,-2.976999999999841e-05
0.001246,0.0013088600000000035,-6.286000000000356e-05
0.001254,0.0012858166666666648,-3.181666666666485e-05
0.001252,0.001318343333333337,-6.634333333333702e-05
0.00126,0.001282679999999999,-2.267999999999888e-05
0.001257,0.0013076566666666662,-5.065666666666615e-05
0.001265,0.0012908100000000014,-2.5810000000001327e-05
0.001263,0.0013169033333333357,-5.3903333333335654e-05
0.001271,0.0012827933333333299,-1.1793333333329865e-05
0.001269,0.0012916600000000028,-2.2660000000002904e-05
0.001277,0.001288573333333336,-1.1573333333336159e-05
0.001275,0.001304546666666668,-2.954666666666792e-05
0.001283,0.0012988733333333296,-1.5873333333329487e-05
0.001281,0.0013146333333333357,-3.363333333333569e-05
0.001289,0.0013217066666666665,-3.27066666666665e-05
0.001287,0.0013611499999999978,-7.414999999999787e-05
0.001296,0.00132911,-3.311000000000004e-05
0.001293,0.001368123333333334,-7.512333333333388e-05
0.001302,0.0013322233333333338,-3.022333333333382e-05
0.0013,0.001365136666666665,-6.513666666666516e-05
0.001309,0.0013350266666666668,-2.6026666666666707e-05
0.001306,0.0013641033333333331,-5.8103333333333045e-05
0.001315,0.0013457633333333358,-3.076333333333582e-05
0.001313,0.0013768233333333304,-6.382333333333052e-05
0.001322,0.0013486333333333354,-2.6633333333335408e-05
0.001319,0.0013721866666666631,-5.318666666666305e-05
0.001329,0.001341156666666665,-1.2156666666664944e-05
0.001326,0.0013564699999999992,-3.046999999999924e-05
0.001336,0.0013435766666666678,-7.576666666667857e-06
0.001333,0.0013511033333333338,-1.8103333333333808e-05
0.001343,0.001355916666666667,-1.2916666666666935e-05
0.00134,0.001374196666666661,-3.4196666666660904e-05
0.00135,0.0013754599999999994,-2.5459999999999285e-05
0.001347,0.0014017366666666648,-5.473666666666469e-05
0.001357,0.0013797933333333338,-2.2793333333333927e-05
0.001354,0.0014060166666666632,-5.201666666666328e-05
0.001365,0.0013714733333333319,-6.473333333331969e-06
0.001361,0.0013859533333333346,-2.4953333333334543e-05
0.001372,0.0013884999999999978,-1.6499999999997853e-05
0.001369,0.001409943333333334,-4.094333333333391e-05
0.00138,0.0013959933333333341,-1.5993333333334196e-05
0.001376,0.0014205566666666675,-4.4556666666667466e-05
0.001387,0.0014092766666666656,-2.227666666666556e-05
0.001384,0.00143726333333333,-5.3263333333329914e-05
0.001395,0.001410610000000003,-1.5610000000002922e-05
0.001391,0.0014264566666666659,-3.545666666666578e-05
0.001403,0.001413450000000002,-1.0450000000002124e-05
0.001399,0.0014313899999999972,-3.238999999999716e-05
0.001412,0.0014312699999999973,-1.9269999999997232e-05
0.001407,0.0014592900000000007,-5.2290000000000626e-05
0.00142,0.001444396666666665,-2.4396666666664894e-05
0.001415,0.0014843766666666675,-6.937666666666752e-05
0.001429,0.0014564500000000017,-2.745000000000178e-05
0.001423,0.0014935066666666708,-7.050666666667078e-05
0.001438,0.001454613333333331,-1.6613333333330947e-05
0.001431,0.0014795533333333347,-4.855333333333468e-05
0.001447,0.0014570099999999962,-1.000999999999628e-05
0.001439,0.0014770233333333339,-3.80233333333339e-05
0.001456,0.001491569999999998,-3.556999999999801e-05
0.001448,0.001529516666666663,-8.151666666666286e-05
0.001466,0.0014902266666666655,-2.422666666666547e-05
0.001457,0.0015185866666666632,-6.158666666666326e-05
0.001476,0.001492816666666665,-1.6816666666664808e-05
0.001465,0.001511306666666667,-4.630666666666705e-05
0.001486,0.0015094633333333344,-2.3463333333334502e-05
0.001475,0.0015308366666666683,-5.583666666666835e-05
0.001497,0.001527810000000003,-3.081000000000286e-05
0.001484,0.0015637599999999995,-7.975999999999947e-05
0.001508,0.0015404633333333372,-3.2463333333337214e-05
0.001494,0.0015818799999999977,-8.787999999999765e-05
0.00152,0.0015434900000000028,-2.3490000000002745e-05
0.001504,0.0015827966666666642,-7.879666666666427e-05
0.001532,0.001557356666666667,-2.5356666666667e-05
0.001515,0.001593689999999998,-7.868999999999802e-05
0.001545,0.0015672799999999997,-2.227999999999974e-05
0.001525,0.0015972366666666654,-7.223666666666528e-05
0.001558,0.001586879999999998,-2.8879999999998057e-05
0.001536,0.0016171400000000022,-8.114000000000211e-05
0.001571,0.0015985000000000031,-2.7500000000003216e-05
0.001548,0.0016265099999999966,-7.85099999999967e-05
0.001585,0.0016150300000000067,-3.0030000000006623e-05
0.00156,0.001652343333333328,-9.234333333332811e-05
0.0016,0.001633126666666668,-3.312666666666791e-05
0.001572,0.0016717066666666683,-9.970666666666824e-05
0.001616,0.0016431733333333318,-2.7173333333331768e-05
0.001585,0.0016786233333333381,-9.362333333333807e-05
0.001633,0.0016953266666666614,-6.232666666666146e-05
0.001599,0.0017422566666666672,-0.0001432566666666672
0.00165,0.001675586666666666,-2.5586666666666067e-05
0.001613,0.0017025166666666655,-8.951666666666544e-05
0.001668,0.0016950499999999998,-2.7049999999999817e-05
0.001627,0.0017296833333333335,-0.00010268333333333349
0.001686,0.0017292733333333335,-4.3273333333333514e-05
0.001642,0.001764186666666665,-0.00012218666666666505
0.001706,0.0017380899999999977,-3.208999999999764e-05
0.001658,0.0017626933333333343,-0.00010469333333333435
0.001726,0.001765340000000001,-3.934000000000099e-05
0.001674,0.001787006666666668,-0.00011300666666666818
0.001747,0.0017946366666666646,-4.763666666666457e-05
0.001691,0.0018421133333333343,-0.00015111333333333427
0.001769,0.0018299133333333321,-6.0913333333332187e-05
0.001709,0.0018917799999999966,-0.00018277999999999654
0.001792,0.00183705,-4.505000000000004e-05
0.001727,0.0018769599999999993,-0.00014995999999999933
0.001816,0.0018520266666666682,-3.602666666666825e-05
0.001747,0.0018730533333333318,-0.00012605333333333174
0.001841,0.001890239999999999,-4.923999999999901e-05
0.001767,0.0019107800000000008,-0.0001437800000000009
0.001867,0.0019111233333333351,-4.412333333333519e-05
0.001787,0.001963023333333338,-0.0001760233333333379
0.001893,0.00194781,-5.480999999999997e-05
0.001809,0.0019792733333333303,-0.0001702733333333302
0.00192,0.001975906666666661,-5.590666666666099e-05
0.001831,0.002004359999999999,-0.00017335999999999892
0.001949,0.001992496666666667,-4.349666666666704e-05
0.001854,0.001971090000000003,-0.00011709000000000307
0.001978,0.0020177600000000013,-3.9760000000001097e-05
0.001877,0.00203948333333333,-0.00016248333333333006
0.002007,0.002068683333333331,-6.168333333333087e-05
0.001902,0.002105746666666666,-0.00020374666666666576
0.002037,0.0020873333333333312,-5.033333333333105e-05
0.001927,0.002096109999999996,-0.0001691099999999962
0.002067,0.002115796666666669,-4.8796666666669174e-05
0.001953,0.002128843333333333,-0.00017584333333333312
0.002098,0.002127330000000004,-2.9330000000004058e-05
0.001979,0.0021105033333333315,-0.00013150333333333169
0.002127,0.0021520000000000033,-2.5000000000003318e-05
0.002005,0.002143713333333336,-0.00013871333333333614
0.002157,0.0021875299999999966,-3.05299999999965e-05
0.002032,0.00214079333333333,-0.00010879333333332995
0.002184,0.002201029999999999,-1.702999999999861e-05
0.002058,0.0021595933333333262,-0.0001015933333333263
0.002211,0.002232733333333334,-2.1733333333333934e-05
0.002084,0.002194106666666669,-0.00011010666666666892
0.002235,0.002238323333333333,-3.3233333333331123e-06
0.002109,0.0021815666666666683,-7.256666666666809e-05
0.002257,0.0022861333333333332,-2.9133333333333355e-05
0.002134,0.0022346100000000028,-0.00010061000000000271
0.002276,0.0023064200000000017,-3.042000000000192e-05
0.002157,0.002229416666666666,-7.241666666666594e-05
0.002291,0.002309519999999992,-1.851999999999193e-05
0.00218,0.0022189566666666696,-3.89566666666695e-05
0.002304,0.0023127566666666655,-8.756666666665403e-06
0.002201,0.0022195033333333313,-1.8503333333331432e-05
0.002315,0.0023247366666666602,-9.73666666666045e-06
0.002221,0.0022351866666666695,-1.4186666666669585e-05
0.002324,0.0023493199999999985,-2.5319999999998382e-05
0.00224,0.0022714866666666716,-3.1486666666671794e-05
0.002332,0.0023407066666666686,-8.706666666668736e-06
0.002256,0.0022683666666666767,-1.236666666667649e-05
0.002341,0.002346593333333338,-5.593333333337846e-06
0.002271,0.0022811233333333365,-1.012333333333653e-05
0.002349,0.0023456066666666738,3.3933333333261914e-06
0.002286,0.002278753333333339,7.246666666660927e-06
0.002357,0.002354293333333333,2.706666666667072e-06
0.002301,0.002300700000000002,2.9999999999821836e-07
0.002365,0.0023581833333333403,6.816666666659577e-06
0.002316,0.0023013166666666675,1.4683333333332434e-05
0.002373,0.002366966666666668,6.033333333332197e-06
0.002331,0.0023216800000000026,9.31999999999756e-06
0.002381,0.002372753333333332,8.246666666667998e-06
0.002345,0.002334863333333337,1.0136666666662845e-05
0.00239,0.0023992066666666686,-9.206666666668369e-06
0.002359,0.0023710066666666717,-1.200666666667169e-05
0.002399,0.0024795066666666653,-8.050666666666517e-05
0.002372,0.0024521600000000053,-8.016000000000533e-05
0.002408,0.0024172200000000038,-9.220000000003791e-06
0.002384,0.002397590000000004,-1.3590000000004293e-05
0.002417,0.002417803333333333,-8.03333333333333e-07
0.002396,0.0024028200000000104,-6.820000000010238e-06
0.002426,0.0024250599999999997,9.400000000004891e-07
0.002407,0.002407096666666665,-9.666666666522522e-08
0.002434,0.0024362466666666594,-2.2466666666593957e-06
0.002417,0.0024204666666666633,-3.466666666663426e-06
0.002443,0.00245292,-9.920000000000068e-06
0.002427,0.0024441466666666654,-1.714666666666545e-05
0.002451,0.002442153333333329,8.84666666667094e-06
0.002435,0.0024269633333333326,8.03666666666751e-06
0.00246,0.0024533299999999945,6.670000000005491e-06
0.002444,0.002440556666666663,3.44333333333717e-06
0.002469,0.0024610366666666674,7.963333333332445e-06
0.002451,0.0024451399999999984,5.860000000001628e-06
0.002477,0.002465063333333343,1.1936666666656926e-05
0.002458,0.002443386666666663,1.4613333333337187e-05
0.002484,0.002481526666666667,2.473333333332956e-06
0.002465,0.0024610133333333303,3.986666666669879e-06
0.002492,0.002481193333333335,1.0806666666664938e-05
0.002471,0.0024579733333333366,1.3026666666663463e-05
0.002499,0.002492640000000006,6.359999999993888e-06
0.002476,0.0024726833333333317,3.31666666666822e-06
0.002506,0.002498336666666669,7.66333333333119e-06
0.002481,0.002475090000000002,5.909999999998295e-06
0.002512,0.002507529999999999,4.4700000000007754e-06
0.002485,0.0024808899999999986,4.110000000001179e-06
0.002516,0.002509439999999994,6.560000000006144e-06
0.002487,0.0024800433333333287,6.9566666666713226e-06
0.00252,0.00251822666666667,1.7733333333301744e-06
0.002488,0.002485700000000008,2.2999999999919786e-06
0.002522,0.002516776666666667,5.223333333333104e-06
0.002488,0.00248378666666667,4.213333333329995e-06
0.002524,0.002512196666666672,1.1803333333328288e-05
0.002487,0.0024730166666666643,1.3983333333335724e-05
0.002524,0.0025133666666666745,1.0633333333325695e-05
0.002484,0.0024690233333333252,1.4976666666674868e-05
0.002522,0.0025132333333333415,8.766666666658405e-06
0.00248,0.002467139999999992,1.2860000000008195e-05
0.002519,0.002516286666666674,2.713333333325893e-06
0.002473,0.002474656666666674,-1.6566666666741753e-06
0.002514,0.002510690000000006,3.3099999999942203e-06
0.002465,0.0024640133333333272,9.866666666729501e-07
0.002507,0.002502990000000004,4.009999999996135e-06
0.002455,0.002454049999999996,9.500000000043328e-07
0.002499,0.0025035033333333416,-4.503333333341717e-06
0.002443,0.0024544233333333317,-1.1423333333331846e-05
0.002488,0.0024953000000000032,-7.3000000000030506e-06
0.002429,0.0024419566666666584,-1.2956666666658241e-05
0.002475,0.0024715700000000076,3.4299999999926403e-06
0.002413,0.0024181866666666716,-5.186666666671426e-06
0.00246,0.0024635033333333333,-3.5033333333333444e-06
0.002395,0.002411583333333334,-1.658333333333416e-05
0.002443,0.002452696666666673,-9.696666666673265e-06
0.002375,0.0024023300000000063,-2.7330000000006394e-05
0.002425,0.002445149999999991,-2.0149999999990922e-05
0.002353,0.002394806666666674,-4.180666666667382e-05
0.002404,0.002445350000000006,-4.1350000000005965e-05
0.002329,0.002395200000000009,-6.620000000000931e-05
0.00238,0.002470873333333329,-9.087333333332882e-05
0.002303,0.002413040000000007,-0.00011004000000000699
0.002355,0.002383910000000002,-2.8910000000002215e-05
0.002275,0.0023170033333333373,-4.200333333333715e-05
0.002328,0.002322163333333332,5.836666666667999e-06
0.002246,0.002250120000000002,-4.120000000001987e-06
0.002299,0.002290489999999999,8.510000000000635e-06
0.002214,0.0022259900000000023,-1.199000000000252e-05
0.002268,0.0022733199999999975,-5.319999999997462e-06
0.002182,0.002217843333333335,-3.584333333333514e-05
0.002235,0.002243053333333335,-8.053333333334946e-06
0.002148,0.002181630000000003,-3.363000000000281e-05
0.002201,0.0021966666666666645,4.333333333335354e-06
0.002113,0.002154326666666668,-4.1326666666668e-05
0.002166,0.0021873266666666705,-2.132666666667055e-05
0.002077,0.002186326666666667,-0.00010932666666666705
0.002129,0.0021539766666666695,-2.497666666666969e-05
0.00204,0.002124636666666665,-8.463666666666493e-05
0.002091,0.0021403933333333344,-4.9393333333334465e-05
0.002003,0.0021636066666666683,-0.00016060666666666825
0.002053,0.0020761433333333335,-2.3143333333333366e-05
0.001966,0.0020781399999999974,-0.00011213999999999755
0.002014,0.0020546633333333353,-4.066333333333514e-05
0.001929,0.0020717466666666687,-0.00014274666666666872
0.001974,0.0019893100000000024,-1.5310000000002318e-05
0.001893,0.0019875033333333326,-9.450333333333263e-05
0.001935,0.001971969999999998,-3.6969999999997716e-05
0.001856,0.0020432266666666693,-0.00018722666666666932
0.001896,0.001939433333333333,-4.3433333333333e-05
0.001821,0.002006336666666666,-0.00018533666666666602
0.001858,0.0019126566666666652,-5.4656666666665164e-05
0.001786,0.0019825200000000032,-0.0001965200000000032
0.001821,0.0018636133333333339,-4.2613333333333964e-05
0.001752,0.0019474899999999936,-0.00019548999999999348
0.001785,0.0018420266666666655,-5.702666666666562e-05
0.001719,0.0019199166666666622,-0.00020091666666666218
0.001749,0.0017487599999999992,2.400000000007431e-07
0.001688,0.0017366900000000015,-4.8690000000001406e-05
0.001715,0.0017161233333333314,-1.1233333333314326e-06
0.001658,0.0017137833333333327,-5.578333333333273e-05
0.001683,0.0016829033333333329,9.666666666717678e-08
0.001629,0.0016878199999999998,-5.881999999999979e-05
0.001651,0.0016549066666666692,-3.90666666666927e-06
0.001601,0.0016650666666666648,-6.406666666666479e-05
0.001622,0.0016306866666666688,-8.686666666668855e-06
0.001575,0.00163946666666667,-6.446666666667e-05
0.001594,0.0015938466666666643,1.5333333333567532e-07
0.001551,0.0016059900000000016,-5.4990000000001505e-05
0.001567,0.0015638333333333296,3.166666666670412e-06
0.001527,0.0015761333333333286,-4.913333333332864e-05
0.001542,0.0015513666666666657,-9.366666666665684e-06
0.001505,0.0015738699999999967,-6.88699999999967e-05
0.001518,0.0015288300000000012,-1.0830000000001169e-05
0.001484,0.001559896666666667,-7.589666666666696e-05
0.001496,0.0015014166666666665,-5.4166666666665905e-06
0.001464,0.0015377466666666691,-7.37466666666691e-05
0.001474,0.0014762033333333357,-2.203333333335644e-06
0.001445,0.0015026800000000012,-5.768000000000114e-05
0.001454,0.001452096666666665,1.9033333333350402e-06
0.001427,0.0014831100000000002,-5.611000000000006e-05
0.001435,0.0014314133333333337,3.5866666666663997e-06
0.00141,0.0014591700000000036,-4.917000000000354e-05
0.001417,0.0014132166666666688,3.783333333331248e-06
0.001394,0.0014375633333333338,-4.3563333333333744e-05
0.0014,0.001403500000000001,-3.500000000001115e-06
0.001379,0.001432436666666665,-5.3436666666665036e-05
0.001384,0.0013855300000000033,-1.5300000000032735e-06
0.001365,0.0014101866666666682,-4.518666666666828e-05
0.001369,0.0013707199999999974,-1.7199999999973747e-06
0.001351,0.001399200000000002,-4.820000000000193e-05
0.001354,0.0013543533333333303,-3.533333333303676e-07
0.001337,0.0013748966666666646,-3.789666666666452e-05
0.00134,0.0013374800000000029,2.5199999999971773e-06
0.001325,0.001361273333333332,-3.6273333333331935e-05
0.001327,0.0013389666666666653,-1.1966666666665205e-05
0.001312,0.001369696666666666,-5.7696666666665975e-05
0.001314,0.0013303033333333348,-1.630333333333474e-05
0.001301,0.0013605866666666665,-5.958666666666646e-05
0.001301,0.001305703333333335,-4.7033333333348915e-06
0.001289,0.0013354833333333348,-4.6483333333334834e-05
0.001289,0.0012921466666666673,-3.146666666667278e-06
0.001278,0.0013104733333333333,-3.247333333333325e-05
0.001278,0.0012845366666666648,-6.5366666666647096e-06
0.001268,0.0012954733333333344,-2.7473333333334323e-05
0.001267,0.0012689999999999997,-1.9999999999998318e-06
0.001257,0.001275780000000001,-1.878000000000101e-05
0.001256,0.0012626533333333326,-6.653333333332635e-06
0.001248,0.0012711866666666666,-2.318666666666666e-05
0.001246,0.0012492533333333326,-3.2533333333326607e-06
0.001238,0.0012547933333333333,-1.6793333333333348e-05
0.001236,0.0012331466666666664,2.8533333333335183e-06
0.001229,0.0012362666666666674,-7.266666666667313e-06
0.001226,0.0012259066666666677,9.333333333234536e-08
0.00122,0.0012271766666666697,-7.176666666669799e-06
0.001217,0.0012164833333333338,5.166666666662004e-07
0.001211,0.0012207533333333344,-9.75333333333439e-06
0.001207,0.0012064533333333368,5.466666666632033e-07
0.001203,0.0012093366666666662,-6.336666666666114e-06
0.001199,0.0011970400000000032,1.9599999999968167e-06
0.001194,0.00120196,-7.959999999999998e-06
0.00119,0.0011886866666666676,1.3133333333324726e-06
0.001186,0.0011913366666666673,-5.3366666666672825e-06
0.001182,0.0011849433333333353,-2.9433333333351522e-06
0.001179,0.0011924700000000006,-1.3470000000000669e-05
0.001174,0.0011808799999999992,-6.8799999999992565e-06
0.001171,0.0011917400000000015,-2.0740000000001512e-05
0.001166,0.0011802599999999985,-1.425999999999858e-05
0.001164,0.0011941766666666695,-3.0176666666669382e-05
0.001158,0.0011838700000000033,-2.5870000000003356e-05
0.001157,0.00121117,-5.416999999999987e-05
0.001151,0.0011712330000000007,-2.0233000000000794e-05
0.00115,0.0011953833333333355,-4.538333333333551e-05
0.001143,0.0011893866666666689,-4.638666666666896e-05
0.001143,0.0012327000000000009,-8.970000000000093e-05
0.001136,0.0011705300000000023,-3.453000000000223e-05
0.001137,0.0012047433333333345,-6.774333333333456e-05
0.001129,0.0011421200000000023,-1.3120000000002314e-05
0.00113,0.0011583033333333367,-2.8303333333336766e-05
0.001123,0.001120940000000001,2.0599999999990418e-06
0.001124,0.001126313333333335,-2.3133333333349906e-06
0.001116,0.0011252866666666681,-9.28666666666811e-06
0.001118,0.0011370833333333346,-1.9083333333334493e-05
0.001109,0.0011206300000000007,-1.1630000000000754e-05
0.001112,0.0011365866666666659,-2.4586666666665934e-05
0.001103,0.0011206500000000008,-1.765000000000078e-05
0.001106,0.0011392099999999997,-3.3209999999999663e-05
0.001097,0.001115910000000002,-1.8910000000001972e-05
0.0011,0.001131830000000003,-3.183000000000287e-05
0.001091,0.0011109366666666673,-1.9936666666667312e-05
0.001095,0.0011330033333333352,-3.8003333333335105e-05
0.001085,0.0010834133333333363,1.586666666663749e-06
0.001089,0.001092883999999999,-3.883999999999138e-06
0.00108,0.0010798266666666686,1.7333333333143658e-07
0.001084,0.0010891633333333331,-5.163333333333244e-06
0.001074,0.001084963333333334,-1.0963333333333927e-05
0.001079,0.00110469,-2.568999999999987e-05
0.001068,0.0010878500000000007,-1.9850000000000726e-05
0.001074,0.0011139600000000013,-3.996000000000121e-05
0.001063,0.0010898300000000006,-2.683000000000069e-05
0.001069,0.0011239133333333343,-5.491333333333421e-05
0.001058,0.001061226666666666,-3.2266666666661524e-06
0.001064,0.0010755433333333305,-1.1543333333330482e-05
0.001052,0.0010593690000000012,-7.36900000000121e-06
0.001059,0.0010765786666666684,-1.757866666666835e-05
0.001047,0.001046118999999999,8.810000000009695e-07
0.001054,0.0010536853333333316,3.1466666666844084e-07
0.001042,0.0010427423333333333,-7.423333333333483e-07
0.001049,0.0010541033333333328,-5.103333333332733e-06
0.001037,0.0010404456666666677,-3.4456666666677575e-06
0.001045,0.0010521350000000011,-7.1350000000012116e-06
0.001033,0.001030477999999998,2.5220000000019793e-06
0.00104,0.0010395133333333337,4.866666666661617e-07
0.001028,0.0010308283333333326,-2.8283333333325826e-06
0.001036,0.0010424883333333343,-6.488333333334265e-06
0.001023,0.0010228476666666643,1.52333333335768e-07
0.001031,0.0010331189999999997,-2.1189999999996455e-06
0.001019,0.001020793999999999,-1.7939999999989735e-06
0.001027,0.0010328543333333327,-5.85433333333274e-06
0.001014,0.0010118830000000007,2.1169999999991803e-06
0.001023,0.0010189426666666656,4.057333333334478e-06
0.00101,0.0010060360000000023,3.963999999997796e-06
0.001019,0.001012699666666664,6.300333333335859e-06
0.001006,0.0010031713333333346,2.828666666665307e-06
0.001015,0.0010123326666666667,2.6673333333334086e-06
0.001002,0.0009997820000000016,2.2179999999984937e-06
0.001011,0.001008668999999998,2.3310000000018993e-06
0.0009978,0.0009936553333333325,4.144666666667596e-06
0.001007,0.0010016850000000015,5.314999999998576e-06
0.0009939,0.0009977336666666637,-3.833666666663675e-06
0.001004,0.0010108586666666669,-6.858666666666961e-06
0.00099,0.000996286666666666,-6.286666666665977e-06
0.001,0.0010112480000000023,-1.1248000000002329e-05
0.0009863,0.0009926423333333349,-6.3423333333347855e-06
0.0009965,0.0010098100000000025,-1.3310000000002487e-05
0.0009827,0.0009810276666666676,1.6723333333323789e-06
0.0009932,0.000991115000000002,2.084999999998026e-06
0.0009791,0.0009813719999999999,-2.2719999999999945e-06
0.0009898,0.0009931953333333359,-3.395333333335764e-06
0.0009756,0.0009728580000000002,2.7419999999998054e-06
0.0009866,0.0009805193333333345,6.080666666665553e-06
0.0009721,0.0009711083333333309,9.916666666691257e-07
0.0009832,0.0009784153333333339,4.7846666666661805e-06
0.0009687,0.0009753463333333312,-6.646333333331224e-06
0.0009799,0.0009862206666666669,-6.3206666666669464e-06
0.0009654,0.0009669966666666659,-1.596666666665858e-06
0.0009767,0.0009783920000000002,-1.6920000000001864e-06
0.0009621,0.0009619286666666679,1.7133333333216403e-07
0.0009738,0.0009723033333333298,1.4966666666702466e-06
0.0009588,0.0009575909999999997,1.2090000000002793e-06
0.0009706,0.0009666213333333353,3.978666666664657e-06
0.0009556,0.0009542520000000003,1.3479999999997574e-06
0.0009675,0.0009639983333333313,3.5016666666687476e-06
0.0009525,0.0009496316666666667,2.868333333333321e-06
0.0009644,0.0009527596666666679,1.1640333333332118e-05
0.0009496,0.0009471916666666661,2.4083333333338843e-06
0.0009616,0.0009545796666666673,7.020333333332667e-06
0.0009467,0.0009443073333333314,2.392666666668525e-06
0.0009588,0.0009502880000000008,8.511999999999149e-06
0.0009438,0.0009442996666666662,-4.99666666666258e-07
0.0009562,0.0009536023333333318,2.5976666666682833e-06
0.000941,0.0009398226666666655,1.1773333333344512e-06
0.0009534,0.0009505523333333328,2.847666666667124e-06
0.0009382,0.0009370946666666667,1.1053333333333176e-06
0.0009505,0.0009452356666666652,5.264333333334726e-06
0.0009356,0.0009342266666666661,1.373333333333851e-06
0.0009479,0.0009428766666666663,5.02333333333375e-06
0.0009331,0.0009315063333333327,1.5936666666672202e-06
0.0009452,0.0009412349999999997,3.965000000000305e-06
0.0009304,0.0009292393333333339,1.1606666666660404e-06
0.0009427,0.0009364280000000004,6.27199999999955e-06
0.0009277,0.0009241076666666661,3.5923333333339868e-06
0.0009402,0.0009273306666666668,1.2869333333333146e-05
0.0009251,0.0009221416666666656,2.9583333333344126e-06
0.0009376,0.0009268963333333341,1.0703666666665918e-05
0.0009227,0.000921622333333334,1.0776666666660346e-06
0.0009352,0.0009317963333333357,3.4036666666642772e-06
0.0009205,0.0009188073333333334,1.6926666666666106e-06
0.0009327,0.0009277713333333323,4.928666666667689e-06
0.0009182,0.0009161333333333332,2.066666666666753e-06
0.0009302,0.0009211070000000012,9.092999999998756e-06
0.0009158,0.0009137196666666683,2.0803333333317556e-06
0.0009279,0.0009195749999999998,8.325000000000107e-06
0.0009134,0.0009118193333333316,1.580666666668425e-06
0.0009257,0.0009220033333333338,3.69666666666618e-06
0.0009111,0.0009129966666666687,-1.8966666666687384e-06
0.0009235,0.0009242249999999994,-7.249999999994891e-07
0.0009088,0.0009092000000000026,-4.000000000026118e-07
0.0009212,0.0009194139999999989,1.786000000001016e-06
0.0009068,0.0009051829999999992,1.6170000000008487e-06
0.0009189,0.0009110563333333327,7.84366666666729e-06
0.0009046,0.000904018666666667,5.813333333329817e-07
0.0009165,0.0009096563333333346,6.843666666665423e-06
0.0009024,0.0009027576666666669,-3.5766666666684106e-07
0.0009142,0.000912226333333331,1.973666666668975e-06
0.0009001,0.0008983333333333349,1.7666666666651737e-06
0.000912,0.0009052953333333326,6.704666666667463e-06
0.0008978,0.0008970116666666634,7.883333333366747e-07
0.0009099,0.0009069116666666674,2.988333333332608e-06
0.0008954,0.0008942086666666651,1.1913333333348885e-06
0.0009076,0.0009021166666666652,5.483333333334813e-06
0.0008934,0.000892833999999998,5.660000000020813e-07
0.0009053,0.0009011339999999989,4.166000000001193e-06
0.0008917,0.000892291,-5.909999999999813e-07
0.0009031,0.0009011733333333335,1.9266666666665003e-06
0.0008902,0.0008890989999999996,1.1010000000003135e-06
0.0009007,0.0008952466666666642,5.453333333335858e-06
0.0008882,0.0008871400000000014,1.0599999999985838e-06
0.0008984,0.0008864386666666675,1.196133333333251e-05
0.0008859,0.0008846260000000023,1.2739999999977249e-06
0.0008963,0.0008878390000000014,8.460999999998671e-06
0.0008836,0.0008824010000000001,1.198999999999905e-06
0.0008941,0.0008889599999999981,5.140000000001892e-06
0.0008816,0.0008810453333333344,5.546666666656061e-07
0.0008918,0.0008859436666666665,5.85633333333353e-06
0.0008798,0.000878060666666666,1.739333333333976e-06
0.0008896,0.0008831106666666633,6.489333333336775e-06
0.0008781,0.0008779459999999984,1.5400000000166583e-07
0.0008876,0.0008852469999999955,2.3530000000045225e-06
0.0008764,0.000876007666666665,3.923333333351016e-07
0.0008856,0.0008832943333333293,2.3056666666706246e-06
0.0008744,0.0008744643333333319,-6.433333333188875e-08
0.0008839,0.0008822183333333289,1.6816666666710995e-06
0.0008724,0.0008712956666666668,1.1043333333331934e-06
0.0008819,0.0008770319999999985,4.868000000001513e-06
0.0008706,0.0008694203333333344,1.1796666666655806e-06
0.0008798,0.0008758973333333326,3.902666666667472e-06
0.0008688,0.000868355333333332,4.4466666666799406e-07
0.0008777,0.0008718136666666657,5.886333333334328e-06
0.0008671,0.0008663089999999975,7.910000000024798e-07
0.000876,0.0008711726666666681,4.827333333331965e-06
0.0008654,0.000864538666666668,8.613333333319694e-07
0.0008729,0.0008701613333333301,2.7386666666699613e-06
0.0008636,0.0008637519999999982,-1.519999999982733e-07
0.0008705,0.0008651816666666653,5.3183333333347085e-06
0.0008618,0.0008603819999999984,1.4180000000016185e-06
0.0008684,0.0008622783333333317,6.121666666668258e-06
0.0008598,0.0008594576666666648,3.423333333351817e-07
0.0008667,0.0008622069999999976,4.49300000000233e-06
0.0008579,0.0008574129999999976,4.870000000023553e-07
0.0008656,0.0008599059999999988,5.6940000000011825e-06
0.000856,0.0008548693333333316,1.130666666668387e-06
0.0008647,0.000854400000000001,1.0299999999999004e-05
0.0008539,0.0008540596666666674,-1.596666666674098e-07
0.0008623,0.0008513993333333317,1.0900666666668261e-05
0.0008518,0.0008520966666666658,-2.966666666657722e-07
0.00086,0.0008522340000000017,7.765999999998245e-06
0.0008497,0.0008482373333333345,1.4626666666654829e-06
0.0008579,0.0008539593333333323,3.940666666667637e-06
0.0008475,0.0008460696666666654,1.4303333333345316e-06
0.0008555,0.0008545159999999968,9.840000000032418e-07
0.0008454,0.0008443029999999988,1.097000000001118e-06
0.0008538,0.0008536376666666659,1.6233333333419073e-07
0.0008434,0.0008426259999999983,7.740000000016701e-07
0.0008519,0.0008531016666666639,-1.201666666663867e-06
0.0008415,0.0008402176666666637,1.2823333333363213e-06
0.00085,0.0008500986666666634,-9.866666666341357e-08
0.0008395,0.0008391689999999981,3.3100000000185065e-07
0.000848,0.0008496569999999994,-1.6569999999994185e-06
0.0008375,0.0008390063333333301,-1.5063333333300904e-06
0.0008458,0.0008513253333333306,-5.525333333330595e-06
0.0008353,0.0008363773333333302,-1.0773333333302746e-06
0.0008437,0.000848787666666666,-5.087666666666072e-06
0.0008333,0.0008323936666666631,9.063333333369063e-07
0.0008421,0.0008449383333333356,-2.838333333335559e-06
0.0008316,0.0008327560000000005,-1.1560000000004206e-06
0.0008402,0.0008433620000000021,-3.1620000000020815e-06
0.0008299,0.0008322406666666638,-2.340666666663803e-06
0.0008387,0.000845850333333336,-7.150333333336015e-06
0.0008283,0.0008296676666666665,-1.3676666666664807e-06
0.0008375,0.0008433389999999996,-5.838999999999562e-06
0.0008267,0.0008261699999999997,5.300000000003219e-07
0.0008364,0.0008379236666666669,-1.5236666666669854e-06
0.000825,0.0008249303333333349,6.966666666512536e-08
0.0008351,0.0008370803333333305,-1.9803333333305063e-06
0.0008233,0.0008226666666666652,6.333333333347763e-07
0.0008336,0.0008344496666666634,-8.496666666634204e-07
0.000822,0.000822399,-3.98999999999994e-07
0.0008316,0.0008333773333333309,-1.777333333330888e-06
0.0008207,0.000820135666666664,5.643333333360751e-07
0.0008299,0.000831124666666663,-1.2246666666630365e-06
0.0008194,0.0008191446666666659,2.5533333333402873e-07
0.0008289,0.000829648333333333,-7.483333333330091e-07
0.0008181,0.0008186766666666665,-5.766666666664946e-07
0.0008283,0.0008293876666666652,-1.0876666666652162e-06
0.0008167,0.00081689133333333,-1.913333333300937e-07
0.0008274,0.0008282260000000024,-8.260000000023804e-07
0.0008155,0.0008155833333333328,-8.333333333273001e-08
0.0008266,0.0008273113333333364,-7.113333333363296e-07
0.0008145,0.0008138019999999982,6.980000000017745e-07
0.0008257,0.0008261743333333359,-4.7433333333595906e-07
0.0008135,0.0008134856666666634,1.4333333336630921e-08
0.0008247,0.0008254720000000052,-7.72000000005108e-07
0.0008125,0.0008125249999999973,-2.4999999997357865e-08
0.0008238,0.0008245836666666682,-7.836666666682359e-07
0.0008116,0.0008124289999999971,-8.28999999997115e-07
0.000823,0.0008249466666666704,-1.9466666666705015e-06
0.0008107,0.0008111019999999997,-4.0199999999971595e-07
0.0008221,0.0008233163333333345,-1.2163333333345232e-06
0.00081,0.0008089150000000009,1.0849999999990858e-06
0.0008215,0.0008220343333333313,-5.343333333313743e-07
0.0008091,0.0008088346666666691,2.653333333309336e-07
0.0008212,0.0008217506666666684,-5.50666666668362e-07
0.0008082,0.0008080323333333337,1.6766666666634313e-07
0.0008207,0.0008213409999999981,-6.409999999980581e-07
0.0008075,0.0008073003333333353,1.9966666666467858e-07
0.0008203,0.000820761666666666,-4.616666666659849e-07
0.0008069,0.0008084123333333336,-1.512333333333546e-06
0.00082,0.0008226363333333332,-2.636333333333246e-06
0.0008064,0.0008071106666666673,-7.106666666673034e-07
0.0008197,0.0008212713333333302,-1.571333333330138e-06
0.0008061,0.0008073210000000009,-1.221000000000902e-06
0.0008193,0.0008217226666666679,-2.422666666667913e-06
0.0008059,0.0008064379999999987,-5.379999999987131e-07
0.0008193,0.000820444,-1.1440000000000148e-06
0.0008058,0.0008061163333333317,-3.163333333317366e-07
0.0008194,0.0008199263333333337,-5.26333333333742e-07
0.0008057,0.0008058926666666645,-1.9266666666445994e-07
0.0008197,0.0008197976666666665,-9.766666666643359e-08
0.0008057,0.0008059333333333314,-2.333333333314055e-07
0.0008198,0.0008200463333333344,-2.463333333344291e-07
0.0008057,0.0008057866666666646,-8.666666666463409e-08
0.0008201,0.0008198900000000024,2.0999999999766865e-07
0.0008058,0.0008060163333333332,-2.1633333333319783e-07
0.0008205,0.000820515999999998,-1.59999999979751e-08
0.000806,0.000806055333333331,-5.5333333330988103e-08
0.000821,0.0008205520000000011,4.4799999999892235e-07
0.0008064,0.0008065986666666659,-1.9866666666596387e-07
0.0008217,0.0008208553333333347,8.446666666652933e-07
0.0008068,0.0008078933333333357,-1.0933333333357307e-06
0.0008226,0.0008219486666666664,6.513333333336502e-07
0.0008074,0.0008080853333333338,-6.853333333337519e-07
0.0008234,0.000822613000000002,7.869999999979716e-07
0.0008081,0.0008085020000000023,-4.0200000000231804e-07
0.0008244,0.0008238563333333358,5.436666666641318e-07
0.0008089,0.0008086843333333349,2.1566666666503892e-07
0.0008255,0.0008244876666666686,1.0123333333313111e-06
0.0008097,0.0008099173333333331,-2.1733333333310515e-07
0.0008264,0.0008254056666666694,9.94333333330594e-07
0.0008105,0.0008099283333333318,5.71666666668259e-07
0.0008275,0.0008262510000000031,1.2489999999968976e-06
0.0008116,0.0008123759999999986,-7.759999999985574e-07
0.0008285,0.0008281366666666681,3.633333333319345e-07
0.0008127,0.0008121459999999984,5.540000000015671e-07
0.0008299,0.0008285016666666698,1.3983333333301247e-06
0.0008139,0.0008135973333333321,3.0266666666792664e-07
0.0008313,0.0008300626666666655,1.2373333333345286e-06
0.0008153,0.000815194666666667,1.0533333333307641e-07
0.0008328,0.000831093666666668,1.7063333333319384e-06
0.0008167,0.0008167749999999984,-7.499999999847039e-08
0.0008342,0.0008330296666666676,1.1703333333323894e-06
0.0008181,0.0008175156666666678,5.843333333321616e-07
0.0008359,0.0008344446666666683,1.4553333333316727e-06
0.0008195,0.0008174729999999977,2.027000000002317e-06
0.0008372,0.0008351236666666671,2.0763333333328853e-06
0.0008211,0.0008218293333333341,-7.293333333341194e-07
0.0008389,0.0008380490000000013,8.50999999998654e-07
0.0008225,0.0008221216666666647,3.783333333353149e-07
0.0008408,0.0008391183333333348,1.6816666666651364e-06
0.0008242,0.0008253993333333328,-1.199333333332846e-06
0.0008427,0.0008422576666666685,4.423333333315521e-07
0.000826,0.0008243466666666659,1.6533333333341397e-06
0.0008449,0.0008422983333333345,2.6016666666655273e-06
0.0008279,0.0008294586666666657,-1.5586666666656934e-06
0.0008472,0.0008462666666666687,9.333333333312599e-07
0.0008302,0.0008317399999999978,-1.5399999999977931e-06
0.0008493,0.0008488066666666668,4.933333333332224e-07
0.0008327,0.0008320206666666666,6.793333333334406e-07
0.0008517,0.0008488873333333339,2.812666666666139e-06
0.0008349,0.0008374473333333319,-2.547333333331953e-06
0.0008544,0.000851027000000001,3.3729999999988986e-06
0.0008372,0.0008393946666666652,-2.1946666666651906e-06
0.0008568,0.0008524546666666672,4.3453333333328325e-06
0.0008395,0.0008426156666666694,-3.115666666669392e-06
0.0008597,0.0008498599999999999,9.840000000000109e-06
0.0008419,0.000845061999999999,-3.1619999999989374e-06
0.0008623,0.0008421409999999986,2.0159000000001363e-05
0.0008446,0.0008475790000000001,-2.9790000000000675e-06
0.0008651,0.000847154333333332,1.7945666666668056e-05
0.0008475,0.000848154333333334,-6.543333333340227e-07
0.0008683,0.0008464206666666671,2.187933333333287e-05
0.0008504,0.0008517030000000006,-1.3030000000006751e-06
0.0008716,0.0008494779999999983,2.2122000000001697e-05
0.0008534,0.0008518293333333345,1.570666666665557e-06
0.0008752,0.0008459333333333332,2.9266666666666872e-05
0.0008564,0.0008562336666666681,1.6633333333186846e-07
0.0008789,0.0008530969999999995,2.5803000000000458e-05
0.0008598,0.0008588930000000016,9.069999999983432e-07
0.0008824,0.0008627176666666642,1.9682333333335793e-05
0.0008632,0.0008620776666666656,1.1223333333343442e-06
0.000886,0.000868917,1.7082999999999985e-05
0.0008667,0.0008673743333333349,-6.743333333348797e-07
0.0008896,0.0008742793333333317,1.5320666666668358e-05
0.0008705,0.0008687816666666674,1.718333333332561e-06
0.0008935,0.0008808469999999978,1.2653000000002225e-05
0.000874,0.0008748416666666668,-8.416666666667639e-07
0.0008974,0.0008818033333333314,1.5596666666668584e-05
0.0008776,0.0008794430000000012,-1.843000000001263e-06
0.0009015,0.0008884073333333333,1.3092666666666671e-05
0.0008814,0.0008832493333333347,-1.849333333334732e-06
0.0009056,0.0008927373333333327,1.2862666666667278e-05
0.0008854,0.0008881019999999993,-2.701999999999284e-06
0.0009099,0.0009019190000000023,7.980999999997727e-06
0.0008896,0.0008904160000000011,-8.160000000010303e-07
0.0009144,0.0009072800000000007,7.119999999999349e-06
0.0008938,0.0008963359999999996,-2.5359999999995976e-06
0.000919,0.0009119780000000022,7.021999999997806e-06
0.0008979,0.0008969620000000008,9.379999999991565e-07
0.0009232,0.0009140140000000015,9.185999999998485e-06
0.000902,0.0009030276666666672,-1.0276666666671989e-06
0.0009278,0.000918506333333336,9.293666666663992e-06
0.0009064,0.0009065420000000004,-1.4200000000039268e-07
0.0009324,0.0009200500000000009,1.234999999999908e-05
0.0009108,0.0009127156666666676,-1.915666666667628e-06
0.0009372,0.0009338323333333319,3.3676666666681556e-06
0.0009154,0.0009187463333333328,-3.346333333332824e-06
0.0009419,0.0009353016666666674,6.598333333332528e-06
0.00092,0.0009258420000000006,-5.8420000000005854e-06
0.0009468,0.0009393413333333334,7.45866666666665e-06
0.0009246,0.0009288553333333336,-4.255333333333584e-06
0.0009516,0.0009429273333333335,8.672666666666574e-06
0.0009294,0.0009284706666666654,9.293333333346664e-07
0.0009565,0.0009467186666666653,9.781333333334723e-06
0.0009342,0.0009380616666666669,-3.8616666666668265e-06
0.0009612,0.0009591243333333336,2.075666666666461e-06
0.000939,0.0009361096666666644,2.8903333333355104e-06
0.0009661,0.0009526353333333328,1.3464666666667215e-05
0.0009438,0.0009447986666666667,-9.986666666667423e-07
0.0009711,0.000968425333333335,2.6746666666650504e-06
0.0009487,0.0009507866666666661,-2.086666666666092e-06
0.0009763,0.0009699686666666681,6.331333333331902e-06
0.0009537,0.0009494996666666668,4.20033333333326e-06
0.0009816,0.0009750256666666679,6.57433333333215e-06
0.0009589,0.0009582219999999984,6.780000000016764e-07
0.000987,0.0009806356666666692,6.364333333330795e-06
0.0009643,0.0009652046666666658,-9.046666666658043e-07
0.0009924,0.000988420333333333,3.979666666667058e-06
0.0009696,0.0009726196666666651,-3.0196666666650615e-06
0.0009981,0.0009937293333333354,4.370666666664649e-06
0.0009748,0.0009761943333333315,-1.3943333333315796e-06
0.001004,0.0009950726666666662,8.927333333333745e-06
0.0009803,0.000991283333333332,-1.0983333333332073e-05
0.001009,0.0009972936666666674,1.1706333333332507e-05
0.0009861,0.000994927666666665,-8.827666666665112e-06
0.001015,0.001000552333333334,1.4447666666665996e-05
0.0009919,0.0009926503333333315,-7.503333333315227e-07
0.00102,0.0010166999999999989,3.3000000000012186e-06
0.0009975,0.001001683333333332,-4.183333333332125e-06
0.001026,0.0010126240000000004,1.3375999999999623e-05
0.001003,0.0010040016666666648,-1.001666666664838e-06
0.001032,0.001011445666666668,2.055433333333196e-05
0.001007,0.0010088313333333342,-1.8313333333341234e-06
0.001038,0.0010252886666666666,1.2711333333333477e-05
0.001012,0.0010145966666666659,-2.596666666665774e-06
0.001044,0.0010343546666666667,9.64533333333334e-06
0.001018,0.0010225746666666672,-4.574666666667211e-06
0.00105,0.0010449326666666673,5.0673333333326e-06
0.001024,0.0010247570000000005,-7.57000000000535e-07
0.001056,0.0010454613333333322,1.0538666666667874e-05
0.00103,0.0010315373333333346,-1.5373333333344816e-06
0.001063,0.0010568616666666675,6.138333333332441e-06
0.001035,0.0010348146666666659,1.8533333333401077e-07
0.00107,0.0010583943333333323,1.1605666666667652e-05
0.001041,0.0010471130000000006,-6.113000000000516e-06
0.001077,0.001060405333333334,1.6594666666666083e-05
0.001048,0.00105506,-7.059999999999922e-06
0.001083,0.0010627710000000008,2.0228999999999213e-05
0.001054,0.0010619436666666653,-7.943666666665287e-06
0.00109,0.0010757590000000008,1.4240999999999256e-05
0.001061,0.0010659876666666685,-4.987666666668401e-06
0.001096,0.001093896666666664,2.103333333336021e-06
0.001068,0.0010680033333333317,-3.3333333317956543e-09
0.001102,0.001097647333333334,4.352666666665884e-06
0.001075,0.0010777000000000041,-2.7000000000041314e-06
0.00111,0.0011095656666666673,4.343333333328356e-07
0.001082,0.0010865333333333314,-4.533333333331347e-06
0.001118,0.0011152733333333338,2.726666666666303e-06
0.00109,0.0010923066666666662,-2.306666666666195e-06
0.001126,0.0011224776666666687,3.5223333333313667e-06
0.001098,0.0011008266666666657,-2.826666666665709e-06
0.001134,0.0011321766666666688,1.8233333333311785e-06
0.001106,0.0011114133333333322,-5.413333333332193e-06
0.001143,0.0011384866666666698,4.513333333330165e-06
0.001114,0.0011141900000000004,-1.900000000003895e-07
0.001153,0.0011456466666666702,7.353333333329779e-06
0.001123,0.0011198600000000014,3.1399999999986994e-06
0.001163,0.0011523900000000031,1.0609999999996837e-05
0.001133,0.0011405100000000013,-7.51000000000137e-06
0.001173,0.0011678033333333367,5.196666666663343e-06
0.001143,0.0011452766666666663,-2.2766666666663733e-06
0.001184,0.0011738500000000006,1.0149999999999352e-05
0.001153,0.0011548400000000038,-1.8400000000038177e-06
0.001195,0.0011843766666666698,1.0623333333330308e-05
0.001163,0.0011590733333333354,3.926666666664597e-06
0.001206,0.0011934000000000016,1.2599999999998463e-05
0.001174,0.0011734233333333354,5.76666666664543e-07
0.001218,0.0012052300000000018,1.2769999999998104e-05
0.001185,0.0011899300000000016,-4.930000000001513e-06
0.00123,0.0012234300000000032,6.569999999996761e-06
0.001197,0.0011985599999999998,-1.5599999999998428e-06
0.001243,0.0012343766666666701,8.623333333329826e-06
0.00121,0.0012135499999999997,-3.549999999999734e-06
0.001257,0.0012493366666666667,7.663333333333359e-06
0.001222,0.0012190533333333291,2.946666666670851e-06
0.001271,0.0012565866666666675,1.441333333333252e-05
0.001236,0.001238746666666666,-2.746666666666184e-06
0.001285,0.0012739333333333328,1.106666666666708e-05
0.001249,0.0012460533333333286,2.9466666666712847e-06
0.001299,0.0012830033333333366,1.599666666666339e-05
0.001263,0.0012648666666666667,-1.8666666666666398e-06
0.001314,0.0012996700000000043,1.4329999999995778e-05
0.001277,0.0012764733333333377,5.266666666622379e-07
0.001329,0.001314200000000004,1.4799999999996023e-05
0.001292,0.0012903199999999987,1.6800000000012985e-06
0.001344,0.0013282399999999994,1.5760000000000513e-05
0.001307,0.0013064400000000016,5.59999999998409e-07
0.001359,0.0013474133333333308,1.1586666666669196e-05
0.001322,0.001320033333333338,1.9666666666621428e-06
0.001375,0.001355633333333332,1.9366666666667878e-05
0.001338,0.0013351033333333345,2.89666666666551e-06
0.001391,0.0013758133333333347,1.518666666666538e-05
0.001354,0.001349976666666663,4.023333333336978e-06
0.001406,0.0013884866666666678,1.7513333333332107e-05
0.00137,0.0013692733333333378,7.266666666621343e-07
0.001422,0.0014025433333333327,1.9456666666667344e-05
0.001386,0.0013963133333333327,-1.0313333333332583e-05
0.001438,0.0014357433333333318,2.2566666666682268e-06
0.001402,0.0014074699999999983,-5.469999999998306e-06
0.001455,0.0014417966666666682,1.3203333333331683e-05
0.001419,0.0014218066666666662,-2.8066666666662615e-06
0.001471,0.0014548066666666701,1.6193333333329972e-05
0.001435,0.0014284899999999982,6.5100000000018875e-06
0.001488,0.001460566666666667,2.7433333333333042e-05
0.001452,0.0014435533333333355,8.446666666664425e-06
0.001505,0.001475236666666666,2.976333333333395e-05
0.001469,0.0014659733333333362,3.0266666666638707e-06
0.001522,0.001494596666666667,2.7403333333333004e-05
0.001487,0.0014931966666666644,-6.1966666666643435e-06
0.001539,0.001522206666666668,1.6793333333332047e-05
0.001505,0.0014976166666666678,7.383333333332203e-06
0.001557,0.0015272300000000038,2.976999999999624e-05
0.001523,0.0015262733333333304,-3.2733333333303735e-06
0.001574,0.0015709399999999944,3.0600000000056797e-06
0.001541,0.0015322233333333304,8.776666666669621e-06
0.001592,0.0015656399999999981,2.6360000000001963e-05
0.001559,0.0015602333333333328,-1.2333333333327309e-06
0.00161,0.0015900699999999999,1.993000000000025e-05
0.001577,0.0015676233333333323,9.376666666667793e-06
0.001628,0.0016034899999999995,2.451000000000059e-05
0.001596,0.0015967633333333368,-7.633333333368231e-07
0.001647,0.0016136433333333344,3.3356666666665676e-05
0.001614,0.0016091066666666677,4.893333333332245e-06
0.001665,0.0016452399999999988,1.976000000000126e-05
0.001633,0.0016236500000000008,9.349999999999116e-06
0.001684,0.0016448833333333347,3.9116666666665295e-05
0.001652,0.0016388266666666643,1.3173333333335764e-05
0.001703,0.0016664866666666668,3.651333333333333e-05
0.001671,0.001658586666666662,1.2413333333337892e-05
0.001723,0.001681473333333334,4.1526666666665945e-05
0.001691,0.0016812066666666676,9.793333333332419e-06
0.001742,0.0017015066666666637,4.049333333333636e-05
0.00171,0.0017214099999999996,-1.1409999999999676e-05
0.001762,0.0017548566666666665,7.143333333333411e-06
0.00173,0.0017341333333333326,-4.133333333332639e-06
0.001782,0.0017592900000000008,2.2709999999999137e-05
0.00175,0.0017730233333333324,-2.3023333333332344e-05
0.001803,0.0018149466666666687,-1.1946666666668793e-05
0.001769,0.0017699133333333335,-9.133333333335471e-07
0.001823,0.001802113333333335,2.0886666666664923e-05
0.00179,0.0018007799999999981,-1.0779999999998213e-05
0.001844,0.0018532933333333342,-9.293333333334304e-06
0.00181,0.0018283633333333342,-1.8363333333334215e-05
0.001865,0.0018884533333333327,-2.3453333333332826e-05
0.00183,0.0018477833333333327,-1.7783333333332672e-05
0.001886,0.001906256666666665,-2.0256666666664978e-05
0.001851,0.0018642533333333307,-1.3253333333330735e-05
0.001908,0.001924479999999998,-1.6479999999997972e-05
0.001871,0.0018844033333333325,-1.3403333333332447e-05
0.001929,0.0019383900000000016,-9.390000000001697e-06
0.001892,0.0019086633333333333,-1.6663333333333252e-05
0.00195,0.001961030000000001,-1.1030000000001282e-05
0.001913,0.001913493333333334,-4.933333333340898e-07
0.001972,0.001962353333333335,9.646666666664888e-06
0.001934,0.0019379966666666696,-3.996666666669603e-06
0.001994,0.0019889433333333327,5.0566666666674275e-06
0.001955,0.001960369999999999,-5.3699999999989e-06
0.002018,0.0020088433333333294,9.1566666666704e-06
0.001976,0.0019815233333333334,-5.523333333333491e-06
0.002042,0.002031236666666665,1.0763333333334898e-05
0.001999,0.001994226666666661,4.7733333333388125e-06
0.002067,0.0020419100000000022,2.508999999999758e-05
0.002022,0.0020279166666666657,-5.9166666666657895e-06
0.002092,0.002082569999999995,9.430000000005146e-06
0.002046,0.002052136666666664,-6.136666666664049e-06
0.002115,0.0021049966666666664,1.0003333333333773e-05
0.00207,0.0020659233333333352,4.076666666664574e-06
0.002138,0.0021155533333333293,2.2446666666670837e-05
0.002093,0.0021021500000000023,-9.150000000002472e-06
0.002161,0.002149493333333329,1.150666666667119e-05
0.002115,0.0021173600000000056,-2.3600000000055e-06
0.002184,0.0021637166666666615,2.0283333333338642e-05
0.002137,0.002137909999999997,-9.099999999971978e-07
0.002208,0.0021870066666666685,2.099333333333139e-05
0.00216,0.002154879999999999,5.120000000000818e-06
0.002231,0.0022023499999999983,2.865000000000159e-05
0.002182,0.002188006666666668,-6.006666666668291e-06
0.002255,0.002242503333333332,1.2496666666667912e-05
0.002205,0.0022018600000000012,3.1399999999986994e-06
0.002279,0.0022500566666666657,2.8943333333334483e-05
0.002228,0.0022244066666666676,3.5933333333323762e-06
0.002304,0.0022702399999999985,3.37600000000016e-05
0.002251,0.0022376066666666703,1.3393333333329687e-05
0.002328,0.002292753333333331,3.5246666666669414e-05
0.002275,0.002300660000000005,-2.5660000000005036e-05
0.002353,0.002357710000000003,-4.7100000000028196e-06
0.002299,0.002337976666666672,-3.897666666667198e-05
0.002377,0.0023990500000000024,-2.205000000000219e-05
0.002322,0.0023084466666666655,1.3553333333334375e-05
0.002403,0.0023619433333333267,4.105666666667351e-05
0.002346,0.00234941,-3.4100000000001317e-06
0.002428,0.002407996666666669,2.0003333333331198e-05
0.00237,0.0023601366666666677,9.863333333332436e-06
0.002453,0.0024123333333333323,4.066666666666758e-05
0.002395,0.0024283766666666614,-3.337666666666144e-05
0.002479,0.0024722433333333295,6.756666666670342e-06
0.002419,0.0024192733333333358,-2.733333333356132e-07
0.002504,0.0024781899999999995,2.5810000000000676e-05
0.002444,0.002424393333333334,1.960666666666602e-05
0.00253,0.0024717166666666643,5.828333333333588e-05
0.002469,0.0024692766666666627,-2.766666666628552e-07
0.002555,0.002518586666666667,3.6413333333333055e-05
0.002493,0.002503323333333333,-1.0323333333333174e-05
0.002582,0.002552750000000004,2.9249999999996293e-05
0.002518,0.002523949999999995,-5.949999999995022e-06
0.002608,0.00257366666666667,3.433333333333023e-05
0.002543,0.002536543333333324,6.456666666676027e-06
0.002634,0.002578239999999997,5.576000000000322e-05
0.002569,0.002564336666666661,4.663333333339032e-06
0.002661,0.0025985833333333343,6.241666666666592e-05
0.002594,0.0025936699999999997,3.300000000002086e-07
0.002688,0.0026391366666666666,4.8863333333333276e-05
0.00262,0.0026160900000000028,3.909999999997162e-06
0.002715,0.002661090000000006,5.3909999999993824e-05
0.002647,0.002660493333333329,-1.3493333333329093e-05
0.002742,0.002696860000000002,4.51399999999982e-05
0.001563,0.0015626166666666656,3.833333333343094e-07
0.001614,0.0016101300000000006,3.869999999999351e-06
0.00155,0.00155322,-3.219999999999959e-06
0.001601,0.0016009600000000004,3.999999999954561e-08
0.001538,0.0015346966666666695,3.303333333330629e-06
0.001589,0.0015782933333333333,1.0706666666666616e-05
0.001526,0.0015196600000000023,6.339999999997693e-06
0.001577,0.0015607599999999996,1.624000000000048e-05
0.001516,0.0015124833333333356,3.51666666666443e-06
0.001566,0.0015535833333333287,1.2416666666671206e-05
0.001506,0.0014986799999999981,7.320000000001848e-06
0.001555,0.0015415733333333302,1.3426666666669761e-05
0.001498,0.0015004266666666687,-2.426666666668735e-06
0.001546,0.0015405266666666674,5.473333333332704e-06
0.001489,0.0014821433333333351,6.8566666666649775e-06
0.001538,0.0015271799999999958,1.0820000000004264e-05
0.001481,0.0014810666666666664,-6.666666666648759e-08
0.00153,0.0015259699999999972,4.030000000002738e-06
0.001474,0.0014716500000000025,2.3499999999975364e-06
0.001523,0.0015151499999999994,7.850000000000652e-06
0.001467,0.0014614099999999996,5.590000000000412e-06
0.001516,0.0015006833333333326,1.5316666666667427e-05
0.001461,0.0014571633333333351,3.836666666664915e-06
0.001509,0.0015000766666666675,8.923333333332381e-06
0.001456,0.0014536233333333319,2.3766666666681646e-06
0.001503,0.0014969800000000021,6.019999999997859e-06
0.001451,0.0014509266666666695,7.333333333051258e-08
0.001497,0.0014935933333333302,3.406666666669854e-06
0.001446,0.001443066666666667,2.9333333333330432e-06
0.001492,0.0014860566666666665,5.943333333333599e-06
0.001442,0.001441463333333335,5.366666666649974e-07
0.001488,0.0014852833333333303,2.716666666669615e-06
0.001438,0.0014355233333333327,2.476666666667354e-06
0.001483,0.0014758799999999984,7.1200000000015175e-06
0.001434,0.001433489999999998,5.100000000019585e-07
0.00148,0.0014761600000000009,3.839999999999096e-06
0.001431,0.0014272499999999967,3.7500000000033167e-06
0.001476,0.0014702133333333344,5.786666666665694e-06
0.001428,0.0014239699999999994,4.03000000000057e-06
0.001473,0.0014655533333333317,7.446666666668196e-06
0.001426,0.001423780000000001,2.219999999998959e-06
0.00147,0.0014657800000000012,4.219999999998791e-06
0.001423,0.0014238766666666662,-8.766666666662308e-07
0.001468,0.0014668933333333394,1.106666666660528e-06
0.001421,0.0014202600000000015,7.399999999984242e-07
0.001466,0.0014637166666666699,2.2833333333301814e-06
0.001419,0.0014181900000000017,8.099999999982253e-07
0.001464,0.0014622266666666666,1.773333333333427e-06
0.001417,0.0014172499999999982,-2.499999999980816e-07
0.001461,0.0014605199999999992,4.800000000008357e-07
0.001416,0.001415213333333337,7.866666666628622e-07
0.001459,0.00145824,7.600000000000402e-07
0.001414,0.0014133833333333317,6.166666666682086e-07
0.001458,0.0014555033333333307,2.4966666666694035e-06
0.001413,0.0014132533333333342,-2.533333333342141e-07
0.001456,0.001455256666666666,7.43333333334123e-07
0.001412,0.0014117599999999993,2.400000000007431e-07
0.001455,0.0014537266666666724,1.273333333327506e-06
0.001411,0.0014103333333333364,6.666666666635748e-07
0.001454,0.0014519200000000009,2.07999999999914e-06
0.00141,0.001408493333333333,1.506666666667043e-06
0.001453,0.0014503100000000028,2.689999999997252e-06
0.001409,0.0014085933333333335,4.066666666666368e-07
0.001452,0.0014514900000000002,5.099999999997901e-07
0.001409,0.0014081900000000053,8.099999999947559e-07
0.001452,0.0014513533333333282,6.466666666717167e-07
0.001408,0.0014084966666666663,-4.966666666663191e-07
0.001451,0.001451416666666667,-4.166666666670111e-07
0.001408,0.0014077433333333394,2.566666666605887e-07
0.001451,0.0014506466666666606,3.533333333394749e-07
0.001408,0.0014086000000000068,-6.000000000068451e-07
0.001451,0.0014521099999999932,-1.109999999993191e-06
0.001408,0.0014078600000000056,1.3999999999439808e-07
0.001451,0.0014507699999999934,2.3000000000665717e-07
0.001408,0.0014082100000000044,-2.100000000043907e-07
0.001451,0.0014513099999999936,-3.099999999936053e-07
0.001408,0.0014085900000000006,-5.900000000006161e-07
0.001451,0.0014510933333333263,-9.333333332627383e-08
0.001409,0.0014086000000000055,3.999999999945887e-07
0.001451,0.0014519199999999946,-9.199999999945363e-07
0.001409,0.0014098766666666691,-8.766666666690497e-07
0.001452,0.001452639999999995,-6.39999999995115e-07
0.00141,0.0014103199999999998,-3.199999999998343e-07
0.001453,0.0014534833333333342,-4.833333333341492e-07
0.001411,0.0014118233333333403,-8.233333333403699e-07
0.001454,0.0014546733333333304,-6.733333333304187e-07
0.001412,0.0014116066666666662,3.9333333333381633e-07
0.001455,0.0014542433333333382,7.566666666617393e-07
0.001413,0.001413160000000004,-1.6000000000403712e-07
0.001456,0.001455976666666669,2.3333333331026357e-08
0.001415,0.0014144333333333291,5.666666666708908e-07
0.001458,0.0014572266666666666,7.733333333335111e-07
0.001416,0.0014152166666666663,7.833333333336686e-07
0.001459,0.0014582466666666696,7.533333333303773e-07
0.001418,0.001420476666666661,-2.4766666666610655e-06
0.001461,0.001465183333333332,-4.183333333331908e-06
0.00142,0.0014183566666666613,1.6433333333387527e-06
0.001462,0.0014610899999999982,9.100000000017514e-07
0.001422,0.0014194133333333293,2.5866666666708206e-06
0.001464,0.001461830000000003,2.1699999999970875e-06
0.001424,0.001420206666666664,3.793333333335959e-06
0.001466,0.0014624900000000031,3.5099999999969357e-06
0.001426,0.0014274533333333336,-1.4533333333335927e-06
0.001468,0.001471200000000003,-3.2000000000031135e-06
0.001429,0.0014262233333333318,2.7766666666681743e-06
0.001471,0.0014682466666666714,2.753333333328691e-06
0.001431,0.001428420000000002,2.579999999997905e-06
0.001474,0.0014702366666666674,3.7633333333326677e-06
0.001434,0.001432276666666668,1.7233333333319893e-06
0.001477,0.0014749433333333273,2.056666666672667e-06
0.001437,0.0014360966666666624,9.033333333375096e-07
0.00148,0.001479309999999999,6.900000000008896e-07
0.00144,0.0014399633333333378,3.666666666232894e-08
0.001483,0.0014833666666666646,-3.6666666666470595e-07
0.001443,0.001446549999999994,-3.5499999999938792e-06
0.001486,0.001489260000000002,-3.2600000000021067e-06
0.001447,0.0014456633333333345,1.3366666666654505e-06
0.001489,0.0014882066666666626,7.933333333375123e-07
0.001451,0.0014536966666666656,-2.6966666666656137e-06
0.001493,0.0014967100000000018,-3.7100000000018195e-06
0.001455,0.0014542666666666664,7.333333333335319e-07
0.001497,0.0014971933333333307,-1.9333333333066728e-07
0.001459,0.0014590599999999966,-5.99999999966079e-08
0.001501,0.0015030799999999997,-2.0799999999997903e-06
0.001462,0.0014624499999999984,-4.4999999999841174e-07
0.001505,0.0015053566666666685,-3.566666666684516e-07
0.001467,0.00146828,-1.2799999999999877e-06
0.001508,0.0015161133333333307,-8.113333333330686e-06
0.001471,0.0014778166666666662,-6.8166666666660825e-06
0.001513,0.001532603333333333,-1.9603333333332923e-05
0.001475,0.0014791533333333303,-4.1533333333303515e-06
0.001517,0.001528209999999999,-1.1209999999999129e-05
0.00148,0.0014807533333333347,-7.533333333347141e-07
0.001522,0.0015308033333333347,-8.803333333334828e-06
0.001484,0.0014869566666666654,-2.9566666666653706e-06
0.001526,0.001535323333333335,-9.323333333334993e-06
0.001489,0.0014869033333333324,2.096666666667659e-06
0.001531,0.0015329633333333325,-1.9633333333325155e-06
0.001494,0.0014912000000000003,2.7999999999998512e-06
0.001536,0.0015382566666666654,-2.256666666665408e-06
0.001499,0.0015014433333333337,-2.443333333333785e-06
0.00154,0.0015521799999999965,-1.217999999999662e-05
0.001504,0.0015085466666666645,-4.5466666666646015e-06
0.001545,0.0015622933333333344,-1.7293333333334498e-05
0.001509,0.001510726666666666,-1.7266666666661701e-06
0.00155,0.0015621266666666662,-1.2126666666666206e-05
0.001514,0.0015163300000000006,-2.330000000000691e-06
0.001555,0.0015610033333333304,-6.003333333330424e-06
0.001519,0.0015170500000000016,1.949999999998394e-06
0.001561,0.0015642633333333316,-3.263333333331517e-06
0.001525,0.0015275000000000002,-2.500000000000115e-06
0.001566,0.001575370000000003,-9.370000000003117e-06
0.00153,0.001532296666666668,-2.296666666668206e-06
0.001572,0.0015805933333333344,-8.593333333334341e-06
0.001536,0.0015397133333333295,-3.713333333329495e-06
0.001577,0.0015882733333333337,-1.1273333333333604e-05
0.001542,0.0015442633333333294,-2.263333333329433e-06
0.001583,0.0015907966666666648,-7.796666666664816e-06
0.001548,0.001549850000000003,-1.8500000000031078e-06
0.001589,0.0015999633333333347,-1.0963333333334794e-05
0.001553,0.0015508999999999976,2.1000000000022737e-06
0.001595,0.001597170000000002,-2.170000000001858e-06
0.001559,0.0015616266666666635,-2.6266666666634273e-06
0.001601,0.0016097300000000056,-8.730000000005617e-06
0.001565,0.0015691433333333317,-4.143333333331712e-06
0.001607,0.0016207266666666673,-1.372666666666733e-05
0.001571,0.0015743033333333323,-3.3033333333323638e-06
0.001613,0.0016242900000000002,-1.1290000000000171e-05
0.001577,0.0015772499999999988,-2.4999999999873214e-07
0.001619,0.0016221033333333283,-3.1033333333283473e-06
0.001583,0.0015876833333333326,-4.683333333332625e-06
0.001625,0.00163556,-1.056000000000017e-05
0.001589,0.001589963333333334,-9.633333333341175e-07
0.001631,0.00163508,-4.079999999999839e-06
0.001595,0.00159918,-4.179999999999896e-06
0.001637,0.001640716666666663,-3.7166666666630255e-06
0.001601,0.0015982733333333356,2.7266666666643513e-06
0.001643,0.001637389999999997,5.610000000002896e-06
0.001607,0.001610056666666666,-3.056666666666078e-06
0.00165,0.0016539199999999995,-3.919999999999488e-06
0.001613,0.0016132933333333377,-2.933333333376628e-07
0.001656,0.00165987,-3.870000000000002e-06
0.001619,0.001623653333333332,-4.653333333331936e-06
0.001662,0.0016698566666666637,-7.856666666663592e-06
0.001625,0.0016259400000000002,-9.400000000002722e-07
0.001667,0.001669936666666666,-2.936666666665923e-06
0.00163,0.00162914,8.5999999999988e-07
0.001673,0.0016745233333333343,-1.5233333333342612e-06
0.001636,0.0016364099999999985,-4.0999999999843245e-07
0.001679,0.0016840499999999994,-5.049999999999499e-06
0.001642,0.0016411566666666652,8.433333333348302e-07
0.001685,0.00168689333333333,-1.8933333333298955e-06
0.001648,0.0016452966666666664,2.703333333333542e-06
0.001691,0.0016895199999999956,1.4800000000044378e-06
0.001653,0.0016557466666666668,-2.7466666666668346e-06
0.001696,0.0017003866666666645,-4.3866666666644676e-06
0.001659,0.0016613633333333326,-2.3633333333325252e-06
0.001702,0.0017045966666666675,-2.5966666666675086e-06
0.001664,0.0016646900000000036,-6.900000000037085e-07
0.001707,0.001708189999999999,-1.1899999999990044e-06
0.00167,0.001672223333333332,-2.2233333333320556e-06
0.001713,0.0017163733333333347,-3.373333333334767e-06
0.001675,0.0016725866666666696,2.4133333333304936e-06
0.001718,0.0017181100000000032,-1.1000000000324986e-07
0.00168,0.001680263333333332,-2.633333333319863e-07
0.001724,0.0017258966666666676,-1.8966666666675458e-06
0.001685,0.0016868500000000054,-1.8500000000052762e-06
0.001729,0.001732690000000002,-3.6900000000019383e-06
0.00169,0.0016934900000000008,-3.4900000000007408e-06
0.001734,0.00173976666666667,-5.766666666669933e-06
0.001695,0.0016971233333333364,-2.1233333333365526e-06
0.00174,0.0017432133333333344,-3.213333333334416e-06
0.001701,0.0016994700000000022,1.5299999999978525e-06
0.001745,0.0017462633333333384,-1.2633333333384074e-06
0.001706,0.0017108533333333338,-4.853333333333784e-06
0.00175,0.0017568400000000013,-6.840000000001229e-06
0.001711,0.0017126966666666662,-1.6966666666661315e-06
0.001755,0.0017570799999999994,-2.0799999999993567e-06
0.001716,0.001717286666666663,-1.2866666666629285e-06
0.00176,0.0017627366666666691,-2.7366666666690624e-06
0.001721,0.001722716666666666,-1.7166666666660127e-06
0.001765,0.0017688600000000027,-3.860000000002663e-06
0.001726,0.0017283499999999963,-2.3499999999962353e-06
0.001771,0.0017742266666666683,-3.226666666668321e-06
0.001731,0.0017325566666666695,-1.556666666669565e-06
0.001776,0.0017795666666666655,-3.5666666666654342e-06
0.001736,0.0017383700000000006,-2.37000000000067e-06
0.001781,0.001786406666666665,-5.406666666664915e-06
0.001741,0.0017419166666666694,-9.166666666694627e-07
0.001786,0.0017889666666666619,-2.966666666661842e-06
0.001746,0.001746836666666666,-8.366666666660347e-07
0.001791,0.0017936333333333353,-2.6333333333352586e-06
0.001751,0.00175246666666667,-1.4666666666700995e-06
0.001796,0.0018004333333333353,-4.433333333335194e-06
0.001757,0.001755413333333335,1.58666666666505e-06
0.001802,0.0018030600000000041,-1.0600000000041132e-06
0.001762,0.0017625333333333363,-5.333333333364543e-07
0.001807,0.001810220000000002,-3.2200000000019106e-06
0.001767,0.0017687933333333376,-1.793333333337645e-06
0.001813,0.001816820000000001,-3.820000000001166e-06
0.001773,0.0017703966666666711,2.6033333333289315e-06
0.001819,0.0018187733333333337,2.2666666666640474e-07
0.001778,0.0017750966666666705,2.903333333329535e-06
0.001824,0.00182222,1.7800000000000541e-06
0.001784,0.0017825366666666695,1.4633333333304976e-06
0.00183,0.0018301866666666647,-1.8666666666469073e-07
0.00179,0.0018069866666666668,-1.6986666666666834e-05
0.001836,0.0018676966666666653,-3.169666666666534e-05
0.001796,0.001803589999999999,-7.589999999998943e-06
0.001842,0.0018561199999999995,-1.411999999999941e-05
0.001801,0.0018043300000000003,-3.330000000000173e-06
0.001848,0.0018558366666666663,-7.836666666666313e-06
0.001807,0.0018111266666666673,-4.126666666667313e-06
0.001854,0.001863459999999996,-9.459999999996077e-06
0.001813,0.001819743333333335,-6.743333333335136e-06
0.00186,0.0018719200000000017,-1.1920000000001634e-05
0.001819,0.0018209566666666655,-1.9566666666654547e-06
0.001866,0.0018721533333333343,-6.153333333334303e-06
0.001825,0.0018279166666666713,-2.916666666671246e-06
0.001873,0.001877723333333333,-4.723333333332821e-06
0.001831,0.0018263499999999987,4.650000000001224e-06
0.001879,0.0018756966666666733,3.303333333326726e-06
0.001837,0.0018383033333333391,-1.3033333333390372e-06
0.001885,0.0018877899999999977,-2.789999999997742e-06
0.001844,0.0018448433333333354,-8.433333333354807e-07
0.001891,0.0018965700000000009,-5.570000000000748e-06
0.00185,0.0018452466666666694,4.753333333330691e-06
0.001898,0.0018942833333333328,3.7166666666671455e-06
0.001856,0.0018569833333333338,-9.833333333337819e-07
0.001904,0.001906546666666667,-2.546666666666938e-06
0.001862,0.0018551233333333331,6.87666666666681e-06
0.00191,0.0019050900000000034,4.9099999999966445e-06
0.001868,0.0018642833333333306,3.7166666666695308e-06
0.001917,0.0019134633333333366,3.536666666663444e-06
0.001875,0.0018828433333333357,-7.84333333333576e-06
0.001923,0.0019354333333333306,-1.2433333333330618e-05
0.001881,0.001878340000000002,2.6599999999980806e-06
0.00193,0.001928223333333335,1.7766666666650058e-06
0.001888,0.0018807866666666732,7.213333333326707e-06
0.001937,0.0019308433333333301,6.156666666669785e-06
0.001894,0.0018934866666666667,5.133333333333205e-07
0.001943,0.0019415833333333325,1.4166666666675775e-06
0.0019,0.0018977100000000012,2.28999999999876e-06
0.00195,0.0019480366666666667,1.963333333333166e-06
0.001907,0.001898003333333335,8.996666666665062e-06
0.001957,0.0019513433333333326,5.656666666667334e-06
0.001914,0.0019085133333333342,5.486666666665741e-06
0.001963,0.0019621466666666673,8.533333333326024e-07
0.00192,0.0019173933333333309,2.606666666669184e-06
0.00197,0.0019694566666666664,5.43333333333576e-07
0.001927,0.0019276599999999966,-6.599999999967309e-07
0.001977,0.001977286666666666,-2.8666666666583157e-07
0.001934,0.0019346833333333368,-6.833333333368646e-07
0.001984,0.0019843133333333385,-3.133333333384114e-07
0.00194,0.0019352166666666648,4.783333333335284e-06
0.00199,0.001984073333333332,5.9266666666678985e-06
0.001947,0.0019484133333333368,-1.413333333336866e-06
0.001997,0.001998383333333333,-1.3833333333329242e-06
0.001954,0.0019521566666666648,1.8433333333351797e-06
0.002004,0.0020011733333333394,2.8266666666607217e-06
0.001961,0.001960449999999998,5.500000000019378e-07
0.002011,0.002010720000000002,2.7999999999833713e-07
0.001967,0.0019668766666666644,1.2333333333563665e-07
0.002018,0.0020170466666666696,9.533333333302738e-07
0.001974,0.0019725433333333355,1.456666666664521e-06
0.002025,0.0020227133333333364,2.286666666663495e-06
0.001981,0.00198697,-5.9699999999996735e-06
0.002032,0.0020432333333333403,-1.1233333333340347e-05
0.001988,0.001985026666666671,2.9733333333291194e-06
0.002039,0.002035853333333335,3.1466666666648928e-06
0.001995,0.001997806666666668,-2.806666666668213e-06
0.002046,0.002049683333333339,-3.6833333333387806e-06
0.002003,0.0019968300000000002,6.169999999999787e-06
0.002054,0.0020482300000000055,5.769999999994356e-06
0.00201,0.002013280000000003,-3.280000000003072e-06
0.002061,0.002067029999999998,-6.029999999998016e-06
0.002017,0.0020276966666666683,-1.0696666666668193e-05
0.002069,0.0020830399999999965,-1.4039999999996416e-05
0.002025,0.0020224766666666633,2.5233333333365623e-06
0.002076,0.0020751499999999935,8.500000000066614e-07
0.002032,0.0020303033333333373,1.696666666662662e-06
0.002084,0.002078636666666665,5.363333333334875e-06
0.00204,0.002039829999999999,1.700000000011588e-07
0.002092,0.0020939099999999974,-1.9099999999973305e-06
0.002048,0.0020508466666666635,-2.8466666666636387e-06
0.0021,0.0021053166666666636,-5.316666666663715e-06
0.002056,0.0020492966666666697,6.703333333330386e-06
0.002108,0.002099106666666667,8.893333333332993e-06
0.002064,0.0020685899999999986,-4.589999999998762e-06
0.002116,0.002121943333333336,-5.943333333336201e-06
0.002072,0.0020698366666666653,2.163333333334797e-06
0.002124,0.0021217733333333375,2.2266666666625502e-06
0.00208,0.002083759999999996,-3.7599999999963184e-06
0.002132,0.002138923333333334,-6.92333333333385e-06
0.002088,0.002090736666666664,-2.7366666666638582e-06
0.002141,0.002145656666666671,-4.656666666671104e-06
0.002096,0.0020967733333333337,-7.733333333335111e-07
0.002149,0.002144879999999998,4.120000000001987e-06
0.002105,0.002104019999999994,9.800000000058894e-07
0.002157,0.0021568766666666666,1.2333333333346824e-07
0.002113,0.00211988666666667,-6.8866666666700035e-06
0.002166,0.002175660000000002,-9.660000000002045e-06
0.002122,0.0021214333333333343,5.666666666659034e-07
0.002175,0.002174190000000001,8.09999999998659e-07
0.002131,0.002128086666666667,2.913333333332945e-06
0.002184,0.0021795033333333338,4.496666666666416e-06
0.00214,0.002152823333333331,-1.2823333333330904e-05
0.002192,0.0022096933333333344,-1.7693333333334508e-05
0.002149,0.0021425133333333323,6.486666666667609e-06
0.002201,0.002194833333333334,6.1666666666660395e-06
0.002158,0.0021524799999999987,5.520000000001479e-06
0.00221,0.0022044333333333327,5.5666666666674344e-06
0.002167,0.002171266666666665,-4.2666666666647465e-06
0.00222,0.0022254333333333325,-5.433333333332291e-06
0.002177,0.002188040000000001,-1.1040000000000789e-05
0.00223,0.0022432833333333345,-1.3283333333334243e-05
0.002187,0.0021899033333333323,-2.903333333332137e-06
0.00224,0.0022436133333333373,-3.6133333333374616e-06
0.002198,0.002209479999999998,-1.1479999999998176e-05
0.00225,0.002265933333333335,-1.5933333333334986e-05
0.002208,0.0022060666666666663,1.933333333333561e-06
0.002261,0.0022588033333333394,2.19666666666056e-06
0.002219,0.0022157666666666625,3.23333333333755e-06
0.002272,0.0022663666666666664,5.633333333333705e-06
0.002231,0.0022311500000000008,-1.500000000008439e-07
0.002283,0.0022849500000000017,-1.9500000000018634e-06
0.002243,0.002246596666666669,-3.5966666666687255e-06
0.002294,0.0022977999999999952,-3.7999999999952135e-06
0.002256,0.0022503200000000014,5.679999999998794e-06
0.002307,0.002303399999999997,3.6000000000029064e-06
0.002269,0.002270380000000001,-1.3800000000009117e-06
0.002319,0.0023207766666666642,-1.7766666666643553e-06
0.002282,0.0022863266666666646,-4.32666666666439e-06
0.002333,0.0023371633333333303,-4.163333333330292e-06
0.002297,0.002310703333333332,-1.3703333333332183e-05
0.002346,0.0023640266666666685,-1.8026666666668464e-05
0.002312,0.0023145966666666693,-2.59666666666946e-06
0.002361,0.002365886666666669,-4.886666666669304e-06
0.002328,0.002335109999999997,-7.109999999996806e-06
0.002375,0.002382533333333333,-7.5333333333332635e-06
0.002344,0.0023440266666666723,-2.666666667214615e-08
0.002391,0.0023907566666666593,2.4333333334056184e-07
0.002361,0.0023633766666666654,-2.3766666666655625e-06
0.002407,0.0024076066666666607,-6.066666666608954e-07
0.002379,0.002389373333333328,-1.0373333333328107e-05
0.002423,0.0024373766666666665,-1.4376666666666722e-05
0.002398,0.002427136666666667,-2.9136666666667102e-05
0.002441,0.0024807133333333326,-3.971333333333254e-05
0.002417,0.002428733333333333,-1.173333333333304e-05
0.002459,0.002484200000000002,-2.520000000000213e-05
0.002438,0.0024816899999999986,-4.3689999999998574e-05
0.002478,0.0025372000000000007,-5.920000000000057e-05
0.002459,0.0024570533333333373,1.9466666666624784e-06
0.002498,0.002521623333333328,-2.3623333333328347e-05
0.002481,0.0025036866666666665,-2.2686666666666376e-05
0.002518,0.002555000000000002,-3.700000000000231e-05
0.002504,0.0025284433333333336,-2.4443333333333452e-05
0.002538,0.002593723333333342,-5.5723333333341975e-05
0.002527,0.0025517233333333315,-2.4723333333331356e-05
0.002559,0.0026132066666666775,-5.420666666667738e-05
0.002552,0.002554066666666668,-2.0666666666678372e-06
0.002581,0.002592920000000009,-1.1920000000009007e-05
0.002577,0.0026172233333333315,-4.022333333333168e-05
0.002604,0.002669226666666675,-6.522666666667482e-05
0.002603,0.0025915333333333323,1.1466666666667524e-05
0.002627,0.002616100000000004,1.0899999999995982e-05
0.00263,0.00262475333333333,5.2466666666697685e-06
0.002651,0.002652780000000002,-1.7800000000020057e-06
0.002657,0.0026819499999999963,-2.4949999999996243e-05
0.002675,0.0027006699999999983,-2.5669999999998472e-05
0.002684,0.0027400333333333295,-5.603333333332929e-05
0.0027,0.0027636066666666607,-6.360666666666058e-05
0.002712,0.0027415466666666716,-2.9546666666671606e-05
0.002725,0.0027678433333333287,-4.2843333333328695e-05
0.002741,0.002758730000000003,-1.7730000000003125e-05
0.002751,0.0027660899999999962,-1.5089999999996252e-05
0.00277,0.002778596666666665,-8.596666666665052e-06
0.002777,0.0027835933333333284,-6.593333333328438e-06
0.002799,0.0027735566666666728,2.544333333332708e-05
0.002803,0.0027726033333333316,3.0396666666668293e-05
0.002829,0.002841556666666668,-1.255666666666799e-05
0.00283,0.00283785333333334,-7.853333333340037e-06
0.002859,0.0028678533333333367,-8.8533333333367e-06
0.002858,0.0028643133333333326,-6.3133333333327026e-06
0.002889,0.0028693800000000012,1.961999999999884e-05
0.002885,0.002887570000000002,-2.5700000000020845e-06
0.002919,0.0029249499999999956,-5.9499999999954555e-06
0.002913,0.0029544500000000047,-4.145000000000494e-05
0.002949,0.0028703199999999957,7.868000000000415e-05
0.002941,0.002909726666666667,3.127333333333322e-05
0.002979,0.0029898633333333324,-1.086333333333257e-05
0.002969,0.0030278133333333348,-5.88133333333349e-05
0.003009,0.002967686666666657,4.1313333333342986e-05
0.002996,0.0029585900000000005,3.740999999999944e-05
0.003038,0.002990763333333332,4.723666666666803e-05
0.003024,0.0029759933333333368,4.800666666666346e-05
0.003067,0.003025456666666661,4.154333333333902e-05
0.003052,0.00300284666666667,4.915333333332982e-05
0.003096,0.0030054699999999997,9.053000000000012e-05
0.00308,0.0029480033333333347,0.00013199666666666512
0.003123,0.003064959999999997,5.8040000000003124e-05
0.003107,0.0030262066666666694,8.079333333333057e-05
0.00315,0.0030941499999999965,5.585000000000355e-05
0.003133,0.003055143333333337,7.785666666666313e-05
0.003176,0.003121589999999993,5.44100000000069e-05
0.003159,0.0030923933333333433,6.660666666665664e-05
0.0032,0.0032132699999999907,-1.3269999999990581e-05
0.003184,0.0032056533333333303,-2.1653333333330072e-05
0.003222,0.0032242733333333355,-2.273333333335445e-06
0.003207,0.0032154166666666676,-8.416666666667422e-06
0.003244,0.003225679999999985,1.83200000000148e-05
0.003229,0.0032124033333333197,1.6596666666680426e-05
0.003263,0.003272749999999995,-9.749999999995006e-06
0.00325,0.0032717933333333334,-2.1793333333333578e-05
0.003281,0.0032826833333333425,-1.6833333333424183e-06
0.00327,0.003278109999999989,-8.109999999989133e-06
0.003298,0.0033144133333333253,-1.6413333333325196e-05
0.003289,0.0033286999999999965,-3.969999999999668e-05
0.003314,0.0033242899999999936,-1.0289999999993533e-05
0.003307,0.0033431899999999968,-3.618999999999671e-05
0.003328,0.0033342500000000017,-6.250000000001914e-06
0.003324,0.003348710000000001,-2.4710000000000704e-05
0.003341,0.003354026666666665,-1.3026666666665198e-05
0.00334,0.0033690433333333275,-2.9043333333327384e-05
0.003353,0.003362216666666666,-9.216666666665707e-06
0.003355,0.00338009666666666,-2.5096666666660303e-05
0.003364,0.0033526366666666706,1.1363333333329166e-05
0.003369,0.003366533333333334,2.4666666666658954e-06
0.003374,0.003376356666666668,-2.3566666666682834e-06
0.003383,0.003391866666666672,-8.866666666671689e-06
0.003382,0.0033832666666666652,-1.2666666666652157e-06
0.003395,0.0033967100000000115,-1.7100000000115287e-06
0.00339,0.003387776666666668,2.2233333333318388e-06
0.003406,0.0034039666666666763,2.03333333332386e-06
0.003398,0.0033968533333333354,1.1466666666646273e-06
0.003417,0.003417396666666679,-3.966666666790561e-07
0.003405,0.0033990033333333464,5.996666666653605e-06
0.003426,0.003420466666666677,5.53333333332259e-06
0.003411,0.003408699999999994,2.3000000000058564e-06
0.003434,0.0034327866666666786,1.213333333321357e-06
0.003416,0.003415203333333345,7.966666666549965e-07
0.003441,0.0034398666666666687,1.1333333333313732e-06
0.003421,0.0034169399999999994,4.060000000000608e-06
0.003447,0.0034432566666666815,3.743333333318475e-06
0.003426,0.003422263333333328,3.7366666666717972e-06
0.003452,0.003449773333333328,2.226666666672091e-06
0.003431,0.0034209500000000064,1.0049999999993658e-05
0.003458,0.003447506666666674,1.0493333333326093e-05
0.003436,0.00343280333333332,3.1966666666797747e-06
0.003463,0.0034597599999999992,3.2400000000007076e-06
0.003442,0.0034401333333333255,1.8666666666746629e-06
0.003468,0.003468693333333325,-6.93333333324879e-07
0.003447,0.0034418333333333167,5.166666666683254e-06
0.003473,0.0034685900000000105,4.409999999989422e-06
0.003452,0.0034454299999999907,6.570000000009554e-06
0.003477,0.0034716233333333393,5.3766666666607565e-06
0.003456,0.0034513833333333324,4.6166666666674384e-06
0.003481,0.003476239999999986,4.760000000014232e-06
0.003459,0.0034566766666666747,2.3233333333251734e-06
0.003483,0.003481073333333319,1.9266666666808117e-06
0.003461,0.00345812333333333,2.8766666666699657e-06
0.003485,0.0034821866666666706,2.8133333333292022e-06
0.003462,0.0034605566666666633,1.443333333336471e-06
0.003486,0.0034841700000000004,1.8299999999995403e-06
0.003463,0.0034613899999999947,1.6100000000051837e-06
0.003486,0.0034846233333333232,1.3766666666767055e-06
0.003462,0.0034614933333333296,5.066666666701629e-07
0.003485,0.0034850233333333326,-2.333333333276108e-08
0.00346,0.0034610333333333298,-1.0333333333297987e-06
0.003483,0.00348457,-1.570000000000217e-06
0.003456,0.0034583333333333367,-2.3333333333368234e-06
0.003479,0.003482213333333335,-3.2133333333350667e-06
0.00345,0.003455113333333335,-5.113333333335059e-06
0.003474,0.0034789600000000006,-4.9600000000004675e-06
0.003443,0.0034415266666666627,1.4733333333371602e-06
0.003468,0.0034662933333333376,1.7066666666626026e-06
0.003435,0.0034438566666666545,-8.856666666654401e-06
0.003461,0.0034691266666666723,-8.12666666667218e-06
0.003424,0.0034190366666666614,4.9633333333385515e-06
0.003452,0.003443936666666673,8.06333333332708e-06
0.003412,0.0034012800000000035,1.0719999999996618e-05
0.003441,0.003426240000000004,1.4759999999996044e-05
0.003398,0.003374233333333341,2.3766666666659095e-05
0.003428,0.003392783333333338,3.521666666666222e-05
0.003383,0.0033661766666666687,1.6823333333331435e-05
0.003414,0.003385063333333335,2.893666666666482e-05
0.003365,0.0033469800000000016,1.8019999999998367e-05
0.003397,0.003362413333333334,3.458666666666596e-05
0.003346,0.0033195033333333354,2.6496666666664566e-05
0.003379,0.0033438633333333218,3.513666666667831e-05
0.003324,0.0032860533333333324,3.794666666666769e-05
0.003358,0.003302729999999996,5.527000000000396e-05
0.0033,0.00326685666666666,3.31433333333399e-05
0.003335,0.0032896800000000027,4.5319999999997133e-05
0.003273,0.0032478500000000013,2.5149999999998524e-05
0.00331,0.00327870666666667,3.129333333333007e-05
0.003244,0.0031950933333333405,4.890666666665941e-05
0.003283,0.0032393299999999973,4.3670000000002596e-05
0.003213,0.0031636133333333193,4.938666666668085e-05
0.003253,0.0032054866666666655,4.7513333333334355e-05
0.00318,0.0031385100000000023,4.148999999999776e-05
0.003222,0.0031825233333333315,3.947666666666858e-05
0.003144,0.0030829400000000023,6.105999999999777e-05
0.003188,0.0031304933333333247,5.7506666666675126e-05
0.003106,0.003071143333333331,3.4856666666668694e-05
0.003153,0.0031266566666666605,2.6343333333339516e-05
0.003065,0.0030309066666666692,3.4093333333330787e-05
0.003115,0.0030855833333333317,2.9416666666668475e-05
0.003023,0.002959609999999997,6.339000000000301e-05
0.003076,0.0030070200000000048,6.89799999999954e-05
0.00298,0.0029367666666666663,4.323333333333375e-05
0.003035,0.002975013333333332,5.998666666666777e-05
0.002935,0.0029052899999999983,2.97100000000018e-05
0.002992,0.0029407100000000005,5.128999999999941e-05
0.00289,0.0028737533333333316,1.6246666666668626e-05
0.002949,0.002915343333333337,3.365666666666281e-05
0.002844,0.002836839999999997,7.160000000003015e-06
0.002904,0.0028758266666666673,2.817333333333255e-05
0.002797,0.0027781699999999973,1.8830000000002664e-05
0.00286,0.0028177500000000025,4.2249999999997585e-05
0.002751,0.0027536366666666675,-2.636666666667488e-06
0.002815,0.0027945133333333364,2.0486666666663395e-05
0.002706,0.0026945566666666644,1.144333333333563e-05
0.002771,0.0027296799999999982,4.132000000000181e-05
0.002661,0.0026322600000000013,2.8739999999998888e-05
0.002727,0.002685266666666674,4.1733333333325746e-05
0.002618,0.0026107700000000036,7.229999999996527e-06
0.002685,0.0026649833333333302,2.0016666666669656e-05
0.002576,0.0025473033333333274,2.869666666667275e-05
0.002643,0.0025939533333333344,4.904666666666552e-05
0.002535,0.002507353333333337,2.764666666666294e-05
0.002603,0.002553110000000003,4.988999999999688e-05
0.002496,0.0024640866666666705,3.191333333332942e-05
0.002564,0.002508190000000005,5.580999999999468e-05
0.002458,0.0024298066666666616,2.8193333333338504e-05
0.002526,0.0024795666666666684,4.643333333333166e-05
0.002423,0.002393553333333332,2.9446666666667863e-05
0.002491,0.002441759999999999,4.9240000000001175e-05
0.002389,0.0023680433333333325,2.0956666666667543e-05
0.002457,0.002420136666666662,3.686333333333819e-05
0.002357,0.002348243333333333,8.756666666667138e-06
0.002425,0.002402016666666662,2.298333333333822e-05
0.002326,0.0023066533333333315,1.934666666666843e-05
0.002394,0.0023611533333333288,3.284666666667109e-05
0.002298,0.0022753033333333355,2.2696666666664582e-05
0.002366,0.0023285266666666624,3.74733333333376e-05
0.002271,0.002251150000000001,1.984999999999921e-05
0.002339,0.0023108466666666625,2.815333333333744e-05
0.002246,0.0022323499999999997,1.3650000000000467e-05
0.002314,0.002288893333333332,2.510666666666805e-05
0.002222,0.002210696666666666,1.130333333333386e-05
0.002292,0.002264653333333335,2.7346666666665156e-05
0.0022,0.0021859066666666655,1.4093333333334637e-05
0.00227,0.00224015,2.984999999999967e-05
0.002179,0.002161896666666664,1.7103333333335843e-05
0.002249,0.0022162266666666706,3.277333333332952e-05
0.002159,0.0021477366666666662,1.1263333333333663e-05
0.002227,0.0022012133333333362,2.5786666666663578e-05
0.002139,0.0021329966666666666,6.0033333333332425e-06
0.002205,0.0021879999999999972,1.700000000000269e-05
0.002121,0.0021144200000000023,6.5799999999977855e-06
0.002183,0.0021687033333333315,1.4296666666668498e-05
0.002104,0.002099573333333336,4.426666666663796e-06
0.002164,0.002149143333333333,1.485666666666734e-05
0.002087,0.002079353333333334,7.646666666665924e-06
0.002147,0.0021336100000000032,1.3389999999996807e-05
0.002071,0.002067686666666666,3.313333333334039e-06
0.002131,0.002123100000000003,7.899999999996885e-06
0.002055,0.002050760000000001,4.239999999999106e-06
0.002114,0.0021138033333333306,1.9666666666940183e-07
0.00204,0.0020630566666666682,-2.3056666666668082e-05
0.002098,0.0021255833333333287,-2.7583333333328682e-05
0.002026,0.0020286833333333395,-2.6833333333395153e-06
0.002082,0.0020865266666666646,-4.5266666666645035e-06
0.002012,0.002015666666666663,-3.6666666666631056e-06
0.002067,0.0020704866666666675,-3.486666666667644e-06
0.001998,0.0020136666666666675,-1.56666666666673e-05
0.002052,0.002074886666666672,-2.2886666666672127e-05
0.001985,0.0019930833333333346,-8.083333333334768e-06
0.002038,0.002051156666666674,-1.3156666666673967e-05
0.001973,0.001970286666666666,2.713333333334133e-06
0.002025,0.0020231233333333353,1.8766666666646288e-06
0.001961,0.001982573333333334,-2.1573333333334017e-05
0.002014,0.0020444900000000017,-3.0490000000001505e-05
0.00195,0.001972063333333333,-2.2063333333333275e-05
0.002003,0.002035250000000005,-3.225000000000493e-05
0.001938,0.0019377799999999968,2.200000000032471e-07
0.001993,0.0019939599999999977,-9.599999999977682e-07
0.001926,0.0019509266666666648,-2.4926666666664783e-05
0.001983,0.002015866666666671,-3.286666666667097e-05
0.001912,0.0019351333333333346,-2.313333333333451e-05
0.001973,0.002000120000000003,-2.712000000000287e-05
0.001898,0.0019135366666666734,-1.5536666666673494e-05
0.001962,0.001976140000000001,-1.4140000000000593e-05
0.001885,0.0019106200000000011,-2.5620000000001154e-05
0.001951,0.0019736166666666677,-2.261666666666766e-05
0.001874,0.0019046900000000012,-3.0690000000001185e-05
0.001939,0.0019739733333333344,-3.497333333333445e-05
0.001863,0.0018808699999999978,-1.786999999999774e-05
0.001928,0.0019453666666666702,-1.7366666666670215e-05
0.001853,0.0018508633333333346,2.13666666666547e-06
0.001917,0.0019069033333333333,1.009666666666677e-05
0.001843,0.0018381433333333286,4.856666666671434e-06
0.001907,0.0018905700000000024,1.642999999999762e-05
0.001833,0.0018424199999999993,-9.41999999999935e-06
0.001896,0.0019025433333333308,-6.543333333330903e-06
0.001822,0.001830983333333333,-8.983333333332892e-06
0.001886,0.0018906733333333289,-4.673333333328781e-06
0.001812,0.001819323333333329,-7.323333333328873e-06
0.001876,0.0018791833333333366,-3.183333333336546e-06
0.001802,0.0018181833333333335,-1.61833333333335e-05
0.001866,0.00188339,-1.738999999999994e-05
0.001793,0.001804753333333336,-1.1753333333335957e-05
0.001857,0.0018656766666666658,-8.676666666665878e-06
0.001783,0.0017832033333333374,-2.0333333333732995e-07
0.001847,0.0018400900000000006,6.909999999999295e-06
0.001775,0.001775786666666672,-7.866666666719695e-07
0.001838,0.0018330533333333337,4.946666666666346e-06
0.001767,0.0017643600000000008,2.6399999999990667e-06
0.001829,0.0018204466666666675,8.55333333333241e-06
0.001759,0.0017630400000000017,-4.040000000001811e-06
0.00182,0.0018207533333333367,-7.533333333366657e-07
0.001753,0.0017487633333333381,4.236666666661889e-06
0.001812,0.0018047199999999986,7.280000000001435e-06
0.001746,0.0017540166666666687,-8.016666666668714e-06
0.001803,0.001815533333333333,-1.253333333333306e-05
0.00174,0.001743140000000001,-3.1400000000010846e-06
0.001795,0.0017993400000000034,-4.340000000003499e-06
0.001734,0.0017304833333333298,3.516666666670285e-06
0.001786,0.0017831866666666654,2.8133333333346233e-06
0.001727,0.0017237033333333362,3.296666666663785e-06
0.001778,0.0017758266666666688,2.1733333333312684e-06
0.00172,0.0017184933333333355,1.506666666664441e-06
0.00177,0.0017716633333333357,-1.6633333333355982e-06
0.001712,0.0017130633333333372,-1.06333333333721e-06
0.001762,0.0017654900000000032,-3.490000000003343e-06
0.001705,0.0017022666666666657,2.733333333334231e-06
0.001755,0.0017540866666666737,9.133333333263913e-07
0.001698,0.0016995333333333367,-1.533333333336587e-06
0.001748,0.0017524166666666673,-4.416666666667325e-06
0.001691,0.0016992733333333317,-8.273333333331688e-06
0.001741,0.0017557766666666686,-1.4776666666668683e-05
0.001684,0.0016854466666666645,-1.4466666666645804e-06
0.001734,0.0017383266666666634,-4.326666666663306e-06
0.001677,0.001680090000000002,-3.0900000000018153e-06
0.001727,0.0017353166666666693,-8.316666666669317e-06
0.001671,0.001668546666666665,2.4533333333350265e-06
0.00172,0.001719096666666667,9.033333333329559e-07
0.001664,0.001662113333333331,1.8866666666689062e-06
0.001714,0.0017117666666666704,2.233333333329611e-06
0.001658,0.0016627799999999991,-4.779999999999151e-06
0.001707,0.0017159033333333333,-8.903333333333367e-06
0.001652,0.0016498133333333288,2.1866666666712446e-06
0.001701,0.0016986200000000014,2.3799999999986592e-06
0.001646,0.0016469033333333292,-9.033333333292697e-07
0.001695,0.0016982466666666648,-3.2466666666649494e-06
0.00164,0.0016400833333333332,-8.333333333327211e-08
0.001689,0.0016892366666666644,-2.366666666643938e-07
0.001634,0.0016343166666666637,-3.1666666666370184e-07
0.001683,0.0016839366666666655,-9.366666666654408e-07
0.001629,0.0016284366666666674,5.633333333325899e-07
0.001677,0.0016799499999999986,-2.9499999999985267e-06
0.001623,0.0016283500000000004,-5.35000000000032e-06
0.001671,0.001682763333333334,-1.1763333333333946e-05
0.001617,0.001614419999999999,2.580000000000941e-06
0.001665,0.0016619433333333342,3.056666666665861e-06
0.001612,0.001611393333333331,6.066666666689185e-07
0.00166,0.0016595300000000028,4.6999999999720876e-07
0.001606,0.0016055233333333373,4.7666666666275163e-07
0.001654,0.001653830000000003,1.6999999999703884e-07
0.001601,0.0016008933333333296,1.0666666667037e-07
0.001649,0.00164988333333333,-8.833333333298221e-07
0.001596,0.0015960500000000047,-5.000000000469039e-08
0.001644,0.0016426700000000023,1.3299999999977392e-06
0.001591,0.0015918166666666661,-8.166666666661535e-07
0.001639,0.0016387933333333348,2.0666666666522247e-07
0.001587,0.0015875900000000003,-5.900000000001824e-07
0.001634,0.0016387966666666673,-4.796666666667237e-06
0.001582,0.0015798600000000028,2.1399999999972656e-06
0.001629,0.0016273533333333297,1.6466666666703315e-06
0.001578,0.0015799566666666676,-1.956666666667623e-06
0.001625,0.0016301799999999974,-5.179999999997426e-06
0.001573,0.0015727699999999979,2.3000000000210352e-07
0.00162,0.0016213233333333312,-1.323333333331329e-06
0.001569,0.0015703466666666672,-1.3466666666671259e-06
0.001615,0.001619573333333331,-4.57333333333111e-06
0.001564,0.0015686699999999994,-4.669999999999371e-06
0.001611,0.0016199400000000007,-8.940000000000684e-06
0.00156,0.0015638133333333308,-3.813333333330853e-06
0.001607,0.0016147999999999972,-7.799999999997262e-06
0.001557,0.0015575633333333317,-5.633333333317225e-07
0.001604,0.0016054466666666723,-1.4466666666723867e-06
0.001555,0.0015570366666666652,-2.0366666666651965e-06
0.001601,0.0016100899999999994,-9.089999999999359e-06
0.001552,0.0015510999999999954,9.000000000046297e-07
0.001597,0.0015977066666666667,-7.066666666668067e-07
0.001548,0.0015491666666666657,-1.1666666666658096e-06
0.001594,0.0015972566666666687,-3.256666666668793e-06
0.001544,0.0015427199999999966,1.2800000000034572e-06
0.00159,0.0015908033333333312,-8.033333333311646e-07
0.00154,0.0015414766666666635,-1.4766666666635349e-06
0.001586,0.0015903799999999989,-4.379999999998925e-06
0.001536,0.001537883333333334,-1.883333333333858e-06
0.001582,0.001587530000000005,-5.530000000004889e-06
0.001533,0.0015345699999999986,-1.5699999999984823e-06
0.001578,0.001583500000000001,-5.500000000000947e-06
0.001529,0.0015282600000000022,7.399999999977737e-07
0.001574,0.0015742466666666699,-2.466666666697554e-07
0.001526,0.0015264033333333353,-4.033333333352748e-07
0.001571,0.0015726666666666684,-1.666666666668478e-06
0.001523,0.001521216666666674,1.783333333325995e-06
0.001567,0.001568609999999998,-1.609999999998028e-06
0.001519,0.0015182733333333398,7.266666666601827e-07
0.001563,0.0015654966666666667,-2.4966666666668014e-06
0.001516,0.0015204399999999999,-4.439999999999869e-06
0.00156,0.0015712166666666627,-1.121666666666272e-05
0.001512,0.0015137499999999984,-1.7499999999982807e-06
0.001556,0.0015618933333333344,-5.8933333333343295e-06
0.001509,0.0015132966666666693,-4.296666666669339e-06
0.001553,0.0015637233333333314,-1.0723333333331449e-05
0.001506,0.0015089066666666617,-2.9066666666617644e-06
0.00155,0.0015575433333333405,-7.543333333340577e-06
0.001503,0.0015064033333333328,-3.403333333332854e-06
0.001547,0.0015565566666666654,-9.556666666665423e-06
0.0015,0.0015069566666666605,-6.9566666666604805e-06
0.001544,0.0015564066666666704,-1.2406666666670398e-05
0.001497,0.001502489999999998,-5.4899999999979705e-06
0.001541,0.0015503833333333358,-9.38333333333572e-06
0.001494,0.0014947066666666712,-7.066666666711435e-07
0.001537,0.0015417933333333313,-4.793333333331321e-06
0.001491,0.0014980933333333332,-7.0933333333332745e-06
0.001534,0.0015489766666666705,-1.4976666666670531e-05
0.001488,0.0014934066666666696,-5.406666666669686e-06
0.001531,0.0015449833333333373,-1.3983333333337242e-05
0.001485,0.0014911933333333343,-6.1933333333342826e-06
0.001529,0.0015392800000000057,-1.0280000000005736e-05
0.001483,0.0014986333333333324,-1.563333333333243e-05
0.001526,0.0015532900000000008,-2.7290000000000777e-05
0.00148,0.0014855066666666689,-5.506666666668875e-06
0.001523,0.001534513333333339,-1.15133333333389e-05
0.001477,0.001484789999999994,-7.789999999994069e-06
0.00152,0.001533866666666664,-1.3866666666663896e-05
0.001474,0.001497193333333333,-2.3193333333332853e-05
0.001517,0.0015580566666666671,-4.105666666666722e-05
0.001472,0.001472776666666665,-7.7666666666509e-07
0.001515,0.0015198800000000045,-4.880000000004412e-06
0.001469,0.0014706966666666631,-1.6966666666630957e-06
0.001512,0.0015175266666666621,-5.526666666662034e-06
0.001467,0.001471806666666668,-4.806666666668045e-06
0.001509,0.0015231833333333358,-1.4183333333335837e-05
0.001464,0.0014633666666666683,6.333333333317405e-07
0.001507,0.0015063166666666663,6.833333333338288e-07
0.001462,0.0014663033333333383,-4.303333333338351e-06
0.001504,0.0015138133333333285,-9.813333333328613e-06
0.001459,0.0014673866666666704,-8.38666666667042e-06
0.001501,0.0015218166666666625,-2.081666666666252e-05
0.001457,0.0014590133333333367,-2.013333333336772e-06
0.001499,0.0015054633333333298,-6.46333333332986e-06
0.001454,0.0014556966666666642,-1.69666666666418e-06
0.001496,0.0014988699999999924,-2.8699999999924966e-06
0.001452,0.0014538800000000024,-1.880000000002496e-06
0.001494,0.0014998166666666639,-5.816666666663781e-06
0.00145,0.0014510766666666647,-1.0766666666648262e-06
0.001492,0.0014959966666666692,-3.996666666669169e-06
0.001447,0.0014486199999999986,-1.619999999998619e-06
0.001489,0.0014929199999999972,-3.919999999997103e-06
0.001445,0.0014467733333333329,-1.7733333333327765e-06
0.001486,0.00149248,-6.480000000000114e-06
0.001442,0.001445323333333332,-3.323333333332028e-06
0.001484,0.0014912833333333324,-7.283333333332363e-06
0.001439,0.001448926666666663,-9.926666666663008e-06
0.001481,0.0015011733333333323,-2.0173333333332356e-05
0.001436,0.0014380233333333343,-2.0233333333343276e-06
0.001478,0.0014836033333333316,-5.603333333331715e-06
0.001434,0.0014510399999999963,-1.703999999999638e-05
0.001476,0.0015104166666666684,-3.441666666666827e-05
0.001431,0.0014445833333333318,-1.3583333333331811e-05
0.001473,0.001504263333333336,-3.12633333333361e-05
0.001428,0.00144907666666667,-2.1076666666670083e-05
0.00147,0.0015101633333333329,-4.01633333333329e-05
0.001425,0.001439783333333333,-1.4783333333332925e-05
0.001467,0.0014943133333333398,-2.7313333333339827e-05
0.001423,0.0014384166666666675,-1.5416666666667484e-05
0.001464,0.0014928866666666667,-2.8886666666666635e-05
0.00142,0.00143653,-1.653000000000006e-05
0.001462,0.0014913866666666634,-2.938666666666345e-05
0.001417,0.0014246066666666628,-7.606666666662692e-06
0.001459,0.0014718366666666685,-1.2836666666668495e-05
0.001415,0.0014173933333333358,-2.3933333333358165e-06
0.001456,0.0014635633333333333,-7.563333333333302e-06
0.001412,0.0014150766666666693,-3.0766666666692116e-06
0.001454,0.001461249999999999,-7.249999999999011e-06
0.00141,0.0014133600000000028,-3.360000000002814e-06
0.001451,0.0014598466666666664,-8.846666666666387e-06
0.001407,0.0014087999999999978,-1.799999999997767e-06
0.001449,0.0014525366666666658,-3.5366666666658293e-06
0.001405,0.0014094133333333318,-4.413333333331843e-06
0.001446,0.0014555599999999966,-9.559999999996568e-06
0.001403,0.0014055533333333348,-2.5533333333348663e-06
0.001444,0.0014517733333333344,-7.77333333333444e-06
0.0014,0.0014026033333333363,-2.603333333336304e-06
0.001441,0.0014486200000000042,-7.620000000004186e-06
0.001398,0.001406683333333337,-8.683333333337059e-06
0.001439,0.0014559833333333378,-1.6983333333337857e-05
0.001396,0.0013992899999999988,-3.289999999998676e-06
0.001437,0.0014467966666666652,-9.796666666665298e-06
0.001393,0.0014011666666666638,-8.16666666666392e-06
0.001434,0.0014516733333333305,-1.7673333333330507e-05
0.001391,0.0013961633333333346,-5.163333333334545e-06
0.001432,0.001443826666666664,-1.1826666666664085e-05
0.001389,0.0013956200000000058,-6.620000000005788e-06
0.00143,0.0014443566666666658,-1.4356666666665756e-05
0.001387,0.0013990700000000012,-1.2070000000001177e-05
0.001428,0.0014519433333333325,-2.394333333333252e-05
0.001385,0.0013919866666666715,-6.986666666671578e-06
0.001425,0.0014405900000000027,-1.5590000000002607e-05
0.001383,0.001388043333333333,-5.043333333333089e-06
0.001423,0.001434300000000003,-1.1300000000002931e-05
0.00138,0.0013861966666666645,-6.19666666666456e-06
0.001421,0.0014341633333333358,-1.3163333333335824e-05
0.001378,0.0013816466666666635,-3.6466666666634413e-06
0.001419,0.0014274033333333358,-8.403333333335903e-06
0.001376,0.0013878799999999989,-1.1879999999998836e-05
0.001417,0.0014422233333333339,-2.5223333333333807e-05
0.001375,0.0013870866666666661,-1.2086666666666227e-05
0.001415,0.0014420000000000001,-2.7000000000000114e-05
0.001373,0.0013885566666666672,-1.5556666666667086e-05
0.001413,0.0014453433333333327,-3.234333333333272e-05
0.001371,0.001387660000000001,-1.6660000000001023e-05
0.001411,0.0014436033333333318,-3.260333333333183e-05
0.001369,0.0013697266666666617,-7.266666666617006e-07
0.001409,0.0014117300000000047,-2.7300000000046037e-06
0.001368,0.0013728633333333358,-4.863333333335676e-06
0.001408,0.0014156233333333305,-7.6233333333305606e-06
0.001366,0.001367399999999999,-1.3999999999990582e-06
0.001406,0.0014093866666666669,-3.386666666666937e-06
0.001365,0.0013657333333333328,-7.333333333328813e-07
0.001405,0.0014077266666666637,-2.726666666663701e-06
0.001363,0.0013640199999999973,-1.019999999997195e-06
0.001403,0.001405153333333333,-2.153333333333122e-06
0.001362,0.0013609700000000024,1.0299999999975693e-06
0.001402,0.0014011533333333328,8.466666666672763e-07
0.001361,0.001362709999999998,-1.7099999999980846e-06
0.001401,0.0014044966666666692,-3.4966666666693194e-06
0.00136,0.0013599466666666677,5.3333333332366076e-08
0.0014,0.0013997799999999987,2.2000000000129555e-07
0.001359,0.0013587400000000063,2.599999999936854e-07
0.001399,0.0013986200000000056,3.7999999999449065e-07
0.001358,0.0013599466666666714,-1.946666666671369e-06
0.001398,0.0014027000000000026,-4.700000000002662e-06
0.001358,0.0013581966666666684,-1.9666666666831763e-07
0.001398,0.001399659999999999,-1.659999999999032e-06
0.001357,0.0013578133333333406,-8.133333333406462e-07
0.001397,0.0013979033333333358,-9.033333333357749e-07
0.001356,0.0013562766666666717,-2.7666666667174565e-07
0.001396,0.0013956533333333296,3.4666666667046257e-07
0.001356,0.0013590766666666705,-3.0766666666705127e-06
0.001395,0.0014029833333333353,-7.983333333335361e-06
0.001356,0.001358789999999998,-2.789999999997959e-06
0.001395,0.0014027199999999981,-7.719999999998171e-06
0.001355,0.0013555533333333353,-5.533333333352514e-07
0.001395,0.001394559999999999,4.400000000010732e-07
0.001355,0.0013552099999999986,-2.09999999998536e-07
0.001394,0.0013947533333333298,-7.533333333297268e-07
0.001355,0.001355063333333331,-6.333333333100565e-08
0.001394,0.0013943733333333333,-3.733333333332846e-07
0.001355,0.001354846666666664,1.53333333336109e-07
0.001394,0.0013938533333333369,1.4666666666319356e-07
0.001355,0.0013546299999999992,3.700000000008384e-07
0.001394,0.001393640000000001,3.5999999999916307e-07
0.001354,0.0013545866666666668,-5.866666666668689e-07
0.001393,0.0013935866666666668,-5.866666666668689e-07
0.001354,0.0013548133333333317,-8.133333333317557e-07
0.001393,0.0013938300000000022,-8.300000000022265e-07
0.001355,0.0013545033333333353,4.966666666648013e-07
0.001394,0.001393529999999998,4.7000000000197925e-07
0.001355,0.001355013333333333,-1.3333333332820468e-08
0.001394,0.0013940733333333336,-7.333333333354834e-08
0.001356,0.001356330000000003,-3.300000000030275e-07
0.001395,0.0013957466666666657,-7.466666666657018e-07
0.001356,0.0013562233333333376,-2.2333333333764485e-07
0.001395,0.001395279999999997,-2.799999999970361e-07
0.001357,0.0013581400000000066,-1.1400000000066739e-06
0.001396,0.0013975499999999968,-1.5499999999966495e-06
0.001358,0.0013576299999999983,3.7000000000170577e-07
0.001397,0.0013969533333333365,4.66666666635706e-08
0.001359,0.0013611900000000021,-2.190000000002173e-06
0.001398,0.001400933333333336,-2.933333333336079e-06
0.00136,0.0013616166666666667,-1.6166666666666066e-06
0.001398,0.00140122,-3.219999999999959e-06
0.001361,0.0013617400000000026,-7.400000000025442e-07
0.001399,0.001400900000000006,-1.9000000000058467e-06
0.001362,0.0013634333333333315,-1.433333333331543e-06
0.0014,0.001402373333333332,-2.373333333332032e-06
0.001364,0.0013650633333333326,-1.0633333333326563e-06
0.001402,0.0014045899999999985,-2.5899999999984963e-06
0.001365,0.001367546666666668,-2.5466666666680224e-06
0.001403,0.0014066366666666635,-3.6366666666635006e-06
0.001367,0.001368973333333337,-1.9733333333370098e-06
0.001405,0.0014079366666666629,-2.9366666666628873e-06
0.001369,0.0013722166666666673,-3.216666666667296e-06
0.001407,0.0014123100000000002,-5.310000000000124e-06
0.00137,0.0013761099999999998,-6.109999999999926e-06
0.001408,0.0014170166666666708,-9.016666666670798e-06
0.001372,0.001376970000000001,-4.970000000001059e-06
0.00141,0.0014168766666666718,-6.876666666671798e-06
0.001375,0.001376933333333333,-1.9333333333331273e-06
0.001412,0.0014161966666666728,-4.196666666672752e-06
0.001377,0.001380150000000001,-3.1500000000010252e-06
0.001414,0.001420256666666667,-6.256666666667023e-06
0.001379,0.0013873266666666662,-8.326666666666222e-06
0.001416,0.0014287566666666667,-1.2756666666666801e-05
0.001382,0.0013853500000000005,-3.350000000000488e-06
0.001418,0.0014246899999999993,-6.689999999999301e-06
0.001384,0.001388086666666668,-4.086666666667984e-06
0.001421,0.001427299999999998,-6.299999999998147e-06
0.001387,0.001390256666666662,-3.256666666662071e-06
0.001423,0.0014292233333333335,-6.223333333333454e-06
0.001389,0.0013930966666666708,-4.0966666666707435e-06
0.001426,0.0014331700000000038,-7.170000000003823e-06
0.001392,0.0013954099999999995,-3.409999999999481e-06
0.001428,0.00143466666666667,-6.666666666670009e-06
0.001395,0.0014017100000000022,-6.710000000002218e-06
0.001431,0.001442970000000001,-1.197000000000112e-05
0.001397,0.0014029466666666702,-5.946666666670165e-06
0.001434,0.0014436000000000026,-9.600000000002619e-06
0.0014,0.0014011299999999985,-1.1299999999984933e-06
0.001437,0.001440146666666664,-3.1466666666640254e-06
0.001404,0.0014079266666666658,-3.9266666666656815e-06
0.00144,0.001447420000000005,-7.42000000000494e-06
0.001407,0.0014099033333333357,-2.9033333333356066e-06
0.001443,0.001451410000000001,-8.410000000001012e-06
0.00141,0.00141767,-7.669999999999986e-06
0.001446,0.0014612733333333342,-1.5273333333334135e-05
0.001414,0.0014220466666666663,-8.046666666666367e-06
0.001449,0.0014640899999999984,-1.508999999999842e-05
0.001417,0.0014213366666666698,-4.336666666669752e-06
0.001453,0.0014601733333333377,-7.17333333333757e-06
0.001421,0.0014252433333333313,-4.243333333331335e-06
0.001456,0.0014642099999999955,-8.209999999995478e-06
0.001424,0.0014283399999999995,-4.339999999999596e-06
0.001459,0.0014692866666666709,-1.0286666666670845e-05
0.001428,0.001434563333333331,-6.563333333331001e-06
0.001463,0.0014743100000000045,-1.131000000000439e-05
0.001432,0.001433720000000002,-1.7200000000021452e-06
0.001466,0.0014721933333333372,-6.1933333333371015e-06
0.001435,0.0014416166666666684,-6.616666666668354e-06
0.00147,0.001481389999999998,-1.138999999999806e-05
0.001439,0.0014417233333333377,-2.72333333333776e-06
0.001474,0.001481096666666666,-7.0966666666659375e-06
0.001443,0.0014509666666666643,-7.96666666666424e-06
0.001478,0.001490180000000002,-1.2180000000002042e-05
0.001447,0.0014517333333333344,-4.7333333333344964e-06
0.001481,0.0014905699999999981,-9.569999999998243e-06
0.001451,0.0014583266666666683,-7.326666666668258e-06
0.001485,0.0015019733333333364,-1.69733333333364e-05
0.001454,0.0014571533333333322,-3.1533333333321704e-06
0.001489,0.0014960466666666659,-7.046666666665801e-06
0.001458,0.0014603400000000027,-2.340000000002583e-06
0.001492,0.0014980933333333338,-6.093333333333792e-06
0.001462,0.0014663700000000022,-4.370000000002237e-06
0.001496,0.0015092100000000004,-1.3210000000000478e-05
0.001466,0.0014728399999999987,-6.839999999998627e-06
0.0015,0.0015165299999999994,-1.652999999999941e-05
0.00147,0.0014793299999999975,-9.3299999999975e-06
0.001504,0.001522803333333334,-1.8803333333333987e-05
0.001474,0.0014801233333333308,-6.123333333330795e-06
0.001507,0.0015212766666666652,-1.4276666666665147e-05
0.001478,0.0014813066666666656,-3.3066666666656773e-06
0.001511,0.0015209999999999967,-9.999999999996774e-06
0.001482,0.0014866066666666684,-4.606666666668365e-06
0.001515,0.0015257399999999972,-1.073999999999715e-05
0.001485,0.0014941,-9.09999999999995e-06
0.001519,0.0015340533333333337,-1.5053333333333706e-05
0.001489,0.00149586,-6.859999999999809e-06
0.001522,0.0015368466666666638,-1.484666666666393e-05
0.001493,0.0015003400000000017,-7.340000000001729e-06
0.001526,0.0015408133333333315,-1.4813333333331445e-05
0.001497,0.001507306666666666,-1.0306666666665956e-05
0.00153,0.0015463999999999977,-1.6399999999997797e-05
0.001501,0.001508410000000005,-7.410000000004999e-06
0.001534,0.0015469399999999947,-1.293999999999471e-05
0.001506,0.001513443333333337,-7.4433333333370506e-06
0.001538,0.0015529133333333314,-1.4913333333331285e-05
0.00151,0.0015136933333333355,-3.6933333333354686e-06
0.001542,0.0015496833333333308,-7.683333333330855e-06
0.001514,0.001520083333333338,-6.083333333337972e-06
0.001546,0.0015590199999999963,-1.3019999999996186e-05
0.001518,0.00152480666666667,-6.806666666670045e-06
0.00155,0.0015630499999999988,-1.3049999999998826e-05
0.001522,0.0015286900000000036,-6.6900000000036375e-06
0.001554,0.0015670366666666667,-1.3036666666666656e-05
0.001526,0.0015306600000000038,-4.660000000003767e-06
0.001558,0.0015671200000000006,-9.120000000000699e-06
0.001531,0.0015393266666666704,-8.326666666670342e-06
0.001562,0.0015808000000000003,-1.880000000000024e-05
0.001535,0.0015436666666666663,-8.666666666666371e-06
0.001567,0.001580559999999998,-1.3559999999997966e-05
0.00154,0.0015486000000000026,-8.600000000002703e-06
0.001571,0.001585043333333334,-1.4043333333334067e-05
0.001545,0.0015555299999999975,-1.052999999999753e-05
0.001576,0.0015969566666666636,-2.095666666666364e-05
0.00155,0.0015729966666666673,-2.2996666666667354e-05
0.001581,0.001618819999999998,-3.781999999999809e-05
0.001556,0.0015764533333333323,-2.045333333333221e-05
0.001587,0.001621903333333332,-3.490333333333183e-05
0.001561,0.0015815999999999994,-2.0599999999999308e-05
0.001592,0.0016302299999999962,-3.822999999999609e-05
0.001568,0.0015806766666666655,-1.2676666666665542e-05
0.001598,0.0016250799999999999,-2.7079999999999856e-05
0.001574,0.0015844833333333334,-1.0483333333333308e-05
0.001605,0.0016284866666666639,-2.3486666666663793e-05
0.001581,0.0016008599999999984,-1.98599999999985e-05
0.001611,0.0016366300000000033,-2.5630000000003263e-05
0.001588,0.0016006966666666693,-1.2696666666669326e-05
0.001618,0.0016426533333333308,-2.4653333333330687e-05
0.001595,0.0016144799999999984,-1.947999999999837e-05
0.001626,0.0016536766666666674,-2.7676666666667316e-05
0.001603,0.00163737333333333,-3.437333333332999e-05
0.001634,0.0016865433333333347,-5.254333333333462e-05
0.001612,0.001636,-2.400000000000015e-05
0.001643,0.0016825966666666678,-3.9596666666667866e-05
0.001621,0.0016502400000000007,-2.924000000000069e-05
0.001652,0.0017039200000000024,-5.192000000000239e-05
0.00163,0.0016513299999999969,-2.1329999999996924e-05
0.001661,0.001699993333333331,-3.899333333333096e-05
0.001641,0.0016783099999999969,-3.730999999999678e-05
0.001672,0.0017341633333333318,-6.21633333333317e-05
0.001652,0.0016744600000000046,-2.2460000000004525e-05
0.001683,0.0017184700000000019,-3.5470000000001854e-05
0.001663,0.0016821433333333328,-1.9143333333332836e-05
0.001695,0.001729380000000003,-3.438000000000312e-05
0.001676,0.0017014266666666696,-2.542666666666962e-05
0.001707,0.001756340000000002,-4.93400000000021e-05
0.001688,0.0017156133333333346,-2.7613333333334576e-05
0.00172,0.0017688266666666653,-4.882666666666531e-05
0.001702,0.0017205400000000033,-1.8540000000003302e-05
0.001733,0.0017663900000000033,-3.3390000000003365e-05
0.001716,0.0017379133333333338,-2.1913333333333732e-05
0.001748,0.001782716666666669,-3.471666666666909e-05
0.00173,0.001750663333333332,-2.066333333333205e-05
0.001763,0.00179614,-3.314000000000008e-05
0.001746,0.0017620666666666688,-1.6066666666668828e-05
0.001778,0.0018040466666666651,-2.604666666666507e-05
0.001761,0.0017789433333333339,-1.794333333333389e-05
0.001794,0.0018228233333333317,-2.8823333333331726e-05
0.001777,0.0018026500000000035,-2.5650000000003578e-05
0.001811,0.001844653333333338,-3.365333333333817e-05
0.001794,0.0018201566666666677,-2.615666666666767e-05
0.001827,0.0018662333333333318,-3.92333333333317e-05
0.001811,0.0018338866666666705,-2.288666666667061e-05
0.001844,0.0018789133333333324,-3.491333333333242e-05
0.001828,0.001850240000000001,-2.224000000000106e-05
0.001862,0.0018997799999999983,-3.777999999999833e-05
0.001846,0.0018718466666666684,-2.5846666666668426e-05
0.00188,0.0019160300000000015,-3.6030000000001564e-05
0.001863,0.0018776233333333329,-1.462333333333279e-05
0.001898,0.0019223466666666684,-2.4346666666668444e-05
0.001882,0.001911176666666667,-2.917666666666708e-05
0.001917,0.0019593233333333377,-4.232333333333764e-05
0.0019,0.001931653333333328,-3.165333333332793e-05
0.001935,0.0019789233333333354,-4.392333333333529e-05
0.001919,0.001938806666666673,-1.980666666667307e-05
0.001954,0.001987160000000001,-3.316000000000083e-05
0.001937,0.0019627600000000005,-2.576000000000054e-05
0.001973,0.00201350333333333,-4.0503333333330015e-05
0.001956,0.001985920000000001,-2.9920000000000987e-05
0.001992,0.002038929999999998,-4.692999999999798e-05
0.001975,0.002002306666666663,-2.730666666666279e-05
0.002011,0.002054103333333337,-4.310333333333669e-05
0.001994,0.0020208166666666645,-2.68166666666644e-05
0.00203,0.0020709200000000004,-4.092000000000028e-05
0.002013,0.0020520166666666683,-3.9016666666668275e-05
0.002049,0.0021067333333333327,-5.773333333333264e-05
0.002032,0.0020689200000000014,-3.692000000000148e-05
0.002068,0.0021241399999999966,-5.613999999999663e-05
0.002051,0.002093500000000002,-4.250000000000217e-05
0.002087,0.0021500033333333303,-6.30033333333304e-05
0.00207,0.002118663333333336,-4.86633333333362e-05
0.002106,0.002175583333333331,-6.958333333333122e-05
0.002089,0.0021374800000000032,-4.8480000000003087e-05
0.002125,0.0021937333333333356,-6.87333333333354e-05
0.002108,0.0021445866666666667,-3.658666666666666e-05
0.002144,0.0021972166666666695,-5.321666666666938e-05
0.002127,0.0021466433333333325,-1.9643333333332468e-05
0.002163,0.0021962133333333304,-3.3213333333330375e-05
0.002146,0.002175589999999999,-2.9589999999999044e-05
0.002181,0.0022253266666666686,-4.43266666666684e-05
0.002165,0.0022011899999999996,-3.618999999999975e-05
0.002199,0.0022518433333333352,-5.284333333333523e-05
0.002183,0.0022257466666666683,-4.274666666666824e-05
0.002219,0.002282053333333336,-6.305333333333574e-05
0.002201,0.0022448633333333307,-4.386333333333088e-05
0.00224,0.002300779999999997,-6.077999999999726e-05
0.00222,0.0022505066666666717,-3.0506666666671543e-05
0.002262,0.0023014799999999955,-3.947999999999539e-05
0.002241,0.0022675666666666697,-2.6566666666669788e-05
0.002284,0.0023201799999999963,-3.617999999999634e-05
0.002264,0.0023080133333333325,-4.401333333333259e-05
0.002305,0.0023683833333333344,-6.338333333333421e-05
0.002286,0.0023421633333333323,-5.6163333333332423e-05
0.002324,0.002405136666666666,-8.113666666666576e-05
0.002306,0.002327253333333334,-2.1253333333334182e-05
0.002343,0.0023790099999999987,-3.600999999999865e-05
0.002325,0.002362286666666671,-3.7286666666671176e-05
0.002362,0.002418179999999999,-5.617999999999899e-05
0.002344,0.002368146666666659,-2.4146666666659006e-05
0.002381,0.0024211700000000016,-4.01700000000017e-05
0.002362,0.002397673333333335,-3.567333333333485e-05
0.002399,0.0024547499999999986,-5.574999999999851e-05
0.002381,0.0024221033333333307,-4.110333333333079e-05
0.002418,0.002480573333333336,-6.257333333333599e-05
0.0024,0.0024129366666666673,-1.2936666666667467e-05
0.002437,0.002463983333333329,-2.698333333332921e-05
0.002419,0.002448346666666663,-2.934666666666282e-05
0.002455,0.002509790000000005,-5.4790000000004644e-05
0.002438,0.002463156666666666,-2.515666666666602e-05
0.002474,0.0025190933333333397,-4.509333333333962e-05
0.002456,0.002519146666666675,-6.314666666667502e-05
0.002492,0.002587856666666667,-9.585666666666725e-05
0.002475,0.0025006366666666703,-2.5636666666670107e-05
0.002511,0.002558510000000002,-4.751000000000191e-05
0.002494,0.0025232299999999987,-2.922999999999858e-05
0.002529,0.0025811700000000046,-5.217000000000459e-05
0.002512,0.0025392533333333306,-2.7253333333330642e-05
0.002547,0.002596733333333341,-4.973333333334112e-05
0.002531,0.0025656466666666754,-3.464666666667558e-05
0.002565,0.002623239999999999,-5.82399999999989e-05
0.002549,0.0025685766666666693,-1.9576666666669233e-05
0.002584,0.002622110000000002,-3.811000000000222e-05
0.002567,0.0026048033333333363,-3.780333333333651e-05
0.002602,0.0026666533333333325,-6.465333333333231e-05
0.002586,0.0026207133333333407,-3.471333333334055e-05
0.00262,0.0026788933333333374,-5.889333333333746e-05
0.002604,0.002631339999999999,-2.7339999999998962e-05
0.002638,0.002689490000000004,-5.149000000000386e-05
0.002622,0.0026602633333333327,-3.8263333333332476e-05
0.002656,0.0027223266666666674,-6.632666666666742e-05
0.002641,0.002660020000000003,-1.9020000000002837e-05
0.002674,0.0027139033333333324,-3.990333333333228e-05
0.002659,0.0026887433333333344,-2.9743333333334503e-05
0.002692,0.0027477299999999964,-5.572999999999646e-05
0.002677,0.0027127466666666683,-3.574666666666818e-05
0.00271,0.002770923333333331,-6.092333333333104e-05
0.002696,0.0027374966666666722,-4.1496666666672195e-05
0.002728,0.0027952100000000037,-6.721000000000374e-05
0.002715,0.002738080000000001,-2.3080000000000843e-05
0.002747,0.0027941366666666655,-4.713666666666559e-05
0.002734,0.002771726666666662,-3.772666666666206e-05
0.002765,0.0028240333333333406,-5.903333333334053e-05
0.002752,0.0027916733333333333,-3.967333333333321e-05
0.002784,0.0028459500000000064,-6.195000000000636e-05
0.002771,0.0027966933333333274,-2.569333333332733e-05
0.002802,0.002845356666666668,-4.335666666666809e-05
0.00279,0.0028307733333333258,-4.077333333332581e-05
0.002821,0.002885369999999997,-6.436999999999676e-05
0.00281,0.002837919999999992,-2.791999999999205e-05
0.002841,0.002884533333333324,-4.353333333332373e-05
0.002829,0.002861306666666662,-3.2306666666662154e-05
0.00286,0.0029071366666666644,-4.713666666666429e-05
0.002849,0.002896269999999998,-4.726999999999813e-05
0.002879,0.00296119333333333,-8.219333333333006e-05
0.002868,0.002916843333333333,-4.884333333333296e-05
0.002897,0.0029812766666666643,-8.427666666666446e-05
0.002887,0.0029188733333333295,-3.187333333332966e-05
0.002916,0.002973393333333336,-5.739333333333596e-05
0.002906,0.00292562333333333,-1.9623333333329985e-05
0.002935,0.0029689399999999998,-3.3939999999999665e-05
0.002926,0.002982603333333338,-5.660333333333762e-05
0.002954,0.0030453200000000024,-9.132000000000237e-05
0.002946,0.0029782466666666693,-3.224666666666945e-05
0.002974,0.003031650000000004,-5.7650000000003705e-05
0.002966,0.003005836666666667,-3.983666666666731e-05
0.002993,0.0030652100000000022,-7.221000000000224e-05
0.002985,0.0029895600000000096,-4.560000000009782e-06
0.003013,0.0030313033333333374,-1.830333333333739e-05
0.003005,0.0030549833333333417,-4.9983333333341803e-05
0.003032,0.003114466666666674,-8.246666666667391e-05
0.003025,0.0030606800000000053,-3.568000000000538e-05
0.003051,0.0031110400000000046,-6.004000000000469e-05
0.003045,0.0030713599999999974,-2.635999999999741e-05
0.003071,0.0031219200000000016,-5.0920000000001606e-05
0.003064,0.003101090000000002,-3.709000000000221e-05
0.00309,0.0031564566666666587,-6.645666666665884e-05
0.003085,0.0031025333333333342,-1.7533333333334157e-05
0.00311,0.003146956666666662,-3.6956666666662294e-05
0.003105,0.0031075933333333337,-2.5933333333335445e-06
0.00313,0.0031481533333333252,-1.815333333332527e-05
0.003125,0.003148123333333325,-2.312333333332481e-05
0.00315,0.003184526666666672,-3.4526666666671955e-05
0.003145,0.003168916666666663,-2.3916666666663408e-05
0.00317,0.0032110766666666713,-4.107666666667122e-05
0.003165,0.003189833333333336,-2.483333333333634e-05
0.00319,0.0032319133333333374,-4.1913333333337254e-05
0.003186,0.003194733333333337,-8.733333333336979e-06
0.003209,0.0032436833333333434,-3.468333333334333e-05
0.003206,0.0032274866666666614,-2.148666666666136e-05
0.003229,0.003259359999999994,-3.0359999999994038e-05
0.003226,0.003244356666666667,-1.8356666666666938e-05
0.003249,0.0032773333333333335,-2.8333333333333335e-05
0.003246,0.00324985,-3.849999999999687e-06
0.003269,0.0032793899999999875,-1.0389999999987302e-05
0.003267,0.003283200000000001,-1.6200000000000936e-05
0.003289,0.00331758999999999,-2.8589999999990238e-05
0.003287,0.0032985299999999966,-1.1529999999996578e-05
0.003308,0.00333545666666666,-2.7456666666659732e-05
0.003307,0.0033266300000000006,-1.9630000000000515e-05
0.003328,0.0033611700000000006,-3.317000000000077e-05
0.003327,0.003350639999999999,-2.3639999999998818e-05
0.003348,0.003393093333333334,-4.509333333333398e-05
