,rmse,mae,r2,rmse_mean,mae_mean,r2_mean
60,1.3161650614039689e-05,6.866332799999862e-06,0.9997020506719139,,,
80,1.5591717175469328e-05,7.603890666666613e-06,0.9995809311009077,,,
100,6.745785176154861e-05,3.1924689066666934e-05,0.9914075398082336,,,
aggregate,,,,3.207040651701921e-05,1.546497084444447e-05,0.9968968405270185
