,rmse,mae,r2,rmse_mean,mae_mean,r2_mean
60,1.2485295553879434e-05,6.361542399999802e-06,0.9995735128804845,,,
80,2.4007198104831478e-05,1.118396320000001e-05,0.9980412775613656,,,
100,2.0613828415766186e-05,9.683360533333284e-06,0.9983677946109673,,,
aggregate,,,,1.9035440691492365e-05,9.076288711111033e-06,0.9986608616842725
