,rmse,mae,r2,rmse_mean,mae_mean,r2_mean
60,5.3126531290910345e-06,2.849048533332891e-06,0.9999436125803189,,,
80,5.8245427565317025e-06,3.129220800000337e-06,0.9999264739259496,,,
100,2.587034699114567e-05,1.3189481066666248e-05,0.9985599888804126,,,
aggregate,,,,1.233584762558947e-05,6.3892501333331595e-06,0.9994766917955603
