DF_index,RMSE_mean,MAE_mean,R2_mean
1,3.207040651701921e-05,1.546497084444447e-05,0.9968968405270185
2,1.9035440691492365e-05,9.076288711111033e-06,0.9986608616842725
3,1.233584762558947e-05,6.3892501333331595e-06,0.9994766917955603
