,rmse,mae,r2,rmse_mean,mae_mean,r2_mean
80,5.0978727955888755e-06,2.700400000000542e-06,0.9999299843317311,,,
100,6.3824859413177526e-06,3.454581333334044e-06,0.9998894131412444,,,
aggregate,,,,5.740179368453314e-06,3.077490666667293e-06,0.9999096987364877
