,rmse,mae,r2,rmse_mean,mae_mean,r2_mean
80,6.746951457677962e-06,3.2756949333328843e-06,0.9999052512638816,,,
100,9.64534088809963e-06,4.840072533333759e-06,0.9998020682844507,,,
aggregate,,,,8.196146172888796e-06,4.057883733333322e-06,0.9998536597741662
