,rmse,mae,r2,rmse_mean,mae_mean,r2_mean
80,1.0216141629654383e-05,5.753272000000024e-06,0.9997602821201725,,,
100,1.494883656646965e-05,7.384249066666768e-06,0.9994321911950192,,,
aggregate,,,,1.2582489098062017e-05,6.568760533333396e-06,0.9995962366575959
