,rmse,mae,r2,rmse_mean,mae_mean,r2_mean
80,4.5740047067944446e-06,2.569637333333209e-06,0.9999377595878969,,,
100,6.588817397851123e-06,3.524128000000127e-06,0.9998642783833142,,,
aggregate,,,,5.581411052322784e-06,3.046882666666668e-06,0.9999010189856055
