,rmse,mae,r2,rmse_mean,mae_mean,r2_mean
80,4.197519670429768e-06,2.3515951999998607e-06,0.9998504369562036,,,
100,4.205093491617567e-06,2.3313472000001653e-06,0.9998494208881586,,,
aggregate,,,,4.201306581023668e-06,2.3414712000000128e-06,0.9998499289221812
