,rmse,mae,r2,rmse_mean,mae_mean,r2_mean
80,4.797799731525163e-06,2.5011168000000326e-06,0.9999152657356483,,,
100,1.3592407485311803e-05,6.461223999999928e-06,0.9993094726371436,,,
aggregate,,,,9.195103608418483e-06,4.48117039999998e-06,0.999612369186396
