,rmse,mae,r2,rmse_mean,mae_mean,r2_mean
80,1.3257906857633668e-05,7.924521599999909e-06,0.9995139998354239,,,
100,2.1517246595851226e-05,1.3894128000000064e-05,0.9987243165293017,,,
aggregate,,,,1.7387576726742448e-05,1.0909324799999986e-05,0.9991191581823629
