,rmse,mae,r2,rmse_mean,mae_mean,r2_mean
80,1.1360113496983978e-05,4.670116800000047e-06,0.9996869882523511,,,
100,1.1014714726070045e-05,5.6510101333331685e-06,0.9997086071700638,,,
aggregate,,,,1.1187414111527011e-05,5.160563466666608e-06,0.9996977977112075
