,rmse,mae,r2,rmse_mean,mae_mean,r2_mean
80,1.4851938877343616e-05,5.620777599999603e-06,0.9994895000246555,,,
100,1.3643660274607434e-05,5.3830485333335266e-06,0.9995960615887833,,,
aggregate,,,,1.4247799575975526e-05,5.5019130666665645e-06,0.9995427808067194
