,rmse,mae,r2,rmse_mean,mae_mean,r2_mean
80,4.960523590644062e-06,2.94489066666677e-06,0.99993915213998,,,
100,7.032410609931015e-06,4.4574133333337164e-06,0.9998752108897734,,,
aggregate,,,,5.996467100287539e-06,3.7011520000002433e-06,0.9999071815148767
