Voltage,0-2,0-1,1,3,5,10,15,20,30,40,50,60,80,100,60_pred,80_pred,100_pred
-0.996,0.00181,0.00366,0.00108,0.0009639,0.0009425,0.0009518,0.0009774,0.00102,0.00105,0.00109,0.00112,0.0012,0.00121,0.00125,0.001191633333333331,0.0012079333333333284,0.0012509999999999939
-0.992,0.00173,0.00354,0.00107,0.0009511,0.0009293,0.0009373,0.0009641,0.001,0.00104,0.00107,0.00111,0.00118,0.00119,0.00124,0.0011773666666666663,0.0011905333333333368,0.0012397000000000029
-0.988,0.00166,0.00343,0.00105,0.0009368,0.0009177,0.0009242,0.0009536,0.0009879,0.00103,0.00106,0.0011,0.00117,0.00118,0.00123,0.0011652000000000017,0.001182466666666667,0.001231200000000003
-0.984,0.00162,0.0033,0.00104,0.0009258,0.000905,0.0009108,0.0009408,0.0009765,0.00101,0.00105,0.00109,0.00115,0.00117,0.00121,0.0011514000000000001,0.0011751666666666694,0.0012183999999999967
-0.98,0.00157,0.0032,0.00102,0.0009151,0.0008931,0.0009012,0.0009288,0.0009651,0.001,0.00104,0.00107,0.00114,0.00116,0.0012,0.0011351333333333303,0.0011638999999999979,0.0012054666666666653
-0.976,0.00153,0.00308,0.00101,0.0009037,0.0008832,0.0008902,0.0009182,0.0009549,0.000993,0.00103,0.00106,0.00113,0.00115,0.00119,0.0011277666666666681,0.0011543666666666654,0.001195200000000003
-0.972,0.00149,0.00297,0.000993,0.000894,0.0008734,0.0008818,0.0009087,0.0009448,0.0009834,0.00102,0.00105,0.00112,0.00114,0.00118,0.0011186000000000039,0.0011410333333333298,0.0011817000000000008
-0.968,0.00146,0.00287,0.0009832,0.0008844,0.0008648,0.0008697,0.0008991,0.0009355,0.0009738,0.00101,0.00105,0.00111,0.00113,0.00117,0.0011130333333333347,0.0011352000000000014,0.0011757666666666693
-0.964,0.00142,0.00277,0.0009754,0.0008746,0.0008551,0.0008617,0.0008898,0.0009268,0.0009653,0.000999,0.00104,0.0011,0.00112,0.00117,0.0010969999999999973,0.0011255000000000035,0.0011732333333333352
-0.96,0.00139,0.00268,0.0009616,0.0008638,0.0008464,0.0008523,0.0008807,0.000918,0.0009568,0.0009909,0.00103,0.00109,0.00111,0.00116,0.0010904333333333312,0.0011169666666666683,0.0011656999999999985
-0.956,0.00136,0.00258,0.0009445,0.0008533,0.0008378,0.0008437,0.0008731,0.0009112,0.00095,0.000983,0.00102,0.00108,0.00111,0.00115,0.0010810000000000019,0.0011133000000000009,0.0011558666666666652
-0.952,0.00134,0.0025,0.000941,0.0008459,0.0008295,0.0008355,0.0008661,0.0009034,0.0009422,0.0009764,0.00102,0.00107,0.0011,0.00115,0.0010699666666666675,0.001103166666666663,0.001150699999999999
-0.948,0.00131,0.00241,0.0009262,0.0008349,0.0008224,0.0008274,0.0008578,0.0008957,0.0009353,0.0009699,0.00101,0.00106,0.00109,0.00114,0.0010623333333333366,0.0010937999999999966,0.0011424666666666617
-0.944,0.00128,0.00232,0.0009138,0.0008267,0.0008147,0.0008202,0.000851,0.0008896,0.0009293,0.0009641,0.001,0.00106,0.00109,0.00114,0.0010585000000000028,0.0010902666666666645,0.0011396999999999963
-0.94,0.00126,0.00224,0.0009063,0.0008193,0.000807,0.0008131,0.0008442,0.0008835,0.0009229,0.0009587,0.0009987,0.00105,0.00108,0.00113,0.0010521666666666657,0.0010845000000000017,0.0011335333333333348
-0.936,0.00122,0.00216,0.0008917,0.0008117,0.0008003,0.0008056,0.0008379,0.0008772,0.0009179,0.0009525,0.0009931,0.00104,0.00108,0.00113,0.0010431000000000017,0.0010815333333333366,0.0011305333333333357
-0.932,0.00121,0.00208,0.0008841,0.0008042,0.0007933,0.0007994,0.0008319,0.0008724,0.0009129,0.0009494,0.0009884,0.00104,0.00108,0.00112,0.0010393000000000012,0.0010798333333333367,0.0011240000000000043
-0.928,0.00119,0.00201,0.0008718,0.0007978,0.0007868,0.0007931,0.0008265,0.0008672,0.0009084,0.0009446,0.0009847,0.00103,0.00107,0.00112,0.0010329333333333323,0.0010739666666666676,0.0011216333333333385
-0.924,0.00116,0.00193,0.00086,0.0007901,0.0007803,0.000787,0.0008212,0.0008624,0.0009039,0.0009405,0.0009806,0.00103,0.00107,0.00111,0.0010284333333333315,0.0010709999999999995,0.0011132333333333346
-0.92,0.00114,0.00186,0.0008522,0.0007839,0.0007739,0.0007818,0.0008164,0.0008576,0.0008995,0.000937,0.0009774,0.00102,0.00107,0.00111,0.0010223666666666657,0.0010695999999999995,0.0011118666666666674
-0.916,0.00112,0.00179,0.0008399,0.0007756,0.0007677,0.000776,0.0008118,0.0008536,0.0008958,0.0009335,0.0009743,0.00102,0.00106,0.00111,0.0010207666666666659,0.0010628000000000028,0.0011107333333333338
-0.912,0.00109,0.00173,0.0008314,0.0007681,0.000762,0.0007712,0.0008072,0.0008499,0.0008925,0.0009307,0.0009714,0.00102,0.00106,0.00111,0.0010186666666666677,0.00106086666666667,0.0011087666666666656
-0.908,0.00107,0.00167,0.0008198,0.0007607,0.0007561,0.0007663,0.0008028,0.0008459,0.0008894,0.0009283,0.0009674,0.00101,0.00106,0.0011,0.0010114333333333385,0.0010585000000000026,0.0011019333333333282
-0.904,0.00105,0.00161,0.0008118,0.0007538,0.0007505,0.0007618,0.000799,0.0008429,0.0008867,0.0009253,0.0009664,0.00101,0.00105,0.0011,0.0010108000000000055,0.0010529333333333317,0.0011010999999999946
-0.9,0.00103,0.00156,0.0007988,0.0007488,0.0007452,0.000757,0.0007955,0.00084,0.000884,0.0009231,0.0009645,0.00101,0.00105,0.0011,0.001010366666666672,0.0010514333333333308,0.0011003999999999942
-0.896,0.00101,0.00151,0.0007899,0.0007399,0.0007407,0.000753,0.000793,0.0008369,0.0008817,0.000921,0.0009624,0.00101,0.00105,0.0011,0.0010093333333333386,0.001050399999999997,0.001100199999999994
-0.892,0.0009925,0.00145,0.0007792,0.0007335,0.0007356,0.0007496,0.0007895,0.0008342,0.0008792,0.0009189,0.0009604,0.001,0.00105,0.0011,0.0010005386666666674,0.0010501999999999968,0.0010998666666666608
-0.888,0.0009697,0.00141,0.0007734,0.0007271,0.0007303,0.0007459,0.0007871,0.0008318,0.0008776,0.0009177,0.0009593,0.001,0.00105,0.0011,0.001000269000000001,0.0010500666666666632,0.0010997333333333276
-0.884,0.0009536,0.00138,0.0007654,0.0007205,0.0007262,0.0007423,0.0007842,0.0008299,0.000876,0.0009167,0.0009584,0.001,0.00105,0.0011,0.0010000886666666673,0.0010500333333333298,0.001099266666666661
-0.88,0.0009341,0.00134,0.0007549,0.0007142,0.0007221,0.0007388,0.0007816,0.000828,0.0008746,0.0009152,0.0009576,0.0009991,0.00105,0.00109,0.0009992123333333314,0.0010499999999999965,0.001092799999999996
-0.876,0.0009153,0.0013,0.0007433,0.0007085,0.0007176,0.000736,0.0007793,0.0008264,0.0008732,0.0009148,0.0009569,0.0009983,0.00105,0.00109,0.0009985810000000019,0.0010499999999999965,0.0010914999999999966
-0.872,0.0009012,0.00127,0.0007312,0.0007024,0.0007132,0.0007337,0.0007777,0.0008247,0.0008726,0.0009138,0.0009559,0.0009986,0.00105,0.00109,0.0009985290000000013,0.0010499999999999965,0.0010900666666666637
-0.868,0.0008854,0.00124,0.0007233,0.0006972,0.0007098,0.0007311,0.0007764,0.0008241,0.0008721,0.0009128,0.0009558,0.0009984,0.00105,0.00109,0.000998442666666671,0.0010499999999999965,0.0010900666666666637
-0.864,0.0008707,0.00122,0.0007144,0.0006919,0.0007064,0.0007294,0.0007753,0.0008234,0.0008721,0.0009144,0.000956,0.0009984,0.00105,0.00109,0.0009984240000000051,0.0010499999999999965,0.0010903666666666637
-0.86,0.0008537,0.00119,0.0007061,0.0006864,0.000703,0.0007274,0.0007746,0.000823,0.0008717,0.0009145,0.0009559,0.0009985,0.00105,0.00109,0.0009984716666666727,0.0010499999999999965,0.0010914999999999968
-0.856,0.0008363,0.00117,0.0007001,0.000681,0.0007,0.0007257,0.0007736,0.0008227,0.0008714,0.0009136,0.0009562,0.0009983,0.00105,0.0011,0.0009984226666666703,0.0010499999999999965,0.0010973999999999951
-0.852,0.0008194,0.00115,0.0006893,0.000677,0.0006969,0.0007248,0.0007731,0.0008221,0.0008713,0.0009146,0.0009565,0.0009989,0.00105,0.0011,0.0009987386666666697,0.0010499999999999965,0.0010984333333333284
-0.848,0.0008058,0.00112,0.0006822,0.0006727,0.0006942,0.0007237,0.0007729,0.0008219,0.0008716,0.0009154,0.000957,0.0009995,0.00105,0.0011,0.0009992779999999958,0.0010499999999999965,0.0010993999999999945
-0.844,0.0007921,0.0011,0.0006751,0.0006684,0.0006922,0.0007228,0.0007725,0.0008217,0.0008719,0.0009168,0.0009581,0.001,0.00105,0.0011,0.0009999076666666663,0.0010499999999999965,0.0010999999999999942
-0.84,0.0007803,0.00108,0.0006699,0.0006653,0.0006903,0.0007222,0.0007722,0.000822,0.0008726,0.0009168,0.0009586,0.001,0.00105,0.0011,0.0009999640000000003,0.0010499999999999965,0.0010999999999999942
-0.836,0.0007684,0.00106,0.0006644,0.0006618,0.0006885,0.0007213,0.0007728,0.0008224,0.0008735,0.0009181,0.0009599,0.001,0.00105,0.0011,0.0009999760000000003,0.0010499999999999965,0.0010999999999999942
-0.832,0.0007567,0.00105,0.0006591,0.0006581,0.000687,0.0007213,0.000773,0.0008235,0.0008747,0.0009201,0.000961,0.001,0.00105,0.0011,0.0010017473333333348,0.0010503333333333302,0.0010999666666666609
-0.828,0.0007485,0.00104,0.000656,0.0006553,0.0006855,0.0007213,0.0007729,0.0008243,0.0008759,0.0009212,0.0009625,0.00101,0.00105,0.0011,0.0010085333333333382,0.001051733333333331,0.0011003999999999944
-0.824,0.000739,0.00102,0.0006518,0.0006532,0.0006843,0.0007213,0.0007742,0.0008252,0.0008769,0.0009229,0.0009643,0.00101,0.00106,0.0011,0.0010095666666666717,0.001058333333333336,0.0011019333333333284
-0.82,0.0007307,0.001,0.0006485,0.000652,0.0006839,0.0007219,0.0007755,0.0008264,0.0008784,0.0009242,0.0009657,0.00101,0.00106,0.00111,0.0010098000000000054,0.00105906666666667,0.001107099999999998
-0.816,0.0007204,0.0009943,0.000645,0.0006503,0.0006832,0.0007227,0.0007765,0.000828,0.0008799,0.0009257,0.0009674,0.00101,0.00106,0.00111,0.0010099333333333388,0.001059733333333337,0.0011093999999999998
-0.812,0.0007159,0.0009808,0.0006438,0.0006484,0.0006826,0.0007234,0.0007775,0.0008292,0.000881,0.0009274,0.0009688,0.00101,0.00106,0.00111,0.0010099333333333388,0.0010597666666666706,0.0011095999999999996
-0.808,0.0007079,0.0009706,0.0006405,0.0006482,0.0006831,0.0007242,0.000779,0.000831,0.0008829,0.0009291,0.0009707,0.00101,0.00106,0.00111,0.0010111333333333377,0.0010608000000000035,0.0011099333333333334
-0.804,0.0007029,0.0009614,0.000639,0.000647,0.0006836,0.0007257,0.0007812,0.0008325,0.0008849,0.0009311,0.0009731,0.00102,0.00107,0.00111,0.0010184666666666674,0.0010673666666666665,0.0011110666666666671
-0.8,0.0006981,0.0009503,0.0006383,0.0006465,0.0006845,0.0007269,0.0007827,0.0008345,0.0008873,0.0009331,0.0009753,0.00102,0.00107,0.00112,0.0010194999999999998,0.001069033333333333,0.0011175666666666706
-0.796,0.0006942,0.000939,0.000637,0.0006466,0.0006849,0.0007285,0.0007848,0.0008363,0.0008891,0.0009351,0.0009774,0.00102,0.00107,0.00112,0.0010197999999999997,0.001069799999999999,0.001119100000000005
-0.792,0.0006915,0.0009312,0.0006367,0.0006472,0.0006861,0.0007304,0.0007865,0.0008388,0.0008916,0.0009376,0.0009801,0.00102,0.00107,0.00112,0.0010202333333333329,0.0010715666666666667,0.0011191333333333384
-0.788,0.0006892,0.0009236,0.0006367,0.0006477,0.0006876,0.0007324,0.0007891,0.0008414,0.0008938,0.0009397,0.0009825,0.00102,0.00108,0.00112,0.0010208666666666664,0.0010767000000000025,0.0011197666666666719
-0.784,0.0006879,0.0009164,0.0006377,0.0006486,0.0006894,0.0007345,0.0007914,0.0008437,0.0008964,0.000942,0.0009852,0.00103,0.00108,0.00113,0.0010273666666666655,0.0010789333333333369,0.0011268000000000042
-0.78,0.0006869,0.0009103,0.0006383,0.0006499,0.0006909,0.0007365,0.0007938,0.0008462,0.0008991,0.0009448,0.0009877,0.00103,0.00108,0.00113,0.0010295666666666648,0.001079700000000004,0.0011290666666666702
-0.776,0.0006861,0.0009042,0.0006396,0.0006513,0.0006926,0.0007389,0.0007961,0.0008485,0.0009015,0.0009472,0.0009908,0.00103,0.00108,0.00113,0.0010304666666666644,0.0010800666666666704,0.0011296333333333367
-0.772,0.0006865,0.0009004,0.0006412,0.0006535,0.000695,0.0007411,0.000799,0.0008514,0.0009044,0.0009504,0.0009939,0.00104,0.00109,0.00114,0.0010377333333333343,0.0010872666666666652,0.0011370666666666628
-0.768,0.0006857,0.0008935,0.0006433,0.0006552,0.0006971,0.0007438,0.0008016,0.0008543,0.0009073,0.0009532,0.0009964,0.00104,0.00109,0.00114,0.0010395666666666685,0.0010891333333333303,0.0011389999999999948
-0.764,0.000686,0.0008885,0.0006451,0.0006571,0.0006993,0.000746,0.0008042,0.0008569,0.0009101,0.0009558,0.0009996,0.00104,0.00109,0.00114,0.0010402666666666682,0.0010915666666666628,0.001141566666666662
-0.76,0.0006876,0.0008844,0.0006481,0.0006596,0.0007021,0.0007488,0.0008072,0.0008601,0.0009132,0.0009587,0.001,0.00104,0.0011,0.00115,0.0010415000000000008,0.0010978333333333276,0.001147833333333332
-0.756,0.0006885,0.0008799,0.0006512,0.0006623,0.0007049,0.0007517,0.0008101,0.0008632,0.0009163,0.0009622,0.00101,0.00105,0.0011,0.00115,0.0010499333333333304,0.0011003999999999944,0.0011503333333333326
-0.752,0.0006892,0.0008759,0.000654,0.0006649,0.0007073,0.0007544,0.0008132,0.000866,0.0009196,0.0009652,0.00101,0.00105,0.0011,0.00115,0.001051533333333331,0.0011014333333333284,0.0011511999999999994
-0.748,0.0006911,0.0008712,0.0006567,0.0006681,0.0007101,0.0007573,0.0008162,0.0008693,0.0009226,0.0009682,0.00101,0.00106,0.00111,0.00116,0.001058333333333336,0.0011074999999999987,0.001156499999999996
-0.744,0.0006935,0.0008677,0.0006594,0.0006711,0.0007129,0.0007597,0.0008188,0.000872,0.0009257,0.0009714,0.00102,0.00106,0.00111,0.00116,0.0010595000000000038,0.0011090333333333329,0.0011579999999999958
-0.74,0.0006946,0.0008637,0.0006631,0.0006742,0.0007159,0.0007634,0.0008225,0.0008758,0.0009291,0.0009747,0.00102,0.00106,0.00111,0.00116,0.0010613000000000033,0.0011105333333333337,0.001158866666666663
-0.736,0.0006972,0.000861,0.000667,0.0006778,0.0007188,0.0007654,0.0008255,0.0008789,0.0009327,0.0009781,0.00102,0.00107,0.00112,0.00117,0.0010671333333333343,0.0011165000000000033,0.0011648333333333341
-0.732,0.0006994,0.0008575,0.0006704,0.0006812,0.0007219,0.0007689,0.0008284,0.0008821,0.0009356,0.0009812,0.00103,0.00107,0.00112,0.00117,0.0010696999999999998,0.0011201666666666717,0.0011676000000000021
-0.728,0.000702,0.0008546,0.000674,0.0006846,0.0007253,0.0007724,0.0008316,0.0008853,0.000939,0.0009849,0.00103,0.00107,0.00113,0.00117,0.0010705666666666665,0.0011264333333333375,0.0011686333333333356
-0.724,0.0007045,0.0008508,0.0006777,0.0006883,0.0007289,0.000776,0.0008354,0.0008889,0.0009424,0.000988,0.00103,0.00108,0.00113,0.00118,0.0010774666666666696,0.0011285000000000036,0.0011755999999999997
-0.72,0.0007077,0.0008475,0.0006811,0.0006922,0.0007321,0.0007789,0.0008384,0.0008922,0.0009459,0.0009916,0.00104,0.00108,0.00113,0.00118,0.001079433333333337,0.0011305333333333355,0.001178933333333333
-0.716,0.0007103,0.0008455,0.0006848,0.0006962,0.0007355,0.0007825,0.0008415,0.0008955,0.0009492,0.0009951,0.00104,0.00108,0.00114,0.00119,0.0010800000000000035,0.0011366999999999977,0.00118526666666667
-0.712,0.0007134,0.0008424,0.0006881,0.0006995,0.0007385,0.0007855,0.0008448,0.0008988,0.0009526,0.0009986,0.00105,0.00109,0.00114,0.00119,0.001088466666666664,0.0011393666666666615,0.001187133333333338
-0.708,0.0007162,0.000841,0.0006919,0.0007038,0.0007425,0.000789,0.0008484,0.0009022,0.0009562,0.001,0.00105,0.00109,0.00114,0.00119,0.0010906666666666636,0.001140966666666662,0.0011898666666666701
-0.704,0.0007192,0.0008388,0.0006956,0.0007076,0.0007459,0.0007929,0.0008517,0.000906,0.0009597,0.00101,0.00105,0.0011,0.00115,0.0012,0.001096299999999995,0.0011470333333333312,0.001195566666666667
-0.7,0.0007234,0.0008371,0.0006987,0.0007113,0.0007492,0.0007962,0.000855,0.0009092,0.0009635,0.00101,0.00106,0.0011,0.00115,0.0012,0.0011005333333333283,0.0011516999999999986,0.0011996333333333324
-0.696,0.0007262,0.0008355,0.0007028,0.000715,0.000753,0.0007997,0.0008588,0.0009131,0.0009671,0.00101,0.00106,0.0011,0.00116,0.00121,0.001101966666666662,0.0011583666666666631,0.0012067666666666622
-0.692,0.0007307,0.000834,0.0007062,0.0007193,0.0007567,0.0008034,0.0008618,0.0009165,0.0009706,0.00102,0.00106,0.00111,0.00116,0.00121,0.001108099999999999,0.0011599333333333294,0.0012093666666666602
-0.688,0.0007333,0.0008331,0.0007104,0.0007234,0.0007608,0.0008068,0.0008659,0.00092,0.0009744,0.00102,0.00107,0.00111,0.00116,0.00121,0.0011120333333333346,0.0011627333333333308,0.0012111999999999943
-0.684,0.0007366,0.0008323,0.0007137,0.0007272,0.0007643,0.0008103,0.0008693,0.0009239,0.000978,0.00102,0.00107,0.00112,0.00117,0.00122,0.0011167000000000037,0.0011681000000000011,0.0012167999999999973
-0.68,0.0007407,0.0008319,0.0007174,0.0007313,0.0007678,0.0008137,0.0008729,0.0009273,0.0009817,0.00103,0.00108,0.00112,0.00117,0.00122,0.001121200000000005,0.0011732666666666685,0.0012233000000000003
-0.676,0.0007441,0.0008316,0.0007212,0.0007354,0.0007718,0.0008178,0.0008765,0.0009311,0.0009855,0.00103,0.00108,0.00112,0.00118,0.00123,0.0011219000000000044,0.0011786666666666666,0.0012291333333333372
-0.672,0.0007476,0.000831,0.0007248,0.0007391,0.0007754,0.0008216,0.0008801,0.0009347,0.0009891,0.00104,0.00108,0.00113,0.00118,0.00123,0.001127900000000003,0.0011807333333333336,0.0012310666666666711
-0.668,0.0007512,0.000831,0.0007279,0.0007431,0.000779,0.0008249,0.0008839,0.0009382,0.0009929,0.00104,0.00109,0.00113,0.00119,0.00123,0.0011322333333333339,0.0011894333333333383,0.001233166666666672
-0.664,0.0007549,0.0008307,0.0007317,0.0007472,0.000783,0.0008293,0.0008878,0.0009417,0.0009967,0.00104,0.00109,0.00114,0.00119,0.00124,0.0011369999999999965,0.0011894666666666719,0.0012384000000000039
-0.66,0.0007593,0.0008317,0.0007349,0.000751,0.0007873,0.0008331,0.0008916,0.0009459,0.001,0.00105,0.0011,0.00114,0.00119,0.00124,0.001142966666666663,0.0011938666666666685,0.0012438999999999996
-0.656,0.000763,0.0008321,0.000738,0.0007549,0.0007908,0.0008366,0.0008954,0.0009496,0.00101,0.00105,0.0011,0.00115,0.0012,0.00125,0.0011473333333333316,0.001197799999999998,0.001247799999999994
-0.652,0.0007671,0.0008321,0.0007412,0.0007589,0.0007947,0.0008406,0.0008991,0.0009532,0.00101,0.00106,0.0011,0.00115,0.0012,0.00125,0.0011489666666666656,0.0012007333333333306,0.0012498999999999928
-0.648,0.0007713,0.0008324,0.0007442,0.0007627,0.0007983,0.0008442,0.0009027,0.0009567,0.00101,0.00106,0.00111,0.00115,0.00121,0.00125,0.001152566666666665,0.0012089333333333279,0.0012531333333333271
-0.644,0.0007748,0.0008339,0.000747,0.0007666,0.0008023,0.000848,0.0009067,0.0009609,0.00102,0.00106,0.00111,0.00116,0.00121,0.00126,0.0011558333333333301,0.0012086999999999948,0.0012582666666666636
-0.64,0.0007785,0.0008349,0.0007499,0.0007703,0.0008061,0.0008516,0.0009104,0.0009647,0.00102,0.00107,0.00112,0.00116,0.00121,0.00126,0.0011635999999999986,0.0012137666666666622,0.0012637666666666632
-0.636,0.000782,0.0008358,0.0007523,0.0007737,0.0008095,0.0008556,0.0009141,0.0009683,0.00102,0.00107,0.00112,0.00117,0.00122,0.00127,0.0011674000000000018,0.001217699999999998,0.0012676999999999957
-0.632,0.0007859,0.0008368,0.0007546,0.0007771,0.0008126,0.000859,0.0009177,0.000972,0.00103,0.00108,0.00112,0.00117,0.00122,0.00127,0.001168333333333336,0.0012186666666666656,0.0012686333333333287
-0.628,0.0007891,0.0008385,0.0007567,0.0007806,0.0008162,0.0008626,0.0009215,0.000976,0.00103,0.00108,0.00113,0.00117,0.00123,0.00128,0.0011728333333333363,0.001229433333333338,0.0012792000000000025
-0.624,0.0007918,0.0008406,0.0007587,0.0007833,0.0008197,0.0008659,0.000925,0.0009793,0.00104,0.00108,0.00113,0.00118,0.00123,0.00128,0.0011778000000000005,0.0012296333333333379,0.0012791666666666691
-0.62,0.0007942,0.0008413,0.0007601,0.0007864,0.0008224,0.0008693,0.0009286,0.0009835,0.00104,0.00109,0.00114,0.00118,0.00124,0.00128,0.001183466666666668,0.001240100000000004,0.0012835666666666712
-0.616,0.0007954,0.0008424,0.0007612,0.0007892,0.0008249,0.0008724,0.0009318,0.0009866,0.00104,0.00109,0.00114,0.00119,0.00124,0.00129,0.0011884333333333377,0.001239900000000004,0.0012884666666666742
-0.612,0.000797,0.0008442,0.0007622,0.0007918,0.000828,0.0008758,0.0009354,0.0009907,0.00105,0.00109,0.00114,0.00119,0.00124,0.00129,0.0011893333333333382,0.0012404666666666697,0.001289933333333341
-0.608,0.0007979,0.0008462,0.0007633,0.000794,0.0008305,0.0008787,0.0009386,0.0009939,0.00105,0.0011,0.00115,0.00119,0.00125,0.0013,0.0011931333333333367,0.001250199999999992,0.00129963333333334
-0.604,0.0007977,0.0008482,0.0007638,0.0007959,0.0008326,0.0008811,0.0009417,0.000997,0.00105,0.0011,0.00115,0.0012,0.00125,0.0013,0.001197366666666665,0.0012502999999999924,0.0012992333333333398
-0.6,0.0007976,0.0008505,0.0007648,0.0007977,0.0008348,0.0008836,0.0009448,0.001,0.00106,0.00111,0.00116,0.0012,0.00126,0.0013,0.0012030666666666629,0.0012597333333333304,0.0013032333333333355
-0.596,0.0007976,0.0008528,0.0007651,0.000799,0.0008362,0.0008861,0.0009481,0.001,0.00106,0.00111,0.00116,0.00121,0.00126,0.00131,0.001207866666666661,0.0012598333333333307,0.0013080333333333302
-0.592,0.0007964,0.0008551,0.0007653,0.0008003,0.0008382,0.0008888,0.0009507,0.00101,0.00107,0.00111,0.00116,0.00121,0.00126,0.00131,0.0012095333333333278,0.0012603999999999977,0.0013099333333333283
-0.588,0.0007956,0.0008575,0.0007657,0.0008011,0.0008397,0.000891,0.0009535,0.00101,0.00107,0.00112,0.00117,0.00121,0.00127,0.00132,0.0012122999999999952,0.0012693999999999956,0.00131926666666666
-0.584,0.0007943,0.0008604,0.0007656,0.0008016,0.0008412,0.0008925,0.0009559,0.00101,0.00107,0.00112,0.00117,0.00122,0.00127,0.00132,0.0012176999999999978,0.0012702999999999955,0.001320199999999993
-0.58,0.0007929,0.000863,0.0007657,0.0008027,0.0008425,0.0008951,0.0009585,0.00102,0.00108,0.00112,0.00118,0.00122,0.00128,0.00133,0.0012229000000000003,0.001279333333333336,0.0013292333333333316
-0.576,0.000792,0.0008656,0.0007657,0.0008035,0.000844,0.0008968,0.0009613,0.00102,0.00108,0.00113,0.00118,0.00123,0.00128,0.00133,0.001228300000000004,0.0012795666666666696,0.0013294333333333317
-0.572,0.0007911,0.0008682,0.0007659,0.0008037,0.0008451,0.0008987,0.0009638,0.00102,0.00108,0.00113,0.00118,0.00123,0.00128,0.00133,0.001229066666666671,0.0012803666666666702,0.0013301333333333326
-0.568,0.0007906,0.0008711,0.0007663,0.0008043,0.0008463,0.0009006,0.0009665,0.00103,0.00109,0.00113,0.00119,0.00123,0.00129,0.00134,0.0012338666666666708,0.0012907333333333421,0.0013406666666666712
-0.564,0.0007905,0.0008739,0.0007667,0.0008049,0.0008475,0.0009027,0.0009694,0.00103,0.00109,0.00114,0.00119,0.00124,0.00129,0.00134,0.0012376666666666703,0.001290833333333342,0.001340733333333338
-0.56,0.0007896,0.0008768,0.0007671,0.0008057,0.0008487,0.0009048,0.000972,0.00103,0.00109,0.00114,0.00119,0.00124,0.0013,0.00135,0.0012401333333333362,0.0012969000000000073,0.0013469000000000044
-0.556,0.00079,0.0008793,0.0007675,0.0008066,0.0008508,0.0009072,0.000975,0.00103,0.0011,0.00115,0.0012,0.00125,0.0013,0.00135,0.00125026666666666,0.0013035666666666686,0.00135356666666667
-0.552,0.0007908,0.0008819,0.0007684,0.0008074,0.0008522,0.000909,0.000977,0.00104,0.0011,0.00115,0.0012,0.00125,0.00131,0.00136,0.0012488666666666615,0.0013056666666666648,0.0013554666666666722
-0.548,0.000792,0.0008844,0.0007695,0.0008081,0.0008542,0.0009117,0.00098,0.00104,0.0011,0.00115,0.00121,0.00126,0.00131,0.00136,0.0012584666666666641,0.0013112999999999953,0.001361066666666672
-0.544,0.0007932,0.000887,0.0007705,0.0008093,0.0008561,0.0009139,0.0009832,0.00104,0.00111,0.00116,0.00121,0.00126,0.00132,0.00137,0.0012572999999999974,0.0013142999999999937,0.001363866666666665
-0.54,0.0007948,0.0008892,0.0007714,0.0008104,0.0008577,0.0009164,0.000986,0.00105,0.00111,0.00116,0.00122,0.00126,0.00132,0.00137,0.001262699999999997,0.0013219999999999942,0.001371833333333329
-0.536,0.0007972,0.0008912,0.0007723,0.0008119,0.0008598,0.0009192,0.000989,0.00105,0.00111,0.00117,0.00122,0.00127,0.00133,0.00138,0.0012669999999999958,0.0013263333333333302,0.0013761999999999954
-0.532,0.0007997,0.0008934,0.0007734,0.0008133,0.0008623,0.0009221,0.0009925,0.00105,0.00112,0.00117,0.00123,0.00127,0.00133,0.00138,0.0012752999999999977,0.001334933333333334,0.0013857333333333322
-0.528,0.0008019,0.0008956,0.0007741,0.0008146,0.0008646,0.000925,0.0009958,0.00106,0.00112,0.00118,0.00123,0.00128,0.00134,0.00139,0.0012792000000000016,0.0013391666666666701,0.0013906000000000018
-0.524,0.000805,0.0008972,0.0007748,0.0008164,0.0008671,0.0009278,0.0009991,0.00106,0.00113,0.00118,0.00123,0.00128,0.00134,0.0014,0.0012806666666666695,0.0013406000000000039,0.001396900000000006
-0.52,0.0008078,0.0008991,0.0007755,0.0008181,0.0008694,0.0009308,0.001,0.00107,0.00113,0.00118,0.00124,0.00129,0.00135,0.0014,0.0012891666666666748,0.0013488333333333373,0.0014015333333333418
-0.516,0.0008111,0.0009012,0.0007761,0.00082,0.0008723,0.0009343,0.00101,0.00107,0.00113,0.00119,0.00124,0.00129,0.00135,0.00141,0.001290133333333341,0.0013497666666666707,0.0014067000000000077
-0.512,0.0008132,0.0009029,0.0007765,0.0008215,0.0008747,0.0009374,0.00101,0.00107,0.00114,0.00119,0.00125,0.0013,0.00136,0.00141,0.0012992333333333383,0.0013587333333333399,0.001411200000000003
-0.508,0.0008156,0.0009044,0.0007771,0.0008225,0.0008772,0.0009406,0.00101,0.00108,0.00114,0.0012,0.00126,0.0013,0.00136,0.00142,0.0013041333333333363,0.0013634000000000061,0.0014204999999999932
-0.504,0.0008182,0.0009061,0.0007774,0.0008239,0.0008796,0.0009438,0.00102,0.00108,0.00115,0.0012,0.00126,0.00131,0.00137,0.00142,0.0013088999999999963,0.0013680333333333315,0.0014208333333333263
-0.5,0.0008206,0.0009083,0.0007781,0.000825,0.0008822,0.0009472,0.00102,0.00109,0.00115,0.00121,0.00127,0.00132,0.00137,0.00143,0.001321333333333327,0.001374799999999997,0.0014334666666666602
-0.496,0.0008225,0.0009106,0.0007784,0.0008264,0.0008843,0.0009502,0.00103,0.00109,0.00116,0.00121,0.00127,0.00132,0.00138,0.00144,0.0013210999999999937,0.0013788666666666634,0.0014375999999999963
-0.492,0.0008239,0.0009125,0.0007788,0.0008272,0.0008867,0.0009532,0.00103,0.0011,0.00116,0.00122,0.00128,0.00133,0.00139,0.00144,0.0013294666666666649,0.001388966666666669,0.0014416999999999993
-0.488,0.000826,0.0009146,0.0007795,0.0008283,0.0008885,0.0009563,0.00103,0.0011,0.00117,0.00122,0.00128,0.00133,0.00139,0.00145,0.0013298999999999984,0.0013894000000000024,0.0014461000000000031
-0.484,0.0008282,0.0009172,0.0007808,0.0008295,0.0008909,0.0009593,0.00104,0.0011,0.00117,0.00123,0.00129,0.00134,0.0014,0.00145,0.0013415666666666706,0.0014011000000000075,0.001454100000000005
-0.48,0.0008295,0.0009192,0.0007821,0.0008308,0.0008926,0.0009621,0.00104,0.00111,0.00117,0.00123,0.00129,0.00134,0.0014,0.00146,0.0013414666666666708,0.0014012000000000078,0.0014577666666666712
-0.476,0.0008313,0.0009215,0.0007835,0.000832,0.0008946,0.0009647,0.00104,0.00111,0.00118,0.00124,0.0013,0.00135,0.00141,0.00146,0.0013498333333333372,0.0014097000000000063,0.0014623666666666718
-0.472,0.0008333,0.000924,0.0007854,0.0008333,0.0008971,0.0009674,0.00105,0.00111,0.00118,0.00124,0.0013,0.00135,0.00141,0.00147,0.0013506666666666704,0.0014105333333333393,0.0014672000000000086
-0.468,0.0008352,0.0009265,0.0007872,0.0008354,0.0008992,0.0009703,0.00105,0.00112,0.00119,0.00125,0.00131,0.00136,0.00142,0.00147,0.001361666666666675,0.0014215999999999927,0.0014738666666666727
-0.464,0.0008364,0.000929,0.0007893,0.000837,0.000901,0.000973,0.00105,0.00112,0.00119,0.00125,0.00131,0.00136,0.00142,0.00148,0.0013619666666666748,0.0014218999999999924,0.0014784666666666647
-0.46,0.0008379,0.0009306,0.0007909,0.0008389,0.0009035,0.0009756,0.00106,0.00113,0.0012,0.00126,0.00131,0.00137,0.00143,0.00148,0.0013675000000000004,0.0014274333333333248,0.0014798666666666629
-0.456,0.0008385,0.0009323,0.0007928,0.0008411,0.0009061,0.0009784,0.00106,0.00113,0.0012,0.00126,0.00132,0.00137,0.00143,0.00149,0.0013740333333333297,0.0014337999999999931,0.0014932333333333304
-0.452,0.0008397,0.0009351,0.0007955,0.0008443,0.0009094,0.0009819,0.00106,0.00113,0.0012,0.00126,0.00132,0.00138,0.00144,0.0015,0.0013784999999999963,0.001438266666666663,0.0014980000000000004
-0.448,0.0008404,0.0009364,0.0007972,0.0008465,0.0009119,0.000985,0.00107,0.00114,0.00121,0.00127,0.00133,0.00138,0.00144,0.0015,0.0013837333333333317,0.0014433333333333327,0.0015031000000000033
-0.444,0.0008408,0.0009383,0.0007989,0.0008495,0.0009147,0.0009884,0.00107,0.00114,0.00121,0.00127,0.00133,0.00139,0.00145,0.00151,0.0013875000000000003,0.001447100000000003,0.0015068666666666725
-0.44,0.0008411,0.00094,0.0008004,0.0008512,0.0009176,0.0009918,0.00107,0.00115,0.00122,0.00128,0.00134,0.00139,0.00145,0.00151,0.0013933333333333367,0.0014532666666666717,0.0015132666666666738
-0.436,0.0008411,0.0009415,0.0008023,0.0008537,0.0009208,0.0009949,0.00108,0.00115,0.00122,0.00128,0.00134,0.0014,0.00146,0.00152,0.00139793333333334,0.0014578666666666717,0.0015178666666666736
-0.432,0.0008404,0.0009432,0.0008032,0.000856,0.0009236,0.0009982,0.00108,0.00115,0.00122,0.00129,0.00135,0.0014,0.00146,0.00152,0.001402666666666673,0.0014625000000000057,0.0015220666666666697
-0.428,0.0008401,0.0009446,0.0008046,0.0008586,0.0009267,0.001,0.00108,0.00116,0.00123,0.00129,0.00135,0.00141,0.00147,0.00153,0.0014068333333333396,0.0014667666666666752,0.0015264333333333293
-0.424,0.0008387,0.0009462,0.0008055,0.000861,0.0009295,0.00101,0.00109,0.00116,0.00123,0.0013,0.00136,0.00141,0.00147,0.00153,0.0014135000000000022,0.0014739666666666728,0.0015329333333333264
-0.42,0.000837,0.0009483,0.0008067,0.0008634,0.0009327,0.00101,0.00109,0.00117,0.00124,0.0013,0.00136,0.00142,0.00148,0.00154,0.0014172999999999972,0.001477733333333333,0.0015363999999999953
-0.416,0.0008352,0.0009503,0.0008077,0.0008656,0.0009358,0.00101,0.0011,0.00117,0.00124,0.00131,0.00137,0.00142,0.00149,0.00154,0.0014232666666666584,0.0014901666666666618,0.0015434999999999973
-0.412,0.0008331,0.0009519,0.0008086,0.000868,0.0009388,0.00102,0.0011,0.00117,0.00125,0.00131,0.00137,0.00143,0.00149,0.00155,0.0014275999999999911,0.0014900999999999949,0.0015479999999999975
-0.408,0.0008313,0.000954,0.0008097,0.0008702,0.000942,0.00102,0.00111,0.00118,0.00125,0.00132,0.00138,0.00143,0.0015,0.00156,0.0014326666666666598,0.0014993000000000007,0.0015587333333333371
-0.404,0.0008291,0.0009559,0.000811,0.0008724,0.0009449,0.00102,0.00111,0.00118,0.00126,0.00132,0.00138,0.00144,0.0015,0.00156,0.0014368333333333286,0.0014995666666666678,0.0015590000000000042
-0.4,0.000827,0.0009584,0.0008124,0.0008748,0.0009485,0.00103,0.00111,0.00119,0.00126,0.00133,0.00139,0.00144,0.00151,0.00157,0.0014429333333333327,0.00150983333333334,0.0015695000000000043
-0.396,0.0008262,0.0009609,0.0008143,0.0008781,0.0009521,0.00103,0.00112,0.00119,0.00127,0.00133,0.00139,0.00145,0.00151,0.00157,0.0014474333333333363,0.0015103333333333405,0.0015701000000000042
-0.392,0.0008251,0.0009635,0.0008164,0.000881,0.0009557,0.00104,0.00112,0.0012,0.00127,0.00134,0.0014,0.00145,0.00152,0.00158,0.0014538333333333389,0.001520833333333339,0.0015828333333333382
-0.388,0.0008246,0.0009668,0.0008187,0.0008842,0.0009599,0.00104,0.00113,0.0012,0.00128,0.00134,0.0014,0.00146,0.00152,0.00159,0.001458233333333339,0.0015206333333333385,0.00158663333333333
-0.384,0.0008243,0.0009698,0.0008214,0.000888,0.0009639,0.00105,0.00113,0.00121,0.00128,0.00135,0.00141,0.00147,0.00153,0.00159,0.0014679666666666748,0.0015299999999999953,0.001591099999999995
-0.38,0.0008248,0.0009729,0.0008245,0.0008919,0.0009685,0.00105,0.00114,0.00121,0.00129,0.00135,0.00142,0.00147,0.00154,0.0016,0.001470766666666674,0.0015372333333333315,0.0015976333333333273
-0.376,0.0008257,0.0009769,0.000828,0.0008961,0.0009728,0.00106,0.00114,0.00122,0.00129,0.00136,0.00142,0.00148,0.00154,0.0016,0.0014759,0.0015385999999999978,0.0015987999999999942
-0.372,0.0008276,0.0009808,0.000832,0.000901,0.0009777,0.00106,0.00115,0.00122,0.0013,0.00137,0.00143,0.00148,0.00155,0.00161,0.0014838999999999952,0.0015513999999999988,0.0016113666666666678
-0.368,0.0008299,0.0009849,0.0008363,0.000906,0.000983,0.00107,0.00115,0.00123,0.00131,0.00137,0.00144,0.00149,0.00156,0.00162,0.0014904666666666624,0.0015585000000000035,0.001618533333333339
-0.364,0.0008328,0.0009898,0.0008414,0.0009115,0.0009882,0.00107,0.00116,0.00124,0.00131,0.00138,0.00144,0.0015,0.00156,0.00162,0.0014968999999999998,0.0015607666666666712,0.001620800000000006
-0.36,0.0008365,0.0009943,0.0008468,0.0009174,0.0009943,0.00108,0.00117,0.00124,0.00132,0.00138,0.00145,0.0015,0.00157,0.00163,0.0015032333333333352,0.0015718666666666723,0.001631866666666671
-0.356,0.0008408,0.001,0.0008531,0.0009236,0.001,0.00108,0.00117,0.00125,0.00132,0.00139,0.00145,0.00151,0.00158,0.00164,0.0015087000000000054,0.0015774666666666754,0.0016374666666666604
-0.352,0.0008463,0.00101,0.0008594,0.0009307,0.00101,0.00109,0.00118,0.00126,0.00133,0.0014,0.00146,0.00152,0.00158,0.00164,0.0015167333333333396,0.0015795666666666751,0.0016392666666666571
-0.348,0.0008522,0.00101,0.0008664,0.0009377,0.00101,0.0011,0.00118,0.00126,0.00134,0.0014,0.00147,0.00152,0.00159,0.00165,0.0015239333333333363,0.0015918666666666617,0.001652466666666662
-0.344,0.0008587,0.00102,0.0008738,0.0009454,0.00102,0.0011,0.00119,0.00127,0.00134,0.00141,0.00147,0.00153,0.0016,0.00166,0.0015281999999999954,0.001597033333333327,0.0016577999999999962
-0.34,0.0008664,0.00103,0.0008822,0.0009534,0.00103,0.00111,0.0012,0.00127,0.00135,0.00142,0.00148,0.00154,0.0016,0.00167,0.0015375333333333308,0.0015996999999999947,0.0016655333333333356
-0.336,0.0008748,0.00103,0.0008912,0.0009617,0.00104,0.00112,0.00121,0.00128,0.00136,0.00142,0.00149,0.00154,0.00161,0.00167,0.0015429666666666646,0.0016117666666666678,0.001672500000000004
-0.332,0.0008839,0.00104,0.0009006,0.0009705,0.00104,0.00112,0.00121,0.00129,0.00136,0.00143,0.00149,0.00155,0.00162,0.00168,0.0015474999999999977,0.001616233333333338,0.001676633333333338
-0.328,0.000894,0.00105,0.0009107,0.00098,0.00105,0.00113,0.00122,0.0013,0.00137,0.00144,0.0015,0.00156,0.00163,0.00169,0.0015555333333333364,0.0016243666666666747,0.0016843333333333413
-0.324,0.0009055,0.00106,0.0009217,0.0009899,0.00106,0.00114,0.00123,0.0013,0.00138,0.00144,0.00151,0.00156,0.00163,0.0017,0.0015613333333333377,0.00163063333333334,0.0016971999999999957
-0.32,0.0009173,0.00107,0.0009337,0.001,0.00107,0.00115,0.00123,0.00131,0.00138,0.00145,0.00152,0.00157,0.00164,0.0017,0.0015722000000000047,0.0016415999999999922,0.0017027666666666597
-0.316,0.0009304,0.00108,0.0009461,0.00101,0.00108,0.00116,0.00124,0.00132,0.00139,0.00146,0.00152,0.00158,0.00165,0.00171,0.0015783000000000077,0.0016478333333333278,0.0017081666666666601
-0.312,0.0009447,0.00109,0.0009597,0.00102,0.00109,0.00117,0.00125,0.00133,0.0014,0.00147,0.00153,0.00159,0.00166,0.00172,0.0015873333333333301,0.0016564666666666623,0.0017168333333333334
-0.308,0.0009601,0.0011,0.0009741,0.00104,0.0011,0.00117,0.00126,0.00133,0.00141,0.00147,0.00154,0.00159,0.00166,0.00173,0.0015923666666666598,0.0016618999999999974,0.0017278000000000057
-0.304,0.0009767,0.00111,0.0009891,0.00105,0.00111,0.00118,0.00127,0.00134,0.00142,0.00148,0.00155,0.0016,0.00167,0.00173,0.0015981999999999943,0.001667600000000002,0.0017293333333333386
-0.3,0.0009944,0.00112,0.00101,0.00106,0.00112,0.00119,0.00128,0.00135,0.00142,0.00149,0.00156,0.00161,0.00168,0.00174,0.0016134666666666683,0.0016830666666666715,0.0017431666666666683
-0.296,0.00101,0.00113,0.00102,0.00108,0.00113,0.0012,0.00129,0.00136,0.00143,0.0015,0.00156,0.00162,0.00169,0.00175,0.0016185666666666716,0.0016882333333333402,0.0017482666666666603
-0.292,0.00103,0.00114,0.00104,0.00109,0.00115,0.00122,0.0013,0.00137,0.00144,0.00151,0.00157,0.00163,0.0017,0.00176,0.001628200000000005,0.001696933333333328,0.0017566999999999956
-0.288,0.00106,0.00116,0.00106,0.00111,0.00116,0.00123,0.00131,0.00138,0.00145,0.00152,0.00158,0.00164,0.00171,0.00177,0.0016389333333333253,0.0017081999999999935,0.0017699333333333323
-0.284,0.00108,0.00117,0.00108,0.00112,0.00117,0.00124,0.00132,0.00139,0.00146,0.00152,0.00159,0.00164,0.00171,0.00178,0.001640099999999991,0.0017090999999999934,0.0017751333333333348
-0.28,0.00111,0.00119,0.00111,0.00114,0.00119,0.00125,0.00133,0.0014,0.00147,0.00153,0.0016,0.00165,0.00172,0.00178,0.0016530333333333294,0.0017226000000000023,0.001783066666666671
-0.276,0.00113,0.0012,0.00113,0.00116,0.0012,0.00126,0.00134,0.00141,0.00148,0.00154,0.00161,0.00166,0.00173,0.00179,0.0016577666666666628,0.0017266000000000041,0.0017864333333333382
-0.272,0.00116,0.00122,0.00116,0.00118,0.00122,0.00128,0.00135,0.00142,0.00149,0.00155,0.00162,0.00167,0.00174,0.0018,0.0016708000000000022,0.00173956666666667,0.0017990666666666717
-0.268,0.00119,0.00124,0.00119,0.00121,0.00124,0.00129,0.00137,0.00143,0.0015,0.00156,0.00163,0.00168,0.00175,0.00181,0.0016774666666666705,0.0017457999999999944,0.0018049999999999958
-0.264,0.00123,0.00126,0.00122,0.00123,0.00126,0.00131,0.00138,0.00144,0.00151,0.00157,0.00164,0.00169,0.00176,0.00182,0.0016912000000000053,0.0017594333333333279,0.0018185333333333306
-0.26,0.00126,0.00128,0.00126,0.00126,0.00128,0.00132,0.00139,0.00146,0.00152,0.00158,0.00165,0.0017,0.00177,0.00183,0.0016983999999999966,0.0017642333333333315,0.0018219999999999988
-0.256,0.0013,0.0013,0.00129,0.00129,0.0013,0.00134,0.00141,0.00147,0.00153,0.00159,0.00166,0.00171,0.00178,0.00184,0.0017109333333333288,0.0017769000000000012,0.0018352666666666684
-0.252,0.00135,0.00132,0.00133,0.00132,0.00132,0.00136,0.00142,0.00148,0.00154,0.0016,0.00167,0.00172,0.00179,0.00185,0.0017257333333333344,0.0017899000000000053,0.0018478000000000036
-0.248,0.00139,0.00135,0.00138,0.00136,0.00135,0.00138,0.00144,0.0015,0.00155,0.00161,0.00168,0.00173,0.0018,0.00186,0.0017317666666666716,0.0017974666666666728,0.001855833333333325
-0.244,0.00144,0.00138,0.00142,0.00139,0.00138,0.0014,0.00146,0.00151,0.00157,0.00162,0.00169,0.00174,0.00181,0.00187,0.001740533333333338,0.001805366666666662,0.001863266666666663
-0.24,0.0015,0.00141,0.00147,0.00143,0.0014,0.00142,0.00148,0.00153,0.00158,0.00164,0.0017,0.00175,0.00182,0.00188,0.0017560666666666602,0.0018210999999999985,0.0018794999999999968
-0.236,0.00155,0.00144,0.00153,0.00148,0.00144,0.00144,0.00149,0.00154,0.00159,0.00165,0.00171,0.00176,0.00183,0.00189,0.0017613666666666612,0.0018271333333333317,0.0018858333333333307
-0.232,0.00161,0.00147,0.00158,0.00152,0.00147,0.00147,0.00151,0.00156,0.00161,0.00166,0.00172,0.00177,0.00184,0.0019,0.0017688333333333317,0.001834966666666666,0.0018935666666666721
-0.228,0.00168,0.00151,0.00164,0.00157,0.0015,0.0015,0.00154,0.00158,0.00162,0.00167,0.00174,0.00178,0.00185,0.00191,0.0017865000000000034,0.00185016666666667,0.0019065333333333357
-0.224,0.00175,0.00155,0.00171,0.00162,0.00154,0.00152,0.00156,0.0016,0.00164,0.00168,0.00175,0.0018,0.00187,0.00192,0.0017974000000000065,0.0018637666666666678,0.001916133333333333
-0.22,0.00182,0.0016,0.00178,0.00168,0.00158,0.00155,0.00158,0.00161,0.00165,0.0017,0.00176,0.00181,0.00188,0.00194,0.0018138666666666606,0.0018804666666666632,0.0019384000000000042
-0.216,0.00189,0.00164,0.00185,0.00174,0.00162,0.00158,0.0016,0.00163,0.00167,0.00171,0.00177,0.00182,0.00189,0.00195,0.0018204666666666622,0.0018869999999999972,0.0019454333333333374
-0.212,0.00197,0.00169,0.00192,0.0018,0.00167,0.00161,0.00163,0.00165,0.00168,0.00173,0.00179,0.00183,0.0019,0.00196,0.001836599999999998,0.0019006000000000045,0.0019578333333333366
-0.208,0.00206,0.00174,0.002,0.00186,0.00171,0.00165,0.00166,0.00167,0.0017,0.00174,0.0018,0.00185,0.00192,0.00197,0.00185556666666667,0.0019202333333333303,0.001972533333333345
-0.204,0.00214,0.0018,0.00208,0.00193,0.00176,0.00168,0.00168,0.0017,0.00172,0.00176,0.00182,0.00186,0.00193,0.00199,0.0018632666666666582,0.0019292666666666607,0.001986500000000005
-0.2,0.00223,0.00185,0.00217,0.002,0.00181,0.00172,0.00171,0.00172,0.00174,0.00177,0.00183,0.00187,0.00194,0.002,0.001869199999999996,0.0019377000000000014,0.001996500000000003
-0.196,0.00233,0.00191,0.00225,0.00207,0.00187,0.00176,0.00174,0.00174,0.00176,0.00179,0.00185,0.00189,0.00196,0.00201,0.0018955000000000011,0.0019621333333333384,0.002014166666666666
-0.192,0.00242,0.00197,0.00234,0.00215,0.00192,0.0018,0.00178,0.00177,0.00178,0.00181,0.00186,0.0019,0.00197,0.00203,0.0019036333333333404,0.0019696333333333454,0.0020260333333333262
-0.188,0.00252,0.00204,0.00243,0.00222,0.00198,0.00184,0.00181,0.0018,0.0018,0.00182,0.00188,0.00192,0.00199,0.00204,0.0019297666666666657,0.0019921000000000045,0.0020446000000000006
-0.184,0.00263,0.0021,0.00253,0.0023,0.00204,0.00189,0.00185,0.00183,0.00182,0.00184,0.0019,0.00194,0.002,0.00206,0.0019455666666666693,0.0020024333333333363,0.0020594666666666653
-0.18,0.00273,0.00217,0.00262,0.00238,0.00211,0.00193,0.00188,0.00186,0.00185,0.00186,0.00192,0.00196,0.00202,0.00207,0.0019668333333333356,0.002025633333333341,0.0020760000000000054
-0.176,0.00283,0.00224,0.00272,0.00246,0.00217,0.00198,0.00193,0.00189,0.00187,0.00189,0.00194,0.00197,0.00204,0.00209,0.001981833333333343,0.002044966666666667,0.0020947666666666655
-0.172,0.00294,0.0023,0.00281,0.00254,0.00224,0.00203,0.00197,0.00193,0.0019,0.00191,0.00196,0.00199,0.00206,0.00211,0.002000133333333337,0.00206443333333333,0.0021144999999999914
-0.168,0.00305,0.00237,0.0029,0.00262,0.0023,0.00209,0.00201,0.00196,0.00193,0.00193,0.00198,0.00201,0.00208,0.00213,0.0020269333333333317,0.002087100000000002,0.002137433333333332
-0.164,0.00316,0.00244,0.003,0.00271,0.00237,0.00215,0.00206,0.002,0.00196,0.00196,0.00201,0.00204,0.0021,0.00215,0.0020531999999999985,0.0021084999999999962,0.0021584999999999964
-0.16,0.00326,0.00251,0.00309,0.00279,0.00245,0.00221,0.00211,0.00205,0.002,0.00199,0.00204,0.00206,0.00212,0.00217,0.002083766666666661,0.002136600000000004,0.002183966666666672
-0.156,0.00337,0.00257,0.00318,0.00287,0.00252,0.00227,0.00217,0.00209,0.00204,0.00202,0.00207,0.00209,0.00215,0.00219,0.0021072666666666663,0.0021623666666666617,0.002203633333333343
-0.152,0.00347,0.00264,0.00327,0.00295,0.00259,0.00234,0.00223,0.00214,0.00208,0.00206,0.0021,0.00211,0.00217,0.00221,0.0021315333333333233,0.0021853000000000007,0.0022264333333333395
-0.148,0.00358,0.0027,0.00336,0.00303,0.00267,0.0024,0.00229,0.0022,0.00213,0.0021,0.00213,0.00214,0.0022,0.00224,0.0021662999999999986,0.0022175999999999923,0.002258833333333339
-0.144,0.00368,0.00276,0.00345,0.00311,0.00274,0.00248,0.00235,0.00226,0.00217,0.00214,0.00217,0.00218,0.00223,0.00227,0.002204833333333329,0.00224943333333333,0.0022899666666666638
-0.14,0.00378,0.00282,0.00353,0.00319,0.00282,0.00255,0.00242,0.00231,0.00222,0.00218,0.00221,0.00221,0.00226,0.0023,0.002240866666666666,0.002282133333333341,0.002322300000000001
-0.136,0.00387,0.00288,0.00362,0.00326,0.00289,0.00262,0.00249,0.00238,0.00228,0.00223,0.00225,0.00225,0.00229,0.00233,0.002272699999999987,0.0023100333333333414,0.002347833333333343
-0.132,0.00397,0.00293,0.00369,0.00333,0.00297,0.0027,0.00256,0.00244,0.00234,0.00228,0.00229,0.00228,0.00233,0.00236,0.0023058666666666565,0.0023479666666666767,0.002379433333333334
-0.128,0.00406,0.00297,0.00377,0.0034,0.00304,0.00277,0.00263,0.00251,0.00239,0.00233,0.00234,0.00232,0.00236,0.00239,0.0023491666666666613,0.0023851333333333316,0.0024163000000000036
-0.124,0.00415,0.00302,0.00384,0.00347,0.00311,0.00285,0.0027,0.00257,0.00245,0.00239,0.00239,0.00236,0.0024,0.00243,0.002395133333333336,0.0024279999999999944,0.002459433333333339
-0.12,0.00424,0.00305,0.00391,0.00353,0.00318,0.00292,0.00278,0.00264,0.00251,0.00244,0.00243,0.00241,0.00244,0.00247,0.002434866666666674,0.0024606333333333326,0.002490799999999993
-0.116,0.00432,0.00309,0.00397,0.00359,0.00325,0.003,0.00284,0.0027,0.00257,0.0025,0.00248,0.00245,0.00248,0.00251,0.0024793999999999914,0.0025031333333333365,0.0025338000000000084
-0.112,0.0044,0.00312,0.00402,0.00364,0.00331,0.00306,0.00291,0.00276,0.00263,0.00255,0.00253,0.0025,0.00252,0.00255,0.00252709999999999,0.002540633333333331,0.00257010000000001
-0.108,0.00447,0.00314,0.00407,0.00369,0.00337,0.00312,0.00297,0.00282,0.00268,0.0026,0.00258,0.00255,0.00256,0.00259,0.0025803333333333407,0.002585966666666673,0.00261566666666666
-0.104,0.00454,0.00316,0.00411,0.00373,0.00342,0.00317,0.00302,0.00287,0.00274,0.00265,0.00263,0.00259,0.0026,0.00263,0.0026188666666666577,0.0026238000000000086,0.002653900000000006
-0.1,0.0046,0.00317,0.00415,0.00376,0.00346,0.00322,0.00306,0.00292,0.00279,0.0027,0.00267,0.00264,0.00264,0.00267,0.002669799999999994,0.002666599999999994,0.002696633333333324
-0.096,0.00466,0.00318,0.00418,0.00379,0.00348,0.00325,0.00309,0.00296,0.00283,0.00275,0.00271,0.00268,0.00268,0.00271,0.0027152333333333406,0.0027102333333333412,0.0027411666666666648
-0.092,0.00471,0.00318,0.0042,0.0038,0.0035,0.00327,0.00312,0.00299,0.00287,0.00279,0.00275,0.00272,0.00272,0.00275,0.002748433333333337,0.002740866666666679,0.002771966666666673
-0.088,0.00475,0.00318,0.00421,0.0038,0.00351,0.00329,0.00314,0.00301,0.0029,0.00282,0.00279,0.00276,0.00275,0.00278,0.0027764999999999986,0.002761933333333338,0.002794166666666674
-0.084,0.00479,0.00316,0.00421,0.00379,0.0035,0.00329,0.00314,0.00303,0.00292,0.00286,0.00282,0.0028,0.00278,0.00282,0.0028060000000000094,0.0027852000000000024,0.002823133333333346
-0.08,0.00482,0.00314,0.00421,0.00377,0.00349,0.00328,0.00314,0.00304,0.00295,0.00289,0.00285,0.00283,0.00281,0.00285,0.002840699999999996,0.002817099999999992,0.0028566333333333448
-0.076,0.00484,0.00312,0.00419,0.00374,0.00347,0.00327,0.00314,0.00305,0.00296,0.00291,0.00287,0.00286,0.00283,0.00287,0.002865766666666652,0.002835766666666663,0.002875300000000011
-0.072,0.00485,0.00309,0.00416,0.0037,0.00344,0.00326,0.00313,0.00305,0.00297,0.00293,0.00289,0.00289,0.00286,0.0029,0.0028955333333333224,0.002862933333333321,0.002902833333333345
-0.068,0.00486,0.00306,0.00412,0.00366,0.00341,0.00324,0.00312,0.00305,0.00298,0.00295,0.00291,0.00292,0.00288,0.00292,0.002925233333333339,0.0028852666666666625,0.0029253000000000096
-0.064,0.00485,0.00305,0.00408,0.00361,0.00338,0.00322,0.0031,0.00305,0.00299,0.00296,0.00293,0.00294,0.0029,0.00294,0.002945700000000012,0.0029033333333333376,0.0029449333333333456
-0.06,0.00483,0.00305,0.00403,0.00357,0.00335,0.00319,0.00309,0.00304,0.003,0.00297,0.00294,0.00296,0.00291,0.00296,0.002964966666666663,0.0029165333333333304,0.0029618666666666625
-0.056,0.0048,0.00306,0.00398,0.00352,0.00332,0.00317,0.00308,0.00304,0.003,0.00298,0.00295,0.00297,0.00293,0.00297,0.0029754333333333375,0.002930766666666663,0.0029719333333333335
-0.052,0.00477,0.00308,0.00393,0.00347,0.00328,0.00315,0.00307,0.00303,0.00301,0.00299,0.00296,0.00299,0.00294,0.00298,0.002997100000000009,0.0029443666666666814,0.002986266666666658
-0.048,0.00474,0.00311,0.00387,0.00342,0.00325,0.00313,0.00306,0.00303,0.00301,0.00299,0.00297,0.00301,0.00295,0.003,0.0030140333333333286,0.0029546666666666736,0.00300013333333333
-0.044,0.0047,0.00316,0.00382,0.00338,0.00322,0.00312,0.00306,0.00304,0.00302,0.003,0.00299,0.00302,0.00297,0.00301,0.0030285666666666784,0.002973166666666668,0.0030134999999999884
-0.04,0.00466,0.0032,0.00377,0.00334,0.0032,0.00311,0.00306,0.00304,0.00303,0.00301,0.003,0.00304,0.00298,0.00303,0.0030474333333333423,0.002988033333333327,0.003033699999999993
-0.036,0.00462,0.00325,0.00373,0.00332,0.00319,0.00311,0.00306,0.00305,0.00304,0.00303,0.00301,0.00305,0.003,0.00304,0.003053700000000003,0.0029982666666666653,0.00304026666666667
-0.032,0.00457,0.00329,0.00368,0.0033,0.00318,0.00312,0.00308,0.00306,0.00305,0.00304,0.00302,0.00307,0.00301,0.00306,0.003073666666666673,0.0030119999999999956,0.0030578333333333265
-0.028,0.00453,0.00334,0.00364,0.0033,0.00319,0.00313,0.00309,0.00307,0.00306,0.00305,0.00304,0.00308,0.00302,0.00307,0.003082866666666667,0.0030211000000000083,0.0030665666666666717
-0.024,0.00448,0.00339,0.00361,0.0033,0.00321,0.00315,0.00311,0.00309,0.00308,0.00307,0.00305,0.00309,0.00304,0.00308,0.0030954333333333387,0.0030397333333333433,0.0030800333333333304
-0.02,0.00442,0.00344,0.00359,0.00332,0.00323,0.00317,0.00313,0.00311,0.00309,0.00308,0.00307,0.00311,0.00305,0.0031,0.003116166666666656,0.003052333333333334,0.0030938666666666596
-0.016,0.00437,0.00349,0.00358,0.00335,0.00326,0.00319,0.00315,0.00313,0.00311,0.0031,0.00308,0.00312,0.00307,0.00311,0.00312833333333334,0.003072900000000007,0.0031125666666666535
-0.012,0.00431,0.00353,0.00359,0.00337,0.00328,0.00321,0.00317,0.00314,0.00313,0.00311,0.0031,0.00314,0.00308,0.00312,0.0031424666666666715,0.0030825999999999983,0.003123333333333337
-0.008,0.00426,0.00358,0.00361,0.0034,0.00331,0.00324,0.00319,0.00316,0.00314,0.00313,0.00311,0.00315,0.00309,0.00314,0.0031543999999999943,0.003093333333333337,0.0031388333333333385
-0.004,0.00423,0.00362,0.00364,0.00343,0.00333,0.00326,0.00321,0.00318,0.00316,0.00314,0.00313,0.00317,0.00311,0.00315,0.003172200000000002,0.0031104999999999844,0.0031508666666666633
0.0,0.0042,0.00366,0.00367,0.00346,0.00336,0.00328,0.00322,0.00319,0.00317,0.00315,0.00314,0.00318,0.00312,0.00316,0.003182299999999995,0.00311876666666667,0.0031580666666666825
0.004,0.00419,0.00369,0.0037,0.00349,0.00338,0.00329,0.00323,0.0032,0.00318,0.00316,0.00315,0.00319,0.00312,0.00316,0.0031907666666666766,0.003121666666666673,0.0031611666666666862
0.008,0.00419,0.00372,0.00373,0.00351,0.0034,0.00331,0.00325,0.00322,0.00319,0.00317,0.00316,0.0032,0.00313,0.00317,0.003201133333333328,0.003129399999999994,0.0031680333333333394
0.012,0.00419,0.00375,0.00375,0.00353,0.00341,0.00333,0.00326,0.00323,0.0032,0.00318,0.00317,0.00321,0.00314,0.00318,0.0032133666666666755,0.0031400333333333383,0.0031771999999999894
0.016,0.0042,0.00379,0.00378,0.00355,0.00343,0.00334,0.00327,0.00324,0.00321,0.00319,0.00318,0.00322,0.00315,0.00318,0.003221733333333331,0.0031485333333333247,0.0031800333333333207
0.02,0.00422,0.00383,0.0038,0.00357,0.00344,0.00335,0.00328,0.00324,0.00321,0.00319,0.00318,0.00323,0.00315,0.00318,0.003229399999999986,0.0031497666666666555,0.0031816333333333233
0.024,0.00425,0.00385,0.00381,0.00358,0.00345,0.00335,0.00328,0.00324,0.00321,0.00319,0.00318,0.00323,0.00315,0.00319,0.0032301999999999843,0.0031497333333333224,0.0031861333333333395
0.028,0.00427,0.00385,0.00383,0.0036,0.00346,0.00336,0.00328,0.00325,0.00321,0.00319,0.00318,0.00323,0.00315,0.00318,0.0032309999999999874,0.003149633333333322,0.0031812666666666584
0.032,0.0043,0.00383,0.00384,0.00361,0.00347,0.00336,0.00328,0.00324,0.00321,0.00319,0.00318,0.00324,0.00315,0.00318,0.003236166666666671,0.003149366666666656,0.0031795666666666533
0.036,0.00434,0.00378,0.00384,0.00361,0.00347,0.00336,0.00328,0.00324,0.0032,0.00319,0.00318,0.00323,0.00315,0.00318,0.003230866666666654,0.003147866666666659,0.0031775333333333225
0.04,0.00437,0.00373,0.00385,0.00361,0.00346,0.00335,0.00327,0.00323,0.0032,0.00318,0.00317,0.00323,0.00314,0.00317,0.0032276666666666526,0.0031398333333333395,0.003168300000000005
0.044,0.00438,0.00367,0.00385,0.00361,0.00346,0.00335,0.00326,0.00322,0.00319,0.00317,0.00317,0.00323,0.00314,0.00316,0.0032248999999999876,0.003136133333333337,0.003159533333333347
0.048,0.00439,0.0036,0.00384,0.0036,0.00345,0.00333,0.00324,0.00321,0.00317,0.00316,0.00316,0.00322,0.00313,0.00315,0.0032152000000000023,0.003125566666666656,0.0031492666666666624
0.052,0.00441,0.00353,0.00383,0.00359,0.00343,0.00332,0.00323,0.00319,0.00316,0.00314,0.00315,0.00321,0.00311,0.00314,0.003203800000000011,0.0031080333333333167,0.0031351333333333375
0.056,0.00442,0.00345,0.00381,0.00357,0.00341,0.0033,0.00321,0.00317,0.00313,0.00312,0.00313,0.00319,0.0031,0.00312,0.003186666666666677,0.003095866666666659,0.003118233333333338
0.06,0.00442,0.00336,0.00379,0.00355,0.00339,0.00327,0.00318,0.00315,0.00311,0.0031,0.00311,0.00318,0.00308,0.0031,0.0031737333333333273,0.003080533333333329,0.0031014999999999958
0.064,0.00442,0.00327,0.00376,0.00353,0.00336,0.00324,0.00315,0.00312,0.00308,0.00308,0.00309,0.00316,0.00307,0.00308,0.003157566666666683,0.003069366666666674,0.003083599999999993
0.068,0.00441,0.00317,0.00372,0.00349,0.00333,0.00321,0.00312,0.00309,0.00305,0.00305,0.00307,0.00314,0.00305,0.00306,0.0031380333333333415,0.003054866666666667,0.0030715999999999873
0.072,0.0044,0.00307,0.00368,0.00346,0.00329,0.00317,0.00308,0.00306,0.00302,0.00302,0.00304,0.00312,0.00302,0.00304,0.0031126333333333415,0.0030235666666666773,0.0030463666666666724
0.076,0.00439,0.00297,0.00363,0.00341,0.00325,0.00313,0.00303,0.00302,0.00298,0.00298,0.00301,0.00309,0.003,0.00301,0.0030813000000000073,0.003002233333333336,0.0030217333333333245
0.08,0.00438,0.00285,0.00357,0.00336,0.00319,0.00308,0.00299,0.00297,0.00294,0.00295,0.00298,0.00306,0.00297,0.00298,0.003058766666666653,0.0029811666666666728,0.0029992666666666602
0.084,0.00437,0.00274,0.0035,0.0033,0.00314,0.00303,0.00293,0.00292,0.00289,0.0029,0.00294,0.00303,0.00294,0.00295,0.0030306333333333223,0.002950800000000015,0.002965366666666671
0.088,0.00435,0.00263,0.00342,0.00323,0.00307,0.00297,0.00288,0.00287,0.00284,0.00286,0.00291,0.003,0.00291,0.00291,0.003004033333333331,0.0029266666666666642,0.002936033333333329
0.092,0.00433,0.00251,0.00333,0.00316,0.00301,0.0029,0.00282,0.00281,0.00279,0.00281,0.00286,0.00296,0.00287,0.00288,0.0029567666666666607,0.002881766666666674,0.002897433333333327
0.096,0.0043,0.0024,0.00323,0.00308,0.00293,0.00283,0.00275,0.00275,0.00273,0.00276,0.00282,0.00292,0.00283,0.00284,0.002917766666666674,0.002842666666666667,0.002858266666666655
0.1,0.00426,0.00228,0.00312,0.00299,0.00285,0.00276,0.00268,0.00269,0.00268,0.00271,0.00277,0.00287,0.00279,0.0028,0.0028714666666666768,0.002801533333333324,0.0028167000000000075
0.104,0.00422,0.00217,0.003,0.00289,0.00276,0.00268,0.00261,0.00262,0.00261,0.00265,0.00272,0.00282,0.00274,0.00275,0.002820666666666677,0.0027577999999999917,0.002774966666666669
0.108,0.00418,0.00207,0.00288,0.00279,0.00267,0.0026,0.00253,0.00255,0.00255,0.00259,0.00266,0.00277,0.0027,0.00271,0.002754300000000012,0.00269713333333334,0.002713499999999995
0.112,0.00413,0.00196,0.00275,0.00268,0.00258,0.00251,0.00245,0.00248,0.00248,0.00253,0.00261,0.00272,0.00265,0.00266,0.0027130666666666764,0.002658033333333344,0.002676133333333329
0.116,0.00408,0.00186,0.00262,0.00257,0.00248,0.00242,0.00238,0.00241,0.00242,0.00247,0.00255,0.00266,0.0026,0.00262,0.0026649333333333323,0.0026147333333333437,0.0026385999999999914
0.12,0.00402,0.00177,0.00248,0.00245,0.00238,0.00233,0.00229,0.00233,0.00235,0.0024,0.00249,0.00261,0.00255,0.00257,0.002589500000000001,0.0025502000000000107,0.0025779333333333264
0.124,0.00396,0.00168,0.00234,0.00233,0.00228,0.00225,0.00222,0.00226,0.00228,0.00234,0.00242,0.00255,0.0025,0.00252,0.002536100000000008,0.002501899999999989,0.0025301999999999963
0.128,0.00389,0.00159,0.00221,0.00222,0.00217,0.00216,0.00214,0.00219,0.00221,0.00228,0.00236,0.00249,0.00244,0.00247,0.0024819333333333275,0.002449166666666664,0.0024841333333333235
0.132,0.00382,0.00152,0.00208,0.0021,0.00207,0.00207,0.00206,0.00211,0.00215,0.00221,0.0023,0.00243,0.00239,0.00242,0.002409600000000003,0.002386133333333335,0.0024233999999999935
0.136,0.00374,0.00144,0.00196,0.00199,0.00198,0.00198,0.00198,0.00204,0.00208,0.00215,0.00224,0.00237,0.00233,0.00237,0.002348433333333328,0.002329500000000008,0.0023734333333333283
0.14,0.00366,0.00138,0.00184,0.00188,0.00189,0.0019,0.00191,0.00198,0.00202,0.00209,0.00218,0.00231,0.00228,0.00232,0.002294466666666668,0.002280566666666661,0.0023248333333333276
0.144,0.00357,0.00132,0.00173,0.00178,0.0018,0.00183,0.00184,0.00191,0.00196,0.00204,0.00212,0.00225,0.00223,0.00227,0.0022269333333333244,0.002223266666666663,0.002268433333333328
0.148,0.00348,0.00126,0.00162,0.00169,0.00171,0.00175,0.00178,0.00185,0.0019,0.00198,0.00207,0.00219,0.00218,0.00223,0.002168166666666674,0.0021691999999999957,0.002218933333333328
0.152,0.00339,0.00121,0.00153,0.0016,0.00164,0.00168,0.00172,0.00179,0.00185,0.00193,0.00202,0.00214,0.00213,0.00218,0.002123033333333332,0.002122099999999998,0.0021723666666666626
0.156,0.00329,0.00117,0.00144,0.00152,0.00157,0.00162,0.00166,0.00174,0.0018,0.00188,0.00197,0.00209,0.00209,0.00214,0.0020679000000000014,0.0020733999999999995,0.002124066666666665
0.16,0.00319,0.00112,0.00136,0.00144,0.0015,0.00156,0.00161,0.00169,0.00175,0.00183,0.00192,0.00204,0.00204,0.0021,0.0020179000000000004,0.0020248000000000015,0.0020824666666666614
0.164,0.00309,0.00108,0.00128,0.00138,0.00144,0.00151,0.00156,0.00164,0.00171,0.00179,0.00188,0.00199,0.002,0.00206,0.001969700000000003,0.0019857666666666697,0.002041499999999999
0.168,0.00299,0.00104,0.00122,0.00132,0.00138,0.00146,0.00152,0.0016,0.00167,0.00175,0.00184,0.00195,0.00197,0.00202,0.0019295666666666706,0.001951533333333341,0.0020042333333333408
0.172,0.00288,0.00101,0.00116,0.00126,0.00133,0.00141,0.00147,0.00156,0.00163,0.00171,0.0018,0.00191,0.00193,0.00199,0.001890666666666669,0.0019152999999999954,0.001974400000000002
0.176,0.00277,0.0009803,0.00111,0.00121,0.00129,0.00137,0.00144,0.00152,0.0016,0.00168,0.00176,0.00187,0.0019,0.00196,0.0018511666666666652,0.0018840666666666693,0.001942866666666666
0.18,0.00266,0.0009482,0.00106,0.00117,0.00125,0.00133,0.0014,0.00149,0.00156,0.00165,0.00173,0.00183,0.00186,0.00192,0.0018126666666666688,0.0018466333333333233,0.0019078333333333323
0.184,0.00254,0.0009174,0.00101,0.00112,0.00121,0.0013,0.00137,0.00146,0.00153,0.00162,0.0017,0.0018,0.00183,0.0019,0.0017844333333333407,0.00182113333333333,0.0018872000000000062
0.188,0.00243,0.0008955,0.0009761,0.00109,0.00118,0.00127,0.00134,0.00143,0.00151,0.00159,0.00167,0.00177,0.00181,0.00187,0.0017539333333333321,0.0017988999999999954,0.0018588999999999986
0.192,0.00231,0.0008681,0.0009425,0.00106,0.00115,0.00124,0.00132,0.0014,0.00148,0.00157,0.00165,0.00174,0.00178,0.00184,0.0017327666666666713,0.0017761000000000005,0.001836
0.196,0.0022,0.0008455,0.0009119,0.00103,0.00112,0.00122,0.00129,0.00138,0.00146,0.00154,0.00162,0.00172,0.00176,0.00182,0.0017065000000000034,0.0017516666666666646,0.0018116666666666678
0.2,0.00209,0.0008235,0.0008858,0.001,0.0011,0.00119,0.00127,0.00136,0.00144,0.00152,0.0016,0.00169,0.00174,0.0018,0.0016851000000000075,0.0017356000000000038,0.0017957000000000086
0.204,0.00198,0.0008059,0.0008625,0.0009774,0.00108,0.00117,0.00125,0.00134,0.00142,0.0015,0.00158,0.00167,0.00172,0.00178,0.0016623666666666693,0.0017142333333333315,0.0017743666666666673
0.208,0.00187,0.0007815,0.0008412,0.0009564,0.00106,0.00115,0.00123,0.00132,0.0014,0.00148,0.00156,0.00165,0.0017,0.00176,0.0016404999999999987,0.001693066666666663,0.0017533333333333305
0.212,0.00177,0.0007642,0.0008221,0.0009373,0.00104,0.00113,0.00121,0.0013,0.00138,0.00146,0.00154,0.00163,0.00168,0.00174,0.0016209000000000048,0.001672633333333335,0.0017334000000000045
0.216,0.00167,0.0007465,0.0008046,0.0009204,0.00102,0.00112,0.0012,0.00129,0.00137,0.00145,0.00152,0.00161,0.00166,0.00172,0.0016019,0.0016539666666666624,0.0017156666666666666
0.22,0.00158,0.0007263,0.0007887,0.000904,0.001,0.0011,0.00118,0.00127,0.00135,0.00143,0.00151,0.00159,0.00164,0.00171,0.0015858333333333304,0.0016375999999999938,0.0017039999999999974
0.224,0.00149,0.0007046,0.0007736,0.0008899,0.0009908,0.00109,0.00117,0.00126,0.00134,0.00142,0.00149,0.00158,0.00163,0.00169,0.0015698000000000057,0.0016219000000000034,0.0016823333333333393
0.228,0.00141,0.0006894,0.0007603,0.000877,0.000978,0.00107,0.00116,0.00124,0.00132,0.0014,0.00148,0.00156,0.00161,0.00167,0.0015534666666666684,0.0016051333333333311,0.0016653000000000015
0.232,0.00133,0.0006747,0.0007492,0.0008645,0.0009661,0.00106,0.00115,0.00123,0.00131,0.00139,0.00147,0.00155,0.0016,0.00166,0.001545066666666664,0.0015980666666666609,0.0016580999999999968
0.236,0.00126,0.0006565,0.0007388,0.000853,0.0009554,0.00105,0.00114,0.00122,0.0013,0.00138,0.00145,0.00153,0.00159,0.00165,0.0015250999999999954,0.0015833666666666638,0.0016432666666666654
0.24,0.00119,0.0006372,0.000729,0.0008438,0.0009448,0.00104,0.00112,0.00121,0.00129,0.00137,0.00144,0.00152,0.00157,0.00163,0.0015137666666666715,0.0015652333333333367,0.0016247666666666738
0.244,0.00113,0.0006256,0.0007201,0.0008346,0.0009353,0.00103,0.00111,0.0012,0.00128,0.00135,0.00143,0.00151,0.00156,0.00162,0.0015026666666666704,0.0015552333333333356,0.0016146000000000049
0.248,0.00107,0.0006102,0.0007122,0.0008263,0.0009256,0.00102,0.0011,0.00119,0.00127,0.00134,0.00142,0.00149,0.00155,0.00161,0.0014844333333333295,0.0015433666666666637,0.0016024999999999985
0.252,0.00102,0.0005969,0.0007048,0.0008183,0.0009179,0.00101,0.0011,0.00118,0.00126,0.00133,0.00141,0.00148,0.00154,0.0016,0.0014741333333333304,0.0015338666666666635,0.0015928999999999952
0.256,0.0009753,0.0005901,0.0006982,0.0008113,0.0009102,0.001,0.00109,0.00117,0.00125,0.00132,0.0014,0.00147,0.00153,0.00159,0.0014656666666666735,0.001526333333333329,0.0015842999999999962
0.26,0.0009341,0.0005697,0.0006914,0.0008046,0.000903,0.0009946,0.00108,0.00116,0.00124,0.00131,0.00139,0.00146,0.00152,0.00157,0.0014550666666666703,0.001515466666666672,0.0015667666666666694
0.264,0.0008972,0.0005683,0.0006861,0.0007986,0.0008967,0.0009875,0.00107,0.00115,0.00123,0.00131,0.00138,0.00145,0.00151,0.00156,0.00144416666666667,0.001504633333333339,0.0015556666666666698
0.268,0.0008639,0.0005554,0.0006795,0.0007927,0.00089,0.0009805,0.00106,0.00115,0.00122,0.0013,0.00137,0.00144,0.0015,0.00155,0.001430833333333331,0.0014917333333333343,0.0015439333333333311
0.272,0.0008346,0.0005431,0.0006755,0.0007871,0.0008842,0.0009733,0.00106,0.00114,0.00121,0.00129,0.00136,0.00143,0.00149,0.00154,0.0014238999999999938,0.0014835999999999972,0.0015357999999999956
0.276,0.0008076,0.000534,0.0006709,0.0007823,0.0008783,0.0009668,0.00105,0.00113,0.00121,0.00128,0.00135,0.00142,0.00148,0.00153,0.0014154333333333306,0.0014743333333333325,0.0015280333333333265
0.28,0.0007835,0.0005207,0.0006671,0.000777,0.0008729,0.0009606,0.00104,0.00113,0.0012,0.00127,0.00134,0.00141,0.00147,0.00153,0.0014081333333333397,0.0014653000000000083,0.0015248333333333283
0.284,0.000762,0.0005219,0.0006625,0.000773,0.0008682,0.000955,0.00104,0.00112,0.00119,0.00127,0.00134,0.00141,0.00146,0.00152,0.0014079000000000064,0.001460833333333339,0.001520433333333336
0.288,0.0007429,0.0005185,0.000659,0.0007686,0.0008631,0.0009493,0.00103,0.00111,0.00119,0.00126,0.00133,0.0014,0.00145,0.00151,0.001395500000000005,0.0014472000000000029,0.001506400000000004
0.292,0.0007272,0.0005076,0.0006554,0.0007643,0.0008585,0.000944,0.00103,0.00111,0.00118,0.00125,0.00132,0.00139,0.00144,0.0015,0.0013856,0.0014390333333333307,0.001496733333333333
0.296,0.0007115,0.0005012,0.000652,0.0007607,0.000854,0.0009386,0.00102,0.0011,0.00117,0.00124,0.00131,0.00138,0.00144,0.00149,0.0013751333333333288,0.0014342666666666629,0.001484733333333329
0.3,0.0006976,0.0004969,0.0006489,0.0007575,0.0008501,0.0009336,0.00102,0.00109,0.00117,0.00124,0.00131,0.00137,0.00143,0.00148,0.0013710999999999951,0.0014300666666666603,0.0014804999999999953
0.304,0.0006856,0.000492,0.0006462,0.0007541,0.0008461,0.0009289,0.00101,0.00109,0.00116,0.00123,0.0013,0.00137,0.00142,0.00147,0.001362466666666666,0.0014144333333333328,0.0014669666666666764
0.308,0.0006738,0.0004841,0.0006433,0.0007509,0.0008419,0.0009241,0.00101,0.00108,0.00115,0.00122,0.00129,0.00136,0.00141,0.00147,0.0013557666666666713,0.0014082333333333402,0.0014647000000000093
0.312,0.0006646,0.0004833,0.0006405,0.0007477,0.0008384,0.0009197,0.0009997,0.00108,0.00115,0.00122,0.00129,0.00135,0.00141,0.00146,0.0013520666666666703,0.00140843333333334,0.0014612000000000065
0.316,0.000655,0.0004849,0.0006383,0.0007446,0.0008351,0.0009155,0.0009951,0.00107,0.00114,0.00121,0.00128,0.00135,0.0014,0.00145,0.001343333333333336,0.0013954666666666719,0.0014458666666666686
0.32,0.0006471,0.0004783,0.0006361,0.0007418,0.0008314,0.0009112,0.0009905,0.00107,0.00114,0.00121,0.00127,0.00134,0.00139,0.00144,0.0013356000000000017,0.001387700000000001,0.001438466666666663
0.324,0.0006399,0.0004791,0.000634,0.0007389,0.0008277,0.0009072,0.0009858,0.00106,0.00113,0.0012,0.00127,0.00133,0.00139,0.00144,0.001329466666666665,0.0013867333333333345,0.0014370666666666627
0.328,0.0006333,0.0004749,0.0006318,0.0007362,0.0008247,0.0009036,0.0009817,0.00106,0.00113,0.0012,0.00126,0.00133,0.00138,0.00143,0.0013247666666666633,0.0013760666666666624,0.0014262666666666585
0.332,0.0006267,0.0004746,0.0006295,0.0007336,0.0008215,0.0009001,0.0009778,0.00105,0.00112,0.00119,0.00126,0.00132,0.00137,0.00142,0.0013197999999999934,0.0013712333333333296,0.0014213333333333263
0.336,0.0006203,0.0004765,0.0006272,0.0007312,0.0008187,0.0008965,0.0009739,0.00105,0.00112,0.00118,0.00125,0.00131,0.00137,0.00142,0.0013082999999999966,0.0013660666666666659,0.0014161333333333303
0.34,0.000615,0.0004783,0.000625,0.0007286,0.0008155,0.0008928,0.00097,0.00105,0.00111,0.00118,0.00124,0.00131,0.00136,0.00141,0.0013040333333333325,0.0013572000000000076,0.0014071333333333397
0.344,0.0006101,0.000473,0.0006226,0.0007261,0.0008129,0.0008897,0.0009662,0.00104,0.00111,0.00117,0.00124,0.0013,0.00136,0.00141,0.0013012666666666712,0.0013584666666666737,0.0014085000000000072
0.348,0.0006053,0.0004692,0.0006211,0.0007239,0.0008104,0.0008866,0.0009624,0.00104,0.0011,0.00117,0.00123,0.0013,0.00135,0.0014,0.0012965000000000066,0.0013493000000000047,0.0013991333333333406
0.352,0.0006005,0.000476,0.0006182,0.0007214,0.0008078,0.0008835,0.0009589,0.00103,0.0011,0.00117,0.00123,0.00129,0.00135,0.0014,0.0012909666666666743,0.0013484000000000044,0.0013981000000000065
0.356,0.000596,0.0004751,0.0006159,0.0007193,0.0008058,0.0008803,0.0009556,0.00103,0.0011,0.00116,0.00122,0.00129,0.00134,0.00139,0.0012853000000000064,0.0013381666666666698,0.001385966666666667
0.36,0.0005904,0.0004797,0.000618,0.000717,0.0008033,0.0008778,0.0009523,0.00103,0.00109,0.00116,0.00122,0.00128,0.00134,0.00138,0.001279700000000003,0.0013363333333333352,0.0013802666666666635
0.364,0.0005859,0.0004843,0.0006128,0.0007154,0.0008015,0.0008755,0.0009497,0.00102,0.00109,0.00115,0.00122,0.00128,0.00133,0.00138,0.001277300000000002,0.0013292666666666652,0.0013776666666666631
0.368,0.0005821,0.0004734,0.0006105,0.0007137,0.0007998,0.000873,0.0009466,0.00102,0.00108,0.00115,0.00121,0.00127,0.00133,0.00137,0.0012698999999999957,0.0013268666666666636,0.0013705333333333294
0.372,0.0005769,0.0004778,0.0006087,0.0007121,0.0007979,0.0008705,0.0009435,0.00102,0.00108,0.00114,0.00121,0.00127,0.00132,0.00137,0.0012687333333333288,0.00132146666666666,0.001369766666666663
0.376,0.0005733,0.0004802,0.0006067,0.00071,0.0007958,0.0008682,0.0009407,0.00101,0.00108,0.00114,0.0012,0.00126,0.00132,0.00137,0.0012603666666666639,0.00131676666666666,0.0013666999999999991
0.38,0.0005693,0.0004862,0.0006052,0.0007085,0.0007943,0.000866,0.0009382,0.00101,0.00107,0.00114,0.0012,0.00126,0.00131,0.00136,0.0012588999999999973,0.0013097333333333292,0.0013597333333333407
0.384,0.0005659,0.0004841,0.0006038,0.0007071,0.0007928,0.000864,0.0009352,0.00101,0.00107,0.00113,0.0012,0.00126,0.00131,0.00136,0.0012590666666666638,0.0013095666666666625,0.0013595666666666743
0.388,0.0005625,0.0004831,0.000602,0.0007054,0.0007912,0.0008621,0.0009329,0.001,0.00107,0.00113,0.00119,0.00125,0.0013,0.00135,0.0012503666666666595,0.0013004666666666719,0.001350466666666671
0.392,0.0005591,0.0004905,0.0006007,0.0007042,0.0007895,0.00086,0.0009302,0.0009999,0.00106,0.00113,0.00119,0.00125,0.0013,0.00135,0.0012479333333333276,0.0012980333333333404,0.0013480333333333377
0.396,0.0005562,0.0004866,0.0005977,0.0007025,0.000788,0.0008581,0.0009282,0.0009975,0.00106,0.00113,0.00119,0.00125,0.0013,0.00135,0.0012490666666666594,0.0012991000000000062,0.001349100000000004
0.4,0.0005536,0.0004931,0.0005974,0.0007012,0.0007867,0.0008565,0.0009258,0.0009948,0.00106,0.00112,0.00118,0.00124,0.00129,0.00134,0.0012389666666666709,0.0012889666666666747,0.001339233333333337
0.404,0.0005511,0.000487,0.0005932,0.0006995,0.0007851,0.0008545,0.0009237,0.000992,0.00106,0.00112,0.00118,0.00124,0.00129,0.00134,0.0012399000000000023,0.0012899000000000083,0.0013406666666666714
0.408,0.0005479,0.0004939,0.0005946,0.0006986,0.0007837,0.0008528,0.0009212,0.0009895,0.00105,0.00112,0.00118,0.00124,0.00129,0.00134,0.001237566666666671,0.0012876000000000072,0.0013385000000000035
0.412,0.0005457,0.0004873,0.0005937,0.000697,0.0007824,0.000851,0.0009193,0.0009869,0.00105,0.00111,0.00117,0.00123,0.00128,0.00134,0.001230666666666671,0.0012806666666666698,0.001337700000000003
0.416,0.0005441,0.0004933,0.0005932,0.0006956,0.0007809,0.0008489,0.0009169,0.0009842,0.00105,0.00111,0.00117,0.00123,0.00128,0.00133,0.0012288666666666712,0.0012789000000000023,0.0013306333333333322
0.42,0.0005421,0.0004918,0.0005911,0.0006943,0.000779,0.0008472,0.0009145,0.0009816,0.00104,0.00111,0.00117,0.00123,0.00128,0.00133,0.0012285666666666708,0.0012785666666666686,0.0013305999999999986
0.424,0.0005398,0.000492,0.0005908,0.0006927,0.0007775,0.0008454,0.000912,0.0009793,0.00104,0.00111,0.00116,0.00122,0.00127,0.00133,0.0012203333333333328,0.0012704333333333289,0.001328466666666664
0.428,0.0005372,0.0004939,0.0005896,0.0006917,0.0007763,0.0008437,0.0009101,0.0009769,0.00104,0.0011,0.00116,0.00122,0.00127,0.00133,0.0012193333333333323,0.001269399999999995,0.001327799999999997
0.432,0.0005358,0.0004971,0.0005881,0.0006905,0.0007745,0.0008418,0.0009079,0.0009742,0.00104,0.0011,0.00116,0.00122,0.00127,0.00132,0.001218266666666665,0.0012682999999999948,0.0013215333333333266
0.436,0.0005332,0.0005004,0.0005876,0.000689,0.000773,0.0008398,0.0009055,0.0009715,0.00103,0.0011,0.00116,0.00121,0.00126,0.00132,0.0012126666666666618,0.0012626666666666626,0.0013198999999999928
0.44,0.0005321,0.0004952,0.0005868,0.000688,0.0007714,0.0008379,0.0009029,0.000969,0.00103,0.00109,0.00115,0.00121,0.00126,0.00131,0.001208166666666661,0.0012579333333333305,0.0013091999999999963
0.444,0.0005303,0.0004921,0.0005862,0.0006869,0.0007699,0.0008361,0.0009009,0.0009663,0.00103,0.00109,0.00115,0.00121,0.00126,0.00131,0.0012080999999999943,0.0012580666666666632,0.0013097333333333286
0.448,0.0005285,0.0004866,0.0005856,0.0006859,0.0007687,0.0008341,0.0008986,0.0009638,0.00102,0.00109,0.00115,0.0012,0.00125,0.00131,0.00120283333333333,0.0012527666666666602,0.0013097333333333288
0.452,0.0005273,0.00049,0.000585,0.000685,0.0007667,0.0008319,0.0008961,0.0009611,0.00102,0.00108,0.00114,0.0012,0.00125,0.0013,0.0011982666666666654,0.00124633333333333,0.0012986000000000054
0.456,0.0005259,0.0004948,0.000585,0.0006841,0.0007655,0.0008301,0.0008936,0.0009586,0.00102,0.00108,0.00114,0.0012,0.00124,0.0013,0.0011978999999999987,0.0012414666666666692,0.00129793333333334
0.46,0.0005237,0.0004919,0.0005852,0.0006835,0.0007642,0.0008286,0.0008919,0.000956,0.00101,0.00108,0.00113,0.00119,0.00124,0.00129,0.0011881666666666716,0.0012382000000000042,0.0012883666666666743
0.464,0.0005225,0.0004937,0.0005844,0.0006825,0.0007629,0.0008268,0.0008894,0.0009535,0.00101,0.00107,0.00113,0.00119,0.00124,0.00129,0.0011872000000000037,0.0012368333333333376,0.0012871333333333405
0.468,0.0005217,0.000491,0.0005841,0.0006821,0.000762,0.0008251,0.0008874,0.000951,0.00101,0.00107,0.00113,0.00118,0.00123,0.00128,0.001182900000000001,0.0012325666666666713,0.0012828333333333376
0.472,0.0005198,0.0004912,0.0005838,0.0006813,0.0007608,0.0008235,0.0008853,0.0009486,0.00101,0.00107,0.00112,0.00118,0.00123,0.00128,0.0011781666666666663,0.0012264000000000027,0.0012763666666666669
0.476,0.0005187,0.0004875,0.0005837,0.0006814,0.0007599,0.0008221,0.0008838,0.0009464,0.001,0.00106,0.00112,0.00118,0.00122,0.00127,0.0011777999999999997,0.0012215,0.0012714999999999962
0.48,0.0005173,0.0004929,0.0005842,0.000681,0.0007591,0.000821,0.0008819,0.0009445,0.001,0.00106,0.00112,0.00117,0.00122,0.00127,0.001172866666666668,0.0012210333333333328,0.0012709999999999957
0.484,0.000516,0.0004855,0.0005847,0.0006808,0.0007584,0.0008195,0.0008801,0.0009423,0.0009974,0.00106,0.00111,0.00117,0.00122,0.00127,0.0011681333333333351,0.0012165999999999974,0.0012661666666666613
0.488,0.0005151,0.0004845,0.0005857,0.0006808,0.0007578,0.0008184,0.0008785,0.00094,0.0009956,0.00105,0.00111,0.00117,0.00121,0.00126,0.0011669000000000013,0.0012103999999999936,0.0012596333333333297
0.492,0.0005141,0.0004875,0.0005858,0.000681,0.0007574,0.0008174,0.0008771,0.0009385,0.0009932,0.00105,0.00111,0.00116,0.00121,0.00126,0.0011620999999999977,0.001209733333333327,0.0012579999999999963
0.496,0.0005126,0.0004834,0.0005869,0.000681,0.000757,0.0008166,0.0008757,0.0009367,0.000991,0.00105,0.00111,0.00116,0.00121,0.00125,0.0011605666666666633,0.0012087999999999936,0.0012520999999999928
0.5,0.0005116,0.0004811,0.0005877,0.0006811,0.0007568,0.0008154,0.0008744,0.0009351,0.0009891,0.00105,0.0011,0.00116,0.0012,0.00125,0.00115543333333333,0.0012007666666666637,0.001249933333333327
0.504,0.0005108,0.0004829,0.0005881,0.0006816,0.0007567,0.0008143,0.0008732,0.0009334,0.000987,0.00104,0.0011,0.00115,0.0012,0.00125,0.0011504333333333323,0.0011997666666666632,0.0012472666666666628
0.508,0.0005093,0.0004812,0.0005889,0.000682,0.0007567,0.0008142,0.0008723,0.0009319,0.0009858,0.00104,0.0011,0.00115,0.0012,0.00124,0.0011497333333333325,0.0011995999999999968,0.0012414666666666699
0.512,0.0005089,0.0004802,0.000589,0.0006825,0.0007564,0.0008135,0.0008713,0.0009308,0.0009838,0.00104,0.0011,0.00115,0.0012,0.00124,0.0011488333333333322,0.001198733333333331,0.0012402333333333372
0.516,0.0005075,0.0004787,0.0005901,0.0006827,0.0007566,0.0008128,0.0008702,0.0009292,0.0009819,0.00104,0.00109,0.00114,0.00119,0.00124,0.0011404999999999944,0.0011905666666666716,0.0012367000000000046
0.52,0.0005068,0.0004784,0.0005909,0.0006833,0.0007563,0.0008126,0.0008692,0.000928,0.0009806,0.00104,0.00109,0.00114,0.00119,0.00123,0.0011402333333333278,0.0011902333333333383,0.001232533333333338
0.524,0.0005054,0.0004754,0.0005918,0.0006844,0.0007569,0.0008123,0.0008682,0.0009267,0.0009792,0.00104,0.00109,0.00114,0.00119,0.00123,0.0011398333333333278,0.0011898333333333385,0.0012302666666666716
0.528,0.0005043,0.0004746,0.0005928,0.0006848,0.0007571,0.0008118,0.0008678,0.0009257,0.0009779,0.00103,0.00109,0.00114,0.00119,0.00123,0.0011379333333333297,0.0011879333333333375,0.0012297666666666715
0.532,0.0005034,0.000471,0.0005935,0.0006855,0.0007571,0.0008113,0.0008671,0.0009247,0.0009763,0.00103,0.00109,0.00113,0.00118,0.00123,0.001132800000000002,0.001182800000000001,0.0012292333333333379
0.536,0.0005029,0.0004671,0.000594,0.0006862,0.0007573,0.0008108,0.000866,0.0009234,0.0009749,0.00103,0.00108,0.00113,0.00118,0.00122,0.001130100000000003,0.0011801,0.001220566666666666
0.54,0.0005019,0.0004692,0.0005956,0.000687,0.0007576,0.000811,0.0008655,0.0009228,0.0009745,0.00103,0.00108,0.00113,0.00118,0.00122,0.00112976666666667,0.0011797666666666664,0.0012201333333333325
0.544,0.000502,0.0004635,0.0005966,0.0006875,0.0007578,0.0008108,0.0008648,0.0009217,0.0009728,0.00103,0.00108,0.00113,0.00118,0.00122,0.00112936666666667,0.0011793666666666666,0.0012193999999999987
0.548,0.0005003,0.0004651,0.0005951,0.0006881,0.0007578,0.0008103,0.000864,0.0009206,0.0009717,0.00103,0.00108,0.00113,0.00118,0.00122,0.0011290666666666702,0.0011790666666666668,0.001219066666666665
0.552,0.0004994,0.0004633,0.0005979,0.000689,0.0007584,0.0008104,0.0008636,0.0009196,0.0009705,0.00102,0.00108,0.00112,0.00117,0.00121,0.0011213333333333385,0.0011713333333333363,0.0012114333333333276
0.556,0.000499,0.0004629,0.0005952,0.0006899,0.0007586,0.0008102,0.000863,0.0009189,0.0009693,0.00102,0.00108,0.00112,0.00117,0.00121,0.0011214666666666722,0.0011714666666666695,0.0012114666666666611
0.56,0.0004988,0.0004587,0.0005949,0.0006903,0.0007588,0.00081,0.0008624,0.0009182,0.0009683,0.00102,0.00107,0.00112,0.00117,0.00121,0.0011198666666666723,0.0011698333333333365,0.0012099999999999934
0.564,0.0004983,0.0004582,0.0006008,0.0006908,0.0007589,0.0008098,0.0008619,0.0009173,0.000967,0.00102,0.00107,0.00112,0.00117,0.00121,0.0011194666666666721,0.0011694333333333363,0.0012097666666666604
0.568,0.0004983,0.0004557,0.0006025,0.0006914,0.0007595,0.0008091,0.0008613,0.0009163,0.0009659,0.00102,0.00107,0.00112,0.00117,0.00121,0.0011188333333333384,0.0011676666666666682,0.0012079666666666607
0.572,0.0004972,0.0004541,0.0006046,0.0006925,0.0007601,0.0008096,0.0008608,0.0009154,0.0009649,0.00102,0.00107,0.00112,0.00116,0.0012,0.001117366666666671,0.0011606666666666627,0.0012007333333333302
0.576,0.0004966,0.0004503,0.0006044,0.0006931,0.0007601,0.0008094,0.0008605,0.0009147,0.0009641,0.00102,0.00107,0.00111,0.00116,0.0012,0.0011124666666666682,0.0011604333333333292,0.001200499999999997
0.58,0.0004962,0.0004501,0.0006007,0.0006937,0.0007601,0.000809,0.0008597,0.0009141,0.0009626,0.00102,0.00107,0.00111,0.00116,0.0012,0.001110833333333334,0.0011604666666666626,0.0012004666666666636
0.584,0.0004962,0.0004459,0.0006051,0.0006945,0.0007604,0.0008085,0.000859,0.0009131,0.0009616,0.00101,0.00107,0.00111,0.00116,0.0012,0.0011101666666666666,0.0011598666666666625,0.0011993999999999976
0.588,0.0004962,0.0004469,0.0006065,0.0006949,0.0007602,0.0008083,0.0008584,0.0009123,0.0009608,0.00101,0.00106,0.00111,0.00116,0.0012,0.0011093333333333328,0.0011587333333333294,0.0011977333333333326
0.592,0.0004958,0.0004452,0.0006063,0.0006957,0.0007604,0.0008083,0.0008577,0.0009112,0.0009595,0.00101,0.00106,0.00111,0.00116,0.00119,0.0011095333333333332,0.0011574333333333306,0.0011911666666666709
0.596,0.0004955,0.0004422,0.0006065,0.0006958,0.0007605,0.0008077,0.0008571,0.0009106,0.0009586,0.00101,0.00106,0.00111,0.00115,0.00119,0.0011094666666666662,0.001151866666666666,0.0011903000000000052
0.6,0.0004951,0.0004404,0.000607,0.0006962,0.0007605,0.0008073,0.0008565,0.0009094,0.0009575,0.00101,0.00106,0.00111,0.00115,0.00119,0.0011088666666666657,0.0011505999999999995,0.001190066666666672
0.604,0.0004954,0.0004378,0.000608,0.000697,0.0007607,0.0008072,0.0008559,0.0009085,0.0009564,0.00101,0.00106,0.0011,0.00115,0.00119,0.0011021333333333288,0.001150066666666666,0.001190066666666672
0.608,0.0004954,0.0004379,0.0006108,0.0006971,0.0007608,0.0008066,0.0008551,0.0009078,0.0009553,0.00101,0.00106,0.0011,0.00115,0.00119,0.0011007333333333277,0.001150066666666666,0.0011900666666666718
0.612,0.0004958,0.0004347,0.0006092,0.0006975,0.0007605,0.0008063,0.0008545,0.0009066,0.0009541,0.00101,0.00106,0.0011,0.00115,0.00119,0.001100666666666661,0.001150066666666666,0.0011901666666666718
0.616,0.0004958,0.0004353,0.0006106,0.0006981,0.0007602,0.0008061,0.0008535,0.0009057,0.000953,0.001,0.00105,0.0011,0.00115,0.00118,0.0010988999999999949,0.0011471666666666648,0.001180933333333333
0.62,0.0004961,0.000431,0.0006088,0.0006985,0.0007602,0.0008054,0.0008529,0.0009046,0.0009516,0.001,0.00105,0.0011,0.00114,0.00118,0.0010992999999999945,0.0011415333333333285,0.001180333333333333
0.624,0.0004962,0.0004338,0.0006126,0.0006989,0.0007601,0.0008049,0.0008521,0.0009036,0.0009505,0.001,0.00105,0.0011,0.00114,0.00118,0.001097999999999995,0.001140533333333328,0.0011800999999999997
0.628,0.0004968,0.0004289,0.000612,0.000699,0.0007602,0.0008043,0.0008513,0.0009026,0.0009492,0.001,0.00105,0.00109,0.00114,0.00118,0.0010925333333333296,0.0011403333333333278,0.0011800999999999997
0.632,0.0004969,0.0004268,0.0006142,0.0006992,0.0007595,0.0008035,0.0008506,0.0009013,0.0009478,0.0009984,0.00105,0.00109,0.00114,0.00118,0.0010901999999999971,0.0011396999999999946,0.0011783000000000004
0.636,0.0004979,0.0004273,0.0006144,0.0006994,0.0007595,0.0008034,0.0008492,0.0009004,0.0009464,0.0009973,0.00105,0.00109,0.00114,0.00117,0.0010900666666666637,0.001139499999999995,0.0011737333333333357
0.64,0.0004979,0.0004256,0.0006144,0.0006999,0.0007597,0.0008028,0.0008485,0.0008994,0.0009455,0.0009958,0.00104,0.00109,0.00113,0.00117,0.0010888666666666641,0.0011310000000000022,0.001170300000000003
0.644,0.0004982,0.0004257,0.0006171,0.0006996,0.0007591,0.0008016,0.0008476,0.0008981,0.0009441,0.0009942,0.00104,0.00109,0.00113,0.00117,0.0010886333333333304,0.001130600000000003,0.0011702000000000032
0.648,0.0004989,0.0004245,0.0006158,0.0007004,0.0007586,0.0008011,0.0008467,0.0008971,0.0009428,0.0009927,0.00104,0.00109,0.00113,0.00117,0.0010878333333333317,0.0011299333333333367,0.001169400000000003
0.652,0.0004992,0.0004255,0.0006173,0.0007009,0.0007584,0.0008005,0.0008456,0.0008963,0.0009416,0.0009913,0.00104,0.00108,0.00113,0.00117,0.0010821333333333363,0.0011297000000000032,0.001168500000000002
0.656,0.0005,0.0004229,0.000618,0.0007003,0.0007579,0.0007998,0.0008449,0.0008949,0.0009406,0.0009898,0.00104,0.00108,0.00113,0.00116,0.0010805666666666705,0.0011295333333333367,0.0011616333333333301
0.66,0.0005004,0.0004212,0.0006178,0.0007009,0.0007579,0.0007994,0.0008442,0.0008936,0.0009392,0.0009885,0.00104,0.00108,0.00113,0.00116,0.001080100000000004,0.0011287666666666698,0.0011608999999999962
0.664,0.0005012,0.0004242,0.0006197,0.0007006,0.0007571,0.0007984,0.0008428,0.0008925,0.0009373,0.0009868,0.00104,0.00108,0.00112,0.00116,0.0010796666666666704,0.001121366666666672,0.0011603999999999963
0.668,0.0005021,0.0004226,0.0006195,0.0007008,0.000757,0.0007977,0.0008422,0.0008916,0.0009364,0.0009858,0.00103,0.00108,0.00112,0.00116,0.0010792666666666706,0.0011203000000000055,0.0011600333333333292
0.672,0.0005028,0.0004211,0.0006193,0.0007013,0.0007569,0.0007974,0.0008412,0.0008904,0.0009348,0.0009843,0.00103,0.00108,0.00112,0.00116,0.0010783666666666705,0.0011199666666666722,0.0011593999999999958
0.676,0.0005039,0.0004216,0.0006204,0.0007009,0.0007561,0.0007964,0.0008401,0.0008891,0.0009339,0.0009825,0.00103,0.00108,0.00112,0.00116,0.0010771666666666696,0.0011197000000000056,0.001157666666666663
0.68,0.0005052,0.0004228,0.0006209,0.0007012,0.0007558,0.0007956,0.0008392,0.0008876,0.0009325,0.0009811,0.00103,0.00107,0.00112,0.00115,0.001070866666666666,0.001119100000000005,0.001151299999999999
0.684,0.0005052,0.0004234,0.0006209,0.0007009,0.0007555,0.000795,0.0008386,0.000887,0.000931,0.0009802,0.00103,0.00107,0.00112,0.00115,0.0010702999999999995,0.0011183333333333381,0.001150866666666666
0.688,0.0005064,0.0004237,0.0006196,0.0007011,0.0007547,0.0007942,0.0008374,0.0008859,0.00093,0.0009785,0.00103,0.00107,0.00111,0.00115,0.0010701666666666659,0.001112666666666668,0.0011505666666666659
0.692,0.0005073,0.0004263,0.0006219,0.0007013,0.0007545,0.0007933,0.0008365,0.000885,0.0009287,0.0009773,0.00102,0.00107,0.00111,0.00115,0.001069333333333333,0.0011103,0.0011496333333333327
0.696,0.0005083,0.0004285,0.0006227,0.0007012,0.000754,0.0007925,0.0008357,0.0008839,0.0009273,0.0009758,0.00102,0.00107,0.00111,0.00115,0.001069666666666666,0.0011099666666666667,0.001149566666666666
0.7,0.0005091,0.0004294,0.0006242,0.0007014,0.0007541,0.0007921,0.0008347,0.0008828,0.0009266,0.0009748,0.00102,0.00107,0.00111,0.00115,0.0010684666666666662,0.0011099333333333334,0.0011481999999999987
0.704,0.0005107,0.0004318,0.0006222,0.0007013,0.0007532,0.0007915,0.0008339,0.0008818,0.0009256,0.0009736,0.00102,0.00107,0.00111,0.00114,0.0010677333333333336,0.0011098333333333333,0.0011412333333333283
0.708,0.0005114,0.0004317,0.0006245,0.0007014,0.000753,0.0007908,0.0008329,0.0008809,0.0009244,0.0009722,0.00102,0.00106,0.00111,0.00114,0.0010616333333333366,0.0011094666666666662,0.001140333333333328
0.712,0.0005129,0.0004354,0.0006248,0.0007013,0.0007527,0.0007901,0.0008324,0.0008801,0.0009234,0.0009713,0.00102,0.00106,0.00111,0.00114,0.0010607000000000038,0.0011080666666666654,0.0011403666666666612
0.716,0.0005139,0.0004422,0.0006261,0.0007017,0.0007526,0.00079,0.0008317,0.0008793,0.0009228,0.0009705,0.00102,0.00106,0.0011,0.00114,0.0010600666666666708,0.001100766666666661,0.0011399999999999943
0.72,0.0005159,0.0004385,0.0006277,0.0007019,0.0007525,0.0007893,0.0008309,0.0008782,0.0009217,0.0009695,0.00102,0.00106,0.0011,0.00114,0.001060000000000004,0.001100266666666661,0.0011399999999999943
0.724,0.0005166,0.0004386,0.000629,0.0007023,0.0007524,0.0007889,0.0008302,0.0008778,0.0009212,0.0009685,0.00102,0.00106,0.0011,0.00114,0.001060000000000004,0.0011002333333333277,0.0011399999999999943
0.728,0.0005179,0.0004433,0.0006267,0.0007029,0.0007527,0.0007886,0.0008298,0.0008772,0.0009204,0.000968,0.00101,0.00106,0.0011,0.00114,0.001060000000000004,0.001100066666666661,0.0011399999999999943
0.732,0.000519,0.0004453,0.0006296,0.0007032,0.0007528,0.0007885,0.0008297,0.0008767,0.0009201,0.0009675,0.00101,0.00106,0.0011,0.00114,0.001060000000000004,0.0010999999999999942,0.0011399999999999943
0.736,0.0005211,0.0004521,0.0006301,0.000704,0.0007536,0.0007888,0.0008293,0.0008763,0.0009199,0.0009677,0.00101,0.00106,0.0011,0.00114,0.001060000000000004,0.0010999999999999942,0.0011399999999999943
0.74,0.0005223,0.0004535,0.0006339,0.0007048,0.000754,0.0007887,0.0008293,0.0008761,0.0009199,0.0009674,0.00101,0.00106,0.0011,0.00114,0.001060000000000004,0.0010999999999999942,0.0011399999999999943
0.744,0.0005238,0.0004553,0.0006341,0.0007057,0.000755,0.0007891,0.0008296,0.0008761,0.0009203,0.0009678,0.00101,0.00106,0.0011,0.00114,0.001060000000000004,0.0010999999999999942,0.0011399999999999943
0.748,0.0005255,0.0004534,0.0006356,0.0007072,0.0007562,0.0007896,0.0008303,0.0008768,0.000921,0.0009688,0.00101,0.00106,0.0011,0.00114,0.001060000000000004,0.0010999999999999942,0.0011399999999999943
0.752,0.0005269,0.0004622,0.0006383,0.0007086,0.0007576,0.0007905,0.0008308,0.0008773,0.0009223,0.0009694,0.00101,0.00106,0.0011,0.00114,0.001060000000000004,0.001100066666666661,0.0011399999999999943
0.756,0.0005283,0.0004667,0.0006408,0.0007104,0.0007598,0.000792,0.0008315,0.0008781,0.0009233,0.0009705,0.00101,0.00106,0.0011,0.00114,0.001060000000000004,0.0011002666666666608,0.0011399999999999943
0.76,0.0005297,0.0004705,0.0006427,0.0007127,0.0007621,0.0007929,0.0008328,0.000879,0.0009251,0.0009718,0.00102,0.00106,0.0011,0.00114,0.0010601333333333373,0.001102733333333329,0.0011403666666666612
0.764,0.0005312,0.0004742,0.0006459,0.0007151,0.0007646,0.0007951,0.0008346,0.000881,0.0009279,0.0009738,0.00102,0.00106,0.00111,0.00114,0.0010608333333333372,0.0011092999999999995,0.0011422666666666618
0.768,0.0005324,0.0004802,0.0006489,0.0007181,0.0007681,0.000797,0.0008366,0.0008826,0.0009306,0.0009768,0.00102,0.00106,0.00111,0.00115,0.00106166666666667,0.0011097666666666664,0.0011490333333333325
0.772,0.0005336,0.0004817,0.0006527,0.0007209,0.0007716,0.0007993,0.0008385,0.0008851,0.0009335,0.0009797,0.00102,0.00106,0.00111,0.00115,0.0010627000000000032,0.0011121666666666676,0.0011518333333333328
0.776,0.0005356,0.0004861,0.0006574,0.0007252,0.0007766,0.0008031,0.0008421,0.0008884,0.0009381,0.000984,0.00103,0.00106,0.00112,0.00116,0.0010649000000000025,0.0011202333333333384,0.0011603333333333296
0.78,0.0005369,0.0004903,0.0006623,0.0007289,0.0007812,0.0008061,0.0008453,0.0008914,0.0009427,0.0009879,0.00103,0.00107,0.00112,0.00116,0.0010716666666666665,0.001122500000000005,0.0011625666666666642
0.784,0.0005384,0.0004953,0.0006655,0.0007333,0.0007866,0.0008101,0.0008488,0.000895,0.0009479,0.000993,0.00103,0.00107,0.00113,0.00117,0.0010721333333333326,0.0011301666666666695,0.0011701666666666694
0.788,0.0005394,0.0005004,0.00067,0.0007374,0.0007922,0.0008139,0.0008527,0.0008989,0.0009536,0.0009984,0.00104,0.00107,0.00113,0.00117,0.0010745,0.0011329666666666674,0.0011732333333333356
0.792,0.000541,0.0005013,0.0006744,0.0007422,0.0007979,0.0008183,0.0008569,0.0009031,0.0009601,0.001,0.00104,0.00108,0.00114,0.00118,0.0010810000000000027,0.0011392333333333296,0.0011800333333333345
0.796,0.0005421,0.0005081,0.0006782,0.0007467,0.0008038,0.0008227,0.0008613,0.0009078,0.000967,0.00101,0.00105,0.00108,0.00115,0.00119,0.0010863666666666677,0.0011495999999999989,0.0011919000000000027
0.8,0.0005435,0.0005123,0.0006822,0.0007511,0.0008091,0.0008273,0.0008659,0.0009127,0.0009742,0.00102,0.00105,0.00109,0.00115,0.0012,0.0010918333333333325,0.0011514333333333326,0.0011984666666666655
0.804,0.0005451,0.0005158,0.0006855,0.000755,0.0008142,0.0008316,0.0008702,0.0009173,0.0009813,0.00102,0.00106,0.00109,0.00116,0.00121,0.0010973666666666646,0.0011624333333333317,0.0012092666666666612
0.808,0.0005463,0.0005236,0.0006873,0.0007585,0.000819,0.0008356,0.0008746,0.0009222,0.0009886,0.00103,0.00106,0.0011,0.00117,0.00121,0.001102499999999996,0.0011693000000000022,0.001212199999999995
0.812,0.0005484,0.0005265,0.0006899,0.0007612,0.0008229,0.0008394,0.0008789,0.000927,0.0009954,0.00104,0.00107,0.0011,0.00118,0.00122,0.0011052999999999963,0.0011792666666666672,0.001221533333333332
0.816,0.0005497,0.0005327,0.0006909,0.0007627,0.0008252,0.0008428,0.0008822,0.0009309,0.001,0.00105,0.00107,0.00111,0.00119,0.00123,0.0011090666666666656,0.0011863666666666705,0.0012274666666666693
0.82,0.0005517,0.0005388,0.000691,0.000764,0.000827,0.0008449,0.0008852,0.0009347,0.00101,0.00105,0.00108,0.00111,0.00119,0.00124,0.0011134666666666679,0.0011908333333333374,0.0012414333333333352
0.824,0.0005528,0.0005427,0.0006902,0.0007635,0.0008264,0.0008459,0.0008871,0.0009371,0.00101,0.00106,0.00108,0.00112,0.0012,0.00125,0.0011189000000000045,0.0011991999999999981,0.0012493666666666613
0.828,0.0005554,0.0005473,0.0006899,0.0007629,0.0008261,0.000847,0.0008886,0.0009393,0.00101,0.00106,0.00109,0.00112,0.00121,0.00126,0.0011232333333333377,0.0012086333333333277,0.0012594666666666636
0.832,0.0005575,0.0005535,0.0006887,0.0007619,0.0008246,0.0008472,0.0008891,0.0009407,0.00102,0.00106,0.00109,0.00113,0.00121,0.00126,0.0011278000000000032,0.0012096999999999937,0.0012606999999999974
0.836,0.0005596,0.0005586,0.0006872,0.0007604,0.0008222,0.0008462,0.0008888,0.000941,0.00102,0.00106,0.00109,0.00113,0.00121,0.00127,0.0011289333333333368,0.001210499999999994,0.001266633333333329
0.84,0.0005618,0.0005652,0.0006867,0.0007586,0.0008195,0.0008452,0.0008884,0.0009407,0.00102,0.00106,0.0011,0.00113,0.00122,0.00127,0.0011315666666666686,0.0012173666666666647,0.001268733333333328
0.844,0.0005646,0.0005722,0.0006855,0.0007568,0.0008163,0.0008438,0.0008874,0.0009399,0.00102,0.00106,0.0011,0.00114,0.00122,0.00127,0.0011374999999999962,0.001218333333333332,0.0012685666666666614
0.848,0.0005669,0.0005789,0.0006841,0.0007549,0.0008134,0.0008422,0.0008854,0.0009385,0.00101,0.00106,0.00109,0.00114,0.00122,0.00127,0.0011394999999999947,0.001218833333333332,0.0012695999999999946
0.852,0.0005694,0.0005871,0.0006839,0.0007533,0.00081,0.0008406,0.0008839,0.0009367,0.00101,0.00106,0.00109,0.00114,0.00122,0.00127,0.0011397999999999944,0.001217799999999998,0.0012694999999999948
0.856,0.0005724,0.0005921,0.0006836,0.0007518,0.0008076,0.0008384,0.0008823,0.0009349,0.00101,0.00106,0.00109,0.00114,0.00121,0.00127,0.0011399666666666612,0.001211866666666661,0.001269633333333328
0.86,0.0005752,0.0005997,0.0006836,0.000751,0.000805,0.0008372,0.0008806,0.0009334,0.001,0.00105,0.00109,0.00114,0.00121,0.00127,0.0011386333333333288,0.001208133333333328,0.0012660333333333288
0.864,0.0005784,0.0006101,0.0006839,0.0007502,0.0008035,0.0008362,0.0008792,0.0009317,0.0009985,0.00105,0.00109,0.00114,0.00121,0.00126,0.0011381333333333303,0.0012074666666666612,0.001260766666666664
0.868,0.0005812,0.0006144,0.0006846,0.0007498,0.0008017,0.0008351,0.0008782,0.0009296,0.0009948,0.00105,0.00109,0.00113,0.0012,0.00126,0.0011331000000000006,0.0012011333333333313,0.0012588666666666643
0.872,0.0005846,0.0006269,0.0006853,0.0007496,0.0008005,0.0008346,0.0008773,0.0009286,0.0009919,0.00104,0.00108,0.00113,0.0012,0.00126,0.0011296333333333363,0.0011957333333333332,0.0012559333333333293
0.876,0.0005881,0.0006301,0.0006865,0.0007499,0.0007999,0.0008349,0.0008775,0.000928,0.0009894,0.00104,0.00108,0.00113,0.00119,0.00125,0.001129700000000003,0.00119016666666667,0.0012506333333333263
0.88,0.0005918,0.0006402,0.0006875,0.0007503,0.0007991,0.0008344,0.000877,0.0009273,0.0009873,0.00104,0.00108,0.00113,0.00119,0.00125,0.0011293333333333366,0.0011871666666666704,0.0012493666666666596
0.884,0.0005951,0.0006499,0.0006889,0.0007511,0.0007991,0.0008347,0.0008768,0.0009271,0.0009856,0.00104,0.00108,0.00113,0.00118,0.00125,0.0011283666666666702,0.0011821333333333342,0.0012482666666666605
0.888,0.0005989,0.0006608,0.0006903,0.0007515,0.0007993,0.0008354,0.0008773,0.0009268,0.0009841,0.00104,0.00108,0.00112,0.00118,0.00124,0.0011217333333333392,0.001180533333333333,0.0012416333333333356
0.892,0.0006027,0.000669,0.0006921,0.0007524,0.0007995,0.0008363,0.000878,0.0009271,0.0009839,0.00104,0.00108,0.00112,0.00118,0.00124,0.001120533333333339,0.0011800666666666665,0.0012404000000000035
0.896,0.0006068,0.0006779,0.0006937,0.0007539,0.0008002,0.0008373,0.0008789,0.000928,0.0009837,0.00104,0.00108,0.00112,0.00118,0.00124,0.001120166666666672,0.0011798999999999998,0.0012387333333333376
0.9,0.0006107,0.0006898,0.0006958,0.0007551,0.0008012,0.0008381,0.0008795,0.0009286,0.0009834,0.00104,0.00108,0.00112,0.00118,0.00123,0.0011201000000000056,0.0011791333333333338,0.0012325333333333382
0.904,0.000615,0.000702,0.0006982,0.0007564,0.0008022,0.0008397,0.000881,0.0009299,0.0009839,0.00104,0.00108,0.00112,0.00117,0.00123,0.001120133333333339,0.0011725000000000025,0.0012304333333333385
0.908,0.0006192,0.0007144,0.0007002,0.0007585,0.0008034,0.0008416,0.0008827,0.0009316,0.0009843,0.00104,0.00108,0.00112,0.00117,0.00123,0.0011200000000000055,0.00117036666666667,0.0012300666666666714
0.912,0.0006241,0.0007205,0.000703,0.00076,0.0008046,0.0008433,0.0008846,0.0009335,0.0009851,0.00104,0.00108,0.00112,0.00117,0.00123,0.0011199666666666722,0.0011702000000000032,0.0012301000000000048
0.916,0.0006285,0.0007369,0.0007053,0.0007625,0.0008066,0.0008448,0.0008867,0.0009352,0.0009863,0.00104,0.00108,0.00112,0.00117,0.00123,0.0011199000000000055,0.0011703000000000035,0.0012301666666666717
0.92,0.0006333,0.0007465,0.0007083,0.0007642,0.0008087,0.0008471,0.0008891,0.0009374,0.0009876,0.00104,0.00108,0.00112,0.00117,0.00123,0.001120033333333339,0.0011706333333333368,0.0012303666666666714
0.924,0.0006383,0.0007591,0.0007112,0.0007669,0.0008108,0.0008497,0.000892,0.0009393,0.0009892,0.00104,0.00108,0.00112,0.00117,0.00123,0.0011207000000000055,0.0011711333333333364,0.0012307000000000047
0.928,0.0006432,0.0007743,0.0007144,0.0007693,0.0008129,0.0008521,0.0008949,0.000942,0.000991,0.00104,0.00109,0.00113,0.00117,0.00123,0.0011300000000000032,0.001173233333333336,0.0012321666666666711
0.932,0.0006484,0.0007863,0.0007176,0.0007718,0.0008152,0.0008549,0.000897,0.0009445,0.000993,0.00104,0.00109,0.00113,0.00117,0.00123,0.0011302000000000029,0.0011726666666666695,0.0012311666666666714
0.936,0.0006536,0.0008037,0.000721,0.0007742,0.0008182,0.0008585,0.0008999,0.0009472,0.0009952,0.00105,0.00109,0.00113,0.00118,0.00123,0.0011305333333333364,0.0011802000000000004,0.0012314666666666712
0.94,0.0006588,0.0008171,0.0007243,0.0007775,0.0008211,0.0008614,0.0009032,0.0009501,0.0009979,0.00105,0.00109,0.00113,0.00118,0.00123,0.0011305000000000028,0.0011803999999999996,0.0012306000000000047
0.944,0.0006645,0.0008322,0.0007282,0.0007804,0.0008244,0.0008644,0.0009062,0.0009531,0.001,0.00105,0.00109,0.00113,0.00118,0.00123,0.001131633333333335,0.0011810666666666658,0.0012310000000000042
0.948,0.0006698,0.000848,0.000732,0.000783,0.0008277,0.0008676,0.0009094,0.0009559,0.001,0.00105,0.0011,0.00114,0.00118,0.00123,0.001139199999999996,0.0011816666666666664,0.0012316333333333373
0.952,0.0006758,0.0008638,0.0007362,0.0007862,0.0008309,0.0008707,0.0009124,0.0009592,0.00101,0.00106,0.0011,0.00114,0.00118,0.00123,0.0011403666666666618,0.0011828000000000003,0.001232800000000004
0.956,0.0006818,0.0008803,0.0007405,0.00079,0.0008343,0.0008746,0.0009158,0.0009626,0.00101,0.00106,0.0011,0.00114,0.00119,0.00124,0.0011404999999999948,0.0011885333333333371,0.0012385333333333366
0.96,0.0006874,0.0008961,0.0007448,0.0007937,0.0008377,0.000878,0.0009195,0.0009663,0.00101,0.00106,0.00111,0.00114,0.00119,0.00124,0.001142933333333329,0.001190633333333338,0.0012405333333333369
0.964,0.0006937,0.0009138,0.0007488,0.0007976,0.000841,0.0008813,0.0009229,0.0009697,0.00102,0.00106,0.00111,0.00115,0.00119,0.00124,0.0011487333333333324,0.0011904333333333382,0.0012404000000000035
0.968,0.0006995,0.0009318,0.0007526,0.0008014,0.0008445,0.000885,0.0009268,0.0009732,0.00102,0.00107,0.00111,0.00115,0.00119,0.00124,0.0011502999999999995,0.0011912000000000047,0.0012411666666666695
0.972,0.0007056,0.0009457,0.0007579,0.0008055,0.0008487,0.0008889,0.0009309,0.0009774,0.00102,0.00107,0.00112,0.00115,0.0012,0.00125,0.0011538999999999987,0.0012009999999999972,0.0012507666666666589
0.976,0.0007121,0.0009665,0.0007626,0.0008092,0.0008524,0.0008924,0.0009348,0.0009809,0.00103,0.00108,0.00112,0.00116,0.0012,0.00125,0.0011588666666666628,0.0012010666666666637,0.0012506666666666586
0.98,0.0007187,0.0009824,0.0007665,0.0008134,0.0008561,0.0008967,0.0009387,0.0009849,0.00103,0.00108,0.00112,0.00116,0.0012,0.00125,0.001159699999999996,0.0012011999999999962,0.0012502333333333253
0.984,0.0007249,0.001,0.000771,0.0008176,0.00086,0.0009006,0.0009424,0.0009889,0.00103,0.00108,0.00113,0.00116,0.00121,0.00125,0.001162933333333331,0.0012101666666666615,0.0012534999999999936
0.988,0.0007316,0.00102,0.000776,0.0008222,0.0008643,0.0009051,0.0009468,0.000993,0.00104,0.00109,0.00113,0.00117,0.00121,0.00126,0.0011697666666666694,0.0012106666666666605,0.0012592999999999968
0.992,0.0007379,0.00104,0.0007806,0.0008266,0.0008687,0.0009091,0.0009512,0.0009972,0.00104,0.00109,0.00113,0.00117,0.00121,0.00126,0.001171300000000003,0.001211366666666661,0.0012599333333333307
0.996,0.0007444,0.00106,0.0007858,0.0008307,0.0008733,0.0009131,0.0009551,0.001,0.00105,0.00109,0.00114,0.00118,0.00122,0.00126,0.0011804,0.0012214999999999993,0.0012645999999999975
1.0,0.0007512,0.00108,0.0007904,0.0008354,0.0008774,0.0009175,0.0009598,0.00101,0.00105,0.0011,0.00114,0.00118,0.00122,0.00127,0.0011802999999999998,0.0012213333333333332,0.0012680666666666622
1.004,0.0007575,0.0011,0.0007964,0.00084,0.0008818,0.0009224,0.0009637,0.00101,0.00106,0.0011,0.00115,0.00118,0.00123,0.00127,0.0011840000000000008,0.0012308666666666708,0.0012722999999999953
1.008,0.0007642,0.00111,0.0008003,0.0008449,0.0008862,0.000927,0.0009686,0.00101,0.00106,0.00111,0.00115,0.00119,0.00123,0.00127,0.0011895000000000044,0.0012313333333333382,0.001273099999999996
1.012,0.000771,0.00113,0.0008052,0.0008495,0.0008911,0.0009312,0.0009734,0.00102,0.00106,0.00111,0.00115,0.00119,0.00123,0.00128,0.0011912000000000045,0.001231833333333338,0.0012784333333333343
1.016,0.0007774,0.00115,0.0008107,0.0008542,0.0008957,0.0009359,0.0009778,0.00102,0.00107,0.00112,0.00116,0.0012,0.00124,0.00128,0.00120213333333333,0.001243233333333336,0.0012863000000000037
1.02,0.0007843,0.00117,0.0008159,0.0008595,0.0009006,0.0009406,0.0009829,0.00103,0.00107,0.00112,0.00116,0.0012,0.00124,0.00129,0.0012032999999999966,0.0012441333333333352,0.0012910333333333401
1.024,0.0007907,0.00119,0.0008212,0.0008643,0.0009053,0.0009455,0.0009875,0.00103,0.00108,0.00112,0.00117,0.00121,0.00125,0.00129,0.0012126666666666622,0.0012547666666666616,0.0012973333333333404
1.028,0.0007975,0.00121,0.0008258,0.0008694,0.0009096,0.0009506,0.0009925,0.00104,0.00108,0.00113,0.00117,0.00121,0.00125,0.00129,0.0012111999999999943,0.0012517666666666597,0.0012922333333333412
1.032,0.0008044,0.00122,0.0008314,0.0008749,0.0009148,0.0009558,0.0009976,0.00104,0.00109,0.00113,0.00118,0.00122,0.00126,0.0013,0.0012197999999999987,0.0012609333333333304,0.0013014000000000055
1.036,0.0008117,0.00124,0.0008375,0.0008802,0.0009207,0.0009613,0.001,0.00105,0.00109,0.00114,0.00118,0.00122,0.00126,0.0013,0.0012200666666666658,0.0012614666666666636,0.0013016666666666712
1.04,0.0008192,0.00126,0.0008425,0.0008858,0.0009263,0.0009663,0.00101,0.00105,0.0011,0.00114,0.00119,0.00122,0.00127,0.00131,0.0012235000000000008,0.0012700999999999956,0.0013112333333333297
1.044,0.0008261,0.00128,0.0008481,0.0008918,0.0009317,0.000972,0.00101,0.00106,0.0011,0.00115,0.00119,0.00123,0.00127,0.00131,0.0012284333333333374,0.0012703333333333284,0.0013120999999999942
1.048,0.0008327,0.00129,0.0008541,0.0008972,0.0009376,0.000978,0.00102,0.00106,0.00111,0.00115,0.0012,0.00123,0.00127,0.00132,0.0012330000000000045,0.0012736999999999963,0.001320533333333326
1.052,0.0008401,0.00131,0.0008599,0.0009032,0.0009438,0.0009837,0.00103,0.00107,0.00111,0.00116,0.0012,0.00124,0.00128,0.00132,0.0012384000000000039,0.0012784000000000014,0.0013204666666666593
1.056,0.0008476,0.00132,0.0008662,0.0009096,0.0009498,0.0009899,0.00103,0.00108,0.00112,0.00116,0.00121,0.00124,0.00128,0.00132,0.0012439000000000013,0.0012842000000000036,0.0013244999999999943
1.06,0.0008545,0.00134,0.0008719,0.0009161,0.0009559,0.0009962,0.00104,0.00108,0.00113,0.00117,0.00121,0.00125,0.00129,0.00133,0.0012490333333333291,0.0012891333333333403,0.0013292333333333312
1.064,0.0008617,0.00136,0.0008788,0.0009225,0.0009628,0.001,0.00104,0.00109,0.00113,0.00117,0.00122,0.00126,0.0013,0.00134,0.001260066666666664,0.001300733333333339,0.0013410666666666704
1.068,0.0008695,0.00137,0.0008854,0.0009294,0.0009697,0.00101,0.00105,0.00109,0.00114,0.00118,0.00122,0.00126,0.0013,0.00134,0.0012612666666666638,0.0013015333333333385,0.0013416666666666711
1.072,0.0008768,0.00139,0.0008921,0.0009364,0.0009767,0.00102,0.00106,0.0011,0.00114,0.00119,0.00123,0.00127,0.00131,0.00135,0.0012708333333333291,0.001311666666666663,0.001352466666666671
1.076,0.0008847,0.0014,0.0008987,0.0009437,0.000984,0.00102,0.00107,0.00111,0.00115,0.00119,0.00124,0.00127,0.00131,0.00135,0.0012737999999999968,0.0013143999999999953,0.0013549666666666709
1.08,0.0008927,0.00142,0.0009063,0.0009513,0.0009919,0.00103,0.00107,0.00112,0.00116,0.0012,0.00124,0.00128,0.00132,0.00136,0.0012797666666666686,0.0013197666666666607,0.0013599000000000046
1.084,0.0009016,0.00143,0.0009131,0.0009598,0.001,0.00104,0.00108,0.00112,0.00116,0.00121,0.00125,0.00129,0.00133,0.00137,0.0012922333333333388,0.0013313999999999984,0.0013719333333333306
1.088,0.0009103,0.00145,0.0009223,0.0009677,0.00101,0.00105,0.00109,0.00113,0.00117,0.00121,0.00126,0.0013,0.00133,0.00137,0.0013008666666666704,0.0013362333333333332,0.0013775333333333301
1.092,0.0009191,0.00146,0.0009306,0.0009767,0.00102,0.00106,0.0011,0.00114,0.00118,0.00122,0.00127,0.0013,0.00134,0.00138,0.0013047000000000013,0.0013448666666666708,0.0013857333333333309
1.096,0.0009293,0.00148,0.0009393,0.000986,0.00103,0.00107,0.00111,0.00115,0.00119,0.00123,0.00128,0.00131,0.00135,0.00139,0.0013127999999999957,0.0013535666666666707,0.0013942666666666684
1.1,0.0009389,0.0015,0.0009493,0.0009958,0.00104,0.00108,0.00112,0.00116,0.0012,0.00124,0.00128,0.00132,0.00136,0.0014,0.0013197666666666602,0.0013602333333333377,0.001400666666666673
1.104,0.0009492,0.00151,0.0009591,0.00101,0.00105,0.00109,0.00112,0.00117,0.00121,0.00125,0.00129,0.00133,0.00137,0.00141,0.0013330666666666663,0.0013744666666666635,0.0014157000000000039
1.108,0.0009608,0.00153,0.0009701,0.00102,0.00106,0.0011,0.00114,0.00118,0.00122,0.00126,0.0013,0.00134,0.00138,0.00142,0.0013421333333333372,0.0013830999999999974,0.0014239333333333278
1.112,0.0009727,0.00155,0.0009822,0.00103,0.00107,0.00111,0.00115,0.00119,0.00123,0.00127,0.00131,0.00135,0.00139,0.00143,0.0013536333333333365,0.0013949666666666686,0.0014363999999999937
1.116,0.0009859,0.00156,0.0009961,0.00104,0.00108,0.00112,0.00116,0.0012,0.00124,0.00128,0.00133,0.00136,0.0014,0.00144,0.0013684000000000033,0.0014073666666666728,0.0014490333333333331
1.12,0.0009996,0.00158,0.00101,0.00106,0.0011,0.00113,0.00117,0.00121,0.00125,0.00129,0.00134,0.00138,0.00141,0.00145,0.0013833333333333321,0.0014162000000000033,0.0014574666666666708
1.124,0.00101,0.00159,0.00103,0.00107,0.00111,0.00115,0.00118,0.00122,0.00126,0.00131,0.00135,0.00139,0.00142,0.00146,0.0013932333333333353,0.0014267333333333302,0.0014681666666666688
1.128,0.00103,0.0016,0.00104,0.00109,0.00113,0.00116,0.0012,0.00124,0.00128,0.00132,0.00136,0.0014,0.00144,0.00148,0.0014042000000000039,0.001443233333333332,0.0014844666666666627
1.132,0.00105,0.00161,0.00106,0.00111,0.00114,0.00118,0.00121,0.00125,0.00129,0.00133,0.00138,0.00142,0.00145,0.00149,0.0014247666666666599,0.0014602000000000063,0.0015019666666666646
1.136,0.00106,0.00162,0.00108,0.00113,0.00116,0.00119,0.00123,0.00127,0.00131,0.00135,0.00139,0.00143,0.00147,0.00151,0.0014365999999999953,0.0014760000000000083,0.0015178333333333387
1.14,0.00108,0.00163,0.0011,0.00115,0.00118,0.00121,0.00124,0.00128,0.00132,0.00136,0.00141,0.00145,0.00148,0.00152,0.0014568000000000048,0.0014910666666666625,0.0015330666666666713
1.144,0.0011,0.00164,0.00112,0.00116,0.0012,0.00123,0.00126,0.0013,0.00134,0.00138,0.00142,0.00147,0.0015,0.00154,0.00147423333333334,0.0015095333333333342,0.0015503999999999978
1.148,0.00111,0.00164,0.00114,0.00118,0.00122,0.00125,0.00128,0.00132,0.00136,0.0014,0.00144,0.00148,0.00152,0.00155,0.0014877999999999975,0.0015281000000000036,0.0015634666666666645
1.152,0.00113,0.00165,0.00116,0.0012,0.00123,0.00127,0.0013,0.00134,0.00138,0.00142,0.00146,0.0015,0.00153,0.00157,0.0015062666666666683,0.0015399666666666607,0.0015816666666666674
1.156,0.00115,0.00165,0.00118,0.00122,0.00125,0.00128,0.00131,0.00135,0.00139,0.00143,0.00148,0.00152,0.00155,0.00159,0.0015292666666666713,0.0015632666666666644,0.0016059666666666625
1.16,0.00116,0.00166,0.00119,0.00124,0.00127,0.0013,0.00133,0.00137,0.00141,0.00145,0.00149,0.00154,0.00157,0.00161,0.0015473999999999998,0.0015806666666666686,0.0016225666666666678
1.164,0.00118,0.00166,0.00121,0.00126,0.00129,0.00132,0.00135,0.00139,0.00143,0.00147,0.00151,0.00156,0.00159,0.00163,0.0015702333333333367,0.0016048999999999968,0.001647500000000005
1.168,0.0012,0.00167,0.00123,0.00127,0.00131,0.00134,0.00137,0.00141,0.00145,0.00149,0.00153,0.00158,0.00161,0.00165,0.001587966666666672,0.0016228000000000017,0.0016653999999999985
1.172,0.00121,0.00167,0.00125,0.00129,0.00133,0.00136,0.00139,0.00143,0.00147,0.00151,0.00155,0.0016,0.00163,0.00167,0.0016077333333333306,0.0016410000000000047,0.001683000000000003
1.176,0.00122,0.00167,0.00126,0.00131,0.00135,0.00138,0.00141,0.00145,0.00149,0.00153,0.00157,0.00162,0.00165,0.00169,0.0016341333333333363,0.0016678999999999984,0.001711266666666671
1.18,0.00124,0.00168,0.00128,0.00133,0.00136,0.00139,0.00143,0.00147,0.00151,0.00155,0.00159,0.00165,0.00167,0.00171,0.0016557333333333312,0.0016837000000000035,0.0017267333333333306
1.184,0.00125,0.00168,0.00129,0.00135,0.00138,0.00141,0.00145,0.00149,0.00153,0.00157,0.00161,0.00167,0.00169,0.00173,0.0016748000000000036,0.0017035666666666734,0.0017449666666666686
1.188,0.00127,0.00169,0.00131,0.00136,0.0014,0.00143,0.00146,0.00151,0.00154,0.00159,0.00163,0.00169,0.00172,0.00175,0.0016943000000000054,0.001729833333333336,0.001766599999999995
1.192,0.00128,0.00169,0.00132,0.00138,0.00142,0.00145,0.00148,0.00153,0.00156,0.00161,0.00165,0.00171,0.00174,0.00178,0.0017138333333333307,0.0017487000000000026,0.0017906666666666704
1.196,0.00129,0.00169,0.00134,0.00139,0.00143,0.00147,0.0015,0.00154,0.00158,0.00162,0.00167,0.00173,0.00176,0.0018,0.0017322000000000034,0.001765866666666663,0.001808366666666674
1.2,0.00131,0.0017,0.00135,0.00141,0.00145,0.00149,0.00152,0.00156,0.0016,0.00164,0.00169,0.00176,0.00178,0.00182,0.0017599333333333303,0.001786800000000002,0.001829333333333331
1.204,0.00132,0.0017,0.00137,0.00142,0.00147,0.0015,0.00154,0.00158,0.00162,0.00166,0.00171,0.00178,0.0018,0.00184,0.0017808666666666694,0.001806500000000007,0.0018488666666666657
1.208,0.00133,0.0017,0.00138,0.00144,0.00148,0.00152,0.00155,0.0016,0.00164,0.00168,0.00173,0.0018,0.00182,0.00186,0.0018014000000000064,0.0018265666666666654,0.0018685999999999918
1.212,0.00134,0.00171,0.00139,0.00146,0.0015,0.00154,0.00157,0.00161,0.00166,0.0017,0.00175,0.00182,0.00184,0.00188,0.001820099999999999,0.0018440999999999978,0.0018855666666666633
1.216,0.00135,0.00171,0.00141,0.00147,0.00151,0.00155,0.00159,0.00163,0.00167,0.00172,0.00177,0.00184,0.00186,0.0019,0.0018416666666666625,0.001866866666666657,0.0019092333333333392
1.22,0.00137,0.00171,0.00142,0.00149,0.00153,0.00157,0.0016,0.00165,0.00169,0.00174,0.00179,0.00186,0.00188,0.00192,0.0018591666666666574,0.0018846999999999976,0.0019273666666666679
1.224,0.00138,0.00172,0.00144,0.0015,0.00154,0.00158,0.00162,0.00166,0.00171,0.00175,0.00181,0.00188,0.0019,0.00194,0.0018813666666666643,0.001905700000000005,0.001949700000000007
1.228,0.00139,0.00172,0.00145,0.00151,0.00156,0.0016,0.00163,0.00168,0.00172,0.00177,0.00182,0.0019,0.00192,0.00197,0.0018914333333333367,0.001916599999999999,0.0019643333333333444
1.232,0.0014,0.00172,0.00146,0.00153,0.00157,0.00161,0.00165,0.0017,0.00174,0.00179,0.00184,0.00192,0.00194,0.00198,0.0019180999999999992,0.0019421000000000026,0.001984099999999997
1.236,0.00141,0.00172,0.00148,0.00154,0.00158,0.00163,0.00166,0.00171,0.00176,0.00181,0.00186,0.00194,0.00196,0.002,0.001930633333333337,0.001955633333333335,0.0019974666666666674
1.24,0.00142,0.00173,0.00149,0.00155,0.0016,0.00164,0.00168,0.00173,0.00177,0.00182,0.00188,0.00196,0.00198,0.00202,0.001959066666666671,0.001981199999999994,0.0020242666666666735
1.244,0.00144,0.00173,0.0015,0.00156,0.00161,0.00165,0.00169,0.00174,0.00179,0.00184,0.00189,0.00197,0.00199,0.00204,0.001969966666666677,0.001991666666666668,0.0020403666666666672
1.248,0.00145,0.00174,0.00151,0.00158,0.00162,0.00167,0.00171,0.00176,0.00181,0.00186,0.00191,0.00199,0.00201,0.00206,0.0019856333333333363,0.0020073666666666676,0.0020573999999999983
1.252,0.00146,0.00174,0.00152,0.00159,0.00164,0.00168,0.00172,0.00177,0.00182,0.00187,0.00193,0.00201,0.00203,0.00208,0.0020077,0.0020284666666666577,0.0020774333333333367
1.256,0.00147,0.00174,0.00153,0.0016,0.00165,0.0017,0.00174,0.00179,0.00184,0.00189,0.00194,0.00203,0.00205,0.00209,0.002022099999999993,0.0020446999999999965,0.002088666666666667
1.26,0.00148,0.00175,0.00154,0.00161,0.00166,0.00171,0.00175,0.0018,0.00185,0.0019,0.00196,0.00204,0.00206,0.00211,0.002035733333333331,0.0020573999999999953,0.002105733333333325
1.264,0.0015,0.00175,0.00155,0.00162,0.00167,0.00172,0.00176,0.00181,0.00187,0.00192,0.00198,0.00206,0.00208,0.00213,0.0020599333333333313,0.002081366666666666,0.002131566666666663
1.268,0.00151,0.00176,0.00156,0.00163,0.00169,0.00174,0.00178,0.00183,0.00188,0.00193,0.00199,0.00208,0.0021,0.00215,0.002073200000000002,0.0020938666666666605,0.002144633333333327
1.272,0.00152,0.00177,0.00157,0.00165,0.0017,0.00175,0.00179,0.00184,0.0019,0.00195,0.00201,0.0021,0.00211,0.00217,0.0020922666666666626,0.0021079999999999914,0.002163733333333333
1.276,0.00154,0.00177,0.00158,0.00166,0.00171,0.00176,0.00181,0.00186,0.00191,0.00196,0.00202,0.00211,0.00213,0.00218,0.002111399999999992,0.002130766666666664,0.002181666666666661
1.28,0.00155,0.00178,0.0016,0.00167,0.00172,0.00178,0.00182,0.00187,0.00192,0.00198,0.00204,0.00213,0.00215,0.0022,0.0021241333333333295,0.002144199999999996,0.002194699999999992
1.284,0.00156,0.00179,0.00161,0.00168,0.00174,0.00179,0.00183,0.00188,0.00194,0.002,0.00206,0.00215,0.00217,0.00222,0.0021501333333333304,0.0021699000000000006,0.00221993333333333
1.288,0.00158,0.0018,0.00162,0.00169,0.00175,0.0018,0.00185,0.0019,0.00196,0.00201,0.00207,0.00216,0.00218,0.00223,0.0021589000000000053,0.0021785333333333282,0.0022285666666666593
1.292,0.00159,0.0018,0.00163,0.0017,0.00176,0.00181,0.00186,0.00191,0.00197,0.00203,0.00209,0.00218,0.0022,0.00225,0.0021686333333333307,0.002190133333333325,0.002239899999999989
1.296,0.00161,0.00181,0.00164,0.00172,0.00177,0.00183,0.00187,0.00193,0.00199,0.00205,0.00211,0.00219,0.00221,0.00227,0.002185566666666675,0.0022061333333333343,0.0022618999999999938
1.3,0.00162,0.00182,0.00165,0.00173,0.00178,0.00184,0.00189,0.00194,0.002,0.00206,0.00212,0.00221,0.00223,0.00228,0.0022063666666666715,0.0022254666666666656,0.0022774333333333255
1.304,0.00164,0.00183,0.00166,0.00174,0.0018,0.00186,0.00191,0.00196,0.00202,0.00208,0.00214,0.00223,0.00224,0.0023,0.0022255666666666663,0.002238966666666674,0.0022959000000000005
1.308,0.00165,0.00184,0.00167,0.00175,0.00181,0.00187,0.00192,0.00197,0.00203,0.00209,0.00215,0.00224,0.00226,0.00231,0.0022364333333333404,0.0022537666666666706,0.0023064666666666686
1.312,0.00166,0.00185,0.00169,0.00176,0.00183,0.00189,0.00193,0.00199,0.00205,0.00211,0.00217,0.00226,0.00228,0.00233,0.0022549333333333394,0.0022735666666666605,0.00232490000000001
1.316,0.00168,0.00186,0.0017,0.00178,0.00184,0.0019,0.00195,0.002,0.00206,0.00212,0.00218,0.00227,0.00229,0.00235,0.002271933333333332,0.0022896666666666686,0.002345533333333333
1.32,0.00169,0.00187,0.00171,0.00179,0.00185,0.00191,0.00196,0.00202,0.00208,0.00214,0.0022,0.00229,0.00231,0.00236,0.002286333333333336,0.0023063333333333334,0.0023590666666666663
1.324,0.00171,0.00188,0.00173,0.00181,0.00187,0.00193,0.00198,0.00203,0.00209,0.00215,0.00221,0.0023,0.00232,0.00238,0.0022955,0.0023147999999999958,0.002371066666666673
1.328,0.00173,0.00189,0.00174,0.00182,0.00188,0.00194,0.00199,0.00205,0.00211,0.00217,0.00223,0.00232,0.00234,0.00239,0.002322266666666662,0.0023404000000000033,0.0023912666666666724
1.332,0.00174,0.0019,0.00176,0.00183,0.0019,0.00196,0.00201,0.00206,0.00212,0.00218,0.00224,0.00234,0.00236,0.00241,0.002334533333333334,0.0023513666666666673,0.002401800000000009
1.336,0.00176,0.00192,0.00177,0.00185,0.00191,0.00197,0.00202,0.00207,0.00214,0.0022,0.00226,0.00235,0.00237,0.00243,0.002345899999999997,0.0023654333333333276,0.0024222000000000067
1.34,0.00177,0.00193,0.00178,0.00186,0.00193,0.00198,0.00204,0.00209,0.00215,0.00221,0.00227,0.00237,0.00239,0.00244,0.002362999999999993,0.002381666666666666,0.002434433333333336
1.344,0.00179,0.00194,0.0018,0.00188,0.00194,0.002,0.00205,0.00211,0.00217,0.00223,0.00229,0.00238,0.0024,0.00246,0.002374333333333338,0.0023938999999999944,0.0024509000000000076
1.348,0.00181,0.00196,0.00181,0.00189,0.00195,0.00201,0.00207,0.00212,0.00219,0.00225,0.00231,0.0024,0.00242,0.00248,0.002400799999999994,0.0024196999999999908,0.0024770666666666715
1.352,0.00182,0.00197,0.00183,0.00191,0.00197,0.00203,0.00208,0.00214,0.0022,0.00226,0.00232,0.00242,0.00244,0.00249,0.002415633333333323,0.0024349999999999953,0.002488433333333333
1.356,0.00184,0.00198,0.00185,0.00192,0.00198,0.00205,0.0021,0.00215,0.00222,0.00228,0.00234,0.00243,0.00245,0.00251,0.0024260666666666673,0.002444066666666657,0.002500933333333339
1.36,0.00186,0.002,0.00186,0.00194,0.002,0.00206,0.00211,0.00217,0.00224,0.0023,0.00236,0.00245,0.00247,0.00253,0.0024523333333333246,0.0024699999999999865,0.002527433333333336
1.364,0.00188,0.00201,0.00188,0.00196,0.00202,0.00208,0.00213,0.00219,0.00225,0.00231,0.00237,0.00247,0.00249,0.00254,0.0024662999999999907,0.002484566666666658,0.0025379333333333293
1.368,0.0019,0.00203,0.00189,0.00197,0.00203,0.0021,0.00215,0.0022,0.00227,0.00233,0.00239,0.00248,0.0025,0.00256,0.0024763666666666674,0.0024955333333333204,0.0025532333333333377
1.372,0.00191,0.00205,0.00191,0.00199,0.00205,0.00211,0.00217,0.00222,0.00229,0.00235,0.00241,0.0025,0.00252,0.00258,0.0025001666666666553,0.0025193333333333257,0.0025782000000000136
1.376,0.00193,0.00206,0.00193,0.00201,0.00207,0.00213,0.00218,0.00224,0.0023,0.00237,0.00243,0.00252,0.00254,0.0026,0.0025148333333333255,0.002532866666666657,0.0025906000000000106
1.38,0.00195,0.00208,0.00195,0.00202,0.00208,0.00215,0.0022,0.00226,0.00232,0.00238,0.00244,0.00254,0.00256,0.00261,0.0025323666666666605,0.0025513666666666674,0.00260356666666667
1.384,0.00197,0.0021,0.00196,0.00204,0.0021,0.00217,0.00222,0.00227,0.00234,0.0024,0.00246,0.00255,0.00258,0.00263,0.0025493333333333414,0.002574566666666677,0.0026257333333333426
1.388,0.00199,0.00212,0.00198,0.00206,0.00212,0.00218,0.00224,0.00229,0.00236,0.00242,0.00248,0.00257,0.00259,0.00265,0.002560799999999999,0.0025812999999999973,0.002637000000000009
1.392,0.00201,0.00214,0.002,0.00208,0.00214,0.0022,0.00225,0.00231,0.00238,0.00244,0.0025,0.00259,0.00261,0.00267,0.0025835333333333248,0.0026022666666666665,0.0026606666666666606
1.396,0.00203,0.00216,0.00202,0.0021,0.00216,0.00222,0.00227,0.00233,0.00239,0.00246,0.00252,0.00261,0.00263,0.00269,0.0026024999999999985,0.0026198000000000085,0.002677933333333328
1.4,0.00205,0.00218,0.00204,0.00212,0.00218,0.00224,0.00229,0.00235,0.00241,0.00248,0.00254,0.00263,0.00265,0.00271,0.0026212000000000084,0.0026397333333333436,0.002698766666666659
1.404,0.00208,0.0022,0.00206,0.00214,0.0022,0.00226,0.00231,0.00237,0.00243,0.00249,0.00256,0.00265,0.00267,0.00273,0.0026475000000000084,0.0026661666666666574,0.0027255000000000035
1.408,0.0021,0.00222,0.00208,0.00216,0.00222,0.00228,0.00233,0.00238,0.00245,0.00251,0.00258,0.00267,0.00269,0.00275,0.0026660999999999937,0.0026849999999999947,0.0027443333333333373
1.412,0.00212,0.00224,0.0021,0.00218,0.00224,0.0023,0.00235,0.0024,0.00247,0.00253,0.0026,0.00269,0.00271,0.00277,0.0026867999999999944,0.0027056666666666626,0.002765066666666676
1.416,0.00215,0.00226,0.00212,0.0022,0.00226,0.00232,0.00237,0.00242,0.00249,0.00255,0.00262,0.00271,0.00273,0.00279,0.0027038999999999948,0.002721333333333338,0.0027798999999999914
1.42,0.00217,0.00229,0.00215,0.00222,0.00228,0.00234,0.00239,0.00245,0.00251,0.00258,0.00264,0.00273,0.00275,0.00281,0.002723500000000004,0.002741666666666674,0.002800433333333322
1.424,0.00219,0.00231,0.00217,0.00224,0.0023,0.00236,0.00241,0.00247,0.00253,0.0026,0.00266,0.00275,0.00277,0.00283,0.0027448666666666736,0.002761766666666679,0.0028197999999999977
1.428,0.00222,0.00233,0.00219,0.00226,0.00232,0.00238,0.00243,0.00249,0.00256,0.00262,0.00268,0.00277,0.00279,0.00285,0.0027608333333333456,0.002778166666666661,0.002836233333333341
1.432,0.00224,0.00236,0.00221,0.00228,0.00234,0.00241,0.00246,0.00251,0.00258,0.00264,0.0027,0.00279,0.00281,0.00287,0.002782099999999995,0.002798933333333323,0.0028561333333333425
1.436,0.00227,0.00238,0.00224,0.00231,0.00237,0.00243,0.00248,0.00253,0.0026,0.00266,0.00272,0.00281,0.00284,0.00289,0.0028062333333333236,0.002831299999999986,0.0028833999999999904
1.44,0.0023,0.0024,0.00226,0.00233,0.00239,0.00245,0.0025,0.00255,0.00262,0.00268,0.00274,0.00283,0.00286,0.00292,0.0028226999999999983,0.002847666666666651,0.002903766666666671
1.444,0.00232,0.00243,0.00228,0.00236,0.00241,0.00248,0.00252,0.00258,0.00264,0.0027,0.00277,0.00285,0.00288,0.00294,0.0028477000000000073,0.0028726333333333265,0.0029306333333333477
1.448,0.00235,0.00245,0.00231,0.00238,0.00244,0.0025,0.00255,0.0026,0.00266,0.00273,0.00279,0.00288,0.0029,0.00296,0.0028706666666666663,0.002890300000000005,0.002948666666666664
1.452,0.00238,0.00248,0.00233,0.00241,0.00246,0.00253,0.00257,0.00262,0.00269,0.00275,0.00281,0.0029,0.00292,0.00298,0.0028941333333333415,0.0029127000000000076,0.0029711333333333244
1.456,0.00241,0.0025,0.00236,0.00243,0.00249,0.00255,0.00259,0.00264,0.00271,0.00277,0.00283,0.00292,0.00295,0.00301,0.002913733333333343,0.0029378666666666736,0.002996166666666654
1.46,0.00243,0.00253,0.00239,0.00246,0.00251,0.00258,0.00262,0.00267,0.00273,0.00279,0.00286,0.00294,0.00297,0.00303,0.0029343666666666827,0.002957733333333339,0.003015333333333319
1.464,0.00246,0.00256,0.00241,0.00248,0.00254,0.0026,0.00264,0.00269,0.00276,0.00282,0.00288,0.00297,0.00299,0.00305,0.002957933333333343,0.0029765333333333453,0.003033533333333328
1.468,0.00249,0.00259,0.00244,0.00251,0.00256,0.00263,0.00267,0.00272,0.00278,0.00284,0.0029,0.00299,0.00302,0.00307,0.0029844333333333456,0.00300676666666668,0.003057533333333339
1.472,0.00252,0.00261,0.00247,0.00254,0.00259,0.00265,0.00269,0.00274,0.00281,0.00287,0.00293,0.00301,0.00304,0.0031,0.003003966666666661,0.003029200000000012,0.003085499999999998
1.476,0.00255,0.00264,0.0025,0.00256,0.00261,0.00268,0.00272,0.00276,0.00283,0.00289,0.00295,0.00303,0.00306,0.00312,0.003025699999999986,0.0030494999999999893,0.0031067333333333405
1.48,0.00258,0.00267,0.00252,0.00259,0.00264,0.0027,0.00274,0.00279,0.00286,0.00291,0.00297,0.00306,0.00308,0.00314,0.0030507666666666497,0.003069533333333326,0.0031273666666666753
1.484,0.00262,0.0027,0.00255,0.00262,0.00267,0.00273,0.00277,0.00281,0.00288,0.00294,0.003,0.00308,0.00311,0.00317,0.0030740999999999898,0.0030968666666666487,0.0031550000000000068
1.488,0.00265,0.00273,0.00258,0.00265,0.0027,0.00276,0.00279,0.00284,0.00291,0.00296,0.00302,0.00311,0.00313,0.00319,0.0030971333333333147,0.0031126666666666564,0.003169866666666681
1.492,0.00268,0.00275,0.00261,0.00268,0.00273,0.00278,0.00282,0.00287,0.00293,0.00299,0.00305,0.00313,0.00316,0.00322,0.0031229333333333198,0.003146733333333345,0.003205366666666672
1.496,0.00271,0.00278,0.00264,0.0027,0.00275,0.00281,0.00285,0.00289,0.00296,0.00301,0.00307,0.00315,0.00318,0.00324,0.0031414666666666545,0.003167199999999993,0.003225833333333345
1.5,0.00274,0.00281,0.00267,0.00273,0.00278,0.00284,0.00288,0.00292,0.00298,0.00304,0.0031,0.00318,0.00321,0.00326,0.003164899999999986,0.0031899666666666787,0.003242233333333348
