Voltage,0-2,0-3,1,3,5,10,15,20,30,40,50,60,80,100,60_pred,80_pred,100_pred
-0.996,0.00135,0.00134,0.00105,0.00107,0.00116,0.00103,0.00112,0.00115,0.00118,0.0012,0.00127,0.00132,0.00136,0.00139,0.0013237999999999946,0.0013628000000000058,0.0013989666666666667
-0.992,0.00133,0.00133,0.00104,0.00106,0.00115,0.00101,0.0011,0.00114,0.00117,0.00119,0.00126,0.00131,0.00134,0.00138,0.0013105666666666622,0.0013427666666666707,0.0013840666666666637
-0.988,0.00132,0.00132,0.00103,0.00105,0.00114,0.00101,0.00109,0.00113,0.00115,0.00118,0.00125,0.00129,0.00133,0.00136,0.0012940000000000072,0.0013322333333333327,0.0013677000000000025
-0.984,0.00131,0.00131,0.00102,0.00104,0.00113,0.0009961,0.00108,0.00112,0.00114,0.00117,0.00123,0.00128,0.00132,0.00135,0.0012796666666666692,0.0013179666666666597,0.0013528666666666692
-0.98,0.00129,0.0013,0.00102,0.00103,0.00112,0.0009879,0.00107,0.00111,0.00113,0.00116,0.00122,0.00127,0.0013,0.00134,0.0012709999999999954,0.0013026000000000038,0.0013427666666666702
-0.976,0.00128,0.00129,0.00101,0.00102,0.00111,0.0009805,0.00106,0.0011,0.00112,0.00115,0.00121,0.00126,0.00129,0.00133,0.0012600333333333302,0.001291300000000008,0.0013331333333333323
-0.972,0.00127,0.00128,0.001,0.00102,0.0011,0.0009736,0.00105,0.00109,0.00112,0.00115,0.0012,0.00125,0.00128,0.00132,0.0012489999999999951,0.0012810000000000035,0.0013208333333333269
-0.968,0.00126,0.00127,0.0009981,0.00101,0.00109,0.0009669,0.00104,0.00108,0.00111,0.00114,0.0012,0.00124,0.00128,0.00131,0.001241000000000002,0.001279166666666669,0.001312966666666661
-0.964,0.00124,0.00126,0.0009925,0.001,0.00109,0.0009606,0.00103,0.00107,0.0011,0.00113,0.00119,0.00123,0.00127,0.0013,0.001232033333333338,0.0012696666666666627,0.0013048000000000014
-0.96,0.00123,0.00125,0.0009875,0.0009989,0.00108,0.0009543,0.00103,0.00106,0.0011,0.00112,0.00118,0.00123,0.00126,0.0013,0.0012280333333333372,0.0012596333333333301,0.0013001000000000059
-0.956,0.00122,0.00125,0.0009831,0.0009932,0.00107,0.0009486,0.00102,0.00106,0.00109,0.00112,0.00117,0.00122,0.00125,0.00129,0.0012189333333333318,0.0012504666666666587,0.0012896333333333413
-0.952,0.0012,0.00124,0.0009789,0.0009877,0.00107,0.0009432,0.00101,0.00105,0.00108,0.00111,0.00117,0.00121,0.00125,0.00128,0.0012121333333333282,0.0012494999999999924,0.0012830000000000044
-0.948,0.00118,0.00122,0.0009745,0.0009824,0.00106,0.0009383,0.00101,0.00105,0.00108,0.00111,0.00116,0.00121,0.00124,0.00128,0.001207966666666661,0.0012387000000000038,0.0012784666666666683
-0.944,0.00117,0.00121,0.00097,0.0009774,0.00105,0.0009337,0.001,0.00104,0.00107,0.0011,0.00116,0.0012,0.00123,0.00127,0.0012010666666666633,0.001232033333333338,0.0012720666666666631
-0.94,0.00116,0.0012,0.0009655,0.0009725,0.00105,0.0009293,0.0009968,0.00103,0.00107,0.0011,0.00115,0.0012,0.00123,0.00127,0.0011992333333333308,0.0012297666666666715,0.0012699333333333284
-0.936,0.00115,0.00119,0.0009606,0.000968,0.00104,0.0009253,0.0009921,0.00103,0.00106,0.0011,0.00115,0.00119,0.00122,0.00126,0.0011924666666666705,0.0012231000000000008,0.0012631333333333297
-0.932,0.00113,0.00118,0.0009556,0.0009636,0.00104,0.0009216,0.0009877,0.00103,0.00106,0.00109,0.00114,0.00119,0.00122,0.00126,0.0011893666666666707,0.0012204999999999994,0.0012595666666666634
-0.928,0.00112,0.00116,0.0009508,0.0009591,0.00104,0.0009178,0.0009837,0.00102,0.00106,0.00109,0.00114,0.00118,0.00122,0.00125,0.001182700000000001,0.0012193999999999987,0.001253433333333327
-0.924,0.0011,0.00115,0.000946,0.0009546,0.00103,0.0009142,0.0009802,0.00102,0.00105,0.00109,0.00114,0.00118,0.00121,0.00125,0.0011804,0.0012131333333333285,0.0012514666666666593
-0.92,0.00109,0.00113,0.0009416,0.00095,0.00103,0.000911,0.000977,0.00102,0.00105,0.00109,0.00113,0.00118,0.00121,0.00125,0.0011788666666666663,0.0012099666666666603,0.0012496999999999925
-0.916,0.00107,0.00112,0.000937,0.0009452,0.00102,0.000908,0.0009743,0.00101,0.00105,0.00108,0.00113,0.00117,0.00121,0.00125,0.0011709000000000031,0.001208399999999994,0.0012483333333333274
-0.912,0.00106,0.0011,0.0009316,0.0009407,0.00102,0.0009055,0.0009714,0.00101,0.00105,0.00108,0.00113,0.00117,0.0012,0.00124,0.0011703333333333364,0.001203066666666663,0.001243066666666666
-0.908,0.00105,0.00109,0.0009261,0.000936,0.00102,0.0009031,0.0009687,0.00101,0.00104,0.00108,0.00113,0.00117,0.0012,0.00124,0.0011698333333333365,0.0012004999999999967,0.0012405000000000027
-0.904,0.00103,0.00107,0.0009205,0.0009313,0.00101,0.0009008,0.0009665,0.00101,0.00104,0.00108,0.00112,0.00117,0.0012,0.00124,0.001169233333333336,0.0011999333333333302,0.001240000000000004
-0.9,0.00102,0.00106,0.0009147,0.0009265,0.00101,0.0008986,0.0009645,0.001,0.00104,0.00108,0.00112,0.00116,0.0012,0.00124,0.0011623333333333308,0.0011997666666666634,0.0012399333333333374
-0.896,0.00101,0.00104,0.0009089,0.0009219,0.00101,0.0008966,0.000963,0.001,0.00104,0.00108,0.00112,0.00116,0.0012,0.00124,0.0011604666666666628,0.0011994333333333307,0.001239900000000004
-0.892,0.0009971,0.00103,0.000903,0.0009176,0.000999898,0.000895,0.0009617,0.001,0.00104,0.00107,0.00112,0.00116,0.00119,0.00124,0.0011600666666666624,0.0011933000000000035,0.0012393666666666704
-0.888,0.0009866,0.00101,0.0008967,0.0009132,0.000999898,0.0008938,0.0009604,0.001,0.00104,0.00107,0.00112,0.00116,0.00119,0.00123,0.0011599999999999957,0.0011913000000000045,0.0012333000000000047
-0.884,0.0009775,0.0009975,0.0008907,0.000909,0.000997598,0.0008927,0.0009594,0.0009991,0.00104,0.00107,0.00112,0.00116,0.00119,0.00123,0.0011599999999999957,0.0011900333333333386,0.001230300000000005
-0.88,0.0009682,0.0009838,0.0008848,0.0009046,0.000995298,0.0008919,0.0009587,0.0009986,0.00104,0.00107,0.00112,0.00116,0.00119,0.00123,0.0011599999999999957,0.0011900000000000053,0.0012300333333333383
-0.876,0.0009593,0.0009706,0.000879,0.0009,0.000993098,0.0008912,0.0009579,0.000998,0.00104,0.00107,0.00112,0.00116,0.00119,0.00123,0.0011599999999999957,0.0011900000000000053,0.001230000000000005
-0.872,0.00095,0.0009573,0.0008735,0.0008959,0.000991098,0.0008909,0.0009577,0.0009977,0.00104,0.00107,0.00112,0.00116,0.00119,0.00123,0.0011599999999999957,0.0011900000000000053,0.001230000000000005
-0.868,0.000941,0.000945,0.0008681,0.000892,0.000989598,0.0008909,0.0009576,0.0009977,0.00104,0.00107,0.00112,0.00116,0.00119,0.00123,0.0011599999999999957,0.0011900000000000053,0.0012300666666666717
-0.864,0.0009333,0.000933,0.0008627,0.0008883,0.000988598,0.0008912,0.0009576,0.0009982,0.00104,0.00107,0.00112,0.00116,0.00119,0.00123,0.0011599999999999957,0.0011900000000000053,0.0012301666666666717
-0.86,0.0009272,0.0009226,0.0008573,0.0008852,0.000987698,0.0008916,0.000958,0.000999,0.00104,0.00108,0.00112,0.00116,0.00119,0.00123,0.0011599999999999957,0.0011902000000000052,0.0012324666666666715
-0.856,0.0009213,0.0009131,0.0008522,0.0008821,0.000986998,0.0008922,0.0009588,0.0009998,0.00104,0.00108,0.00112,0.00116,0.00119,0.00124,0.0011599999999999957,0.0011903333333333384,0.0012383000000000042
-0.852,0.0009156,0.0009046,0.0008473,0.0008792,0.000986598,0.0008928,0.0009597,0.001,0.00104,0.00108,0.00112,0.00116,0.00119,0.00124,0.0011599999999999957,0.0011909000000000043,0.0012387666666666712
-0.848,0.0009099,0.0008966,0.0008427,0.0008765,0.000986198,0.0008936,0.0009609,0.001,0.00104,0.00108,0.00112,0.00116,0.0012,0.00124,0.0011599999999999957,0.0011970666666666673,0.0012395666666666708
-0.844,0.0009051,0.00089,0.0008386,0.0008739,0.000986098,0.0008946,0.000962,0.001,0.00104,0.00108,0.00112,0.00116,0.0012,0.00124,0.0011599999999999957,0.0011991333333333306,0.0012398333333333371
-0.84,0.0009009,0.0008845,0.0008349,0.0008717,0.000986298,0.0008958,0.0009633,0.001,0.00104,0.00108,0.00112,0.00116,0.0012,0.00124,0.0011601333333333289,0.0011998333333333303,0.0012399666666666706
-0.836,0.0008977,0.0008801,0.0008315,0.0008698,0.000986798,0.0008971,0.0009647,0.001,0.00104,0.00108,0.00112,0.00117,0.0012,0.00124,0.0011661333333333338,0.00119983333333333,0.001240000000000004
-0.832,0.0008953,0.0008766,0.0008286,0.0008681,0.000987298,0.0008988,0.0009665,0.00101,0.00105,0.00108,0.00113,0.00117,0.0012,0.00124,0.0011696333333333364,0.00120023333333333,0.0012402333333333372
-0.828,0.0008938,0.0008737,0.0008261,0.0008669,0.000988598,0.0009005,0.0009684,0.00101,0.00105,0.00109,0.00113,0.00117,0.0012,0.00124,0.00116996666666667,0.001201666666666663,0.0012416666666666691
-0.824,0.0008932,0.0008711,0.000824,0.0008661,0.000989698,0.0009023,0.0009703,0.00101,0.00105,0.00109,0.00113,0.00117,0.00121,0.00125,0.0011700000000000033,0.0012068666666666613,0.0012468666666666623
-0.82,0.000893,0.0008691,0.0008222,0.0008654,0.000991198,0.0009043,0.0009721,0.00101,0.00105,0.00109,0.00113,0.00117,0.00121,0.00125,0.0011701000000000031,0.001209033333333327,0.0012490333333333257
-0.816,0.0008929,0.0008677,0.0008207,0.0008651,0.000992398,0.0009064,0.0009741,0.00101,0.00105,0.00109,0.00113,0.00117,0.00121,0.00125,0.0011704666666666696,0.0012097666666666602,0.0012497666666666592
-0.812,0.0008927,0.0008669,0.0008195,0.000865,0.000993698,0.0009085,0.0009761,0.00102,0.00106,0.00109,0.00113,0.00118,0.00121,0.00125,0.0011782666666666668,0.0012105666666666604,0.001250566666666659
-0.808,0.0008933,0.0008665,0.0008187,0.0008654,0.000994698,0.0009108,0.0009782,0.00102,0.00106,0.00109,0.00114,0.00118,0.00121,0.00125,0.0011797333333333335,0.0012112666666666606,0.001251166666666659
-0.804,0.0008943,0.0008669,0.0008185,0.000866,0.000996498,0.0009131,0.0009805,0.00102,0.00106,0.0011,0.00114,0.00118,0.00122,0.00126,0.0011798,0.001217166666666664,0.001257133333333329
-0.8,0.0008958,0.0008675,0.0008187,0.0008671,0.000998598,0.0009154,0.0009829,0.00102,0.00106,0.0011,0.00114,0.00118,0.00122,0.00126,0.0011805333333333333,0.0012194666666666654,0.0012589666666666635
-0.796,0.0008974,0.0008681,0.0008192,0.0008683,0.000999898,0.0009179,0.0009854,0.00102,0.00106,0.0011,0.00114,0.00119,0.00122,0.00126,0.0011865000000000033,0.0012198666666666657,0.0012593333333333302
-0.792,0.0008989,0.0008692,0.0008199,0.0008698,0.000999898,0.0009204,0.0009882,0.00103,0.00107,0.0011,0.00115,0.00119,0.00122,0.00126,0.0011906333333333377,0.0012232666666666674,0.0012635999999999969
-0.788,0.0009007,0.0008706,0.0008211,0.0008718,0.00101,0.0009232,0.0009908,0.00103,0.00107,0.00111,0.00115,0.00119,0.00123,0.00127,0.001190466666666671,0.00122736666666667,0.0012674333333333291
-0.784,0.0009028,0.0008721,0.0008224,0.000874,0.00101,0.000926,0.0009934,0.00103,0.00107,0.00111,0.00115,0.00119,0.00123,0.00127,0.0011907666666666713,0.0012294666666666715,0.0012694999999999948
-0.78,0.000905,0.000874,0.0008241,0.0008763,0.00101,0.0009289,0.0009963,0.00103,0.00107,0.00111,0.00115,0.0012,0.00123,0.00127,0.0011973999999999995,0.0012300666666666717,0.0012701333333333278
-0.776,0.0009073,0.0008762,0.0008262,0.0008788,0.00101,0.0009317,0.0009991,0.00104,0.00108,0.00111,0.00116,0.0012,0.00123,0.00127,0.0012003666666666637,0.0012326333333333383,0.0012727333333333304
-0.772,0.0009094,0.0008782,0.0008284,0.0008815,0.00102,0.0009346,0.001,0.00104,0.00108,0.00112,0.00116,0.0012,0.00124,0.00128,0.0012003666666666635,0.0012382333333333378,0.0012782333333333348
-0.768,0.0009116,0.0008807,0.000831,0.0008843,0.00102,0.0009376,0.00101,0.00104,0.00108,0.00112,0.00116,0.0012,0.00124,0.00128,0.0012017666666666628,0.0012396000000000041,0.001279633333333336
-0.764,0.0009138,0.0008831,0.0008338,0.0008873,0.00102,0.0009406,0.00101,0.00105,0.00109,0.00112,0.00116,0.00121,0.00124,0.00128,0.0012076333333333274,0.0012403666666666706,0.0012804333333333363
-0.76,0.000916,0.0008856,0.0008369,0.0008904,0.00103,0.0009436,0.00101,0.00105,0.00109,0.00113,0.00117,0.00121,0.00125,0.00129,0.0012106999999999938,0.001249666666666659,0.0012893333333333418
-0.756,0.0009185,0.000888,0.0008402,0.0008936,0.00103,0.0009468,0.00101,0.00105,0.00109,0.00113,0.00117,0.00121,0.00125,0.00129,0.0012117333333333275,0.0012499999999999918,0.0012900000000000088
-0.752,0.0009209,0.0008904,0.0008438,0.0008972,0.00103,0.00095,0.00102,0.00105,0.00109,0.00113,0.00117,0.00122,0.00125,0.00129,0.001217366666666664,0.0012499333333333253,0.0012901666666666753
-0.748,0.0009235,0.000893,0.0008475,0.0009008,0.00104,0.0009532,0.00102,0.00106,0.0011,0.00113,0.00118,0.00122,0.00125,0.0013,0.0012209999999999994,0.0012527666666666602,0.0012998666666666726
-0.744,0.0009262,0.0008956,0.0008513,0.0009046,0.00104,0.0009565,0.00102,0.00106,0.0011,0.00114,0.00118,0.00122,0.00126,0.0013,0.0012220000000000002,0.001258066666666663,0.001300200000000006
-0.74,0.0009286,0.0008985,0.0008552,0.0009084,0.00104,0.0009598,0.00103,0.00106,0.0011,0.00114,0.00118,0.00123,0.00126,0.0013,0.0012271333333333365,0.0012594666666666636,0.001300500000000006
-0.736,0.000931,0.0009014,0.0008594,0.0009122,0.00105,0.000963,0.00103,0.00107,0.00111,0.00114,0.00119,0.00123,0.00126,0.00131,0.0012309000000000048,0.0012634333333333297,0.0013098333333333289
-0.732,0.0009336,0.0009043,0.0008637,0.0009162,0.00105,0.0009663,0.00103,0.00107,0.00111,0.00115,0.00119,0.00123,0.00127,0.00131,0.0012324000000000044,0.001269366666666662,0.0013122999999999941
-0.728,0.0009362,0.0009069,0.0008681,0.0009203,0.00105,0.0009695,0.00104,0.00107,0.00111,0.00115,0.00119,0.00124,0.00127,0.00132,0.001237300000000004,0.0012704999999999958,0.0013172333333333266
-0.724,0.0009389,0.0009098,0.0008726,0.0009245,0.00106,0.0009728,0.00104,0.00108,0.00112,0.00115,0.0012,0.00124,0.00128,0.00132,0.001240700000000003,0.0012795666666666691,0.0013201666666666592
-0.72,0.0009415,0.0009127,0.0008771,0.0009288,0.00106,0.0009763,0.00104,0.00108,0.00112,0.00116,0.0012,0.00124,0.00128,0.00132,0.001242200000000001,0.0012801333333333363,0.0013218333333333266
-0.716,0.000944,0.0009156,0.0008817,0.0009331,0.00107,0.0009796,0.00105,0.00108,0.00112,0.00116,0.0012,0.00125,0.00128,0.00133,0.0012473999999999962,0.0012805000000000032,0.0013271333333333296
-0.712,0.0009465,0.0009186,0.0008864,0.0009373,0.00107,0.0009828,0.00105,0.00109,0.00113,0.00116,0.00121,0.00125,0.00129,0.00133,0.0012513999999999926,0.001290166666666675,0.001331133333333332
-0.708,0.0009492,0.0009215,0.0008911,0.0009414,0.00107,0.0009861,0.00105,0.00109,0.00113,0.00117,0.00121,0.00125,0.00129,0.00133,0.001251899999999993,0.001290233333333342,0.0013318333333333324
-0.704,0.000952,0.0009244,0.0008957,0.0009456,0.00108,0.0009893,0.00106,0.00109,0.00113,0.00117,0.00121,0.00126,0.00129,0.00134,0.0012568666666666621,0.001290633333333342,0.0013366333333333356
-0.7,0.0009547,0.0009275,0.0009004,0.0009498,0.00108,0.0009927,0.00106,0.0011,0.00114,0.00117,0.00122,0.00126,0.0013,0.00134,0.0012636666666666636,0.001300033333333339,0.0013433333333333377
-0.696,0.0009574,0.0009306,0.000905,0.0009541,0.00108,0.0009961,0.00106,0.0011,0.00114,0.00118,0.00122,0.00127,0.0013,0.00135,0.0012685333333333287,0.0013004333333333396,0.0013484333333333375
-0.692,0.0009601,0.0009336,0.0009096,0.0009585,0.00109,0.0009995,0.00107,0.0011,0.00114,0.00118,0.00122,0.00127,0.0013,0.00135,0.001269799999999995,0.0013007666666666722,0.0013496333333333369
-0.688,0.0009627,0.0009366,0.0009141,0.0009625,0.00109,0.001,0.00107,0.00111,0.00115,0.00118,0.00123,0.00127,0.00131,0.00135,0.0012726666666666637,0.0013103666666666614,0.001352266666666671
-0.684,0.0009653,0.0009397,0.0009186,0.0009664,0.0011,0.00101,0.00108,0.00111,0.00115,0.00119,0.00123,0.00128,0.00131,0.00136,0.0012791000000000022,0.0013126333333333274,0.0013589666666666749
-0.68,0.0009678,0.0009429,0.0009229,0.0009702,0.0011,0.00101,0.00108,0.00111,0.00116,0.00119,0.00123,0.00128,0.00132,0.00136,0.0012793666666666692,0.0013171999999999932,0.001359733333333342
-0.676,0.0009702,0.000946,0.000927,0.0009741,0.0011,0.00101,0.00108,0.00112,0.00116,0.00119,0.00124,0.00128,0.00132,0.00137,0.0012836000000000052,0.0013211666666666595,0.0013698666666666632
-0.672,0.0009728,0.000949,0.000931,0.0009779,0.00111,0.00102,0.00109,0.00112,0.00116,0.0012,0.00124,0.00129,0.00132,0.00137,0.0012880000000000077,0.0013214666666666601,0.001369799999999996
-0.668,0.0009753,0.0009519,0.0009348,0.0009818,0.00111,0.00102,0.00109,0.00112,0.00117,0.0012,0.00125,0.00129,0.00133,0.00137,0.001292866666666675,0.001330466666666665,0.0013730333333333293
-0.664,0.0009777,0.0009547,0.0009386,0.0009858,0.00111,0.00102,0.00109,0.00113,0.00117,0.00121,0.00125,0.0013,0.00133,0.00138,0.0012981666666666732,0.0013315666666666656,0.0013780333333333291
-0.66,0.00098,0.0009576,0.0009422,0.0009896,0.00112,0.00103,0.0011,0.00113,0.00117,0.00121,0.00125,0.0013,0.00134,0.00138,0.0012980000000000068,0.001336866666666669,0.0013780333333333296
-0.656,0.0009822,0.0009603,0.0009458,0.0009933,0.00112,0.00103,0.0011,0.00113,0.00118,0.00121,0.00126,0.0013,0.00134,0.00139,0.0013029666666666696,0.0013409000000000042,0.0013900333333333355
-0.652,0.0009844,0.000963,0.0009493,0.0009968,0.00112,0.00103,0.0011,0.00114,0.00118,0.00122,0.00126,0.00131,0.00134,0.00139,0.0013081999999999974,0.0013419333333333377,0.001390766666666669
-0.648,0.0009867,0.0009655,0.0009527,0.001,0.00113,0.00104,0.00111,0.00114,0.00118,0.00122,0.00126,0.00131,0.00135,0.0014,0.0013091333333333293,0.0013467333333333383,0.001395466666666672
-0.644,0.000989,0.0009678,0.000956,0.001,0.00113,0.00104,0.00111,0.00115,0.00119,0.00122,0.00127,0.00132,0.00135,0.0014,0.0013204333333333258,0.0013538666666666702,0.0014014666666666738
-0.64,0.0009911,0.00097,0.0009594,0.00101,0.00113,0.00104,0.00111,0.00115,0.00119,0.00123,0.00127,0.00132,0.00136,0.0014,0.0013204666666666593,0.0013583666666666723,0.0014017000000000075
-0.636,0.0009931,0.0009721,0.0009628,0.00101,0.00114,0.00105,0.00112,0.00115,0.00119,0.00123,0.00128,0.00132,0.00136,0.00141,0.0013218333333333268,0.0013602666666666756,0.0014079333333333391
-0.632,0.0009949,0.000974,0.000966,0.00101,0.00114,0.00105,0.00112,0.00116,0.0012,0.00124,0.00128,0.00133,0.00136,0.00141,0.0013292333333333312,0.0013626666666666735,0.0014122666666666701
-0.628,0.0009966,0.000976,0.0009691,0.00102,0.00115,0.00105,0.00112,0.00116,0.0012,0.00124,0.00128,0.00133,0.00137,0.00142,0.0013305666666666653,0.0013677333333333335,0.0014170999999999969
-0.624,0.0009983,0.0009778,0.0009723,0.00102,0.00115,0.00106,0.00113,0.00116,0.00121,0.00124,0.00129,0.00134,0.00137,0.00142,0.0013386000000000036,0.0013711666666666633,0.0014205999999999937
-0.62,0.001,0.0009795,0.0009753,0.00102,0.00115,0.00106,0.00113,0.00117,0.00121,0.00125,0.00129,0.00134,0.00138,0.00143,0.00133846666666667,0.0013757999999999965,0.0014243666666666596
-0.616,0.001,0.0009812,0.0009783,0.00103,0.00116,0.00106,0.00113,0.00117,0.00121,0.00125,0.0013,0.00134,0.00138,0.00143,0.0013421000000000038,0.0013816999999999972,0.001429666666666659
-0.612,0.001,0.0009829,0.0009814,0.00103,0.00116,0.00107,0.00114,0.00117,0.00122,0.00125,0.0013,0.00135,0.00139,0.00143,0.0013484000000000042,0.001387933333333334,0.0014312999999999926
-0.608,0.00101,0.0009846,0.0009844,0.00103,0.00116,0.00107,0.00114,0.00118,0.00122,0.00126,0.0013,0.00135,0.00139,0.00144,0.0013494000000000045,0.001388666666666668,0.0014363999999999959
-0.604,0.00101,0.0009864,0.0009872,0.00104,0.00116,0.00107,0.00114,0.00118,0.00122,0.00126,0.00131,0.00136,0.00139,0.00144,0.0013597666666666744,0.00139336666666667,0.0014433666666666665
-0.6,0.00101,0.000988,0.0009899,0.00104,0.00117,0.00108,0.00115,0.00118,0.00123,0.00126,0.00131,0.00136,0.0014,0.00145,0.0013601666666666755,0.001398666666666674,0.0014484666666666716
-0.596,0.00101,0.0009896,0.0009922,0.00104,0.00117,0.00108,0.00115,0.00119,0.00123,0.00127,0.00131,0.00136,0.0014,0.00145,0.0013605666666666742,0.0013996333333333411,0.0014493000000000054
-0.592,0.00101,0.0009911,0.0009943,0.00105,0.00117,0.00108,0.00115,0.00119,0.00124,0.00127,0.00132,0.00137,0.00141,0.00146,0.001368933333333331,0.00140873333333334,0.0014587000000000044
-0.588,0.00102,0.0009927,0.0009962,0.00105,0.00118,0.00109,0.00116,0.00119,0.00124,0.00128,0.00132,0.00137,0.00141,0.00146,0.0013698999999999966,0.00140943333333334,0.0014593000000000045
-0.584,0.00102,0.0009944,0.0009982,0.00105,0.00118,0.00109,0.00116,0.0012,0.00124,0.00128,0.00133,0.00138,0.00141,0.00146,0.0013804333333333292,0.0014141000000000021,0.0014641000000000057
-0.58,0.00102,0.0009961,0.0009999,0.00105,0.00118,0.00109,0.00116,0.0012,0.00125,0.00128,0.00133,0.00138,0.00142,0.00147,0.0013805666666666626,0.0014192999999999938,0.0014693000000000093
-0.576,0.00102,0.0009976,0.001,0.00105,0.00118,0.00109,0.00117,0.00121,0.00125,0.00129,0.00133,0.00138,0.00142,0.00147,0.0013808333333333292,0.00142026666666666,0.0014702333333333425
-0.572,0.00103,0.0009992,0.001,0.00106,0.00119,0.0011,0.00117,0.00121,0.00125,0.00129,0.00134,0.00139,0.00143,0.00148,0.001390200000000002,0.0014301666666666584,0.0014801999999999949
-0.568,0.00103,0.001,0.001,0.00106,0.00119,0.0011,0.00117,0.00121,0.00126,0.0013,0.00134,0.00139,0.00143,0.00148,0.001390200000000002,0.0014300333333333252,0.0014799666666666612
-0.564,0.00103,0.001,0.001,0.00106,0.00119,0.0011,0.00118,0.00122,0.00126,0.0013,0.00135,0.0014,0.00144,0.00149,0.0014011000000000078,0.0014403333333333308,0.0014911333333333286
-0.56,0.00103,0.001,0.00101,0.00106,0.00119,0.00111,0.00118,0.00122,0.00127,0.0013,0.00135,0.0014,0.00144,0.00149,0.0014019666666666743,0.0014404999999999973,0.0014919999999999957
-0.556,0.00104,0.001,0.00101,0.00106,0.0012,0.00111,0.00118,0.00122,0.00127,0.00131,0.00135,0.00141,0.00144,0.0015,0.0014064333333333398,0.001440433333333331,0.0014963333333333324
-0.552,0.00104,0.00101,0.00101,0.00106,0.0012,0.00111,0.00119,0.00123,0.00127,0.00131,0.00136,0.00141,0.00145,0.0015,0.0014132000000000012,0.0014509000000000054,0.0015032666666666698
-0.548,0.00104,0.00101,0.00101,0.00106,0.0012,0.00112,0.00119,0.00123,0.00128,0.00132,0.00136,0.00142,0.00145,0.00151,0.0014166999999999962,0.001450066666666672,0.0015065000000000059
-0.544,0.00104,0.00101,0.00101,0.00107,0.0012,0.00112,0.00119,0.00124,0.00128,0.00132,0.00137,0.00142,0.00146,0.00151,0.0014206999999999924,0.0014603333333333389,0.0015133666666666734
-0.54,0.00104,0.00101,0.00101,0.00107,0.0012,0.00113,0.0012,0.00124,0.00129,0.00132,0.00137,0.00142,0.00146,0.00152,0.0014205999999999924,0.0014603000000000055,0.0015176000000000067
-0.536,0.00105,0.00101,0.00101,0.00107,0.00121,0.00113,0.0012,0.00124,0.00129,0.00133,0.00138,0.00143,0.00147,0.00152,0.001430633333333325,0.001470600000000009,0.0015238666666666672
-0.532,0.00105,0.00101,0.00101,0.00107,0.00121,0.00113,0.00121,0.00125,0.00129,0.00133,0.00138,0.00143,0.00147,0.00153,0.0014298999999999918,0.0014697000000000087,0.0015263666666666612
-0.528,0.00105,0.00101,0.00102,0.00107,0.00121,0.00114,0.00121,0.00125,0.0013,0.00134,0.00139,0.00144,0.00148,0.00153,0.0014406666666666645,0.0014805666666666611,0.001533133333333326
-0.524,0.00105,0.00101,0.00102,0.00107,0.00122,0.00114,0.00121,0.00126,0.0013,0.00134,0.00139,0.00144,0.00148,0.00154,0.0014408333333333313,0.0014807333333333274,0.0015373333333333287
-0.52,0.00105,0.00101,0.00102,0.00108,0.00122,0.00115,0.00122,0.00126,0.00131,0.00135,0.0014,0.00145,0.00149,0.00154,0.0014509000000000056,0.0014906999999999952,0.0015437666666666644
-0.516,0.00105,0.00101,0.00102,0.00108,0.00122,0.00115,0.00122,0.00127,0.00131,0.00135,0.0014,0.00145,0.00149,0.00155,0.0014507333333333389,0.0014904666666666617,0.0015477333333333307
-0.512,0.00105,0.00101,0.00102,0.00108,0.00123,0.00115,0.00123,0.00127,0.00132,0.00136,0.00141,0.00146,0.0015,0.00156,0.0014633555555555622,0.0015004888888888904,0.0015598333333333378
-0.508,0.00105,0.00101,0.00102,0.00108,0.00123,0.00116,0.00123,0.00127,0.00132,0.00136,0.00141,0.00147,0.0015,0.00156,0.0014672222222222313,0.001500555555555557,0.0015599000000000045
-0.504,0.00105,0.00101,0.00102,0.00108,0.00123,0.00116,0.00124,0.00128,0.00133,0.00137,0.00142,0.00147,0.00151,0.00157,0.0014752027777777798,0.0015150694444444463,0.0015703666666666719
-0.5,0.00105,0.00101,0.00102,0.00108,0.00123,0.00116,0.00124,0.00128,0.00133,0.00137,0.00142,0.00148,0.00152,0.00157,0.0014752027777777798,0.0015150694444444463,0.0015703666666666719
-0.496,0.00105,0.00101,0.00102,0.00109,0.00124,0.00117,0.00124,0.00129,0.00134,0.00138,0.00143,0.00148,0.00152,0.00158,0.0014826194444444393,0.0015225861111111123,0.0015797333333333436
-0.492,0.00105,0.00101,0.00102,0.00109,0.00124,0.00117,0.00125,0.00129,0.00134,0.00138,0.00143,0.00149,0.00153,0.00158,0.001487036111111106,0.001526969444444439,0.0015796333333333433
-0.488,0.00105,0.00101,0.00102,0.00109,0.00124,0.00117,0.00125,0.0013,0.00135,0.00139,0.00144,0.00149,0.00153,0.00159,0.0014929777777777748,0.0015329444444444373,0.0015917666666666608
-0.484,0.00105,0.00101,0.00102,0.00109,0.00124,0.00118,0.00126,0.0013,0.00135,0.00139,0.00144,0.0015,0.00154,0.0016,0.0014966111111111109,0.0015365444444444397,0.0015953666666666609
-0.48,0.00105,0.00101,0.00102,0.00109,0.00124,0.00118,0.00126,0.00131,0.00136,0.0014,0.00145,0.0015,0.00154,0.0016,0.0015035000000000029,0.0015434333333333306,0.0016030999999999958
-0.476,0.00105,0.00101,0.00102,0.00109,0.00125,0.00118,0.00126,0.00131,0.00136,0.0014,0.00145,0.00151,0.00155,0.00161,0.0015077333333333393,0.001547666666666664,0.0016073333333333324
-0.472,0.00105,0.00101,0.00102,0.00109,0.00125,0.00119,0.00127,0.00131,0.00136,0.00141,0.00146,0.00151,0.00155,0.00161,0.0015130333333333405,0.001552966666666666,0.0016126666666666691
-0.468,0.00105,0.00101,0.00102,0.00109,0.00125,0.00119,0.00127,0.00132,0.00137,0.00141,0.00146,0.00152,0.00156,0.00162,0.0015169666666666735,0.0015568666666666696,0.0016163000000000052
-0.464,0.00105,0.00101,0.00103,0.00109,0.00125,0.00119,0.00127,0.00132,0.00137,0.00142,0.00147,0.00152,0.00156,0.00162,0.0015228666666666688,0.0015629000000000044,0.0016223333333333398
-0.46,0.00105,0.00101,0.00103,0.0011,0.00125,0.0012,0.00128,0.00132,0.00138,0.00142,0.00147,0.00153,0.00157,0.00163,0.0015275999999999946,0.0015676333333333376,0.001627200000000007
-0.456,0.00105,0.00101,0.00103,0.0011,0.00126,0.0012,0.00128,0.00133,0.00138,0.00143,0.00148,0.00153,0.00157,0.00164,0.001533433333333326,0.0015736666666666724,0.001639433333333324
-0.452,0.00105,0.00101,0.00103,0.0011,0.00126,0.0012,0.00128,0.00133,0.00139,0.00143,0.00148,0.00154,0.00158,0.00164,0.0015373666666666625,0.0015777000000000087,0.0016390666666666572
-0.448,0.00105,0.00102,0.00103,0.0011,0.00126,0.00121,0.00129,0.00134,0.00139,0.00144,0.00149,0.00154,0.00159,0.00165,0.0015430333333333304,0.0015892333333333269,0.0016485999999999946
-0.444,0.00106,0.00102,0.00103,0.0011,0.00126,0.00121,0.00129,0.00134,0.00139,0.00144,0.00149,0.00155,0.00159,0.00165,0.001547366666666664,0.0015896999999999938,0.0016491999999999952
-0.44,0.00106,0.00102,0.00103,0.0011,0.00127,0.00121,0.00129,0.00134,0.0014,0.00144,0.0015,0.00155,0.0016,0.00166,0.0015531999999999987,0.0016002999999999937,0.0016598333333333294
-0.436,0.00106,0.00102,0.00103,0.00111,0.00127,0.00122,0.0013,0.00135,0.0014,0.00145,0.0015,0.00156,0.0016,0.00166,0.0015577333333333357,0.0016005666666666606,0.0016600333333333297
-0.432,0.00106,0.00102,0.00104,0.00111,0.00127,0.00122,0.0013,0.00135,0.00141,0.00145,0.00151,0.00156,0.00161,0.00167,0.0015626000000000045,0.0016097666666666666,0.0016711000000000028
-0.428,0.00106,0.00102,0.00104,0.00111,0.00128,0.00123,0.0013,0.00136,0.00141,0.00146,0.00151,0.00157,0.00161,0.00168,0.0015661000000000043,0.0016093000000000001,0.0016749000000000033
-0.424,0.00107,0.00103,0.00104,0.00111,0.00128,0.00123,0.00131,0.00136,0.00142,0.00146,0.00152,0.00157,0.00162,0.00168,0.001573066666666673,0.0016198333333333394,0.0016824000000000058
-0.42,0.00107,0.00103,0.00104,0.00112,0.00128,0.00123,0.00131,0.00136,0.00142,0.00147,0.00152,0.00158,0.00162,0.00169,0.0015771333333333421,0.0016202000000000065,0.001686300000000008
-0.416,0.00107,0.00103,0.00104,0.00112,0.00128,0.00124,0.00132,0.00137,0.00143,0.00147,0.00153,0.00158,0.00163,0.00169,0.00158333333333334,0.0016299000000000077,0.001692733333333339
-0.412,0.00107,0.00103,0.00105,0.00112,0.00129,0.00124,0.00132,0.00137,0.00143,0.00148,0.00153,0.00159,0.00163,0.0017,0.0015875666666666643,0.0016298000000000074,0.0016967999999999972
-0.408,0.00108,0.00103,0.00105,0.00112,0.00129,0.00125,0.00132,0.00138,0.00144,0.00148,0.00154,0.0016,0.00164,0.0017,0.001599566666666661,0.0016399333333333244,0.0017032333333333264
-0.404,0.00108,0.00104,0.00105,0.00113,0.00129,0.00125,0.00133,0.00138,0.00144,0.00149,0.00154,0.0016,0.00164,0.00171,0.0016000666666666611,0.0016404999999999911,0.0017077666666666601
-0.4,0.00108,0.00104,0.00105,0.00113,0.0013,0.00125,0.00133,0.00139,0.00144,0.00149,0.00155,0.00161,0.00165,0.00172,0.0016097333333333335,0.0016515333333333292,0.0017189666666666673
-0.396,0.00109,0.00104,0.00106,0.00113,0.0013,0.00126,0.00134,0.00139,0.00145,0.0015,0.00155,0.00161,0.00166,0.00172,0.001610400000000001,0.001656833333333329,0.001719466666666668
-0.392,0.00109,0.00104,0.00106,0.00114,0.00131,0.00126,0.00134,0.0014,0.00146,0.0015,0.00156,0.00162,0.00166,0.00173,0.0016185666666666727,0.0016616333333333308,0.0017284333333333394
-0.388,0.00109,0.00105,0.00106,0.00114,0.00131,0.00127,0.00135,0.0014,0.00146,0.00151,0.00156,0.00162,0.00167,0.00173,0.0016188666666666727,0.0016657000000000013,0.0017286000000000061
-0.384,0.0011,0.00105,0.00107,0.00114,0.00131,0.00127,0.00135,0.00141,0.00147,0.00152,0.00157,0.00163,0.00167,0.00174,0.001627400000000006,0.00166926666666667,0.0017365666666666719
-0.38,0.0011,0.00105,0.00107,0.00115,0.00132,0.00128,0.00136,0.00141,0.00147,0.00152,0.00158,0.00164,0.00168,0.00175,0.0016388999999999918,0.0016813000000000051,0.001748499999999992
-0.376,0.00111,0.00105,0.00107,0.00115,0.00132,0.00128,0.00136,0.00142,0.00148,0.00153,0.00158,0.00164,0.00169,0.00175,0.0016395666666666581,0.0016861333333333406,0.0017492999999999918
-0.372,0.00111,0.00106,0.00108,0.00115,0.00133,0.00129,0.00137,0.00142,0.00148,0.00153,0.00159,0.00165,0.00169,0.00176,0.0016485999999999946,0.0016921333333333392,0.0017607333333333275
-0.368,0.00111,0.00106,0.00108,0.00116,0.00133,0.00129,0.00137,0.00143,0.00149,0.00154,0.00159,0.00165,0.0017,0.00177,0.0016482666666666616,0.0016958333333333304,0.0017641333333333299
-0.364,0.00112,0.00107,0.00109,0.00116,0.00134,0.0013,0.00138,0.00144,0.0015,0.00155,0.0016,0.00166,0.00171,0.00177,0.0016594333333333309,0.0017070999999999948,0.0017699333333333314
-0.36,0.00112,0.00107,0.00109,0.00117,0.00135,0.00131,0.00138,0.00144,0.0015,0.00155,0.00161,0.00167,0.00171,0.00178,0.0016709666666666705,0.0017138999999999956,0.0017828333333333379
-0.356,0.00113,0.00108,0.0011,0.00118,0.00135,0.00131,0.00139,0.00145,0.00151,0.00156,0.00161,0.00167,0.00172,0.00179,0.0016707666666666702,0.0017181666666666665,0.0017870000000000067
-0.352,0.00113,0.00108,0.00111,0.00118,0.00136,0.00132,0.0014,0.00145,0.00152,0.00157,0.00162,0.00168,0.00173,0.0018,0.0016804000000000042,0.0017279000000000049,0.001797133333333342
-0.348,0.00113,0.00109,0.00112,0.00119,0.00136,0.00132,0.00141,0.00146,0.00152,0.00158,0.00163,0.00169,0.00173,0.0018,0.001690233333333338,0.0017316000000000054,0.001801266666666672
-0.344,0.00114,0.0011,0.00112,0.0012,0.00137,0.00133,0.00141,0.00147,0.00153,0.00158,0.00163,0.0017,0.00174,0.00181,0.0016943999999999974,0.0017355333333333388,0.0018048666666666642
-0.34,0.00114,0.0011,0.00113,0.00121,0.00138,0.00134,0.00142,0.00148,0.00154,0.00159,0.00164,0.0017,0.00175,0.00182,0.0017011999999999928,0.0017488333333333273,0.0018169333333333296
-0.336,0.00114,0.00111,0.00114,0.00121,0.00139,0.00134,0.00143,0.00148,0.00155,0.0016,0.00165,0.00171,0.00176,0.00182,0.0017083666666666605,0.001756666666666662,0.0018185999999999957
-0.332,0.00115,0.00112,0.00115,0.00122,0.0014,0.00135,0.00143,0.00149,0.00155,0.0016,0.00166,0.00172,0.00176,0.00183,0.0017228333333333358,0.0017639999999999947,0.0018333333333333324
-0.328,0.00115,0.00113,0.00116,0.00123,0.0014,0.00136,0.00144,0.0015,0.00156,0.00161,0.00166,0.00173,0.00177,0.00184,0.001727066666666672,0.0017684333333333306,0.0018377000000000007
-0.324,0.00115,0.00114,0.00117,0.00124,0.00141,0.00137,0.00145,0.00151,0.00157,0.00162,0.00167,0.00173,0.00178,0.00185,0.0017296666666666723,0.0017775666666666682,0.0018461666666666702
-0.32,0.00116,0.00115,0.00118,0.00125,0.00142,0.00137,0.00146,0.00152,0.00158,0.00163,0.00168,0.00174,0.00179,0.00186,0.0017361666666666719,0.001784933333333338,0.001853033333333325
-0.316,0.00116,0.00116,0.0012,0.00126,0.00143,0.00138,0.00147,0.00152,0.00159,0.00164,0.00169,0.00175,0.00179,0.00186,0.0017519999999999914,0.001793100000000006,0.0018630666666666562
-0.312,0.00116,0.00117,0.00121,0.00127,0.00144,0.00139,0.00148,0.00153,0.00159,0.00164,0.00169,0.00176,0.0018,0.00187,0.0017567333333333263,0.0017977666666666745,0.0018675999999999949
-0.308,0.00117,0.00119,0.00122,0.00128,0.00145,0.0014,0.00149,0.00154,0.0016,0.00165,0.0017,0.00176,0.00181,0.00188,0.0017605999999999948,0.0018083999999999947,0.0018762333333333303
-0.304,0.00117,0.0012,0.00124,0.0013,0.00146,0.00141,0.0015,0.00155,0.00161,0.00166,0.00171,0.00177,0.00182,0.00189,0.0017721333333333322,0.0018210666666666634,0.0018906999999999995
-0.3,0.00118,0.00122,0.00126,0.00131,0.00147,0.00142,0.00151,0.00156,0.00162,0.00167,0.00172,0.00178,0.00183,0.0019,0.0017784666666666685,0.001826333333333332,0.0018952666666666724
-0.296,0.00119,0.00123,0.00127,0.00133,0.00149,0.00143,0.00152,0.00157,0.00163,0.00168,0.00173,0.00179,0.00183,0.00191,0.0017912666666666725,0.0018322999999999994,0.0019071666666666714
-0.292,0.00119,0.00125,0.00129,0.00134,0.0015,0.00144,0.00153,0.00158,0.00164,0.00169,0.00174,0.0018,0.00184,0.00191,0.0017959000000000076,0.0018363666666666666,0.0019070333333333375
-0.288,0.0012,0.00127,0.00131,0.00136,0.00151,0.00145,0.00154,0.00159,0.00165,0.0017,0.00175,0.00181,0.00185,0.00192,0.0018133999999999939,0.0018537666666666682,0.0019236999999999963
-0.284,0.00122,0.00129,0.00133,0.00137,0.00153,0.00146,0.00155,0.0016,0.00166,0.00171,0.00176,0.00182,0.00186,0.00193,0.0018210999999999974,0.0018617999999999894,0.0019315333333333284
-0.28,0.00123,0.00132,0.00136,0.00139,0.00154,0.00147,0.00156,0.00161,0.00167,0.00172,0.00176,0.00183,0.00187,0.00194,0.001825833333333331,0.0018668999999999964,0.0019359666666666686
-0.276,0.00124,0.00134,0.00138,0.00141,0.00156,0.00148,0.00157,0.00162,0.00168,0.00172,0.00177,0.00183,0.00188,0.00195,0.0018297666666666653,0.0018774333333333292,0.001945633333333336
-0.272,0.00126,0.00137,0.00141,0.00143,0.00157,0.00149,0.00158,0.00163,0.00169,0.00173,0.00178,0.00184,0.00189,0.00196,0.001840433333333334,0.0018899333333333324,0.001958266666666669
-0.268,0.00128,0.0014,0.00144,0.00146,0.00159,0.0015,0.00159,0.00164,0.0017,0.00174,0.00179,0.00185,0.0019,0.00197,0.0018496666666666705,0.0018990666666666726,0.0019674666666666765
-0.264,0.0013,0.00144,0.00147,0.00148,0.00161,0.00151,0.00161,0.00165,0.00171,0.00176,0.0018,0.00186,0.00191,0.00198,0.0018552666666666595,0.0019044000000000047,0.0019709333333333317
-0.26,0.00133,0.00148,0.0015,0.00151,0.00163,0.00153,0.00162,0.00167,0.00172,0.00177,0.00181,0.00187,0.00192,0.00199,0.0018677333333333304,0.001916166666666664,0.0019808000000000013
-0.256,0.00136,0.00152,0.00154,0.00154,0.00165,0.00154,0.00163,0.00168,0.00173,0.00178,0.00183,0.00188,0.00193,0.002,0.0018800333333333316,0.0019272999999999949,0.0019926333333333338
-0.252,0.00139,0.00156,0.00158,0.00157,0.00167,0.00156,0.00165,0.00169,0.00174,0.00179,0.00184,0.0019,0.00194,0.00201,0.001892800000000006,0.001934300000000002,0.0019977
-0.248,0.00143,0.00161,0.00163,0.0016,0.0017,0.00157,0.00166,0.0017,0.00176,0.0018,0.00185,0.00191,0.00195,0.00202,0.001909666666666669,0.0019497666666666701,0.002015033333333339
-0.244,0.00147,0.00166,0.00167,0.00164,0.00172,0.00159,0.00168,0.00172,0.00177,0.00181,0.00186,0.00192,0.00196,0.00203,0.0019200999999999973,0.001959333333333335,0.0020254666666666607
-0.24,0.00152,0.00172,0.00172,0.00168,0.00175,0.00161,0.0017,0.00173,0.00178,0.00183,0.00187,0.00193,0.00197,0.00204,0.0019319999999999936,0.001971066666666675,0.002039066666666668
-0.236,0.00157,0.00178,0.00178,0.00172,0.00178,0.00162,0.00171,0.00175,0.0018,0.00184,0.00188,0.00194,0.00198,0.00206,0.001940166666666669,0.0019789666666666637,0.002051099999999997
-0.232,0.00162,0.00184,0.00184,0.00177,0.00181,0.00164,0.00173,0.00176,0.00181,0.00185,0.0019,0.00195,0.00199,0.00207,0.001951966666666672,0.001990333333333334,0.002061333333333337
-0.228,0.00168,0.00191,0.0019,0.00182,0.00185,0.00166,0.00175,0.00178,0.00183,0.00186,0.00191,0.00197,0.00201,0.00208,0.001971166666666676,0.0020100666666666685,0.0020757000000000037
-0.224,0.00174,0.00199,0.00197,0.00187,0.00188,0.00169,0.00177,0.0018,0.00184,0.00188,0.00192,0.00198,0.00202,0.00209,0.0019806666666666644,0.0020193000000000073,0.0020829666666666684
-0.22,0.00181,0.00206,0.00204,0.00193,0.00192,0.00171,0.00179,0.00182,0.00186,0.00189,0.00194,0.00199,0.00203,0.0021,0.0019947333333333347,0.0020326999999999936,0.0020985666666666638
-0.216,0.00189,0.00215,0.00211,0.00199,0.00196,0.00173,0.00181,0.00184,0.00187,0.00191,0.00195,0.00201,0.00204,0.00212,0.0020062666666666664,0.0020395333333333328,0.002112100000000004
-0.212,0.00197,0.00223,0.00219,0.00205,0.00201,0.00176,0.00184,0.00185,0.00189,0.00192,0.00197,0.00202,0.00206,0.00213,0.002022133333333338,0.002061199999999998,0.002129333333333332
-0.208,0.00205,0.00233,0.00227,0.00212,0.00206,0.00179,0.00186,0.00188,0.00191,0.00194,0.00198,0.00203,0.00207,0.00214,0.0020295666666666603,0.002068600000000005,0.002135766666666667
-0.204,0.00214,0.00242,0.00236,0.0022,0.00211,0.00181,0.00189,0.0019,0.00193,0.00196,0.002,0.00205,0.00208,0.00216,0.0020517999999999964,0.002084766666666669,0.0021591000000000067
-0.2,0.00223,0.00252,0.00245,0.00227,0.00216,0.00184,0.00192,0.00192,0.00195,0.00197,0.00201,0.00206,0.0021,0.00217,0.002062566666666663,0.0020995333333333277,0.002170333333333339
-0.196,0.00233,0.00262,0.00254,0.00235,0.00222,0.00188,0.00195,0.00194,0.00197,0.00199,0.00203,0.00208,0.00211,0.00219,0.0020800333333333343,0.002111733333333325,0.002186133333333343
-0.192,0.00243,0.00273,0.00264,0.00244,0.00228,0.00191,0.00198,0.00197,0.00199,0.00201,0.00205,0.0021,0.00213,0.0022,0.0021012999999999943,0.00213283333333333,0.0022025333333333267
-0.188,0.00254,0.00284,0.00274,0.00253,0.00234,0.00195,0.00201,0.002,0.00201,0.00203,0.00207,0.00211,0.00215,0.00222,0.0021164333333333254,0.002153266666666662,0.002220733333333332
-0.184,0.00265,0.00295,0.00284,0.00262,0.00241,0.00198,0.00204,0.00203,0.00203,0.00205,0.00209,0.00213,0.00216,0.00223,0.0021338999999999967,0.002165233333333336,0.0022324666666666605
-0.18,0.00276,0.00307,0.00295,0.00271,0.00248,0.00203,0.00208,0.00206,0.00206,0.00207,0.00211,0.00215,0.00218,0.00225,0.002151433333333329,0.00218153333333333,0.0022490999999999874
-0.176,0.00288,0.00318,0.00305,0.00281,0.00255,0.00207,0.00212,0.00209,0.00209,0.0021,0.00213,0.00217,0.0022,0.00227,0.002178300000000001,0.002206699999999993,0.002273166666666663
-0.172,0.00299,0.0033,0.00316,0.00291,0.00262,0.00211,0.00216,0.00212,0.00212,0.00212,0.00215,0.0022,0.00222,0.00229,0.002198333333333327,0.002221399999999999,0.002287500000000002
-0.168,0.00311,0.00341,0.00326,0.00301,0.0027,0.00216,0.00221,0.00216,0.00215,0.00215,0.00218,0.00222,0.00224,0.00231,0.0022242333333333344,0.0022457333333333425,0.0023121333333333384
-0.164,0.00323,0.00353,0.00337,0.00311,0.00278,0.00221,0.00226,0.0022,0.00219,0.00218,0.00221,0.00224,0.00226,0.00233,0.0022480000000000087,0.0022694666666666723,0.002334233333333345
-0.16,0.00335,0.00365,0.00348,0.00321,0.00286,0.00227,0.00231,0.00225,0.00222,0.00221,0.00224,0.00227,0.00229,0.00235,0.0022801999999999987,0.002302500000000004,0.002359099999999998
-0.156,0.00348,0.00376,0.00358,0.00331,0.00294,0.00233,0.00236,0.00229,0.00227,0.00225,0.00227,0.0023,0.00232,0.00238,0.0023112,0.002329899999999995,0.0023887666666666755
-0.152,0.0036,0.00388,0.00369,0.00341,0.00302,0.00239,0.00242,0.00235,0.00231,0.00229,0.00231,0.00234,0.00234,0.00241,0.00235356666666667,0.0023600000000000053,0.0024235000000000085
-0.148,0.00372,0.00399,0.00379,0.00351,0.00311,0.00246,0.00249,0.00241,0.00236,0.00233,0.00234,0.00237,0.00238,0.00244,0.002379833333333331,0.0023914666666666738,0.002447099999999997
-0.144,0.00384,0.00411,0.00389,0.00361,0.0032,0.00253,0.00256,0.00247,0.00242,0.00238,0.00239,0.00241,0.00241,0.00247,0.0024258333333333406,0.002430666666666672,0.0024848333333333202
-0.14,0.00395,0.00422,0.00399,0.00371,0.00329,0.00261,0.00264,0.00254,0.00248,0.00243,0.00243,0.00245,0.00245,0.0025,0.0024659333333333228,0.0024702333333333245,0.002516633333333322
-0.136,0.00407,0.00433,0.00409,0.00381,0.00338,0.0027,0.00272,0.00261,0.00255,0.00248,0.00249,0.0025,0.00249,0.00254,0.0025174999999999915,0.0025123999999999967,0.0025604999999999946
-0.132,0.00418,0.00443,0.00418,0.0039,0.00347,0.00279,0.00281,0.00269,0.00262,0.00254,0.00254,0.00255,0.00253,0.00258,0.002568633333333346,0.002555066666666672,0.002602900000000015
-0.128,0.00429,0.00454,0.00426,0.004,0.00356,0.00288,0.0029,0.00278,0.00269,0.0026,0.0026,0.0026,0.00258,0.00263,0.0026277666666666773,0.0026158000000000136,0.0026616000000000074
-0.124,0.0044,0.00464,0.00434,0.00409,0.00365,0.00298,0.003,0.00286,0.00277,0.00266,0.00266,0.00266,0.00263,0.00268,0.002685799999999997,0.00266400000000001,0.002710166666666674
-0.12,0.0045,0.00473,0.00442,0.00417,0.00375,0.00308,0.00309,0.00295,0.00285,0.00273,0.00272,0.00272,0.00268,0.00273,0.002747733333333348,0.0027126666666666736,0.0027598666666666717
-0.116,0.0046,0.00483,0.00449,0.00426,0.00384,0.00318,0.00319,0.00304,0.00293,0.00279,0.00279,0.00278,0.00273,0.00278,0.0028073666666666654,0.0027612333333333367,0.0028091333333333363
-0.112,0.00469,0.00491,0.00456,0.00433,0.00392,0.00328,0.00328,0.00312,0.003,0.00285,0.00285,0.00284,0.00278,0.00283,0.0028674999999999907,0.0028126333333333333,0.0028598666666666663
-0.108,0.00478,0.005,0.00461,0.00441,0.00401,0.00338,0.00337,0.0032,0.00308,0.00291,0.00291,0.0029,0.00284,0.00288,0.002930300000000006,0.0028725333333333197,0.0029155000000000014
-0.104,0.00487,0.00507,0.00466,0.00447,0.00409,0.00348,0.00345,0.00328,0.00315,0.00297,0.00297,0.00296,0.00289,0.00294,0.002986999999999991,0.0029211666666666574,0.002970466666666687
-0.1,0.00495,0.00515,0.0047,0.00453,0.00416,0.00357,0.00353,0.00334,0.00321,0.00302,0.00303,0.00301,0.00294,0.00299,0.0030478999999999958,0.0029778333333333523,0.003028266666666684
-0.096,0.00503,0.00521,0.00473,0.00458,0.00422,0.00366,0.00359,0.00341,0.00327,0.00307,0.00308,0.00307,0.00299,0.00304,0.003100566666666676,0.003021166666666681,0.003073000000000015
-0.092,0.0051,0.00527,0.00475,0.00463,0.00428,0.00375,0.00366,0.00347,0.00332,0.00312,0.00314,0.00312,0.00304,0.00309,0.003151066666666674,0.003069700000000007,0.0031234333333333467
-0.088,0.00516,0.00533,0.00476,0.00466,0.00433,0.00382,0.00371,0.00352,0.00337,0.00316,0.00319,0.00317,0.00308,0.00314,0.0031971666666666732,0.0031124666666666593,0.0031715000000000107
-0.084,0.00522,0.00537,0.00475,0.00468,0.00436,0.0039,0.00376,0.00356,0.00341,0.0032,0.00323,0.00322,0.00313,0.00319,0.0032350333333333366,0.0031488666666666613,0.0032100000000000136
-0.08,0.00528,0.00541,0.00473,0.00468,0.00439,0.00396,0.0038,0.00361,0.00345,0.00324,0.00328,0.00326,0.00317,0.00324,0.003276966666666675,0.0031892333333333406,0.003257833333333337
-0.076,0.00532,0.00544,0.00468,0.00468,0.0044,0.00402,0.00383,0.00364,0.00349,0.00327,0.00331,0.0033,0.00321,0.00328,0.0033145666666666625,0.0032234333333333474,0.0032950333333333177
-0.072,0.00536,0.00547,0.00461,0.00465,0.0044,0.00406,0.00386,0.00367,0.00351,0.0033,0.00335,0.00334,0.00324,0.00332,0.003349500000000002,0.003250833333333343,0.0033295333333333253
-0.068,0.00539,0.00548,0.0045,0.00461,0.00438,0.0041,0.00387,0.00369,0.00353,0.00331,0.00338,0.00337,0.00327,0.00335,0.0033771999999999934,0.0032777333333333324,0.003356899999999994
-0.064,0.00542,0.00548,0.00434,0.00454,0.00435,0.00413,0.00388,0.00371,0.00354,0.00332,0.0034,0.0034,0.0033,0.00338,0.003399666666666653,0.0033012666666666617,0.0033812666666666793
-0.06,0.00544,0.00547,0.00414,0.00445,0.00429,0.00415,0.00386,0.00371,0.00354,0.00332,0.00342,0.00342,0.00333,0.00341,0.003434533333333322,0.0033442333333333464,0.0034240666666666792
-0.056,0.00546,0.00545,0.00392,0.00434,0.00421,0.00416,0.00383,0.0037,0.00354,0.00332,0.00343,0.00344,0.00335,0.00343,0.0034498999999999992,0.003360399999999993,0.0034411000000000125
-0.052,0.00547,0.00541,0.00371,0.00421,0.00412,0.00416,0.00379,0.00367,0.00352,0.00331,0.00344,0.00345,0.00336,0.00345,0.003458833333333322,0.0033690000000000026,0.0034556666666666577
-0.048,0.00547,0.00536,0.00354,0.00406,0.00401,0.00415,0.00373,0.00364,0.0035,0.0033,0.00344,0.00346,0.00337,0.00346,0.0034626666666666703,0.0033732333333333303,0.0034597666666666732
-0.044,0.00547,0.00529,0.00344,0.0039,0.00389,0.00414,0.00367,0.0036,0.00348,0.00329,0.00343,0.00347,0.00338,0.00346,0.0034686666666666555,0.0033800333333333455,0.003460400000000008
-0.04,0.00547,0.00521,0.0034,0.00374,0.00377,0.00411,0.0036,0.00356,0.00345,0.00328,0.00343,0.00347,0.00339,0.00347,0.003470533333333318,0.00338833333333334,0.0034670666666666576
-0.036,0.00546,0.00511,0.00339,0.00362,0.00368,0.00408,0.00353,0.00352,0.00343,0.00328,0.00342,0.00347,0.00339,0.00347,0.0034688333333333173,0.0033877333333333353,0.00346573333333332
-0.032,0.00546,0.005,0.0034,0.00354,0.00361,0.00403,0.00348,0.00348,0.00341,0.00328,0.00342,0.00347,0.00339,0.00347,0.003469266666666651,0.003390366666666665,0.003467266666666653
-0.028,0.00547,0.00488,0.00342,0.00351,0.00359,0.00397,0.00345,0.00346,0.0034,0.00328,0.00342,0.00347,0.0034,0.00347,0.003469733333333317,0.0033970999999999875,0.003468633333333319
-0.024,0.00547,0.00475,0.00345,0.00352,0.00359,0.0039,0.00345,0.00345,0.0034,0.00329,0.00342,0.00347,0.0034,0.00347,0.003470966666666655,0.0033987666666666573,0.0034691666666666573
-0.02,0.00548,0.00464,0.00347,0.00355,0.00361,0.00384,0.00346,0.00345,0.00341,0.0033,0.00343,0.00348,0.00341,0.00348,0.0034786000000000014,0.0034060000000000067,0.0034762000000000035
-0.016,0.00549,0.00455,0.0035,0.00358,0.00364,0.00379,0.00349,0.00347,0.00342,0.00332,0.00344,0.00349,0.00342,0.00349,0.003486833333333328,0.00341446666666666,0.003484733333333329
-0.012,0.0055,0.00449,0.00353,0.00362,0.00368,0.00376,0.00352,0.00349,0.00344,0.00333,0.00345,0.0035,0.00343,0.0035,0.0034990333333333205,0.003426533333333343,0.0034952999999999872
-0.008,0.00551,0.00446,0.00356,0.00366,0.00371,0.00375,0.00355,0.00352,0.00346,0.00334,0.00346,0.00351,0.00344,0.00351,0.0035049666666666654,0.003431200000000002,0.003499566666666667
-0.004,0.00552,0.00445,0.0036,0.00369,0.00374,0.00377,0.00358,0.00355,0.00348,0.00336,0.00348,0.00352,0.00345,0.00352,0.0035172999999999914,0.003446133333333318,0.0035141666666666576
0.0,0.00552,0.00445,0.00364,0.00373,0.00378,0.0038,0.00361,0.00358,0.0035,0.00338,0.00349,0.00353,0.00347,0.00353,0.00352783333333334,0.003461033333333321,0.00352226666666667
0.004,0.00552,0.00446,0.00367,0.00376,0.0038,0.00383,0.00364,0.0036,0.00353,0.00339,0.00351,0.00355,0.00348,0.00354,0.003545400000000017,0.0034744333333333387,0.003534066666666665
0.008,0.00551,0.00447,0.00371,0.0038,0.00383,0.00387,0.00367,0.00363,0.00355,0.00341,0.00352,0.00356,0.00349,0.00355,0.0035590333333333406,0.003486599999999994,0.003545800000000012
0.012,0.00551,0.00449,0.00374,0.00383,0.00386,0.0039,0.00369,0.00366,0.00357,0.00342,0.00354,0.00357,0.0035,0.00356,0.003569799999999995,0.003497533333333319,0.0035572666666666706
0.016,0.00552,0.00452,0.00377,0.00386,0.00388,0.00393,0.00372,0.00368,0.00359,0.00344,0.00355,0.00358,0.00351,0.00357,0.0035800666666666696,0.003505966666666665,0.003566533333333328
0.02,0.00553,0.00456,0.0038,0.00388,0.0039,0.00396,0.00375,0.0037,0.00361,0.00345,0.00356,0.00359,0.00351,0.00358,0.0035896999999999943,0.003509866666666667,0.0035757000000000085
0.024,0.00552,0.0046,0.00382,0.00391,0.00392,0.00399,0.00377,0.00373,0.00363,0.00347,0.00357,0.0036,0.00352,0.00358,0.0036001000000000106,0.0035172999999999945,0.003577566666666677
0.028,0.00552,0.00463,0.00384,0.00393,0.00394,0.00402,0.0038,0.00375,0.00364,0.00348,0.00358,0.00361,0.00353,0.00359,0.003609599999999999,0.0035262666666666716,0.003585599999999991
0.032,0.00549,0.00466,0.00385,0.00395,0.00395,0.00404,0.00382,0.00377,0.00366,0.00349,0.00359,0.00362,0.00353,0.00359,0.0036184999999999867,0.003528966666666675,0.0035881333333333248
0.036,0.00546,0.00469,0.00386,0.00396,0.00396,0.00405,0.00383,0.00378,0.00367,0.00351,0.0036,0.00363,0.00354,0.0036,0.0036289000000000104,0.0035373333333333324,0.003596566666666683
0.04,0.00543,0.00471,0.00387,0.00397,0.00397,0.00407,0.00385,0.00379,0.00368,0.00351,0.00361,0.00363,0.00354,0.0036,0.0036320666666666748,0.0035394666666666626,0.0035986333333333526
0.044,0.0054,0.00471,0.00386,0.00397,0.00397,0.00408,0.00386,0.0038,0.00368,0.00352,0.00361,0.00364,0.00354,0.0036,0.0036382333333333287,0.0035394666666666635,0.0035972666666666806
0.048,0.00538,0.00471,0.00386,0.00397,0.00397,0.00408,0.00386,0.00381,0.00368,0.00352,0.00361,0.00364,0.00354,0.00359,0.0036379666666666627,0.0035389666666666643,0.003592666666666664
0.052,0.00535,0.0047,0.00384,0.00396,0.00397,0.00408,0.00386,0.00381,0.00368,0.00352,0.00361,0.00363,0.00353,0.00359,0.0036316666666666776,0.0035321666666666756,0.0035894333333333257
0.056,0.00532,0.00469,0.00382,0.00394,0.00396,0.00407,0.00385,0.00381,0.00368,0.00352,0.00361,0.00363,0.00353,0.00358,0.003628766666666676,0.003529900000000008,0.0035828666666666707
0.06,0.0053,0.00468,0.00379,0.00392,0.00394,0.00406,0.00384,0.0038,0.00366,0.00351,0.0036,0.00362,0.00352,0.00357,0.0036211666666666562,0.0035229333333333277,0.0035750999999999956
0.064,0.00527,0.00467,0.00375,0.00389,0.00391,0.00404,0.00382,0.00378,0.00365,0.0035,0.00359,0.00361,0.0035,0.00356,0.0036077999999999913,0.0035033999999999855,0.003561766666666669
0.068,0.00525,0.00464,0.0037,0.00386,0.00388,0.00401,0.0038,0.00376,0.00363,0.00348,0.00358,0.00359,0.00349,0.00354,0.0035933333333333247,0.0034951333333333254,0.003548366666666664
0.072,0.00524,0.00461,0.00364,0.00381,0.00384,0.00397,0.00376,0.00372,0.0036,0.00345,0.00356,0.00357,0.00347,0.00352,0.003572899999999996,0.00347819999999999,0.003530599999999992
0.076,0.00523,0.00458,0.00358,0.00376,0.00379,0.00393,0.00372,0.00369,0.00356,0.00342,0.00353,0.00355,0.00345,0.0035,0.0035529666666666783,0.0034591666666666516,0.003511433333333322
0.08,0.00522,0.00453,0.0035,0.00369,0.00374,0.00388,0.00367,0.00364,0.00352,0.00338,0.0035,0.00352,0.00342,0.00347,0.003526599999999997,0.003432766666666655,0.003485466666666655
0.084,0.00521,0.00447,0.00341,0.00362,0.00367,0.00381,0.00361,0.00358,0.00347,0.00334,0.00346,0.00349,0.00339,0.00344,0.0034933666666666597,0.0033995666666666677,0.003454166666666667
0.088,0.00521,0.0044,0.00331,0.00353,0.0036,0.00374,0.00354,0.00352,0.00341,0.00329,0.00342,0.00345,0.00335,0.00341,0.003457299999999983,0.0033638666666666573,0.003426766666666674
0.092,0.00521,0.00432,0.0032,0.00344,0.00351,0.00366,0.00347,0.00345,0.00334,0.00324,0.00337,0.00341,0.00331,0.00337,0.0033918333333333443,0.003299900000000007,0.003359233333333334
0.096,0.00521,0.00422,0.00309,0.00334,0.00342,0.00357,0.00338,0.00337,0.00327,0.00318,0.00332,0.00336,0.00327,0.00333,0.003355200000000007,0.003278633333333332,0.0033335000000000187
0.1,0.00519,0.00412,0.00297,0.00323,0.00332,0.00347,0.00329,0.00329,0.0032,0.00311,0.00327,0.00331,0.00323,0.00329,0.0033041666666666766,0.003240066666666654,0.0032931333333333433
0.104,0.00517,0.00401,0.00284,0.00311,0.00322,0.00337,0.00319,0.0032,0.00311,0.00305,0.0032,0.00326,0.00318,0.00324,0.0032440666666666788,0.0031833333333333197,0.003236933333333346
0.108,0.00515,0.00389,0.00271,0.00298,0.0031,0.00325,0.00309,0.0031,0.00303,0.00298,0.00314,0.0032,0.00312,0.00319,0.0031896999999999954,0.0031309666666666704,0.0031907333333333486
0.112,0.00514,0.00377,0.00257,0.00285,0.00298,0.00313,0.00298,0.003,0.00294,0.00291,0.00308,0.00314,0.00307,0.00314,0.0031300000000000095,0.0030820333333333397,0.003141700000000008
0.116,0.00512,0.00364,0.00244,0.00272,0.00286,0.00301,0.00287,0.0029,0.00285,0.00284,0.00301,0.00307,0.00302,0.00309,0.0030641666666666764,0.0030283000000000094,0.003089066666666676
0.12,0.00511,0.00351,0.0023,0.00259,0.00274,0.00288,0.00276,0.0028,0.00276,0.00277,0.00294,0.00301,0.00296,0.00303,0.0029978999999999943,0.002967933333333323,0.0030255999999999924
0.124,0.00509,0.00337,0.00218,0.00245,0.00262,0.00275,0.00265,0.00269,0.00267,0.0027,0.00287,0.00295,0.0029,0.00298,0.002932833333333341,0.0029043333333333373,0.002968099999999995
0.128,0.00508,0.00324,0.00205,0.00233,0.0025,0.00262,0.00254,0.00259,0.00258,0.00263,0.00281,0.00288,0.00285,0.00292,0.0028616666666666664,0.002844533333333338,0.0029044000000000058
0.132,0.00507,0.00311,0.00194,0.0022,0.00239,0.0025,0.00243,0.00249,0.0025,0.00256,0.00274,0.00282,0.00279,0.00287,0.0027987333333333413,0.002784066666666655,0.0028493333333333387
0.136,0.00507,0.00298,0.00183,0.00209,0.00228,0.00238,0.00233,0.00239,0.00241,0.0025,0.00268,0.00276,0.00274,0.00281,0.0027399999999999955,0.0027339333333333284,0.0027928999999999927
0.14,0.00506,0.00286,0.00174,0.00198,0.00218,0.00227,0.00224,0.0023,0.00233,0.00244,0.00262,0.0027,0.00269,0.00276,0.0026795666666666745,0.0026769666666666622,0.002739166666666659
0.144,0.00506,0.00275,0.00165,0.00188,0.00208,0.00216,0.00215,0.00222,0.00226,0.00238,0.00256,0.00265,0.00264,0.00271,0.002624966666666673,0.0026250666666666543,0.002686099999999995
0.148,0.00505,0.00264,0.00157,0.00179,0.00199,0.00206,0.00206,0.00214,0.00219,0.00233,0.0025,0.00259,0.00259,0.00266,0.0025686333333333287,0.0025749999999999927,0.002638666666666665
0.152,0.00505,0.00253,0.00149,0.0017,0.00191,0.00197,0.00198,0.00206,0.00212,0.00228,0.00245,0.00253,0.00254,0.00261,0.0025167000000000037,0.002530633333333326,0.0025937000000000004
0.156,0.00504,0.00243,0.00143,0.00163,0.00184,0.00189,0.00191,0.00199,0.00206,0.00223,0.0024,0.00248,0.00249,0.00257,0.0024656666666666724,0.0024805666666666616,0.002550266666666661
0.16,0.00503,0.00234,0.00137,0.00156,0.00177,0.00181,0.00185,0.00193,0.00201,0.00219,0.00235,0.00244,0.00245,0.00253,0.0024226666666666663,0.0024384999999999928,0.0025076666666666693
0.164,0.00502,0.00225,0.00132,0.0015,0.00171,0.00175,0.00179,0.00187,0.00195,0.00215,0.00231,0.00239,0.00241,0.00249,0.0023740666666666674,0.0023953666666666745,0.0024669666666666612
0.168,0.00501,0.00216,0.00127,0.00145,0.00166,0.00168,0.00173,0.00182,0.00191,0.00211,0.00227,0.00235,0.00237,0.00245,0.002333799999999998,0.0023584666666666624,0.0024296666666666624
0.172,0.005,0.00208,0.00123,0.0014,0.00161,0.00163,0.00169,0.00177,0.00186,0.00208,0.00223,0.00231,0.00234,0.00241,0.002293766666666668,0.002326466666666672,0.0023921000000000116
0.176,0.00498,0.002,0.00119,0.00136,0.00157,0.00158,0.00164,0.00173,0.00182,0.00204,0.00219,0.00227,0.00231,0.00238,0.0022573000000000003,0.0022946000000000012,0.0023599333333333404
0.18,0.00496,0.00193,0.00116,0.00132,0.00153,0.00154,0.0016,0.00169,0.00179,0.00201,0.00216,0.00224,0.00227,0.00234,0.0022260666666666738,0.0022590666666666617,0.0023226333333333372
0.184,0.00494,0.00185,0.00113,0.00128,0.00149,0.0015,0.00157,0.00165,0.00175,0.00198,0.00212,0.00221,0.00225,0.00231,0.0021948000000000015,0.0022340666666666566,0.0022924666666666654
0.188,0.00491,0.00178,0.0011,0.00125,0.00146,0.00146,0.00153,0.00162,0.00172,0.00195,0.00209,0.00218,0.00222,0.00228,0.0021627333333333293,0.0022030333333333376,0.002262399999999989
0.192,0.00489,0.00171,0.00108,0.00123,0.00143,0.00143,0.0015,0.00159,0.0017,0.00193,0.00206,0.00215,0.00219,0.00225,0.0021391999999999956,0.002180133333333343,0.00223943333333332
0.196,0.00485,0.00164,0.00106,0.0012,0.00141,0.0014,0.00148,0.00157,0.00167,0.0019,0.00204,0.00212,0.00217,0.00223,0.0021129333333333358,0.0021587666666666697,0.0022178333333333256
0.2,0.00482,0.00158,0.00104,0.00118,0.00138,0.00138,0.00145,0.00154,0.00165,0.00188,0.00201,0.0021,0.00214,0.0022,0.002089466666666664,0.0021316666666666663,0.002190933333333324
0.204,0.00478,0.00151,0.00102,0.00116,0.00136,0.00135,0.00143,0.00152,0.00163,0.00186,0.00199,0.00207,0.00212,0.00218,0.0020602666666666714,0.0021072333333333384,0.0021668999999999946
0.208,0.00473,0.00145,0.00101,0.00114,0.00134,0.00133,0.00141,0.0015,0.0016,0.00184,0.00196,0.00205,0.00209,0.00215,0.0020375333333333347,0.0020805666666666688,0.002140166666666663
0.212,0.00468,0.00139,0.0009935,0.00112,0.00133,0.00131,0.00139,0.00148,0.00159,0.00182,0.00194,0.00202,0.00207,0.00213,0.002012666666666674,0.002061566666666671,0.0021215999999999995
0.216,0.00462,0.00134,0.0009809,0.00111,0.00131,0.0013,0.00138,0.00146,0.00157,0.0018,0.00192,0.002,0.00205,0.00211,0.0019909000000000007,0.0020404999999999967,0.002100599999999997
0.22,0.00456,0.00128,0.0009694,0.0011,0.0013,0.00128,0.00136,0.00145,0.00155,0.00178,0.0019,0.00198,0.00203,0.00209,0.0019724666666666624,0.0020219999999999934,0.0020818000000000013
0.224,0.00449,0.00123,0.0009588,0.00108,0.00128,0.00127,0.00135,0.00143,0.00154,0.00176,0.00188,0.00196,0.00201,0.00207,0.001952666666666668,0.0020020000000000016,0.0020616333333333364
0.228,0.00442,0.00118,0.0009492,0.00107,0.00127,0.00125,0.00133,0.00142,0.00152,0.00175,0.00186,0.00194,0.00199,0.00205,0.001933033333333336,0.001982466666666672,0.002042399999999996
0.232,0.00434,0.00114,0.0009401,0.00106,0.00126,0.00124,0.00132,0.0014,0.00151,0.00173,0.00185,0.00192,0.00197,0.00203,0.001916933333333332,0.001966133333333344,0.0020262333333333246
0.236,0.00425,0.0011,0.0009318,0.00105,0.00125,0.00123,0.00131,0.00139,0.0015,0.00171,0.00183,0.0019,0.00195,0.00201,0.0018962000000000057,0.0019436666666666684,0.0020040333333333333
0.24,0.00415,0.00106,0.0009241,0.00104,0.00124,0.00122,0.0013,0.00138,0.00148,0.0017,0.00181,0.00189,0.00193,0.00199,0.0018843333333333333,0.0019264333333333273,0.001986433333333336
0.244,0.00405,0.00103,0.0009168,0.00104,0.00123,0.00121,0.00129,0.00137,0.00147,0.00168,0.00179,0.00187,0.00191,0.00197,0.0018630000000000003,0.0019058666666666698,0.0019645333333333436
0.248,0.00393,0.0009993,0.0009101,0.00103,0.00122,0.0012,0.00128,0.00136,0.00146,0.00167,0.00178,0.00185,0.0019,0.00195,0.0018496333333333371,0.0018975666666666724,0.0019518000000000057
0.252,0.00381,0.000972,0.0009037,0.00102,0.00121,0.00119,0.00127,0.00135,0.00145,0.00166,0.00176,0.00183,0.00188,0.00194,0.0018254666666666656,0.0018725666666666615,0.0019322333333333366
0.256,0.00368,0.0009474,0.0008978,0.00101,0.0012,0.00118,0.00126,0.00134,0.00144,0.00164,0.00175,0.00182,0.00186,0.00192,0.0018198666666666649,0.0018629666666666578,0.001922533333333333
0.26,0.00354,0.0009252,0.0008923,0.00101,0.0012,0.00117,0.00125,0.00133,0.00143,0.00163,0.00173,0.0018,0.00185,0.0019,0.001796733333333341,0.001843400000000004,0.001898433333333338
0.264,0.0034,0.0009052,0.0008872,0.001,0.00119,0.00117,0.00124,0.00132,0.00142,0.00162,0.00172,0.00179,0.00183,0.00189,0.001786466666666671,0.0018287333333333329,0.001887366666666664
0.268,0.00324,0.0008875,0.0008823,0.0009952,0.00118,0.00116,0.00123,0.00131,0.00141,0.0016,0.0017,0.00177,0.00182,0.00187,0.001765799999999997,0.0018130666666666664,0.001867033333333328
0.272,0.00308,0.0008713,0.0008776,0.0009897,0.00118,0.00115,0.00123,0.0013,0.0014,0.00159,0.00169,0.00176,0.0018,0.00186,0.001757366666666662,0.0018001000000000078,0.0018583666666666565
0.276,0.00292,0.0008569,0.0008731,0.0009844,0.00117,0.00115,0.00122,0.0013,0.0014,0.00158,0.00168,0.00174,0.00179,0.00184,0.001736733333333338,0.0017836000000000037,0.0018384333333333314
0.28,0.00275,0.0008442,0.0008688,0.0009791,0.00116,0.00114,0.00121,0.00129,0.00139,0.00156,0.00166,0.00173,0.00177,0.00183,0.0017268333333333385,0.0017676999999999988,0.001826833333333332
0.284,0.00259,0.0008327,0.0008648,0.0009742,0.00116,0.00113,0.00121,0.00128,0.00138,0.00155,0.00165,0.00172,0.00176,0.00181,0.001714399999999999,0.0017550999999999973,0.0018091333333333296
0.288,0.00242,0.0008226,0.000861,0.0009695,0.00115,0.00113,0.0012,0.00127,0.00137,0.00154,0.00164,0.0017,0.00174,0.0018,0.0017041999999999947,0.0017451000000000027,0.0018042333333333379
0.292,0.00226,0.0008137,0.0008574,0.0009652,0.00115,0.00112,0.00119,0.00127,0.00136,0.00153,0.00162,0.00169,0.00173,0.00179,0.0016857000000000063,0.001726133333333337,0.0017838333333333363
0.296,0.0021,0.0008055,0.0008538,0.0009609,0.00114,0.00112,0.00119,0.00126,0.00136,0.00152,0.00161,0.00168,0.00172,0.00177,0.0016769333333333373,0.001717799999999999,0.0017717666666666654
0.3,0.00195,0.0007984,0.0008505,0.0009569,0.00114,0.00111,0.00118,0.00125,0.00135,0.00151,0.0016,0.00167,0.00171,0.00176,0.0016647333333333354,0.0017053666666666629,0.0017585666666666618
0.304,0.0018,0.0007918,0.0008472,0.0009529,0.00114,0.00111,0.00118,0.00125,0.00134,0.0015,0.00159,0.00165,0.00169,0.00175,0.001648699999999996,0.0016890333333333403,0.0017490333333333274
0.308,0.00167,0.0007858,0.0008442,0.0009492,0.00113,0.0011,0.00117,0.00124,0.00134,0.00149,0.00158,0.00164,0.00168,0.00174,0.0016393333333333253,0.0016797666666666714,0.0017401666666666696
0.312,0.00155,0.0007803,0.0008412,0.0009454,0.00113,0.0011,0.00117,0.00124,0.00133,0.00148,0.00157,0.00163,0.00167,0.00173,0.0016282333333333399,0.0016685333333333356,0.001728900000000004
0.316,0.00144,0.0007755,0.0008384,0.0009418,0.00112,0.0011,0.00116,0.00123,0.00132,0.00147,0.00155,0.00162,0.00166,0.00171,0.0016143333333333378,0.0016547333333333297,0.001706499999999995
0.32,0.00135,0.000771,0.0008357,0.0009384,0.00112,0.00109,0.00116,0.00123,0.00132,0.00146,0.00154,0.00161,0.00165,0.0017,0.0016018999999999986,0.001641999999999995,0.0016915999999999954
0.324,0.00126,0.000767,0.0008331,0.0009352,0.00111,0.00109,0.00115,0.00122,0.00131,0.00145,0.00153,0.0016,0.00164,0.00169,0.001593599999999995,0.0016337333333333287,0.0016834000000000083
0.328,0.00119,0.0007631,0.0008306,0.0009321,0.00111,0.00108,0.00115,0.00122,0.00131,0.00144,0.00152,0.00159,0.00163,0.00168,0.001586266666666664,0.001626600000000006,0.001677200000000005
0.332,0.00113,0.0007594,0.0008282,0.0009292,0.00111,0.00108,0.00114,0.00121,0.0013,0.00144,0.00151,0.00158,0.00162,0.00167,0.0015771333333333421,0.0016177666666666718,0.0016685666666666692
0.336,0.00108,0.000756,0.0008259,0.0009264,0.0011,0.00108,0.00114,0.00121,0.0013,0.00143,0.0015,0.00157,0.00161,0.00166,0.0015659333333333367,0.0016063999999999983,0.0016570999999999956
0.34,0.00103,0.0007531,0.0008237,0.0009235,0.0011,0.00107,0.00113,0.0012,0.00129,0.00142,0.0015,0.00156,0.0016,0.00165,0.0015587000000000031,0.0015994333333333277,0.0016505666666666618
0.344,0.0009936,0.0007505,0.0008217,0.0009209,0.0011,0.00107,0.00113,0.0012,0.00129,0.00141,0.00149,0.00155,0.00159,0.00164,0.0015469333333333302,0.0015878666666666623,0.001639833333333326
0.348,0.0009602,0.0007482,0.0008198,0.0009184,0.0011,0.00107,0.00113,0.00119,0.00128,0.0014,0.00148,0.00154,0.00158,0.00163,0.0015368333333333297,0.0015769000000000091,0.0016298333333333384
0.352,0.0009314,0.000746,0.0008179,0.000916,0.00109,0.00106,0.00112,0.00119,0.00128,0.0014,0.00147,0.00153,0.00157,0.00162,0.0015267333333333277,0.0015667333333333382,0.0016196333333333395
0.356,0.0009063,0.000744,0.0008162,0.0009138,0.00109,0.00106,0.00112,0.00118,0.00127,0.00139,0.00146,0.00152,0.00156,0.00162,0.001516733333333339,0.0015567333333333358,0.0016152000000000041
0.36,0.0008844,0.0007423,0.0008146,0.0009116,0.00109,0.00106,0.00112,0.00118,0.00127,0.00138,0.00145,0.00151,0.00155,0.00161,0.0015086000000000069,0.0015485999999999968,0.0016052999999999983
0.364,0.0008652,0.0007406,0.0008131,0.0009094,0.00108,0.00106,0.00111,0.00118,0.00126,0.00138,0.00145,0.00151,0.00155,0.0016,0.00150823333333334,0.00154823333333333,0.0016009666666666623
0.368,0.0008487,0.000739,0.0008117,0.0009074,0.00108,0.00106,0.00111,0.00117,0.00126,0.00137,0.00144,0.0015,0.00154,0.00159,0.0014973277777777783,0.0015373277777777734,0.001589033333333329
0.372,0.000834,0.0007375,0.0008102,0.0009055,0.00108,0.00105,0.00111,0.00117,0.00125,0.00136,0.00143,0.00149,0.00153,0.00158,0.001486699999999995,0.001526699999999994,0.0015790666666666777
0.376,0.0008212,0.000736,0.0008088,0.0009036,0.00108,0.00105,0.0011,0.00117,0.00125,0.00136,0.00142,0.00148,0.00152,0.00158,0.0014788561111111064,0.0015188561111111173,0.0015758000000000091
0.38,0.0008098,0.0007347,0.0008076,0.0009017,0.00108,0.00105,0.0011,0.00116,0.00125,0.00135,0.00142,0.00148,0.00152,0.00157,0.0014787561111111063,0.001518756111111117,0.0015713333333333393
0.384,0.0007999,0.0007335,0.0008063,0.0008998,0.00107,0.00105,0.0011,0.00116,0.00124,0.00135,0.00141,0.00147,0.00151,0.00156,0.0014664333333333419,0.0015063666666666718,0.0015591000000000042
0.388,0.0007912,0.0007324,0.000805,0.0008981,0.00107,0.00104,0.0011,0.00116,0.00124,0.00134,0.00141,0.00146,0.0015,0.00156,0.0014618333333333395,0.001501766666666669,0.0015588333333333374
0.392,0.0007835,0.0007313,0.0008037,0.0008963,0.00107,0.00104,0.00109,0.00116,0.00123,0.00134,0.0014,0.00146,0.0015,0.00155,0.0014559333333333381,0.0014959333333333315,0.0015484333333333294
0.396,0.0007767,0.0007303,0.0008024,0.0008947,0.00107,0.00104,0.00109,0.00115,0.00123,0.00133,0.0014,0.00145,0.00149,0.00155,0.0014517666666666713,0.0014917666666666623,0.0015480666666666627
0.4,0.0007707,0.0007294,0.0008013,0.0008928,0.00106,0.00104,0.00109,0.00115,0.00123,0.00133,0.00139,0.00145,0.00149,0.00154,0.0014460333333333358,0.0014860333333333287,0.0015366333333333283
0.404,0.000765,0.0007284,0.0008002,0.000891,0.00106,0.00104,0.00109,0.00115,0.00122,0.00132,0.00139,0.00144,0.00148,0.00153,0.0014417666666666652,0.0014817666666666618,0.0015323666666666588
0.408,0.0007598,0.0007275,0.000799,0.0008891,0.00106,0.00103,0.00108,0.00114,0.00122,0.00132,0.00138,0.00144,0.00148,0.00153,0.0014360666666666617,0.0014760666666666664,0.0015287666666666585
0.412,0.000755,0.0007269,0.0007981,0.0008872,0.00106,0.00103,0.00108,0.00114,0.00122,0.00131,0.00138,0.00143,0.00147,0.00153,0.0014319333333333254,0.001471933333333341,0.0015287666666666587
0.416,0.0007509,0.0007262,0.000797,0.0008853,0.00106,0.00103,0.00108,0.00114,0.00121,0.00131,0.00137,0.00143,0.00147,0.00152,0.0014265333333333243,0.0014666333333333424,0.0015188666666666735
0.42,0.0007468,0.0007257,0.000796,0.0008835,0.00105,0.00103,0.00107,0.00114,0.00121,0.0013,0.00137,0.00142,0.00146,0.00152,0.0014217333333333252,0.0014618666666666726,0.0015186333333333404
0.424,0.0007431,0.0007252,0.000795,0.0008817,0.00105,0.00102,0.00107,0.00113,0.00121,0.0013,0.00136,0.00142,0.00146,0.00151,0.0014169333333333308,0.0014587333333333377,0.0015090666666666736
0.428,0.0007399,0.0007246,0.0007942,0.0008801,0.00105,0.00102,0.00107,0.00113,0.0012,0.00129,0.00136,0.00141,0.00146,0.00151,0.0014125666666666705,0.0014587333333333377,0.001509000000000007
0.432,0.0007369,0.0007243,0.0007934,0.0008786,0.00105,0.00102,0.00107,0.00113,0.0012,0.00129,0.00135,0.00141,0.00145,0.0015,0.001406266666666674,0.001448566666666671,0.0014985666666666668
0.436,0.0007343,0.0007239,0.0007928,0.0008771,0.00104,0.00101,0.00106,0.00112,0.0012,0.00128,0.00135,0.0014,0.00145,0.0015,0.001402033333333341,0.0014486333333333377,0.0014986333333333335
0.44,0.0007322,0.0007237,0.0007921,0.0008755,0.00104,0.00101,0.00106,0.00112,0.00119,0.00128,0.00134,0.0014,0.00144,0.00149,0.0013958666666666726,0.0014380666666666633,0.0014880999999999948
0.444,0.0007299,0.0007235,0.0007915,0.0008737,0.00104,0.00101,0.00106,0.00112,0.00119,0.00127,0.00134,0.00139,0.00144,0.00149,0.0013918000000000031,0.0014380333333333297,0.001488066666666661
0.448,0.0007279,0.0007233,0.000791,0.0008721,0.00104,0.00101,0.00106,0.00111,0.00119,0.00127,0.00133,0.00139,0.00143,0.00148,0.0013860999999999997,0.001427699999999992,0.001477933333333329
0.452,0.0007264,0.0007232,0.0007906,0.0008707,0.00104,0.001,0.00105,0.00111,0.00118,0.00126,0.00133,0.00138,0.00143,0.00148,0.0013817333333333303,0.001427399999999992,0.0014776333333333296
0.456,0.0007245,0.000723,0.0007902,0.0008693,0.00103,0.001,0.00105,0.00111,0.00118,0.00126,0.00132,0.00138,0.00142,0.00147,0.0013764333333333293,0.0014166333333333306,0.0014683000000000094
0.46,0.000723,0.000723,0.0007898,0.0008683,0.00103,0.001,0.00105,0.00111,0.00118,0.00125,0.00131,0.00137,0.00141,0.00147,0.0013691999999999962,0.0014091666666666738,0.001466100000000009
0.464,0.0007216,0.000723,0.0007895,0.0008674,0.00103,0.000998,0.00105,0.0011,0.00117,0.00125,0.00131,0.00137,0.00141,0.00146,0.001368766666666663,0.0014087333333333407,0.0014615333333333391
0.468,0.0007203,0.0007231,0.0007892,0.0008664,0.00103,0.000996,0.00104,0.0011,0.00117,0.00124,0.0013,0.00136,0.0014,0.00146,0.0013577333333333404,0.00139803333333334,0.0014543666666666706
0.472,0.0007193,0.0007234,0.0007891,0.0008655,0.00103,0.0009941,0.00104,0.0011,0.00117,0.00124,0.0013,0.00136,0.0014,0.00145,0.0013577000000000068,0.0013979333333333404,0.0014502666666666715
0.476,0.0007186,0.0007238,0.000789,0.0008646,0.00103,0.0009922,0.00104,0.0011,0.00116,0.00123,0.00129,0.00135,0.00139,0.00145,0.0013490333333333372,0.0013890333333333347,0.0014458333333333352
0.48,0.0007178,0.000724,0.0007889,0.0008637,0.00103,0.0009906,0.00104,0.00109,0.00116,0.00123,0.00129,0.00135,0.00139,0.00144,0.0013479666666666712,0.0013879666666666674,0.0014409666666666647
0.484,0.0007172,0.0007243,0.0007888,0.000863,0.00102,0.000989,0.00104,0.00109,0.00115,0.00123,0.00128,0.00134,0.00138,0.00144,0.0013404333333333373,0.0013803999999999965,0.0014368999999999955
0.488,0.0007168,0.0007245,0.000789,0.0008624,0.00102,0.0009877,0.00103,0.00109,0.00115,0.00122,0.00128,0.00134,0.00138,0.00143,0.0013390000000000032,0.001378966666666663,0.0014318666666666595
0.492,0.0007165,0.0007249,0.0007891,0.0008621,0.00102,0.0009864,0.00103,0.00109,0.00115,0.00122,0.00127,0.00133,0.00137,0.00143,0.0013331999999999999,0.0013730666666666627,0.0014289666666666583
0.496,0.0007162,0.0007254,0.0007892,0.0008616,0.00102,0.0009853,0.00103,0.00109,0.00114,0.00121,0.00127,0.00133,0.00137,0.00142,0.0013298333333333313,0.0013697333333333296,0.0014221999999999926
0.5,0.0007158,0.0007259,0.0007894,0.0008613,0.00102,0.0009842,0.00103,0.00108,0.00114,0.00121,0.00127,0.00132,0.00136,0.00142,0.0013234333333333277,0.0013635000000000042,0.0014191666666666606
0.504,0.0007155,0.0007264,0.0007896,0.000861,0.00102,0.0009834,0.00103,0.00108,0.00114,0.00121,0.00126,0.00132,0.00136,0.00141,0.0013161333333333266,0.0013561333333333386,0.0014087000000000064
0.508,0.000715,0.000727,0.0007898,0.0008607,0.00102,0.0009826,0.00103,0.00108,0.00114,0.0012,0.00126,0.00131,0.00135,0.00141,0.0013115666666666608,0.0013516000000000036,0.0014094333333333404
0.512,0.0007146,0.0007275,0.0007901,0.0008605,0.00102,0.0009818,0.00103,0.00108,0.00114,0.0012,0.00125,0.00131,0.00135,0.00141,0.0013085666666666628,0.0013485666666666711,0.001406766666666674
0.516,0.0007145,0.0007281,0.0007905,0.0008603,0.00102,0.0009811,0.00103,0.00108,0.00113,0.0012,0.00125,0.00131,0.00135,0.0014,0.0013074999999999972,0.0013475000000000039,0.0014014333333333406
0.52,0.0007146,0.0007287,0.0007907,0.00086,0.00102,0.0009804,0.00102,0.00108,0.00113,0.00119,0.00125,0.0013,0.00134,0.0014,0.001301400000000005,0.0013414000000000043,0.0014001333333333412
0.524,0.0007149,0.0007292,0.000791,0.0008599,0.00102,0.0009799,0.00102,0.00108,0.00113,0.00119,0.00124,0.0013,0.00134,0.0014,0.0012992333333333398,0.0013392333333333375,0.001397900000000007
0.528,0.0007154,0.0007299,0.0007914,0.00086,0.00102,0.0009794,0.00102,0.00107,0.00113,0.00119,0.00124,0.0013,0.00134,0.00139,0.0012976666666666737,0.0013376666666666695,0.0013911666666666699
0.532,0.0007154,0.0007305,0.0007919,0.00086,0.00102,0.0009789,0.00102,0.00107,0.00113,0.00118,0.00124,0.00129,0.00133,0.00139,0.001291266666666675,0.0013312666666666657,0.0013894666666666687
0.536,0.0007154,0.0007313,0.0007923,0.0008599,0.00102,0.0009786,0.00102,0.00107,0.00112,0.00118,0.00124,0.00129,0.00133,0.00139,0.0012907333333333421,0.0013307333333333318,0.0013890000000000016
0.54,0.0007156,0.0007321,0.0007927,0.0008599,0.00102,0.0009782,0.00102,0.00107,0.00112,0.00118,0.00123,0.00129,0.00133,0.00138,0.0012889000000000082,0.0013288666666666645,0.0013800999999999959
0.544,0.0007159,0.0007328,0.0007932,0.0008599,0.00102,0.0009779,0.00102,0.00107,0.00112,0.00118,0.00123,0.00129,0.00133,0.00138,0.0012882333333333411,0.0013281999999999973,0.0013795666666666622
0.548,0.000717,0.0007336,0.0007937,0.00086,0.00102,0.0009774,0.00102,0.00107,0.00112,0.00118,0.00123,0.00128,0.00132,0.00138,0.0012820000000000043,0.0013219666666666602,0.0013786999999999957
0.552,0.000718,0.0007345,0.0007944,0.00086,0.00102,0.000977,0.00102,0.00107,0.00112,0.00117,0.00122,0.00128,0.00132,0.00137,0.001279633333333336,0.0013191333333333261,0.0013704666666666627
0.556,0.0007188,0.0007353,0.0007948,0.0008601,0.00102,0.0009767,0.00102,0.00107,0.00112,0.00117,0.00122,0.00128,0.00132,0.00137,0.001279433333333336,0.0013177666666666598,0.0013698666666666626
0.56,0.0007195,0.0007363,0.0007952,0.0008601,0.00101,0.0009764,0.00102,0.00107,0.00112,0.00117,0.00122,0.00128,0.00131,0.00137,0.0012774333333333344,0.0013114666666666612,0.0013695999999999964
0.564,0.00072,0.0007373,0.0007958,0.0008603,0.00101,0.0009761,0.00102,0.00107,0.00112,0.00117,0.00122,0.00127,0.00131,0.00137,0.0012723666666666633,0.001310366666666661,0.0013689666666666636
0.568,0.0007205,0.0007381,0.0007965,0.0008605,0.00101,0.0009758,0.00102,0.00107,0.00112,0.00116,0.00121,0.00127,0.00131,0.00136,0.001268966666666662,0.0013088999999999944,0.0013602333333333427
0.572,0.0007213,0.0007391,0.0007971,0.0008607,0.00101,0.0009755,0.00102,0.00107,0.00111,0.00116,0.00121,0.00127,0.00131,0.00136,0.001268033333333329,0.001308033333333329,0.0013598333333333435
0.576,0.0007222,0.0007401,0.0007979,0.0008609,0.00101,0.0009752,0.00102,0.00106,0.00111,0.00116,0.00121,0.00126,0.0013,0.00136,0.0012616333333333304,0.0013016333333333379,0.0013596333333333428
0.58,0.0007232,0.0007412,0.0007985,0.000861,0.00101,0.0009751,0.00101,0.00106,0.00111,0.00116,0.00121,0.00126,0.0013,0.00136,0.001260399999999997,0.0013004000000000062,0.0013589333333333413
0.584,0.0007245,0.0007423,0.0007991,0.0008611,0.00101,0.0009749,0.00101,0.00106,0.00111,0.00115,0.0012,0.00126,0.0013,0.00135,0.0012589999999999969,0.0012989000000000063,0.0013505333333333374
0.588,0.0007255,0.0007436,0.0007998,0.0008615,0.00101,0.0009748,0.00101,0.00106,0.00111,0.00115,0.0012,0.00126,0.0013,0.00135,0.0012580333333333299,0.00129793333333334,0.0013499666666666708
0.592,0.0007271,0.0007448,0.0008005,0.0008617,0.00101,0.0009745,0.00101,0.00106,0.00111,0.00115,0.0012,0.00125,0.00129,0.00135,0.0012514333333333261,0.0012913333333333418,0.001349800000000004
0.596,0.000728,0.0007457,0.0008012,0.000862,0.00101,0.0009743,0.00101,0.00106,0.00111,0.00115,0.0012,0.00125,0.00129,0.00135,0.0012503333333333255,0.0012901666666666753,0.001348600000000004
0.6,0.0007294,0.0007465,0.0008019,0.0008622,0.00101,0.0009741,0.00101,0.00106,0.00111,0.00114,0.00119,0.00125,0.00129,0.00134,0.001249199999999993,0.0012874333333333407,0.0013406333333333376
0.604,0.0007303,0.0007474,0.0008026,0.0008623,0.00101,0.0009739,0.00101,0.00106,0.0011,0.00114,0.00119,0.00125,0.00128,0.00134,0.001248399999999994,0.0012826000000000042,0.0013397333333333378
0.608,0.0007315,0.0007483,0.0008033,0.0008625,0.00101,0.0009737,0.00101,0.00106,0.0011,0.00114,0.00119,0.00124,0.00128,0.00134,0.0012416666666666687,0.0012801333333333365,0.0013378000000000034
0.612,0.0007329,0.0007493,0.000804,0.0008627,0.00101,0.0009736,0.00101,0.00106,0.0011,0.00114,0.00119,0.00124,0.00128,0.00133,0.001240100000000004,0.0012799666666666696,0.001332166666666666
0.616,0.0007347,0.0007504,0.0008046,0.0008628,0.00101,0.0009733,0.00101,0.00106,0.0011,0.00114,0.00119,0.00124,0.00128,0.00133,0.0012400333333333375,0.0012792000000000025,0.0013306666666666651
0.62,0.0007365,0.0007514,0.0008052,0.0008631,0.00101,0.0009733,0.00101,0.00106,0.0011,0.00113,0.00118,0.00124,0.00127,0.00133,0.001239000000000004,0.0012706333333333286,0.001328933333333331
0.624,0.000738,0.0007526,0.0008059,0.0008633,0.00101,0.0009732,0.00101,0.00105,0.0011,0.00113,0.00118,0.00124,0.00127,0.00133,0.0012383000000000042,0.0012699333333333282,0.0013282333333333306
0.628,0.0007397,0.0007537,0.0008066,0.0008636,0.00101,0.000973,0.00101,0.00105,0.0011,0.00113,0.00118,0.00123,0.00127,0.00132,0.0012317333333333386,0.001269833333333328,0.001321699999999993
0.632,0.0007406,0.000755,0.0008073,0.0008639,0.00101,0.0009729,0.00101,0.00105,0.0011,0.00112,0.00118,0.00123,0.00127,0.00132,0.001230500000000005,0.0012684666666666618,0.0013204666666666591
0.636,0.0007429,0.000756,0.000808,0.0008641,0.00101,0.0009729,0.00101,0.00105,0.00109,0.00112,0.00117,0.00123,0.00126,0.00132,0.0012296000000000047,0.0012611666666666637,0.0013190333333333256
0.64,0.0007448,0.0007572,0.0008086,0.0008643,0.00101,0.0009728,0.00101,0.00105,0.00109,0.00112,0.00117,0.00123,0.00126,0.00132,0.0012293000000000046,0.0012600333333333308,0.0013179999999999928
0.644,0.0007467,0.0007585,0.0008092,0.0008646,0.00101,0.0009728,0.00101,0.00105,0.00109,0.00112,0.00117,0.00123,0.00126,0.00131,0.0012275000000000038,0.0012599999999999975,0.0013112666666666602
0.648,0.0007475,0.0007596,0.00081,0.0008648,0.00101,0.0009728,0.00101,0.00105,0.00109,0.00112,0.00117,0.00122,0.00126,0.00131,0.0012216,0.001259866666666664,0.0013103333333333274
0.652,0.0007484,0.0007609,0.0008106,0.000865,0.00101,0.0009727,0.00101,0.00105,0.00109,0.00112,0.00117,0.00122,0.00126,0.00131,0.0012206999999999995,0.0012594999999999972,0.0013098333333333284
0.656,0.0007487,0.0007622,0.0008113,0.0008653,0.00101,0.0009725,0.001,0.00105,0.00109,0.00111,0.00116,0.00122,0.00125,0.0013,0.0012194333333333319,0.001250566666666659,0.0013003000000000053
0.66,0.0007504,0.0007632,0.000812,0.0008656,0.00101,0.0009722,0.001,0.00105,0.00109,0.00111,0.00116,0.00122,0.00125,0.0013,0.0012192333333333315,0.0012499999999999918,0.0012997333333333396
0.664,0.0007518,0.0007643,0.0008127,0.0008659,0.00101,0.0009721,0.001,0.00105,0.00109,0.00111,0.00116,0.00122,0.00125,0.0013,0.0012184666666666644,0.0012499999999999918,0.0012997333333333396
0.668,0.0007531,0.0007655,0.0008135,0.0008661,0.00101,0.0009719,0.001,0.00105,0.00108,0.00111,0.00116,0.00121,0.00125,0.0013,0.0012115999999999945,0.0012497999999999923,0.001297700000000007
0.672,0.0007546,0.0007663,0.0008144,0.0008665,0.00101,0.0009717,0.001,0.00105,0.00108,0.00111,0.00116,0.00121,0.00125,0.00129,0.0012103999999999936,0.001249766666666659,0.0012921333333333418
0.676,0.0007564,0.0007676,0.0008153,0.0008668,0.00101,0.0009715,0.001,0.00104,0.00108,0.0011,0.00116,0.00121,0.00125,0.00129,0.001209833333333327,0.0012481666666666613,0.0012902000000000085
0.68,0.0007586,0.000769,0.0008161,0.0008673,0.00101,0.000971,0.001,0.00104,0.00108,0.0011,0.00115,0.00121,0.00124,0.00129,0.0012095666666666603,0.0012401666666666698,0.0012896666666666753
0.684,0.0007607,0.0007702,0.0008169,0.0008677,0.00101,0.0009705,0.001,0.00104,0.00108,0.0011,0.00115,0.00121,0.00124,0.00129,0.0012094666666666604,0.0012398666666666705,0.0012898000000000087
0.688,0.0007622,0.0007713,0.0008175,0.000868,0.00101,0.0009701,0.001,0.00104,0.00108,0.0011,0.00115,0.00121,0.00124,0.00129,0.0012081333333333272,0.0012399666666666706,0.001289833333333342
0.692,0.0007635,0.0007726,0.0008181,0.0008683,0.00101,0.0009701,0.001,0.00104,0.00108,0.0011,0.00115,0.0012,0.00124,0.00129,0.001202533333333329,0.0012399333333333374,0.001288600000000008
0.696,0.000765,0.0007735,0.0008189,0.0008688,0.00101,0.0009701,0.001,0.00104,0.00108,0.0011,0.00115,0.0012,0.00124,0.00128,0.0012002666666666635,0.0012397666666666707,0.0012822333333333375
0.7,0.0007663,0.0007747,0.0008198,0.0008693,0.00101,0.0009704,0.001,0.00104,0.00108,0.0011,0.00115,0.0012,0.00124,0.00128,0.001200099999999997,0.0012391000000000036,0.0012804000000000032
0.704,0.0007682,0.0007762,0.0008208,0.0008699,0.00101,0.0009707,0.001,0.00104,0.00108,0.0011,0.00115,0.0012,0.00123,0.00128,0.0011999666666666637,0.0012322000000000045,0.0012799666666666696
0.708,0.0007697,0.0007781,0.0008221,0.0008705,0.00101,0.0009713,0.001,0.00104,0.00108,0.00109,0.00115,0.0012,0.00123,0.00128,0.0011999333333333302,0.0012305000000000048,0.0012798666666666695
0.712,0.0007712,0.0007799,0.0008232,0.0008711,0.00101,0.0009719,0.001,0.00104,0.00108,0.00109,0.00114,0.0012,0.00123,0.00128,0.0011993666666666643,0.0012301666666666717,0.001279000000000002
0.716,0.0007728,0.0007818,0.0008242,0.0008718,0.00102,0.0009729,0.001,0.00104,0.00107,0.00109,0.00114,0.0012,0.00123,0.00128,0.0011988999999999984,0.0012299666666666716,0.0012770000000000006
0.72,0.0007749,0.000783,0.0008253,0.0008726,0.00102,0.0009736,0.001,0.00104,0.00107,0.00109,0.00114,0.0012,0.00123,0.00127,0.0011979999999999988,0.0012299666666666716,0.0012721666666666632
0.724,0.000777,0.0007839,0.0008265,0.0008736,0.00102,0.0009745,0.001,0.00104,0.00107,0.00109,0.00114,0.00119,0.00123,0.00127,0.0011925000000000035,0.0012299666666666716,0.0012702666666666617
0.728,0.0007794,0.0007852,0.0008278,0.0008746,0.00102,0.0009756,0.001,0.00104,0.00107,0.00109,0.00114,0.00119,0.00123,0.00127,0.0011903333333333382,0.0012299666666666716,0.0012700666666666614
0.732,0.0007808,0.000787,0.0008294,0.0008759,0.00102,0.0009772,0.001,0.00104,0.00107,0.00109,0.00114,0.00119,0.00123,0.00127,0.0011901333333333387,0.0012299666666666716,0.0012699999999999947
0.736,0.0007823,0.000789,0.000831,0.0008775,0.00102,0.0009792,0.001,0.00104,0.00107,0.0011,0.00114,0.00119,0.00123,0.00127,0.0011900666666666718,0.001230000000000005,0.0012699999999999944
0.74,0.000783,0.0007907,0.0008327,0.0008793,0.00102,0.0009817,0.00101,0.00104,0.00107,0.0011,0.00114,0.00119,0.00123,0.00127,0.0011900666666666718,0.001230000000000005,0.0012699999999999944
0.744,0.0007849,0.000792,0.0008346,0.0008813,0.00102,0.0009846,0.00101,0.00104,0.00108,0.0011,0.00114,0.00119,0.00123,0.00127,0.001190300000000005,0.001230000000000005,0.0012701666666666612
0.748,0.0007887,0.0007933,0.0008366,0.000884,0.00103,0.0009881,0.00101,0.00104,0.00108,0.0011,0.00114,0.00119,0.00123,0.00127,0.0011903333333333382,0.001230000000000005,0.0012700999999999945
0.752,0.0007924,0.0007948,0.0008389,0.0008869,0.00103,0.0009922,0.00101,0.00105,0.00108,0.0011,0.00114,0.00119,0.00123,0.00127,0.001191300000000004,0.0012301333333333384,0.0012702333333333281
0.756,0.0007946,0.0007968,0.0008415,0.0008897,0.00103,0.0009971,0.00102,0.00105,0.00108,0.00111,0.00115,0.0012,0.00123,0.00127,0.001198933333333331,0.0012302333333333386,0.0012706999999999953
0.76,0.0007962,0.0007989,0.0008447,0.0008931,0.00103,0.001,0.00102,0.00105,0.00109,0.00111,0.00115,0.0012,0.00123,0.00127,0.0012001666666666638,0.0012309666666666717,0.0012722999999999962
0.764,0.0007966,0.0008007,0.0008477,0.0008969,0.00104,0.00101,0.00102,0.00106,0.00109,0.00112,0.00115,0.0012,0.00123,0.00128,0.0012005666666666634,0.001232100000000005,0.0012788000000000018
0.768,0.0007983,0.0008023,0.000851,0.0009015,0.00104,0.00102,0.00103,0.00106,0.00109,0.00113,0.00116,0.0012,0.00124,0.00128,0.0012028333333333296,0.0012402000000000025,0.0012810666666666698
0.772,0.000802,0.0008039,0.0008542,0.0009072,0.00105,0.00103,0.00104,0.00107,0.0011,0.00113,0.00116,0.00121,0.00124,0.00128,0.001207666666666661,0.0012404000000000033,0.0012808666666666699
0.776,0.0008051,0.000806,0.0008575,0.0009133,0.00106,0.00103,0.00104,0.00107,0.00111,0.00114,0.00117,0.00121,0.00125,0.00129,0.0012138999999999956,0.0012511666666666593,0.0012916666666666742
0.78,0.0008077,0.0008084,0.0008611,0.0009196,0.00106,0.00105,0.00105,0.00108,0.00111,0.00116,0.00117,0.00122,0.00125,0.00129,0.0012180999999999976,0.0012513999999999926,0.0012917000000000078
0.784,0.0008098,0.0008108,0.0008655,0.0009263,0.00107,0.00106,0.00106,0.00108,0.00112,0.00117,0.00118,0.00122,0.00126,0.0013,0.0012227999999999996,0.0012613999999999965,0.001302233333333338
0.788,0.0008121,0.0008133,0.0008698,0.000933,0.00108,0.00107,0.00107,0.00109,0.00113,0.00118,0.00119,0.00123,0.00127,0.00131,0.0012331000000000032,0.001272366666666664,0.0013132666666666618
0.792,0.0008145,0.000816,0.0008737,0.00094,0.00109,0.00108,0.00108,0.0011,0.00114,0.0012,0.0012,0.00124,0.00128,0.00132,0.0012414333333333359,0.0012803000000000027,0.0013212999999999938
0.796,0.0008183,0.0008182,0.0008772,0.0009473,0.0011,0.00109,0.00109,0.00111,0.00115,0.00122,0.00121,0.00125,0.00129,0.00133,0.001253333333333328,0.0012917666666666739,0.0013332333333333326
0.8,0.0008223,0.0008207,0.0008806,0.0009542,0.0011,0.00111,0.0011,0.00112,0.00116,0.00123,0.00122,0.00126,0.0013,0.00134,0.0012648333333333311,0.0013029000000000035,0.0013446666666666709
0.804,0.0008267,0.0008234,0.0008839,0.0009607,0.00111,0.00112,0.00111,0.00113,0.00117,0.00125,0.00123,0.00127,0.00131,0.00135,0.0012732333333333311,0.0013122999999999963,0.001353433333333335
0.808,0.0008301,0.0008258,0.0008873,0.0009664,0.00112,0.00113,0.00112,0.00114,0.00118,0.00127,0.00124,0.00128,0.00132,0.00136,0.0012837666666666709,0.001324533333333329,0.0013644666666666697
0.812,0.0008342,0.0008284,0.0008905,0.0009707,0.00113,0.00114,0.00113,0.00115,0.0012,0.00128,0.00125,0.00129,0.00134,0.00137,0.001291166666666674,0.001338400000000003,0.00137163333333333
0.816,0.0008355,0.0008315,0.0008926,0.0009738,0.00113,0.00115,0.00114,0.00116,0.00121,0.0013,0.00126,0.0013,0.00135,0.00138,0.0013028000000000033,0.001350633333333337,0.001383999999999998
0.82,0.000837,0.0008345,0.0008942,0.0009757,0.00113,0.00116,0.00114,0.00117,0.00122,0.00132,0.00128,0.00131,0.00136,0.00139,0.0013144333333333282,0.0013639333333333396,0.0013944000000000027
0.824,0.0008382,0.0008371,0.0008956,0.000977,0.00114,0.00116,0.00115,0.00118,0.00122,0.00133,0.00129,0.00132,0.00137,0.0014,0.0013193333333333267,0.0013688666666666653,0.0013990333333333395
0.828,0.00084,0.0008397,0.0008968,0.0009769,0.00114,0.00116,0.00115,0.00119,0.00123,0.00134,0.0013,0.00133,0.00138,0.00141,0.0013339,0.0013839333333333316,0.001414166666666668
0.832,0.0008425,0.0008421,0.000898,0.0009765,0.00114,0.00116,0.00116,0.00119,0.00124,0.00135,0.0013,0.00134,0.00139,0.00142,0.001338233333333336,0.001388333333333334,0.001418566666666663
0.836,0.0008467,0.0008445,0.000899,0.000975,0.00114,0.00116,0.00116,0.00119,0.00124,0.00135,0.00131,0.00135,0.0014,0.00143,0.0013493333333333371,0.001402600000000007,0.0014326333333333269
0.84,0.0008509,0.0008477,0.0009,0.0009733,0.00114,0.00116,0.00116,0.00119,0.00124,0.00135,0.00131,0.00135,0.00141,0.00144,0.0013495666666666706,0.0014072333333333398,0.0014372666666666626
0.844,0.0008559,0.0008512,0.0009011,0.0009715,0.00113,0.00115,0.00116,0.00119,0.00124,0.00135,0.00132,0.00135,0.00141,0.00144,0.0013501666666666707,0.001409900000000007,0.0014400333333333306
0.848,0.0008592,0.0008542,0.0009025,0.0009701,0.00113,0.00115,0.00115,0.00119,0.00124,0.00135,0.00132,0.00135,0.00141,0.00144,0.0013501666666666707,0.001409900000000007,0.0014400333333333306
0.852,0.000863,0.0008573,0.0009041,0.0009687,0.00113,0.00114,0.00115,0.00119,0.00124,0.00134,0.00132,0.00135,0.00141,0.00144,0.0013501333333333374,0.0014097666666666737,0.0014398999999999972
0.856,0.0008659,0.0008607,0.0009062,0.0009678,0.00112,0.00113,0.00114,0.00118,0.00123,0.00134,0.00131,0.00135,0.00141,0.00144,0.0013492666666666709,0.0014069000000000078,0.001437033333333329
0.86,0.000868,0.0008644,0.0009082,0.0009671,0.00112,0.00113,0.00114,0.00118,0.00123,0.00133,0.00131,0.00135,0.0014,0.00143,0.0013488000000000037,0.0014021000000000081,0.0014322999999999927
0.864,0.0008715,0.000868,0.0009104,0.000967,0.00112,0.00112,0.00113,0.00118,0.00123,0.00132,0.00131,0.00134,0.0014,0.00143,0.001344066666666671,0.001400400000000008,0.0014314999999999925
0.868,0.0008754,0.0008719,0.0009127,0.0009672,0.00112,0.00112,0.00113,0.00117,0.00122,0.00131,0.0013,0.00134,0.00139,0.00143,0.0013388666666666702,0.0013890333333333343,0.0014255999999999935
0.872,0.0008797,0.0008755,0.0009152,0.0009669,0.00112,0.00111,0.00113,0.00117,0.00122,0.0013,0.0013,0.00134,0.00139,0.00142,0.0013385333333333367,0.0013883000000000007,0.0014202999999999954
0.876,0.0008853,0.0008788,0.000918,0.000967,0.00111,0.00111,0.00112,0.00116,0.00121,0.0013,0.0013,0.00133,0.00138,0.00141,0.0013326333333333333,0.0013824333333333305,0.0014135000000000026
0.88,0.0008887,0.000882,0.0009207,0.0009669,0.00111,0.00111,0.00112,0.00116,0.00121,0.00129,0.00129,0.00133,0.00138,0.00141,0.0013291666666666645,0.0013765666666666623,0.0014092000000000063
0.884,0.0008898,0.0008855,0.0009234,0.0009674,0.00111,0.00111,0.00112,0.00116,0.0012,0.00128,0.00129,0.00133,0.00137,0.00141,0.001328266666666664,0.0013713999999999964,0.0014082666666666737
0.888,0.0008921,0.0008892,0.0009263,0.0009688,0.00111,0.00111,0.00112,0.00116,0.0012,0.00128,0.00129,0.00132,0.00137,0.0014,0.001322633333333327,0.0013692666666666636,0.0014026000000000073
0.892,0.0008943,0.000893,0.0009296,0.0009706,0.00111,0.00111,0.00111,0.00116,0.0012,0.00127,0.00129,0.00132,0.00136,0.0014,0.0013209666666666594,0.0013624333333333398,0.0014006666666666744
0.896,0.0008985,0.0008969,0.0009332,0.0009724,0.00112,0.00111,0.00111,0.00115,0.0012,0.00127,0.00129,0.00132,0.00136,0.0014,0.0013201333333333256,0.0013605666666666768,0.0013988666666666738
0.9,0.000903,0.0009006,0.0009362,0.0009745,0.00112,0.00111,0.00111,0.00115,0.00119,0.00126,0.00129,0.00132,0.00136,0.00139,0.0013199333333333255,0.0013600000000000107,0.001390366666666669
0.904,0.0009064,0.0009041,0.0009389,0.0009766,0.00112,0.00111,0.00111,0.00115,0.00119,0.00126,0.00129,0.00132,0.00136,0.00139,0.0013199666666666588,0.0013600000000000107,0.001390100000000002
0.908,0.0009102,0.0009082,0.0009414,0.0009792,0.00112,0.00111,0.00111,0.00115,0.00119,0.00126,0.00129,0.00132,0.00136,0.00139,0.0013199999999999922,0.0013600000000000107,0.0013900333333333353
0.912,0.0009155,0.000913,0.0009439,0.0009819,0.00112,0.00111,0.00111,0.00115,0.00119,0.00126,0.00128,0.00132,0.00136,0.00139,0.0013199999999999922,0.0013599666666666774,0.0013900333333333353
0.916,0.0009207,0.0009178,0.0009466,0.0009848,0.00112,0.00111,0.00111,0.00115,0.00119,0.00125,0.00128,0.00132,0.00136,0.00139,0.0013199999999999922,0.0013599666666666774,0.0013900333333333353
0.92,0.0009249,0.0009225,0.0009503,0.0009879,0.00113,0.00111,0.00112,0.00115,0.00119,0.00125,0.00128,0.00132,0.00136,0.00139,0.0013199999999999922,0.0013600000000000107,0.001390000000000002
0.924,0.0009289,0.0009272,0.0009536,0.0009912,0.00113,0.00111,0.00112,0.00115,0.00119,0.00125,0.00128,0.00132,0.00136,0.00139,0.0013199999999999922,0.0013600000000000107,0.001390000000000002
0.928,0.0009319,0.0009308,0.0009574,0.0009947,0.00113,0.00111,0.00112,0.00116,0.00119,0.00125,0.00129,0.00132,0.00136,0.00139,0.0013200666666666589,0.0013600000000000107,0.0013901333333333355
0.932,0.0009363,0.0009345,0.0009618,0.0009987,0.00113,0.00112,0.00112,0.00116,0.00119,0.00125,0.00129,0.00132,0.00136,0.00139,0.0013200666666666589,0.0013600000000000107,0.0013901333333333355
0.936,0.0009395,0.0009385,0.0009662,0.001,0.00114,0.00112,0.00112,0.00116,0.00119,0.00125,0.00129,0.00132,0.00136,0.00139,0.0013201999999999923,0.0013600000000000107,0.0013902333333333356
0.94,0.000944,0.0009433,0.0009707,0.00101,0.00114,0.00112,0.00113,0.00116,0.00119,0.00125,0.00129,0.00132,0.00136,0.00139,0.001320366666666659,0.0013600000000000107,0.0013901666666666689
0.944,0.0009499,0.0009481,0.0009757,0.00101,0.00114,0.00112,0.00113,0.00116,0.0012,0.00125,0.00129,0.00132,0.00136,0.00139,0.00132246666666666,0.001360133333333344,0.0013916333333333362
0.948,0.0009564,0.0009528,0.0009804,0.00101,0.00115,0.00113,0.00113,0.00116,0.0012,0.00125,0.00129,0.00133,0.00136,0.00139,0.0013286999999999971,0.0013600666666666772,0.0013929333333333367
0.952,0.0009607,0.0009574,0.0009854,0.00102,0.00115,0.00113,0.00113,0.00117,0.0012,0.00125,0.00129,0.00133,0.00136,0.0014,0.0013297666666666646,0.0013601000000000108,0.001399233333333341
0.956,0.0009647,0.0009615,0.0009903,0.00102,0.00115,0.00113,0.00114,0.00117,0.0012,0.00125,0.00129,0.00133,0.00136,0.0014,0.001329799999999998,0.0013599666666666774,0.0013995333333333413
0.96,0.0009685,0.0009663,0.0009947,0.00103,0.00116,0.00114,0.00114,0.00117,0.0012,0.00126,0.00129,0.00133,0.00136,0.0014,0.0013298666666666647,0.0013600000000000105,0.0013998333333333415
0.964,0.0009715,0.0009712,0.0009989,0.00103,0.00116,0.00114,0.00114,0.00118,0.00121,0.00126,0.00129,0.00133,0.00136,0.0014,0.0013301333333333315,0.0013612666666666757,0.0014007666666666742
0.968,0.0009776,0.0009758,0.001,0.00104,0.00117,0.00114,0.00115,0.00118,0.00121,0.00126,0.0013,0.00133,0.00137,0.0014,0.0013316666666666655,0.0013706999999999955,0.0014025333333333408
0.972,0.0009829,0.0009801,0.00101,0.00104,0.00117,0.00115,0.00115,0.00118,0.00121,0.00126,0.0013,0.00133,0.00137,0.0014,0.0013327999999999997,0.0013700999999999958,0.0014029666666666742
0.976,0.000988,0.0009838,0.00101,0.00104,0.00117,0.00115,0.00115,0.00118,0.00121,0.00126,0.0013,0.00134,0.00137,0.00141,0.001336966666666669,0.0013700999999999958,0.0014072333333333405
0.98,0.0009936,0.0009871,0.00102,0.00105,0.00118,0.00115,0.00116,0.00119,0.00122,0.00127,0.0013,0.00134,0.00137,0.00141,0.0013396666666666709,0.0013703999999999958,0.0014100000000000065
0.984,0.0009983,0.000992,0.00102,0.00105,0.00118,0.00116,0.00116,0.00119,0.00122,0.00127,0.0013,0.00134,0.00137,0.00141,0.0013401000000000042,0.0013709999999999961,0.0014110000000000058
0.988,0.001,0.0009975,0.00103,0.00106,0.00119,0.00116,0.00116,0.0012,0.00122,0.00127,0.00131,0.00134,0.00137,0.00141,0.0013432000000000042,0.0013741999999999966,0.001414200000000003
0.992,0.00101,0.001,0.00103,0.00106,0.00119,0.00117,0.00117,0.0012,0.00123,0.00128,0.00131,0.00135,0.00138,0.00142,0.0013491666666666708,0.0013798333333333295,0.001419766666666661
0.996,0.00101,0.00101,0.00104,0.00107,0.0012,0.00117,0.00117,0.0012,0.00123,0.00128,0.00131,0.00135,0.00138,0.00142,0.0013496666666666705,0.0013801666666666624,0.0014200999999999932
1.0,0.00101,0.00101,0.00104,0.00107,0.0012,0.00117,0.00118,0.00121,0.00124,0.00128,0.00131,0.00135,0.00138,0.00142,0.0013499666666666708,0.001380033333333329,0.0014206333333333264
1.004,0.00102,0.00102,0.00105,0.00108,0.00121,0.00118,0.00118,0.00121,0.00124,0.00128,0.00132,0.00135,0.00138,0.00143,0.0013517666666666708,0.0013819666666666632,0.001428499999999992
1.008,0.00103,0.00102,0.00105,0.00108,0.00121,0.00118,0.00119,0.00122,0.00124,0.00129,0.00132,0.00136,0.00139,0.00143,0.0013585666666666738,0.0013887666666666679,0.0014303333333333247
1.012,0.00103,0.00103,0.00106,0.00109,0.00122,0.00119,0.00119,0.00122,0.00125,0.00129,0.00132,0.00136,0.00139,0.00143,0.0013596666666666757,0.001389700000000002,0.0014310666666666584
1.016,0.00104,0.00104,0.00106,0.00109,0.00122,0.00119,0.0012,0.00122,0.00125,0.0013,0.00133,0.00136,0.00139,0.00144,0.0013637000000000044,0.0013942000000000036,0.0014413999999999974
1.02,0.00105,0.00104,0.00107,0.0011,0.00123,0.0012,0.0012,0.00123,0.00126,0.0013,0.00133,0.00137,0.0014,0.00144,0.001369166666666664,0.0013994333333333406,0.001441133333333331
1.024,0.00105,0.00105,0.00107,0.0011,0.00123,0.0012,0.00121,0.00123,0.00126,0.0013,0.00134,0.00137,0.0014,0.00144,0.0013703333333333295,0.0014005333333333412,0.0014421333333333316
1.028,0.00106,0.00105,0.00108,0.00111,0.00124,0.00121,0.00121,0.00124,0.00127,0.00131,0.00134,0.00137,0.0014,0.00145,0.0013721999999999957,0.0014022333333333415,0.0014489000000000047
1.032,0.00106,0.00106,0.00108,0.00111,0.00124,0.00121,0.00122,0.00124,0.00127,0.00131,0.00134,0.00138,0.00141,0.00145,0.0013776999999999962,0.0014077000000000076,0.001449666666666672
1.036,0.00107,0.00106,0.00109,0.00112,0.00125,0.00122,0.00122,0.00125,0.00127,0.00132,0.00135,0.00138,0.00141,0.00145,0.0013810666666666629,0.0014111666666666728,0.0014516000000000056
1.04,0.00108,0.00106,0.00109,0.00112,0.00125,0.00122,0.00122,0.00125,0.00128,0.00132,0.00135,0.00138,0.00141,0.00145,0.0013814333333333295,0.0014114666666666723,0.0014518000000000053
1.044,0.00108,0.00107,0.0011,0.00113,0.00126,0.00123,0.00123,0.00126,0.00128,0.00133,0.00136,0.00139,0.00142,0.00146,0.0013901333333333347,0.001419899999999994,0.0014607000000000057
1.048,0.00109,0.00107,0.0011,0.00113,0.00126,0.00123,0.00124,0.00126,0.00129,0.00133,0.00136,0.00139,0.00142,0.00146,0.0013911666666666692,0.001420199999999993,0.0014614333333333395
1.052,0.00109,0.00108,0.00111,0.00114,0.00127,0.00124,0.00124,0.00127,0.00129,0.00134,0.00136,0.0014,0.00142,0.00147,0.0013983333333333404,0.0014221666666666588,0.0014685333333333435
1.056,0.0011,0.00108,0.00111,0.00114,0.00127,0.00124,0.00125,0.00127,0.0013,0.00134,0.00137,0.0014,0.00143,0.00147,0.0014010000000000075,0.0014302666666666589,0.0014716333333333427
1.06,0.00111,0.00109,0.00112,0.00115,0.00128,0.00125,0.00125,0.00128,0.0013,0.00134,0.00137,0.0014,0.00143,0.00147,0.001402466666666674,0.0014324666666666592,0.0014727333333333413
1.064,0.00111,0.00109,0.00112,0.00115,0.00129,0.00125,0.00126,0.00128,0.00131,0.00135,0.00138,0.00141,0.00144,0.00148,0.0014100000000000065,0.0014402333333333303,0.0014806999999999958
1.068,0.00112,0.0011,0.00113,0.00116,0.00129,0.00126,0.00126,0.00129,0.00132,0.00136,0.00138,0.00141,0.00144,0.00148,0.0014114000000000056,0.0014414333333333316,0.0014814666666666608
1.072,0.00113,0.00111,0.00114,0.00117,0.0013,0.00127,0.00127,0.00129,0.00132,0.00136,0.00139,0.00142,0.00145,0.00149,0.001421299999999994,0.0014516000000000043,0.001491966666666662
1.076,0.00113,0.00111,0.00114,0.00117,0.00131,0.00127,0.00128,0.0013,0.00133,0.00137,0.0014,0.00142,0.00145,0.00149,0.0014232666666666594,0.001453433333333339,0.001493199999999996
1.08,0.00114,0.00112,0.00115,0.00118,0.00131,0.00128,0.00128,0.00131,0.00133,0.00137,0.0014,0.00143,0.00146,0.0015,0.0014287999999999924,0.001458933333333339,0.001498333333333333
1.084,0.00115,0.00113,0.00116,0.00119,0.00132,0.00128,0.00129,0.00131,0.00134,0.00138,0.00141,0.00144,0.00147,0.0015,0.001440555555555553,0.0014711555555555636,0.001504733333333336
1.088,0.00116,0.00114,0.00117,0.0012,0.00133,0.00129,0.0013,0.00132,0.00135,0.00139,0.00141,0.00144,0.00147,0.00151,0.0014424222222222212,0.0014731555555555628,0.0015098000000000062
1.092,0.00117,0.00114,0.00117,0.0012,0.00133,0.0013,0.0013,0.00133,0.00135,0.00139,0.00142,0.00145,0.00148,0.00151,0.0014509500000000049,0.0014831166666666629,0.0015148000000000065
1.096,0.00117,0.00115,0.00118,0.00121,0.00134,0.00131,0.00131,0.00133,0.00136,0.0014,0.00143,0.00145,0.00149,0.00152,0.001453700000000005,0.0014905666666666618,0.0015226666666666717
1.1,0.00118,0.00116,0.00119,0.00122,0.00135,0.00131,0.00132,0.00134,0.00137,0.00141,0.00143,0.00146,0.00149,0.00153,0.0014598666666666717,0.0014918999999999954,0.0015286999999999946
1.104,0.00119,0.00117,0.0012,0.00123,0.00136,0.00132,0.00133,0.00135,0.00137,0.00141,0.00144,0.00147,0.0015,0.00153,0.0014715000000000088,0.001504366666666669,0.0015354999999999928
1.108,0.0012,0.00118,0.00121,0.00124,0.00137,0.00133,0.00134,0.00136,0.00138,0.00142,0.00145,0.00147,0.00151,0.00154,0.0014759333333333392,0.0015154666666666716,0.0015464333333333308
1.112,0.00121,0.00119,0.00123,0.00125,0.00138,0.00134,0.00134,0.00136,0.00139,0.00143,0.00146,0.00148,0.00152,0.00155,0.001482666666666664,0.0015225000000000028,0.0015528999999999983
1.116,0.00122,0.00121,0.00124,0.00126,0.00139,0.00135,0.00135,0.00137,0.0014,0.00144,0.00147,0.00149,0.00153,0.00156,0.0014924999999999967,0.001532499999999994,0.0015623000000000037
1.12,0.00123,0.00122,0.00125,0.00128,0.0014,0.00136,0.00136,0.00138,0.00141,0.00145,0.00147,0.0015,0.00154,0.00157,0.0014993000000000007,0.0015392999999999954,0.0015680666666666708
1.124,0.00125,0.00123,0.00127,0.00129,0.00141,0.00137,0.00137,0.00139,0.00141,0.00146,0.00148,0.00151,0.00155,0.00157,0.001514033333333339,0.0015540999999999988,0.0015774666666666707
1.128,0.00127,0.00125,0.00128,0.0013,0.00142,0.00138,0.00138,0.0014,0.00142,0.00146,0.00149,0.00152,0.00156,0.00158,0.001524066666666669,0.0015642000000000039,0.0015876666666666726
1.132,0.00128,0.00127,0.0013,0.00131,0.00143,0.00139,0.00139,0.00141,0.00143,0.00148,0.0015,0.00153,0.00157,0.00159,0.0015342999999999932,0.0015744000000000055,0.0015988333333333284
1.136,0.0013,0.00129,0.00131,0.00133,0.00144,0.00141,0.0014,0.00142,0.00145,0.00149,0.00151,0.00154,0.00158,0.00161,0.0015453999999999976,0.001585666666666674,0.0016177666666666683
1.14,0.00132,0.00131,0.00133,0.00134,0.00146,0.00142,0.00142,0.00143,0.00146,0.0015,0.00153,0.00155,0.00159,0.00162,0.0015567666666666646,0.0015973666666666613,0.0016296666666666716
1.144,0.00133,0.00133,0.00134,0.00136,0.00147,0.00143,0.00143,0.00144,0.00147,0.00151,0.00154,0.00156,0.0016,0.00163,0.0015655333333333358,0.0016067333333333288,0.0016384000000000051
1.148,0.00135,0.00134,0.00136,0.00137,0.00148,0.00145,0.00144,0.00146,0.00148,0.00152,0.00155,0.00157,0.00162,0.00164,0.0015775000000000014,0.0016251000000000056,0.0016491666666666592
1.152,0.00137,0.00136,0.00137,0.00138,0.0015,0.00146,0.00145,0.00147,0.00149,0.00153,0.00156,0.00159,0.00163,0.00166,0.0015949666666666622,0.001637300000000005,0.001668166666666664
1.156,0.00139,0.00138,0.00138,0.0014,0.00151,0.00147,0.00147,0.00148,0.00151,0.00155,0.00158,0.0016,0.00165,0.00167,0.0016088666666666637,0.0016561333333333303,0.00168196666666667
1.16,0.0014,0.00139,0.0014,0.00141,0.00153,0.00149,0.00148,0.00149,0.00152,0.00156,0.00159,0.00162,0.00166,0.00169,0.0016231666666666718,0.0016661999999999983,0.0016956333333333384
1.164,0.00142,0.0014,0.00141,0.00142,0.00154,0.0015,0.00149,0.00151,0.00153,0.00158,0.0016,0.00163,0.00168,0.0017,0.0016371333333333382,0.0016843000000000038,0.001710766666666663
1.168,0.00144,0.00142,0.00142,0.00143,0.00155,0.00152,0.0015,0.00152,0.00155,0.00159,0.00162,0.00165,0.00169,0.00172,0.0016579999999999967,0.0017013000000000048,0.0017326000000000023
1.172,0.00145,0.00143,0.00143,0.00145,0.00156,0.00153,0.00152,0.00153,0.00156,0.00161,0.00163,0.00166,0.00171,0.00173,0.0016673999999999975,0.0017139999999999966,0.0017406000000000025
1.176,0.00146,0.00144,0.00144,0.00146,0.00157,0.00154,0.00153,0.00155,0.00157,0.00162,0.00165,0.00168,0.00172,0.00175,0.0016908666666666675,0.0017323333333333338,0.001767033333333328
1.18,0.00148,0.00146,0.00146,0.00147,0.00159,0.00156,0.00155,0.00156,0.00159,0.00164,0.00167,0.0017,0.00174,0.00177,0.0017108999999999959,0.001751800000000003,0.001785800000000001
1.184,0.00149,0.00147,0.00147,0.00148,0.0016,0.00157,0.00156,0.00158,0.0016,0.00165,0.00168,0.00172,0.00176,0.00179,0.0017243666666666671,0.001765333333333331,0.001799033333333336
1.188,0.0015,0.00148,0.00148,0.00149,0.00161,0.00158,0.00157,0.00159,0.00162,0.00167,0.0017,0.00174,0.00178,0.0018,0.0017463333333333341,0.0017875333333333351,0.001816766666666673
1.192,0.00152,0.00149,0.00149,0.00151,0.00162,0.0016,0.00159,0.00161,0.00163,0.00168,0.00172,0.00175,0.00179,0.00182,0.0017600333333333267,0.001800700000000001,0.001835933333333332
1.196,0.00153,0.0015,0.0015,0.00152,0.00163,0.00161,0.0016,0.00162,0.00165,0.0017,0.00174,0.00177,0.00181,0.00184,0.0017772666666666665,0.00181726666666666,0.0018521333333333316
1.2,0.00155,0.00151,0.00151,0.00153,0.00165,0.00162,0.00161,0.00163,0.00166,0.00172,0.00176,0.00179,0.00183,0.00186,0.0017986000000000007,0.0018391999999999994,0.0018740666666666565
1.204,0.00156,0.00152,0.00152,0.00154,0.00166,0.00163,0.00163,0.00165,0.00168,0.00173,0.00177,0.00181,0.00185,0.00188,0.0018162333333333269,0.0018575333333333377,0.0018914999999999956
1.208,0.00157,0.00153,0.00153,0.00155,0.00167,0.00164,0.00164,0.00166,0.00169,0.00175,0.00179,0.00183,0.00187,0.00189,0.001838999999999999,0.001880366666666667,0.001907666666666665
1.212,0.00158,0.00154,0.00154,0.00156,0.00168,0.00165,0.00165,0.00168,0.00171,0.00176,0.00181,0.00185,0.00189,0.00191,0.0018594666666666708,0.0019002666666666633,0.0019268000000000004
1.216,0.00159,0.00155,0.00155,0.00157,0.00169,0.00167,0.00167,0.00169,0.00172,0.00178,0.00183,0.00187,0.00191,0.00193,0.0018768333333333339,0.001916733333333334,0.0019432999999999957
1.22,0.0016,0.00156,0.00156,0.00158,0.0017,0.00168,0.00168,0.0017,0.00174,0.0018,0.00185,0.00189,0.00193,0.00195,0.0018985999999999977,0.0019363999999999952,0.001965233333333338
1.224,0.00161,0.00157,0.00157,0.00159,0.00171,0.00169,0.00169,0.00172,0.00175,0.00182,0.00186,0.00191,0.00194,0.00197,0.001915633333333335,0.001947766666666668,0.0019818666666666764
1.228,0.00161,0.00157,0.00158,0.0016,0.00173,0.0017,0.00171,0.00173,0.00177,0.00183,0.00188,0.00193,0.00196,0.00199,0.0019367333333333298,0.0019678999999999977,0.002002933333333335
1.232,0.00162,0.00158,0.00159,0.00161,0.00174,0.00172,0.00172,0.00175,0.00179,0.00185,0.0019,0.00195,0.00198,0.00201,0.001953800000000005,0.0019851999999999947,0.0020215999999999993
1.236,0.00163,0.00159,0.0016,0.00162,0.00175,0.00173,0.00174,0.00176,0.0018,0.00187,0.00192,0.00197,0.002,0.00203,0.001971833333333344,0.002002933333333336,0.002036733333333325
1.24,0.00164,0.0016,0.0016,0.00163,0.00176,0.00174,0.00175,0.00178,0.00182,0.00188,0.00194,0.00199,0.00202,0.00205,0.001991900000000004,0.0020231666666666744,0.0020546999999999957
1.244,0.00165,0.00161,0.00161,0.00164,0.00177,0.00175,0.00176,0.00179,0.00183,0.0019,0.00196,0.00201,0.00204,0.00206,0.0020111333333333353,0.002043366666666666,0.0020691999999999967
1.248,0.00165,0.00162,0.00162,0.00165,0.00179,0.00177,0.00178,0.00181,0.00185,0.00192,0.00198,0.00202,0.00206,0.00208,0.0020212000000000073,0.0020582333333333327,0.0020831333333333354
1.252,0.00166,0.00163,0.00163,0.00166,0.0018,0.00178,0.00179,0.00183,0.00187,0.00194,0.00199,0.00204,0.00207,0.0021,0.0020400333333333337,0.0020717666666666724,0.0021029333333333297
1.256,0.00167,0.00164,0.00164,0.00167,0.00181,0.00179,0.00181,0.00184,0.00189,0.00195,0.00201,0.00206,0.00209,0.00212,0.0020616333333333308,0.0020923,0.0021259666666666715
1.26,0.00168,0.00165,0.00165,0.00168,0.00182,0.0018,0.00182,0.00186,0.0019,0.00197,0.00203,0.00208,0.00211,0.00214,0.002079866666666668,0.0021104999999999913,0.0021439000000000024
1.264,0.00169,0.00165,0.00166,0.00169,0.00184,0.00182,0.00184,0.00187,0.00192,0.00199,0.00205,0.0021,0.00213,0.00216,0.0021025666666666634,0.0021337999999999973,0.002164866666666673
1.268,0.0017,0.00166,0.00167,0.0017,0.00185,0.00183,0.00185,0.00189,0.00194,0.00201,0.00207,0.00212,0.00215,0.00217,0.0021200333333333365,0.002152533333333329,0.002177233333333339
1.272,0.00171,0.00167,0.00168,0.00172,0.00186,0.00185,0.00187,0.00191,0.00195,0.00202,0.00209,0.00213,0.00217,0.00219,0.002133033333333331,0.002170800000000003,0.0021958333333333426
1.276,0.00171,0.00168,0.00169,0.00173,0.00187,0.00186,0.00188,0.00192,0.00197,0.00204,0.00211,0.00215,0.00219,0.00221,0.0021480999999999952,0.0021862666666666755,0.002209900000000005
1.28,0.00173,0.00169,0.0017,0.00174,0.00189,0.00187,0.0019,0.00194,0.00199,0.00206,0.00212,0.00217,0.0022,0.00223,0.0021704333333333365,0.0022024333333333273,0.0022337666666666597
1.284,0.00173,0.0017,0.00171,0.00175,0.0019,0.00189,0.00192,0.00196,0.00201,0.00208,0.00214,0.00219,0.00222,0.00225,0.002188700000000008,0.0022204666666666667,0.002251166666666655
1.288,0.00174,0.00171,0.00172,0.00176,0.00191,0.0019,0.00193,0.00197,0.00203,0.00209,0.00216,0.0022,0.00224,0.00227,0.0022047666666666615,0.0022426333333333396,0.002272766666666662
1.292,0.00176,0.00172,0.00173,0.00178,0.00193,0.00192,0.00195,0.00199,0.00204,0.00211,0.00218,0.00222,0.00226,0.00228,0.002220333333333333,0.0022587333333333372,0.002283766666666659
1.296,0.00177,0.00174,0.00174,0.00179,0.00194,0.00194,0.00197,0.00201,0.00206,0.00213,0.0022,0.00224,0.00228,0.0023,0.002244266666666674,0.0022813333333333284,0.002306499999999998
1.3,0.00178,0.00175,0.00175,0.0018,0.00196,0.00195,0.00198,0.00203,0.00208,0.00215,0.00221,0.00226,0.00229,0.00232,0.0022554333333333395,0.0022882000000000015,0.002317633333333328
1.304,0.00179,0.00176,0.00176,0.00182,0.00197,0.00197,0.002,0.00204,0.0021,0.00216,0.00223,0.00227,0.00231,0.00234,0.002271733333333332,0.0023097333333333366,0.00234026666666667
1.308,0.0018,0.00177,0.00177,0.00183,0.00199,0.00198,0.00202,0.00206,0.00211,0.00218,0.00225,0.00229,0.00233,0.00235,0.0022873000000000047,0.002326100000000009,0.0023501666666666645
1.312,0.00182,0.00178,0.00178,0.00184,0.002,0.002,0.00203,0.00208,0.00213,0.0022,0.00227,0.00231,0.00235,0.00237,0.0023118000000000053,0.0023488999999999958,0.0023736666666666624
1.316,0.00183,0.0018,0.0018,0.00186,0.00202,0.00202,0.00205,0.0021,0.00215,0.00221,0.00228,0.00233,0.00236,0.00239,0.002324966666666677,0.0023572666666666644,0.0023860666666666677
1.32,0.00185,0.00181,0.00181,0.00187,0.00203,0.00203,0.00207,0.00211,0.00217,0.00223,0.0023,0.00235,0.00238,0.00241,0.0023487666666666676,0.002379433333333337,0.002410166666666674
1.324,0.00186,0.00182,0.00183,0.00189,0.00205,0.00205,0.00209,0.00213,0.00219,0.00225,0.00232,0.00236,0.0024,0.00242,0.0023597666666666673,0.0023958333333333292,0.002421299999999994
1.328,0.00188,0.00184,0.00184,0.0019,0.00207,0.00207,0.00211,0.00215,0.0022,0.00227,0.00234,0.00238,0.00242,0.00244,0.002377866666666673,0.0024149999999999914,0.0024385333333333315
1.332,0.00189,0.00185,0.00185,0.00192,0.00208,0.00208,0.00212,0.00217,0.00222,0.00228,0.00235,0.0024,0.00243,0.00246,0.002400566666666668,0.0024334666666666655,0.0024628666666666734
1.336,0.00191,0.00187,0.00187,0.00194,0.0021,0.0021,0.00214,0.00219,0.00224,0.0023,0.00237,0.00241,0.00245,0.00248,0.0024125666666666755,0.0024510666666666594,0.0024796000000000054
1.34,0.00193,0.00188,0.00189,0.00195,0.00212,0.00212,0.00216,0.00221,0.00226,0.00232,0.00239,0.00243,0.00247,0.00249,0.0024270666666666705,0.0024657333333333244,0.002489233333333333
1.344,0.00194,0.0019,0.0019,0.00197,0.00214,0.00214,0.00218,0.00223,0.00228,0.00234,0.00241,0.00245,0.00249,0.00251,0.0024511999999999915,0.002490299999999997,0.0025122333333333405
1.348,0.00196,0.00191,0.00192,0.00199,0.00215,0.00216,0.0022,0.00225,0.0023,0.00235,0.00243,0.00247,0.00251,0.00253,0.0024643333333333214,0.002503566666666671,0.0025246000000000066
1.352,0.00198,0.00193,0.00193,0.00201,0.00217,0.00218,0.00222,0.00227,0.00232,0.00237,0.00245,0.00249,0.00253,0.00255,0.0024949333333333314,0.002531933333333335,0.0025552000000000088
1.356,0.002,0.00195,0.00195,0.00202,0.00219,0.00219,0.00224,0.00229,0.00234,0.00239,0.00246,0.00251,0.00254,0.00257,0.002507033333333339,0.002539099999999995,0.002567099999999996
1.36,0.00202,0.00197,0.00197,0.00204,0.00221,0.00221,0.00226,0.00231,0.00236,0.00241,0.00248,0.00253,0.00256,0.00259,0.0025241000000000044,0.0025543333333333373,0.00258396666666666
1.364,0.00204,0.00199,0.00199,0.00206,0.00223,0.00223,0.00228,0.00233,0.00238,0.00243,0.0025,0.00255,0.00258,0.00261,0.002552000000000006,0.0025816333333333447,0.0026120333333333355
1.368,0.00206,0.00201,0.00201,0.00208,0.00225,0.00225,0.0023,0.00235,0.0024,0.00245,0.00252,0.00257,0.0026,0.00263,0.002568399999999995,0.0025975000000000095,0.0026281000000000104
1.372,0.00208,0.00203,0.00203,0.0021,0.00227,0.00227,0.00232,0.00237,0.00242,0.00247,0.00254,0.00259,0.00262,0.00265,0.0025834333333333253,0.002612033333333328,0.002642633333333345
1.376,0.0021,0.00205,0.00205,0.00212,0.00229,0.0023,0.00235,0.00239,0.00244,0.00249,0.00256,0.00261,0.00264,0.00267,0.0026103666666666696,0.0026387666666666558,0.0026699666666666587
1.38,0.00212,0.00207,0.00207,0.00214,0.00232,0.00232,0.00237,0.00241,0.00246,0.00251,0.00258,0.00263,0.00266,0.00269,0.0026245000000000088,0.002653066666666662,0.0026837999999999957
1.384,0.00214,0.00209,0.00209,0.00217,0.00234,0.00234,0.00239,0.00244,0.00248,0.00253,0.00261,0.00265,0.00268,0.00271,0.0026510666666666734,0.002680866666666673,0.0027109666666666633
1.388,0.00217,0.00212,0.00211,0.00219,0.00236,0.00236,0.00241,0.00246,0.00251,0.00256,0.00263,0.00267,0.0027,0.00273,0.002671899999999991,0.0027028000000000065,0.00273163333333334
1.392,0.00219,0.00214,0.00214,0.00221,0.00238,0.00238,0.00244,0.00248,0.00253,0.00258,0.00265,0.00269,0.00273,0.00275,0.0026832333333333285,0.0027175000000000077,0.002741966666666672
1.396,0.00221,0.00216,0.00216,0.00223,0.00241,0.00241,0.00246,0.00251,0.00255,0.0026,0.00267,0.00271,0.00275,0.00277,0.0027105999999999953,0.0027472666666666728,0.0027695333333333425
1.4,0.00223,0.00219,0.00218,0.00226,0.00243,0.00243,0.00249,0.00253,0.00257,0.00262,0.00269,0.00273,0.00277,0.00279,0.002730400000000003,0.0027662666666666775,0.0027880333333333263
1.404,0.00226,0.00221,0.00221,0.00228,0.00246,0.00246,0.00251,0.00255,0.0026,0.00264,0.00272,0.00276,0.00279,0.00281,0.002755533333333329,0.0027848666666666594,0.0028065666666666563
1.408,0.00228,0.00223,0.00223,0.00231,0.00248,0.00248,0.00253,0.00258,0.00262,0.00267,0.00274,0.00278,0.00281,0.00283,0.0027822000000000046,0.002811599999999988,0.0028339333333333282
1.412,0.0023,0.00226,0.00226,0.00233,0.00251,0.00251,0.00256,0.0026,0.00264,0.00269,0.00276,0.0028,0.00284,0.00286,0.002802433333333348,0.0028389999999999856,0.0028606333333333206
1.416,0.00233,0.00228,0.00228,0.00236,0.00253,0.00253,0.00258,0.00263,0.00267,0.00271,0.00278,0.00282,0.00286,0.00288,0.0028139333333333473,0.0028501666666666506,0.002871366666666659
1.42,0.00235,0.00231,0.00231,0.00238,0.00256,0.00256,0.00261,0.00265,0.00269,0.00274,0.00281,0.00285,0.00288,0.0029,0.0028485666666666788,0.0028787333333333263,0.0029003666666666712
1.424,0.00238,0.00233,0.00233,0.00241,0.00258,0.00258,0.00263,0.00268,0.00272,0.00276,0.00283,0.00287,0.00291,0.00293,0.00286246666666668,0.002897033333333326,0.002918366666666662
1.428,0.0024,0.00236,0.00236,0.00244,0.00261,0.00261,0.00266,0.0027,0.00274,0.00279,0.00286,0.0029,0.00293,0.00295,0.0028897000000000102,0.002915833333333325,0.0029390000000000024
1.432,0.00243,0.00238,0.00239,0.00246,0.00263,0.00264,0.00269,0.00273,0.00277,0.00281,0.00288,0.00292,0.00296,0.00298,0.002917166666666678,0.0029496666666666564,0.002972933333333328
1.436,0.00246,0.00241,0.00241,0.00249,0.00266,0.00266,0.00271,0.00275,0.00279,0.00284,0.00291,0.00294,0.00298,0.003,0.0029339000000000175,0.0029670666666666563,0.002989533333333334
1.44,0.00249,0.00244,0.00244,0.00252,0.00269,0.00269,0.00274,0.00278,0.00282,0.00286,0.00293,0.00297,0.003,0.00302,0.0029685000000000076,0.002996099999999997,0.0030190333333333427
1.444,0.00252,0.00247,0.00247,0.00254,0.00271,0.00272,0.00276,0.00281,0.00285,0.00289,0.00296,0.00299,0.00303,0.00305,0.0029840333333333484,0.0030151999999999887,0.0030387
1.448,0.00255,0.00249,0.0025,0.00257,0.00274,0.00274,0.00279,0.00283,0.00287,0.00291,0.00298,0.00302,0.00305,0.00307,0.0030085000000000146,0.003037199999999994,0.003059600000000006
1.452,0.00257,0.00252,0.00252,0.0026,0.00277,0.00277,0.00282,0.00286,0.0029,0.00294,0.00301,0.00304,0.00308,0.0031,0.0030386333333333477,0.003072799999999994,0.003094366666666665
1.456,0.0026,0.00255,0.00255,0.00263,0.00279,0.0028,0.00284,0.00289,0.00292,0.00297,0.00303,0.00307,0.0031,0.00312,0.0030617000000000122,0.003089333333333327,0.003111633333333339
1.46,0.00263,0.00258,0.00258,0.00265,0.00282,0.00283,0.00287,0.00291,0.00295,0.00299,0.00306,0.00309,0.00313,0.00315,0.0030928666666666786,0.003125999999999991,0.0031477666666666613
1.464,0.00266,0.00261,0.00261,0.00268,0.00285,0.00286,0.0029,0.00294,0.00298,0.00302,0.00308,0.00312,0.00315,0.00317,0.003110133333333344,0.0031383333333333233,0.0031596000000000033
1.468,0.00269,0.00264,0.00264,0.00271,0.00288,0.00288,0.00292,0.00296,0.003,0.00304,0.00311,0.00314,0.00318,0.00319,0.0031331000000000097,0.003167366666666653,0.0031819000000000135
1.472,0.00272,0.00267,0.00267,0.00274,0.00291,0.00291,0.00295,0.00299,0.00303,0.00307,0.00314,0.00317,0.0032,0.00322,0.0031629333333333407,0.0031903333333333198,0.0032099333333333382
1.476,0.00275,0.0027,0.0027,0.00277,0.00294,0.00294,0.00298,0.00302,0.00306,0.0031,0.00316,0.00319,0.00323,0.00324,0.0031845333333333477,0.0032165666666666504,0.003231666666666676
1.48,0.00278,0.00273,0.00273,0.0028,0.00296,0.00297,0.003,0.00305,0.00308,0.00312,0.00319,0.00322,0.00325,0.00327,0.0032122000000000053,0.003239933333333316,0.0032591333333333345
1.484,0.00281,0.00276,0.00276,0.00283,0.00299,0.003,0.00303,0.00307,0.00311,0.00315,0.00321,0.00324,0.00328,0.00329,0.0032348000000000103,0.0032651333333333136,0.0032804666666666734
1.488,0.00284,0.00279,0.00279,0.00286,0.00302,0.00302,0.00306,0.0031,0.00314,0.00318,0.00324,0.00327,0.0033,0.00332,0.003266466666666665,0.0032929999999999925,0.003311966666666664
1.492,0.00287,0.00282,0.00282,0.00289,0.00305,0.00305,0.00309,0.00313,0.00316,0.0032,0.00327,0.0033,0.00333,0.00334,0.003291299999999993,0.0033169000000000154,0.0033315666666666704
1.496,0.00291,0.00285,0.00286,0.00292,0.00308,0.00308,0.00311,0.00315,0.00319,0.00323,0.00329,0.00332,0.00335,0.00337,0.0033091333333333263,0.0033349333333333284,0.003354099999999995
1.5,0.00294,0.00289,0.00289,0.00295,0.00311,0.00311,0.00314,0.00318,0.00322,0.00326,0.00332,0.00335,0.00338,0.00339,0.003338199999999989,0.0033588000000000138,0.00337496666666667
