Voltage,1,3,5,10,15,20,30,40,50,60,80,100,60_pred,80_pred,100_pred
-0.996,0.0006425,0.0006288,0.0006822,0.0007324,0.0007723,0.0008661,0.0009186,0.0009243,0.0009822,0.001086,0.001129,0.001121,0.0010624753333333306,0.0011133066666666627,0.0011091499999999997
-0.992,0.0006366,0.0006173,0.0006698,0.0007205,0.0007602,0.0008512,0.0009034,0.0009099,0.0009668,0.00107,0.001115,0.001107,0.0010429489999999987,0.001101509999999998,0.001092122000000002
-0.988,0.0006312,0.0006074,0.0006584,0.0007092,0.0007487,0.0008371,0.0008889,0.0008965,0.0009527,0.001054,0.0011,0.001094,0.0010320273333333336,0.0010823843333333293,0.001079391333333334
-0.984,0.0006262,0.0005992,0.000648,0.0006984,0.0007379,0.0008238,0.000875,0.0008841,0.00094,0.00104,0.001086,0.001082,0.0010257136666666684,0.0010702169999999977,0.0010713006666666699
-0.98,0.0006213,0.0005932,0.0006392,0.0006883,0.0007283,0.0008112,0.0008616,0.0008729,0.0009286,0.001025,0.001074,0.001069,0.000998256999999999,0.0010525090000000005,0.0010462033333333278
-0.976,0.0006175,0.0005882,0.0006303,0.000678,0.0007193,0.0007992,0.0008483,0.0008621,0.0009189,0.001014,0.001061,0.001057,0.0010022483333333324,0.0010464793333333328,0.0010488899999999972
-0.972,0.0006138,0.0005829,0.0006214,0.0006684,0.0007098,0.0007879,0.0008372,0.0008515,0.0009097,0.001002,0.001049,0.001046,0.0009938330000000017,0.001037618666666668,0.0010399346666666648
-0.968,0.0006101,0.000578,0.0006122,0.0006596,0.0007007,0.0007779,0.0008278,0.0008407,0.000902,0.0009908,0.001037,0.001035,0.000983307666666671,0.0010279460000000044,0.001029730666666669
-0.964,0.000608,0.0005726,0.0006049,0.0006525,0.000693,0.0007682,0.0008187,0.0008321,0.0008934,0.0009803,0.001026,0.001025,0.0009753599999999983,0.0010197030000000022,0.0010216553333333327
-0.96,0.0006068,0.000567,0.0005983,0.0006461,0.0006857,0.0007596,0.0008098,0.0008245,0.0008854,0.0009711,0.001015,0.001016,0.0009678196666666676,0.0010093869999999961,0.0010135153333333338
-0.956,0.0006063,0.0005636,0.0005927,0.0006401,0.0006788,0.0007516,0.0008001,0.0008175,0.0008781,0.0009624,0.001005,0.001008,0.0009516353333333305,0.000994963,0.0009987016666666696
-0.952,0.0006049,0.0005603,0.0005878,0.0006336,0.0006722,0.0007431,0.0007908,0.0008088,0.0008723,0.0009551,0.0009961,0.001,0.0009460523333333278,0.0009886686666666662,0.000992557666666667
-0.948,0.0006029,0.000557,0.0005829,0.0006273,0.0006659,0.0007353,0.0007813,0.000801,0.0008658,0.0009474,0.0009876,0.0009923,0.0009379019999999944,0.0009799380000000003,0.000983983333333333
-0.944,0.0006023,0.000554,0.0005782,0.0006209,0.00066,0.0007279,0.0007739,0.0007954,0.0008598,0.0009397,0.0009788,0.000986,0.0009293066666666614,0.0009699446666666672,0.000976218666666663
-0.94,0.0006033,0.0005507,0.0005744,0.0006161,0.0006549,0.0007212,0.000768,0.0007914,0.0008526,0.000932,0.0009701,0.0009791,0.0009268839999999967,0.0009642683333333311,0.0009733060000000014
-0.936,0.0006042,0.0005485,0.0005703,0.0006112,0.0006504,0.0007148,0.0007633,0.0007866,0.0008468,0.0009258,0.000962,0.0009715,0.0009238509999999998,0.0009595966666666655,0.0009692666666666637
-0.932,0.0006058,0.0005481,0.0005667,0.0006067,0.0006459,0.0007087,0.0007576,0.0007807,0.0008406,0.0009199,0.0009555,0.000965,0.0009154533333333329,0.0009516216666666642,0.0009611266666666631
-0.928,0.0006062,0.0005471,0.0005626,0.0006026,0.0006406,0.0007024,0.0007535,0.0007743,0.0008368,0.0009141,0.0009493,0.0009587,0.0009104813333333331,0.0009451509999999954,0.000955075000000001
-0.924,0.0006071,0.000547,0.0005599,0.0005989,0.0006366,0.0006974,0.0007468,0.0007684,0.0008332,0.0009086,0.0009427,0.0009526,0.000904371666666669,0.0009386463333333332,0.0009492213333333333
-0.92,0.0006078,0.0005479,0.0005586,0.000595,0.000633,0.0006927,0.0007422,0.0007657,0.0008296,0.0009019,0.0009367,0.0009477,0.0008990106666666696,0.0009339303333333373,0.0009450249999999982
-0.916,0.0006093,0.0005476,0.0005542,0.0005914,0.0006298,0.0006893,0.0007381,0.0007638,0.0008255,0.0008972,0.0009313,0.0009429,0.0008947449999999964,0.000928869333333334,0.0009408573333333325
-0.912,0.0006115,0.000547,0.0005517,0.000588,0.000627,0.000685,0.0007348,0.0007609,0.0008215,0.0008938,0.0009257,0.0009387,0.0008918006666666654,0.0009241293333333324,0.0009376189999999977
-0.908,0.0006136,0.0005462,0.000549,0.000584,0.0006234,0.0006813,0.0007313,0.0007586,0.0008186,0.0008895,0.0009208,0.0009367,0.0008887143333333299,0.0009194893333333321,0.0009353010000000026
-0.904,0.000617,0.0005458,0.0005458,0.0005804,0.0006201,0.000677,0.0007267,0.0007557,0.0008163,0.0008854,0.0009166,0.000933,0.0008836956666666667,0.0009136736666666634,0.0009310963333333334
-0.9,0.0006206,0.0005456,0.0005441,0.000577,0.0006178,0.0006742,0.000723,0.0007519,0.000814,0.000882,0.0009124,0.0009307,0.0008805119999999979,0.0009100669999999995,0.0009283603333333359
-0.896,0.0006232,0.0005469,0.0005434,0.000574,0.0006146,0.0006718,0.0007202,0.000749,0.0008112,0.0008778,0.0009091,0.0009264,0.0008775560000000025,0.0009077756666666649,0.0009253746666666637
-0.892,0.0006261,0.0005477,0.0005395,0.0005711,0.0006117,0.0006694,0.0007181,0.0007466,0.0008083,0.0008756,0.0009061,0.0009226,0.0008746960000000015,0.0009048133333333323,0.0009221163333333309
-0.888,0.0006284,0.0005473,0.0005381,0.0005694,0.0006088,0.0006665,0.0007155,0.0007449,0.0008052,0.0008736,0.0009027,0.0009201,0.0008724663333333349,0.0009014706666666688,0.000919730333333332
-0.884,0.0006305,0.0005475,0.0005366,0.0005671,0.0006076,0.000664,0.0007129,0.0007445,0.0008044,0.0008708,0.0008991,0.0009194,0.0008708393333333361,0.0008993263333333366,0.0009190306666666642
-0.88,0.0006325,0.0005484,0.0005348,0.0005658,0.0006062,0.0006608,0.0007092,0.0007417,0.0008017,0.000869,0.0008966,0.0009171,0.0008683700000000035,0.000895688333333334,0.0009162850000000017
-0.876,0.0006358,0.0005478,0.0005329,0.0005636,0.0006052,0.0006576,0.000708,0.0007395,0.0008003,0.0008672,0.0008938,0.0009153,0.000867530666666671,0.0008935410000000005,0.0009148210000000022
-0.872,0.0006396,0.0005485,0.0005315,0.0005616,0.0006027,0.0006573,0.0007051,0.0007378,0.0007991,0.0008657,0.0008909,0.000912,0.000865899666666667,0.000890495,0.0009115770000000007
-0.868,0.0006427,0.0005488,0.0005292,0.0005595,0.0006012,0.000657,0.0007032,0.0007372,0.000798,0.0008661,0.000889,0.0009102,0.000865920666666669,0.0008888379999999988,0.0009099283333333358
-0.864,0.0006447,0.0005484,0.0005272,0.0005573,0.000599,0.0006565,0.0007013,0.0007375,0.0007984,0.0008652,0.0008876,0.0009076,0.0008649616666666702,0.0008872699999999972,0.0009077166666666684
-0.86,0.000645,0.0005483,0.0005257,0.0005549,0.0005988,0.0006554,0.0007013,0.0007378,0.0007985,0.0008642,0.0008863,0.0009073,0.0008644053333333365,0.0008865320000000014,0.0009073753333333336
-0.856,0.0006442,0.0005474,0.0005234,0.0005535,0.0005977,0.0006534,0.0007006,0.0007368,0.0007974,0.0008633,0.0008856,0.0009066,0.0008635546666666703,0.0008858696666666627,0.0009069896666666666
-0.852,0.0006436,0.0005459,0.0005211,0.0005521,0.0005973,0.0006493,0.0007002,0.0007367,0.0007972,0.000862,0.0008849,0.0009065,0.0008625633333333347,0.000885117666666664,0.0009067086666666672
-0.848,0.0006431,0.000545,0.0005193,0.000551,0.0005959,0.0006473,0.0006983,0.0007375,0.0007972,0.000861,0.0008829,0.0009053,0.0008615473333333332,0.0008831553333333319,0.0009055753333333326
-0.844,0.0006413,0.0005441,0.000517,0.0005499,0.0005951,0.0006457,0.0006969,0.0007379,0.000797,0.0008605,0.0008818,0.0009055,0.0008607716666666626,0.0008820239999999967,0.0009051106666666673
-0.84,0.000639,0.0005429,0.0005151,0.0005477,0.0005941,0.0006444,0.0006968,0.0007372,0.0007979,0.0008599,0.0008815,0.0009031,0.0008598966666666655,0.000881363,0.0009030619999999969
-0.836,0.0006358,0.000542,0.0005143,0.000546,0.0005932,0.0006442,0.0006964,0.0007366,0.0007979,0.0008591,0.0008811,0.0009015,0.0008593366666666678,0.000880973333333333,0.0009018849999999993
-0.832,0.0006326,0.0005404,0.0005125,0.0005444,0.0005928,0.0006443,0.0006947,0.0007366,0.0007979,0.0008592,0.0008804,0.0009016,0.0008592883333333358,0.0008803850000000015,0.0009016536666666673
-0.828,0.0006292,0.0005378,0.0005109,0.0005436,0.0005918,0.000644,0.0006942,0.0007364,0.0007964,0.0008595,0.0008798,0.0009014,0.0008575523333333373,0.0008790399999999968,0.0009005579999999981
-0.824,0.0006252,0.0005348,0.000509,0.0005432,0.0005912,0.0006429,0.0006944,0.0007383,0.000796,0.0008597,0.0008786,0.0009015,0.0008480363333333309,0.000874214333333335,0.0008961763333333332
-0.82,0.0006198,0.0005313,0.0005074,0.000543,0.0005907,0.0006429,0.0006949,0.0007395,0.0007964,0.0008598,0.0008775,0.0009027,0.0008576573333333306,0.0008770633333333347,0.0009018173333333347
-0.816,0.0006135,0.0005269,0.000506,0.0005424,0.0005917,0.0006426,0.0006965,0.00074,0.0007978,0.0008599,0.0008776,0.0009016,0.0008597896666666663,0.0008777609999999999,0.0009014496666666681
-0.812,0.0006062,0.0005233,0.0005051,0.000542,0.0005925,0.0006436,0.0006961,0.0007402,0.0007984,0.0008594,0.0008779,0.0009007,0.0008596586666666695,0.0008779949999999955,0.0009010176666666669
-0.808,0.0005986,0.0005197,0.000504,0.0005415,0.0005932,0.0006444,0.0006959,0.0007403,0.0008004,0.0008603,0.0008779,0.0009013,0.0008604073333333347,0.0008781203333333285,0.0009012866666666632
-0.804,0.0005908,0.0005158,0.0005035,0.0005411,0.0005935,0.0006448,0.0006973,0.0007404,0.0008024,0.0008616,0.0008784,0.0009011,0.0008619053333333306,0.0008784673333333331,0.000901579666666662
-0.8,0.0005829,0.0005122,0.000502,0.0005411,0.0005944,0.0006445,0.0006983,0.0007431,0.0008033,0.0008635,0.0008782,0.0009022,0.0008636703333333312,0.0008783146666666647,0.0009024756666666651
-0.796,0.0005741,0.0005083,0.0005014,0.0005416,0.0005945,0.0006448,0.0006983,0.0007453,0.0008038,0.0008658,0.0008784,0.0009041,0.0008650723333333329,0.0008783956666666667,0.0009034699999999984
-0.792,0.0005648,0.0005039,0.0005002,0.0005429,0.0005956,0.0006447,0.0006996,0.000747,0.0008052,0.0008674,0.0008784,0.000904,0.0008670226666666648,0.0008786860000000009,0.0009039429999999987
-0.788,0.0005556,0.0004994,0.0004994,0.000544,0.0005968,0.0006455,0.0007024,0.0007481,0.0008057,0.0008687,0.0008795,0.0009039,0.0008685343333333332,0.0008797666666666682,0.0009041856666666718
-0.784,0.0005465,0.0004947,0.0004997,0.0005452,0.000598,0.0006464,0.000703,0.0007496,0.0008082,0.0008697,0.0008802,0.0009044,0.0008692300000000005,0.000880264999999999,0.000904334000000003
-0.78,0.0005376,0.0004907,0.0005005,0.000546,0.0005994,0.0006477,0.000705,0.0007501,0.0008123,0.0008711,0.0008812,0.0009048,0.0008713080000000041,0.0008814540000000006,0.0009052833333333351
-0.776,0.0005293,0.0004872,0.0005004,0.0005467,0.0006012,0.0006495,0.000706,0.0007533,0.0008137,0.0008725,0.0008816,0.000906,0.0008727206666666669,0.0008821513333333351,0.0009065383333333332
-0.772,0.0005211,0.0004839,0.0005003,0.0005476,0.0006026,0.0006511,0.0007061,0.0007551,0.0008164,0.0008737,0.0008822,0.0009074,0.0008743003333333345,0.0008828493333333345,0.0009078663333333353
-0.768,0.0005133,0.0004813,0.0005002,0.0005489,0.000604,0.0006529,0.000708,0.000757,0.0008176,0.0008757,0.0008836,0.0009087,0.0008761116666666667,0.000884066000000003,0.0009091456666666692
-0.764,0.0005055,0.0004786,0.0005002,0.0005504,0.0006059,0.000654,0.0007111,0.0007583,0.0008181,0.0008781,0.0008854,0.0009103,0.0008778196666666647,0.0008853293333333351,0.000910395666666667
-0.76,0.0004981,0.0004757,0.0005012,0.0005523,0.0006076,0.000656,0.0007137,0.0007606,0.0008203,0.0008799,0.0008869,0.0009128,0.0008800786666666629,0.0008872186666666662,0.0009129863333333312
-0.756,0.0004915,0.0004742,0.0005025,0.0005539,0.0006097,0.0006588,0.0007166,0.000762,0.0008237,0.000882,0.0008886,0.0009144,0.00088208433333333,0.000888758666666665,0.0009145386666666672
-0.752,0.0004855,0.0004729,0.0005035,0.0005555,0.0006119,0.0006602,0.0007181,0.0007662,0.0008268,0.0008842,0.0008901,0.0009159,0.0008842699999999998,0.0008904010000000016,0.0009159496666666665
-0.748,0.0004805,0.0004715,0.0005044,0.0005567,0.0006138,0.0006623,0.0007202,0.0007689,0.0008308,0.0008859,0.0008918,0.0009168,0.0008859963333333308,0.0008919339999999996,0.0009168926666666646
-0.744,0.0004762,0.0004704,0.0005057,0.0005586,0.0006154,0.0006645,0.0007225,0.0007712,0.0008334,0.0008888,0.0008939,0.0009179,0.0008890349999999984,0.0008938186666666679,0.0009181713333333352
-0.74,0.0004723,0.0004698,0.0005068,0.0005604,0.0006174,0.0006657,0.0007248,0.0007725,0.0008365,0.0008916,0.0008948,0.0009193,0.0008911939999999979,0.0008948863333333327,0.0009210580000000037
-0.736,0.0004691,0.000469,0.0005088,0.000562,0.0006198,0.0006687,0.0007268,0.0007748,0.0008386,0.0008948,0.0008954,0.0009217,0.0008943173333333328,0.000896544999999997,0.0009247586666666674
-0.732,0.0004665,0.0004691,0.0005108,0.0005636,0.0006231,0.00067,0.0007291,0.0007772,0.0008415,0.0008977,0.0008966,0.0009236,0.0008976250000000004,0.0008977299999999991,0.0009263743333333328
-0.728,0.000464,0.0004694,0.0005122,0.0005662,0.000626,0.00067,0.0007315,0.0007801,0.0008439,0.0009006,0.0008989,0.0009265,0.0008999336666666665,0.0008992133333333335,0.0009274043333333309
-0.724,0.0004617,0.0004698,0.0005138,0.000569,0.0006284,0.0006732,0.0007347,0.0007831,0.000846,0.0009028,0.0009005,0.0009281,0.0009026153333333352,0.0009018283333333338,0.0009309696666666619
-0.72,0.0004599,0.0004708,0.0005156,0.0005724,0.0006313,0.0006765,0.0007383,0.0007854,0.0008513,0.0009058,0.0009031,0.0009295,0.0009059780000000038,0.0009036139999999976,0.0009300320000000004
-0.716,0.0004586,0.0004723,0.0005176,0.000575,0.0006337,0.0006802,0.0007422,0.0007885,0.0008546,0.0009082,0.0009057,0.0009317,0.0009084293333333339,0.0009060296666666682,0.000932149333333333
-0.712,0.0004581,0.0004736,0.0005203,0.0005767,0.0006367,0.0006842,0.0007434,0.0007914,0.000858,0.0009111,0.0009083,0.0009342,0.0009112523333333326,0.0009087443333333328,0.0009346139999999975
-0.708,0.0004586,0.0004749,0.0005226,0.0005792,0.0006399,0.0006857,0.0007453,0.0007957,0.0008615,0.0009141,0.0009103,0.0009362,0.0009137336666666668,0.0009104093333333328,0.0009362373333333317
-0.704,0.0004591,0.0004767,0.0005252,0.0005822,0.000643,0.0006877,0.0007483,0.0007996,0.0008632,0.0009174,0.0009128,0.0009392,0.0009166473333333362,0.0009127333333333313,0.0009387573333333318
-0.7,0.0004599,0.0004786,0.0005278,0.0005854,0.0006453,0.0006906,0.0007512,0.0008015,0.0008652,0.0009205,0.0009151,0.0009412,0.0009198406666666653,0.0009151623333333334,0.0009410943333333321
-0.696,0.0004609,0.0004811,0.0005309,0.0005885,0.0006482,0.0006934,0.0007558,0.000804,0.0008685,0.0009239,0.0009178,0.0009437,0.0009242033333333338,0.0009192216666666665,0.0009461659999999988
-0.692,0.0004624,0.0004835,0.0005341,0.0005915,0.0006507,0.0006975,0.0007602,0.0008068,0.0008702,0.0009269,0.0009208,0.0009473,0.0009271083333333344,0.0009215033333333331,0.0009477666666666679
-0.688,0.0004639,0.000486,0.0005356,0.0005941,0.000654,0.000701,0.0007626,0.0008096,0.0008746,0.00093,0.0009241,0.0009498,0.0009296963333333293,0.0009240936666666681,0.0009502146666666666
-0.684,0.0004661,0.0004885,0.0005374,0.0005969,0.0006575,0.0007041,0.0007654,0.0008135,0.0008782,0.0009335,0.0009258,0.0009532,0.000934263333333332,0.0009275426666666669,0.0009549263333333293
-0.68,0.0004679,0.0004911,0.0005398,0.0005998,0.0006612,0.0007071,0.0007683,0.0008172,0.0008809,0.0009373,0.0009273,0.0009564,0.0009362999999999994,0.0009277853333333339,0.0009560153333333329
-0.676,0.0004699,0.0004938,0.0005428,0.0006028,0.0006643,0.0007094,0.0007714,0.0008191,0.0008853,0.0009406,0.0009307,0.0009596,0.0009418280000000041,0.0009332906666666688,0.0009622793333333361
-0.672,0.0004723,0.000497,0.0005466,0.0006064,0.0006668,0.0007118,0.0007737,0.0008232,0.0008899,0.000944,0.0009329,0.0009623,0.0009451106666666672,0.0009360756666666643,0.0009654510000000027
-0.668,0.0004751,0.0005001,0.0005505,0.0006097,0.000669,0.0007148,0.0007762,0.0008275,0.0008942,0.0009474,0.0009357,0.0009655,0.0009482343333333291,0.0009376253333333341,0.0009667646666666691
-0.664,0.0004782,0.0005031,0.0005535,0.0006124,0.0006718,0.0007185,0.0007796,0.0008323,0.0008977,0.0009509,0.000939,0.0009658,0.0009514129999999998,0.0009407666666666667,0.0009690380000000001
-0.66,0.0004815,0.0005056,0.0005566,0.0006145,0.0006756,0.0007226,0.0007837,0.0008354,0.0008999,0.0009546,0.0009422,0.0009676,0.000955089666666669,0.0009452526666666689,0.0009736193333333379
-0.656,0.0004844,0.0005079,0.0005593,0.000617,0.0006792,0.0007268,0.000788,0.0008382,0.0009023,0.0009586,0.000946,0.00097,0.0009586136666666665,0.0009486213333333343,0.0009746926666666705
-0.652,0.0004871,0.0005108,0.0005622,0.0006207,0.0006826,0.000731,0.0007918,0.0008408,0.0009049,0.0009622,0.0009503,0.0009734,0.0009625720000000001,0.0009527979999999986,0.0009768743333333377
-0.648,0.00049,0.0005143,0.0005651,0.0006246,0.0006855,0.000734,0.0007934,0.0008444,0.0009092,0.000966,0.0009537,0.0009783,0.0009668923333333336,0.0009593563333333348,0.0009849579999999976
-0.644,0.0004931,0.0005178,0.0005683,0.0006276,0.0006882,0.0007362,0.0007966,0.0008489,0.0009124,0.00097,0.0009559,0.0009835,0.000969994000000001,0.0009627503333333365,0.000990541000000001
-0.64,0.000497,0.0005214,0.0005714,0.0006307,0.0006913,0.0007387,0.0008007,0.0008534,0.0009145,0.0009741,0.0009588,0.0009867,0.0009724133333333324,0.0009687670000000007,0.000997491000000003
-0.636,0.0005003,0.0005243,0.0005745,0.0006336,0.0006945,0.0007409,0.0008046,0.0008559,0.0009176,0.0009773,0.0009617,0.000991,0.000973204666666665,0.0009714206666666695,0.0010008230000000012
-0.632,0.0005032,0.0005265,0.0005778,0.0006371,0.0006973,0.0007439,0.0008089,0.0008583,0.0009232,0.0009809,0.0009652,0.000994,0.0009776523333333371,0.000969032333333333,0.0009977829999999988
-0.628,0.0005058,0.0005292,0.0005804,0.000641,0.0007006,0.0007475,0.0008128,0.0008611,0.0009286,0.0009835,0.0009688,0.000997,0.0009812030000000032,0.0009698659999999979,0.0009982600000000015
-0.624,0.0005088,0.000532,0.0005832,0.0006448,0.0007035,0.0007512,0.0008156,0.000864,0.0009332,0.000987,0.0009719,0.001001,0.0009865240000000001,0.0009725360000000005,0.001001523333333332
-0.62,0.0005121,0.0005347,0.0005862,0.0006479,0.0007064,0.0007552,0.0008187,0.0008688,0.000936,0.0009907,0.0009745,0.001004,0.0009907913333333373,0.0009755589999999967,0.0010047733333333356
-0.616,0.0005152,0.0005381,0.0005892,0.0006514,0.0007101,0.0007591,0.0008213,0.0008734,0.0009374,0.0009945,0.0009786,0.001007,0.0009938040000000042,0.0009784316666666642,0.0010069066666666673
-0.612,0.0005186,0.0005415,0.0005926,0.0006546,0.0007133,0.0007627,0.0008248,0.0008767,0.0009402,0.0009984,0.0009818,0.00101,0.000997398333333337,0.0009814669999999998,0.001009550000000004
-0.608,0.000522,0.0005446,0.0005963,0.000658,0.0007168,0.0007652,0.0008288,0.00088,0.0009444,0.001003,0.0009854,0.001012,0.0010016403333333325,0.0009851840000000022,0.0010122866666666718
-0.604,0.0005249,0.0005481,0.000599,0.0006607,0.0007206,0.0007688,0.0008332,0.0008846,0.0009489,0.001007,0.0009885,0.001016,0.0010053606666666657,0.0009885626666666686,0.0010160966666666674
-0.6,0.0005279,0.0005512,0.0006022,0.0006633,0.0007241,0.0007722,0.0008361,0.0008888,0.0009523,0.001011,0.000992,0.001021,0.001011136666666667,0.0009930483333333326,0.0010221999999999976
-0.596,0.0005304,0.0005544,0.0006055,0.0006661,0.0007271,0.0007759,0.0008403,0.0008935,0.0009552,0.001015,0.0009956,0.001026,0.0010155553333333297,0.000997192666666668,0.001027713333333336
-0.592,0.0005326,0.0005578,0.0006093,0.0006696,0.0007311,0.000779,0.0008428,0.0008977,0.0009587,0.001018,0.0009988,0.001031,0.001018287666666666,0.0009999800000000014,0.0010318000000000026
-0.588,0.0005358,0.000561,0.0006125,0.0006729,0.0007344,0.0007824,0.0008461,0.0009003,0.0009623,0.001022,0.001003,0.001035,0.0010208236666666675,0.0010026173333333322,0.0010343400000000032
-0.584,0.0005392,0.000564,0.0006159,0.0006766,0.0007381,0.0007848,0.0008503,0.000903,0.0009662,0.001027,0.001007,0.001036,0.001026174333333333,0.0010069693333333322,0.001036116666666668
-0.58,0.0005419,0.0005672,0.0006189,0.0006799,0.0007412,0.0007887,0.0008542,0.0009061,0.0009707,0.001032,0.001011,0.001039,0.0010305086666666655,0.001010426,0.0010387533333333374
-0.576,0.0005447,0.0005698,0.0006221,0.0006828,0.0007445,0.000792,0.000858,0.0009097,0.0009745,0.001036,0.001015,0.001043,0.0010349323333333315,0.0010142563333333295,0.0010426033333333334
-0.572,0.0005477,0.000573,0.0006255,0.0006863,0.0007476,0.0007963,0.0008628,0.0009142,0.0009782,0.001042,0.001018,0.001048,0.0010411049999999949,0.0010182286666666656,0.0010483599999999962
-0.568,0.0005505,0.000576,0.0006287,0.0006893,0.000751,0.000799,0.000866,0.0009179,0.0009824,0.001046,0.001021,0.001054,0.001046063333333329,0.0010214599999999968,0.0010538133333333319
-0.564,0.0005535,0.0005791,0.000632,0.0006924,0.000754,0.0008023,0.0008692,0.0009209,0.0009851,0.00105,0.001023,0.001057,0.001050956666666664,0.0010248033333333313,0.0010577399999999971
-0.56,0.000556,0.000582,0.0006356,0.0006959,0.0007576,0.0008052,0.0008718,0.0009231,0.0009892,0.001056,0.001027,0.001059,0.001055946666666667,0.001027823333333333,0.0010594766666666647
-0.556,0.000558,0.0005848,0.000639,0.0006992,0.0007609,0.000809,0.0008748,0.0009259,0.0009934,0.001061,0.001031,0.001061,0.0010603640000000011,0.0010319300000000006,0.0010620340000000008
-0.552,0.0005601,0.0005875,0.0006419,0.0007019,0.0007638,0.0008119,0.0008788,0.0009283,0.0009974,0.001066,0.001034,0.001066,0.0010640720000000042,0.001034767666666665,0.0010650776666666702
-0.548,0.0005628,0.0005899,0.0006442,0.0007044,0.0007664,0.0008152,0.0008838,0.000932,0.001001,0.00107,0.001038,0.001071,0.001066410000000001,0.0010390486666666664,0.001068109666666664
-0.544,0.0005648,0.000592,0.0006464,0.0007064,0.0007697,0.0008175,0.0008876,0.0009357,0.001006,0.001074,0.001043,0.001076,0.0010715426666666674,0.0010433699999999992,0.0010706546666666655
-0.54,0.0005666,0.0005941,0.0006487,0.000709,0.0007719,0.0008202,0.0008919,0.00094,0.001009,0.001076,0.001047,0.001079,0.0010743523333333334,0.0010474170000000008,0.0010750743333333322
-0.536,0.0005684,0.0005962,0.0006504,0.0007117,0.000774,0.0008232,0.0008944,0.0009428,0.001012,0.001079,0.001051,0.001082,0.001077367333333332,0.001051896666666668,0.0010746696666666699
-0.532,0.0005699,0.0005982,0.0006523,0.0007139,0.0007759,0.0008265,0.0008966,0.0009456,0.001015,0.001083,0.001055,0.001085,0.001080282666666667,0.0010564166666666636,0.001081690666666668
-0.528,0.0005719,0.0005998,0.0006537,0.0007153,0.0007771,0.0008288,0.0008985,0.0009478,0.001019,0.001087,0.001059,0.00109,0.0010828956666666693,0.0010608866666666653,0.0010859179999999982
-0.524,0.0005741,0.000601,0.0006546,0.0007163,0.0007786,0.000831,0.0009013,0.00095,0.001022,0.001091,0.001062,0.001094,0.001088450666666669,0.0010638600000000022,0.0010917856666666646
-0.52,0.0005755,0.000602,0.0006557,0.0007174,0.0007811,0.0008327,0.000903,0.0009532,0.001027,0.001097,0.001066,0.001098,0.0010944129999999994,0.0010666400000000032,0.001093103999999996
-0.516,0.0005764,0.0006024,0.000656,0.000719,0.0007824,0.0008349,0.0009059,0.0009568,0.001032,0.001102,0.001069,0.001102,0.001099908333333331,0.001070599999999995,0.0010983873333333314
-0.512,0.0005773,0.0006025,0.0006558,0.0007204,0.0007838,0.0008376,0.0009083,0.0009605,0.001036,0.001108,0.001073,0.001105,0.0011062343333333319,0.0010741499999999955,0.001102622000000003
-0.508,0.0005777,0.0006026,0.0006561,0.0007213,0.000785,0.0008392,0.0009104,0.0009638,0.001039,0.001112,0.001077,0.001109,0.0011090086666666668,0.0010762499999999965,0.0011048466666666711
-0.504,0.0005786,0.0006021,0.0006566,0.0007222,0.0007877,0.0008418,0.0009135,0.0009684,0.001043,0.001115,0.00108,0.001114,0.0011134976666666643,0.0010808320000000027,0.001106882000000003
-0.5,0.0005792,0.0006024,0.0006571,0.0007237,0.0007907,0.0008445,0.0009167,0.0009717,0.001046,0.001117,0.001083,0.001118,0.0011145953333333322,0.0010846553333333348,0.0011036686666666704
-0.496,0.00058,0.0006025,0.000658,0.0007254,0.0007942,0.0008466,0.0009206,0.0009744,0.00105,0.00112,0.001087,0.001122,0.001115504000000004,0.0010915600000000025,0.001103250000000004
-0.492,0.0005802,0.0006021,0.0006588,0.0007271,0.0007971,0.0008497,0.0009243,0.0009779,0.001055,0.001124,0.001091,0.001126,0.0011200033333333382,0.001096003333333336,0.001107160000000001
-0.488,0.0005805,0.0006021,0.0006597,0.0007285,0.0007993,0.0008546,0.0009273,0.0009825,0.001061,0.00113,0.001096,0.00113,0.0011280340000000035,0.0010989400000000007,0.001121926666666668
-0.484,0.0005798,0.0006023,0.0006611,0.0007299,0.0008011,0.0008577,0.0009309,0.0009869,0.001065,0.001136,0.0011,0.001133,0.0011334523333333378,0.0011020533333333307,0.0011306099999999972
-0.48,0.0005792,0.0006029,0.0006626,0.0007324,0.0008045,0.0008612,0.0009352,0.0009915,0.001069,0.001143,0.001103,0.001138,0.0011424350000000037,0.001105150000000002,0.0011392266666666612
-0.476,0.0005784,0.0006039,0.0006637,0.0007358,0.0008077,0.0008642,0.0009387,0.0009951,0.001073,0.001148,0.001107,0.001142,0.0011463216666666662,0.001107706666666669,0.00114100333333333
-0.472,0.0005781,0.0006041,0.0006649,0.0007391,0.0008113,0.0008663,0.0009427,0.0009994,0.001077,0.001152,0.001111,0.001146,0.0011509716666666615,0.0011116366666666638,0.0011444239999999991
-0.468,0.0005783,0.0006044,0.0006659,0.0007416,0.000814,0.0008695,0.0009468,0.001004,0.001081,0.001156,0.001115,0.001151,0.0011548183333333294,0.0011149566666666649,0.0011497306666666716
-0.464,0.0005781,0.0006047,0.0006672,0.0007437,0.0008162,0.0008729,0.0009498,0.001009,0.001086,0.001159,0.001118,0.001155,0.00115711,0.0011175766666666688,0.0011537333333333363
-0.46,0.0005771,0.0006047,0.0006686,0.0007454,0.0008185,0.0008761,0.0009535,0.001013,0.001091,0.001162,0.001123,0.00116,0.001158919999999997,0.001124213333333333,0.0011596366666666658
-0.456,0.000576,0.000605,0.0006702,0.0007468,0.0008216,0.0008794,0.0009563,0.001016,0.001095,0.001167,0.001127,0.001165,0.0011615883333333287,0.001128933333333328,0.0011642033333333377
-0.452,0.0005745,0.0006053,0.0006713,0.0007482,0.000825,0.0008832,0.0009596,0.001018,0.001099,0.001171,0.001131,0.00117,0.0011657933333333302,0.0011331599999999953,0.0011696300000000029
-0.448,0.0005729,0.0006051,0.000672,0.0007492,0.0008278,0.0008865,0.0009637,0.001021,0.001104,0.001176,0.001135,0.001175,0.0011694530000000015,0.0011386966666666642,0.0011753833333333318
-0.444,0.0005716,0.0006049,0.0006723,0.0007498,0.0008296,0.0008896,0.0009671,0.001024,0.001107,0.001181,0.00114,0.001179,0.0011776066666666636,0.001141596666666662,0.0011796833333333327
-0.44,0.0005698,0.0006042,0.0006727,0.0007506,0.0008315,0.0008913,0.0009698,0.001027,0.00111,0.001184,0.001144,0.001183,0.001182630000000002,0.001146196666666664,0.0011839933333333294
-0.436,0.0005682,0.0006035,0.0006729,0.0007518,0.0008328,0.0008935,0.000972,0.001031,0.001114,0.001188,0.00115,0.001188,0.0011876100000000043,0.0011522299999999997,0.0011810646666666677
-0.432,0.0005663,0.0006033,0.0006733,0.0007531,0.0008344,0.0008949,0.0009739,0.001032,0.001118,0.001192,0.001155,0.001193,0.0011914033333333387,0.0011578333333333351,0.0011905696666666664
-0.428,0.0005649,0.0006031,0.0006738,0.0007546,0.0008359,0.0008972,0.0009764,0.001034,0.001122,0.001195,0.001159,0.001198,0.0011952566666666698,0.001160996666666669,0.0011980786666666654
-0.424,0.0005637,0.0006028,0.000674,0.0007554,0.0008368,0.0008989,0.0009792,0.001037,0.001125,0.001199,0.001163,0.001203,0.0011964733333333377,0.0011619400000000028,0.0012008966666666712
-0.42,0.0005626,0.0006024,0.000674,0.0007555,0.0008379,0.0008998,0.0009807,0.001039,0.001128,0.001203,0.001167,0.001207,0.0011976333333333386,0.0011645733333333298,0.0011955246666666718
-0.416,0.0005621,0.0006019,0.0006735,0.000755,0.0008389,0.0009016,0.0009828,0.001041,0.001129,0.001207,0.001171,0.001212,0.0012059000000000054,0.0011740366666666633,0.0012100899999999972
-0.412,0.0005617,0.000602,0.0006734,0.0007554,0.0008393,0.0009033,0.000985,0.001044,0.001133,0.00121,0.001177,0.001216,0.0012099266666666642,0.0011768166666666646,0.001216113333333331
-0.408,0.0005608,0.0006019,0.0006738,0.0007562,0.00084,0.000905,0.0009867,0.001046,0.001136,0.001215,0.001182,0.001221,0.0012140700000000033,0.00118103,0.0012203033333333376
-0.404,0.0005604,0.0006016,0.000674,0.0007573,0.0008409,0.0009071,0.0009887,0.001049,0.001139,0.001219,0.001185,0.001225,0.0012182133333333387,0.0011852633333333308,0.0012242319999999985
-0.4,0.0005596,0.0006015,0.0006745,0.0007579,0.0008414,0.0009083,0.0009908,0.001053,0.001143,0.001222,0.001189,0.00123,0.0012217600000000025,0.0011904333333333317,0.0012238430000000038
-0.396,0.0005589,0.0006014,0.0006747,0.000758,0.000843,0.0009094,0.0009932,0.001057,0.001146,0.001226,0.001192,0.001234,0.0012269000000000039,0.0011929966666666693,0.001234866666666673
-0.392,0.0005589,0.0006017,0.0006744,0.0007584,0.0008442,0.0009112,0.0009961,0.001061,0.001149,0.00123,0.001196,0.001238,0.001229966666666672,0.0011965666666666622,0.001238553333333337
-0.388,0.0005588,0.0006023,0.0006744,0.0007594,0.0008453,0.0009129,0.0009991,0.001064,0.001153,0.001234,0.0012,0.001242,0.0012334166666666732,0.0011998099999999963,0.00124194666666667
-0.384,0.0005587,0.0006021,0.0006747,0.0007605,0.0008462,0.0009155,0.001002,0.001067,0.001156,0.001238,0.001204,0.001246,0.0012369700000000028,0.0012045333333333297,0.001245443333333338
-0.38,0.0005589,0.0006022,0.0006742,0.0007617,0.0008479,0.0009175,0.001004,0.00107,0.001161,0.001243,0.001208,0.001251,0.0012402399999999994,0.0012075433333333272,0.0012485966666666677
-0.376,0.0005588,0.0006015,0.0006747,0.0007622,0.0008491,0.0009187,0.001008,0.001075,0.001166,0.001248,0.001212,0.001256,0.0012465333333333368,0.0012119533333333288,0.0012553399999999967
-0.372,0.000559,0.0006009,0.0006751,0.0007623,0.0008511,0.0009217,0.001011,0.001079,0.00117,0.001252,0.001216,0.00126,0.0012499233333333303,0.0012170799999999963,0.0012601133333333303
-0.368,0.0005591,0.0006006,0.0006755,0.000763,0.000853,0.0009248,0.001014,0.001083,0.001175,0.001257,0.00122,0.001264,0.0012553800000000013,0.001222996666666665,0.001265983333333328
-0.364,0.000559,0.0006007,0.0006761,0.0007644,0.0008545,0.0009281,0.001017,0.001087,0.00118,0.001263,0.001224,0.001268,0.001260043333333333,0.001225073333333334,0.001265905999999996
-0.36,0.0005592,0.0006009,0.0006769,0.0007668,0.000857,0.0009319,0.001021,0.001091,0.001184,0.001268,0.001227,0.001273,0.0012666966666666627,0.0012330166666666635,0.001287750000000004
-0.356,0.0005591,0.0006016,0.000678,0.0007694,0.0008599,0.0009345,0.001024,0.001097,0.001189,0.001274,0.001231,0.001278,0.0012709866666666648,0.0012361566666666641,0.0012891043333333344
-0.352,0.0005588,0.0006021,0.0006797,0.000772,0.0008631,0.0009366,0.001028,0.001103,0.001194,0.001279,0.001235,0.001283,0.0012720633333333285,0.0012548533333333288,0.0013800499999999968
-0.348,0.0005592,0.0006029,0.0006819,0.0007743,0.0008667,0.0009406,0.001032,0.001108,0.0012,0.001284,0.00124,0.001288,0.001279796666666668,0.001242896666666667,0.0012876633333333365
-0.344,0.0005593,0.0006039,0.0006836,0.0007768,0.0008696,0.0009442,0.001036,0.001113,0.001206,0.00129,0.001245,0.001293,0.0012866600000000059,0.0012500499999999976,0.0013041899999999963
-0.34,0.0005595,0.0006052,0.000686,0.0007796,0.0008725,0.0009474,0.001041,0.001119,0.001212,0.001297,0.00125,0.001297,0.0012927533333333338,0.0012562333333333284,0.0013248666666666631
-0.336,0.00056,0.0006064,0.0006881,0.0007833,0.0008766,0.0009518,0.001046,0.001125,0.001217,0.001302,0.001254,0.001303,0.0012991266666666714,0.001257189999999997,0.0013136833333333307
-0.332,0.0005608,0.0006083,0.0006906,0.0007868,0.0008806,0.0009561,0.001052,0.001131,0.001224,0.001309,0.001259,0.001308,0.001308376666666669,0.0012645900000000045,0.001313636666666662
-0.328,0.0005613,0.0006111,0.0006936,0.0007904,0.0008855,0.0009611,0.001057,0.001138,0.00123,0.001316,0.001263,0.001313,0.0013128133333333316,0.001271770000000002,0.001321310000000002
-0.324,0.0005627,0.0006144,0.0006975,0.0007941,0.0008906,0.0009674,0.001063,0.001144,0.001237,0.001322,0.001269,0.001319,0.0013206733333333295,0.0012847500000000042,0.0013336100000000013
-0.32,0.0005639,0.0006177,0.0007012,0.0007985,0.000896,0.0009729,0.001068,0.001148,0.001244,0.001329,0.001273,0.001324,0.0013283666666666707,0.0012853133333333387,0.0013348833333333304
-0.316,0.000565,0.0006211,0.0007057,0.0008035,0.0009011,0.0009767,0.001074,0.001155,0.001251,0.001336,0.001279,0.00133,0.001335340000000002,0.0012928533333333297,0.0013431666666666637
-0.312,0.0005662,0.0006241,0.0007102,0.0008092,0.0009065,0.0009823,0.00108,0.001163,0.001258,0.001343,0.001284,0.001337,0.0013436266666666643,0.0013036100000000032,0.0013547166666666637
-0.308,0.0005683,0.0006281,0.0007149,0.0008148,0.0009119,0.0009878,0.001087,0.00117,0.001265,0.001351,0.00129,0.001342,0.0013511166666666636,0.0013156733333333397,0.0013661166666666693
-0.304,0.0005706,0.0006329,0.0007201,0.0008211,0.0009176,0.0009937,0.001094,0.001178,0.001272,0.001358,0.001296,0.001349,0.001357306666666671,0.0013182533333333383,0.0013745999999999973
-0.3,0.0005736,0.0006384,0.0007261,0.0008275,0.0009234,0.0009999,0.001101,0.001185,0.001279,0.001366,0.001302,0.001355,0.0013662433333333328,0.0013286200000000054,0.0013847866666666644
-0.296,0.0005768,0.0006441,0.0007323,0.0008339,0.0009302,0.001006,0.001109,0.001191,0.001286,0.001373,0.001307,0.001361,0.0013730733333333382,0.0013334333333333364,0.001390216666666668
-0.292,0.0005803,0.0006505,0.0007385,0.0008404,0.0009369,0.001012,0.001116,0.001198,0.001294,0.001381,0.001313,0.001367,0.0013803600000000052,0.0013392966666666707,0.0013961766666666703
-0.288,0.0005841,0.0006569,0.000745,0.000847,0.0009439,0.00102,0.001124,0.001205,0.001301,0.001388,0.001319,0.001373,0.001387650000000001,0.0013507300000000014,0.0014016633333333397
-0.284,0.0005888,0.0006641,0.0007518,0.0008542,0.0009513,0.001028,0.001131,0.001212,0.001309,0.001396,0.001326,0.00138,0.0013978300000000031,0.0013626999999999975,0.0014134999999999992
-0.28,0.0005941,0.0006719,0.0007596,0.0008622,0.0009591,0.001035,0.001139,0.00122,0.001317,0.001404,0.001332,0.001386,0.0014046633333333364,0.0013703666666666657,0.00142115
-0.276,0.0006002,0.0006799,0.0007679,0.0008703,0.0009671,0.001041,0.001147,0.001228,0.001325,0.001412,0.001339,0.001394,0.0014132300000000055,0.0013707066666666628,0.001422663333333337
-0.272,0.0006067,0.0006885,0.0007766,0.0008789,0.0009753,0.001048,0.001155,0.001236,0.001334,0.00142,0.001345,0.0014,0.0014203999999999979,0.001372806666666665,0.001430356666666673
-0.268,0.000614,0.0006981,0.0007856,0.000887,0.0009841,0.001054,0.001163,0.001245,0.001342,0.001429,0.001352,0.001407,0.001428773333333339,0.0013866700000000037,0.0014433966666666652
-0.264,0.0006222,0.000708,0.0007951,0.0008957,0.0009927,0.001062,0.001172,0.001253,0.001351,0.001437,0.00136,0.001415,0.0014364366666666725,0.0013965200000000048,0.0014535066666666655
-0.26,0.0006308,0.0007187,0.0008048,0.0009054,0.001001,0.001071,0.00118,0.001262,0.00136,0.001446,0.001367,0.001422,0.0014462500000000027,0.0014019033333333361,0.0014540599999999966
-0.256,0.00064,0.0007297,0.000815,0.0009161,0.00101,0.001079,0.001189,0.001271,0.001369,0.001454,0.001373,0.001429,0.0014556166666666722,0.0014136100000000063,0.0014659966666666728
-0.252,0.0006502,0.0007411,0.0008265,0.0009269,0.00102,0.001088,0.001198,0.001281,0.001378,0.001462,0.00138,0.001435,0.0014624700000000054,0.0014174066666666641,0.001469603333333339
-0.248,0.0006617,0.0007537,0.0008383,0.0009381,0.001031,0.001097,0.001206,0.00129,0.001388,0.001471,0.001386,0.001442,0.0014746533333333336,0.0014285633333333313,0.0014809633333333321
-0.244,0.0006744,0.0007674,0.000851,0.0009493,0.001042,0.001107,0.001216,0.001301,0.001397,0.00148,0.001393,0.001449,0.001480603333333329,0.0014290933333333288,0.0014816933333333285
-0.24,0.0006884,0.0007821,0.0008642,0.0009611,0.001053,0.001117,0.001227,0.001312,0.001407,0.001487,0.001401,0.001457,0.0014915966666666685,0.001444239999999998,0.0014967299999999936
-0.236,0.0007032,0.0007978,0.0008784,0.0009741,0.001065,0.001127,0.001237,0.001322,0.001416,0.001494,0.001408,0.001465,0.001495883333333332,0.0014406833333333363,0.0014940966666666625
-0.232,0.000719,0.0008144,0.0008932,0.0009883,0.001077,0.001138,0.001248,0.001332,0.001427,0.001501,0.001416,0.001473,0.0015056833333333274,0.001443759999999994,0.0014985333333333343
-0.228,0.0007362,0.000833,0.0009097,0.001002,0.00109,0.00115,0.001259,0.001343,0.001437,0.00151,0.001423,0.001481,0.0015176966666666696,0.0014658433333333356,0.001524970000000006
-0.224,0.0007546,0.0008529,0.000927,0.001018,0.001103,0.001161,0.001271,0.001354,0.001449,0.001521,0.001431,0.001489,0.0015275766666666651,0.0014775633333333365,0.0015309033333333387
-0.22,0.0007748,0.0008745,0.0009454,0.001034,0.001117,0.001174,0.001282,0.001367,0.00146,0.001534,0.001439,0.001497,0.0015388899999999935,0.0014713333333333382,0.00152577333333334
-0.216,0.0007965,0.0008976,0.0009648,0.001052,0.001132,0.001186,0.001295,0.00138,0.001473,0.001542,0.001447,0.001505,0.0015465833333333262,0.0014699066666666622,0.0015268366666666626
-0.212,0.0008203,0.0009222,0.0009861,0.00107,0.001148,0.001199,0.001308,0.001394,0.001487,0.00155,0.001456,0.001513,0.001557199999999997,0.0014970466666666714,0.001551273333333326
-0.208,0.000846,0.000949,0.001009,0.00109,0.001165,0.001213,0.001322,0.001408,0.0015,0.001558,0.001464,0.001521,0.0015682566666666683,0.0015055900000000052,0.0015601033333333294
-0.204,0.0008738,0.0009783,0.001033,0.001111,0.001183,0.001228,0.001336,0.001421,0.001513,0.001567,0.001472,0.001529,0.0015802533333333323,0.001530499999999995,0.0015813466666666676
-0.2,0.0009038,0.00101,0.001059,0.001134,0.001202,0.001243,0.001351,0.001435,0.001526,0.001578,0.00148,0.001537,0.0015817000000000058,0.0015200833333333286,0.0015732566666666707
-0.196,0.0009364,0.001045,0.001088,0.001159,0.001223,0.001259,0.001366,0.00145,0.00154,0.001592,0.001489,0.001546,0.001596939999999997,0.0015293166666666704,0.0015811566666666624
-0.192,0.0009717,0.001082,0.001119,0.001185,0.001244,0.001276,0.001383,0.001466,0.001553,0.001604,0.001497,0.001555,0.0016043966666666628,0.001530933333333341,0.0015865466666666584
-0.188,0.00101,0.001122,0.001152,0.001213,0.001267,0.001295,0.001401,0.001484,0.001569,0.001617,0.001506,0.001564,0.0016033633333333277,0.0015192366666666717,0.001575713333333336
-0.184,0.001052,0.001166,0.001187,0.001243,0.001292,0.001314,0.001419,0.001502,0.001585,0.00163,0.001516,0.001573,0.0016009900000000061,0.0015202866666666707,0.0015700399999999965
-0.18,0.001097,0.001211,0.001226,0.001275,0.001318,0.001335,0.001438,0.001521,0.001603,0.001644,0.001525,0.001583,0.0016166866666666618,0.0015382999999999987,0.0015790033333333343
-0.176,0.001146,0.00126,0.001267,0.00131,0.001347,0.001357,0.001457,0.001542,0.001621,0.001659,0.001535,0.001592,0.0016351533333333378,0.001560223333333336,0.0016003599999999966
-0.172,0.001199,0.001313,0.001311,0.001348,0.001377,0.00138,0.001478,0.001564,0.001639,0.001673,0.001545,0.001602,0.00165541666666666,0.0015646266666666708,0.0015825333333333296
-0.168,0.001255,0.001369,0.001359,0.001388,0.001409,0.001405,0.001501,0.001586,0.001658,0.001687,0.001555,0.001611,0.0016774566666666628,0.0015839366666666587,0.0016060433333333261
-0.164,0.001315,0.00143,0.001409,0.001431,0.001444,0.001431,0.001526,0.001609,0.001677,0.001703,0.001565,0.001621,0.001701880000000006,0.001610999999999996,0.0016256766666666621
-0.16,0.001379,0.001495,0.001462,0.001475,0.001481,0.001459,0.001552,0.001633,0.001697,0.001719,0.001576,0.001631,0.0017211266666666751,0.0016423766666666725,0.0016799133333333304
-0.156,0.001448,0.001563,0.001518,0.001522,0.001519,0.001488,0.001579,0.00166,0.001719,0.001736,0.001587,0.001641,0.0017400666666666687,0.0016557366666666705,0.00170698666666667
-0.152,0.001521,0.001634,0.001577,0.001572,0.001561,0.001519,0.001609,0.001688,0.001742,0.001754,0.001597,0.001651,0.001762319999999996,0.0016609100000000042,0.0017099900000000067
-0.148,0.001598,0.001709,0.001639,0.001626,0.001605,0.001553,0.001639,0.00172,0.001767,0.001773,0.001609,0.001661,0.001781516666666674,0.0016729033333333422,0.001720136666666674
-0.144,0.001679,0.001787,0.001705,0.001683,0.001652,0.001588,0.001671,0.001752,0.001794,0.001793,0.00162,0.001672,0.0018098666666666637,0.0016921166666666713,0.0017387066666666709
-0.14,0.001763,0.001868,0.001775,0.001744,0.001702,0.001626,0.001705,0.001788,0.001823,0.001814,0.001632,0.001683,0.001829923333333327,0.0017151666666666721,0.0017612033333333295
-0.136,0.001852,0.001951,0.001849,0.001807,0.001755,0.001666,0.001742,0.001827,0.001854,0.001836,0.001645,0.001694,0.0018591999999999975,0.0017334800000000047,0.00177363999999999
-0.132,0.001943,0.002038,0.001925,0.001873,0.001812,0.001709,0.001782,0.00187,0.001889,0.00186,0.001657,0.001706,0.0018797999999999907,0.0017362500000000058,0.0017803066666666637
-0.128,0.002037,0.002127,0.002004,0.001944,0.001874,0.001756,0.001827,0.001917,0.001927,0.001886,0.00167,0.001718,0.0019063833333333364,0.0017610599999999983,0.001803843333333332
-0.124,0.002134,0.002219,0.002086,0.002018,0.001938,0.001806,0.001875,0.001968,0.001969,0.001913,0.001683,0.001731,0.0019396733333333382,0.0017843799999999943,0.0018312966666666642
-0.12,0.002232,0.002311,0.00217,0.002096,0.002007,0.00186,0.001928,0.002024,0.002014,0.001943,0.001696,0.001743,0.001976099999999997,0.0018105066666666602,0.0018501700000000015
-0.116,0.002332,0.002404,0.002258,0.002177,0.002079,0.001919,0.001985,0.002084,0.002065,0.001976,0.00171,0.001757,0.0020141533333333265,0.0018333799999999923,0.0018675700000000029
-0.112,0.002433,0.002498,0.002347,0.002262,0.002156,0.001983,0.002047,0.002147,0.002119,0.002012,0.001725,0.00177,0.0020560700000000075,0.001858693333333324,0.001894583333333334
-0.108,0.002534,0.002591,0.002437,0.00235,0.002236,0.002052,0.002114,0.002214,0.002177,0.002052,0.00174,0.001785,0.002096506666666675,0.0018680533333333353,0.0019092333333333308
-0.104,0.002636,0.002684,0.002527,0.00244,0.002321,0.002126,0.002186,0.002282,0.002239,0.002096,0.001756,0.001799,0.0021420199999999936,0.0018955666666666622,0.0019152766666666642
-0.1,0.002737,0.002776,0.002617,0.002531,0.002407,0.002204,0.002263,0.00235,0.002303,0.002144,0.001773,0.001815,0.002183703333333334,0.001901176666666674,0.001904940000000005
-0.096,0.002836,0.002865,0.002707,0.002622,0.002496,0.002287,0.002342,0.002415,0.002369,0.002196,0.001791,0.00183,0.0022524033333333254,0.001919879999999995,0.0019266700000000003
-0.092,0.002932,0.002951,0.002794,0.002712,0.002585,0.002371,0.002424,0.002478,0.002434,0.002252,0.001811,0.001847,0.0023126899999999975,0.0019489800000000042,0.0019461000000000003
-0.088,0.003026,0.003032,0.002878,0.002801,0.002674,0.002458,0.002507,0.002534,0.002497,0.002312,0.001831,0.001865,0.002370216666666659,0.0019571833333333444,0.0019460600000000036
-0.084,0.003116,0.003108,0.002958,0.002887,0.00276,0.002544,0.002591,0.002584,0.002557,0.002374,0.001854,0.001886,0.002427293333333329,0.0019649333333333417,0.0019582166666666703
-0.08,0.003202,0.00318,0.003032,0.00297,0.002843,0.002629,0.002675,0.002627,0.002613,0.002437,0.001878,0.001907,0.002501926666666675,0.0019938300000000037,0.0019921399999999955
-0.076,0.003283,0.003245,0.0031,0.003048,0.00292,0.002712,0.002756,0.002663,0.002664,0.002499,0.001904,0.001929,0.002546083333333334,0.002009586666666673,0.0020013333333333285
-0.072,0.003358,0.003307,0.003162,0.00312,0.002991,0.002792,0.002834,0.002692,0.002711,0.002558,0.001932,0.001953,0.002592069999999991,0.002008363333333335,0.0019962133333333285
-0.068,0.003429,0.003362,0.003216,0.003185,0.003053,0.002866,0.002904,0.002713,0.002751,0.002614,0.001963,0.001981,0.002640243333333336,0.0020249666666666715,0.0020150466666666706
-0.064,0.003495,0.003412,0.003262,0.003241,0.003106,0.002934,0.002965,0.002728,0.002783,0.002665,0.001998,0.00201,0.002684553333333338,0.002051736666666673,0.0020318200000000028
-0.06,0.003556,0.003454,0.003297,0.003286,0.003147,0.002993,0.003016,0.002735,0.002809,0.002712,0.002037,0.002043,0.002727720000000008,0.0020721300000000023,0.002063480000000008
-0.056,0.003612,0.003489,0.003322,0.003319,0.003176,0.003042,0.003056,0.002735,0.002829,0.002752,0.002078,0.002078,0.002760996666666661,0.0020967700000000086,0.002090663333333344
-0.052,0.003665,0.003517,0.00334,0.00334,0.003191,0.00308,0.003084,0.002728,0.002842,0.002788,0.002122,0.002116,0.002793580000000004,0.0021420833333333318,0.0021261500000000068
-0.048,0.003714,0.003539,0.003352,0.003348,0.003192,0.003107,0.003103,0.002714,0.002849,0.002818,0.002169,0.002155,0.002818183333333329,0.0021935499999999938,0.002164176666666671
-0.044,0.003758,0.003553,0.003357,0.003341,0.003176,0.003122,0.003112,0.002692,0.00285,0.002842,0.002217,0.002196,0.0028404566666666714,0.0022394000000000064,0.0021972099999999937
-0.04,0.003799,0.003558,0.003353,0.003316,0.003143,0.003123,0.003113,0.002664,0.002842,0.002862,0.002265,0.002237,0.002848620000000005,0.0022653733333333295,0.002218973333333335
-0.036,0.003835,0.003555,0.003335,0.003269,0.003092,0.00311,0.003105,0.002631,0.002826,0.002875,0.002312,0.002274,0.002860359999999995,0.0023140866666666593,0.002249149999999997
-0.032,0.003867,0.003543,0.003297,0.003194,0.003023,0.003082,0.003085,0.002594,0.0028,0.002882,0.002355,0.002308,0.00286389000000001,0.002354156666666662,0.002279246666666658
-0.028,0.003896,0.003521,0.003235,0.003088,0.002937,0.00304,0.003053,0.002555,0.002766,0.002884,0.002395,0.002337,0.0028621500000000025,0.0023846266666666697,0.002305203333333334
-0.024,0.00392,0.003484,0.003148,0.002958,0.002841,0.002981,0.003007,0.002518,0.002725,0.002878,0.002431,0.002363,0.0028516566666666734,0.0024329599999999953,0.002324830000000003
-0.02,0.003941,0.003431,0.003041,0.002813,0.002739,0.002906,0.002947,0.002488,0.002683,0.002863,0.002462,0.002387,0.00283642333333332,0.002463949999999995,0.0023570300000000013
-0.016,0.003956,0.003358,0.002918,0.002667,0.002639,0.002822,0.002875,0.002468,0.002647,0.00284,0.00249,0.002407,0.0027972166666666563,0.0024997233333333303,0.0023565800000000087
-0.012,0.003964,0.00327,0.002788,0.002536,0.002547,0.002732,0.002799,0.00246,0.002622,0.002811,0.002514,0.002426,0.002766210000000002,0.0025158800000000046,0.0023638233333333407
-0.008,0.003965,0.003167,0.002655,0.002432,0.002471,0.002646,0.002727,0.002463,0.00261,0.002779,0.002535,0.002442,0.002760243333333321,0.0025304299999999963,0.002418423333333347
-0.004,0.003958,0.003056,0.002528,0.00236,0.002417,0.002574,0.002669,0.002472,0.002609,0.002748,0.002553,0.002457,0.0027481166666666512,0.0025567300000000136,0.002451480000000007
0.0,0.003945,0.002937,0.00242,0.002323,0.002392,0.002522,0.002633,0.002484,0.002615,0.002725,0.002568,0.002469,0.002726873333333323,0.002570860000000008,0.0024658600000000085
0.004,0.00393,0.002815,0.002338,0.002316,0.002391,0.002494,0.00262,0.0025,0.002626,0.002711,0.00258,0.002477,0.002716830000000008,0.002586750000000013,0.002485093333333324
0.008,0.003914,0.002694,0.002286,0.002327,0.002406,0.002489,0.002624,0.002517,0.00264,0.002708,0.002587,0.002481,0.00271020000000001,0.0025871733333333404,0.002482576666666658
0.012,0.003895,0.002585,0.002261,0.00235,0.00243,0.002499,0.002639,0.002536,0.002656,0.002713,0.002591,0.002482,0.0027143833333333318,0.0025899433333333387,0.002481809999999991
0.016,0.003872,0.002496,0.002257,0.002378,0.002454,0.002518,0.002659,0.002556,0.002673,0.002723,0.002589,0.002478,0.0027273999999999996,0.0025875066666666605,0.0024740499999999915
0.02,0.003837,0.002433,0.002269,0.002408,0.00248,0.002539,0.002681,0.002577,0.002691,0.002737,0.002583,0.002471,0.0027373666666666587,0.0025819566666666666,0.0024645633333333335
0.024,0.003789,0.002402,0.002292,0.00244,0.002506,0.002563,0.002705,0.002598,0.002711,0.002752,0.002571,0.002462,0.002751523333333324,0.002576483333333329,0.0024558333333333324
0.028,0.003723,0.0024,0.002322,0.002471,0.002533,0.002588,0.002731,0.00262,0.00273,0.002769,0.002556,0.002453,0.0027677733333333404,0.0025688433333333352,0.0024609400000000043
0.032,0.003634,0.002422,0.002356,0.002502,0.00256,0.002613,0.002758,0.002643,0.002751,0.002788,0.002542,0.002445,0.002788420000000009,0.002552243333333342,0.002451850000000004
0.036,0.003515,0.00246,0.002391,0.002533,0.002588,0.002639,0.002785,0.002667,0.002772,0.002807,0.00253,0.002441,0.0028107933333333395,0.0025467900000000067,0.002445193333333345
0.04,0.003362,0.002505,0.002426,0.002562,0.002614,0.002665,0.002813,0.002691,0.002794,0.002827,0.002522,0.00244,0.0028439000000000107,0.0025737933333333444,0.0024667700000000022
0.044,0.003193,0.002551,0.00246,0.00259,0.00264,0.002691,0.00284,0.002716,0.002816,0.002847,0.002519,0.002441,0.002859190000000009,0.0025675400000000083,0.002478920000000012
0.048,0.003048,0.002596,0.002495,0.002616,0.002665,0.002718,0.002868,0.002741,0.002839,0.002868,0.00252,0.002445,0.0028733033333333264,0.0025637799999999964,0.00247951666666667
0.052,0.002962,0.002641,0.002528,0.002641,0.002688,0.002745,0.002896,0.002765,0.002861,0.002889,0.002525,0.002451,0.002903160000000003,0.0026048899999999977,0.0025144799999999926
0.056,0.002945,0.002685,0.002561,0.002664,0.00271,0.002771,0.002923,0.00279,0.002884,0.002911,0.002532,0.002458,0.0029234366666666687,0.002584163333333326,0.002484386666666661
0.06,0.002981,0.002727,0.002591,0.002685,0.002731,0.002797,0.00295,0.002814,0.002907,0.002932,0.002541,0.002467,0.0029353200000000086,0.002560013333333337,0.002487133333333331
0.064,0.003038,0.002766,0.00262,0.002703,0.00275,0.002822,0.002975,0.002836,0.002929,0.002953,0.002551,0.002475,0.002959436666666663,0.002565063333333329,0.002482680000000001
0.068,0.003092,0.002803,0.002647,0.002719,0.002767,0.002844,0.002999,0.002858,0.00295,0.002974,0.002562,0.002481,0.002981686666666676,0.0025772866666666566,0.0024922333333333288
0.072,0.003141,0.002836,0.002671,0.002732,0.002782,0.002865,0.00302,0.0028770000000000002,0.00297,0.002994,0.002574,0.002488,0.003001883333333345,0.002585026666666658,0.002495673333333342
0.076,0.003186,0.002866,0.002692,0.002741,0.002794,0.002883,0.003038,0.002893,0.002987,0.003014,0.002585,0.002495,0.003023086666666657,0.002605496666666655,0.0025131033333333436
0.08,0.003227,0.002892,0.002711,0.002746,0.002803,0.002898,0.003053,0.002905,0.003001,0.003033,0.002598,0.002502,0.003040193333333323,0.0026155833333333265,0.002514416666666671
0.084,0.003265,0.002914,0.002725,0.002748,0.002807,0.002908,0.003064,0.002911,0.003012,0.003051,0.002611,0.00251,0.0030567333333333456,0.0026391866666666645,0.0025339533333333373
0.088,0.003297,0.002931,0.002735,0.002745,0.002807,0.002912,0.00307,0.002911,0.003018,0.003067,0.002624,0.002517,0.003069143333333343,0.002663119999999989,0.00253518333333333
0.092,0.003324,0.002943,0.00274,0.002738,0.002801,0.002912,0.00307,0.002906,0.003018,0.00308,0.002639,0.002524,0.0030783333333333322,0.0026513433333333197,0.002519739999999997
0.096,0.003347,0.002949,0.00274,0.002724,0.00279,0.002906,0.003065,0.002893,0.003012,0.003089,0.002653,0.002531,0.0030846800000000024,0.002652686666666669,0.0025327399999999886
0.1,0.003365,0.002948,0.002734,0.002704,0.002775,0.002896,0.003052,0.002873,0.002998,0.003095,0.002667,0.002536,0.0030909666666666547,0.002668273333333322,0.002533009999999993
0.104,0.003376,0.00294,0.002722,0.002677,0.002757,0.002879,0.003032,0.002846,0.002977,0.003095,0.002682,0.002542,0.003090069999999986,0.0026820299999999898,0.002537376666666671
0.108,0.003381,0.002926,0.002702,0.002644,0.002734,0.002856,0.003006,0.002812,0.002947,0.003088,0.002696,0.002548,0.0030801933333333225,0.002691700000000001,0.0025396166666666665
0.112,0.003378,0.002904,0.002675,0.002604,0.002707,0.002825,0.002973,0.002771,0.002911,0.003075,0.002711,0.002556,0.0030621533333333438,0.002699300000000007,0.0025397433333333354
0.116,0.003369,0.002874,0.002642,0.002558,0.002674,0.002788,0.002932,0.002723,0.002868,0.003054,0.002725,0.002564,0.003032793333333335,0.0027154666666666587,0.002540150000000006
0.12,0.003352,0.002837,0.002602,0.002505,0.002634,0.002744,0.002884,0.002669,0.002817,0.003025,0.002738,0.002572,0.002969826666666678,0.002680903333333343,0.0025325666666666763
0.124,0.003327,0.002791,0.002555,0.002446,0.002589,0.002693,0.00283,0.002611,0.002762,0.002989,0.00275,0.002581,0.002966993333333341,0.0027258000000000065,0.0025603833333333248
0.128,0.003294,0.002737,0.002502,0.002381,0.002539,0.002638,0.002769,0.002548,0.0027,0.002945,0.002761,0.002588,0.002924123333333324,0.002732363333333341,0.0025764633333333355
0.132,0.003252,0.002674,0.00244,0.002311,0.002483,0.002577,0.002702,0.002481,0.002635,0.002894,0.002771,0.002593,0.0028687633333333196,0.0027289766666666643,0.002571436666666661
0.136,0.003201,0.002602,0.002372,0.002236,0.002422,0.00251,0.002629,0.002413,0.002567,0.002837,0.002779,0.002598,0.00279558999999999,0.0027154166666666564,0.002565106666666661
0.14,0.003141,0.002523,0.002298,0.002158,0.002356,0.002438,0.002553,0.002342,0.002497,0.002773,0.002786,0.002601,0.0027081700000000106,0.002707923333333325,0.0025479733333333286
0.144,0.003071,0.002435,0.002219,0.002077,0.002286,0.002363,0.002474,0.002271,0.002425,0.002704,0.002788,0.002602,0.00265255000000001,0.0027157633333333366,0.0025548633333333276
0.148,0.002992,0.002341,0.002136,0.001996,0.002214,0.002286,0.002393,0.0022,0.002353,0.002633,0.002787,0.002601,0.0025917066666666655,0.0027232666666666626,0.0025554599999999972
0.152,0.002904,0.002242,0.00205,0.001915,0.00214,0.002207,0.00231,0.002131,0.002281,0.00256,0.00278,0.002596,0.0025135366666666705,0.002704270000000002,0.0025322400000000055
0.156,0.002808,0.002139,0.001962,0.001834,0.002065,0.002127,0.002228,0.002063,0.00221,0.002485,0.002768,0.002588,0.0024248299999999946,0.002663133333333331,0.002478020000000004
0.16,0.002702,0.002033,0.001873,0.001754,0.00199,0.002049,0.002146,0.001998,0.002141,0.00241,0.002749,0.002575,0.0023405666666666764,0.0026060399999999983,0.0024171799999999975
0.164,0.002589,0.001926,0.001785,0.001677,0.001914,0.001973,0.002066,0.001934,0.002074,0.002337,0.002725,0.002557,0.0022523566666666685,0.0025371766666666545,0.0023241733333333333
0.168,0.00247,0.001818,0.001697,0.001603,0.00184,0.001898,0.001989,0.001874,0.00201,0.002265,0.002693,0.002533,0.002190093333333331,0.00250687333333332,0.002320823333333336
0.172,0.002346,0.001713,0.001612,0.001533,0.001769,0.001827,0.001916,0.001817,0.00195,0.002196,0.002654,0.002504,0.002118263333333324,0.002450146666666674,0.0022426766666666605
0.176,0.002219,0.001613,0.001531,0.001467,0.0017,0.001759,0.001846,0.001763,0.001893,0.00213,0.002608,0.002469,0.0020535966666666685,0.002391746666666675,0.0021983200000000045
0.18,0.00209,0.001517,0.001454,0.001406,0.001634,0.001694,0.00178,0.001713,0.001841,0.002067,0.002556,0.002428,0.0020156066666666694,0.0023768700000000023,0.0022139433333333283
0.184,0.001962,0.001426,0.001381,0.001348,0.001573,0.001633,0.001718,0.001666,0.001791,0.002008,0.0025,0.002384,0.0019506000000000046,0.0023084633333333247,0.002192410000000007
0.188,0.001835,0.001341,0.001314,0.001295,0.001515,0.001576,0.001661,0.001623,0.001744,0.001954,0.002441,0.002337,0.0019032233333333396,0.0022765533333333437,0.002171753333333334
0.192,0.001713,0.001262,0.001251,0.001245,0.001461,0.001524,0.001608,0.001582,0.0017,0.001904,0.00238,0.002289,0.0018749133333333383,0.002283413333333341,0.002186086666666662
0.196,0.001598,0.001189,0.001193,0.001201,0.001411,0.001475,0.00156,0.001545,0.00166,0.001857,0.002318,0.002239,0.0018174933333333322,0.0021944700000000026,0.002092926666666664
0.2,0.001488,0.001123,0.001141,0.001159,0.001364,0.00143,0.001515,0.001511,0.001624,0.001813,0.002257,0.002188,0.0017698266666666704,0.0021298999999999953,0.00202604
0.204,0.001386,0.001063,0.001093,0.001122,0.001321,0.001389,0.001474,0.001479,0.001591,0.001771,0.002196,0.002138,0.0017369700000000063,0.0020921466666666564,0.0020353499999999896
0.208,0.001291,0.001008,0.00105,0.001088,0.001283,0.001352,0.001437,0.00145,0.00156,0.001732,0.002138,0.00209,0.0016951766666666727,0.0020137666666666565,0.001973936666666666
0.212,0.001203,0.0009589,0.00101,0.001057,0.001247,0.001318,0.001403,0.001422,0.001531,0.001695,0.002081,0.002043,0.001664026666666669,0.00197363,0.0019512533333333388
0.216,0.001123,0.0009152,0.0009743,0.00103,0.001213,0.001288,0.001372,0.001397,0.001504,0.001663,0.002028,0.001998,0.001637726666666673,0.0019254633333333298,0.0019089333333333367
0.22,0.001051,0.0008771,0.0009426,0.001005,0.001183,0.00126,0.001344,0.001374,0.001479,0.001633,0.001977,0.001955,0.0016095099999999987,0.0018794266666666704,0.0018737566666666675
0.224,0.0009863,0.0008425,0.0009147,0.0009823,0.001156,0.001234,0.001317,0.001353,0.001457,0.001605,0.001928,0.001915,0.0015804166666666744,0.0018370199999999995,0.0018367900000000016
0.228,0.0009292,0.0008118,0.0008894,0.0009622,0.001131,0.001211,0.001292,0.001334,0.001437,0.00158,0.001883,0.001877,0.0015542100000000064,0.001788580000000003,0.0017957933333333372
0.232,0.0008785,0.0007846,0.0008666,0.0009439,0.001109,0.001189,0.00127,0.001316,0.00142,0.001557,0.001841,0.001841,0.0015373666666666616,0.001752679999999996,0.0017662633333333292
0.236,0.0008341,0.0007605,0.0008463,0.0009279,0.001089,0.001169,0.001251,0.001299,0.001402,0.001535,0.001802,0.001807,0.001517663333333336,0.0017222933333333368,0.0017377433333333344
0.24,0.0007944,0.0007397,0.0008281,0.0009136,0.001069,0.001151,0.001233,0.001284,0.001386,0.001514,0.001766,0.001776,0.0014996966666666691,0.0016939966666666632,0.0017135000000000015
0.244,0.000759,0.0007215,0.0008118,0.0008998,0.001053,0.001134,0.001217,0.00127,0.001371,0.001496,0.001732,0.001746,0.0014829833333333327,0.0016405500000000047,0.0016654800000000082
0.248,0.0007274,0.0007058,0.0007969,0.0008875,0.001037,0.00112,0.001202,0.001256,0.001357,0.00148,0.0017,0.001718,0.0014677299999999974,0.0016293299999999933,0.0016549866666666665
0.252,0.0007001,0.000692,0.0007834,0.0008765,0.001022,0.001106,0.001187,0.001243,0.001343,0.001464,0.001671,0.001692,0.0014529000000000057,0.00161090666666666,0.0016389233333333425
0.256,0.0006759,0.0006803,0.0007718,0.0008665,0.001009,0.001093,0.001174,0.001232,0.001331,0.001448,0.001644,0.001668,0.001439673333333335,0.001603879999999996,0.001632573333333337
0.26,0.0006555,0.0006692,0.0007617,0.0008577,0.0009972,0.001081,0.001162,0.001222,0.001319,0.001434,0.001618,0.001645,0.0014281366666666622,0.0015843066666666708,0.0016149500000000039
0.264,0.0006376,0.0006594,0.0007525,0.0008496,0.0009865,0.00107,0.001151,0.001212,0.001309,0.00142,0.001595,0.001624,0.0014151266666666614,0.0015535966666666721,0.0015865133333333367
0.268,0.000622,0.0006504,0.0007445,0.0008418,0.0009776,0.00106,0.00114,0.001202,0.001299,0.001407,0.001573,0.001605,0.0013993266666666644,0.0015271733333333318,0.001561256666666673
0.272,0.0006082,0.0006428,0.0007369,0.0008349,0.0009682,0.00105,0.00113,0.001192,0.00129,0.001396,0.001553,0.001587,0.0013886533333333376,0.0015088533333333402,0.0015445600000000025
0.276,0.000596,0.0006359,0.0007303,0.0008285,0.0009596,0.001041,0.001121,0.001183,0.001281,0.001385,0.001534,0.001569,0.0013784933333333374,0.0014983466666666624,0.001533719999999997
0.28,0.0005857,0.0006303,0.0007243,0.0008227,0.0009519,0.001033,0.001112,0.001175,0.001273,0.001376,0.001517,0.001553,0.0013700733333333293,0.0014868466666666637,0.0015218733333333414
0.284,0.0005771,0.0006252,0.0007188,0.000817,0.0009441,0.001025,0.001103,0.001167,0.001265,0.001367,0.0015,0.001537,0.0013642966666666703,0.0014686266666666683,0.001507943333333339
0.288,0.0005697,0.0006209,0.0007138,0.0008118,0.0009371,0.001018,0.001096,0.00116,0.001258,0.001358,0.001485,0.001522,0.0013550800000000048,0.0014546433333333354,0.0014929933333333392
0.292,0.0005632,0.0006177,0.0007092,0.000807,0.0009309,0.001011,0.001089,0.001153,0.001251,0.001351,0.001471,0.001508,0.0013439933333333307,0.0014268799999999995,0.0014641933333333372
0.296,0.0005577,0.0006147,0.0007053,0.0008026,0.000925,0.001005,0.001082,0.001147,0.001244,0.001343,0.001457,0.001495,0.0013374333333333313,0.0014181399999999935,0.0014572066666666713
0.3,0.0005529,0.0006119,0.0007016,0.0007986,0.0009194,0.0009981,0.001075,0.001141,0.001237,0.001336,0.001445,0.001484,0.001333403333333334,0.0014295366666666615,0.0014690899999999986
0.304,0.0005491,0.0006094,0.0006981,0.0007947,0.0009141,0.0009925,0.001068,0.001135,0.001231,0.001328,0.001433,0.001473,0.001326106666666664,0.0014226066666666699,0.0014633599999999997
0.308,0.0005462,0.0006069,0.0006949,0.0007913,0.0009086,0.0009866,0.001062,0.001129,0.001224,0.00132,0.001421,0.001463,0.0013170933333333296,0.0014134633333333381,0.0014598366666666634
0.312,0.0005437,0.0006048,0.0006921,0.000788,0.0009035,0.0009815,0.001056,0.001123,0.001219,0.001313,0.00141,0.001451,0.0013116633333333362,0.0014058500000000064,0.0014517433333333305
0.316,0.0005413,0.0006032,0.0006895,0.0007847,0.000899,0.0009763,0.00105,0.001117,0.001213,0.001307,0.0014,0.001441,0.0013040600000000025,0.0013933400000000064,0.0014374293333333397
0.32,0.0005394,0.000602,0.0006876,0.0007823,0.0008951,0.0009714,0.001045,0.001111,0.001207,0.0013,0.00139,0.001431,0.0012971200000000027,0.0013818333333333352,0.0014243856666666694
0.324,0.0005376,0.0006006,0.0006857,0.0007798,0.0008914,0.0009671,0.00104,0.001106,0.001201,0.001295,0.00138,0.001421,0.0012906999999999964,0.0013743099999999984,0.0014235433333333368
0.328,0.0005363,0.0005993,0.0006834,0.000777,0.0008873,0.0009627,0.001034,0.0011,0.001195,0.001289,0.001371,0.001413,0.001284299999999999,0.0013598866666666687,0.0014085063333333337
0.332,0.0005355,0.0005978,0.0006814,0.0007742,0.0008835,0.0009581,0.001029,0.001096,0.001189,0.001284,0.001362,0.001404,0.0012806966666666696,0.0013555066666666622,0.0013962333333333368
0.336,0.0005348,0.0005964,0.0006794,0.0007712,0.0008794,0.0009534,0.001024,0.001091,0.001184,0.001278,0.001354,0.001394,0.0012763200000000029,0.001351653333333337,0.0014015666666666704
0.34,0.0005336,0.0005952,0.0006776,0.0007677,0.0008755,0.0009485,0.001019,0.001086,0.001182,0.001273,0.001346,0.001386,0.0012728133333333386,0.0013457200000000062,0.0013957199999999994
0.344,0.0005329,0.0005943,0.0006757,0.0007647,0.0008721,0.0009438,0.001014,0.001081,0.001165,0.001267,0.001338,0.001378,0.0012663866666666702,0.0013363066666666715,0.0013762199999999953
0.348,0.0005323,0.0005935,0.0006737,0.0007617,0.0008682,0.0009391,0.001009,0.001076,0.001153,0.001261,0.001331,0.00137,0.0012598533333333369,0.0013271566666666738,0.0013665699999999969
0.352,0.0005316,0.0005928,0.000671,0.0007588,0.0008642,0.0009346,0.001004,0.001071,0.001146,0.001256,0.001323,0.001363,0.001254763333333329,0.0013205366666666702,0.001360566666666667
0.356,0.0005316,0.0005916,0.0006691,0.0007559,0.00086,0.0009304,0.0009991,0.001066,0.001144,0.00125,0.001316,0.001357,0.0012494766666666603,0.0013127466666666664,0.001351838666666665
0.36,0.0005313,0.0005904,0.000667,0.0007533,0.0008557,0.0009259,0.0009939,0.00106,0.001145,0.001245,0.001311,0.001349,0.0012444166666666621,0.001306796666666669,0.0013453799999999965
0.364,0.0005303,0.0005889,0.0006648,0.0007503,0.0008517,0.000921,0.0009887,0.001054,0.001149,0.001239,0.001305,0.001342,0.0012370199999999951,0.0012996933333333338,0.0013278160000000016
0.368,0.0005292,0.000587,0.0006624,0.000747,0.0008477,0.0009162,0.0009839,0.001048,0.001137,0.001233,0.001299,0.001335,0.001231053333333331,0.0012937766666666648,0.0013258219999999947
0.372,0.0005282,0.0005851,0.0006605,0.0007436,0.0008432,0.0009113,0.0009786,0.001043,0.001129,0.001227,0.001294,0.001328,0.0012248933333333298,0.001288290000000002,0.0013212239999999974
0.376,0.0005262,0.0005833,0.0006585,0.0007408,0.0008392,0.0009068,0.0009734,0.001037,0.001122,0.00122,0.001289,0.001321,0.0012159233333333313,0.0012798133333333335,0.0013036553333333348
0.38,0.0005245,0.0005812,0.0006567,0.000738,0.000835,0.0009024,0.0009678,0.001032,0.001116,0.001214,0.001284,0.001316,0.0012108666666666636,0.0012767233333333362,0.0013002539999999992
0.384,0.0005224,0.0005789,0.0006545,0.0007354,0.0008312,0.000898,0.0009632,0.001026,0.001111,0.001208,0.00128,0.001309,0.0012048933333333285,0.0012743900000000022,0.0012968350000000025
0.388,0.0005201,0.0005767,0.0006514,0.0007327,0.0008276,0.0008935,0.0009586,0.001022,0.001104,0.001201,0.001274,0.001302,0.0011987633333333343,0.0012712133333333312,0.0012994366666666736
0.392,0.0005171,0.0005745,0.0006487,0.0007292,0.000824,0.0008893,0.0009542,0.001017,0.001099,0.001194,0.001268,0.001296,0.0011931299999999958,0.0012666533333333299,0.0012946433333333382
0.396,0.0005144,0.0005718,0.0006463,0.0007257,0.0008201,0.0008851,0.0009495,0.001013,0.001093,0.001188,0.001262,0.001289,0.0011877700000000003,0.0012612966666666666,0.001288669999999999
0.4,0.0005107,0.0005693,0.0006434,0.0007227,0.0008165,0.0008809,0.0009453,0.001008,0.001088,0.001183,0.001255,0.001283,0.0011820566666666628,0.0012541133333333363,0.0012809539999999947
0.404,0.000507,0.0005667,0.0006406,0.00072,0.0008128,0.0008772,0.0009412,0.001004,0.001084,0.001177,0.001249,0.001277,0.0011763733333333326,0.0012479799999999994,0.0012746106666666583
0.408,0.0005036,0.000564,0.0006378,0.0007174,0.0008096,0.0008738,0.0009375,0.0009993,0.001081,0.001172,0.001243,0.00127,0.0011721400000000027,0.0012425333333333296,0.0012677039999999936
0.412,0.0005003,0.0005613,0.000635,0.0007144,0.0008063,0.0008703,0.0009333,0.0009954,0.001076,0.001167,0.001237,0.001264,0.00116558333333333,0.0012348199999999937,0.0012588139999999927
0.416,0.0004966,0.0005591,0.0006329,0.0007108,0.0008031,0.0008662,0.000929,0.0009915,0.001071,0.001161,0.001231,0.001258,0.001159623333333336,0.001228623333333331,0.0012524966666666634
0.42,0.0004929,0.000556,0.0006302,0.0007074,0.0007995,0.0008622,0.0009246,0.0009878,0.001066,0.001155,0.001226,0.001253,0.0011528233333333348,0.0012207100000000033,0.0012391383333333345
0.424,0.0004885,0.0005526,0.0006275,0.0007035,0.0007955,0.0008582,0.0009206,0.0009834,0.001061,0.00115,0.001221,0.001247,0.00114766,0.0012158233333333405,0.0012358926666666652
0.428,0.0004844,0.0005498,0.0006243,0.0007001,0.0007925,0.0008543,0.0009171,0.0009797,0.001058,0.001145,0.001215,0.001243,0.0011422866666666678,0.0012115466666666693,0.001242387333333331
0.432,0.0004808,0.0005471,0.0006211,0.0006966,0.0007897,0.0008508,0.0009133,0.0009753,0.001055,0.00114,0.00121,0.001238,0.0011365366666666633,0.0012090666666666626,0.0012576440000000016
0.436,0.0004774,0.0005438,0.0006178,0.0006928,0.0007861,0.000847,0.0009092,0.0009702,0.001051,0.001137,0.001204,0.001233,0.0011314363333333338,0.0012084666666666622,0.0012818093333333306
0.44,0.0004739,0.0005405,0.0006146,0.0006889,0.0007823,0.0008426,0.000905,0.0009655,0.001047,0.001132,0.0012,0.001229,0.0011256373333333354,0.0012064643333333297,0.0012984299999999954
0.444,0.0004705,0.0005371,0.0006114,0.0006856,0.0007782,0.0008386,0.000901,0.0009607,0.001042,0.001128,0.001196,0.001225,0.001120721666666669,0.0012014216666666625,0.001293325999999995
0.448,0.0004667,0.0005337,0.0006082,0.000682,0.0007729,0.0008346,0.0008965,0.000955,0.001037,0.001124,0.001192,0.00122,0.0011173733333333386,0.0012011900000000039,0.001293377333333333
0.452,0.0004633,0.000531,0.0006049,0.000679,0.0007687,0.0008303,0.0008928,0.0009503,0.001033,0.00112,0.001189,0.001217,0.0011139666666666705,0.0011984399999999994,0.0012894420000000024
0.456,0.0004602,0.0005284,0.0006021,0.0006757,0.0007643,0.0008262,0.0008884,0.000945,0.001028,0.001117,0.001184,0.001212,0.0011118166666666655,0.0011924333333333352,0.001271083333333329
0.46,0.0004576,0.0005258,0.0005992,0.000672,0.0007597,0.0008218,0.0008842,0.0009397,0.001023,0.001113,0.00118,0.00121,0.0011081469999999968,0.0011812516666666675,0.0012385769999999966
0.464,0.000455,0.0005233,0.0005958,0.0006684,0.0007556,0.0008173,0.0008794,0.0009346,0.001017,0.001108,0.001176,0.001207,0.0011045239999999976,0.0011740943333333359,0.0012143406666666713
0.468,0.0004534,0.0005208,0.000593,0.0006648,0.0007519,0.0008131,0.0008746,0.0009295,0.001011,0.001104,0.001173,0.001204,0.0011022636666666629,0.001170770666666665,0.0012065633333333335
0.472,0.0004515,0.0005186,0.00059,0.0006612,0.0007481,0.0008097,0.0008697,0.0009242,0.001005,0.0011,0.00117,0.001201,0.0010970836666666641,0.0011669646666666663,0.0012023866666666689
0.476,0.0004496,0.0005161,0.0005874,0.0006579,0.0007442,0.0008063,0.0008653,0.0009193,0.0009998,0.001095,0.001167,0.001197,0.0010942286666666696,0.0011655859999999962,0.0011983000000000015
0.48,0.0004477,0.0005135,0.0005851,0.0006544,0.0007401,0.0008027,0.0008608,0.0009144,0.0009946,0.00109,0.001162,0.001194,0.001089139333333333,0.001161269999999997,0.001195589999999997
0.484,0.0004462,0.0005114,0.0005828,0.000651,0.000736,0.0007986,0.000857,0.0009101,0.0009896,0.001085,0.001158,0.001192,0.001082013000000002,0.0011535316666666628,0.0011892433333333357
0.488,0.0004444,0.0005092,0.00058,0.0006482,0.0007317,0.0007945,0.0008523,0.0009055,0.0009856,0.00108,0.001154,0.001189,0.0010746213333333358,0.0011476186666666633,0.001184869999999998
0.492,0.0004431,0.0005076,0.0005776,0.0006458,0.0007276,0.0007907,0.0008478,0.0009012,0.0009812,0.001074,0.001149,0.001185,0.0010707910000000006,0.001145312333333337,0.0011835399999999975
0.496,0.0004417,0.0005065,0.0005753,0.0006437,0.0007243,0.0007873,0.0008433,0.000897,0.000976,0.001069,0.001145,0.001182,0.001067756666666663,0.0011435233333333347,0.0011806633333333347
0.5,0.0004405,0.0005053,0.0005727,0.0006417,0.0007214,0.0007838,0.0008389,0.0008933,0.0009719,0.001064,0.00114,0.001178,0.0010627333333333344,0.0011386366666666628,0.0011765100000000034
0.504,0.0004397,0.0005043,0.0005709,0.0006398,0.0007187,0.0007804,0.0008357,0.00089,0.0009676,0.001059,0.001135,0.001173,0.0010588333333333311,0.0011347166666666635,0.001172576666666665
0.508,0.0004391,0.0005032,0.0005692,0.000637,0.0007163,0.0007773,0.0008324,0.0008872,0.0009637,0.001055,0.001131,0.001168,0.001054249999999995,0.0011299333333333285,0.0011673300000000011
0.512,0.0004388,0.0005021,0.0005676,0.0006349,0.0007136,0.0007741,0.0008291,0.0008846,0.0009606,0.00105,0.001125,0.001163,0.0010489399999999963,0.0011234099999999937,0.0011616166666666688
0.516,0.0004389,0.0005014,0.0005663,0.0006334,0.0007113,0.0007711,0.0008268,0.0008819,0.0009578,0.001046,0.001119,0.001158,0.0010445766666666635,0.0011175533333333317,0.0011565333333333312
0.52,0.0004385,0.0005009,0.0005649,0.0006326,0.0007092,0.0007682,0.0008247,0.0008793,0.0009555,0.001041,0.001114,0.001153,0.0010405166666666657,0.0011130000000000011,0.0011521999999999995
0.524,0.0004386,0.0005007,0.0005639,0.0006324,0.0007074,0.0007653,0.0008224,0.0008772,0.0009531,0.001037,0.001108,0.001148,0.0010361900000000037,0.0011069799999999996,0.001146883333333333
0.528,0.0004388,0.0005008,0.0005633,0.0006313,0.0007058,0.0007632,0.0008208,0.0008751,0.0009513,0.001033,0.001103,0.001143,0.0010333400000000037,0.0011032000000000014,0.0011431533333333347
0.532,0.0004388,0.0005006,0.0005626,0.0006296,0.0007048,0.0007611,0.0008187,0.0008728,0.0009499,0.00103,0.001098,0.001138,0.0010303079999999993,0.0010984233333333302,0.001138396666666662
0.536,0.0004395,0.0005006,0.0005619,0.0006284,0.0007035,0.0007596,0.0008163,0.000871,0.0009476,0.001027,0.001093,0.001133,0.0010265643333333334,0.0010928400000000018,0.001134189999999997
0.54,0.0004401,0.0005,0.0005616,0.0006276,0.0007025,0.000758,0.0008145,0.0008685,0.0009461,0.001024,0.001088,0.001128,0.0010224963333333344,0.0010876399999999982,0.0011325100000000002
0.544,0.0004402,0.0004996,0.0005615,0.0006273,0.0007011,0.0007562,0.0008133,0.0008666,0.0009439,0.001021,0.001084,0.001124,0.001020559999999998,0.001083079999999996,0.001123083333333335
0.548,0.0004406,0.0004997,0.0005616,0.0006275,0.0006997,0.0007545,0.0008113,0.0008652,0.0009411,0.001018,0.001079,0.001119,0.0010178533333333338,0.0010785833333333305,0.0011185899999999979
0.552,0.0004406,0.0004999,0.0005617,0.000627,0.0006982,0.000753,0.0008099,0.0008636,0.0009378,0.001016,0.001075,0.001115,0.0010156699999999996,0.0010746066666666642,0.0011146799999999968
0.556,0.0004409,0.0005002,0.0005614,0.0006268,0.0006973,0.0007514,0.0008085,0.0008621,0.0009361,0.001013,0.00107,0.001111,0.001013106666666664,0.0010703966666666656,0.0011108133333333297
0.56,0.0004415,0.0005004,0.0005611,0.0006266,0.000696,0.0007499,0.0008069,0.0008611,0.0009344,0.001011,0.001067,0.001107,0.0010107966666666676,0.0010670000000000002,0.0011065366666666691
0.564,0.0004418,0.0005004,0.0005613,0.0006265,0.0006947,0.0007487,0.0008051,0.0008595,0.0009327,0.001009,0.001065,0.001103,0.0010088523333333336,0.0010646666666666665,0.001102790000000003
0.568,0.0004423,0.0005007,0.0005616,0.0006261,0.0006937,0.0007475,0.0008038,0.0008579,0.0009299,0.001007,0.001062,0.001099,0.0010067669999999991,0.001061710000000001,0.001098916666666667
0.572,0.0004433,0.0005015,0.0005612,0.000626,0.000693,0.0007466,0.0008019,0.0008568,0.0009287,0.001005,0.001059,0.001096,0.001004528,0.0010586366666666654,0.0010955100000000016
0.576,0.0004435,0.0005025,0.0005614,0.000626,0.0006924,0.0007464,0.0008,0.0008552,0.0009263,0.001002,0.001056,0.001092,0.0010018530000000013,0.0010555000000000015,0.0010918699999999996
0.58,0.0004441,0.0005032,0.0005612,0.0006258,0.0006919,0.0007463,0.0007985,0.0008539,0.0009248,0.001,0.001053,0.00109,0.0010001370000000003,0.0010528900000000023,0.0010897733333333321
0.584,0.0004446,0.0005039,0.0005614,0.000626,0.0006919,0.0007451,0.0007976,0.0008528,0.0009234,0.0009986,0.00105,0.001087,0.0009988899999999988,0.001050509999999998,0.001087340000000002
0.588,0.0004452,0.0005047,0.0005616,0.0006269,0.0006918,0.0007438,0.000796,0.000852,0.0009212,0.0009973,0.001047,0.001083,0.0009977326666666675,0.0010479233333333335,0.001084066666666668
0.592,0.0004462,0.000505,0.000562,0.000627,0.000692,0.0007424,0.0007951,0.0008503,0.000919,0.0009961,0.001045,0.00108,0.0009961140000000013,0.0010450633333333327,0.0010804600000000034
0.596,0.0004474,0.0005055,0.000562,0.0006267,0.0006915,0.0007413,0.000794,0.0008488,0.0009183,0.0009944,0.001042,0.001078,0.0009940453333333375,0.0010419499999999953,0.0010774866666666684
0.6,0.0004479,0.0005059,0.0005623,0.0006265,0.0006912,0.0007408,0.0007931,0.0008475,0.0009159,0.0009924,0.001041,0.001075,0.0009924573333333366,0.0010408066666666646,0.0010752066666666648
0.604,0.0004487,0.0005063,0.0005628,0.0006256,0.0006911,0.0007407,0.0007931,0.000846,0.0009141,0.0009906,0.001039,0.001073,0.0009905243333333366,0.0010387133333333376,0.0010728399999999957
0.608,0.0004497,0.0005071,0.0005632,0.0006251,0.0006913,0.0007404,0.0007932,0.000845,0.0009128,0.0009891,0.001037,0.001071,0.000989019666666668,0.0010366366666666705,0.0010707233333333301
0.612,0.000451,0.0005078,0.0005633,0.0006255,0.0006915,0.0007404,0.0007924,0.0008448,0.0009123,0.0009876,0.001034,0.001068,0.0009879380000000003,0.001034609999999999,0.001068690000000005
0.616,0.0004524,0.0005088,0.0005639,0.0006254,0.0006916,0.0007397,0.0007915,0.0008435,0.0009124,0.0009864,0.001032,0.001066,0.0009861660000000008,0.0010314999999999988,0.0010659733333333386
0.62,0.0004538,0.0005097,0.0005642,0.0006252,0.0006909,0.0007397,0.0007907,0.0008423,0.0009129,0.000985,0.001029,0.001065,0.000984888000000006,0.0010291600000000014,0.001064940000000001
0.624,0.0004545,0.0005104,0.0005646,0.0006254,0.0006906,0.0007395,0.0007899,0.0008413,0.0009117,0.0009835,0.001027,0.001064,0.0009833600000000032,0.00102709,0.0010636066666666708
0.628,0.0004554,0.0005114,0.0005654,0.0006253,0.0006904,0.0007402,0.0007897,0.0008397,0.0009104,0.0009815,0.001025,0.001062,0.0009813436666666682,0.001025066666666666,0.0010612800000000015
0.632,0.0004568,0.000512,0.0005658,0.0006256,0.0006904,0.0007406,0.0007898,0.0008384,0.0009095,0.00098,0.001024,0.001059,0.000980101333333334,0.001024170000000001,0.0010592299999999987
0.636,0.0004578,0.0005129,0.0005657,0.0006264,0.0006903,0.000741,0.0007896,0.0008375,0.000909,0.0009782,0.001023,0.001057,0.0009788590000000018,0.0010231543333333317,0.0010573846666666641
0.64,0.0004587,0.0005142,0.0005658,0.0006281,0.0006907,0.00074,0.0007892,0.0008364,0.0009075,0.000977,0.001021,0.001054,0.0009766570000000027,0.0010201476666666627,0.0010533246666666657
0.644,0.0004595,0.0005153,0.0005661,0.0006285,0.0006908,0.0007392,0.0007891,0.0008358,0.0009075,0.000976,0.001019,0.001052,0.0009756683333333331,0.0010181913333333298,0.0010514053333333315
0.648,0.0004598,0.0005159,0.0005667,0.0006289,0.0006908,0.000739,0.0007884,0.0008357,0.0009054,0.0009748,0.001017,0.001051,0.0009741376666666647,0.0010141663333333288,0.0010478286666666678
0.652,0.0004607,0.0005163,0.0005673,0.0006289,0.0006908,0.0007393,0.0007883,0.0008353,0.0009036,0.0009735,0.001015,0.001049,0.0009734046666666653,0.0010150233333333287,0.001049036666666667
0.656,0.0004619,0.0005163,0.0005676,0.0006283,0.0006906,0.0007397,0.0007885,0.0008355,0.0009028,0.0009723,0.001014,0.001048,0.0009722480000000005,0.0010134609999999983,0.001047417999999997
0.66,0.0004627,0.0005174,0.0005677,0.0006272,0.0006921,0.0007402,0.0007887,0.0008354,0.0009022,0.000971,0.001012,0.001046,0.000971058,0.001011871000000005,0.0010459479999999964
0.664,0.0004639,0.0005183,0.0005679,0.0006274,0.0006942,0.0007399,0.0007888,0.000835,0.0009003,0.0009699,0.00101,0.001045,0.0009694393333333338,0.0010093023333333383,0.0010441116666666656
0.668,0.0004648,0.0005193,0.0005681,0.0006276,0.0006951,0.0007396,0.000789,0.0008347,0.0008997,0.0009688,0.001008,0.001044,0.0009685509999999983,0.0010076766666666697,0.0010431456666666634
0.672,0.0004655,0.0005195,0.0005687,0.0006284,0.0006956,0.0007395,0.000789,0.000834,0.0008985,0.0009677,0.001007,0.001043,0.0009677803333333312,0.0010069936666666664,0.0010426046666666654
0.676,0.0004667,0.0005196,0.0005694,0.0006296,0.0006949,0.0007396,0.0007885,0.000833,0.0008972,0.0009666,0.001007,0.001041,0.0009661640000000007,0.0010062073333333328,0.0010402733333333331
0.68,0.0004677,0.0005202,0.0005697,0.0006301,0.0006934,0.0007397,0.0007885,0.0008326,0.0008973,0.0009651,0.001005,0.001039,0.000965290333333332,0.001004990333333333,0.0010388116666666712
0.684,0.0004684,0.0005211,0.0005704,0.00063,0.0006936,0.0007398,0.0007879,0.0008323,0.000897,0.0009644,0.001004,0.001037,0.0009643409999999999,0.0010030523333333355,0.0010359260000000047
0.688,0.0004694,0.0005218,0.0005704,0.0006306,0.0006937,0.0007395,0.0007878,0.0008318,0.0008954,0.0009636,0.001002,0.001035,0.0009634710000000024,0.0010011053333333344,0.0010338373333333357
0.692,0.0004701,0.0005225,0.0005704,0.0006308,0.0006943,0.0007396,0.0007877,0.0008316,0.0008951,0.0009627,0.001001,0.001034,0.0009629093333333345,0.0010006356666666654,0.0010333793333333332
0.696,0.0004705,0.0005225,0.0005709,0.0006318,0.0006956,0.0007398,0.0007877,0.0008307,0.0008939,0.0009616,0.0009998,0.001033,0.0009616550000000033,0.0009995426666666645,0.00103226766666667
0.7,0.0004709,0.0005228,0.0005718,0.0006324,0.0006967,0.0007404,0.0007878,0.0008319,0.0008925,0.0009604,0.0009984,0.001031,0.0009601249999999987,0.0009980413333333363,0.0010304900000000024
0.704,0.0004717,0.0005233,0.0005717,0.0006323,0.0006972,0.0007403,0.0007879,0.0008321,0.0008921,0.0009596,0.000997,0.001029,0.0009593520000000024,0.0009963873333333354,0.0010283263333333349
0.708,0.0004724,0.0005243,0.0005726,0.0006322,0.0006973,0.00074,0.0007875,0.0008321,0.0008937,0.0009587,0.0009955,0.001027,0.0009587880000000018,0.0009956803333333341,0.0010273076666666677
0.712,0.0004733,0.0005254,0.000573,0.0006323,0.0006967,0.0007398,0.0007877,0.0008322,0.0008876,0.0009569,0.0009947,0.001026,0.0009569566666666683,0.0009947946666666642,0.001026163333333336
0.716,0.0004742,0.0005261,0.0005736,0.0006321,0.000697,0.0007404,0.0007879,0.0008316,0.0008846,0.0009541,0.0009937,0.001025,0.0009539723333333374,0.0009918056666666619,0.001022717666666666
0.72,0.0004752,0.0005262,0.0005743,0.0006333,0.0006974,0.0007411,0.0007879,0.0008313,0.0008831,0.0009516,0.0009928,0.001023,0.0009519149999999997,0.000989009666666665,0.0010189603333333316
0.724,0.0004757,0.0005265,0.0005749,0.0006346,0.0006979,0.0007422,0.0007884,0.0008329,0.0008836,0.0009505,0.0009914,0.001021,0.0009507943333333326,0.0009888956666666653,0.0010185133333333307
0.728,0.0004761,0.000527,0.0005752,0.0006367,0.0006983,0.0007428,0.0007886,0.0008338,0.0008868,0.0009509,0.0009901,0.00102,0.0009512423333333336,0.0009895789999999967,0.0010190323333333325
0.732,0.0004765,0.0005281,0.0005758,0.0006387,0.0006986,0.0007432,0.0007889,0.0008323,0.000892,0.0009512,0.0009884,0.001017,0.0009514550000000022,0.0009887116666666665,0.0010173799999999968
0.736,0.0004773,0.0005291,0.0005764,0.0006401,0.0006991,0.0007442,0.0007899,0.0008333,0.0008899,0.0009515,0.0009867,0.001014,0.0009511049999999984,0.0009871083333333362,0.0010148589999999977
0.74,0.0004783,0.0005301,0.0005782,0.0006418,0.0007003,0.0007454,0.0007912,0.0008333,0.0008903,0.000951,0.0009848,0.001013,0.0009511803333333324,0.0009852610000000027,0.0010133466666666629
0.744,0.0004794,0.0005313,0.0005797,0.000643,0.0007016,0.000747,0.0007933,0.0008338,0.0008908,0.0009504,0.0009838,0.001012,0.000950519999999999,0.0009841633333333346,0.001012436666666671
0.748,0.0004804,0.0005329,0.000581,0.0006452,0.0007037,0.000749,0.0007957,0.0008356,0.000892,0.0009501,0.0009832,0.001012,0.0009502260000000024,0.0009833659999999996,0.0010119700000000063
0.752,0.0004815,0.0005347,0.0005837,0.0006481,0.0007061,0.0007507,0.000798,0.0008379,0.0008942,0.0009504,0.0009827,0.001011,0.0009504733333333331,0.0009827803333333348,0.0010111233333333365
0.756,0.0004828,0.0005375,0.0005856,0.0006508,0.0007088,0.0007525,0.0008,0.0008399,0.000897,0.0009507,0.000982,0.00101,0.0009511033333333352,0.0009827486666666675,0.0010107833333333383
0.76,0.0004845,0.00054,0.0005878,0.000655,0.0007119,0.0007557,0.0008023,0.0008449,0.0009002,0.0009517,0.000981,0.001008,0.0009534473333333338,0.0009832216666666705,0.0010098466666666704
0.764,0.0004867,0.0005435,0.0005914,0.0006599,0.0007157,0.0007586,0.0008049,0.0008495,0.0009037,0.0009527,0.0009801,0.001007,0.0009543579999999989,0.0009825130000000023,0.0010086900000000007
0.768,0.0004889,0.0005477,0.0005951,0.0006648,0.0007202,0.0007633,0.000809,0.000855,0.0009074,0.0009539,0.0009802,0.001006,0.0009553273333333356,0.0009807489999999952,0.0010067033333333365
0.772,0.0004917,0.0005521,0.0005997,0.0006716,0.0007264,0.0007688,0.0008141,0.0008623,0.0009122,0.0009558,0.0009798,0.001006,0.0009576153333333367,0.0009806169999999974,0.0010065256666666703
0.776,0.0004944,0.0005567,0.0006054,0.0006804,0.0007336,0.0007746,0.0008204,0.0008701,0.0009185,0.0009585,0.0009798,0.001007,0.0009596429999999995,0.0009807956666666655,0.001007277666666667
0.78,0.0004967,0.0005629,0.0006112,0.0006911,0.0007418,0.0007809,0.0008272,0.0008795,0.0009251,0.0009612,0.00098,0.001008,0.0009628349999999984,0.0009807249999999998,0.0010081420000000027
0.784,0.0004994,0.0005701,0.000618,0.0007036,0.0007507,0.0007886,0.0008348,0.0008897,0.0009331,0.0009636,0.0009806,0.001008,0.0009672926666666685,0.0009817326666666654,0.0010088956666666705
0.788,0.0005019,0.0005794,0.0006264,0.0007164,0.0007607,0.0007965,0.0008436,0.0009012,0.0009415,0.0009667,0.0009806,0.001008,0.0009720539999999957,0.0009835663333333322,0.0010112440000000034
0.792,0.0005054,0.0005897,0.0006362,0.0007298,0.0007724,0.0008063,0.0008536,0.0009132,0.0009508,0.0009703,0.0009815,0.001008,0.0009782659999999985,0.0009886890000000011,0.0010139186666666695
0.796,0.0005097,0.0006006,0.0006473,0.0007442,0.0007851,0.0008173,0.0008647,0.0009265,0.000961,0.0009753,0.0009826,0.001009,0.0009915136666666707,0.0009962603333333337,0.0010148476666666673
0.8,0.0005146,0.0006125,0.0006597,0.0007595,0.0007988,0.000829,0.0008784,0.0009414,0.0009717,0.0009812,0.0009853,0.001011,0.0009949656666666663,0.0010004196666666674,0.0010125000000000002
0.804,0.0005201,0.0006258,0.0006729,0.0007755,0.000813,0.0008419,0.0008932,0.000957,0.0009845,0.0009882,0.0009888,0.001014,0.0009976843333333318,0.0010164116666666707,0.0010200636666666653
0.808,0.0005268,0.0006406,0.0006869,0.0007906,0.000828,0.0008555,0.0009082,0.0009737,0.000999,0.0009955,0.0009925,0.001017,0.0010076766666666673,0.001014567666666668,0.0010127196666666627
0.812,0.0005334,0.0006566,0.0007022,0.0008056,0.0008433,0.0008696,0.0009235,0.0009913,0.001015,0.001004,0.0009966,0.001021,0.0010146363333333355,0.0010189079999999978,0.001028727333333331
0.816,0.0005404,0.0006718,0.0007175,0.0008196,0.0008585,0.0008838,0.0009388,0.001007,0.00103,0.001013,0.001001,0.001026,0.0010221276666666636,0.0010165963333333321,0.0010205766666666698
0.82,0.0005477,0.000686,0.0007321,0.0008326,0.0008727,0.0008976,0.0009533,0.001024,0.001043,0.001024,0.001006,0.001031,0.0010409550000000023,0.0010312513333333364,0.001043221666666669
0.824,0.000555,0.0006985,0.0007458,0.0008431,0.0008859,0.0009104,0.000968,0.00104,0.001055,0.001035,0.001013,0.001037,0.00106642666666667,0.0010598499999999965,0.0010859140000000031
0.828,0.0005628,0.0007097,0.0007577,0.0008504,0.0008973,0.0009227,0.0009813,0.001054,0.001066,0.001047,0.00102,0.001046,0.0010642466666666694,0.0010501966666666674,0.001065680999999997
0.832,0.0005717,0.0007207,0.0007674,0.0008548,0.0009073,0.0009331,0.0009921,0.001067,0.001076,0.00106,0.001028,0.001055,0.0010754433333333361,0.0010551299999999972,0.0010717159999999956
0.836,0.0005803,0.0007285,0.0007756,0.0008562,0.0009148,0.0009424,0.001001,0.001078,0.001088,0.001072,0.001039,0.001065,0.001088663333333334,0.0010683066666666693,0.001079124333333332
0.84,0.000587,0.0007327,0.0007805,0.0008549,0.000919,0.0009489,0.001009,0.001085,0.001096,0.001085,0.00105,0.001077,0.0011003533333333343,0.0010817299999999973,0.0010922829999999973
0.844,0.0005931,0.0007337,0.0007822,0.0008523,0.0009205,0.0009527,0.001015,0.001091,0.001101,0.001098,0.001062,0.001088,0.0011099933333333296,0.0010845133333333354,0.0011100833333333316
0.848,0.0005966,0.0007316,0.0007818,0.0008474,0.0009188,0.0009539,0.001018,0.001094,0.001104,0.00111,0.001076,0.001101,0.0011148233333333343,0.0010872566666666687,0.0011119600000000017
0.852,0.0005985,0.0007265,0.0007795,0.0008412,0.000915,0.000953,0.001018,0.001096,0.001105,0.001122,0.001091,0.001116,0.0011223566666666714,0.0011011600000000034,0.0011241766666666702
0.856,0.0005992,0.0007209,0.0007753,0.0008344,0.00091,0.0009505,0.001016,0.001095,0.001104,0.001132,0.001107,0.00113,0.0011279933333333363,0.0011041000000000037,0.001126093000000003
0.86,0.0005982,0.0007128,0.00077,0.0008265,0.0009041,0.0009474,0.001013,0.001091,0.001102,0.001139,0.001123,0.001146,0.0011346133333333343,0.0011186633333333342,0.001139418999999999
0.864,0.0005951,0.0007044,0.0007633,0.0008185,0.0008975,0.0009431,0.001008,0.001087,0.0011,0.001145,0.001138,0.001161,0.0011410200000000026,0.0011351099999999952,0.0011522433333333354
0.868,0.0005921,0.0006961,0.0007557,0.0008108,0.0008912,0.0009377,0.001002,0.001082,0.001098,0.001149,0.001152,0.001177,0.0011436600000000038,0.0011477199999999931,0.0011686416666666667
0.872,0.0005879,0.000688,0.0007494,0.0008042,0.0008847,0.0009316,0.0009965,0.001076,0.001093,0.001152,0.001167,0.001192,0.0011432133333333276,0.0011579699999999947,0.0011784846666666698
0.876,0.0005841,0.0006799,0.0007434,0.0007982,0.000879,0.0009254,0.0009902,0.001071,0.001089,0.001152,0.001181,0.001206,0.0011391233333333283,0.0011602533333333281,0.001170750999999999
0.88,0.0005811,0.000672,0.0007379,0.0007925,0.0008734,0.0009198,0.0009845,0.001065,0.001083,0.001151,0.001193,0.001218,0.0011405033333333379,0.001177263333333333,0.0011889686666666642
0.884,0.0005774,0.000666,0.000731,0.0007871,0.0008681,0.0009152,0.0009788,0.00106,0.001078,0.001147,0.001203,0.001229,0.001141156666666671,0.0011933733333333368,0.0012135806666666634
0.888,0.0005749,0.0006612,0.0007247,0.0007817,0.0008624,0.000911,0.0009733,0.001056,0.001075,0.001144,0.00121,0.001238,0.0011388599999999987,0.0012020333333333294,0.001225016333333334
0.892,0.0005723,0.0006563,0.000719,0.0007773,0.0008573,0.000907,0.0009683,0.001051,0.001073,0.00114,0.001214,0.001245,0.0011327799999999969,0.0012076233333333307,0.001232761333333331
0.896,0.0005704,0.0006511,0.0007154,0.0007731,0.0008527,0.0009033,0.0009641,0.001046,0.001069,0.001136,0.001217,0.00125,0.0011278350000000037,0.0012091000000000027,0.001236603333333328
0.9,0.0005681,0.0006461,0.0007125,0.0007694,0.0008494,0.0008998,0.0009603,0.001042,0.001067,0.001132,0.001218,0.001251,0.0011287966666666688,0.0012154499999999986,0.0012459233333333342
0.904,0.0005671,0.0006411,0.0007095,0.0007653,0.0008466,0.0008968,0.0009577,0.001036,0.001064,0.001127,0.001217,0.001251,0.0011247433333333307,0.0012138600000000017,0.0012456080000000013
0.908,0.000566,0.0006385,0.0007053,0.0007615,0.0008438,0.0008944,0.0009548,0.001033,0.001061,0.001123,0.001214,0.001249,0.0011213399999999993,0.001211176666666665,0.0012452013333333351
0.912,0.0005666,0.0006361,0.0007025,0.0007584,0.0008413,0.0008925,0.000953,0.00103,0.001058,0.001119,0.001209,0.001246,0.0011180466666666662,0.001205916666666668,0.0012422313333333387
0.916,0.0005664,0.0006341,0.0007,0.0007574,0.000839,0.000891,0.000951,0.001027,0.001056,0.001116,0.001203,0.001242,0.0011137600000000033,0.0011989366666666696,0.0012378600000000032
0.92,0.0005678,0.0006325,0.0006985,0.0007566,0.0008371,0.0008898,0.0009496,0.001025,0.001054,0.001112,0.001196,0.001236,0.0011104433333333358,0.0011923366666666628,0.001231920000000001
0.924,0.0005675,0.0006314,0.0006981,0.0007578,0.0008363,0.0008886,0.0009485,0.001023,0.001054,0.001109,0.00119,0.001231,0.0011081400000000035,0.0011887466666666699,0.0012289499999999982
0.928,0.0005671,0.000631,0.0006958,0.0007593,0.0008362,0.0008884,0.0009477,0.00102,0.001055,0.001106,0.001184,0.001225,0.0011051466666666657,0.0011822566666666705,0.0012223566666666622
0.932,0.0005675,0.0006318,0.0006955,0.0007593,0.0008363,0.0008894,0.0009463,0.001019,0.001055,0.001105,0.001178,0.001219,0.0011047100000000018,0.0011787333333333385,0.001219030000000002
0.936,0.0005686,0.0006324,0.000694,0.000759,0.0008364,0.0008903,0.0009457,0.001017,0.001055,0.001103,0.001173,0.001214,0.0011027266666666694,0.0011733933333333312,0.0012132933333333304
0.94,0.0005699,0.000633,0.0006934,0.0007588,0.0008365,0.0008909,0.0009445,0.001015,0.001055,0.001103,0.001168,0.001208,0.0010977540000000024,0.0011686200000000009,0.0012033899999999943
0.944,0.0005722,0.000635,0.0006947,0.0007583,0.0008368,0.0008898,0.0009453,0.001013,0.001057,0.001102,0.001163,0.001202,0.0010966066666666646,0.0011639033333333377,0.0011968333333333301
0.948,0.0005745,0.0006366,0.0006971,0.0007586,0.0008371,0.0008892,0.0009452,0.001011,0.00106,0.001101,0.001159,0.001197,0.0010976700000000005,0.0011608800000000015,0.001195293333333334
0.952,0.0005773,0.0006389,0.0006983,0.000761,0.0008383,0.0008891,0.0009454,0.001009,0.001061,0.0011,0.001156,0.001193,0.0010984633333333295,0.0011569166666666622,0.0011920433333333326
0.956,0.00058,0.0006409,0.0007009,0.0007628,0.0008405,0.0008908,0.0009453,0.001008,0.00106,0.001099,0.001152,0.001189,0.0010977866666666664,0.0011536933333333279,0.0011885666666666638
0.96,0.0005828,0.0006424,0.0007012,0.0007663,0.0008424,0.0008937,0.0009456,0.001008,0.001059,0.001097,0.00115,0.001185,0.0010965166666666657,0.0011506133333333316,0.001183579999999996
0.964,0.0005856,0.000644,0.0007028,0.0007694,0.0008441,0.0008954,0.0009465,0.001008,0.001059,0.001097,0.001146,0.001181,0.0010965566666666655,0.0011471399999999979,0.0011781433333333282
0.968,0.0005887,0.0006471,0.0007059,0.0007732,0.0008451,0.0008959,0.0009489,0.001009,0.001058,0.001097,0.001143,0.001177,0.0011005066666666657,0.0011470133333333354,0.0011827033333333316
0.972,0.0005921,0.0006497,0.0007089,0.0007707,0.000847,0.0008974,0.0009505,0.001009,0.001059,0.001098,0.001141,0.001174,0.0010981966666666623,0.001141646666666669,0.0011753000000000028
0.976,0.0005957,0.000653,0.0007119,0.0007722,0.0008494,0.0008993,0.0009523,0.001009,0.001059,0.001099,0.001139,0.001172,0.0010987199999999986,0.001139800000000001,0.001172893333333338
0.98,0.0005987,0.0006558,0.0007152,0.0007748,0.0008521,0.000902,0.0009541,0.001009,0.00106,0.001099,0.001138,0.00117,0.0010991233333333334,0.0011388399999999951,0.001171183333333336
0.984,0.0006026,0.0006586,0.0007184,0.0007803,0.0008543,0.0009064,0.0009552,0.00101,0.001061,0.001099,0.001138,0.001167,0.0010996400000000007,0.0011384566666666606,0.0011687933333333303
0.988,0.000606,0.0006612,0.0007216,0.0007867,0.0008558,0.0009089,0.0009574,0.001012,0.001063,0.001101,0.001137,0.001166,0.001101423333333335,0.0011383599999999993,0.0011683600000000002
0.992,0.0006096,0.0006643,0.0007251,0.0007938,0.0008575,0.0009106,0.0009598,0.001014,0.001066,0.001101,0.001136,0.001165,0.0011020166666666689,0.001138893333333337,0.0011671133333333384
0.996,0.0006125,0.0006681,0.0007282,0.000794,0.0008605,0.0009126,0.0009622,0.001017,0.001068,0.001103,0.001136,0.001165,0.001104750000000003,0.0011418933333333377,0.0011706133333333386
1.0,0.0006162,0.0006724,0.0007313,0.0007972,0.0008636,0.0009159,0.000966,0.001019,0.00107,0.001105,0.001137,0.001164,0.001106493333333336,0.0011406733333333347,0.001168500000000001
1.004,0.00062,0.0006769,0.0007351,0.0007997,0.0008666,0.0009198,0.0009701,0.001022,0.001074,0.001108,0.001137,0.001164,0.0011099433333333333,0.0011413466666666656,0.0011686633333333333
1.008,0.0006246,0.0006812,0.0007383,0.0008033,0.0008694,0.000924,0.0009738,0.001025,0.001079,0.00111,0.001138,0.001165,0.0011113366666666662,0.0011398966666666618,0.001166643333333338
1.012,0.000628,0.0006846,0.0007414,0.0008082,0.0008708,0.0009274,0.0009782,0.001028,0.001085,0.001113,0.001139,0.001164,0.0011142666666666638,0.001140506666666666,0.0011662966666666668
1.016,0.0006315,0.0006879,0.0007452,0.0008128,0.0008725,0.0009307,0.0009821,0.00103,0.001089,0.001115,0.001139,0.001164,0.001116313333333331,0.0011406300000000008,0.00116585
1.02,0.0006355,0.0006916,0.0007494,0.0008176,0.000876,0.0009347,0.0009848,0.001034,0.001092,0.001118,0.001141,0.001165,0.001118976666666668,0.001141560000000001,0.0011657400000000056
1.024,0.0006411,0.0006956,0.0007545,0.0008223,0.0008801,0.0009397,0.0009891,0.001037,0.001092,0.001121,0.001142,0.001165,0.0011219266666666668,0.001142576666666663,0.0011659300000000056
1.028,0.0006455,0.0007,0.0007601,0.0008264,0.0008848,0.0009418,0.0009934,0.00104,0.001092,0.001124,0.001144,0.001167,0.0011246600000000043,0.001144296666666664,0.001167993333333331
1.032,0.0006495,0.000704,0.0007651,0.0008309,0.000889,0.0009459,0.0009992,0.001044,0.001094,0.001126,0.001145,0.00117,0.0011267733333333336,0.0011457233333333357,0.0011710366666666692
1.036,0.000653,0.000708,0.0007699,0.0008357,0.0008925,0.0009487,0.001005,0.001048,0.001098,0.001129,0.001147,0.001172,0.0011300133333333304,0.0011475966666666694,0.0011727266666666692
1.04,0.0006557,0.0007121,0.0007746,0.0008401,0.000895,0.0009536,0.00101,0.001052,0.001102,0.001131,0.00115,0.001173,0.0011304366666666634,0.0011464566666666669,0.001170433333333331
1.044,0.0006599,0.0007165,0.0007789,0.0008456,0.000899,0.0009605,0.001013,0.001056,0.001107,0.001134,0.001153,0.001175,0.001133176666666669,0.001157743333333332,0.001177009666666664
1.048,0.0006653,0.0007211,0.0007834,0.0008511,0.000904,0.0009681,0.001018,0.001061,0.001111,0.001137,0.001156,0.001177,0.001137606666666667,0.0011611666666666628,0.0011806696666666649
1.052,0.0006696,0.000726,0.0007883,0.0008567,0.0009097,0.0009729,0.001023,0.001065,0.001116,0.001141,0.001158,0.001179,0.0011410733333333354,0.0011627366666666639,0.0011769583333333324
1.056,0.0006744,0.000731,0.000794,0.0008618,0.0009155,0.0009805,0.001029,0.001071,0.001121,0.001145,0.001161,0.001181,0.0011461300000000034,0.0011667500000000022,0.0011860033333333274
1.06,0.0006797,0.0007356,0.0007997,0.0008666,0.0009218,0.0009856,0.001035,0.001077,0.001127,0.001149,0.001164,0.001183,0.0011501300000000046,0.001167753333333333,0.0011885599999999941
1.064,0.0006842,0.0007406,0.0008055,0.000872,0.0009273,0.0009912,0.001041,0.001083,0.001133,0.001153,0.001168,0.001185,0.0011545366666666683,0.0011727400000000018,0.0011908699999999958
1.068,0.0006896,0.000746,0.0008124,0.0008787,0.0009335,0.0009969,0.001047,0.001088,0.001139,0.001157,0.001172,0.001189,0.0011582833333333362,0.001176096666666671,0.0011922486666666636
1.072,0.0006951,0.0007516,0.0008193,0.0008858,0.00094,0.001002,0.001052,0.001096,0.001145,0.001161,0.001176,0.001193,0.0011625766666666709,0.001182366666666671,0.0011996766666666652
1.076,0.0006999,0.0007572,0.0008256,0.000893,0.0009466,0.001007,0.001059,0.001103,0.001152,0.001165,0.001179,0.001196,0.0011677800000000056,0.0011848766666666677,0.0012033166666666638
1.08,0.0007049,0.0007632,0.0008326,0.0008993,0.0009532,0.001012,0.001068,0.00111,0.00116,0.00117,0.001183,0.001199,0.001173533333333336,0.0011910999999999966,0.0012086833333333372
1.084,0.0007107,0.0007683,0.0008392,0.0009061,0.0009609,0.001017,0.001077,0.001117,0.001168,0.001175,0.001187,0.001203,0.001180319999999998,0.0011975966666666637,0.001216730000000005
1.088,0.0007162,0.000774,0.0008453,0.0009137,0.000968,0.001023,0.001085,0.001124,0.001177,0.001181,0.001192,0.001207,0.0011894833333333287,0.0012073200000000037,0.0012284366666666727
1.092,0.0007222,0.00078,0.0008528,0.0009215,0.0009761,0.001031,0.00109,0.00113,0.001185,0.001187,0.001198,0.001211,0.0011943433333333289,0.0012167866666666655,0.001229294666666668
1.096,0.0007283,0.0007867,0.0008596,0.0009296,0.0009835,0.00104,0.001093,0.001138,0.001193,0.001193,0.001203,0.001215,0.0011986199999999994,0.0012223033333333367,0.0012314966666666697
1.1,0.0007355,0.0007943,0.000866,0.0009381,0.0009913,0.001049,0.001096,0.001147,0.0012,0.001198,0.001208,0.00122,0.0012032599999999964,0.001222816666666662,0.0012336160000000005
1.104,0.0007425,0.0008024,0.0008733,0.0009467,0.001,0.001057,0.001104,0.001156,0.001209,0.001204,0.001213,0.001226,0.0012100399999999973,0.0012266533333333354,0.0012398600000000023
1.108,0.0007493,0.0008102,0.0008815,0.0009564,0.00101,0.001062,0.001113,0.001166,0.001217,0.00121,0.001218,0.001231,0.0012170066666666616,0.0012371599999999982,0.0012504499999999995
1.112,0.0007559,0.000819,0.0008904,0.0009676,0.00102,0.00107,0.001123,0.001176,0.001226,0.001216,0.001223,0.001236,0.00122325333333333,0.0012410699999999962,0.0012540666666666677
1.116,0.0007613,0.0008278,0.0009005,0.0009787,0.00103,0.001079,0.001134,0.001185,0.001236,0.001222,0.00123,0.001242,0.0012312099999999995,0.0012538433333333357,0.0012645600000000035
1.12,0.0007668,0.0008371,0.0009113,0.0009903,0.001041,0.001089,0.001145,0.001195,0.001248,0.001229,0.001236,0.001248,0.0012394599999999971,0.0012560366666666675,0.0012713066666666722
1.124,0.0007734,0.0008479,0.0009232,0.001003,0.001052,0.0011,0.001157,0.001206,0.00126,0.001236,0.001241,0.001254,0.0012472900000000003,0.0012592199999999964,0.001276889999999996
1.128,0.0007811,0.0008597,0.0009363,0.001017,0.001065,0.001111,0.001169,0.001218,0.001273,0.001243,0.001247,0.00126,0.0012563066666666626,0.001267013333333331,0.0012872966666666646
1.132,0.0007892,0.0008731,0.0009512,0.001032,0.001078,0.001122,0.001182,0.001231,0.001286,0.00125,0.001254,0.001267,0.0012673966666666597,0.0012792999999999965,0.0013007866666666697
1.136,0.0007991,0.000889,0.0009668,0.001048,0.001091,0.001137,0.001195,0.001243,0.0013,0.001258,0.001261,0.001275,0.0012739699999999965,0.0012844433333333368,0.001305026666666673
1.14,0.0008093,0.0009055,0.0009838,0.001065,0.001106,0.001153,0.001207,0.001257,0.001314,0.001267,0.001268,0.001284,0.0012866333333333348,0.001296483333333331,0.001320083333333336
1.144,0.0008207,0.0009238,0.001,0.001083,0.001121,0.00117,0.001223,0.001271,0.001329,0.001276,0.001275,0.001293,0.001303836666666667,0.0013137500000000057,0.0013410533333333284
1.148,0.0008338,0.0009429,0.001017,0.001102,0.001136,0.001187,0.001242,0.001287,0.001344,0.001286,0.001283,0.001301,0.0013148800000000048,0.001322516666666663,0.0013514733333333299
1.152,0.0008486,0.0009622,0.001035,0.00112,0.001153,0.001204,0.00126,0.001304,0.001359,0.001296,0.001291,0.001308,0.0013267666666666707,0.0013332599999999937,0.0013578233333333284
1.156,0.0008648,0.000982,0.001054,0.001138,0.00117,0.00122,0.001275,0.001321,0.001377,0.001307,0.0013,0.001317,0.0013430733333333353,0.0013505833333333362,0.0013792733333333371
1.16,0.0008828,0.001001,0.001072,0.001154,0.001186,0.001235,0.001287,0.00134,0.001396,0.001319,0.00131,0.001326,0.001353860000000002,0.0013579833333333298,0.00138624333333333
1.164,0.0009024,0.001019,0.001091,0.001171,0.001204,0.001252,0.001297,0.001359,0.001414,0.001332,0.001321,0.001335,0.0013695900000000006,0.0013733000000000024,0.001398909999999995
1.168,0.0009236,0.001038,0.001107,0.001187,0.00122,0.001269,0.001316,0.001376,0.001434,0.001345,0.001331,0.001346,0.0013843233333333325,0.0013869200000000057,0.0014121333333333367
1.172,0.0009455,0.001055,0.001124,0.001202,0.001234,0.001286,0.001337,0.001394,0.001455,0.001358,0.001343,0.001357,0.001404873333333339,0.0014068933333333308,0.001434389999999998
1.176,0.0009681,0.001073,0.001139,0.001217,0.00125,0.001303,0.001355,0.00141,0.001474,0.001373,0.001355,0.00137,0.0014221966666666706,0.0014209633333333322,0.0014485599999999959
1.18,0.0009898,0.00109,0.001154,0.001231,0.001265,0.001319,0.001373,0.001427,0.001494,0.001389,0.00137,0.001383,0.0014390399999999943,0.001433349999999999,0.0014619533333333384
1.184,0.001011,0.001104,0.001168,0.001246,0.00128,0.001333,0.001387,0.001443,0.001513,0.001406,0.001385,0.001398,0.001447696666666669,0.0014379666666666725,0.0014648833333333387
1.188,0.00103,0.001119,0.001181,0.001259,0.001294,0.001348,0.001403,0.001459,0.00153,0.001424,0.0014,0.001413,0.001453076666666664,0.001436760000000007,0.001458963333333333
1.192,0.001047,0.001133,0.001192,0.001274,0.001307,0.001363,0.001421,0.001474,0.001547,0.001443,0.001415,0.001428,0.0014738866666666752,0.0014540333333333344,0.0014762866666666653
1.196,0.001062,0.001147,0.001208,0.001288,0.001318,0.001377,0.001436,0.00149,0.001563,0.00146,0.001431,0.001444,0.0014845666666666714,0.0014631566666666684,0.0014846900000000007
1.2,0.001076,0.00116,0.001222,0.001301,0.001331,0.001395,0.001451,0.001506,0.001579,0.001477,0.001447,0.00146,0.0015001866666666701,0.0014747099999999945,0.0014923200000000038
1.204,0.001088,0.001173,0.001235,0.001313,0.001345,0.001411,0.001467,0.001522,0.001595,0.001494,0.001465,0.001477,0.00151639333333333,0.0014868566666666634,0.0015028633333333363
1.208,0.0011,0.001185,0.001248,0.001326,0.001358,0.001426,0.001479,0.001537,0.001611,0.001511,0.001481,0.001494,0.0015350066666666637,0.0015103800000000028,0.001524439999999998
1.212,0.001112,0.001197,0.001259,0.001337,0.00137,0.001439,0.001495,0.001549,0.001626,0.001527,0.001499,0.001512,0.001552999999999998,0.0015352733333333264,0.0015348800000000037
1.216,0.001124,0.001209,0.001269,0.001349,0.001381,0.001451,0.00151,0.001564,0.001641,0.001544,0.001515,0.00153,0.0015582633333333276,0.0015303599999999952,0.0015386133333333291
1.22,0.001137,0.001221,0.00128,0.001361,0.001393,0.001461,0.001521,0.00158,0.001656,0.001559,0.001533,0.001547,0.0015767666666666614,0.001564593333333336,0.001574600000000007
1.224,0.001148,0.001232,0.001292,0.001372,0.001404,0.001474,0.001537,0.001595,0.001669,0.001572,0.00155,0.001564,0.0015887100000000027,0.0015750266666666652,0.0015668933333333399
1.228,0.001159,0.001244,0.001304,0.001383,0.001417,0.001486,0.001552,0.001609,0.001682,0.001589,0.001567,0.00158,0.001608786666666668,0.001591463333333332,0.0015912566666666749
1.232,0.00117,0.001255,0.001315,0.001395,0.001429,0.0015,0.001562,0.001622,0.001694,0.001611,0.001583,0.001595,0.0016272033333333262,0.0016093433333333343,0.0016030666666666715
1.236,0.001181,0.001266,0.001327,0.001406,0.001441,0.001512,0.001577,0.001634,0.001706,0.001635,0.001599,0.001611,0.001654779999999997,0.0016345233333333363,0.001617303333333325
1.24,0.001192,0.001277,0.001338,0.001416,0.001452,0.001526,0.001588,0.001648,0.001719,0.00166,0.001615,0.001627,0.0016666933333333296,0.001632246666666661,0.0016173133333333275
1.244,0.001203,0.001288,0.001347,0.001426,0.001464,0.00154,0.001599,0.001662,0.001734,0.001681,0.001631,0.001643,0.0016870333333333287,0.0016434566666666643,0.00164209666666667
1.248,0.001214,0.001298,0.001358,0.001437,0.001475,0.001552,0.001613,0.001674,0.001746,0.001697,0.001647,0.001659,0.0017030266666666668,0.0016572066666666724,0.00165771333333334
1.252,0.001226,0.001309,0.00137,0.001446,0.001487,0.001563,0.001624,0.001686,0.001757,0.00171,0.001663,0.001674,0.0017152033333333286,0.0016733633333333431,0.0016614466666666702
1.256,0.001238,0.001318,0.001382,0.001457,0.001497,0.001573,0.001635,0.001699,0.001768,0.001724,0.001678,0.001689,0.0017283033333333317,0.0016904466666666732,0.0016734633333333334
1.26,0.001249,0.001328,0.001393,0.001467,0.001504,0.001585,0.001647,0.001714,0.00178,0.001735,0.001694,0.001703,0.0017465333333333292,0.0017217933333333268,0.0016978933333333375
1.264,0.00126,0.001337,0.001404,0.001476,0.001511,0.0016,0.00166,0.001729,0.001794,0.001745,0.00171,0.001718,0.00175490333333333,0.0017315499999999947,0.0016963699999999983
1.268,0.00127,0.001346,0.001413,0.001484,0.001518,0.001615,0.001676,0.001743,0.001808,0.001754,0.001724,0.001733,0.0017631899999999959,0.0017429566666666658,0.0017073133333333317
1.272,0.001281,0.001354,0.001423,0.001493,0.001527,0.001629,0.001688,0.001757,0.00182,0.001765,0.001738,0.001748,0.0017707966666666711,0.0017510933333333364,0.0017257933333333407
1.276,0.001291,0.001361,0.001433,0.001503,0.00154,0.001642,0.001699,0.00177,0.001834,0.001774,0.001752,0.001765,0.0017842366666666683,0.0017697533333333275,0.0017460933333333366
1.28,0.0013,0.00137,0.001443,0.001514,0.001552,0.001652,0.001712,0.001783,0.00185,0.001785,0.001766,0.001781,0.0017930233333333316,0.0017801899999999966,0.0017649099999999965
1.284,0.001309,0.001377,0.001453,0.001528,0.001564,0.001664,0.001723,0.001796,0.001867,0.001796,0.00178,0.001794,0.0018088633333333381,0.0018024033333333348,0.0017624566666666688
1.288,0.001317,0.001383,0.001464,0.001544,0.001576,0.001675,0.001741,0.00181,0.001885,0.001806,0.001795,0.001805,0.0018180866666666613,0.0018169033333333296,0.0017955433333333318
1.292,0.001327,0.00139,0.001476,0.001559,0.00159,0.001687,0.001758,0.001825,0.001901,0.001817,0.001808,0.001814,0.0018309233333333379,0.0018301466666666595,0.0017917266666666624
1.296,0.001337,0.001396,0.001487,0.001572,0.001605,0.0017,0.001772,0.001842,0.001915,0.001828,0.001822,0.001824,0.0018454533333333344,0.0018502866666666603,0.0017894066666666666
1.3,0.001346,0.001404,0.001498,0.001584,0.001619,0.001712,0.001784,0.001858,0.001928,0.001837,0.001837,0.001838,0.0018486199999999942,0.001854863333333326,0.001816220000000004
1.304,0.001356,0.001413,0.00151,0.001593,0.001633,0.001723,0.001794,0.001874,0.001943,0.001846,0.001852,0.001855,0.0018691133333333368,0.0018880866666666691,0.0018396766666666682
1.308,0.001366,0.001422,0.001521,0.001604,0.001648,0.001733,0.001805,0.001888,0.001956,0.001855,0.001866,0.001872,0.0018815466666666687,0.001902376666666665,0.001841656666666663
1.312,0.001375,0.001431,0.001534,0.001616,0.001662,0.001744,0.001819,0.001906,0.001971,0.001866,0.00188,0.001888,0.0018839766666666653,0.0019041266666666645,0.0018564466666666658
1.316,0.001385,0.001441,0.001547,0.001629,0.001675,0.001756,0.001831,0.001927,0.001987,0.001878,0.001894,0.001903,0.0018996133333333345,0.0019245799999999997,0.001862953333333327
1.32,0.001395,0.001453,0.001561,0.001641,0.001691,0.00177,0.001845,0.001948,0.002002,0.001892,0.001908,0.001916,0.0019091300000000026,0.0019334500000000065,0.0018837266666666607
1.324,0.001404,0.001466,0.001575,0.001654,0.001707,0.001785,0.001861,0.001967,0.002017,0.001906,0.001925,0.001928,0.0019213800000000023,0.0019454433333333343,0.0019119966666666665
1.328,0.001415,0.001479,0.001591,0.001666,0.001724,0.001801,0.001877,0.001984,0.002032,0.001919,0.001941,0.001942,0.0019403633333333358,0.0019719666666666693,0.0019147199999999993
1.332,0.001427,0.001493,0.001605,0.00168,0.001741,0.001816,0.001894,0.001997,0.002047,0.001932,0.001957,0.001956,0.0019618899999999996,0.0020005166666666615,0.0019356100000000002
1.336,0.00144,0.001507,0.00162,0.001695,0.001757,0.001831,0.00191,0.002012,0.002063,0.001945,0.001973,0.001969,0.001971313333333324,0.0020067766666666672,0.0019498399999999987
1.34,0.001453,0.001522,0.001633,0.00171,0.001772,0.001846,0.001925,0.002028,0.00208,0.00196,0.001988,0.001983,0.001996913333333331,0.002030406666666661,0.001963160000000003
1.344,0.001466,0.001537,0.001647,0.001726,0.001788,0.001861,0.001941,0.002045,0.002096,0.001975,0.002002,0.001997,0.002003879999999997,0.0020388499999999944,0.0019610833333333424
1.348,0.00148,0.001553,0.001662,0.001743,0.001803,0.001874,0.001958,0.002062,0.002113,0.00199,0.002015,0.002014,0.0020230466666666704,0.002058753333333328,0.0019762866666666666
1.352,0.001496,0.001568,0.001679,0.001761,0.001821,0.001888,0.001975,0.002079,0.002131,0.002004,0.00203,0.002034,0.0020423533333333386,0.0020789133333333244,0.0019992133333333263
1.356,0.001512,0.001583,0.001698,0.00178,0.001839,0.001904,0.001993,0.002097,0.00215,0.002016,0.002045,0.002052,0.002057250000000006,0.0020942566666666638,0.0020177266666666716
1.36,0.001529,0.001599,0.001718,0.0018,0.001859,0.001921,0.002012,0.002116,0.002168,0.002029,0.002061,0.002071,0.002061676666666662,0.002100083333333325,0.0020357466666666695
1.364,0.001546,0.001615,0.001738,0.00182,0.001879,0.00194,0.00203,0.002135,0.002188,0.002043,0.002077,0.002086,0.002087060000000004,0.0021281099999999973,0.002064706666666665
1.368,0.001563,0.001632,0.001757,0.00184,0.001898,0.00196,0.002048,0.002155,0.002208,0.002057,0.002093,0.0021,0.002091246666666658,0.0021328700000000055,0.0020757133333333296
1.372,0.00158,0.00165,0.001779,0.00186,0.001916,0.001979,0.002067,0.002174,0.002227,0.002071,0.002108,0.002117,0.002099923333333335,0.0021396633333333344,0.002101456666666667
1.376,0.001598,0.001669,0.001801,0.001881,0.001935,0.001999,0.002085,0.002194,0.002247,0.002085,0.002124,0.002128,0.0021196966666666684,0.002161416666666669,0.0021230800000000046
1.38,0.001615,0.001687,0.001823,0.001902,0.001955,0.002019,0.002103,0.002215,0.002267,0.0021,0.002141,0.002142,0.0021362099999999956,0.002179766666666661,0.0021322566666666597
1.384,0.001634,0.001709,0.001846,0.001925,0.001977,0.00204,0.002123,0.002237,0.002288,0.002115,0.002158,0.002159,0.0021509099999999924,0.002198553333333327,0.0021309266666666715
1.388,0.001653,0.001735,0.001869,0.001948,0.002,0.002061,0.002144,0.002259,0.002309,0.002131,0.002175,0.002177,0.002173309999999997,0.0022208933333333343,0.002162639999999996
1.392,0.001673,0.001767,0.001891,0.001971,0.002023,0.002082,0.002166,0.002282,0.00233,0.002147,0.002191,0.002197,0.002189946666666671,0.0022340800000000094,0.002177606666666669
1.396,0.001694,0.001799,0.001914,0.001997,0.002045,0.002107,0.00219,0.002305,0.002351,0.002164,0.002207,0.002219,0.002215726666666674,0.0022637599999999988,0.0021939866666666687
1.4,0.001716,0.001831,0.001938,0.002021,0.002068,0.002133,0.002213,0.00233,0.002374,0.002181,0.002224,0.002234,0.002224893333333328,0.002266123333333337,0.0022284066666666633
1.404,0.001738,0.001858,0.001963,0.002046,0.00209,0.002159,0.002235,0.002353,0.002395,0.002198,0.002241,0.002254,0.00224132,0.0022854600000000082,0.002259663333333325
1.408,0.00176,0.001883,0.001988,0.00207,0.002115,0.002186,0.002259,0.002379,0.002418,0.002216,0.002259,0.002271,0.00227686333333333,0.002321723333333341,0.0022776366666666732
1.412,0.001783,0.001904,0.002014,0.002096,0.002142,0.002211,0.002283,0.002405,0.00244,0.002234,0.002278,0.00229,0.0022908399999999967,0.0023394433333333337,0.0022768133333333374
1.416,0.001806,0.001925,0.002038,0.002121,0.00217,0.002237,0.002307,0.002432,0.002461,0.002253,0.002296,0.002309,0.002300163333333324,0.0023468833333333294,0.002299063333333337
1.42,0.001829,0.001947,0.002064,0.002148,0.002198,0.002265,0.002331,0.002457,0.002484,0.002273,0.002315,0.002328,0.002315269999999997,0.002359256666666661,0.0023242533333333337
1.424,0.001852,0.001971,0.00209,0.002176,0.002227,0.002293,0.002356,0.002481,0.002507,0.002292,0.002334,0.002345,0.002334903333333329,0.0023783633333333237,0.0023496833333333375
1.428,0.001874,0.001996,0.002117,0.002202,0.002254,0.00232,0.002383,0.002506,0.002531,0.002313,0.002354,0.002364,0.002373540000000004,0.0024167033333333293,0.0023689466666666705
1.432,0.001896,0.002022,0.002145,0.00223,0.002282,0.002346,0.00241,0.002532,0.002556,0.002334,0.002374,0.002384,0.0023950666666666567,0.0024357166666666608,0.0023764233333333417
1.436,0.001919,0.002046,0.002174,0.002257,0.002309,0.002373,0.002437,0.002558,0.002582,0.002355,0.002394,0.002409,0.002415016666666664,0.0024586166666666675,0.0023861133333333323
1.44,0.001942,0.002067,0.002202,0.002283,0.002338,0.002401,0.002463,0.002586,0.002607,0.002375,0.002415,0.002434,0.0024321333333333374,0.002475343333333321,0.0024090166666666723
1.444,0.001964,0.00209,0.002231,0.00231,0.002366,0.002431,0.002488,0.002613,0.002633,0.002396,0.002436,0.002458,0.0024545466666666595,0.0024985066666666617,0.0024184866666666625
1.448,0.001985,0.002113,0.002259,0.002338,0.002395,0.00246,0.002514,0.002639,0.002659,0.002418,0.002458,0.002476,0.002473949999999997,0.0025156166666666624,0.0024372933333333333
1.452,0.002003,0.002137,0.002287,0.002367,0.002423,0.00249,0.00254,0.002667,0.002686,0.002443,0.00248,0.0025,0.0025063666666666528,0.0025482133333333407,0.002444883333333324
1.456,0.002022,0.002163,0.002318,0.002398,0.002452,0.002518,0.002568,0.002693,0.002712,0.002466,0.002502,0.002523,0.002529229999999994,0.0025697866666666716,0.0024647633333333397
1.46,0.002044,0.002189,0.002348,0.002427,0.002481,0.002546,0.002595,0.002719,0.00274,0.002489,0.002525,0.002547,0.002543793333333326,0.0025852133333333347,0.002478349999999997
1.464,0.002067,0.002216,0.002378,0.002455,0.002509,0.002574,0.002622,0.002746,0.002765,0.002509,0.002548,0.002573,0.0025811733333333275,0.002624259999999998,0.002490503333333339
1.468,0.002091,0.002241,0.002406,0.002483,0.002536,0.002602,0.002649,0.002772,0.00279,0.002531,0.002571,0.002594,0.002593046666666658,0.0026360899999999937,0.0025404733333333294
1.472,0.002115,0.002267,0.002434,0.002512,0.002565,0.002632,0.002678,0.002798,0.002818,0.002553,0.002594,0.002617,0.0025976033333333474,0.0026403766666666588,0.0025870766666666583
1.476,0.002139,0.002294,0.002461,0.002543,0.002594,0.002663,0.002706,0.002825,0.002847,0.002577,0.002617,0.002641,0.0026290600000000133,0.0026680099999999906,0.0026165700000000012
1.48,0.002163,0.002321,0.002492,0.002574,0.002626,0.002694,0.002735,0.002851,0.0028770000000000002,0.002601,0.002641,0.002668,0.002677139999999995,0.0027215033333333337,0.002588316666666672
1.484,0.002189,0.002347,0.002523,0.002604,0.002656,0.002725,0.002764,0.002879,0.002907,0.002625,0.002666,0.002692,0.0026868766666666606,0.0027313099999999855,0.002624413333333347
1.488,0.002214,0.002375,0.002553,0.002634,0.002687,0.002753,0.002793,0.002908,0.002932,0.002649,0.00269,0.002716,0.00271897333333334,0.0027591199999999964,0.0026411700000000156
1.492,0.002241,0.002403,0.002583,0.002665,0.002717,0.002783,0.002821,0.002936,0.002958,0.002674,0.002715,0.002738,0.002731763333333327,0.0027738500000000083,0.002675663333333344
1.496,0.002269,0.00243,0.002613,0.002695,0.002746,0.002813,0.002849,0.002964,0.002982,0.0027,0.00274,0.002758,0.0027558066666666724,0.0027969899999999957,0.002702763333333341
1.5,0.002297,0.002457,0.002642,0.002725,0.002776,0.002843,0.002876,0.002991,0.003006,0.002727,0.002765,0.002778,0.0028376366666666704,0.002868816666666672,0.0026997533333333254
