Voltage,1,3,5,10,15,20,30,40,50,60,80,100,60_pred,80_pred,100_pred
-0.996,0.0007068,0.0006287,0.0006388,0.0006474,0.0006653,0.0006895,0.001078,0.0006812,0.000783,0.0007032,0.0008441,0.001066,0.0007149243333333303,0.0008478173333333296,0.0010364163333333374
-0.992,0.0007009,0.0006207,0.0006287,0.0006375,0.0006558,0.0006793,0.001056,0.0006888,0.0007721,0.0006973,0.0008341,0.001043,0.000700994333333335,0.0008340049999999999,0.0010326386666666657
-0.988,0.0006957,0.0006136,0.0006193,0.0006282,0.0006468,0.0006699,0.001036,0.000694,0.0007622,0.0006917,0.0008248,0.001021,0.0006934843333333327,0.000823557999999996,0.001014233999999997
-0.984,0.0006911,0.0006074,0.0006105,0.0006193,0.0006384,0.0006613,0.001017,0.0006967,0.0007532,0.0006865,0.0008159,0.001,0.0006894636666666698,0.0008165596666666672,0.0009985076666666664
-0.98,0.0006873,0.0006028,0.0006025,0.0006109,0.0006307,0.000654,0.001003,0.0006943,0.0007453,0.0006816,0.0008076,0.0009851,0.0006851870000000024,0.000810962666666665,0.0009872179999999987
-0.976,0.0006835,0.0005976,0.000595,0.0006032,0.000623,0.0006466,0.0009869,0.0006868,0.000738,0.0006773,0.0007998,0.0009638,0.0006764209999999989,0.0007971773333333318,0.0009585863333333316
-0.972,0.0006805,0.0005923,0.0005885,0.0005962,0.0006165,0.0006403,0.0009725,0.0006846,0.0007314,0.0006738,0.0007928,0.0009539,0.0006734446666666669,0.0007916676666666684,0.0009505443333333342
-0.968,0.0006775,0.0005878,0.0005823,0.00059,0.0006108,0.0006341,0.0009566,0.0006941,0.0007247,0.0006704,0.0007863,0.0009428,0.0006716963333333315,0.0007869249999999982,0.0009412179999999984
-0.964,0.0006765,0.0005832,0.0005765,0.0005842,0.0006055,0.0006285,0.0009409,0.0006833,0.0007185,0.000667,0.0007803,0.0009302,0.0006675020000000005,0.0007804263333333349,0.000928680333333331
-0.96,0.0006751,0.0005795,0.0005707,0.0005783,0.0006004,0.000623,0.0009256,0.0006793,0.000713,0.0006641,0.0007748,0.0009199,0.0006645073333333345,0.0007750366666666651,0.0009184503333333325
-0.956,0.0006729,0.000576,0.0005645,0.0005729,0.0005952,0.0006178,0.0009126,0.0006735,0.000708,0.0006614,0.0007698,0.0009048,0.0006615676666666691,0.0007694439999999957,0.0009051470000000024
-0.952,0.0006692,0.0005721,0.0005584,0.000568,0.00059,0.0006129,0.0008992,0.0006647,0.0007035,0.0006591,0.000765,0.000901,0.0006591916666666656,0.0007644463333333298,0.0008999453333333366
-0.948,0.0006644,0.0005685,0.0005531,0.0005634,0.0005856,0.0006086,0.000887,0.0006604,0.0006995,0.0006573,0.0007606,0.0008984,0.0006572169999999999,0.0007599729999999994,0.0008961403333333329
-0.944,0.00066,0.0005659,0.0005477,0.0005594,0.000582,0.0006048,0.0008743,0.0006689,0.0006956,0.0006555,0.0007567,0.0008952,0.0006552273333333347,0.0007563710000000005,0.0008937716666666694
-0.94,0.0006573,0.0005633,0.0005435,0.0005553,0.0005787,0.0006012,0.0008594,0.0006644,0.000692,0.0006534,0.0007531,0.0008893,0.0006535506666666661,0.0007530463333333356,0.000886895333333335
-0.936,0.0006542,0.000561,0.0005394,0.0005514,0.0005755,0.000598,0.0008452,0.0006638,0.0006886,0.0006518,0.0007498,0.0008789,0.0006521233333333333,0.0007498809999999979,0.0008757963333333315
-0.932,0.0006511,0.0005574,0.0005356,0.0005477,0.000572,0.000595,0.0008337,0.0006583,0.0006856,0.0006501,0.0007468,0.0008652,0.0006510659999999975,0.0007474186666666646,0.0008630653333333364
-0.928,0.0006482,0.0005526,0.0005317,0.000544,0.0005687,0.0005922,0.0008218,0.0006589,0.0006828,0.0006486,0.000744,0.0008518,0.0006496973333333322,0.0007448849999999976,0.0008529913333333374
-0.924,0.0006444,0.0005477,0.0005276,0.0005403,0.0005656,0.0005896,0.0008131,0.0006593,0.0006803,0.0006476,0.0007414,0.0008471,0.0006484666666666658,0.0007420870000000004,0.0008458766666666651
-0.92,0.0006416,0.0005432,0.0005232,0.0005375,0.0005629,0.0005872,0.000804,0.0006563,0.0006776,0.0006467,0.0007392,0.0008404,0.0006474360000000001,0.0007398049999999978,0.0008398533333333315
-0.916,0.0006373,0.000539,0.0005197,0.0005349,0.0005605,0.0005848,0.0007933,0.0006551,0.0006753,0.0006462,0.0007372,0.000835,0.0006466513333333357,0.0007375026666666639,0.000832499666666667
-0.912,0.0006329,0.0005352,0.000516,0.0005325,0.0005585,0.0005826,0.0007821,0.000654,0.0006733,0.0006458,0.0007354,0.0008232,0.0006460393333333345,0.0007353869999999987,0.0008226563333333317
-0.908,0.0006271,0.0005312,0.0005126,0.0005301,0.0005565,0.0005807,0.0007733,0.0006552,0.0006717,0.0006456,0.000734,0.0008144,0.0006457436666666652,0.0007341966666666692,0.0008160596666666651
-0.904,0.0006216,0.0005273,0.0005095,0.0005277,0.0005544,0.0005789,0.000763,0.0006598,0.0006703,0.0006454,0.0007328,0.0008032,0.0006454223333333308,0.0007327546666666701,0.0008073180000000009
-0.9,0.0006151,0.0005235,0.0005068,0.0005254,0.0005525,0.0005775,0.0007543,0.0006582,0.000669,0.0006453,0.0007318,0.0008125,0.0006453453333333304,0.0007320343333333365,0.0008112659999999972
-0.896,0.000609,0.0005197,0.0005043,0.0005235,0.0005507,0.0005764,0.0007469,0.0006537,0.0006678,0.0006452,0.0007309,0.0008171,0.0006452460000000011,0.0007308586666666682,0.0008178696666666617
-0.892,0.0006024,0.0005155,0.0005022,0.0005217,0.0005493,0.0005754,0.00074,0.0006549,0.0006669,0.0006453,0.0007302,0.000823,0.0006454359999999971,0.0007302596666666627,0.0008192936666666628
-0.888,0.0005959,0.0005114,0.0004998,0.0005201,0.000548,0.0005744,0.0007329,0.000654,0.0006661,0.0006454,0.0007295,0.0008114,0.0006457579999999977,0.0007298059999999971,0.00081065033333333
-0.884,0.0005886,0.0005076,0.0004975,0.0005187,0.0005473,0.0005735,0.0007293,0.0006575,0.0006658,0.0006456,0.0007292,0.0008012,0.0006462406666666648,0.0007296796666666692,0.0008006083333333327
-0.88,0.000581,0.0005036,0.0004953,0.0005175,0.0005466,0.0005726,0.0007234,0.0006591,0.0006653,0.0006459,0.000729,0.0007874,0.0006464653333333345,0.0007293263333333345,0.0007889096666666628
-0.876,0.0005727,0.0005002,0.0004933,0.0005165,0.0005459,0.0005722,0.0007181,0.0006561,0.000665,0.0006465,0.000729,0.0007863,0.0006467239999999976,0.0007291423333333338,0.00078854533333333
-0.872,0.0005645,0.0004971,0.0004918,0.0005156,0.0005454,0.000572,0.0007132,0.0006526,0.0006651,0.0006473,0.0007293,0.0007912,0.0006473026666666651,0.0007293729999999975,0.0007915083333333314
-0.868,0.000556,0.0004939,0.0004905,0.0005151,0.0005451,0.0005721,0.0007079,0.000655,0.0006656,0.0006481,0.0007298,0.0007976,0.0006480816666666695,0.0007298250000000006,0.0007942920000000013
-0.864,0.0005474,0.0004909,0.0004892,0.000515,0.0005449,0.0005725,0.000703,0.0006565,0.0006661,0.0006491,0.0007305,0.0007885,0.0006490316666666698,0.0007304769999999989,0.0007886183333333318
-0.86,0.0005395,0.0004875,0.0004882,0.0005149,0.0005452,0.000573,0.0006982,0.0006574,0.0006668,0.0006501,0.0007311,0.0007826,0.000650236999999998,0.0007312303333333359,0.0007827926666666638
-0.856,0.0005309,0.0004835,0.0004872,0.0005147,0.0005453,0.0005736,0.0006929,0.0006567,0.0006675,0.0006513,0.0007318,0.0007738,0.0006516289999999972,0.0007320900000000019,0.0007761373333333322
-0.852,0.0005223,0.0004798,0.0004864,0.0005145,0.0005455,0.0005742,0.0006888,0.0006577,0.0006683,0.0006525,0.0007325,0.0007755,0.0006528523333333334,0.0007327506666666648,0.0007754246666666703
-0.848,0.0005143,0.0004769,0.0004859,0.0005143,0.0005458,0.0005747,0.0006854,0.0006591,0.0006692,0.0006539,0.0007332,0.0007751,0.0006537093333333357,0.0007331599999999969,0.0007755156666666672
-0.844,0.0005062,0.000474,0.0004855,0.0005144,0.0005464,0.0005753,0.0006825,0.0006604,0.0006702,0.0006553,0.0007343,0.0007776,0.0006554309999999998,0.0007344866666666636,0.0007770653333333319
-0.84,0.0004984,0.0004713,0.0004851,0.0005148,0.0005471,0.0005761,0.00068,0.000663,0.0006711,0.0006567,0.0007355,0.0007772,0.0006568256666666677,0.0007356876666666667,0.0007771106666666687
-0.836,0.0004913,0.0004687,0.0004853,0.0005155,0.000548,0.000577,0.0006768,0.000662,0.0006722,0.0006581,0.0007369,0.0007764,0.0006578796666666644,0.0007367363333333365,0.0007768906666666689
-0.832,0.0004843,0.0004663,0.0004858,0.0005162,0.0005488,0.000578,0.0006733,0.000662,0.0006736,0.0006598,0.0007384,0.0007758,0.000659443999999998,0.0007381456666666672,0.0007773376666666645
-0.828,0.0004777,0.0004644,0.0004865,0.0005172,0.0005497,0.0005791,0.0006699,0.0006615,0.0006751,0.0006614,0.00074,0.0007835,0.0006612456666666687,0.0007398966666666641,0.0007816329999999979
-0.824,0.0004725,0.0004633,0.0004873,0.0005182,0.0005508,0.0005803,0.0006674,0.0006628,0.0006768,0.0006631,0.0007418,0.0007806,0.0006629269999999997,0.0007416323333333301,0.0007811349999999981
-0.82,0.0004678,0.0004623,0.0004881,0.0005194,0.0005522,0.0005816,0.0006655,0.0006664,0.0006784,0.0006648,0.0007436,0.0007846,0.0006646713333333308,0.0007435373333333353,0.0007838189999999986
-0.816,0.0004637,0.0004615,0.0004888,0.0005206,0.0005535,0.0005829,0.0006659,0.0006684,0.00068,0.0006664,0.0007454,0.0007857,0.0006663080000000013,0.0007453496666666685,0.0007844933333333335
-0.812,0.0004601,0.0004611,0.0004896,0.0005219,0.0005548,0.0005842,0.0006491,0.000672,0.0006816,0.0006682,0.0007472,0.0007821,0.0006686180000000018,0.0007476763333333359,0.000781897333333335
-0.808,0.0004568,0.0004606,0.0004906,0.0005233,0.0005562,0.0005859,0.0006541,0.0006746,0.0006834,0.0006701,0.0007491,0.0007792,0.0006708583333333369,0.0007498850000000022,0.0007782590000000014
-0.804,0.000454,0.0004602,0.0004918,0.0005249,0.0005576,0.0005876,0.0006707,0.0006729,0.0006854,0.0006722,0.0007512,0.0007792,0.0006719686666666694,0.0007509816666666686,0.0007778393333333344
-0.8,0.0004519,0.0004603,0.0004932,0.0005267,0.0005593,0.0005894,0.0006918,0.0006756,0.0006876,0.0006743,0.0007533,0.000765,0.0006743489999999989,0.0007533703333333363,0.0007681329999999972
-0.796,0.0004499,0.0004605,0.0004946,0.0005286,0.0005611,0.0005913,0.0007105,0.0006742,0.0006899,0.0006766,0.0007556,0.0007624,0.0006758256666666668,0.0007549256666666658,0.0007647369999999988
-0.792,0.0004483,0.0004609,0.0004962,0.0005305,0.0005629,0.0005931,0.0007204,0.0006756,0.0006923,0.0006789,0.0007579,0.0007627,0.0006777363333333352,0.0007569943333333356,0.0007649350000000017
-0.788,0.0004471,0.0004619,0.000498,0.0005326,0.0005648,0.0005951,0.000704,0.0006806,0.0006946,0.0006813,0.0007605,0.0007671,0.0006803383333333326,0.0007597186666666668,0.0007695826666666662
-0.784,0.0004462,0.000463,0.0004999,0.0005346,0.0005667,0.0005972,0.000702,0.0006834,0.0006969,0.0006836,0.000763,0.0007773,0.0006824663333333352,0.0007621306666666703,0.0007784286666666675
-0.78,0.0004458,0.0004643,0.0005019,0.0005365,0.0005687,0.0005995,0.0007009,0.0006872,0.0006992,0.000686,0.0007656,0.000794,0.0006852243333333335,0.0007649313333333369,0.000789425999999998
-0.776,0.0004456,0.0004659,0.000504,0.0005385,0.0005708,0.0006018,0.0007006,0.0006932,0.0007015,0.0006884,0.0007684,0.0007942,0.0006882783333333349,0.0007683183333333353,0.0007935439999999967
-0.772,0.0004458,0.0004674,0.0005061,0.0005404,0.0005729,0.0006041,0.000701,0.0006915,0.000704,0.000691,0.0007712,0.0007923,0.0006903626666666655,0.0007705726666666669,0.0007929013333333305
-0.768,0.0004463,0.0004692,0.0005083,0.0005425,0.0005752,0.0006064,0.000702,0.0006963,0.0007067,0.0006936,0.0007741,0.0007952,0.0006927593333333314,0.0007731686666666667,0.0007937303333333312
-0.764,0.0004471,0.0004712,0.0005105,0.0005449,0.0005775,0.0006087,0.0007032,0.0007,0.0007093,0.0006962,0.000777,0.0007916,0.0006961830000000002,0.0007770056666666671,0.0007916876666666683
-0.76,0.000448,0.0004732,0.0005127,0.0005473,0.0005797,0.0006109,0.0007047,0.0007034,0.000712,0.0006988,0.00078,0.0007879,0.0006985766666666661,0.0007797633333333352,0.0007896846666666681
-0.756,0.0004493,0.0004754,0.0005149,0.0005498,0.000582,0.0006132,0.0007063,0.0007056,0.0007146,0.0007014,0.0007831,0.000793,0.0007011463333333319,0.0007827836666666684,0.0007923446666666628
-0.752,0.0004509,0.0004776,0.0005172,0.0005522,0.0005844,0.0006156,0.0007083,0.0007073,0.0007174,0.0007041,0.0007862,0.0007949,0.0007037286666666692,0.0007857439999999969,0.0007937533333333294
-0.748,0.0004525,0.0004797,0.0005198,0.0005546,0.0005865,0.0006181,0.0007103,0.0007084,0.0007203,0.0007069,0.0007892,0.0007907,0.0007064246666666699,0.0007887186666666627,0.0007915666666666678
-0.744,0.0004544,0.000482,0.0005222,0.000557,0.0005888,0.0006206,0.0007125,0.0007119,0.0007233,0.0007095,0.0007923,0.0007908,0.0007091806666666683,0.0007919043333333308,0.000790538666666668
-0.74,0.0004564,0.0004845,0.0005246,0.0005595,0.0005911,0.0006234,0.0007149,0.0007149,0.0007262,0.0007123,0.0007954,0.0007873,0.0007120873333333324,0.0007951960000000014,0.0007894449999999988
-0.736,0.0004588,0.0004872,0.000527,0.0005619,0.0005935,0.0006259,0.0007172,0.0007184,0.000729,0.000715,0.0007987,0.0007898,0.0007157816666666634,0.0007986706666666705,0.0007929126666666664
-0.732,0.0004613,0.00049,0.0005295,0.0005643,0.0005961,0.0006286,0.0007199,0.0007199,0.0007318,0.000718,0.0008019,0.0007961,0.0007209309999999976,0.0008030546666666653,0.0008037299999999976
-0.728,0.0004638,0.0004927,0.0005321,0.0005667,0.0005986,0.0006313,0.0007226,0.0007242,0.0007348,0.0007207,0.0008051,0.0008079,0.0007271133333333315,0.0008073530000000006,0.000819930333333333
-0.724,0.0004663,0.0004955,0.0005349,0.0005692,0.0006011,0.0006341,0.0007253,0.0007267,0.0007379,0.0007234,0.0008084,0.0008159,0.0007278830000000034,0.0008098843333333297,0.0008244080000000003
-0.72,0.0004687,0.0004985,0.0005375,0.0005717,0.0006036,0.0006368,0.0007278,0.0007287,0.0007411,0.000726,0.0008117,0.0008191,0.0007292190000000022,0.0008124153333333324,0.0008274356666666632
-0.716,0.0004714,0.0005012,0.0005402,0.0005741,0.0006061,0.0006394,0.0007305,0.0007294,0.0007444,0.0007288,0.000815,0.0008173,0.0007415753333333345,0.0008178850000000022,0.000849276999999997
-0.712,0.0004743,0.000504,0.0005429,0.0005766,0.0006087,0.000642,0.000733,0.0007316,0.0007474,0.0007316,0.0008185,0.0008131,0.0007459316666666659,0.0008218743333333329,0.0008464720000000022
-0.708,0.0004773,0.000507,0.0005455,0.0005791,0.0006114,0.0006448,0.0007359,0.0007346,0.0007504,0.0007344,0.0008218,0.0008232,0.0007420863333333315,0.0008225823333333364,0.0008353539999999989
-0.704,0.0004804,0.0005101,0.0005483,0.0005816,0.0006141,0.0006476,0.0007387,0.0007386,0.0007535,0.0007372,0.0008252,0.0008309,0.0007419293333333295,0.0008257160000000006,0.0008372639999999969
-0.7,0.0004835,0.0005132,0.0005511,0.0005843,0.0006167,0.0006505,0.0007416,0.0007402,0.0007566,0.00074,0.0008286,0.0008394,0.0007419966666666648,0.0008289743333333369,0.0008406693333333294
-0.696,0.0004867,0.0005164,0.0005537,0.000587,0.0006192,0.0006533,0.0007443,0.0007434,0.0007597,0.0007427,0.000832,0.0008403,0.0007442166666666699,0.0008320260000000002,0.0008417743333333292
-0.692,0.0004901,0.0005195,0.0005564,0.0005895,0.0006219,0.0006561,0.000747,0.0007483,0.0007629,0.0007456,0.0008355,0.0008415,0.0007465306666666711,0.0008350679999999977,0.0008422369999999972
-0.688,0.0004936,0.0005226,0.0005591,0.0005921,0.0006245,0.0006589,0.0007498,0.0007514,0.0007661,0.0007483,0.000839,0.0008382,0.0007507876666666687,0.0008393246666666682,0.000842599333333336
-0.684,0.0004971,0.0005257,0.0005616,0.0005946,0.0006273,0.0006617,0.0007526,0.0007545,0.0007693,0.000751,0.0008423,0.0008456,0.000754310666666668,0.0008422469999999982,0.0008481826666666681
-0.68,0.0005005,0.0005289,0.0005644,0.0005972,0.00063,0.0006645,0.0007553,0.0007567,0.0007725,0.0007538,0.0008458,0.0008494,0.0007576783333333326,0.0008464200000000005,0.0008520883333333335
-0.676,0.0005038,0.0005321,0.0005671,0.0006,0.0006327,0.0006674,0.0007581,0.0007579,0.0007757,0.0007566,0.0008492,0.0008523,0.000759567999999998,0.0008497569999999971,0.0008546836666666663
-0.672,0.0005073,0.0005354,0.0005698,0.0006028,0.0006355,0.0006704,0.0007609,0.0007603,0.000779,0.0007595,0.0008528,0.0008513,0.0007654249999999979,0.0008529946666666618,0.0008578816666666656
-0.668,0.000511,0.0005387,0.0005727,0.0006056,0.0006383,0.0006734,0.0007636,0.0007642,0.0007823,0.0007623,0.0008564,0.0008702,0.0007683806666666628,0.0008573879999999998,0.0008732816666666626
-0.664,0.0005148,0.0005419,0.0005755,0.0006084,0.0006411,0.0006763,0.0007664,0.0007654,0.0007857,0.0007652,0.0008601,0.000884,0.000771354999999996,0.0008609150000000008,0.0008825879999999973
-0.66,0.0005188,0.0005451,0.0005783,0.000611,0.0006439,0.0006792,0.0007692,0.0007683,0.0007891,0.0007681,0.0008638,0.0008726,0.0007769503333333298,0.000865147333333333,0.0008795153333333327
-0.656,0.0005227,0.0005482,0.0005811,0.0006136,0.0006466,0.0006821,0.000772,0.0007705,0.0007925,0.0007711,0.0008675,0.0008731,0.0007837846666666644,0.000869693999999999,0.0008783656666666647
-0.652,0.0005264,0.0005513,0.0005838,0.0006161,0.0006492,0.000685,0.0007748,0.0007734,0.0007958,0.000774,0.0008711,0.00087,0.0007918329999999982,0.0008711996666666707,0.0008781073333333345
-0.648,0.0005302,0.0005545,0.0005865,0.0006187,0.0006519,0.000688,0.0007777,0.0007771,0.0007991,0.000777,0.0008747,0.0008575,0.0007918243333333335,0.0008748183333333361,0.000866841000000003
-0.644,0.0005339,0.0005578,0.0005893,0.0006214,0.0006545,0.0006909,0.0007806,0.0007792,0.0008024,0.00078,0.0008783,0.0008549,0.0007837833333333355,0.0008787563333333326,0.0008578240000000004
-0.64,0.0005376,0.000561,0.000592,0.0006241,0.0006573,0.0006937,0.0007836,0.0007812,0.0008057,0.000783,0.0008819,0.0008547,0.0007868093333333369,0.0008813916666666637,0.000857448000000004
-0.636,0.0005413,0.0005642,0.0005948,0.0006268,0.0006601,0.0006966,0.0007868,0.0007839,0.0008091,0.0007861,0.0008857,0.0008468,0.0007902696666666693,0.0008858259999999973,0.0008549116666666699
-0.632,0.000545,0.0005672,0.0005974,0.0006295,0.0006628,0.0006996,0.0007898,0.0007872,0.0008125,0.0007892,0.0008894,0.0008652,0.0007906126666666646,0.0008897420000000017,0.0008618486666666699
-0.628,0.0005487,0.00057,0.0006,0.000632,0.0006655,0.0007027,0.0007929,0.0007914,0.000816,0.0007923,0.0008933,0.0008637,0.000794640666666665,0.000893731333333335,0.0008615473333333329
-0.624,0.0005522,0.000573,0.0006025,0.0006346,0.0006682,0.0007057,0.0007959,0.0007963,0.0008194,0.0007955,0.0008972,0.0008516,0.0007989690000000026,0.000897341333333328,0.0008533143333333343
-0.62,0.0005556,0.0005758,0.0006051,0.000637,0.0006709,0.0007086,0.0007989,0.000799,0.0008228,0.0007987,0.0009012,0.0008453,0.0008017783333333371,0.0009018463333333286,0.0008499299999999971
-0.616,0.0005587,0.0005786,0.0006074,0.0006395,0.0006735,0.0007114,0.0008021,0.0008012,0.0008262,0.0008019,0.0009049,0.0008487,0.0008045153333333321,0.0009063163333333293,0.0008557063333333331
-0.612,0.0005616,0.0005814,0.0006099,0.0006417,0.0006761,0.0007142,0.0008052,0.0008034,0.0008297,0.0008053,0.0009087,0.0008664,0.0008068040000000009,0.0009092690000000018,0.0008733909999999985
-0.608,0.0005645,0.000584,0.0006122,0.0006441,0.0006787,0.0007171,0.0008083,0.0008065,0.0008331,0.0008085,0.0009124,0.0009,0.0008113683333333317,0.0009136356666666673,0.0008984880000000034
-0.604,0.0005672,0.0005863,0.0006145,0.0006464,0.0006813,0.0007199,0.0008115,0.0008097,0.0008367,0.0008119,0.0009163,0.0009095,0.0008211423333333349,0.000919857,0.0009144040000000023
-0.6,0.0005698,0.0005886,0.0006166,0.0006487,0.0006837,0.0007227,0.0008148,0.000812,0.0008402,0.0008153,0.0009204,0.0009182,0.0008189013333333322,0.0009215009999999962,0.0009161406666666666
-0.596,0.0005722,0.0005907,0.0006186,0.000651,0.0006863,0.0007256,0.0008181,0.0008135,0.0008438,0.0008187,0.0009245,0.000909,0.0008212450000000013,0.0009247556666666638,0.0009090233333333294
-0.592,0.0005743,0.0005927,0.0006205,0.0006533,0.0006887,0.0007284,0.0008214,0.0008167,0.0008473,0.0008222,0.0009285,0.0009031,0.0008240149999999985,0.0009294473333333327,0.0009060539999999963
-0.588,0.0005762,0.0005946,0.0006226,0.0006554,0.0006913,0.0007312,0.0008248,0.0008207,0.0008508,0.0008257,0.0009325,0.0009026,0.0008259106666666703,0.0009327300000000024,0.0009050949999999996
-0.584,0.000578,0.0005963,0.0006245,0.0006576,0.0006938,0.0007341,0.0008283,0.0008269,0.0008543,0.0008292,0.0009365,0.0009141,0.0008300433333333353,0.0009368610000000048,0.0009158859999999997
-0.58,0.0005797,0.0005978,0.0006265,0.0006598,0.0006963,0.0007369,0.0008316,0.0008311,0.000858,0.000833,0.0009405,0.0009279,0.0008338393333333339,0.0009402076666666711,0.0009268576666666671
-0.576,0.0005813,0.0005993,0.0006284,0.000662,0.0006989,0.0007398,0.0008351,0.0008325,0.0008617,0.0008368,0.0009447,0.0009407,0.0008382689999999992,0.0009444446666666686,0.0009366703333333327
-0.572,0.0005828,0.0006007,0.0006302,0.0006644,0.0007016,0.0007427,0.0008386,0.0008352,0.0008656,0.0008407,0.000949,0.0009338,0.0008436396666666666,0.0009501363333333335,0.0009351176666666677
-0.568,0.0005841,0.0006021,0.000632,0.0006667,0.0007043,0.0007458,0.0008421,0.0008378,0.0008694,0.0008446,0.0009535,0.0009303,0.000848087333333334,0.0009548689999999991,0.0009323939999999986
-0.564,0.0005853,0.0006036,0.0006339,0.000669,0.0007071,0.000749,0.0008459,0.0008401,0.0008733,0.0008486,0.0009579,0.0009221,0.0008529270000000022,0.0009599606666666697,0.0009287339999999994
-0.56,0.0005863,0.0006051,0.0006358,0.0006715,0.0007101,0.0007522,0.0008496,0.0008455,0.0008772,0.0008526,0.0009623,0.000934,0.0008597886666666678,0.0009656040000000023,0.0009382759999999973
-0.556,0.0005873,0.0006065,0.0006378,0.000674,0.000713,0.0007555,0.0008533,0.0008482,0.0008812,0.0008569,0.0009667,0.0009394,0.0008610683333333308,0.0009675436666666634,0.000941234333333333
-0.552,0.0005884,0.000608,0.0006399,0.0006766,0.0007161,0.0007587,0.0008572,0.0008527,0.0008853,0.0008611,0.0009713,0.0009416,0.0008697653333333348,0.0009755903333333358,0.0009481216666666612
-0.548,0.0005895,0.0006095,0.0006421,0.0006793,0.0007192,0.0007622,0.0008609,0.000855,0.0008896,0.0008651,0.0009758,0.0009476,0.0008754606666666687,0.0009816933333333358,0.0009545606666666637
-0.544,0.0005906,0.0006112,0.0006443,0.0006819,0.0007223,0.0007658,0.0008646,0.0008566,0.000894,0.0008691,0.0009806,0.00095,0.0008763883333333363,0.0009843819999999998,0.0009548970000000015
-0.54,0.0005915,0.0006129,0.0006465,0.0006847,0.0007256,0.0007695,0.0008684,0.0008593,0.0008984,0.0008732,0.0009855,0.0009486,0.0008765083333333322,0.0009872706666666654,0.0009529636666666654
-0.536,0.0005924,0.0006147,0.0006488,0.0006875,0.0007289,0.0007732,0.0008721,0.0008653,0.0009027,0.0008775,0.0009905,0.0009594,0.0008822570000000002,0.0009907980000000017,0.0009596969999999989
-0.532,0.0005934,0.0006165,0.0006512,0.0006903,0.0007323,0.0007771,0.0008755,0.0008704,0.0009071,0.0008819,0.0009955,0.0009533,0.0008882176666666646,0.0009966320000000006,0.0009584029999999966
-0.528,0.0005942,0.0006183,0.0006536,0.0006933,0.0007358,0.0007811,0.0008788,0.0008784,0.0009117,0.0008862,0.001001,0.0009496,0.0008908343333333342,0.001003037666666665,0.0009569543333333301
-0.524,0.0005948,0.0006201,0.0006561,0.0006964,0.0007393,0.000785,0.0008819,0.0008826,0.0009165,0.0008906,0.001006,0.0009624,0.0008930029999999989,0.0010064213333333364,0.0009644503333333319
-0.52,0.0005953,0.0006219,0.0006586,0.0006996,0.0007431,0.0007891,0.000885,0.0008865,0.0009214,0.0008949,0.001011,0.0009711,0.0008985786666666681,0.0010119850000000008,0.0009745853333333347
-0.516,0.0005953,0.0006234,0.0006611,0.0007028,0.0007468,0.0007931,0.0008878,0.0008898,0.0009263,0.0008991,0.001016,0.0009821,0.0009028580000000029,0.0010160539999999987,0.000984160666666668
-0.512,0.0005951,0.0006247,0.0006633,0.0007058,0.0007504,0.000797,0.0008903,0.0008935,0.0009311,0.0009032,0.001021,0.0009937,0.0009089099999999986,0.001023883999999997,0.0009948436666666614
-0.508,0.0005946,0.0006259,0.0006655,0.0007087,0.0007539,0.0008009,0.0008926,0.0008961,0.0009359,0.0009072,0.001027,0.0009952,0.0009143963333333313,0.0010287326666666664,0.0009983836666666627
-0.504,0.0005937,0.0006268,0.0006674,0.0007115,0.0007571,0.0008048,0.0008948,0.0008993,0.0009406,0.0009111,0.001032,0.0009937,0.0009185416666666647,0.0010334243333333327,0.000997427666666661
-0.5,0.0005926,0.0006274,0.0006693,0.0007141,0.0007602,0.0008085,0.0008969,0.0009035,0.0009453,0.0009149,0.001037,0.0009997,0.000918590333333331,0.0010381366666666696,0.001000204666666664
-0.496,0.0005913,0.0006275,0.0006708,0.0007164,0.0007632,0.0008121,0.0008988,0.0009063,0.00095,0.0009186,0.001043,0.0009925,0.0009220956666666641,0.0010440799999999993,0.0009972153333333339
-0.492,0.0005898,0.0006274,0.0006721,0.0007184,0.0007659,0.0008154,0.0009006,0.0009093,0.0009545,0.0009221,0.001048,0.0009997,0.0009240626666666677,0.0010483306666666645,0.0009999646666666643
-0.488,0.0005884,0.0006271,0.0006731,0.0007201,0.0007684,0.0008184,0.0009024,0.0009123,0.0009589,0.0009255,0.001053,0.001007,0.0009316280000000004,0.001053660000000003,0.0010085836666666667
-0.484,0.0005869,0.0006267,0.0006738,0.0007214,0.0007706,0.0008211,0.0009043,0.0009149,0.0009632,0.0009289,0.001058,0.001008,0.0009317896666666701,0.001058566666666669,0.0010097240000000022
-0.48,0.0005854,0.0006262,0.0006743,0.0007226,0.0007724,0.0008237,0.0009061,0.000917,0.0009672,0.0009321,0.001063,0.001013,0.000934813666666665,0.0010638266666666667,0.0010164626666666625
-0.476,0.000584,0.0006257,0.0006746,0.0007236,0.0007741,0.0008261,0.000908,0.0009199,0.0009711,0.0009352,0.001067,0.001029,0.0009369180000000001,0.0010672600000000006,0.0010237153333333342
-0.472,0.0005825,0.000625,0.0006746,0.0007244,0.0007756,0.0008283,0.0009097,0.0009217,0.0009749,0.0009382,0.001072,0.001011,0.0009387820000000004,0.001072106666666667,0.0010138400000000015
-0.468,0.0005812,0.0006245,0.0006746,0.0007252,0.0007771,0.0008303,0.0009116,0.0009251,0.0009787,0.0009412,0.001076,0.001011,0.0009427593333333335,0.001076493333333334,0.0010127786666666678
-0.464,0.00058,0.0006238,0.0006745,0.0007259,0.0007783,0.0008321,0.0009135,0.000928,0.0009822,0.0009441,0.001081,0.001016,0.0009460686666666683,0.0010804626666666669,0.0010181553333333327
-0.46,0.000579,0.0006233,0.0006744,0.0007265,0.0007797,0.0008341,0.0009156,0.0009299,0.0009858,0.0009472,0.001085,0.001027,0.000950700333333334,0.0010844266666666675,0.0010288939999999996
-0.456,0.0005781,0.0006229,0.0006746,0.0007272,0.000781,0.0008362,0.0009179,0.0009318,0.0009895,0.0009504,0.00109,0.001043,0.0009555619999999996,0.001088323333333332,0.001042496999999999
-0.452,0.0005773,0.0006226,0.0006749,0.000728,0.0007825,0.0008383,0.0009202,0.0009346,0.0009933,0.0009537,0.001095,0.001069,0.0009596366666666671,0.0010931850000000037,0.0010623456666666625
-0.448,0.0005764,0.0006224,0.0006752,0.000729,0.0007842,0.0008405,0.0009224,0.0009369,0.0009971,0.0009572,0.0011,0.00106,0.0009609629999999981,0.0010971383333333309,0.0010601193333333353
-0.444,0.0005757,0.0006222,0.0006756,0.0007301,0.0007859,0.0008427,0.0009247,0.0009397,0.001001,0.0009608,0.001104,0.001068,0.0009658943333333347,0.0011010296666666636,0.0010622133333333388
-0.44,0.0005748,0.000622,0.000676,0.0007311,0.0007876,0.0008448,0.000927,0.0009416,0.001005,0.0009642,0.001109,0.001072,0.0009700480000000019,0.0011058010000000037,0.0010708083333333346
-0.436,0.0005741,0.0006219,0.0006765,0.0007323,0.0007893,0.0008472,0.0009294,0.000944,0.001008,0.0009677,0.001114,0.001077,0.0009722576666666655,0.0011095443333333363,0.0010714993333333313
-0.432,0.0005733,0.0006219,0.0006772,0.0007336,0.0007911,0.0008496,0.0009321,0.0009479,0.001012,0.0009713,0.001118,0.001089,0.0009744570000000021,0.001116462666666669,0.0010866903333333364
-0.428,0.0005727,0.000622,0.0006781,0.000735,0.0007932,0.0008522,0.0009348,0.0009517,0.001016,0.000975,0.001123,0.001105,0.0009772653333333357,0.0011220933333333334,0.0010983113333333351
-0.424,0.000572,0.0006222,0.0006791,0.0007366,0.0007955,0.000855,0.0009374,0.0009551,0.001021,0.0009789,0.001129,0.0011,0.0009791140000000034,0.0011272886666666647,0.0010986179999999974
-0.42,0.0005715,0.0006225,0.0006802,0.0007383,0.0007978,0.000858,0.0009403,0.0009576,0.001025,0.0009828,0.001134,0.001101,0.0009839846666666705,0.0011328833333333354,0.0010992586666666666
-0.416,0.000571,0.0006229,0.0006815,0.0007403,0.0008003,0.000861,0.0009432,0.0009587,0.001029,0.0009869,0.001139,0.001097,0.0009891980000000051,0.0011374540000000015,0.0010960539999999997
-0.412,0.0005706,0.0006233,0.0006827,0.0007422,0.0008028,0.0008641,0.0009462,0.0009618,0.001034,0.0009909,0.001144,0.001096,0.0009942513333333319,0.0011424716666666663,0.0010983880000000024
-0.408,0.0005703,0.0006238,0.0006841,0.0007443,0.0008053,0.0008673,0.0009492,0.0009655,0.001038,0.0009952,0.001149,0.001109,0.000999374999999997,0.0011433983333333365,0.0010970000000000047
-0.404,0.0005702,0.0006245,0.0006855,0.0007464,0.0008081,0.0008707,0.0009524,0.00097,0.001043,0.0009995,0.001154,0.001114,0.0010078736666666616,0.00115062833333333,0.0011172366666666687
-0.4,0.0005701,0.0006253,0.0006873,0.0007488,0.0008111,0.0008743,0.0009556,0.0009753,0.001047,0.001004,0.001159,0.001113,0.0010153536666666684,0.0011539183333333345,0.001115295333333331
-0.396,0.0005703,0.0006264,0.0006893,0.0007514,0.0008144,0.0008781,0.0009592,0.0009797,0.001052,0.001009,0.001165,0.001119,0.001022599333333333,0.0011626433333333382,0.0011283399999999983
-0.392,0.0005707,0.0006278,0.0006914,0.0007543,0.0008178,0.000882,0.000963,0.0009806,0.001057,0.001014,0.00117,0.001128,0.0010239489999999986,0.0011696500000000038,0.0011357966666666669
-0.388,0.0005714,0.0006293,0.0006937,0.0007573,0.0008214,0.000886,0.0009669,0.0009925,0.001062,0.001019,0.001176,0.001135,0.0010248299999999974,0.001173880000000005,0.001138676666666665
-0.384,0.0005723,0.0006312,0.0006962,0.0007604,0.000825,0.0008902,0.000971,0.0009998,0.001067,0.001024,0.001182,0.001141,0.0010301600000000015,0.0011800333333333358,0.0011423780000000008
-0.38,0.0005734,0.0006332,0.0006988,0.0007637,0.0008287,0.0008945,0.0009752,0.001005,0.001072,0.001029,0.001188,0.001144,0.0010339700000000021,0.0011866033333333358,0.001148569999999999
-0.376,0.0005747,0.0006354,0.0007017,0.0007671,0.0008326,0.000899,0.0009795,0.001009,0.001077,0.001035,0.001194,0.001153,0.0010406766666666695,0.0011916666666666614,0.0011561400000000004
-0.372,0.0005763,0.0006379,0.0007048,0.0007707,0.0008367,0.0009037,0.0009841,0.001009,0.001083,0.00104,0.0012,0.001161,0.0010461633333333344,0.0011973233333333307,0.0011606940000000023
-0.368,0.0005784,0.0006407,0.0007082,0.0007744,0.000841,0.0009084,0.0009886,0.001008,0.001088,0.001046,0.001206,0.001155,0.0010489499999999973,0.0012007066666666658,0.0011530140000000015
-0.364,0.0005808,0.0006438,0.0007117,0.0007784,0.0008454,0.0009132,0.0009934,0.001015,0.001094,0.001052,0.001213,0.001154,0.0010575533333333311,0.0012084900000000033,0.001154688666666662
-0.36,0.0005837,0.0006473,0.0007155,0.0007825,0.0008499,0.0009183,0.0009984,0.00102,0.0011,0.001058,0.001219,0.001158,0.0010703000000000021,0.0012123966666666717,0.001160333999999997
-0.356,0.0005868,0.0006509,0.0007194,0.0007869,0.0008545,0.0009236,0.001003,0.001024,0.001106,0.001064,0.001226,0.001157,0.001080510000000004,0.0012163133333333357,0.0011622903333333345
-0.352,0.0005904,0.0006548,0.0007235,0.0007915,0.0008594,0.0009291,0.001009,0.00103,0.001112,0.00107,0.001233,0.001167,0.0010834933333333328,0.0012280066666666657,0.0011783633333333275
-0.348,0.0005944,0.000659,0.0007278,0.0007961,0.0008643,0.0009347,0.001014,0.001037,0.001118,0.001077,0.00124,0.001177,0.0010905166666666643,0.0012358266666666691,0.0011868253333333302
-0.344,0.0005988,0.0006633,0.0007321,0.0008008,0.0008693,0.0009404,0.001019,0.001044,0.001124,0.001083,0.001247,0.001183,0.0010998333333333333,0.001240943333333332,0.0011974119999999962
-0.34,0.0006036,0.0006679,0.0007368,0.0008056,0.0008746,0.0009462,0.001025,0.001049,0.001131,0.00109,0.001254,0.001206,0.0011042166666666642,0.0012511033333333307,0.0012169466666666657
-0.336,0.0006089,0.0006729,0.0007415,0.0008105,0.00088,0.0009521,0.00103,0.001055,0.001137,0.001097,0.001261,0.001226,0.0011060333333333318,0.0012584666666666706,0.0012267686666666694
-0.332,0.0006146,0.0006781,0.0007465,0.0008156,0.0008855,0.000958,0.001036,0.001059,0.001144,0.001104,0.001268,0.001222,0.001109329999999996,0.0012657966666666655,0.001224710000000002
-0.328,0.0006208,0.0006836,0.0007516,0.000821,0.0008912,0.0009641,0.001041,0.001063,0.00115,0.001111,0.001275,0.001213,0.001115599999999995,0.0012734533333333387,0.00121775666666667
-0.324,0.0006276,0.0006894,0.0007569,0.0008265,0.0008968,0.0009704,0.001047,0.001068,0.001157,0.001118,0.001282,0.001206,0.001123336666666667,0.0012803400000000048,0.001213996666666667
-0.32,0.0006349,0.0006954,0.0007624,0.0008323,0.0009026,0.0009768,0.001053,0.001073,0.001164,0.001125,0.00129,0.001211,0.0011315399999999947,0.0012875533333333395,0.0012209133333333337
-0.316,0.0006428,0.0007019,0.0007683,0.0008382,0.0009085,0.0009833,0.001059,0.001081,0.00117,0.001133,0.001297,0.001239,0.0011394599999999956,0.0012927199999999998,0.0012409766666666633
-0.312,0.0006514,0.0007087,0.0007743,0.0008442,0.0009147,0.00099,0.001065,0.001086,0.001177,0.00114,0.001305,0.00126,0.0011469299999999952,0.0012973533333333342,0.0012569499999999984
-0.308,0.0006606,0.0007159,0.0007805,0.0008503,0.000921,0.0009968,0.001071,0.001092,0.001184,0.001148,0.001313,0.001259,0.0011534599999999974,0.001308810000000004,0.0012662400000000038
-0.304,0.0006708,0.0007235,0.000787,0.0008566,0.0009273,0.001004,0.001077,0.001099,0.001191,0.001156,0.001321,0.001249,0.0011626699999999959,0.0013184800000000025,0.0012550466666666682
-0.3,0.0006817,0.0007316,0.0007937,0.0008631,0.0009338,0.001011,0.001083,0.001105,0.001199,0.001164,0.001328,0.00124,0.0011699299999999983,0.0013220999999999984,0.001252800000000004
-0.296,0.0006936,0.0007401,0.0008007,0.0008698,0.0009405,0.001018,0.00109,0.001112,0.001206,0.001172,0.001336,0.00124,0.0011792966666666696,0.0013331933333333356,0.0012504333333333366
-0.292,0.0007066,0.0007492,0.0008082,0.0008766,0.0009476,0.001025,0.001097,0.001118,0.001214,0.00118,0.001344,0.001258,0.0011866600000000008,0.001339770000000005,0.001262989999999999
-0.288,0.0007207,0.0007591,0.000816,0.0008838,0.0009549,0.001033,0.001104,0.001123,0.001221,0.001188,0.001353,0.001269,0.0011957533333333352,0.001353573333333331,0.0012785733333333376
-0.284,0.0007362,0.0007696,0.0008241,0.0008914,0.0009624,0.001041,0.001111,0.00113,0.001229,0.001196,0.001361,0.001288,0.001200539999999997,0.0013577799999999996,0.0012883733333333394
-0.28,0.000753,0.0007808,0.0008327,0.0008993,0.00097,0.001049,0.001118,0.001141,0.001237,0.001204,0.00137,0.001292,0.0012083166666666638,0.001364866666666664,0.0012931733333333363
-0.276,0.0007715,0.000793,0.0008417,0.0009077,0.0009781,0.001057,0.001126,0.00115,0.001245,0.001212,0.001379,0.001288,0.0012148833333333298,0.0013709800000000017,0.001290063333333338
-0.272,0.0007918,0.0008061,0.0008513,0.0009164,0.0009864,0.001066,0.001134,0.00116,0.001254,0.001221,0.001388,0.001282,0.0012270533333333378,0.0013762200000000003,0.0012897366666666694
-0.268,0.0008139,0.0008202,0.0008616,0.0009253,0.0009952,0.001075,0.001142,0.001165,0.001262,0.001229,0.001397,0.001285,0.0012371566666666647,0.0013808299999999967,0.001295756666666664
-0.264,0.0008383,0.0008357,0.0008727,0.0009347,0.001004,0.001085,0.00115,0.001171,0.001271,0.001238,0.001406,0.001294,0.0012476466666666679,0.001395936666666669,0.0013097266666666696
-0.26,0.0008651,0.0008523,0.0008843,0.0009445,0.001014,0.001094,0.001159,0.001175,0.00128,0.001247,0.001416,0.001317,0.0012563733333333326,0.0014072366666666599,0.0013268066666666733
-0.256,0.0008945,0.0008706,0.0008967,0.000955,0.001024,0.001104,0.001169,0.001183,0.00129,0.001256,0.001426,0.001325,0.0012657799999999956,0.0014211733333333288,0.0013366633333333389
-0.252,0.0009268,0.0008906,0.00091,0.0009662,0.001035,0.001115,0.001178,0.001193,0.0013,0.001265,0.001436,0.001336,0.0012737933333333332,0.0014296466666666623,0.0013456233333333366
-0.248,0.0009621,0.0009123,0.000924,0.000978,0.001046,0.001125,0.001188,0.001204,0.00131,0.001274,0.001447,0.00134,0.001281929999999999,0.0014399966666666605,0.0013511566666666707
-0.244,0.001001,0.0009362,0.0009393,0.0009907,0.001057,0.001137,0.001199,0.001214,0.00132,0.001284,0.001458,0.001342,0.001293833333333336,0.001451330000000001,0.001358346666666671
-0.24,0.001043,0.0009621,0.0009556,0.001004,0.001069,0.001149,0.00121,0.001226,0.001331,0.001294,0.001469,0.001351,0.0013051033333333377,0.0014642233333333331,0.0013646633333333318
-0.236,0.001088,0.0009903,0.0009732,0.001018,0.001082,0.001161,0.001221,0.001232,0.001342,0.001304,0.001481,0.001358,0.0013085366666666736,0.0014746800000000032,0.0013662000000000047
-0.232,0.001138,0.001021,0.0009923,0.001033,0.001096,0.001174,0.001233,0.001241,0.001353,0.001314,0.001492,0.001366,0.001319819999999998,0.0014903199999999964,0.001374493333333331
-0.228,0.001192,0.001055,0.001013,0.001049,0.00111,0.001188,0.001245,0.001252,0.001365,0.001324,0.001505,0.001379,0.0013331999999999955,0.0015018633333333275,0.0013930033333333356
-0.224,0.00125,0.001091,0.001035,0.001066,0.001125,0.001202,0.001258,0.001264,0.001377,0.001335,0.001517,0.001393,0.0013422199999999942,0.0015152966666666606,0.0014014999999999967
-0.22,0.001313,0.001131,0.001059,0.001083,0.001141,0.001217,0.001272,0.001275,0.00139,0.001346,0.00153,0.001397,0.0013549300000000044,0.0015257033333333254,0.0014142033333333296
-0.216,0.00138,0.001175,0.001084,0.001103,0.001158,0.001233,0.001286,0.001287,0.001403,0.001358,0.001544,0.001408,0.0013672700000000066,0.0015511199999999942,0.0014353900000000027
-0.212,0.001452,0.001222,0.001112,0.001123,0.001176,0.00125,0.001301,0.001299,0.001417,0.001369,0.001558,0.001409,0.001374213333333339,0.0015556933333333348,0.001419779999999998
-0.208,0.001529,0.001272,0.001142,0.001145,0.001195,0.001267,0.001317,0.001313,0.001432,0.001381,0.001572,0.00141,0.0013885900000000042,0.0015683133333333375,0.0014487033333333368
-0.204,0.001609,0.001327,0.001174,0.001169,0.001216,0.001286,0.001333,0.001327,0.001447,0.001394,0.001588,0.001416,0.0014055966666666707,0.0015827833333333303,0.0014448199999999945
-0.2,0.001695,0.001385,0.001209,0.001195,0.001237,0.001306,0.00135,0.001342,0.001464,0.001407,0.001604,0.001424,0.0014257099999999974,0.0016250233333333299,0.0015544766666666615
-0.196,0.001784,0.001447,0.001246,0.001222,0.001261,0.001327,0.001369,0.001357,0.001481,0.001421,0.00162,0.001444,0.0014391633333333362,0.001631320000000003,0.0015202133333333326
-0.192,0.001877,0.001514,0.001287,0.001251,0.001286,0.00135,0.001389,0.001372,0.0015,0.001435,0.001638,0.001468,0.001454996666666672,0.0016461466666666618,0.0015129800000000045
-0.188,0.001974,0.001584,0.00133,0.001283,0.001313,0.001375,0.00141,0.001387,0.001519,0.00145,0.001657,0.001478,0.0014665066666666726,0.0016658766666666712,0.0015356966666666624
-0.184,0.002074,0.001658,0.001377,0.001317,0.001343,0.001401,0.001433,0.001404,0.00154,0.001466,0.001678,0.001484,0.0014915500000000062,0.0016891333333333399,0.0015636999999999969
-0.18,0.002177,0.001736,0.001427,0.001353,0.001375,0.00143,0.001457,0.001423,0.001563,0.001483,0.0017,0.001498,0.0015020766666666734,0.0016986499999999953,0.0015427599999999994
-0.176,0.002283,0.001817,0.001481,0.001393,0.00141,0.001462,0.001485,0.001444,0.001588,0.001502,0.001723,0.001498,0.0015194133333333373,0.001717586666666659,0.0015162933333333333
-0.172,0.002391,0.001902,0.001538,0.001437,0.001448,0.001497,0.001514,0.001468,0.001616,0.001522,0.001749,0.001502,0.0015421766666666732,0.001745566666666665,0.0015331800000000033
-0.168,0.002502,0.00199,0.001601,0.001485,0.00149,0.001536,0.001547,0.001492,0.001647,0.001543,0.001777,0.001508,0.0015673466666666703,0.0017778133333333267,0.0015472233333333391
-0.164,0.002613,0.002081,0.001667,0.001537,0.001537,0.001579,0.001584,0.001518,0.001681,0.001567,0.001807,0.001526,0.0015887099999999982,0.001807970000000001,0.0015600666666666756
-0.16,0.002726,0.002175,0.001738,0.001594,0.001588,0.001627,0.001626,0.001547,0.001719,0.001594,0.001842,0.001542,0.0016167466666666638,0.0018437533333333386,0.0015823799999999963
-0.156,0.00284,0.002272,0.001814,0.001657,0.001646,0.001681,0.001672,0.001579,0.001761,0.001624,0.00188,0.00157,0.001653953333333336,0.0018804166666666648,0.0016485933333333356
-0.152,0.002954,0.002371,0.001895,0.001726,0.001711,0.001742,0.001726,0.001617,0.001809,0.001659,0.001922,0.001584,0.0016954366666666724,0.0019222066666666612,0.0017014466666666597
-0.148,0.003067,0.002471,0.001982,0.001802,0.001783,0.001811,0.001786,0.00166,0.001864,0.001698,0.00197,0.001593,0.0017504666666666618,0.0019866933333333434,0.0017666000000000014
-0.144,0.00318,0.002573,0.002074,0.001885,0.001863,0.001889,0.001855,0.001707,0.001925,0.001744,0.002024,0.001591,0.0018064900000000046,0.002035046666666675,0.0017501166666666706
-0.14,0.00329,0.002676,0.002172,0.001976,0.001952,0.001976,0.001933,0.001763,0.001994,0.001797,0.002083,0.001608,0.001847913333333333,0.0020890966666666597,0.0017044700000000002
-0.136,0.003399,0.002781,0.002274,0.002074,0.002051,0.002073,0.00202,0.001828,0.00207,0.001857,0.002147,0.001604,0.0019302800000000006,0.0021806233333333353,0.0017814166666666668
-0.132,0.003504,0.002885,0.00238,0.002181,0.002159,0.002179,0.002116,0.001898,0.002152,0.001927,0.002217,0.001623,0.002020946666666673,0.0022486500000000074,0.0018682566666666678
-0.128,0.003607,0.00299,0.00249,0.002294,0.002273,0.002291,0.002219,0.001989,0.002238,0.002005,0.002291,0.001628,0.0020740633333333354,0.002309586666666672,0.0018096066666666681
-0.124,0.003705,0.003094,0.002604,0.002412,0.002392,0.002406,0.002324,0.002087,0.002326,0.002089,0.002367,0.001644,0.002158430000000004,0.0023666566666666706,0.001803589999999995
-0.12,0.003797,0.003196,0.00272,0.002532,0.002512,0.00252,0.002429,0.002188,0.002413,0.002176,0.002443,0.001653,0.002250889999999996,0.002426966666666657,0.0018146966666666698
-0.116,0.003885,0.003297,0.002836,0.002652,0.002629,0.00263,0.002528,0.002288,0.002497,0.002263,0.002519,0.001673,0.0023812900000000034,0.0024801200000000062,0.0018947133333333322
-0.112,0.003968,0.003396,0.002951,0.002769,0.002739,0.002733,0.002619,0.002381,0.002577,0.002348,0.002591,0.001682,0.002482506666666671,0.002556770000000004,0.0019168999999999998
-0.108,0.004044,0.003491,0.003063,0.00288,0.002841,0.002826,0.002699,0.002463,0.002651,0.002429,0.00266,0.001707,0.002517516666666668,0.002623356666666662,0.0018692333333333354
-0.104,0.004114,0.003582,0.00317,0.002983,0.002932,0.002911,0.002768,0.002541,0.00272,0.002505,0.002725,0.001717,0.002554459999999993,0.0026981899999999883,0.0018104400000000058
-0.1,0.004177,0.003666,0.00327,0.003077,0.003014,0.002987,0.002828,0.002608,0.002783,0.002576,0.002786,0.00174,0.0026082800000000062,0.0027470333333333265,0.0018345400000000023
-0.096,0.004234,0.003742,0.003361,0.003163,0.003087,0.003057,0.002879,0.002665,0.002842,0.002644,0.002843,0.001764,0.002663519999999994,0.0027754333333333374,0.001901276666666663
-0.092,0.004284,0.003809,0.003443,0.00324,0.003152,0.00312,0.002923,0.002716,0.002896,0.002708,0.002895,0.001795,0.0027755233333333416,0.0029126266666666574,0.0018944099999999968
-0.088,0.004325,0.003864,0.003515,0.003307,0.003209,0.003178,0.00296,0.002762,0.002944,0.002767,0.002942,0.001827,0.0028106033333333254,0.00295774333333333,0.0018969500000000064
-0.084,0.004356,0.003905,0.003574,0.003365,0.00326,0.003229,0.00299,0.002803,0.002987,0.002822,0.002984,0.001855,0.0028522133333333272,0.002984716666666663,0.0019392766666666702
-0.08,0.004376,0.003931,0.003619,0.003412,0.003301,0.00327,0.003012,0.002836,0.003024,0.002871,0.003021,0.001886,0.0029028366666666566,0.0030284000000000166,0.001944013333333337
-0.076,0.004383,0.003938,0.003647,0.003447,0.003332,0.0033,0.003025,0.002861,0.003054,0.002917,0.003051,0.001918,0.002940223333333323,0.0030570066666666834,0.001966269999999993
-0.072,0.004376,0.003924,0.003658,0.003468,0.003349,0.003315,0.003029,0.002878,0.003079,0.002959,0.003075,0.001942,0.0029642733333333374,0.0030691033333333493,0.0019996333333333325
-0.068,0.004351,0.003886,0.003647,0.003471,0.00335,0.003313,0.003021,0.002886,0.003095,0.002999,0.003089,0.001978,0.0029977899999999915,0.0030860366666666766,0.002032659999999999
-0.064,0.004305,0.003822,0.003614,0.003454,0.003332,0.003291,0.003,0.002882,0.0031,0.003036,0.003094,0.00201,0.0030197066666666746,0.0030886933333333475,0.0020528466666666673
-0.06,0.004234,0.003732,0.003558,0.003415,0.003293,0.003249,0.002969,0.00287,0.003093,0.003067,0.003089,0.002049,0.0030389733333333418,0.003082703333333342,0.0020783366666666673
-0.056,0.004137,0.003621,0.003482,0.003354,0.003232,0.00319,0.002932,0.002849,0.003075,0.003088,0.003077,0.002088,0.003065799999999992,0.0030749866666666655,0.002119429999999993
-0.052,0.004018,0.003495,0.003389,0.003273,0.003151,0.003118,0.002895,0.00282,0.00305,0.0031,0.003061,0.002141,0.003083203333333326,0.0030591366666666573,0.0021748233333333247
-0.048,0.003881,0.003361,0.003283,0.003176,0.003057,0.003041,0.002862,0.00279,0.003022,0.003103,0.003045,0.002189,0.003084776666666662,0.003024406666666661,0.002237533333333333
-0.044,0.003738,0.003229,0.00317,0.003071,0.002962,0.002969,0.002833,0.002761,0.002995,0.003097,0.003032,0.002245,0.003072766666666675,0.003003710000000006,0.0022742000000000105
-0.04,0.003598,0.003105,0.003056,0.002968,0.002879,0.002911,0.002811,0.002735,0.002971,0.003086,0.003025,0.002302,0.003062666666666676,0.0030066533333333464,0.00236858000000001
-0.036,0.00347,0.002997,0.002954,0.002883,0.002822,0.002875,0.002798,0.002718,0.002956,0.00307,0.003025,0.002373,0.0030582233333333406,0.0030239900000000107,0.00245430333333333
-0.032,0.003361,0.002912,0.002876,0.002825,0.002793,0.002863,0.002796,0.002708,0.00295,0.003053,0.003032,0.00244,0.003045286666666658,0.0030287833333333424,0.0024898933333333305
-0.028,0.003275,0.002857,0.00283,0.002801,0.002792,0.00287,0.002803,0.002707,0.002954,0.003039,0.003044,0.002524,0.003038696666666672,0.0030420100000000108,0.002539946666666664
-0.024,0.003212,0.002833,0.002816,0.002803,0.002809,0.002891,0.002819,0.002714,0.002967,0.003033,0.003061,0.002575,0.003036529999999991,0.0030534399999999954,0.0025721599999999956
-0.02,0.003174,0.002836,0.002829,0.002824,0.002837,0.00292,0.002841,0.002726,0.002986,0.003036,0.003079,0.002629,0.0030392800000000088,0.003071036666666677,0.0026330799999999973
-0.016,0.003159,0.002858,0.002856,0.002856,0.00287,0.002952,0.002865,0.002746,0.003009,0.003047,0.003099,0.00268,0.00304853666666668,0.0030845499999999945,0.0026915466666666728
-0.012,0.003164,0.002892,0.002892,0.002893,0.002906,0.002986,0.002891,0.002766,0.003033,0.003066,0.003119,0.002745,0.00306593000000001,0.003102769999999992,0.002748713333333333
-0.008,0.003187,0.002934,0.002933,0.002933,0.002943,0.003021,0.002918,0.002789,0.003058,0.00309,0.00314,0.002813,0.003086396666666677,0.003122963333333337,0.00279384666666666
-0.004,0.003225,0.002982,0.002978,0.002975,0.002982,0.003057,0.002944,0.002812,0.003084,0.003116,0.003161,0.002881,0.003106256666666672,0.0031333233333333283,0.0028419500000000076
0.0,0.003278,0.003035,0.003025,0.003018,0.00302,0.003092,0.00297,0.002834,0.003111,0.003143,0.003182,0.002923,0.003143416666666672,0.0031728800000000064,0.0029127300000000036
0.004,0.00334,0.003091,0.003074,0.003063,0.00306,0.003128,0.002996,0.002853,0.003138,0.00317,0.003204,0.002972,0.003164913333333338,0.0031909499999999923,0.0029637799999999892
0.008,0.003407,0.003149,0.003124,0.003108,0.003099,0.003163,0.00302,0.002876,0.003165,0.003198,0.003226,0.003014,0.003195573333333341,0.0032201866666666536,0.003026926666666654
0.012,0.003475,0.003207,0.003174,0.003153,0.003139,0.003199,0.003043,0.002895,0.003192,0.003225,0.003248,0.003056,0.0032162133333333413,0.0032341266666666693,0.0030585299999999847
0.016,0.003541,0.003264,0.003225,0.003198,0.003179,0.003234,0.003065,0.002915,0.003219,0.003252,0.003271,0.003099,0.003251170000000008,0.003269243333333341,0.003125219999999993
0.02,0.003604,0.003318,0.003274,0.003242,0.003218,0.003268,0.003085,0.002933,0.003245,0.003278,0.003292,0.003136,0.0032691266666666705,0.00327886999999999,0.0031746433333333466
0.024,0.003664,0.003371,0.003321,0.003285,0.003257,0.003301,0.003102,0.002951,0.00327,0.003302,0.003312,0.003167,0.0033022033333333476,0.003307946666666658,0.0031919833333333416
0.028,0.00372,0.00342,0.003366,0.003326,0.003295,0.003332,0.003116,0.002965,0.003293,0.003325,0.003332,0.003189,0.0033215000000000137,0.003329276666666665,0.0032015733333333324
0.032,0.003773,0.003466,0.003407,0.003364,0.003331,0.003361,0.003127,0.002979,0.003315,0.003345,0.00335,0.003207,0.003338843333333345,0.003348873333333324,0.0032115166666666574
0.036,0.00382,0.003508,0.003445,0.003399,0.003364,0.003388,0.003133,0.002991,0.003334,0.003363,0.003366,0.003216,0.003352720000000004,0.0033614933333333237,0.00321968333333333
0.04,0.003861,0.003546,0.003479,0.00343,0.003394,0.003411,0.003135,0.002999,0.003351,0.003378,0.00338,0.003233,0.0033722933333333303,0.0033781033333333452,0.0032290600000000106
0.044,0.003896,0.003578,0.003508,0.003456,0.003419,0.00343,0.003132,0.003006,0.003365,0.00339,0.003392,0.003222,0.00338574666666667,0.0033902033333333237,0.003220896666666657
0.048,0.003922,0.003604,0.003532,0.003477,0.003439,0.003445,0.003122,0.003007,0.003375,0.003398,0.003401,0.003213,0.0033949233333333425,0.003399553333333327,0.0032112333333333383
0.052,0.003942,0.003623,0.00355,0.003493,0.003454,0.003455,0.003106,0.003003,0.003381,0.003402,0.003407,0.003192,0.0033984700000000067,0.0034052400000000108,0.003192476666666652
0.056,0.003953,0.003635,0.003563,0.003503,0.003462,0.003459,0.003083,0.002995,0.003382,0.003401,0.003409,0.00317,0.0033982233333333303,0.0034072633333333295,0.003175759999999998
0.06,0.003954,0.003639,0.003569,0.003507,0.003463,0.003458,0.003052,0.00298,0.003379,0.003395,0.003408,0.003172,0.003393233333333343,0.003405599999999994,0.003172896666666652
0.064,0.003944,0.003633,0.003567,0.003504,0.003457,0.003449,0.003013,0.002959,0.003369,0.003383,0.003401,0.003199,0.0033847400000000137,0.003400419999999992,0.0031955099999999826
0.068,0.00392,0.003618,0.003557,0.003493,0.003444,0.003434,0.002966,0.002934,0.003354,0.003364,0.003389,0.003216,0.003370606666666677,0.003390816666666657,0.0032123733333333277
0.072,0.003881,0.003592,0.003539,0.003473,0.003422,0.003411,0.00291,0.002901,0.003332,0.003338,0.003371,0.003243,0.0033505633333333245,0.0033772300000000023,0.003232389999999997
0.076,0.003825,0.003556,0.003511,0.003445,0.003391,0.003381,0.002846,0.002861,0.003303,0.003305,0.003347,0.003243,0.0033148266666666675,0.003350119999999994,0.0032389533333333307
0.08,0.003753,0.003506,0.003473,0.003407,0.003352,0.003341,0.002774,0.002815,0.003266,0.003264,0.003317,0.003247,0.0032756800000000147,0.003315410000000001,0.0032384100000000015
0.084,0.003665,0.003445,0.003424,0.003359,0.003303,0.003294,0.002694,0.00276,0.003223,0.003214,0.00328,0.003268,0.0032255000000000144,0.0032653633333333174,0.0032515066666666823
0.088,0.00356,0.003369,0.003364,0.003301,0.003245,0.003238,0.002608,0.002696,0.003172,0.003157,0.003237,0.00329,0.003159219999999992,0.0032146066666666772,0.0032105566666666735
0.092,0.003441,0.003281,0.003294,0.003233,0.003177,0.003173,0.002516,0.002629,0.003115,0.003091,0.003187,0.003329,0.003100386666666656,0.003173106666666682,0.003190453333333345
0.096,0.003307,0.003179,0.003211,0.003154,0.0031,0.003099,0.00242,0.002554,0.003052,0.003018,0.003132,0.003352,0.003027109999999993,0.003091770000000012,0.0031173966666666777
0.1,0.003159,0.003064,0.003118,0.003066,0.003013,0.003018,0.002322,0.002473,0.002982,0.002938,0.003072,0.003364,0.002969686666666664,0.003071346666666662,0.00321031000000001
0.104,0.003001,0.002936,0.003013,0.002967,0.002918,0.002928,0.002222,0.002391,0.002906,0.002851,0.003007,0.003386,0.002871230000000011,0.0029666166666666573,0.003224650000000002
0.108,0.002833,0.002798,0.002898,0.002859,0.002815,0.002831,0.002123,0.002308,0.002826,0.002759,0.002937,0.003409,0.002716223333333328,0.0027622566666666635,0.003109636666666664
0.112,0.002659,0.002651,0.002774,0.002743,0.002705,0.002728,0.002025,0.002221,0.002742,0.002662,0.002865,0.003418,0.002658186666666676,0.0027996800000000014,0.0032561266666666735
0.116,0.002481,0.002497,0.002642,0.002621,0.00259,0.00262,0.001931,0.002136,0.002655,0.002563,0.00279,0.003437,0.002584976666666664,0.0027783466666666586,0.0033434133333333435
0.12,0.002302,0.002341,0.002504,0.002494,0.002471,0.002508,0.001841,0.002048,0.002566,0.002463,0.002714,0.003443,0.0024687633333333285,0.0026693333333333282,0.003274793333333325
0.124,0.002128,0.002184,0.002363,0.002363,0.00235,0.002395,0.001755,0.001964,0.002476,0.002363,0.002637,0.003457,0.002369500000000003,0.00259311,0.003245070000000008
0.128,0.001958,0.00203,0.002221,0.002233,0.002229,0.002282,0.001675,0.001883,0.002386,0.002265,0.00256,0.003478,0.0022706799999999967,0.0025298866666666714,0.0032962566666666607
0.132,0.001798,0.001881,0.002081,0.002103,0.00211,0.00217,0.001601,0.001806,0.002298,0.002169,0.002484,0.003506,0.0021699266666666585,0.002452010000000008,0.003256040000000007
0.136,0.001648,0.00174,0.001944,0.001977,0.001994,0.002061,0.001532,0.001732,0.002211,0.002077,0.00241,0.003518,0.0020961133333333316,0.0023805700000000076,0.0031952166666666787
0.14,0.00151,0.001608,0.001814,0.001857,0.001883,0.001956,0.001469,0.001664,0.002128,0.00199,0.002338,0.00353,0.001997220000000003,0.002294743333333329,0.0031694833333333417
0.144,0.001383,0.001487,0.001691,0.001743,0.001778,0.001856,0.001411,0.001599,0.002049,0.001908,0.002269,0.003525,0.0019047066666666712,0.0022364433333333295,0.003292876666666666
0.148,0.001269,0.001376,0.001577,0.001636,0.00168,0.001762,0.001359,0.00154,0.001974,0.001832,0.002203,0.00352,0.0018240533333333327,0.002180899999999997,0.0034334666666666572
0.152,0.001166,0.001276,0.001471,0.001537,0.001589,0.001674,0.001312,0.001485,0.001903,0.001761,0.00214,0.00352,0.001750850000000006,0.0021169566666666656,0.003451186666666653
0.156,0.001074,0.001187,0.001376,0.001447,0.001505,0.001593,0.001269,0.001433,0.001838,0.001695,0.002081,0.003528,0.0016898566666666678,0.0020235466666666665,0.0032768299999999862
0.16,0.000994,0.001107,0.001289,0.001365,0.001429,0.001519,0.00123,0.001387,0.001777,0.001635,0.002026,0.003524,0.00163811,0.0019365299999999938,0.003040423333333327
0.164,0.0009229,0.001036,0.001211,0.001291,0.00136,0.001451,0.001195,0.001347,0.001721,0.00158,0.001974,0.003508,0.001609923333333341,0.0019447366666666636,0.0031474199999999876
0.168,0.0008606,0.0009733,0.001141,0.001224,0.001297,0.001389,0.001163,0.001312,0.001669,0.00153,0.001926,0.003499,0.0015332966666666628,0.0018943566666666637,0.003311436666666668
0.172,0.0008058,0.000918,0.001079,0.001164,0.00124,0.001333,0.001134,0.001279,0.001621,0.001485,0.001881,0.003494,0.0014819066666666699,0.0018721400000000065,0.0034480166666666667
0.176,0.0007581,0.0008692,0.001024,0.001111,0.001189,0.001282,0.001109,0.001248,0.001577,0.001443,0.001838,0.003466,0.0014429033333333407,0.0018296233333333371,0.0034199799999999956
0.18,0.0007169,0.0008263,0.0009755,0.001063,0.001143,0.001236,0.001085,0.001217,0.001537,0.001405,0.001799,0.003434,0.0014074233333333313,0.001781926666666664,0.0033289100000000087
0.184,0.0006813,0.0007884,0.0009324,0.001021,0.001102,0.001195,0.001064,0.001189,0.0015,0.001371,0.001763,0.003396,0.001393576666666671,0.0017326200000000003,0.0031244566666666553
0.188,0.0006501,0.000755,0.0008944,0.0009825,0.001066,0.001157,0.001044,0.001164,0.001466,0.00134,0.001729,0.003348,0.0013809866666666688,0.0016971733333333288,0.0029531633333333366
0.192,0.000623,0.0007258,0.0008609,0.0009485,0.001033,0.001123,0.001027,0.001142,0.001435,0.001312,0.001697,0.003304,0.0013442733333333297,0.0016666466666666684,0.002975709999999989
0.196,0.0005994,0.0007002,0.0008312,0.0009183,0.001003,0.001093,0.001011,0.001122,0.001406,0.001286,0.001668,0.003262,0.0013017366666666695,0.0016501399999999998,0.0030706699999999937
0.2,0.0005794,0.0006778,0.0008048,0.0008913,0.0009762,0.001065,0.0009961,0.001107,0.00138,0.001263,0.00164,0.003194,0.0012673133333333333,0.0016261233333333275,0.003080852666666668
0.204,0.000562,0.0006583,0.0007813,0.0008671,0.000952,0.00104,0.0009827,0.001093,0.001356,0.001241,0.001614,0.003142,0.0012428733333333327,0.0016057133333333353,0.0030894416666666542
0.208,0.0005466,0.0006409,0.0007602,0.0008454,0.0009301,0.001018,0.0009703,0.001078,0.001334,0.001221,0.001589,0.003091,0.001221243333333339,0.0015828100000000044,0.0030585366666666504
0.212,0.0005329,0.0006254,0.0007413,0.000826,0.0009104,0.0009971,0.000959,0.001063,0.001313,0.001203,0.001566,0.003033,0.001202783333333338,0.0015608133333333378,0.0029991066666666486
0.216,0.0005212,0.0006117,0.0007246,0.0008085,0.0008925,0.0009783,0.0009484,0.001047,0.001295,0.001186,0.001544,0.002944,0.001183846666666668,0.0015377133333333336,0.002911836666666651
0.22,0.000511,0.0005996,0.0007098,0.0007928,0.0008762,0.0009612,0.0009387,0.001034,0.001277,0.001171,0.001524,0.002856,0.0011687733333333322,0.0015196933333333409,0.0028368199999999942
0.224,0.0005026,0.0005892,0.0006965,0.0007788,0.0008614,0.0009454,0.0009297,0.001026,0.001261,0.001157,0.001504,0.002775,0.0011548233333333355,0.0015003266666666689,0.0027615033333333355
0.228,0.000495,0.0005799,0.0006847,0.0007661,0.0008478,0.000931,0.0009212,0.001016,0.001246,0.001143,0.001486,0.002715,0.0011410066666666689,0.0014795333333333291,0.002686274000000014
0.232,0.0004882,0.0005716,0.0006742,0.0007547,0.0008354,0.0009177,0.0009133,0.001006,0.001231,0.001131,0.001468,0.002662,0.001132759999999998,0.001456393333333337,0.0025862606666666793
0.236,0.000482,0.0005645,0.0006646,0.0007444,0.0008241,0.0009055,0.0009061,0.0009953,0.001218,0.00112,0.001451,0.00261,0.0011283200000000043,0.0014280999999999962,0.0024399830000000006
0.24,0.0004766,0.0005581,0.0006563,0.0007349,0.0008138,0.0008942,0.0008992,0.0009855,0.001205,0.001109,0.001434,0.002548,0.0011208333333333383,0.0013927066666666616,0.00225584333333333
0.244,0.0004715,0.0005523,0.0006486,0.0007264,0.0008042,0.0008836,0.0008927,0.0009784,0.001193,0.001099,0.001418,0.002479,0.0011111500000000013,0.0013767866666666599,0.002199513666666668
0.248,0.000467,0.0005472,0.0006416,0.0007185,0.0007955,0.0008739,0.0008864,0.0009704,0.001182,0.001089,0.001403,0.002423,0.0011015666666666702,0.0013657266666666603,0.0021682643333333276
0.252,0.0004629,0.0005424,0.0006351,0.0007113,0.0007873,0.0008647,0.0008804,0.0009652,0.00117,0.00108,0.001389,0.002363,0.0010880000000000032,0.0013656033333333273,0.002207915666666669
0.256,0.0004595,0.000538,0.0006294,0.0007047,0.00078,0.0008562,0.000875,0.00096,0.00116,0.001072,0.001375,0.002321,0.0010739400000000017,0.001365899999999998,0.0022644480000000074
0.26,0.0004563,0.0005342,0.0006238,0.0006988,0.0007732,0.0008483,0.0008698,0.0009548,0.001149,0.001064,0.001362,0.002282,0.0010636000000000035,0.0013580999999999927,0.0022636120000000047
0.264,0.0004533,0.0005302,0.0006189,0.0006932,0.0007667,0.0008406,0.0008646,0.0009469,0.00114,0.001056,0.001349,0.002251,0.0010558800000000017,0.0013456066666666599,0.0022306546666666666
0.268,0.0004503,0.0005269,0.0006143,0.000688,0.0007607,0.0008334,0.0008597,0.0009399,0.00113,0.001049,0.001337,0.002208,0.0010484799999999999,0.001335039999999996,0.0021981306666666576
0.272,0.0004476,0.0005235,0.0006099,0.0006829,0.0007548,0.0008265,0.000855,0.0009321,0.001121,0.001042,0.001325,0.002165,0.001040606666666663,0.0013228700000000025,0.0021534933333333217
0.276,0.0004449,0.0005205,0.0006057,0.0006781,0.0007492,0.0008201,0.0008504,0.0009277,0.001113,0.001035,0.001314,0.002112,0.0010342400000000014,0.0013126099999999999,0.0021062299999999963
0.28,0.0004425,0.0005175,0.0006018,0.0006735,0.0007439,0.000814,0.0008461,0.0009229,0.001104,0.001029,0.001304,0.002065,0.0010284433333333338,0.0013027900000000035,0.0020638599999999916
0.284,0.00044,0.0005149,0.000598,0.0006692,0.0007388,0.0008079,0.0008418,0.0009194,0.001096,0.001023,0.001293,0.00203,0.0010239933333333314,0.0012948399999999959,0.002037853333333323
0.288,0.0004371,0.0005117,0.0005944,0.000665,0.0007338,0.000802,0.0008376,0.0009139,0.001088,0.001017,0.001283,0.002001,0.0010177219999999967,0.001282406666666664,0.00199777333333333
0.292,0.0004345,0.000509,0.000591,0.0006609,0.0007291,0.0007962,0.0008335,0.0009089,0.00108,0.001011,0.001273,0.001977,0.0010116239999999998,0.00127301666666667,0.0019753000000000023
0.296,0.000432,0.0005059,0.0005876,0.0006569,0.0007245,0.0007905,0.0008294,0.0009042,0.001072,0.001005,0.001263,0.001955,0.0010038289999999993,0.001260573333333335,0.0019481133333333323
0.3,0.0004295,0.0005031,0.0005844,0.000653,0.00072,0.0007853,0.0008255,0.0009001,0.001065,0.0009998,0.001253,0.00193,0.0009992273333333317,0.0012519400000000015,0.001924909999999996
0.304,0.0004275,0.0005002,0.0005812,0.0006492,0.0007157,0.0007803,0.0008216,0.0008943,0.001058,0.0009945,0.001243,0.001896,0.0009939106666666685,0.0012420133333333327,0.0018930400000000006
0.308,0.0004251,0.0004975,0.0005779,0.0006455,0.0007115,0.0007753,0.0008181,0.0008889,0.001051,0.0009894,0.001234,0.001866,0.0009903143333333316,0.0012315433333333389,0.0018537599999999962
0.312,0.0004225,0.0004948,0.0005746,0.0006418,0.0007073,0.0007706,0.0008147,0.0008844,0.001044,0.0009845,0.001224,0.001841,0.0009885883333333324,0.0012168800000000026,0.0017962333333333277
0.316,0.00042,0.0004923,0.0005712,0.0006383,0.0007032,0.0007659,0.0008114,0.0008796,0.001037,0.0009798,0.001215,0.001825,0.0009824350000000003,0.001207536666666669,0.001781853000000002
0.32,0.0004175,0.0004896,0.000568,0.0006349,0.0006992,0.0007614,0.0008082,0.0008758,0.001031,0.0009752,0.001206,0.001801,0.0009778423333333356,0.0012006533333333317,0.0017672533333333317
0.324,0.0004149,0.0004871,0.0005652,0.0006316,0.0006956,0.000757,0.0008051,0.0008728,0.001024,0.0009709,0.001198,0.001777,0.0009742956666666654,0.0011910266666666652,0.0017345233333333232
0.328,0.0004125,0.0004847,0.0005625,0.0006283,0.000692,0.0007528,0.0008021,0.0008694,0.001017,0.0009666,0.00119,0.001756,0.0009709066666666673,0.0011831333333333354,0.0017084733333333254
0.332,0.0004101,0.0004829,0.00056,0.0006253,0.0006887,0.0007488,0.0007994,0.0008648,0.00101,0.0009624,0.001181,0.001716,0.0009648266666666653,0.001177363333333329,0.001693646666666663
0.336,0.0004076,0.0004811,0.0005576,0.0006225,0.0006854,0.0007451,0.0007967,0.0008616,0.001004,0.0009586,0.001173,0.001691,0.0009591146666666663,0.00117175333333333,0.0016842633333333302
0.34,0.0004053,0.0004791,0.0005554,0.0006199,0.0006822,0.0007415,0.0007943,0.0008585,0.0009984,0.000955,0.001166,0.001671,0.0009548160000000011,0.0011652966666666656,0.0016713333333333261
0.344,0.0004034,0.0004772,0.0005532,0.0006176,0.0006792,0.0007381,0.0007919,0.0008542,0.000993,0.0009516,0.001158,0.001656,0.0009508019999999982,0.0011560999999999993,0.0016536466666666634
0.348,0.0004013,0.0004754,0.0005513,0.0006154,0.0006766,0.0007349,0.0007895,0.0008517,0.0009877,0.0009486,0.001151,0.001645,0.0009479636666666646,0.0011494100000000044,0.0016444600000000036
0.352,0.0003993,0.0004739,0.0005495,0.0006133,0.0006741,0.0007318,0.0007875,0.0008499,0.0009827,0.0009457,0.001144,0.001643,0.0009451433333333303,0.001142473333333332,0.001635923333333336
0.356,0.0003978,0.000473,0.0005481,0.0006116,0.0006719,0.0007292,0.0007856,0.0008467,0.0009781,0.0009431,0.001137,0.001619,0.0009426280000000009,0.0011359333333333312,0.001615083333333331
0.36,0.0003963,0.000472,0.000547,0.0006101,0.00067,0.0007268,0.0007838,0.000845,0.0009739,0.0009406,0.001131,0.001597,0.0009403033333333392,0.0011301566666666618,0.0015957533333333352
0.364,0.000395,0.0004714,0.0005461,0.000609,0.0006685,0.0007247,0.0007818,0.0008437,0.0009701,0.0009383,0.001125,0.001582,0.0009383973333333365,0.0011250699999999947,0.0015826599999999953
0.368,0.0003939,0.0004707,0.0005453,0.0006079,0.0006669,0.0007228,0.0007797,0.00084,0.0009668,0.0009363,0.001119,0.001569,0.000936321000000001,0.0011190333333333303,0.0015680833333333285
0.372,0.0003928,0.0004698,0.0005444,0.0006068,0.0006653,0.000721,0.0007774,0.000838,0.0009639,0.0009343,0.001113,0.001551,0.0009342966666666671,0.0011130066666666632,0.0015506900000000043
0.376,0.0003919,0.0004693,0.0005437,0.0006056,0.0006636,0.000719,0.0007752,0.0008358,0.0009611,0.0009326,0.001108,0.001536,0.0009326310000000021,0.0011080833333333316,0.0015352499999999993
0.38,0.000391,0.0004687,0.000543,0.0006044,0.000662,0.000717,0.000773,0.0008328,0.0009581,0.000931,0.001103,0.001518,0.0009312963333333313,0.0011024533333333344,0.001512993333333338
0.384,0.0003903,0.0004682,0.0005422,0.0006034,0.0006605,0.0007151,0.0007707,0.0008307,0.000955,0.0009291,0.001098,0.001491,0.0009293996666666653,0.001098183333333331,0.0014942033333333383
0.388,0.0003894,0.0004678,0.0005413,0.0006023,0.000659,0.0007131,0.000768,0.0008289,0.0009519,0.0009269,0.001093,0.001482,0.0009278423333333347,0.0010937666666666684,0.001481179999999999
0.392,0.0003884,0.0004669,0.00054,0.0006009,0.0006573,0.000711,0.000765,0.0008249,0.0009486,0.0009246,0.001088,0.001467,0.0009245799999999996,0.001088116666666666,0.001467856666666666
0.396,0.0003876,0.0004655,0.000539,0.0005994,0.0006554,0.0007088,0.0007616,0.0008215,0.0009454,0.000922,0.001083,0.001456,0.0009222443333333343,0.0010830299999999994,0.0014540500000000066
0.4,0.0003872,0.0004646,0.0005379,0.0005977,0.0006534,0.0007065,0.0007582,0.0008186,0.000942,0.0009195,0.001079,0.001441,0.0009197106666666645,0.0010788166666666653,0.001440806666666675
0.404,0.0003867,0.0004635,0.0005368,0.0005959,0.0006512,0.000704,0.0007548,0.000816,0.0009384,0.0009166,0.001074,0.001431,0.0009162889999999973,0.0010736899999999998,0.0014287500000000032
0.408,0.0003862,0.0004626,0.0005353,0.0005938,0.0006488,0.0007014,0.0007513,0.0008141,0.0009348,0.0009134,0.001069,0.001413,0.0009126873333333351,0.001068179999999995,0.00141207
0.412,0.0003858,0.0004618,0.0005335,0.0005917,0.000646,0.0006984,0.0007479,0.0008112,0.0009309,0.0009095,0.001064,0.0014,0.0009090600000000017,0.001062542666666668,0.0013956173333333377
0.416,0.0003852,0.0004605,0.0005311,0.0005894,0.0006431,0.0006951,0.0007444,0.0008084,0.0009269,0.0009052,0.001059,0.001386,0.0009054563333333315,0.001057485333333332,0.001380996333333333
0.42,0.0003847,0.0004591,0.0005291,0.0005869,0.0006401,0.0006918,0.0007408,0.0008043,0.0009226,0.0009006,0.001055,0.00138,0.0009009446666666655,0.0010541526666666625,0.0013752476666666633
0.424,0.0003845,0.0004578,0.000527,0.0005843,0.0006371,0.0006883,0.0007371,0.0007996,0.0009181,0.0008958,0.001049,0.001359,0.0008954823333333343,0.0010482459999999994,0.0013586609999999993
0.428,0.000384,0.0004565,0.000525,0.0005817,0.0006341,0.0006849,0.0007336,0.0007945,0.0009134,0.000891,0.001044,0.00135,0.0008911846666666677,0.0010425369999999983,0.0013460373333333343
0.432,0.0003835,0.0004551,0.0005231,0.0005788,0.0006311,0.0006814,0.0007301,0.0007898,0.0009086,0.0008862,0.001039,0.001341,0.0008865213333333349,0.0010369443333333379,0.0013359676666666622
0.436,0.0003831,0.0004538,0.000521,0.0005761,0.000628,0.0006779,0.0007267,0.0007845,0.0009036,0.0008813,0.001033,0.001335,0.0008820570000000005,0.001029912333333337,0.0013252536666666615
0.44,0.0003828,0.0004524,0.0005189,0.0005734,0.0006248,0.0006743,0.0007236,0.0007809,0.0008985,0.0008765,0.001027,0.001329,0.0008750766666666685,0.0010250549999999995,0.0013255366666666698
0.444,0.0003828,0.000451,0.0005168,0.0005705,0.0006217,0.0006708,0.0007207,0.0007774,0.0008933,0.0008717,0.001021,0.001324,0.0008708950000000021,0.001019845666666663,0.0013193533333333315
0.448,0.0003826,0.0004497,0.0005146,0.0005678,0.0006187,0.0006673,0.0007179,0.0007734,0.000888,0.000867,0.001015,0.001309,0.0008660336666666705,0.001013661666666662,0.0013036200000000023
0.452,0.0003825,0.0004485,0.0005124,0.0005651,0.0006157,0.000664,0.0007154,0.0007706,0.0008827,0.0008623,0.001009,0.001286,0.0008612263333333359,0.0010074863333333324,0.0012821333333333349
0.456,0.0003825,0.0004472,0.0005104,0.0005625,0.0006126,0.0006609,0.000713,0.000768,0.0008774,0.0008577,0.001003,0.001266,0.0008564383333333321,0.0010011829999999973,0.0012633033333333285
0.46,0.0003823,0.0004463,0.0005086,0.0005601,0.0006101,0.0006579,0.000711,0.0007654,0.0008725,0.0008534,0.0009976,0.001254,0.0008525490000000019,0.0009959679999999942,0.0012512599999999947
0.464,0.0003824,0.0004453,0.0005068,0.000558,0.0006077,0.000655,0.000709,0.0007624,0.0008676,0.0008495,0.0009918,0.001239,0.000848819000000003,0.0009910239999999931,0.0012401133333333305
0.468,0.0003825,0.0004447,0.0005052,0.000556,0.0006053,0.0006522,0.0007071,0.0007591,0.0008628,0.0008448,0.000986,0.001234,0.0008449553333333368,0.0009860129999999933,0.0012361133333333358
0.472,0.0003827,0.0004442,0.0005038,0.0005542,0.0006031,0.0006496,0.0007052,0.0007557,0.0008581,0.0008407,0.0009803,0.001237,0.0008404460000000012,0.000979680999999995,0.0012359933333333294
0.476,0.0003832,0.0004437,0.0005024,0.0005525,0.0006011,0.0006473,0.0007035,0.0007522,0.0008536,0.000837,0.0009747,0.001236,0.0008364383333333346,0.0009736113333333313,0.0012346266666666667
0.48,0.0003836,0.0004432,0.0005012,0.000551,0.0005991,0.0006451,0.0007019,0.0007498,0.0008491,0.0008338,0.0009694,0.001233,0.0008330343333333318,0.0009677403333333355,0.0012303666666666675
0.484,0.0003839,0.000443,0.0005004,0.0005496,0.0005976,0.0006433,0.0007007,0.000748,0.0008452,0.0008313,0.0009643,0.001226,0.0008307856666666676,0.0009631473333333322,0.0012240600000000045
0.488,0.0003844,0.0004427,0.0004996,0.0005485,0.0005963,0.0006415,0.0006997,0.0007477,0.0008413,0.0008292,0.0009594,0.001219,0.0008288770000000016,0.0009583629999999995,0.0012164423333333376
0.492,0.0003848,0.0004427,0.0004989,0.0005476,0.0005951,0.0006399,0.0006984,0.0007464,0.0008377,0.0008264,0.0009548,0.001212,0.0008263473333333347,0.0009538316666666661,0.0012084423333333317
0.496,0.0003854,0.0004427,0.0004985,0.0005468,0.0005941,0.0006385,0.0006972,0.0007452,0.000834,0.0008241,0.0009503,0.001199,0.0008240619999999962,0.0009495103333333314,0.001198005666666669
0.5,0.000386,0.0004429,0.0004981,0.0005461,0.000593,0.0006373,0.0006962,0.0007432,0.0008305,0.0008219,0.000946,0.001193,0.0008219833333333278,0.0009441020000000006,0.0011876656666666657
0.504,0.0003866,0.0004432,0.0004978,0.0005456,0.0005922,0.0006362,0.0006956,0.0007416,0.0008272,0.00082,0.0009417,0.001185,0.0008203079999999949,0.0009404709999999967,0.0011811856666666632
0.508,0.0003873,0.0004435,0.0004977,0.000545,0.0005914,0.0006353,0.0006946,0.0007394,0.0008241,0.0008183,0.0009379,0.001177,0.0008184843333333307,0.0009364939999999974,0.0011745056666666643
0.512,0.0003881,0.0004437,0.0004976,0.0005447,0.0005908,0.0006345,0.000694,0.0007382,0.0008212,0.0008166,0.0009343,0.001175,0.0008172263333333338,0.0009338139999999998,0.0011725123333333305
0.516,0.0003889,0.000444,0.0004976,0.0005445,0.0005903,0.0006337,0.0006933,0.0007367,0.0008187,0.000815,0.0009308,0.001173,0.0008154286666666691,0.0009303696666666688,0.001170249333333329
0.52,0.0003897,0.0004445,0.0004976,0.0005443,0.0005899,0.000633,0.0006928,0.000735,0.000816,0.0008136,0.0009273,0.001169,0.0008138513333333343,0.0009257743333333331,0.001164759333333329
0.524,0.0003903,0.0004451,0.0004976,0.0005441,0.0005895,0.0006324,0.0006925,0.0007339,0.0008135,0.0008122,0.000924,0.001167,0.0008122743333333377,0.0009232099999999987,0.001163693999999996
0.528,0.0003913,0.0004456,0.0004977,0.0005441,0.0005892,0.0006319,0.0006924,0.0007341,0.000811,0.0008111,0.0009206,0.001159,0.0008111716666666699,0.0009195439999999965,0.0011549493333333338
0.532,0.0003921,0.000446,0.0004978,0.0005439,0.000589,0.0006315,0.0006918,0.0007334,0.0008086,0.0008101,0.0009175,0.001148,0.0008102053333333355,0.0009165859999999978,0.0011457676666666657
0.536,0.000393,0.0004464,0.0004982,0.000544,0.0005888,0.0006311,0.0006915,0.000732,0.0008062,0.0008091,0.0009144,0.001139,0.0008089943333333333,0.0009137673333333346,0.001138561666666667
0.54,0.0003938,0.000447,0.0004984,0.000544,0.0005886,0.0006307,0.0006912,0.0007313,0.0008041,0.0008084,0.0009115,0.001137,0.0008083546666666621,0.0009114036666666686,0.0011349266666666666
0.544,0.0003948,0.0004476,0.0004987,0.0005441,0.0005885,0.0006304,0.0006911,0.0007308,0.000802,0.0008077,0.0009088,0.001128,0.0008077973333333294,0.0009087119999999963,0.0011253683333333352
0.548,0.0003956,0.0004484,0.000499,0.0005443,0.0005884,0.0006302,0.0006909,0.0007298,0.0008001,0.0008067,0.0009062,0.001109,0.0008066313333333293,0.0009059286666666658,0.0011098100000000036
0.552,0.000397,0.000449,0.0004993,0.0005445,0.0005883,0.00063,0.0006908,0.0007301,0.0007981,0.0008058,0.0009035,0.0011,0.0008058306666666634,0.0009036203333333343,0.0011016233333333326
0.556,0.000397,0.0004498,0.0004997,0.0005447,0.0005884,0.0006297,0.0006907,0.0007292,0.0007963,0.0008049,0.0009009,0.001095,0.000804924999999997,0.0009010940000000019,0.0010972866666666696
0.56,0.0003975,0.0004506,0.0005001,0.0005449,0.0005884,0.0006296,0.0006906,0.0007281,0.0007943,0.0008037,0.0008984,0.0011,0.0008037906666666637,0.0008983936666666663,0.001099069999999997
0.564,0.0003984,0.0004514,0.0005005,0.000545,0.0005884,0.0006295,0.0006904,0.0007279,0.0007925,0.000803,0.000896,0.001102,0.0008033356666666655,0.0008966713333333345,0.0010997366666666633
0.568,0.0003998,0.0004523,0.0005011,0.0005452,0.0005885,0.0006295,0.0006902,0.0007278,0.0007905,0.0008023,0.0008936,0.001092,0.0008027336666666686,0.0008945909999999975,0.0010918633333333312
0.572,0.0004015,0.0004532,0.0005017,0.0005456,0.0005888,0.0006295,0.0006903,0.0007265,0.0007887,0.0008019,0.0008913,0.001069,0.000802407999999999,0.0008924186666666676,0.001074885333333328
0.576,0.0004038,0.0004541,0.0005023,0.0005461,0.0005891,0.0006296,0.0006901,0.0007272,0.0007868,0.0008006,0.000889,0.001061,0.0008003683333333376,0.0008884066666666655,0.0010597066666666651
0.58,0.0004044,0.0004551,0.0005029,0.0005465,0.0005894,0.0006295,0.00069,0.0007282,0.0007851,0.0007996,0.0008868,0.001054,0.0007997103333333372,0.0008869846666666642,0.0010548733333333325
0.584,0.0004056,0.0004561,0.0005035,0.0005468,0.0005895,0.0006295,0.0006902,0.0007298,0.0007831,0.0007986,0.0008847,0.001052,0.0007983160000000017,0.0008842813333333316,0.001050112666666665
0.588,0.0004068,0.0004569,0.0005041,0.0005472,0.0005896,0.0006295,0.00069,0.0007302,0.0007813,0.000798,0.0008825,0.001043,0.0007980399999999982,0.0008820400000000017,0.0010427956666666655
0.592,0.0004081,0.0004577,0.0005049,0.0005477,0.0005898,0.0006295,0.0006899,0.0007284,0.0007796,0.0007975,0.0008803,0.001038,0.0007975733333333367,0.0008802970000000003,0.001038344
0.596,0.0004093,0.0004586,0.0005056,0.0005483,0.0005901,0.0006296,0.0006897,0.0007272,0.0007779,0.0007975,0.000878,0.001035,0.0007973880000000043,0.0008782543333333305,0.001034906666666669
0.6,0.0004105,0.0004597,0.0005064,0.0005491,0.0005905,0.0006298,0.0006896,0.0007264,0.0007761,0.0007966,0.0008758,0.00103,0.0007966370000000016,0.0008757536666666685,0.0010289466666666654
0.604,0.0004118,0.0004608,0.0005072,0.0005496,0.0005908,0.00063,0.0006899,0.0007272,0.0007744,0.0007961,0.0008737,0.001022,0.000795838666666664,0.0008738636666666678,0.001022603333333335
0.608,0.0004131,0.000462,0.0005081,0.0005501,0.0005912,0.0006302,0.0006906,0.0007273,0.0007727,0.0007954,0.0008715,0.001011,0.0007954143333333347,0.0008718243333333325,0.0010128990000000013
0.612,0.0004143,0.0004631,0.000509,0.0005507,0.0005916,0.0006303,0.0006911,0.0007258,0.0007711,0.0007948,0.0008695,0.001005,0.0007943423333333356,0.0008691149999999977,0.0010058243333333336
0.616,0.0004156,0.0004642,0.0005099,0.0005513,0.000592,0.0006304,0.0006914,0.000724,0.0007696,0.0007939,0.0008675,0.001002,0.0007939069999999963,0.0008673459999999964,0.001002936666666668
0.62,0.0004169,0.0004654,0.0005107,0.000552,0.0005925,0.0006306,0.0006916,0.0007243,0.0007679,0.0007933,0.0008654,0.001005,0.000793287999999998,0.000865280666666664,0.0010036123333333335
0.624,0.0004181,0.0004666,0.0005116,0.0005528,0.0005929,0.0006307,0.000692,0.0007243,0.0007662,0.0007927,0.0008631,0.001,0.000792721333333334,0.0008630480000000017,0.000999349000000001
0.628,0.0004194,0.0004675,0.0005125,0.0005534,0.0005933,0.000631,0.0006923,0.0007249,0.0007646,0.0007923,0.0008609,0.0009936,0.0007923186666666656,0.0008609409999999987,0.000992823333333335
0.632,0.0004207,0.0004686,0.0005136,0.0005541,0.0005938,0.0006312,0.0006927,0.000728,0.000763,0.0007919,0.0008587,0.0009821,0.0007914316666666696,0.0008584623333333301,0.0009835110000000029
0.636,0.000422,0.0004696,0.0005145,0.0005548,0.0005943,0.0006315,0.0006928,0.0007295,0.0007613,0.0007918,0.0008568,0.0009794,0.0007911743333333363,0.0008560946666666632,0.000978508000000001
0.64,0.0004233,0.0004708,0.0005154,0.0005553,0.0005948,0.0006319,0.000693,0.0007315,0.0007598,0.0007915,0.0008549,0.0009784,0.0007914366666666668,0.0008514279999999972,0.0009722353333333297
0.644,0.0004246,0.0004719,0.0005163,0.000556,0.0005953,0.0006323,0.000693,0.0007313,0.0007581,0.0007913,0.0008529,0.0009783,0.0007917103333333314,0.0008518553333333302,0.0009760933333333286
0.648,0.0004257,0.000473,0.0005172,0.0005568,0.0005957,0.0006327,0.0006943,0.0007289,0.0007566,0.0007908,0.0008508,0.0009792,0.0007908280000000007,0.0008507880000000035,0.00097773666666667
0.652,0.0004269,0.0004741,0.0005181,0.0005576,0.000596,0.0006331,0.0006953,0.0007255,0.000755,0.0007905,0.0008488,0.000974,0.0007904673333333323,0.0008486936666666704,0.0009725286666666671
0.656,0.0004282,0.0004753,0.0005191,0.0005582,0.0005965,0.0006333,0.0006959,0.0007258,0.0007536,0.0007901,0.0008469,0.000964,0.0007902319999999974,0.0008466963333333377,0.0009651330000000006
0.66,0.0004296,0.0004763,0.0005201,0.0005589,0.0005969,0.0006335,0.0006961,0.0007258,0.0007523,0.0007899,0.000845,0.0009607,0.0007899766666666688,0.0008449926666666714,0.0009614203333333345
0.664,0.0004311,0.0004774,0.000521,0.0005595,0.0005975,0.0006337,0.0006961,0.0007264,0.0007513,0.0007898,0.0008431,0.0009596,0.0007898113333333352,0.000843418333333338,0.000960482333333336
0.668,0.0004325,0.0004785,0.000522,0.0005602,0.0005982,0.0006341,0.0006958,0.0007262,0.0007503,0.0007896,0.0008414,0.0009601,0.0007893166666666673,0.0008414089999999995,0.0009605640000000013
0.672,0.0004338,0.0004797,0.0005229,0.000561,0.0005988,0.0006347,0.0006969,0.0007265,0.0007494,0.0007895,0.0008397,0.0009656,0.0007895649999999996,0.0008402543333333331,0.0009635643333333374
0.676,0.0004352,0.000481,0.000524,0.000562,0.0005995,0.0006354,0.0006977,0.0007266,0.0007484,0.0007895,0.0008381,0.0009635,0.0007895729999999996,0.0008382570000000011,0.0009627733333333372
0.68,0.0004366,0.0004823,0.0005251,0.000563,0.0006001,0.000636,0.0006985,0.0007276,0.0007476,0.0007899,0.0008364,0.0009584,0.0007895963333333355,0.0008363959999999961,0.0009578626666666679
0.684,0.000438,0.0004836,0.0005262,0.0005639,0.0006008,0.0006365,0.0006994,0.0007298,0.0007469,0.0007902,0.0008347,0.0009522,0.0007896903333333322,0.0008348849999999962,0.0009527769999999976
0.688,0.0004395,0.0004848,0.0005274,0.0005648,0.0006017,0.0006372,0.0007005,0.0007308,0.0007462,0.0007908,0.0008331,0.0009495,0.0007903496666666675,0.0008335576666666666,0.0009501199999999969
0.692,0.0004411,0.000486,0.0005286,0.0005658,0.0006026,0.0006379,0.0007018,0.0007323,0.0007458,0.0007912,0.0008318,0.0009455,0.0007893616666666658,0.00083132633333333,0.0009420033333333287
0.696,0.0004427,0.0004875,0.0005298,0.0005667,0.0006037,0.0006389,0.0007032,0.0007337,0.0007455,0.0007916,0.0008307,0.0009445,0.0007901106666666677,0.0008301553333333288,0.0009416403333333291
0.7,0.0004443,0.000489,0.0005312,0.0005678,0.0006048,0.0006399,0.0007049,0.0007343,0.0007454,0.0007923,0.0008297,0.0009418,0.0007865226666666652,0.0008276783333333291,0.0009330063333333307
0.704,0.000446,0.0004907,0.0005328,0.0005692,0.000606,0.0006409,0.000707,0.0007353,0.0007459,0.0007934,0.0008288,0.0009441,0.0007924933333333321,0.0008288559999999962,0.000942033666666667
0.708,0.0004478,0.0004926,0.0005345,0.0005708,0.0006072,0.0006422,0.0007096,0.0007376,0.0007467,0.0007949,0.0008278,0.0009416,0.0007943893333333292,0.0008279096666666628,0.0009415853333333298
0.712,0.00045,0.0004947,0.0005362,0.0005727,0.0006088,0.0006437,0.000713,0.0007402,0.0007476,0.0007968,0.0008271,0.0009431,0.000796407333333328,0.0008272409999999978,0.0009423236666666651
0.716,0.0004522,0.0004968,0.0005383,0.0005748,0.0006105,0.0006455,0.0007168,0.0007439,0.000749,0.0007991,0.0008266,0.0009422,0.0007986256666666639,0.0008267546666666686,0.0009422350000000009
0.72,0.0004547,0.0004991,0.0005405,0.0005772,0.0006129,0.0006477,0.0007209,0.0007484,0.0007504,0.0008016,0.0008264,0.0009407,0.0008009693333333365,0.0008264700000000035,0.000939999999999998
0.724,0.0004569,0.0005017,0.0005429,0.0005799,0.0006155,0.0006503,0.0007254,0.0007529,0.0007526,0.0008047,0.0008267,0.0009341,0.0008036783333333325,0.0008268953333333388,0.0009347333333333289
0.728,0.0004596,0.0005046,0.0005459,0.0005831,0.0006187,0.0006534,0.0007307,0.000758,0.0007557,0.0008084,0.0008273,0.0009339,0.0008055606666666624,0.0008274923333333369,0.0009308923333333287
0.732,0.0004626,0.000508,0.0005494,0.000587,0.0006223,0.000657,0.0007373,0.0007643,0.0007594,0.0008124,0.0008283,0.0009294,0.0008095499999999967,0.0008287550000000021,0.0009264023333333323
0.736,0.000466,0.000512,0.0005534,0.0005912,0.0006267,0.0006614,0.0007449,0.000772,0.0007639,0.0008175,0.0008299,0.0009255,0.0008139543333333322,0.0008301866666666651,0.0009218806666666662
0.74,0.0004695,0.0005165,0.0005583,0.0005962,0.0006317,0.0006667,0.0007536,0.0007809,0.0007692,0.0008237,0.0008321,0.0009214,0.0008178770000000023,0.0008329196666666674,0.0009168183333333319
0.744,0.0004735,0.0005217,0.0005639,0.0006025,0.0006378,0.0006728,0.0007639,0.0007914,0.0007754,0.000831,0.0008351,0.0009211,0.0008174553333333326,0.0008387273333333354,0.0009077196666666676
0.748,0.0004778,0.0005278,0.0005704,0.0006099,0.000645,0.0006802,0.0007752,0.0008034,0.0007828,0.0008398,0.0008389,0.0009138,0.0008245600000000007,0.0008437256666666682,0.0009048996666666659
0.752,0.0004826,0.0005348,0.0005778,0.0006186,0.0006535,0.0006887,0.0007878,0.0008172,0.0007915,0.0008496,0.0008436,0.0009089,0.0008341383333333358,0.0008509216666666669,0.0009022869999999968
0.756,0.0004881,0.0005428,0.0005863,0.0006287,0.0006631,0.0006986,0.0008019,0.0008327,0.0008016,0.0008604,0.0008495,0.0009041,0.0008520406666666697,0.0008582196666666675,0.0009005129999999987
0.76,0.0004942,0.000552,0.000596,0.0006402,0.0006743,0.0007102,0.0008171,0.0008505,0.0008136,0.0008734,0.0008567,0.0009082,0.0008601309999999995,0.0008670646666666629,0.0009013413333333333
0.764,0.000501,0.0005622,0.0006072,0.0006533,0.0006871,0.0007236,0.0008332,0.0008692,0.0008273,0.0008883,0.0008654,0.0009112,0.0008744423333333352,0.0008767789999999968,0.0009074666666666666
0.768,0.0005084,0.0005737,0.00062,0.0006683,0.0007019,0.0007391,0.0008511,0.0008892,0.0008434,0.000905,0.0008761,0.0009128,0.00089840433333333,0.0008870889999999976,0.0009157129999999976
0.772,0.0005163,0.0005863,0.0006344,0.0006851,0.0007187,0.0007566,0.00087,0.0009111,0.0008616,0.0009237,0.0008884,0.0009144,0.0009081466666666673,0.0009019030000000029,0.0009173869999999999
0.776,0.0005246,0.0005995,0.0006502,0.0007037,0.0007371,0.0007757,0.0008894,0.0009348,0.0008821,0.0009437,0.0009026,0.0009088,0.0009253049999999974,0.0009224763333333336,0.0009220876666666618
0.78,0.0005331,0.0006147,0.0006674,0.0007239,0.0007573,0.0007967,0.0009095,0.0009598,0.0009048,0.0009651,0.0009185,0.0009782,0.0009490386666666645,0.0009415709999999968,0.0009618656666666675
0.784,0.0005417,0.0006302,0.0006857,0.0007457,0.0007788,0.000819,0.0009292,0.0009845,0.0009291,0.0009877,0.0009362,0.0007799,0.0009847706666666655,0.0009610099999999988,0.0008437286666666672
0.788,0.0005503,0.0006456,0.0007049,0.0007684,0.0008013,0.0008426,0.0009477,0.00101,0.0009546,0.001011,0.0009552,0.0006406,0.0010154606666666678,0.0009846809999999972,0.0007711693333333312
0.792,0.0005588,0.0006604,0.0007248,0.000792,0.0008248,0.0008671,0.000965,0.001035,0.0009816,0.001035,0.0009763,0.0005676,0.0010377916666666695,0.0010029613333333344,0.000798793
0.796,0.0005666,0.0006742,0.0007444,0.0008157,0.0008481,0.000892,0.0009803,0.001059,0.001009,0.001059,0.0009989,0.0005787,0.0010569733333333315,0.0010192896666666672,0.0007782929999999971
0.8,0.0005735,0.0006859,0.0007632,0.0008385,0.0008707,0.0009166,0.0009934,0.001083,0.001038,0.001083,0.001023,0.0006674,0.0010777933333333343,0.001041223333333332,0.0008118096666666703
0.804,0.000579,0.0006965,0.0007801,0.0008598,0.0008919,0.0009402,0.001004,0.001104,0.001065,0.001105,0.001047,0.0008527,0.001101316666666668,0.001057550000000002,0.0009234313333333358
0.808,0.0005828,0.0007043,0.0007945,0.0008784,0.0009108,0.0009619,0.001012,0.001121,0.001092,0.001125,0.001072,0.0007859,0.0011210299999999957,0.0010791066666666674,0.0008725830000000027
0.812,0.0005854,0.0007093,0.0008057,0.0008938,0.000927,0.0009809,0.001016,0.001135,0.001116,0.001143,0.001096,0.0007941,0.0011463866666666699,0.0011189533333333336,0.0008741376666666649
0.816,0.0005865,0.0007111,0.0008132,0.0009049,0.0009399,0.0009963,0.001017,0.001144,0.001138,0.001157,0.001119,0.0008026,0.0011611366666666692,0.0011367166666666649,0.0008550639999999965
0.82,0.0005865,0.0007102,0.0008169,0.0009114,0.0009485,0.001008,0.001014,0.001148,0.001156,0.001168,0.001139,0.000811,0.0011707033333333348,0.0011478799999999993,0.0008380933333333362
0.824,0.0005857,0.0007069,0.0008165,0.0009132,0.0009526,0.001015,0.001009,0.001148,0.001171,0.001175,0.001156,0.0008128,0.0011770399999999986,0.0011613666666666627,0.0008463826666666688
0.828,0.0005842,0.0007014,0.0008123,0.0009104,0.000952,0.001017,0.001001,0.001145,0.001181,0.001179,0.001169,0.0008159,0.0011794266666666664,0.0011732733333333293,0.0008512296666666684
0.832,0.0005821,0.0006945,0.0008051,0.0009034,0.0009472,0.001015,0.0009925,0.001139,0.001187,0.001178,0.001179,0.0008205,0.0011819833333333374,0.0011951099999999999,0.0009003263333333343
0.836,0.0005801,0.0006869,0.0007957,0.0008932,0.0009388,0.001009,0.0009832,0.001129,0.001188,0.001175,0.001185,0.0008229,0.0011815166666666664,0.0012070866666666635,0.0009547709999999991
0.84,0.0005782,0.000679,0.0007848,0.0008807,0.0009279,0.0009991,0.0009737,0.001115,0.001185,0.00117,0.001187,0.0008256,0.0011768833333333365,0.0012168166666666625,0.0010014256666666672
0.844,0.000577,0.0006716,0.0007731,0.0008668,0.000915,0.0009865,0.0009639,0.0011,0.001178,0.001163,0.001185,0.0008282,0.0011661800000000034,0.0011907266666666629,0.0008677266666666677
0.848,0.0005763,0.000665,0.0007613,0.0008525,0.0009013,0.0009721,0.0009549,0.001083,0.001168,0.001154,0.001179,0.00083,0.0011540166666666638,0.0011814933333333325,0.0008504759999999991
0.852,0.000576,0.0006591,0.0007503,0.0008385,0.0008875,0.0009572,0.0009463,0.001068,0.001156,0.001145,0.001171,0.000833,0.0011467900000000028,0.0011720799999999985,0.0008443453333333337
0.856,0.0005759,0.0006543,0.0007407,0.0008255,0.0008748,0.0009426,0.0009388,0.001054,0.001142,0.001136,0.001161,0.0008362,0.0011396333333333372,0.0011637200000000026,0.0008506623333333359
0.86,0.0005763,0.0006506,0.0007326,0.0008138,0.0008628,0.0009287,0.0009325,0.00104,0.001128,0.001127,0.001149,0.0008392,0.0011317099999999976,0.0011547366666666708,0.0008648923333333365
0.864,0.0005767,0.0006472,0.0007257,0.0008038,0.0008523,0.0009159,0.0009267,0.001025,0.001113,0.001118,0.001137,0.0008407,0.0011219833333333351,0.0011467166666666666,0.0008889900000000012
0.868,0.0005778,0.0006445,0.0007199,0.0007954,0.0008431,0.0009043,0.0009216,0.001012,0.0011,0.001111,0.001125,0.0008418,0.001106846666666663,0.0011317333333333288,0.0008990900000000013
0.872,0.0005793,0.0006425,0.0007147,0.000788,0.000835,0.000894,0.0009172,0.001,0.001088,0.001103,0.001114,0.0008422,0.0011019233333333356,0.001121083333333334,0.0008819966666666644
0.876,0.0005808,0.0006407,0.0007102,0.0007814,0.0008277,0.0008849,0.0009128,0.0009892,0.001076,0.001097,0.001104,0.000844,0.001094933333333334,0.0011082966666666654,0.00087044966666667
0.88,0.0005827,0.0006393,0.0007063,0.0007752,0.0008214,0.0008767,0.0009093,0.0009808,0.001066,0.001091,0.001095,0.000846,0.0010907533333333367,0.0010973466666666701,0.0008660403333333366
0.884,0.0005842,0.0006385,0.0007028,0.0007696,0.0008155,0.0008694,0.0009061,0.0009761,0.001057,0.001085,0.001086,0.000849,0.0010886100000000029,0.0010924266666666649,0.0008764809999999979
0.888,0.0005859,0.0006377,0.0006997,0.0007645,0.0008103,0.0008628,0.0009032,0.0009651,0.001048,0.00108,0.001079,0.000851,0.0010828983333333365,0.0010876316666666647,0.0009019453333333307
0.892,0.0005877,0.0006371,0.0006971,0.0007596,0.0008051,0.0008571,0.0009008,0.0009561,0.00104,0.001076,0.001072,0.0008528,0.001075498000000001,0.0010816920000000009,0.0009109479999999963
0.896,0.0005896,0.0006371,0.0006947,0.0007551,0.0008003,0.0008518,0.0008986,0.0009492,0.001033,0.001071,0.001066,0.0008556,0.00107067833333333,0.0010719193333333366,0.0008992793333333362
0.9,0.0005914,0.0006368,0.0006928,0.0007514,0.0007963,0.0008471,0.0008965,0.0009445,0.001026,0.001067,0.001061,0.0008608,0.0010653236666666667,0.0010626176666666675,0.0008796703333333311
0.904,0.0005935,0.000637,0.0006913,0.0007481,0.0007929,0.0008431,0.0008951,0.0009429,0.00102,0.001063,0.001056,0.0008618,0.001061492999999999,0.0010577943333333344,0.0008791643333333327
0.908,0.0005959,0.0006377,0.0006902,0.0007459,0.0007907,0.0008396,0.0008939,0.0009436,0.001015,0.00106,0.001052,0.0008679,0.0010582620000000012,0.0010528703333333325,0.0008794366666666681
0.912,0.0005986,0.0006392,0.0006899,0.0007444,0.0007893,0.0008369,0.0008934,0.0009396,0.00101,0.001057,0.001049,0.000873,0.001054994333333331,0.001048877666666666,0.0008799493333333362
0.916,0.0006016,0.0006409,0.0006898,0.0007435,0.0007881,0.0008347,0.0008934,0.0009379,0.001005,0.001054,0.001046,0.0008743,0.0010535186666666653,0.0010465066666666635,0.0008786063333333316
0.92,0.0006047,0.0006431,0.0006901,0.000743,0.0007873,0.0008329,0.0008936,0.0009361,0.001001,0.001052,0.001043,0.0008797,0.0010511333333333317,0.0010430433333333323,0.0008837580000000018
0.924,0.0006074,0.0006452,0.0006905,0.0007426,0.0007861,0.0008316,0.0008938,0.0009356,0.0009976,0.001049,0.001041,0.0008854,0.0010478050000000002,0.001040814333333333,0.0008902213333333345
0.928,0.0006101,0.0006475,0.0006913,0.0007422,0.0007852,0.0008308,0.0008946,0.0009352,0.0009944,0.001047,0.001039,0.0008899,0.001045349666666668,0.0010400000000000038,0.0008958663333333339
0.932,0.0006129,0.0006498,0.0006927,0.0007424,0.0007852,0.0008305,0.0008952,0.0009343,0.0009915,0.001045,0.001038,0.0009018,0.0010439559999999997,0.0010384400000000014,0.0009040946666666686
0.936,0.0006157,0.0006518,0.0006945,0.0007428,0.0007854,0.0008309,0.0008966,0.0009335,0.0009889,0.001042,0.001037,0.0009124,0.0010418966666666623,0.0010373300000000036,0.0009132760000000008
0.94,0.000619,0.0006535,0.0006965,0.0007441,0.0007866,0.0008315,0.0008984,0.0009333,0.0009867,0.001041,0.001036,0.0009279,0.0010399953333333314,0.0010366300000000002,0.000928509333333334
0.944,0.0006224,0.0006555,0.0006987,0.0007451,0.0007883,0.0008324,0.0009001,0.0009331,0.0009848,0.001039,0.001036,0.0009457,0.0010371836666666706,0.0010359779999999995,0.0009484626666666638
0.948,0.0006262,0.000658,0.0007007,0.0007469,0.0007896,0.0008332,0.0009021,0.0009336,0.0009832,0.001038,0.001036,0.0009646,0.0010364046666666686,0.0010359519999999993,0.0009672289999999997
0.952,0.0006295,0.0006609,0.0007035,0.0007486,0.0007913,0.0008342,0.0009049,0.0009344,0.0009818,0.001037,0.001036,0.0009806,0.0010362256666666704,0.001036396666666666,0.0009809679999999994
0.956,0.0006322,0.0006643,0.000707,0.0007503,0.0007932,0.0008356,0.0009071,0.0009364,0.0009806,0.001036,0.001036,0.0009969,0.0010356196666666672,0.0010379693333333342,0.0010034309999999997
0.96,0.0006344,0.0006668,0.0007106,0.0007523,0.0007948,0.0008374,0.00091,0.0009388,0.0009798,0.001036,0.001037,0.001009,0.0010347773333333342,0.0010375410000000038,0.001015682333333333
0.964,0.0006355,0.000669,0.0007141,0.0007548,0.000797,0.0008405,0.0009131,0.0009408,0.0009793,0.001035,0.001038,0.001025,0.0010346460000000034,0.0010390700000000015,0.0010301733333333318
0.968,0.0006373,0.0006727,0.0007176,0.0007571,0.0007996,0.0008406,0.0009161,0.0009426,0.0009791,0.001035,0.001039,0.001041,0.0010344566666666702,0.0010395266666666707,0.001044225333333331
0.972,0.0006404,0.0006765,0.0007205,0.0007605,0.0008027,0.0008419,0.00092,0.0009453,0.0009795,0.001035,0.00104,0.001061,0.0010346540000000033,0.0010399746666666676,0.0010565506666666653
0.976,0.0006438,0.000681,0.0007238,0.0007637,0.0008059,0.0008442,0.0009239,0.0009479,0.0009804,0.001036,0.001042,0.001075,0.001035284666666667,0.0010425606666666623,0.0010731539999999976
0.98,0.0006482,0.0006857,0.0007271,0.0007668,0.0008094,0.0008478,0.0009271,0.0009518,0.0009818,0.001037,0.001044,0.001092,0.0010365600000000036,0.0010451633333333292,0.0010912086666666641
0.984,0.0006528,0.0006894,0.0007307,0.0007705,0.0008132,0.0008528,0.0009305,0.000955,0.0009834,0.00104,0.001045,0.001111,0.0010387640000000017,0.0010466709999999992,0.0011037363333333287
0.988,0.000656,0.0006925,0.000734,0.0007745,0.0008175,0.0008591,0.0009341,0.0009582,0.0009851,0.001042,0.001048,0.001119,0.0010416206666666616,0.00104966533333333,0.0011115126666666638
0.992,0.0006596,0.0006969,0.0007381,0.0007785,0.0008214,0.0008619,0.0009377,0.0009612,0.0009869,0.001044,0.00105,0.001102,0.0010428596666666628,0.0010531266666666645,0.001112119999999997
0.996,0.000664,0.0007017,0.0007428,0.0007824,0.0008256,0.0008661,0.0009422,0.0009654,0.000989,0.001047,0.001053,0.00116,0.0010448540000000013,0.0010546376666666702,0.001146028666666663
1.0,0.0006684,0.0007067,0.0007476,0.0007868,0.0008295,0.0008702,0.0009463,0.0009691,0.0009914,0.001051,0.001056,0.00118,0.0010472083333333353,0.001056514666666668,0.001160594666666665
1.004,0.0006724,0.0007104,0.0007522,0.0007918,0.0008338,0.0008748,0.0009509,0.0009732,0.0009941,0.001054,0.001059,0.001263,0.0010504950000000005,0.0010594966666666653,0.0012221039999999997
1.008,0.0006772,0.0007143,0.0007566,0.0007966,0.0008387,0.0008794,0.0009558,0.0009778,0.0009971,0.001058,0.001062,0.001342,0.0010549716666666687,0.0010634150000000018,0.0012953533333333368
1.012,0.0006812,0.0007183,0.0007607,0.0008017,0.0008439,0.0008843,0.0009609,0.0009825,0.001001,0.001061,0.001065,0.001379,0.00105985,0.001065926666666666,0.0013488066666666717
1.016,0.0006848,0.000723,0.0007656,0.0008067,0.0008487,0.0008893,0.0009665,0.0009877,0.001004,0.001065,0.001069,0.001338,0.0010632099999999993,0.001068654333333328,0.0013342686666666717
1.02,0.0006894,0.000728,0.0007708,0.0008117,0.0008538,0.0008946,0.0009721,0.0009934,0.001008,0.001069,0.001073,0.001352,0.0010687766666666605,0.0010734173333333292,0.0013239443333333382
1.024,0.0006944,0.000733,0.0007755,0.0008168,0.0008588,0.0008999,0.0009765,0.0009991,0.001012,0.001073,0.001077,0.001282,0.0010723233333333288,0.0010773199999999968,0.0012851266666666708
1.028,0.0006997,0.0007369,0.0007804,0.0008221,0.0008643,0.0009055,0.0009809,0.001005,0.001016,0.001078,0.001082,0.001249,0.0010765566666666678,0.0010816036666666691,0.0012413676666666676
1.032,0.0007052,0.0007422,0.0007855,0.0008275,0.0008696,0.000911,0.0009858,0.001011,0.001021,0.001082,0.001086,0.001191,0.0010810233333333385,0.0010864239999999975,0.0011985519999999996
1.036,0.00071,0.0007481,0.0007911,0.0008332,0.0008754,0.0009164,0.0009914,0.001017,0.001026,0.001087,0.00109,0.001199,0.001085813333333337,0.001090116666666665,0.0011974280000000032
1.04,0.0007138,0.0007534,0.000797,0.0008389,0.0008812,0.0009221,0.0009976,0.001022,0.00103,0.001091,0.001095,0.001213,0.0010891833333333367,0.0010953000000000028,0.0012010893333333366
1.044,0.0007181,0.0007585,0.0008029,0.000845,0.0008872,0.0009279,0.001004,0.001028,0.001035,0.001096,0.0011,0.001222,0.001094216666666669,0.0011009543333333298,0.0011971693333333354
1.048,0.0007224,0.0007636,0.0008084,0.0008511,0.0008937,0.0009342,0.00101,0.001035,0.00104,0.001102,0.001106,0.001157,0.0010990233333333318,0.0011046926666666637,0.0011392453333333354
1.052,0.0007276,0.0007684,0.0008139,0.0008574,0.0009002,0.0009406,0.001015,0.001041,0.001046,0.001109,0.001111,0.001082,0.0011067200000000035,0.0011137733333333292,0.0011012780000000044
1.056,0.0007322,0.0007736,0.0008195,0.0008641,0.0009065,0.0009474,0.001021,0.001048,0.001051,0.001115,0.001117,0.001023,0.0011141699999999985,0.0011191099999999976,0.001058463333333333
1.06,0.0007369,0.0007792,0.0008256,0.0008704,0.0009128,0.0009544,0.001026,0.001056,0.001057,0.001121,0.001123,0.00106,0.001121386666666665,0.0011267466666666662,0.0010841500000000016
1.064,0.0007423,0.0007852,0.0008322,0.0008765,0.0009196,0.0009614,0.001032,0.001063,0.001063,0.001127,0.001129,0.001133,0.00112658333333333,0.0011310766666666632,0.0011321929999999966
1.068,0.000748,0.0007915,0.0008386,0.0008831,0.0009267,0.0009683,0.001039,0.00107,0.001069,0.001134,0.001135,0.001167,0.0011336633333333367,0.0011378833333333318,0.0011626736666666617
1.072,0.0007528,0.0007981,0.0008446,0.0008899,0.0009342,0.0009754,0.001046,0.001078,0.001076,0.001141,0.001141,0.001159,0.001138993333333336,0.0011448166666666684,0.0011631466666666675
1.076,0.0007582,0.0008042,0.0008509,0.0008971,0.0009417,0.0009826,0.001055,0.001086,0.001083,0.001149,0.001147,0.001121,0.0011473100000000038,0.001147946666666669,0.001126706666666667
1.08,0.0007642,0.0008097,0.0008576,0.0009047,0.0009495,0.0009903,0.001063,0.001093,0.001089,0.001156,0.001154,0.001087,0.0011538233333333308,0.0011550399999999963,0.00109897966666667
1.084,0.0007716,0.000815,0.0008652,0.0009121,0.000957,0.0009983,0.001071,0.001102,0.001097,0.001164,0.001161,0.001068,0.0011590199999999989,0.0011640300000000006,0.0010956033333333374
1.088,0.0007788,0.0008221,0.0008729,0.0009198,0.0009649,0.001006,0.001079,0.001111,0.001104,0.001171,0.001169,0.001071,0.001166023333333331,0.0011692099999999974,0.0010905833333333297
1.092,0.0007863,0.0008299,0.0008806,0.0009278,0.0009731,0.001015,0.001087,0.00112,0.001112,0.001179,0.001177,0.00109,0.001176046666666667,0.0011798733333333318,0.0011118599999999975
1.096,0.0007944,0.0008392,0.0008888,0.0009362,0.0009814,0.001023,0.001095,0.001129,0.00112,0.001188,0.001185,0.001124,0.0011845733333333355,0.0011869666666666633,0.001134267000000004
1.1,0.0008012,0.0008483,0.0008976,0.000945,0.0009899,0.001031,0.001103,0.001138,0.001129,0.001197,0.001193,0.001124,0.0011944000000000017,0.001198566666666665,0.001153720000000004
1.104,0.0008103,0.0008581,0.0009071,0.0009547,0.0009991,0.00104,0.001113,0.001147,0.001137,0.001206,0.001202,0.001138,0.0012024800000000001,0.0012057799999999979,0.0011597693333333299
1.108,0.0008208,0.0008687,0.0009172,0.0009642,0.001008,0.00105,0.001122,0.001156,0.001146,0.001215,0.001211,0.00113,0.0012118200000000021,0.0012149866666666673,0.0011607866666666676
1.112,0.0008324,0.0008809,0.000928,0.0009746,0.001018,0.00106,0.001133,0.001167,0.001156,0.001225,0.00122,0.001128,0.0012210033333333308,0.0012204400000000002,0.0011452900000000015
1.116,0.0008469,0.0008944,0.0009403,0.0009858,0.001029,0.00107,0.001145,0.001179,0.001166,0.001236,0.001231,0.001114,0.0012325499999999998,0.001230409999999998,0.0011302500000000026
1.12,0.0008639,0.0009105,0.0009544,0.0009981,0.00104,0.001081,0.001158,0.001191,0.001176,0.001248,0.001241,0.001104,0.0012440300000000051,0.0012407633333333308,0.001122499333333331
1.124,0.0008801,0.0009272,0.00097,0.001011,0.001053,0.001093,0.001172,0.001203,0.001187,0.00126,0.001253,0.00111,0.0012538466666666668,0.001250693333333334,0.001126880999999999
1.128,0.0008997,0.0009464,0.0009866,0.001026,0.001066,0.001106,0.001186,0.001216,0.001199,0.001273,0.001264,0.001144,0.0012663200000000055,0.0012643066666666604,0.0011685133333333307
1.132,0.0009201,0.0009672,0.001004,0.001042,0.001081,0.00112,0.001201,0.001229,0.001211,0.001286,0.001277,0.001142,0.0012778600000000041,0.0012760833333333268,0.0011723799999999952
1.136,0.0009421,0.0009879,0.001021,0.001059,0.001097,0.001135,0.001217,0.001244,0.001224,0.0013,0.00129,0.001135,0.0012914900000000047,0.0012881533333333375,0.0011659633333333298
1.14,0.0009651,0.001008,0.00104,0.001076,0.001113,0.00115,0.001235,0.001262,0.001239,0.001315,0.001304,0.001115,0.0013080000000000047,0.0013036533333333398,0.0011489833333333298
1.144,0.0009886,0.001029,0.001058,0.001093,0.00113,0.001166,0.001254,0.00128,0.001254,0.00133,0.00132,0.001106,0.001322636666666666,0.0013187133333333297,0.001140603333333331
1.148,0.001011,0.001046,0.001075,0.001111,0.001148,0.001182,0.001274,0.001299,0.001269,0.001347,0.001335,0.001109,0.0013398499999999953,0.0013331966666666624,0.0011418000000000023
1.152,0.001032,0.001063,0.001092,0.001128,0.001165,0.001199,0.001294,0.001317,0.001285,0.001363,0.001352,0.001119,0.0013568500000000015,0.0013520200000000043,0.001146029999999998
1.156,0.00105,0.001079,0.001108,0.001145,0.001182,0.001215,0.001313,0.001334,0.001301,0.001381,0.001369,0.001104,0.0013766066666666707,0.001370300000000004,0.0011353233333333307
1.16,0.001066,0.001094,0.001123,0.001161,0.001198,0.001232,0.001333,0.001352,0.001317,0.001398,0.001386,0.001101,0.0013928000000000037,0.00138823,0.0011410566666666682
1.164,0.001082,0.001109,0.001137,0.001176,0.001213,0.001248,0.001351,0.00137,0.001334,0.001416,0.001404,0.001112,0.0014058766666666602,0.0014060733333333365,0.001171386666666668
1.168,0.001097,0.001122,0.001151,0.00119,0.001228,0.001263,0.001368,0.001385,0.001351,0.001433,0.001423,0.001127,0.0014241400000000023,0.0014242733333333377,0.0011795066666666634
1.172,0.001112,0.001134,0.001164,0.001203,0.001242,0.001278,0.001385,0.001401,0.001368,0.00145,0.001441,0.001128,0.0014445066666666704,0.0014419266666666737,0.0011746933333333335
1.176,0.001125,0.001146,0.001176,0.001216,0.001256,0.001292,0.001402,0.001418,0.001386,0.001469,0.00146,0.001115,0.0014646266666666667,0.0014636566666666692,0.001171326666666666
1.18,0.001138,0.001158,0.001188,0.001228,0.001268,0.001306,0.001418,0.001434,0.001404,0.001487,0.00148,0.001085,0.0014848433333333364,0.0014851799999999957,0.001149723333333335
1.184,0.001149,0.001169,0.0012,0.00124,0.00128,0.001319,0.001433,0.001448,0.001422,0.001504,0.001499,0.001095,0.001502890000000003,0.001503449999999992,0.001145310000000006
1.188,0.00116,0.00118,0.001211,0.001251,0.001292,0.001332,0.001447,0.001462,0.001439,0.001521,0.001519,0.00112,0.0015256966666666637,0.001525586666666665,0.0011704000000000055
1.192,0.001172,0.001191,0.001221,0.001261,0.001303,0.001344,0.00146,0.001474,0.001456,0.001538,0.001539,0.001136,0.001542253333333331,0.001546426666666673,0.001184770000000005
1.196,0.001183,0.001201,0.00123,0.001271,0.001313,0.001356,0.001471,0.001487,0.001473,0.001553,0.001558,0.001092,0.00155617333333334,0.0015627866666666696,0.001176153333333333
1.2,0.001193,0.001211,0.001239,0.001281,0.001323,0.001367,0.001484,0.001498,0.001491,0.001568,0.001577,0.001092,0.0015676233333333405,0.001577263333333332,0.0011610766666666653
1.204,0.001204,0.00122,0.001249,0.00129,0.001334,0.001379,0.001495,0.00151,0.001508,0.001583,0.001595,0.001117,0.0015856166666666685,0.0015994466666666726,0.0011937033333333316
1.208,0.001215,0.00123,0.001258,0.001299,0.001344,0.00139,0.001506,0.00152,0.001525,0.001599,0.001614,0.001103,0.001596816666666671,0.0016132666666666712,0.001186903333333336
1.212,0.001224,0.001239,0.001268,0.001309,0.001354,0.001402,0.001517,0.001531,0.001542,0.001614,0.001634,0.001118,0.0016155866666666705,0.0016371000000000068,0.0012191200000000037
1.216,0.001234,0.001248,0.001277,0.001318,0.001364,0.001413,0.001527,0.00154,0.00156,0.00163,0.001653,0.001159,0.0016275800000000059,0.0016510066666666702,0.0012418566666666702
1.22,0.001244,0.001257,0.001286,0.001328,0.001373,0.001425,0.001537,0.00155,0.001577,0.001645,0.001673,0.001153,0.0016430400000000027,0.0016682566666666628,0.0012408866666666677
1.224,0.001253,0.001266,0.001295,0.001337,0.001383,0.001436,0.001546,0.00156,0.001594,0.00166,0.001692,0.001177,0.0016550766666666634,0.001680633333333341,0.0012776199999999975
1.228,0.001263,0.001274,0.001304,0.001346,0.001393,0.001448,0.001556,0.001572,0.001611,0.001675,0.001711,0.001274,0.0016708933333333279,0.0017019633333333396,0.0013292266666666656
1.232,0.001272,0.001282,0.001312,0.001356,0.001404,0.001459,0.001565,0.001583,0.001628,0.001689,0.00173,0.00128,0.0016845133333333298,0.0017186133333333383,0.0013313133333333357
1.236,0.00128,0.00129,0.001321,0.001365,0.001414,0.001471,0.001575,0.001596,0.001645,0.001704,0.001749,0.001302,0.0017007899999999965,0.0017423533333333337,0.0013430300000000057
1.24,0.001287,0.001297,0.00133,0.001375,0.001425,0.001484,0.001583,0.001607,0.001662,0.00172,0.001768,0.001322,0.0017138133333333334,0.001753836666666663,0.0013548799999999965
1.244,0.001295,0.001305,0.001339,0.001385,0.001436,0.001496,0.001593,0.001618,0.00168,0.001736,0.001787,0.001293,0.001729266666666669,0.0017723666666666622,0.0013388166666666614
1.248,0.001303,0.001313,0.001349,0.001396,0.001448,0.001509,0.001601,0.001629,0.001697,0.001753,0.001807,0.001262,0.0017397400000000037,0.0017822233333333352,0.0013441199999999986
1.252,0.00131,0.001322,0.001359,0.001407,0.001459,0.001523,0.001611,0.00164,0.001715,0.001769,0.001825,0.001286,0.001764673333333339,0.0018183933333333366,0.0013504066666666693
1.256,0.001318,0.001329,0.00137,0.001419,0.001471,0.001536,0.001621,0.001652,0.001732,0.001785,0.001844,0.001328,0.001779756666666666,0.0018332066666666696,0.0013813633333333321
1.26,0.001325,0.001337,0.001381,0.00143,0.001483,0.00155,0.001631,0.001664,0.00175,0.001802,0.001862,0.001386,0.0017967700000000061,0.0018483399999999965,0.0014151933333333324
1.264,0.001332,0.001345,0.001391,0.001442,0.001496,0.001565,0.001642,0.001677,0.001767,0.001817,0.001881,0.001419,0.0018098533333333374,0.001863280000000006,0.001452103333333336
1.268,0.001338,0.001353,0.001402,0.001454,0.001509,0.001579,0.001652,0.00169,0.001785,0.001834,0.001901,0.001421,0.001829990000000002,0.0018966099999999974,0.0014849900000000037
1.272,0.001345,0.001362,0.001412,0.001466,0.001522,0.001594,0.001663,0.001704,0.001802,0.00185,0.00192,0.001435,0.0018458200000000058,0.0019170399999999981,0.0014918933333333377
1.276,0.001353,0.00137,0.001424,0.001478,0.001536,0.001609,0.001675,0.001718,0.00182,0.001867,0.001939,0.001416,0.0018589833333333323,0.0019245333333333422,0.0014752166666666588
1.28,0.00136,0.00138,0.001435,0.001491,0.001549,0.001624,0.001686,0.001731,0.001838,0.001884,0.001958,0.001409,0.0018829233333333322,0.0019538633333333385,0.001490799999999995
1.284,0.001367,0.001389,0.001447,0.001504,0.001563,0.001639,0.001699,0.001746,0.001857,0.001902,0.001977,0.001418,0.0018870833333333337,0.0019510266666666715,0.0014674533333333272
1.288,0.001374,0.0014,0.001461,0.001518,0.001577,0.001654,0.001712,0.001762,0.001875,0.001919,0.001996,0.001433,0.0019056333333333357,0.001972916666666666,0.0014761933333333368
1.292,0.001382,0.00141,0.001474,0.001531,0.001592,0.00167,0.001725,0.001777,0.001893,0.001936,0.002015,0.001435,0.001934756666666669,0.0020117133333333267,0.0015104966666666724
1.296,0.001391,0.001421,0.001487,0.001546,0.001607,0.001686,0.001739,0.001793,0.001911,0.001954,0.002033,0.001462,0.0019443400000000047,0.0020194099999999962,0.0015197200000000054
1.3,0.0014,0.001434,0.0015,0.00156,0.001623,0.001702,0.001752,0.001809,0.001929,0.001971,0.002052,0.001464,0.001952253333333331,0.0020234500000000035,0.0015209366666666707
1.304,0.001411,0.001444,0.001514,0.001575,0.001639,0.001718,0.001766,0.001825,0.001947,0.001989,0.002071,0.001474,0.001971966666666672,0.002043703333333335,0.0015512399999999939
1.308,0.001421,0.001455,0.001528,0.001591,0.001654,0.001736,0.001781,0.001842,0.001965,0.002007,0.00209,0.001516,0.0019926866666666624,0.0020685966666666687,0.0016196100000000022
1.312,0.001432,0.001467,0.001544,0.001606,0.001671,0.001753,0.001797,0.001859,0.001984,0.002025,0.002109,0.001544,0.0020061133333333383,0.0020820166666666775,0.0016311866666666628
1.316,0.001444,0.001482,0.001559,0.001623,0.001687,0.001771,0.001813,0.001876,0.002002,0.002043,0.002128,0.00156,0.002019113333333339,0.0020940433333333413,0.0016368966666666684
1.32,0.001457,0.001497,0.001576,0.00164,0.001705,0.001789,0.001829,0.001893,0.002021,0.002062,0.002147,0.001583,0.0020409033333333385,0.002116020000000005,0.0016458866666666668
1.324,0.00147,0.001515,0.001593,0.001657,0.001722,0.001807,0.001846,0.00191,0.002039,0.002081,0.002166,0.001602,0.002056940000000002,0.0021318433333333336,0.0016774966666666632
1.328,0.001484,0.00153,0.00161,0.001675,0.001741,0.001826,0.001863,0.001928,0.002058,0.002101,0.002185,0.001633,0.00208064333333334,0.002159856666666661,0.001729569999999997
1.332,0.001498,0.001547,0.001627,0.001694,0.00176,0.001844,0.00188,0.001946,0.002077,0.00212,0.002204,0.001679,0.0021049266666666724,0.002186756666666661,0.0017588699999999946
1.336,0.001514,0.001564,0.001645,0.001714,0.001779,0.001864,0.001898,0.001965,0.002096,0.002139,0.002224,0.001711,0.0021168500000000026,0.0021911866666666675,0.001774350000000003
1.34,0.001532,0.001582,0.001664,0.001734,0.001798,0.001883,0.001916,0.001984,0.002116,0.00216,0.002244,0.001725,0.0021378933333333384,0.0022091100000000063,0.0018064966666666593
1.344,0.00155,0.0016,0.001684,0.001754,0.001819,0.001904,0.001935,0.002003,0.002137,0.002181,0.002265,0.001733,0.0021619899999999956,0.0022384466666666627,0.0018385766666666643
1.348,0.001569,0.001619,0.001705,0.001775,0.00184,0.001926,0.001954,0.002023,0.002158,0.002202,0.002285,0.001748,0.0021790266666666673,0.002252816666666659,0.0018447433333333403
1.352,0.001588,0.00164,0.001726,0.001796,0.001862,0.001947,0.001974,0.002044,0.002179,0.002224,0.002307,0.00176,0.002197790000000001,0.002267786666666659,0.0018507399999999974
1.356,0.001608,0.001661,0.001747,0.001819,0.001885,0.001969,0.001995,0.002066,0.0022,0.002246,0.002329,0.00177,0.0022236800000000017,0.0022951800000000078,0.0018786733333333347
1.36,0.00163,0.001682,0.001769,0.001842,0.001908,0.001992,0.002017,0.002088,0.002222,0.002268,0.002351,0.001803,0.0022424200000000062,0.0023203066666666627,0.0019140099999999996
1.364,0.001652,0.001704,0.00179,0.001865,0.001931,0.002015,0.002039,0.00211,0.002244,0.00229,0.002373,0.001823,0.0022628433333333393,0.002337976666666662,0.0019236566666666728
1.368,0.001675,0.001726,0.001813,0.00189,0.001954,0.002039,0.002062,0.002133,0.002267,0.002313,0.002396,0.001845,0.0022822066666666713,0.002352426666666662,0.0019654899999999977
1.372,0.001697,0.001748,0.001838,0.001914,0.001979,0.002063,0.002086,0.002156,0.00229,0.002336,0.002419,0.001863,0.002309673333333335,0.0023815899999999903,0.001962883333333329
1.376,0.001719,0.001771,0.001862,0.001939,0.002004,0.002088,0.00211,0.00218,0.002314,0.00236,0.002443,0.00187,0.002335599999999999,0.002408379999999989,0.001974676666666666
1.38,0.001741,0.001795,0.001888,0.001964,0.002029,0.002115,0.002135,0.002205,0.002338,0.002385,0.002467,0.001901,0.002350886666666667,0.0024207900000000004,0.002028813333333335
1.384,0.001763,0.001819,0.001912,0.00199,0.002056,0.002141,0.002161,0.00223,0.002363,0.00241,0.002491,0.001965,0.0023833966666666766,0.0024531800000000092,0.0020582533333333313
1.388,0.001784,0.001843,0.001937,0.002016,0.002083,0.002168,0.002187,0.002256,0.002388,0.002435,0.002516,0.002036,0.0024012799999999987,0.0024724899999999995,0.002112380000000001
1.392,0.001806,0.001866,0.001961,0.002043,0.002111,0.002196,0.002214,0.002283,0.002414,0.002462,0.002542,0.0021,0.0024274866666666632,0.0024968133333333415,0.0021719466666666634
1.396,0.001827,0.001889,0.001986,0.002071,0.002139,0.002224,0.002241,0.002309,0.002439,0.002488,0.002567,0.002144,0.002451136666666672,0.0025193433333333274,0.0022053766666666683
1.4,0.001849,0.001913,0.002013,0.002099,0.002167,0.002252,0.002269,0.002337,0.002466,0.002515,0.002593,0.00215,0.0024712400000000043,0.002538623333333327,0.002212503333333331
1.404,0.001872,0.001938,0.002039,0.002127,0.002195,0.00228,0.002298,0.002365,0.002493,0.002543,0.00262,0.002163,0.002506353333333328,0.002573763333333324,0.002229653333333341
1.408,0.001895,0.001963,0.002066,0.002156,0.002224,0.002309,0.002327,0.002393,0.002521,0.002571,0.002648,0.002169,0.0025260699999999957,0.0025932699999999926,0.002241826666666659
1.412,0.001919,0.001989,0.002094,0.002184,0.002253,0.002338,0.002356,0.002422,0.002549,0.002599,0.002676,0.00219,0.002553696666666674,0.0026180466666666717,0.0022663033333333435
1.416,0.001943,0.002015,0.002122,0.002212,0.002283,0.002368,0.002386,0.00245,0.002578,0.002629,0.002705,0.002216,0.0025924466666666624,0.0026601499999999935,0.0022631366666666657
1.42,0.001969,0.002043,0.002151,0.002241,0.002312,0.002398,0.002415,0.002481,0.002607,0.002659,0.002734,0.002209,0.0026008199999999963,0.002666126666666667,0.002274160000000005
1.424,0.001996,0.002072,0.00218,0.002271,0.002342,0.002428,0.002446,0.002513,0.002637,0.00269,0.002763,0.002176,0.0026299799999999957,0.002694556666666657,0.0022497866666666634
1.428,0.002024,0.002101,0.002209,0.002301,0.002373,0.002458,0.002477,0.002545,0.002667,0.002721,0.002793,0.002123,0.0026740933333333195,0.002738543333333342,0.0022101099999999926
1.432,0.002052,0.002131,0.00224,0.002333,0.002403,0.002489,0.002508,0.002577,0.002697,0.002752,0.002823,0.002108,0.0027045633333333207,0.002766783333333343,0.002220349999999999
1.436,0.00208,0.002161,0.00227,0.002363,0.002434,0.00252,0.00254,0.002609,0.002729,0.002783,0.002854,0.002034,0.0027348299999999876,0.0027967500000000123,0.0021606233333333253
1.44,0.002109,0.002192,0.002301,0.002393,0.002464,0.002552,0.002572,0.00264,0.00276,0.002814,0.002885,0.002026,0.0027552033333333235,0.002817790000000013,0.0021685566666666566
1.444,0.00214,0.002224,0.002333,0.002425,0.002496,0.002584,0.002604,0.002673,0.002792,0.002846,0.002916,0.002049,0.0027962333333333383,0.0028576300000000047,0.002179223333333335
1.448,0.002171,0.002256,0.002364,0.002457,0.002528,0.002616,0.002637,0.002706,0.002824,0.002878,0.002947,0.002109,0.002828186666666678,0.002888000000000005,0.0022473233333333434
1.452,0.002203,0.002288,0.002395,0.002489,0.002561,0.002648,0.00267,0.002739,0.002856,0.002911,0.002979,0.002109,0.0028633099999999983,0.0029209699999999906,0.0022607200000000116
1.456,0.002235,0.00232,0.002427,0.002521,0.002594,0.002681,0.002704,0.002772,0.002888,0.002944,0.003011,0.00216,0.0028961866666666536,0.0029553033333333256,0.0022697000000000095
1.46,0.002267,0.002353,0.00246,0.002553,0.002626,0.002714,0.002737,0.002804,0.00292,0.002977,0.003043,0.002171,0.002921056666666667,0.0029818500000000055,0.0022775766666666714
1.464,0.002299,0.002387,0.002494,0.002586,0.00266,0.002748,0.002771,0.002837,0.002953,0.00301,0.003075,0.002217,0.0029470699999999948,0.0030061766666666786,0.002335760000000011
1.468,0.00233,0.002421,0.002528,0.00262,0.002694,0.002781,0.002804,0.00287,0.002986,0.003044,0.003108,0.002248,0.0029731400000000082,0.0030287633333333334,0.002400446666666679
1.472,0.002363,0.002455,0.002561,0.002655,0.002728,0.002815,0.002838,0.002904,0.003019,0.003078,0.003141,0.00234,0.003020613333333346,0.003068716666666652,0.0024717666666666718
1.476,0.002397,0.00249,0.002595,0.00269,0.002762,0.002849,0.002871,0.002937,0.003052,0.003111,0.003174,0.002251,0.0030763366666666566,0.0031332100000000026,0.00235122666666667
1.48,0.002431,0.002525,0.00263,0.002725,0.002797,0.002883,0.002905,0.002971,0.003085,0.003145,0.003207,0.00216,0.003111229999999989,0.003148099999999992,0.0022755366666666744
1.484,0.002466,0.002562,0.002665,0.00276,0.002831,0.002917,0.00294,0.003005,0.003119,0.003179,0.00324,0.002106,0.00318711666666668,0.0032473300000000105,0.002111693333333341
1.488,0.002501,0.002599,0.002701,0.002794,0.002866,0.002952,0.002975,0.00304,0.003152,0.003213,0.003273,0.002055,0.00321516000000001,0.003272983333333331,0.002094753333333334
1.492,0.002537,0.002635,0.002736,0.00283,0.002902,0.002987,0.00301,0.003074,0.003186,0.003247,0.003306,0.002047,0.0032492333333333317,0.0033068333333333387,0.0020909700000000062
1.496,0.002573,0.002672,0.002772,0.002865,0.002937,0.003023,0.003045,0.003109,0.00322,0.003281,0.003339,0.002072,0.0032761099999999896,0.003330479999999994,0.0021565199999999994
1.5,0.002609,0.002709,0.002808,0.002901,0.002973,0.003058,0.00308,0.003144,0.003254,0.003315,0.003372,0.002129,0.003297956666666656,0.0033451400000000095,0.002303863333333339
