Voltage,1,3,5,10,15,20,30,40,50,60,80,100,60_pred,80_pred,100_pred
-0.996,0.0008473,0.0008718,0.0008663,0.0008251,0.0009158,0.0009528,0.0009788,0.001003,0.001071,0.001121,0.001156,0.001189,0.0011169999999999995,0.0011552633333333292,0.0011893966666666647
-0.992,0.0008384,0.0008609,0.0008542,0.0008147,0.0009025,0.0009399,0.0009665,0.0009911,0.001058,0.001107,0.001141,0.001175,0.0011067900000000022,0.0011423233333333345,0.0011793133333333316
-0.988,0.0008301,0.0008507,0.0008428,0.000805,0.0008901,0.0009277,0.0009549,0.0009801,0.001045,0.001094,0.001128,0.001162,0.0010907433333333342,0.0011284333333333348,0.0011634866666666666
-0.984,0.0008226,0.0008412,0.0008322,0.0007961,0.0008786,0.0009162,0.0009439,0.0009702,0.001034,0.001082,0.001115,0.00115,0.0010794156666666707,0.001113296666666664,0.001151029999999999
-0.98,0.0008159,0.0008322,0.0008223,0.0007879,0.0008682,0.0009057,0.0009334,0.0009614,0.001023,0.001071,0.001104,0.00114,0.0010698696666666637,0.0011037766666666634,0.0011417099999999965
-0.976,0.0008099,0.0008242,0.0008131,0.0007805,0.0008584,0.0008954,0.0009242,0.0009531,0.001013,0.00106,0.001094,0.00113,0.0010605866666666683,0.0010950066666666667,0.0011323960000000012
-0.972,0.0008038,0.0008174,0.0008044,0.0007736,0.0008491,0.0008863,0.0009159,0.0009456,0.001004,0.001051,0.001084,0.001121,0.0010506943333333343,0.001084649999999997,0.0011234986666666667
-0.968,0.0007981,0.0008109,0.0007961,0.0007669,0.0008405,0.0008779,0.0009085,0.0009384,0.0009957,0.001042,0.001076,0.001112,0.001041288999999996,0.0010759333333333332,0.0011128860000000009
-0.964,0.0007925,0.0008049,0.0007884,0.0007606,0.0008327,0.0008703,0.0009015,0.0009312,0.0009881,0.001034,0.001067,0.001104,0.0010338966666666657,0.0010673833333333348,0.001106642999999997
-0.96,0.0007875,0.0007989,0.0007813,0.0007543,0.0008256,0.0008637,0.0008951,0.0009249,0.0009809,0.001026,0.001059,0.001096,0.0010258466666666704,0.0010585633333333314,0.0010978600000000002
-0.956,0.0007831,0.0007932,0.0007747,0.0007486,0.0008191,0.0008572,0.0008885,0.0009191,0.0009739,0.00102,0.001051,0.00109,0.0010193073333333335,0.0010514400000000027,0.0010920499999999974
-0.952,0.0007789,0.0007877,0.0007685,0.0007432,0.000813,0.0008511,0.0008828,0.0009142,0.0009672,0.001013,0.001045,0.001083,0.0010130859999999962,0.001045813333333334,0.0010850133333333335
-0.948,0.0007745,0.0007824,0.0007627,0.0007383,0.0008073,0.0008454,0.0008776,0.0009091,0.0009612,0.001007,0.001039,0.001077,0.0010069366666666656,0.001039670000000004,0.0010786999999999967
-0.944,0.00077,0.0007774,0.0007572,0.0007337,0.0008018,0.0008398,0.0008726,0.0009047,0.0009561,0.001002,0.001034,0.001072,0.0010014213333333357,0.0010336099999999988,0.001072303333333333
-0.94,0.0007655,0.0007725,0.0007519,0.0007293,0.0007968,0.0008348,0.0008678,0.0009002,0.0009513,0.0009965,0.001029,0.001067,0.00099602566666667,0.0010286776666666674,0.001067007666666667
-0.936,0.0007606,0.000768,0.0007469,0.0007253,0.0007921,0.0008303,0.0008636,0.0008965,0.0009469,0.0009916,0.001023,0.001062,0.000991522333333334,0.0010237166666666648,0.001063313333333336
-0.932,0.0007556,0.0007636,0.000742,0.0007216,0.0007877,0.0008261,0.0008594,0.0008933,0.0009428,0.0009871,0.001019,0.001058,0.0009871479999999993,0.0010196599999999973,0.0010590300000000018
-0.928,0.0007508,0.0007591,0.0007375,0.0007178,0.0007837,0.0008223,0.000856,0.0008905,0.0009392,0.0009831,0.001016,0.001054,0.000983430333333331,0.0010163499999999985,0.0010549133333333336
-0.924,0.000746,0.0007546,0.0007332,0.0007142,0.0007802,0.0008189,0.0008532,0.0008876,0.0009356,0.0009798,0.001013,0.001051,0.0009802476666666649,0.0010125459999999963,0.0010500430000000014
-0.92,0.0007416,0.00075,0.0007292,0.000711,0.000777,0.0008157,0.0008503,0.0008855,0.0009326,0.0009766,0.001009,0.001048,0.0009768233333333307,0.001008881333333333,0.0010465493333333303
-0.916,0.000737,0.0007452,0.0007253,0.000708,0.0007743,0.000813,0.0008478,0.0008834,0.00093,0.0009734,0.001006,0.001046,0.0009739886666666705,0.0010069556666666693,0.001046396666666663
-0.912,0.0007316,0.0007407,0.0007214,0.0007055,0.0007714,0.0008105,0.0008454,0.0008814,0.000928,0.0009705,0.001003,0.001043,0.0009703890000000017,0.001003108666666665,0.0010431266666666656
-0.908,0.0007261,0.000736,0.0007175,0.0007031,0.0007687,0.000808,0.0008433,0.0008796,0.0009261,0.0009679,0.001001,0.001041,0.000968149,0.001001089666666665,0.0010411799999999983
-0.904,0.0007205,0.0007313,0.000714,0.0007008,0.0007665,0.0008059,0.0008416,0.0008779,0.0009245,0.0009659,0.0009987,0.001039,0.0009659976666666673,0.0009989536666666664,0.0010393700000000039
-0.9,0.0007147,0.0007265,0.0007107,0.0006986,0.0007645,0.000804,0.0008402,0.0008765,0.0009221,0.0009642,0.0009969,0.001038,0.0009642886666666689,0.0009971386666666677,0.0010380100000000013
-0.896,0.0007089,0.0007219,0.0007076,0.0006966,0.000763,0.0008024,0.0008387,0.0008754,0.0009202,0.0009628,0.0009956,0.001036,0.00096270866666667,0.0009956443333333361,0.00103619
-0.892,0.000703,0.0007176,0.0007048,0.000695,0.0007617,0.0008011,0.0008376,0.0008744,0.0009184,0.0009616,0.0009946,0.001035,0.0009614563333333374,0.000994547000000004,0.0010350600000000028
-0.888,0.0006967,0.0007132,0.0007024,0.0006938,0.0007604,0.0008,0.0008366,0.0008736,0.000917,0.0009604,0.0009935,0.001034,0.0009602306666666648,0.0009934056666666665,0.001034059999999999
-0.884,0.0006907,0.000709,0.0007,0.0006927,0.0007594,0.0007991,0.0008361,0.0008733,0.0009164,0.0009595,0.0009927,0.001034,0.0009595330000000006,0.0009927876666666708,0.0010338699999999986
-0.88,0.0006848,0.0007046,0.0006977,0.0006919,0.0007587,0.0007986,0.0008358,0.0008734,0.0009165,0.0009588,0.0009921,0.001033,0.0009589203333333342,0.0009922473333333316,0.0010331933333333368
-0.876,0.000679,0.0007,0.0006955,0.0006912,0.0007579,0.000798,0.0008356,0.0008735,0.0009164,0.0009583,0.0009917,0.001033,0.0009584669999999998,0.000991928000000001,0.0010330500000000043
-0.872,0.0006735,0.0006959,0.0006935,0.0006909,0.0007577,0.0007977,0.0008356,0.0008738,0.000917,0.0009584,0.000992,0.001033,0.0009585116666666676,0.0009921176666666657,0.001033013333333338
-0.868,0.0006681,0.000692,0.000692,0.0006909,0.0007576,0.0007977,0.000836,0.0008743,0.0009172,0.0009587,0.0009925,0.001033,0.0009587999999999997,0.0009925423333333352,0.001033053333333338
-0.864,0.0006627,0.0006883,0.000691,0.0006912,0.0007576,0.0007982,0.0008366,0.0008747,0.0009173,0.0009591,0.0009929,0.001033,0.0009591619999999977,0.0009929333333333335,0.001033243333333337
-0.86,0.0006573,0.0006852,0.0006901,0.0006916,0.000758,0.000799,0.0008373,0.0008755,0.000918,0.0009597,0.0009937,0.001034,0.0009599073333333344,0.0009938253333333287,0.00103411
-0.856,0.0006522,0.0006821,0.0006894,0.0006922,0.0007588,0.0007998,0.0008382,0.0008763,0.0009187,0.0009603,0.0009941,0.001035,0.000960500000000001,0.0009942906666666645,0.001034993333333336
-0.852,0.0006473,0.0006792,0.000689,0.0006928,0.0007597,0.0008005,0.000839,0.0008772,0.0009194,0.000961,0.0009947,0.001036,0.0009609876666666643,0.0009946589999999976,0.0010357933333333337
-0.848,0.0006427,0.0006765,0.0006886,0.0006936,0.0007609,0.0008013,0.00084,0.0008785,0.0009203,0.0009622,0.0009957,0.001037,0.0009621583333333341,0.0009956653333333292,0.0010368533333333368
-0.844,0.0006386,0.0006739,0.0006885,0.0006946,0.000762,0.0008023,0.0008412,0.0008798,0.0009213,0.0009633,0.0009969,0.001038,0.0009632260000000002,0.0009967683333333332,0.0010378166666666678
-0.84,0.0006349,0.0006717,0.0006887,0.0006958,0.0007633,0.0008035,0.0008426,0.000881,0.0009226,0.0009645,0.0009983,0.001039,0.0009644786666666655,0.000998153333333335,0.0010389700000000043
-0.836,0.0006315,0.0006698,0.0006892,0.0006971,0.0007647,0.0008048,0.000844,0.0008825,0.0009241,0.0009658,0.0009999,0.001041,0.0009657279999999994,0.0009996233333333326,0.0010405999999999992
-0.832,0.0006286,0.0006681,0.0006897,0.0006988,0.0007665,0.0008062,0.0008456,0.0008841,0.0009259,0.0009674,0.001001,0.001042,0.0009672523333333349,0.0010009113333333307,0.0010418199999999956
-0.828,0.0006261,0.0006669,0.000691,0.0007005,0.0007684,0.0008078,0.0008475,0.0008856,0.0009276,0.0009691,0.001003,0.001044,0.0009703526666666669,0.0010044423333333316,0.0010439933333333286
-0.824,0.000624,0.0006661,0.0006921,0.0007023,0.0007703,0.0008096,0.0008494,0.0008875,0.0009294,0.0009708,0.001005,0.001045,0.0009726466666666629,0.0010069856666666663,0.0010456833333333333
-0.82,0.0006222,0.0006654,0.0006936,0.0007043,0.0007721,0.0008115,0.0008513,0.0008893,0.000931,0.0009726,0.001007,0.001047,0.0009726546666666621,0.0010068743333333326,0.0010468500000000017
-0.816,0.0006207,0.0006651,0.0006948,0.0007064,0.0007741,0.0008133,0.0008532,0.0008909,0.0009326,0.0009744,0.001009,0.001049,0.0009742813333333278,0.0010086000000000003,0.001048239000000001
-0.812,0.0006195,0.000665,0.0006961,0.0007085,0.0007761,0.0008153,0.0008552,0.0008928,0.0009344,0.0009761,0.001011,0.001051,0.0009775069999999983,0.0010113960000000006,0.0010492493333333361
-0.808,0.0006187,0.0006654,0.0006971,0.0007108,0.0007782,0.0008174,0.0008571,0.0008948,0.0009363,0.0009781,0.001013,0.001053,0.0009787456666666661,0.001012750666666661,0.0010518956666666704
-0.804,0.0006185,0.000666,0.0006989,0.0007131,0.0007805,0.0008196,0.0008593,0.000897,0.0009384,0.0009803,0.001015,0.001055,0.0009809016666666628,0.0010159519999999949,0.0010528606666666647
-0.8,0.0006187,0.0006671,0.000701,0.0007154,0.0007829,0.000822,0.0008616,0.0008992,0.0009409,0.0009826,0.001017,0.001058,0.0009839159999999985,0.0010178599999999957,0.0010562330000000015
-0.796,0.0006192,0.0006683,0.0007036,0.0007179,0.0007854,0.0008244,0.000864,0.0009014,0.0009434,0.0009851,0.00102,0.001061,0.0009860053333333326,0.001020646666666666,0.0010603913333333333
-0.792,0.0006199,0.0006698,0.0007062,0.0007204,0.0007882,0.0008267,0.0008666,0.0009036,0.0009459,0.0009877,0.001022,0.001063,0.00098863,0.0010233100000000001,0.0010631163333333332
-0.788,0.0006211,0.0006718,0.0007089,0.0007232,0.0007908,0.0008292,0.0008692,0.0009063,0.0009483,0.0009904,0.001025,0.001066,0.0009905670000000019,0.0010260066666666653,0.00106523566666667
-0.784,0.0006224,0.000674,0.0007113,0.000726,0.0007934,0.0008317,0.0008719,0.0009091,0.0009508,0.0009931,0.001028,0.001069,0.0009929283333333352,0.0010280049999999972,0.0010665019999999965
-0.78,0.0006241,0.0006763,0.000714,0.0007289,0.0007963,0.0008343,0.0008745,0.000912,0.0009534,0.0009957,0.00103,0.001071,0.0009964976666666642,0.0010310643333333314,0.0010697683333333286
-0.776,0.0006262,0.0006788,0.0007171,0.0007317,0.0007991,0.000837,0.0008772,0.0009146,0.000956,0.0009984,0.001033,0.001074,0.0009998513333333364,0.0010340643333333359,0.0010727700000000005
-0.772,0.0006284,0.0006815,0.0007201,0.0007346,0.0008021,0.0008397,0.00088,0.0009173,0.0009588,0.001001,0.001036,0.001077,0.0010019396666666657,0.0010363500000000012,0.0010756866666666648
-0.768,0.000631,0.0006843,0.0007233,0.0007376,0.0008051,0.0008425,0.0008828,0.00092,0.0009616,0.001004,0.001039,0.00108,0.001006051000000002,0.0010391406666666702,0.0010780920000000018
-0.764,0.0006338,0.0006873,0.0007263,0.0007406,0.0008081,0.0008455,0.0008857,0.0009229,0.0009643,0.001007,0.001042,0.001084,0.0010081363333333338,0.0010427099999999962,0.0010844499999999987
-0.76,0.0006369,0.0006904,0.0007295,0.0007436,0.0008111,0.0008484,0.0008888,0.0009259,0.0009675,0.00101,0.001045,0.001087,0.0010111573333333353,0.0010454976666666661,0.001086973333333336
-0.756,0.0006402,0.0006936,0.0007328,0.0007468,0.0008144,0.0008514,0.0008918,0.0009287,0.0009706,0.001013,0.001048,0.001091,0.0010146699999999966,0.0010490833333333303,0.0010914030000000027
-0.752,0.0006438,0.0006972,0.0007362,0.00075,0.0008176,0.0008545,0.0008948,0.0009316,0.0009734,0.001016,0.001051,0.001094,0.0010165766666666667,0.0010506766666666687,0.0010936266666666662
-0.748,0.0006475,0.0007008,0.0007394,0.0007532,0.0008208,0.0008576,0.0008981,0.0009346,0.0009763,0.001019,0.001054,0.001097,0.0010203933333333317,0.001054303333333333,0.001096846666666666
-0.744,0.0006513,0.0007046,0.0007429,0.0007565,0.0008239,0.0008606,0.0009013,0.0009376,0.0009791,0.001022,0.001058,0.001101,0.0010228400000000016,0.0010575800000000013,0.0011004733333333345
-0.74,0.0006552,0.0007084,0.0007464,0.0007598,0.0008271,0.0008638,0.0009044,0.0009406,0.0009821,0.001026,0.001061,0.001104,0.0010263433333333365,0.001060476666666667,0.001103103333333331
-0.736,0.0006594,0.0007122,0.0007499,0.000763,0.0008303,0.000867,0.0009075,0.0009435,0.0009854,0.001029,0.001064,0.001107,0.0010303633333333356,0.0010635766666666712,0.0011073966666666683
-0.732,0.0006637,0.0007162,0.0007535,0.0007663,0.0008336,0.0008703,0.0009107,0.0009465,0.0009886,0.001033,0.001068,0.001111,0.0010334500000000028,0.0010671366666666717,0.001111873333333329
-0.728,0.0006681,0.0007203,0.0007569,0.0007695,0.000837,0.0008737,0.0009139,0.0009497,0.0009919,0.001036,0.001071,0.001115,0.0010368223333333336,0.001071066666666663,0.0011181866666666637
-0.724,0.0006726,0.0007245,0.0007605,0.0007728,0.0008404,0.0008772,0.0009174,0.0009529,0.0009953,0.001039,0.001075,0.001119,0.0010399700000000038,0.001075293333333331,0.0011207933333333322
-0.72,0.0006771,0.0007288,0.0007641,0.0007763,0.0008439,0.0008804,0.0009208,0.0009562,0.0009985,0.001043,0.001079,0.001122,0.0010433949999999997,0.0010790783333333319,0.001123210000000005
-0.716,0.0006817,0.0007331,0.0007678,0.0007796,0.0008472,0.0008836,0.0009238,0.0009595,0.001002,0.001046,0.001082,0.001126,0.0010471966666666635,0.0010827766666666695,0.0011277066666666676
-0.712,0.0006864,0.0007373,0.0007715,0.0007828,0.0008506,0.000887,0.000927,0.0009628,0.001005,0.00105,0.001086,0.00113,0.001050069999999998,0.0010853766666666649,0.0011315000000000014
-0.708,0.0006911,0.0007414,0.0007752,0.0007861,0.000854,0.0008904,0.0009302,0.0009661,0.001009,0.001053,0.001089,0.001133,0.0010537500000000017,0.0010889996666666702,0.0011337623333333305
-0.704,0.0006957,0.0007456,0.0007788,0.0007893,0.0008576,0.0008938,0.0009336,0.0009695,0.001012,0.001057,0.001093,0.001137,0.001057903333333331,0.00109344666666667,0.0011386366666666665
-0.7,0.0007004,0.0007498,0.0007826,0.0007927,0.0008613,0.0008972,0.0009372,0.0009729,0.001016,0.001061,0.001097,0.001141,0.0010619166666666657,0.0010968899999999988,0.001143753333333335
-0.696,0.000705,0.0007541,0.0007863,0.0007961,0.0008648,0.0009006,0.000941,0.0009763,0.00102,0.001065,0.0011,0.001145,0.0010655900000000004,0.001100659999999995,0.0011461533333333366
-0.692,0.0007096,0.0007585,0.0007901,0.0007995,0.0008682,0.000904,0.0009445,0.0009797,0.001023,0.001068,0.001104,0.001149,0.0010691800000000044,0.0011042366666666628,0.0011507900000000042
-0.688,0.0007141,0.0007625,0.0007938,0.0008028,0.0008717,0.0009075,0.0009481,0.0009832,0.001027,0.001072,0.001108,0.001153,0.0010718106666666681,0.0011072799999999987,0.0011536333333333345
-0.684,0.0007186,0.0007664,0.0007975,0.0008059,0.0008752,0.0009109,0.0009516,0.0009867,0.00103,0.001076,0.001112,0.001157,0.0010761600000000014,0.0011103333333333345,0.0011605700000000023
-0.68,0.0007229,0.0007702,0.0008012,0.0008091,0.0008787,0.0009143,0.0009551,0.0009903,0.001034,0.00108,0.001116,0.001161,0.0010801866666666697,0.0011135533333333366,0.0011671233333333372
-0.676,0.000727,0.0007741,0.0008047,0.0008123,0.0008821,0.0009176,0.0009585,0.000994,0.001038,0.001083,0.00112,0.001165,0.0010834200000000016,0.0011173266666666707,0.0011706066666666724
-0.672,0.000731,0.0007779,0.0008083,0.0008155,0.0008854,0.0009209,0.0009621,0.0009976,0.001041,0.001087,0.001124,0.00117,0.0010867366666666694,0.0011224900000000057,0.0011713000000000038
-0.668,0.0007348,0.0007818,0.0008118,0.0008188,0.0008888,0.0009243,0.0009656,0.001001,0.001045,0.001091,0.001128,0.001174,0.001090530000000004,0.001126693333333335,0.0011739366666666706
-0.664,0.0007386,0.0007858,0.0008154,0.0008222,0.0008922,0.0009277,0.0009693,0.001005,0.001049,0.001095,0.001132,0.001178,0.0010949533333333389,0.0011301333333333353,0.0011755200000000054
-0.66,0.0007422,0.0007896,0.0008192,0.0008255,0.0008958,0.0009313,0.000973,0.001009,0.001053,0.001099,0.001136,0.001182,0.0010990766666666683,0.001136143333333337,0.0011801433333333358
-0.656,0.0007458,0.0007933,0.0008228,0.0008288,0.0008993,0.0009349,0.0009766,0.001012,0.001057,0.001103,0.00114,0.001186,0.0011039066666666696,0.0011404699999999965,0.001184910000000003
-0.652,0.0007493,0.0007968,0.0008264,0.0008321,0.0009028,0.0009384,0.0009803,0.001016,0.001061,0.001107,0.001144,0.001191,0.0011074900000000024,0.0011441333333333304,0.0011890799999999993
-0.648,0.0007527,0.0008002,0.00083,0.0008353,0.0009063,0.0009419,0.0009839,0.00102,0.001064,0.001111,0.001148,0.001195,0.0011102933333333302,0.001146769999999997,0.0011913766666666675
-0.644,0.000756,0.0008035,0.0008336,0.0008387,0.0009095,0.0009453,0.0009874,0.001024,0.001068,0.001115,0.001152,0.001199,0.0011141533333333309,0.0011508499999999934,0.0011948000000000037
-0.64,0.0007594,0.0008069,0.000837,0.0008419,0.0009129,0.0009488,0.000991,0.001027,0.001072,0.001119,0.001156,0.001203,0.0011183666666666646,0.0011544333333333278,0.0011987866666666707
-0.636,0.0007628,0.0008103,0.0008405,0.0008452,0.0009163,0.0009523,0.0009946,0.001031,0.001076,0.001123,0.00116,0.001208,0.0011216466666666665,0.0011576166666666626,0.0012020999999999952
-0.632,0.000766,0.0008138,0.000844,0.0008485,0.0009198,0.0009558,0.0009982,0.001035,0.00108,0.001127,0.001164,0.001212,0.0011257633333333296,0.0011622733333333315,0.001206843333333329
-0.628,0.0007691,0.0008172,0.0008474,0.0008518,0.0009236,0.0009594,0.001002,0.001038,0.001084,0.001131,0.001168,0.001216,0.0011290666666666635,0.001165626666666667,0.0012113033333333303
-0.624,0.0007723,0.0008204,0.0008509,0.0008552,0.0009273,0.000963,0.001005,0.001042,0.001088,0.001135,0.001173,0.001221,0.0011328333333333307,0.0011698766666666642,0.0012155200000000042
-0.62,0.0007753,0.0008237,0.0008542,0.0008586,0.0009307,0.0009665,0.001009,0.001046,0.001091,0.001139,0.001177,0.001225,0.001136426666666667,0.0011734333333333318,0.0012189533333333315
-0.616,0.0007783,0.000827,0.0008575,0.0008619,0.0009342,0.0009701,0.001013,0.001049,0.001095,0.001143,0.001181,0.00123,0.001140480000000003,0.0011777399999999946,0.001224020000000003
-0.612,0.0007814,0.0008302,0.0008608,0.0008652,0.0009375,0.0009736,0.001017,0.001053,0.001099,0.001147,0.001185,0.001234,0.001145066666666671,0.0011823833333333292,0.0012286800000000059
-0.608,0.0007844,0.0008336,0.000864,0.0008686,0.0009408,0.0009771,0.00102,0.001057,0.001103,0.001151,0.001189,0.001238,0.0011486666666666726,0.0011850833333333305,0.001229920000000002
-0.604,0.0007872,0.0008368,0.000867,0.000872,0.0009443,0.0009806,0.001024,0.001061,0.001107,0.001155,0.001193,0.001243,0.0011531466666666699,0.0011910799999999995,0.0012387499999999968
-0.6,0.0007899,0.0008398,0.0008702,0.0008753,0.0009476,0.000984,0.001027,0.001064,0.001111,0.001159,0.001197,0.001247,0.0011578800000000022,0.0011956066666666688,0.0012441133333333317
-0.596,0.0007922,0.0008427,0.0008732,0.0008786,0.0009511,0.0009875,0.001031,0.001068,0.001114,0.001164,0.001201,0.001251,0.0011626833333333332,0.0012001666666666695,0.0012480900000000003
-0.592,0.0007943,0.0008455,0.0008761,0.0008818,0.0009544,0.000991,0.001035,0.001072,0.001118,0.001168,0.001206,0.001256,0.0011662566666666675,0.0012046100000000003,0.0012530433333333296
-0.588,0.0007962,0.0008479,0.0008788,0.000885,0.0009578,0.0009945,0.001038,0.001075,0.001122,0.001171,0.00121,0.00126,0.0011701733333333323,0.0012084533333333292,0.0012565033333333305
-0.584,0.0007982,0.0008503,0.0008813,0.0008882,0.0009611,0.000998,0.001042,0.001079,0.001126,0.001176,0.001214,0.001264,0.0011747866666666693,0.0012124199999999968,0.0012619499999999943
-0.58,0.0007999,0.0008524,0.0008837,0.0008914,0.0009643,0.001001,0.001046,0.001083,0.00113,0.00118,0.001218,0.001269,0.0011789966666666673,0.0012167966666666644,0.0012660300000000028
-0.576,0.0008014,0.0008543,0.0008861,0.0008946,0.0009675,0.001005,0.001049,0.001087,0.001134,0.001184,0.001222,0.001273,0.0011829033333333357,0.0012209533333333337,0.001271010000000005
-0.572,0.0008027,0.0008558,0.0008884,0.0008979,0.0009707,0.001009,0.001053,0.001091,0.001138,0.001188,0.001226,0.001278,0.001186900000000004,0.001224093333333335,0.0012727640000000013
-0.568,0.0008036,0.0008572,0.0008906,0.0009011,0.000974,0.001012,0.001057,0.001095,0.001142,0.001192,0.001231,0.001283,0.001190056666666672,0.0012284566666666647,0.001277252666666664
-0.564,0.0008045,0.0008585,0.0008928,0.0009045,0.0009773,0.001016,0.001061,0.001099,0.001146,0.001197,0.001235,0.001287,0.001195673333333337,0.0012340199999999937,0.0012854566666666636
-0.56,0.0008056,0.0008597,0.000895,0.0009078,0.0009806,0.00102,0.001065,0.001103,0.00115,0.001201,0.001239,0.001292,0.0011992966666666707,0.0012369299999999961,0.0012889600000000002
-0.556,0.0008066,0.000861,0.0008974,0.0009112,0.0009839,0.001023,0.001068,0.001107,0.001154,0.001205,0.001244,0.001297,0.0012034533333333377,0.0012418433333333354,0.001294349999999999
-0.552,0.0008076,0.0008623,0.0008996,0.0009148,0.0009874,0.001027,0.001073,0.001111,0.001158,0.00121,0.001249,0.001302,0.0012082199999999968,0.0012467433333333343,0.0012994600000000055
-0.548,0.0008087,0.0008637,0.0009018,0.0009184,0.0009909,0.001031,0.001077,0.001115,0.001163,0.001215,0.001253,0.001307,0.0012132366666666684,0.0012512033333333349,0.0013040400000000024
-0.544,0.0008096,0.0008651,0.0009043,0.0009221,0.0009944,0.001035,0.001081,0.00112,0.001167,0.001219,0.001258,0.001312,0.0012172366666666717,0.001255819999999998,0.001309433333333331
-0.54,0.0008109,0.0008667,0.000907,0.0009258,0.0009981,0.001039,0.001085,0.001124,0.001172,0.001224,0.001263,0.001317,0.0012215833333333358,0.0012599866666666668,0.0013131966666666709
-0.536,0.0008126,0.0008685,0.0009098,0.0009295,0.001002,0.001043,0.001089,0.001129,0.001177,0.001229,0.001268,0.001322,0.0012260533333333314,0.0012639366666666633,0.0013156266666666631
-0.532,0.0008144,0.0008706,0.0009128,0.0009334,0.001006,0.001047,0.001094,0.001134,0.001182,0.001234,0.001273,0.001328,0.0012324433333333374,0.0012709266666666701,0.001320156333333329
-0.528,0.0008162,0.0008727,0.0009159,0.0009372,0.00101,0.001051,0.001099,0.001138,0.001186,0.001239,0.001278,0.001333,0.0012356066666666646,0.0012720966666666682,0.0013183766666666598
-0.524,0.0008179,0.0008748,0.0009188,0.0009411,0.001014,0.001056,0.001103,0.001143,0.001191,0.001244,0.001283,0.001339,0.0012399200000000022,0.0012764199999999984,0.0013264366666666633
-0.52,0.0008191,0.000877,0.0009219,0.0009451,0.001018,0.00106,0.001108,0.001148,0.001196,0.001249,0.001288,0.001344,0.001246183333333333,0.0012823800000000029,0.0013314800000000045
-0.516,0.00082,0.0008788,0.0009248,0.0009492,0.001022,0.001065,0.001113,0.001153,0.001201,0.001254,0.001293,0.00135,0.0012524633333333307,0.0012907299999999956,0.0013443433333333364
-0.512,0.0008207,0.0008806,0.0009276,0.000953,0.001026,0.001069,0.001117,0.001158,0.001207,0.001259,0.001299,0.001355,0.0012573400000000026,0.0012956066666666636,0.001350376666666666
-0.508,0.0008213,0.0008822,0.0009303,0.0009569,0.001031,0.001074,0.001122,0.001164,0.001212,0.001265,0.001304,0.001361,0.0012628833333333343,0.0013014033333333377,0.0013569266666666675
-0.504,0.0008217,0.0008836,0.0009331,0.0009606,0.001035,0.001079,0.001127,0.001169,0.001217,0.00127,0.00131,0.001367,0.001267156666666663,0.0013064599999999974,0.0013612900000000033
-0.5,0.0008222,0.0008849,0.0009357,0.0009641,0.001039,0.001083,0.001132,0.001174,0.001222,0.001276,0.001315,0.001373,0.0012743733333333317,0.0013123400000000039,0.0013660500000000056
-0.496,0.0008223,0.0008862,0.0009382,0.0009674,0.001043,0.001088,0.001137,0.001179,0.001227,0.001281,0.001321,0.001378,0.001277873333333329,0.0013165666666666682,0.001372263333333331
-0.492,0.0008222,0.0008873,0.0009405,0.0009707,0.001047,0.001092,0.001142,0.001184,0.001233,0.001287,0.001326,0.001384,0.001283649999999997,0.0013221666666666646,0.0013778733333333314
-0.488,0.0008223,0.0008883,0.0009428,0.0009737,0.001051,0.001096,0.001147,0.001189,0.001238,0.001292,0.001331,0.00139,0.0012908166666666672,0.001330763333333338,0.0013881500000000016
-0.484,0.0008225,0.0008892,0.000945,0.0009768,0.001055,0.0011,0.001151,0.001194,0.001243,0.001297,0.001337,0.001396,0.0012958166666666654,0.0013364899999999966,0.0013941500000000037
-0.48,0.0008227,0.0008899,0.000947,0.0009799,0.001058,0.001105,0.001156,0.001199,0.001248,0.001302,0.001343,0.001402,0.0012998066666666701,0.0013399099999999967,0.0013979733333333352
-0.476,0.0008232,0.0008907,0.0009489,0.000983,0.001062,0.001109,0.00116,0.001203,0.001253,0.001308,0.001348,0.001407,0.0013045366666666629,0.0013455066666666672,0.0014008766666666634
-0.472,0.0008238,0.0008916,0.0009508,0.0009862,0.001065,0.001113,0.001164,0.001208,0.001258,0.001313,0.001353,0.001413,0.001310906666666669,0.0013512699999999969,0.0014089266666666646
-0.468,0.0008244,0.0008927,0.0009528,0.0009894,0.001068,0.001117,0.001168,0.001212,0.001262,0.001318,0.001359,0.001419,0.0013159633333333334,0.0013564833333333324,0.0014150033333333331
-0.464,0.0008251,0.0008939,0.0009547,0.0009926,0.001072,0.00112,0.001172,0.001217,0.001267,0.001323,0.001363,0.001424,0.0013201300000000016,0.0013601633333333355,0.0014191099999999956
-0.46,0.0008261,0.0008953,0.0009568,0.0009958,0.001075,0.001124,0.001177,0.001221,0.001272,0.001328,0.001369,0.00143,0.0013259466666666645,0.0013664300000000031,0.0014267033333333274
-0.456,0.0008271,0.0008969,0.000959,0.0009991,0.001078,0.001128,0.001181,0.001226,0.001276,0.001333,0.001374,0.001435,0.001331073333333327,0.0013716399999999958,0.0014321166666666698
-0.452,0.0008284,0.0008987,0.0009615,0.001003,0.001082,0.001132,0.001186,0.00123,0.001281,0.001338,0.001379,0.001441,0.0013367533333333349,0.00137865666666667,0.0014389133333333399
-0.448,0.0008299,0.0009005,0.0009641,0.001006,0.001085,0.001136,0.00119,0.001235,0.001286,0.001343,0.001385,0.001447,0.0013415766666666654,0.0013841133333333398,0.0014445033333333299
-0.444,0.0008314,0.0009024,0.0009668,0.00101,0.001089,0.00114,0.001194,0.001239,0.001291,0.001348,0.00139,0.001452,0.001347293333333334,0.0013893966666666674,0.0014503600000000034
-0.44,0.000833,0.0009044,0.0009694,0.001013,0.001092,0.001144,0.001198,0.001244,0.001296,0.001353,0.001395,0.001458,0.0013500133333333303,0.001392219999999996,0.001452526666666669
-0.436,0.0008346,0.0009066,0.0009722,0.001017,0.001096,0.001148,0.001203,0.001249,0.0013,0.001358,0.001401,0.001463,0.001352453333333338,0.0013942133333333323,0.0014516399999999973
-0.432,0.0008362,0.000909,0.000975,0.001021,0.0011,0.001152,0.001207,0.001253,0.001305,0.001363,0.001406,0.001469,0.0013602566666666691,0.0014046800000000028,0.0014629466666666647
-0.428,0.000838,0.0009114,0.0009779,0.001025,0.001103,0.001156,0.001211,0.001258,0.00131,0.001368,0.001411,0.001475,0.0013649333333333297,0.0014095066666666648,0.001468670000000001
-0.424,0.0008399,0.0009138,0.0009809,0.001029,0.001107,0.00116,0.001216,0.001263,0.001315,0.001374,0.001417,0.00148,0.0013705133333333267,0.001413183333333333,0.0014711266666666619
-0.42,0.000842,0.000916,0.000984,0.001033,0.001111,0.001164,0.00122,0.001268,0.00132,0.001379,0.001422,0.001486,0.0013760900000000021,0.001421019999999997,0.0014799499999999933
-0.416,0.0008442,0.0009185,0.0009872,0.001037,0.001115,0.001168,0.001225,0.001273,0.001325,0.001384,0.001427,0.001492,0.0013812399999999989,0.0014238633333333377,0.0014865066666666614
-0.412,0.0008463,0.0009209,0.0009903,0.001041,0.001119,0.001173,0.00123,0.001278,0.00133,0.00139,0.001433,0.001498,0.00138943,0.001432840000000003,0.0014953999999999996
-0.408,0.0008483,0.0009235,0.0009935,0.001045,0.001123,0.001177,0.001235,0.001283,0.001335,0.001395,0.001438,0.001504,0.0013904999999999972,0.001431946666666666,0.0014937700000000021
-0.404,0.0008506,0.0009262,0.0009968,0.001049,0.001127,0.001181,0.00124,0.001288,0.001341,0.0014,0.001444,0.001509,0.0013964500000000052,0.001438610000000001,0.0015006466666666626
-0.4,0.0008531,0.0009291,0.001,0.001054,0.001131,0.001186,0.001244,0.001293,0.001346,0.001406,0.00145,0.001515,0.001403616666666672,0.001446346666666671,0.0015103266666666596
-0.396,0.0008559,0.0009319,0.001004,0.001058,0.001135,0.001191,0.001249,0.001299,0.001351,0.001412,0.001456,0.001521,0.0014080000000000065,0.0014503100000000065,0.0015138599999999938
-0.392,0.0008587,0.0009351,0.001008,0.001063,0.00114,0.001196,0.001255,0.001304,0.001357,0.001417,0.001462,0.001528,0.001413670000000003,0.0014560366666666723,0.0015201366666666577
-0.388,0.0008619,0.0009385,0.001012,0.001068,0.001145,0.001201,0.00126,0.00131,0.001363,0.001423,0.001468,0.001534,0.001417033333333338,0.0014600233333333388,0.001523473333333327
-0.384,0.0008654,0.000942,0.001016,0.001073,0.00115,0.001206,0.001266,0.001316,0.001369,0.001429,0.001474,0.001541,0.001420780000000008,0.0014633333333333265,0.001525010000000003
-0.38,0.0008693,0.000946,0.001021,0.001077,0.001155,0.001211,0.001271,0.001322,0.001375,0.001435,0.00148,0.001547,0.0014303400000000063,0.0014741066666666609,0.001538540000000006
-0.376,0.0008737,0.0009502,0.001026,0.001083,0.001161,0.001217,0.001277,0.001328,0.001381,0.001442,0.001486,0.001554,0.001436593333333335,0.0014794699999999938,0.0015444133333333348
-0.372,0.0008784,0.0009547,0.001031,0.001088,0.001166,0.001223,0.001284,0.001334,0.001387,0.001448,0.001493,0.00156,0.001443403333333336,0.0014862433333333368,0.001549940000000003
-0.368,0.0008834,0.0009596,0.001036,0.001094,0.001172,0.001229,0.00129,0.001341,0.001393,0.001454,0.0015,0.001567,0.0014407733333333375,0.0014819600000000016,0.001540443333333332
-0.364,0.0008889,0.0009647,0.001042,0.001099,0.001178,0.001235,0.001296,0.001347,0.0014,0.001461,0.001506,0.001574,0.0014541733333333319,0.0014978966666666677,0.0015620800000000039
-0.36,0.0008948,0.0009704,0.001048,0.001105,0.001184,0.001241,0.001302,0.001354,0.001407,0.001468,0.001513,0.001581,0.0014616566666666708,0.001504619999999995,0.001569676666666667
-0.356,0.0009014,0.0009764,0.001054,0.001111,0.001191,0.001248,0.001309,0.001361,0.001413,0.001474,0.00152,0.001588,0.001462766666666662,0.0015031266666666698,0.001563913333333328
-0.352,0.0009085,0.000983,0.001061,0.001118,0.001198,0.001254,0.001316,0.001368,0.00142,0.001481,0.001527,0.001595,0.0014730966666666695,0.001517716666666667,0.0015801933333333374
-0.348,0.0009161,0.0009899,0.001067,0.001124,0.001205,0.001261,0.001323,0.001375,0.001427,0.001488,0.001534,0.001602,0.001475936666666665,0.0015174933333333305,0.0015792599999999999
-0.344,0.0009242,0.0009971,0.001075,0.001131,0.001212,0.001268,0.00133,0.001382,0.001434,0.001495,0.001541,0.00161,0.0014803433333333386,0.0015219066666666676,0.0015802833333333323
-0.34,0.0009326,0.001005,0.001082,0.001137,0.001219,0.001275,0.001337,0.001389,0.001441,0.001502,0.001548,0.001617,0.0014914266666666703,0.0015295233333333291,0.0015846966666666618
-0.336,0.0009416,0.001013,0.00109,0.001144,0.001226,0.001283,0.001345,0.001396,0.001449,0.00151,0.001555,0.001624,0.0014928800000000052,0.0015311199999999913,0.001591676666666668
-0.332,0.0009514,0.001021,0.001098,0.001152,0.001234,0.00129,0.001352,0.001404,0.001456,0.001517,0.001563,0.001632,0.001500739999999997,0.0015407933333333272,0.001598226666666672
-0.328,0.0009617,0.00103,0.001106,0.001159,0.001242,0.001298,0.00136,0.001411,0.001463,0.001525,0.00157,0.00164,0.0015164499999999977,0.001561186666666668,0.0016219666666666616
-0.324,0.0009726,0.00104,0.001115,0.001167,0.001251,0.001307,0.001368,0.001419,0.001471,0.001532,0.001578,0.001648,0.0015214099999999943,0.00156119333333334,0.0016195399999999944
-0.32,0.0009842,0.00105,0.001124,0.001174,0.001259,0.001315,0.001376,0.001427,0.001478,0.00154,0.001585,0.001656,0.001531546666666663,0.0015696733333333374,0.001635696666666662
-0.316,0.0009965,0.001061,0.001134,0.001182,0.001268,0.001323,0.001385,0.001435,0.001486,0.001548,0.001593,0.001664,0.0015352766666666628,0.0015735666666666728,0.001634599999999999
-0.312,0.00101,0.001072,0.001144,0.00119,0.001277,0.001332,0.001393,0.001443,0.001494,0.001556,0.001601,0.001672,0.0015402666666666672,0.0015772366666666733,0.0016340566666666707
-0.308,0.001024,0.001084,0.001155,0.001199,0.001286,0.00134,0.001402,0.001452,0.001503,0.001564,0.001609,0.00168,0.0015557966666666712,0.0015973800000000078,0.0016584866666666716
-0.304,0.001039,0.001097,0.001166,0.001207,0.001295,0.001349,0.001411,0.00146,0.001511,0.001572,0.001617,0.001688,0.001560756666666672,0.0015996266666666633,0.0016612433333333405
-0.3,0.001055,0.00111,0.001177,0.001216,0.001305,0.001359,0.00142,0.001469,0.001519,0.00158,0.001625,0.001697,0.0015633133333333418,0.0015984566666666612,0.001653453333333337
-0.296,0.001072,0.001125,0.001189,0.001226,0.001315,0.001368,0.001429,0.001477,0.001528,0.001589,0.001634,0.001705,0.0015691400000000045,0.0016047366666666727,0.0016581466666666723
-0.292,0.001091,0.00114,0.001202,0.001235,0.001325,0.001378,0.001438,0.001486,0.001537,0.001598,0.001642,0.001714,0.0015785799999999965,0.001612256666666662,0.0016679599999999972
-0.288,0.001111,0.001156,0.001215,0.001245,0.001335,0.001388,0.001447,0.001496,0.001546,0.001607,0.001651,0.001723,0.0015881900000000062,0.0016198066666666714,0.0016745299999999927
-0.284,0.001132,0.001174,0.001229,0.001255,0.001346,0.001398,0.001457,0.001505,0.001555,0.001616,0.00166,0.001732,0.001600316666666671,0.0016319399999999977,0.0016889000000000036
-0.28,0.001155,0.001193,0.001244,0.001266,0.001357,0.001408,0.001467,0.001515,0.001564,0.001625,0.001669,0.001741,0.001613416666666663,0.0016469533333333265,0.001700563333333331
-0.276,0.00118,0.001212,0.001259,0.001277,0.001369,0.001419,0.001477,0.001524,0.001574,0.001634,0.001678,0.001751,0.001624416666666673,0.0016606333333333385,0.0016951233333333334
-0.272,0.001207,0.001234,0.001276,0.001289,0.001381,0.00143,0.001488,0.001534,0.001584,0.001644,0.001687,0.00176,0.001632796666666663,0.0016682799999999975,0.001664909999999996
-0.268,0.001237,0.001257,0.001293,0.001301,0.001393,0.001441,0.001499,0.001544,0.001594,0.001654,0.001697,0.00177,0.0016464033333333271,0.0016829500000000018,0.0016879099999999962
-0.264,0.001268,0.001282,0.001312,0.001314,0.001405,0.001453,0.00151,0.001555,0.001604,0.001664,0.001706,0.00178,0.0016574099999999987,0.001693096666666665,0.001698526666666668
-0.26,0.001303,0.001309,0.001331,0.001327,0.001419,0.001465,0.001521,0.001566,0.001614,0.001674,0.001716,0.00179,0.0016692166666666705,0.0017069066666666655,0.0017082900000000055
-0.256,0.00134,0.001338,0.001353,0.001341,0.001433,0.001478,0.001532,0.001577,0.001625,0.001684,0.001727,0.0018,0.001684066666666673,0.0017265133333333282,0.001747863333333341
-0.252,0.001381,0.001369,0.001375,0.001356,0.001447,0.001491,0.001544,0.001588,0.001636,0.001695,0.001737,0.001811,0.0016897700000000012,0.0017277733333333281,0.0017487733333333374
-0.248,0.001425,0.001403,0.001399,0.001371,0.001462,0.001504,0.001557,0.0016,0.001648,0.001706,0.001748,0.001821,0.0017072233333333309,0.0017552000000000054,0.0017922566666666684
-0.244,0.001472,0.001439,0.001425,0.001388,0.001478,0.001518,0.001569,0.001612,0.001659,0.001717,0.001759,0.001832,0.001713556666666672,0.0017558800000000041,0.0017970699999999972
-0.24,0.001523,0.001479,0.001453,0.001405,0.001495,0.001533,0.001583,0.001625,0.001671,0.001729,0.00177,0.001844,0.0017296799999999975,0.0017697499999999985,0.0018108200000000033
-0.236,0.001578,0.001521,0.001482,0.001423,0.001512,0.001548,0.001596,0.001637,0.001683,0.001741,0.001781,0.001855,0.0017381166666666633,0.0017691933333333287,0.0018207566666666682
-0.232,0.001636,0.001567,0.001514,0.001443,0.001531,0.001564,0.00161,0.001651,0.001696,0.001753,0.001793,0.001867,0.0017482433333333362,0.001780956666666664,0.0018281466666666684
-0.228,0.001699,0.001617,0.001548,0.001463,0.00155,0.001581,0.001625,0.001664,0.001709,0.001766,0.001805,0.001879,0.0017652233333333312,0.001795956666666666,0.0018352033333333363
-0.224,0.001766,0.00167,0.001585,0.001485,0.00157,0.001598,0.00164,0.001678,0.001723,0.001779,0.001817,0.001891,0.0017814733333333256,0.0018110000000000038,0.0018603899999999939
-0.22,0.001837,0.001727,0.001624,0.001508,0.001592,0.001616,0.001655,0.001693,0.001737,0.001792,0.00183,0.001904,0.0017938233333333361,0.001826863333333334,0.0018845233333333366
-0.216,0.001911,0.001788,0.001666,0.001532,0.001614,0.001635,0.001672,0.001708,0.001751,0.001805,0.001842,0.001916,0.0018032533333333326,0.0018370033333333384,0.0018922499999999979
-0.212,0.00199,0.001853,0.001711,0.001558,0.001638,0.001654,0.001689,0.001723,0.001766,0.001819,0.001856,0.001929,0.0018135433333333372,0.0018515600000000058,0.0019059499999999985
-0.208,0.002073,0.001923,0.001759,0.001585,0.001663,0.001675,0.001707,0.001739,0.001781,0.001834,0.001869,0.001943,0.0018322300000000022,0.0018662466666666722,0.0019205199999999933
-0.204,0.00216,0.001996,0.00181,0.001614,0.001689,0.001697,0.001725,0.001756,0.001797,0.001848,0.001883,0.001956,0.0018463066666666661,0.0018793966666666706,0.0019387433333333329
-0.2,0.00225,0.002073,0.001864,0.001644,0.001717,0.001719,0.001745,0.001773,0.001813,0.001864,0.001897,0.001971,0.001849659999999993,0.0018869899999999998,0.001930653333333329
-0.196,0.002344,0.002154,0.001921,0.001677,0.001746,0.001743,0.001765,0.001792,0.00183,0.00188,0.001913,0.001985,0.0018677766666666622,0.0019010933333333364,0.001947513333333334
-0.192,0.002441,0.002239,0.001981,0.00171,0.001777,0.001769,0.001787,0.001811,0.001848,0.001897,0.001928,0.002001,0.0018949166666666648,0.001917180000000001,0.001976019999999997
-0.188,0.002541,0.002327,0.002044,0.001746,0.00181,0.001796,0.00181,0.001831,0.001867,0.001914,0.001945,0.002017,0.0019045100000000038,0.001939429999999993,0.0019781400000000006
-0.184,0.002642,0.002418,0.00211,0.001784,0.001844,0.001825,0.001834,0.001852,0.001886,0.001933,0.001962,0.002033,0.0019139033333333334,0.001942650000000006,0.0019763099999999976
-0.18,0.002746,0.002512,0.002178,0.001825,0.001881,0.001855,0.001861,0.001874,0.001907,0.001952,0.00198,0.002051,0.00194393,0.001961066666666661,0.002010470000000007
-0.176,0.002851,0.002609,0.00225,0.001867,0.00192,0.001888,0.001889,0.001898,0.00193,0.001973,0.001999,0.002069,0.0019590333333333355,0.0019751366666666565,0.0020125399999999954
-0.172,0.002957,0.002707,0.002323,0.001913,0.001962,0.001923,0.001918,0.001924,0.001954,0.001995,0.002019,0.002088,0.0019890300000000045,0.0020073733333333264,0.002051633333333326
-0.168,0.003064,0.002807,0.0024,0.001961,0.002007,0.001961,0.001951,0.001952,0.001979,0.002019,0.002041,0.002108,0.0020127199999999965,0.0020311433333333297,0.00207175
-0.164,0.003171,0.002907,0.002478,0.002013,0.002055,0.002002,0.001986,0.001981,0.002006,0.002044,0.002064,0.00213,0.0020400733333333335,0.00206281333333333,0.0020911199999999993
-0.16,0.003277,0.003009,0.002558,0.002068,0.002107,0.002046,0.002024,0.002013,0.002036,0.002072,0.002088,0.002154,0.002063146666666667,0.002076156666666658,0.002105343333333329
-0.156,0.003383,0.00311,0.002641,0.002128,0.002163,0.002094,0.002066,0.002048,0.002069,0.002102,0.002115,0.002179,0.002093680000000004,0.002111769999999991,0.002134480000000002
-0.152,0.003487,0.003212,0.002726,0.002191,0.002224,0.002148,0.002113,0.002086,0.002105,0.002135,0.002144,0.002206,0.0021276466666666667,0.0021338799999999995,0.0021575633333333383
-0.148,0.003591,0.003313,0.002813,0.00226,0.002291,0.002206,0.002164,0.002129,0.002144,0.002171,0.002176,0.002236,0.0021717200000000015,0.0021985633333333338,0.002188230000000006
-0.144,0.003692,0.003413,0.002901,0.002334,0.002363,0.002269,0.00222,0.002175,0.002187,0.00221,0.00221,0.002269,0.002198560000000004,0.0022111333333333385,0.00221118333333333
-0.14,0.00379,0.003512,0.00299,0.002413,0.00244,0.002338,0.002281,0.002225,0.002234,0.002253,0.002248,0.002304,0.0022438433333333272,0.0022478566666666753,0.0022499766666666545
-0.136,0.003885,0.003609,0.00308,0.002497,0.002523,0.002413,0.002347,0.00228,0.002285,0.002299,0.002288,0.002342,0.0022937400000000076,0.002285089999999996,0.0022963866666666608
-0.132,0.003976,0.003704,0.003172,0.002587,0.002611,0.002492,0.002418,0.002338,0.00234,0.00235,0.002332,0.002383,0.0023313999999999982,0.0023091566666666656,0.0022905933333333406
-0.128,0.004062,0.003796,0.003264,0.00268,0.002703,0.002576,0.002493,0.0024,0.002399,0.002404,0.002378,0.002428,0.0023870599999999955,0.0023745833333333284,0.0023554099999999975
-0.124,0.004144,0.003886,0.003356,0.002778,0.002798,0.002662,0.002571,0.002464,0.002461,0.00246,0.002428,0.002475,0.002441806666666672,0.0024103499999999956,0.0023994066666666682
-0.12,0.004221,0.003973,0.003448,0.002878,0.002894,0.002749,0.002649,0.002529,0.002524,0.002519,0.002479,0.002525,0.0024971566666666762,0.002464820000000003,0.002416426666666668
-0.116,0.004291,0.004055,0.003538,0.002979,0.00299,0.002836,0.002727,0.002592,0.002588,0.002579,0.002531,0.002577,0.0025803566666666635,0.00255321999999999,0.0024727866666666774
-0.112,0.004355,0.004133,0.003626,0.00308,0.003082,0.00292,0.002803,0.002653,0.002651,0.002639,0.002584,0.002631,0.0026422833333333232,0.0026026666666666668,0.002530606666666677
-0.108,0.004412,0.004206,0.003711,0.00318,0.00317,0.003,0.002876,0.002711,0.002712,0.002699,0.002637,0.002684,0.0026975533333333367,0.0026469133333333382,0.0025926166666666757
-0.104,0.00446,0.004272,0.00379,0.003278,0.003251,0.003075,0.002945,0.002767,0.002772,0.002757,0.002689,0.002738,0.0027644500000000025,0.0026840733333333465,0.0026769433333333377
-0.1,0.0045,0.004331,0.003863,0.003372,0.003326,0.003144,0.003008,0.00282,0.002829,0.002814,0.002739,0.002791,0.0027946033333333285,0.002702270000000011,0.0026919933333333316
-0.096,0.004531,0.004383,0.003927,0.003462,0.003394,0.003207,0.003066,0.002871,0.002884,0.002868,0.002788,0.002843,0.002878709999999992,0.0028286900000000083,0.0026864533333333398
-0.092,0.00455,0.004425,0.003983,0.003546,0.003455,0.003265,0.003119,0.002919,0.002936,0.00292,0.002836,0.002894,0.002935113333333338,0.002864266666666661,0.0028399766666666612
-0.088,0.004557,0.004456,0.004029,0.003624,0.003509,0.003317,0.003168,0.002964,0.002985,0.002969,0.002882,0.002943,0.002972546666666668,0.0028918800000000086,0.002916800000000006
-0.084,0.004551,0.004476,0.004064,0.003695,0.003557,0.003364,0.003212,0.003004,0.003032,0.003016,0.002926,0.00299,0.0030118100000000054,0.002929036666666661,0.002957133333333347
-0.08,0.004526,0.004483,0.004088,0.003759,0.003598,0.003406,0.003251,0.00304,0.003075,0.00306,0.002968,0.003035,0.003043923333333321,0.002960233333333327,0.002986660000000008
-0.076,0.004479,0.004475,0.0041,0.003815,0.003632,0.003442,0.003285,0.003071,0.003114,0.0031,0.003006,0.003077,0.003104776666666655,0.003018436666666656,0.003081456666666669
-0.072,0.004405,0.00445,0.004099,0.003863,0.003657,0.003472,0.003312,0.003095,0.003149,0.003137,0.003042,0.003116,0.003135716666666649,0.003045329999999995,0.0030986000000000065
-0.068,0.004295,0.004406,0.004082,0.003903,0.003673,0.003494,0.003331,0.003112,0.003179,0.00317,0.003074,0.003152,0.003171259999999997,0.003081773333333342,0.0031301333333333473
-0.064,0.004141,0.004341,0.004048,0.003933,0.003675,0.003506,0.003342,0.003121,0.003203,0.003199,0.003102,0.003183,0.00320084666666665,0.0031046700000000134,0.0031850300000000175
-0.06,0.003943,0.004252,0.003992,0.003953,0.003662,0.003507,0.003343,0.003123,0.003221,0.003223,0.003126,0.00321,0.003227249999999991,0.003134286666666657,0.0032135533333333436
-0.056,0.00372,0.004142,0.003915,0.003962,0.003633,0.003496,0.003335,0.003118,0.003232,0.003241,0.003145,0.00323,0.0032421566666666767,0.003151096666666657,0.0032306866666666554
-0.052,0.003507,0.00401,0.003819,0.003962,0.00359,0.003474,0.00332,0.003108,0.003237,0.003254,0.00316,0.003246,0.003252713333333327,0.0031609066666666795,0.003245209999999992
-0.048,0.003341,0.003859,0.003708,0.003954,0.003533,0.003442,0.003299,0.003097,0.003237,0.003263,0.003171,0.003257,0.00326253666666667,0.0031709666666666783,0.0032546766666666565
-0.044,0.00324,0.003696,0.00359,0.003938,0.003467,0.003402,0.003276,0.003086,0.003234,0.003269,0.003179,0.003263,0.00326778666666666,0.0031776933333333437,0.0032587400000000074
-0.04,0.003198,0.003541,0.003476,0.003914,0.003397,0.003359,0.003253,0.003078,0.003228,0.003271,0.003185,0.003267,0.003269466666666675,0.0031813266666666645,0.0032588966666666774
-0.036,0.003193,0.003415,0.003381,0.003878,0.003332,0.003316,0.003231,0.003075,0.003222,0.003271,0.003189,0.003268,0.0032692600000000117,0.0031859033333333283,0.0032613100000000116
-0.032,0.003204,0.003337,0.003317,0.003829,0.003282,0.003279,0.003214,0.003076,0.003218,0.003271,0.003192,0.003269,0.00326910666666668,0.003190816666666653,0.0032658966666666623
-0.028,0.003223,0.003309,0.003289,0.003769,0.003254,0.003256,0.003204,0.003082,0.003218,0.003272,0.003197,0.003271,0.003269150000000017,0.0031948799999999993,0.003265873333333344
-0.024,0.003246,0.003317,0.003292,0.003702,0.00325,0.003247,0.003203,0.00309,0.003221,0.003274,0.003203,0.003274,0.003272516666666668,0.003201333333333321,0.0032652933333333365
-0.02,0.003272,0.003345,0.003314,0.003638,0.003263,0.003253,0.003209,0.003102,0.003228,0.00328,0.003211,0.003279,0.0032782599999999886,0.0032073899999999892,0.003275636666666676
-0.016,0.0033,0.00338,0.003345,0.003586,0.003288,0.00327,0.003222,0.003115,0.003238,0.003287,0.00322,0.003287,0.0032846400000000092,0.0032146333333333316,0.0032819333333333465
-0.012,0.003331,0.003417,0.003379,0.003556,0.003317,0.003293,0.00324,0.003129,0.00325,0.003296,0.003231,0.003295,0.0032904099999999923,0.003221139999999993,0.003281126666666683
-0.008,0.003364,0.003455,0.003413,0.00355,0.003348,0.00332,0.00326,0.003144,0.003264,0.003308,0.003242,0.003306,0.003304056666666652,0.0032322399999999947,0.0032949466666666784
-0.004,0.0034,0.003492,0.003446,0.003566,0.003378,0.003347,0.003282,0.00316,0.003279,0.00332,0.003254,0.003317,0.0033167999999999913,0.003246743333333324,0.0033092433333333426
0.0,0.003436,0.003528,0.003478,0.003595,0.003408,0.003375,0.003304,0.003175,0.003293,0.003332,0.003265,0.003327,0.0033310133333333356,0.003261789999999989,0.0033223399999999944
0.004,0.003471,0.003563,0.003507,0.00363,0.003437,0.003402,0.003326,0.00319,0.003307,0.003345,0.003276,0.003338,0.003343263333333346,0.003271886666666649,0.003331176666666652
0.008,0.003506,0.003596,0.003535,0.003665,0.003466,0.003429,0.003348,0.003206,0.003321,0.003357,0.003286,0.003348,0.0033563966666666856,0.0032833233333333365,0.0033430733333333364
0.012,0.003539,0.003627,0.003561,0.0037,0.003494,0.003455,0.00337,0.003222,0.003335,0.003369,0.003296,0.003358,0.00336859999999999,0.0032928066666666617,0.0033540633333333223
0.016,0.003569,0.003656,0.003584,0.003733,0.003522,0.003481,0.00339,0.003238,0.003349,0.003381,0.003305,0.003368,0.003380693333333323,0.003300863333333335,0.00336229000000001
0.02,0.003596,0.003683,0.003605,0.003763,0.003548,0.003504,0.003409,0.003254,0.003362,0.003393,0.003313,0.003376,0.0033935566666666557,0.003310810000000006,0.0033725366666666834
0.024,0.003619,0.003707,0.003623,0.003791,0.003573,0.003527,0.003427,0.003269,0.003373,0.003403,0.003321,0.003383,0.0034029800000000086,0.003317800000000007,0.0033788266666666816
0.028,0.003638,0.003728,0.003639,0.003815,0.003595,0.003547,0.003442,0.003282,0.003384,0.003413,0.003327,0.00339,0.0034125100000000027,0.003324443333333328,0.00338599333333334
0.032,0.003653,0.003745,0.003653,0.003836,0.003615,0.003565,0.003456,0.003294,0.003393,0.003421,0.003332,0.003394,0.003421486666666665,0.0033307066666666673,0.0033917100000000018
0.036,0.003663,0.003758,0.003665,0.003854,0.003633,0.003581,0.003467,0.003305,0.003401,0.003428,0.003336,0.003397,0.0034284633333333233,0.003335079999999999,0.003395249999999994
0.04,0.003666,0.003766,0.003673,0.003867,0.003646,0.003594,0.003475,0.003313,0.003408,0.003432,0.003338,0.003398,0.0034319633333333263,0.003337556666666649,0.0033939733333333347
0.044,0.003664,0.00377,0.003677,0.003876,0.003655,0.003604,0.003481,0.003319,0.003412,0.003435,0.003338,0.003396,0.0034336966666666598,0.0033373766666666507,0.003392473333333322
0.048,0.003656,0.003767,0.003677,0.00388,0.003659,0.003609,0.003482,0.003322,0.003414,0.003435,0.003336,0.003392,0.0034339699999999945,0.003335213333333331,0.003391776666666655
0.052,0.003641,0.003759,0.003671,0.003878,0.003659,0.00361,0.003481,0.003322,0.003414,0.003433,0.003331,0.003387,0.003432486666666672,0.003332099999999988,0.003388566666666672
0.056,0.003619,0.003744,0.00366,0.003871,0.003653,0.003605,0.003475,0.003317,0.00341,0.003428,0.003325,0.00338,0.0034278533333333247,0.0033272000000000063,0.0033833366666666787
0.06,0.003589,0.003722,0.003642,0.003857,0.00364,0.003595,0.003464,0.003309,0.003403,0.00342,0.003315,0.003369,0.003420673333333321,0.003318713333333323,0.0033740866666666586
0.064,0.003551,0.003693,0.003617,0.003837,0.003621,0.003578,0.003447,0.003295,0.003391,0.003408,0.003303,0.003356,0.0034075699999999887,0.003305903333333316,0.0033604500000000118
0.068,0.003503,0.003656,0.003586,0.003809,0.003595,0.003555,0.003425,0.003276,0.003376,0.003393,0.003287,0.00334,0.003393749999999988,0.0032932266666666765,0.0033481066666666754
0.072,0.003444,0.00361,0.003545,0.003773,0.00356,0.003524,0.003395,0.003251,0.003356,0.003373,0.003268,0.00332,0.0033745133333333184,0.0032768366666666823,0.003331523333333331
0.076,0.003376,0.003555,0.003497,0.003729,0.003518,0.003485,0.003359,0.00322,0.003331,0.00335,0.003245,0.003297,0.0033523299999999915,0.003255746666666682,0.003310299999999995
0.08,0.003298,0.00349,0.00344,0.003676,0.003467,0.003439,0.003315,0.003183,0.0033,0.003321,0.003218,0.003271,0.003326690000000007,0.003233916666666682,0.0032889733333333433
0.084,0.003209,0.003416,0.003374,0.003614,0.003408,0.003384,0.003265,0.003139,0.003263,0.003288,0.003187,0.003241,0.0032940966666666544,0.0032015066666666804,0.0032587166666666846
0.088,0.003111,0.003332,0.0033,0.003542,0.00334,0.003321,0.003207,0.00309,0.003221,0.00325,0.003153,0.003207,0.00326123999999999,0.0031723866666666565,0.0032301999999999934
0.092,0.003004,0.003239,0.003216,0.003461,0.003265,0.003251,0.003142,0.003035,0.003173,0.003208,0.003114,0.00317,0.003204066666666661,0.0031294333333333198,0.003161320000000004
0.096,0.002889,0.003136,0.003125,0.003371,0.003181,0.003173,0.003072,0.002976,0.003121,0.003161,0.003072,0.003129,0.0031574366666666585,0.003093893333333325,0.003112460000000012
0.1,0.002766,0.003025,0.003025,0.003272,0.00309,0.003089,0.002995,0.002912,0.003065,0.00311,0.003026,0.003085,0.003099453333333317,0.003045686666666653,0.003032633333333335
0.104,0.002638,0.002906,0.002918,0.003165,0.002993,0.002998,0.002914,0.002845,0.003004,0.003055,0.002976,0.003038,0.003053016666666671,0.002989179999999989,0.0029839066666666617
0.108,0.002505,0.002781,0.002805,0.003051,0.00289,0.002903,0.002829,0.002776,0.002941,0.002997,0.002924,0.002988,0.003009713333333346,0.0029707433333333376,0.002925139999999996
0.112,0.002371,0.002651,0.002687,0.00293,0.002782,0.002803,0.002741,0.002706,0.002875,0.002936,0.002871,0.002937,0.002928550000000012,0.0028713833333333266,0.002878986666666662
0.116,0.002236,0.002519,0.002567,0.002806,0.002672,0.002701,0.002651,0.002635,0.002808,0.002874,0.002815,0.002886,0.0028431466666666736,0.002783156666666673,0.0028297700000000123
0.12,0.002104,0.002385,0.002445,0.002678,0.00256,0.002597,0.00256,0.002565,0.002741,0.002811,0.002759,0.002833,0.0027778200000000038,0.002750053333333325,0.0027710099999999883
0.124,0.001976,0.002253,0.002324,0.00255,0.002449,0.002493,0.00247,0.002496,0.002674,0.002747,0.002703,0.002778,0.0027051666666666795,0.0026889800000000044,0.0026710599999999873
0.128,0.001854,0.002125,0.002205,0.002423,0.002339,0.00239,0.002381,0.002429,0.002607,0.002684,0.002647,0.002722,0.002636573333333343,0.002621503333333324,0.002613260000000003
0.132,0.001739,0.002002,0.002091,0.002299,0.002233,0.002291,0.002295,0.002363,0.002542,0.002622,0.002592,0.002666,0.0025540333333333395,0.0025523033333333385,0.0025489533333333246
0.136,0.001633,0.001886,0.001982,0.002179,0.002131,0.002194,0.002211,0.0023,0.002478,0.002562,0.002538,0.002611,0.0024957466666666608,0.0025003900000000077,0.002511883333333334
0.14,0.001535,0.001778,0.001879,0.002066,0.002035,0.002103,0.002132,0.002241,0.002417,0.002503,0.002487,0.002558,0.002413573333333336,0.002425590000000007,0.0024321399999999924
0.144,0.001446,0.001678,0.001784,0.001959,0.001945,0.002017,0.002057,0.002184,0.002359,0.002445,0.002437,0.002506,0.0023741600000000006,0.002387940000000007,0.0024103466666666714
0.148,0.001365,0.001587,0.001696,0.001861,0.00186,0.001936,0.001987,0.00213,0.002303,0.002388,0.002387,0.002457,0.0023120166666666564,0.002329156666666664,0.0023699066666666726
0.152,0.001292,0.001504,0.001615,0.00177,0.001783,0.001862,0.001921,0.00208,0.00225,0.002334,0.002339,0.002411,0.0022780233333333246,0.002299836666666657,0.0023288800000000093
0.156,0.001227,0.001429,0.001542,0.001687,0.001712,0.001793,0.001861,0.002033,0.0022,0.002283,0.002293,0.002368,0.0022353466666666707,0.0022572099999999943,0.0022990500000000043
0.16,0.001168,0.001361,0.001475,0.001613,0.001647,0.00173,0.001805,0.00199,0.002153,0.002236,0.002251,0.002326,0.0021883466666666744,0.0022177733333333346,0.0022625066666666738
0.164,0.001116,0.001301,0.001415,0.001545,0.001588,0.001673,0.001754,0.001949,0.002109,0.002191,0.002211,0.002287,0.002144833333333341,0.0021710733333333296,0.0022121500000000047
0.168,0.001069,0.001247,0.001362,0.001484,0.001534,0.00162,0.001706,0.00191,0.002068,0.002149,0.002173,0.002248,0.002112546666666668,0.0021517599999999913,0.0022103333333333406
0.172,0.001028,0.001199,0.001313,0.00143,0.001486,0.001573,0.001663,0.001875,0.002029,0.002109,0.002138,0.002211,0.002087303333333347,0.002128709999999991,0.002214459999999997
0.176,0.0009912,0.001156,0.00127,0.00138,0.001442,0.00153,0.001624,0.001841,0.001993,0.002074,0.002105,0.002176,0.0020639333333333423,0.002102356666666675,0.002175329999999998
0.18,0.0009584,0.001118,0.001231,0.001337,0.001402,0.00149,0.001588,0.00181,0.001957,0.002041,0.002074,0.002143,0.0020323499999999983,0.00207634333333334,0.002155523333333337
0.184,0.0009293,0.001084,0.001195,0.001297,0.001366,0.001454,0.001554,0.001781,0.001923,0.002009,0.002045,0.002112,0.001999646666666665,0.002047116666666668,0.002126206666666668
0.188,0.0009033,0.001053,0.001164,0.001262,0.001334,0.001422,0.001524,0.001754,0.001892,0.00198,0.002018,0.002082,0.001970599999999996,0.002025370000000001,0.0021141999999999966
0.192,0.0008797,0.001026,0.001135,0.00123,0.001304,0.001393,0.001496,0.001728,0.001862,0.00195,0.001991,0.002054,0.001939366666666668,0.0019913833333333355,0.00207326
0.196,0.0008587,0.001001,0.001109,0.001202,0.001277,0.001366,0.00147,0.001704,0.001835,0.001922,0.001965,0.002027,0.0019057166666666622,0.001969789999999998,0.0020766433333333323
0.2,0.0008396,0.0009793,0.001086,0.001176,0.001253,0.001341,0.001446,0.001681,0.00181,0.001896,0.00194,0.002001,0.0018699566666666703,0.0019286300000000008,0.0020224099999999958
0.204,0.0008227,0.0009593,0.001065,0.001153,0.001231,0.001318,0.001425,0.001659,0.001786,0.00187,0.001916,0.001976,0.0018531966666666681,0.0019204566666666638,0.002042033333333327
0.208,0.0008074,0.0009411,0.001045,0.001132,0.001211,0.001298,0.001404,0.001638,0.001762,0.001846,0.001892,0.001952,0.0018264400000000043,0.0018723333333333348,0.001939923333333331
0.212,0.0007935,0.0009246,0.001028,0.001113,0.001192,0.001278,0.001385,0.001618,0.001741,0.001823,0.00187,0.001929,0.001812550000000006,0.0018559366666666677,0.0019150199999999969
0.216,0.0007809,0.0009098,0.001012,0.001096,0.001175,0.001261,0.001368,0.001599,0.001721,0.001801,0.001848,0.001907,0.0017903300000000023,0.0018455366666666703,0.0019379833333333304
0.22,0.0007694,0.0008964,0.0009975,0.00108,0.00116,0.001245,0.001351,0.001581,0.001701,0.00178,0.001827,0.001886,0.0017695933333333343,0.0018247666666666748,0.001900533333333337
0.224,0.0007588,0.0008841,0.000984,0.001066,0.001145,0.001229,0.001336,0.001563,0.001683,0.00176,0.001807,0.001865,0.0017511333333333312,0.001797943333333335,0.0018595700000000022
0.228,0.0007492,0.0008729,0.0009716,0.001052,0.001132,0.001215,0.001321,0.001546,0.001664,0.00174,0.001787,0.001845,0.0017310300000000015,0.0017786633333333284,0.0018353099999999973
0.232,0.0007401,0.0008625,0.0009601,0.00104,0.001119,0.001202,0.001308,0.00153,0.001646,0.001721,0.001768,0.001825,0.0017157866666666591,0.001764703333333329,0.001820656666666668
0.236,0.0007318,0.0008529,0.0009495,0.001028,0.001107,0.00119,0.001295,0.001514,0.001628,0.001703,0.001749,0.001806,0.0016956600000000018,0.0017402266666666651,0.001796849999999994
0.24,0.0007241,0.0008439,0.0009397,0.001018,0.001096,0.001178,0.001283,0.001499,0.001611,0.001685,0.001731,0.001788,0.0016784166666666614,0.0017216099999999978,0.0017783100000000032
0.244,0.0007168,0.0008355,0.0009306,0.001008,0.001086,0.001167,0.001271,0.001484,0.001594,0.001667,0.001713,0.00177,0.0016637433333333241,0.0017073533333333349,0.00176416333333333
0.248,0.0007101,0.0008277,0.0009219,0.0009983,0.001076,0.001156,0.00126,0.00147,0.001578,0.00165,0.001696,0.001752,0.0016446633333333316,0.0016928099999999927,0.001758793333333325
0.252,0.0007037,0.0008203,0.0009137,0.0009896,0.001066,0.001146,0.00125,0.001456,0.001562,0.001634,0.001679,0.001735,0.0016300333333333404,0.0016740333333333261,0.001730066666666663
0.256,0.0006978,0.0008135,0.0009058,0.0009815,0.001058,0.001137,0.00124,0.001443,0.001547,0.001618,0.001662,0.001719,0.0016119600000000036,0.0016579466666666633,0.0017354266666666726
0.26,0.0006923,0.0008071,0.0008985,0.0009738,0.001049,0.001128,0.00123,0.001429,0.001532,0.001602,0.001646,0.001702,0.0015958833333333312,0.0016464199999999959,0.0017384466666666616
0.264,0.0006872,0.0008009,0.0008917,0.0009666,0.001041,0.001119,0.001221,0.001415,0.001517,0.001587,0.00163,0.001687,0.0015797500000000013,0.00161781666666667,0.0016851166666666639
0.268,0.0006823,0.0007952,0.0008851,0.0009597,0.001034,0.00111,0.001212,0.001402,0.001503,0.001573,0.001615,0.001672,0.0015676599999999968,0.0016120333333333283,0.0016893533333333347
0.272,0.0006776,0.0007897,0.0008789,0.000953,0.001027,0.001102,0.001203,0.001388,0.001489,0.001558,0.0016,0.001656,0.0015487333333333334,0.0015909866666666602,0.0016730933333333276
0.276,0.0006731,0.0007844,0.0008729,0.0009465,0.001019,0.001095,0.001195,0.001375,0.001475,0.001544,0.001586,0.001642,0.001536129999999994,0.0015801733333333252,0.0016775533333333256
0.28,0.0006688,0.0007791,0.0008672,0.0009404,0.001012,0.001087,0.001187,0.001363,0.001462,0.00153,0.001571,0.001627,0.0015248733333333268,0.0015673399999999922,0.00165943666666666
0.284,0.0006648,0.0007742,0.0008616,0.0009346,0.001006,0.00108,0.001179,0.001351,0.001449,0.001516,0.001557,0.001613,0.0015119266666666674,0.0015541966666666595,0.0016300766666666614
0.288,0.000661,0.0007695,0.0008564,0.000929,0.0009997,0.001073,0.001172,0.00134,0.001436,0.001503,0.001544,0.001599,0.0014998233333333281,0.0015482999999999955,0.0016390700000000016
0.292,0.0006574,0.0007652,0.0008513,0.0009238,0.0009937,0.001066,0.001164,0.001329,0.001423,0.00149,0.001531,0.001586,0.001486809999999997,0.0015282866666666694,0.001598359999999993
0.296,0.0006538,0.0007609,0.0008465,0.0009186,0.0009879,0.00106,0.001157,0.001319,0.001411,0.001477,0.001518,0.001573,0.001471953333333336,0.0015129766666666703,0.001593389999999994
0.3,0.0006505,0.0007569,0.0008419,0.0009136,0.0009822,0.001054,0.00115,0.001309,0.001399,0.001465,0.001505,0.001561,0.001464506666666664,0.0015007633333333306,0.0015605299999999938
0.304,0.0006472,0.0007529,0.0008373,0.0009087,0.0009766,0.001048,0.001144,0.0013,0.001387,0.001453,0.001493,0.001548,0.0014528166666666655,0.001490753333333338,0.0015501766666666612
0.308,0.0006442,0.0007492,0.0008329,0.0009041,0.0009712,0.001042,0.001137,0.00129,0.001376,0.001441,0.001481,0.001536,0.0014402533333333384,0.0014750633333333375,0.001540603333333329
0.312,0.0006412,0.0007454,0.0008286,0.0008996,0.000966,0.001036,0.001131,0.00128,0.001365,0.00143,0.001469,0.001525,0.0014285833333333295,0.0014637,0.001524653333333331
0.316,0.0006384,0.0007418,0.0008245,0.0008955,0.000961,0.00103,0.001124,0.001271,0.001354,0.001419,0.001458,0.001513,0.001418286666666669,0.0014533733333333347,0.0015083633333333284
0.32,0.0006357,0.0007384,0.0008206,0.0008914,0.0009562,0.001025,0.001118,0.001261,0.001343,0.001408,0.001447,0.001502,0.001406993333333337,0.001444606666666661,0.0014992066666666692
0.324,0.0006331,0.0007352,0.0008168,0.0008876,0.0009516,0.00102,0.001113,0.001252,0.001333,0.001397,0.001436,0.001491,0.0013975866666666636,0.0014299099999999963,0.0014851466666666723
0.328,0.0006306,0.0007321,0.0008132,0.0008838,0.0009473,0.001015,0.001107,0.001244,0.001323,0.001386,0.001426,0.001481,0.0013859899999999973,0.00142254333333333,0.0014768800000000044
0.332,0.0006282,0.0007292,0.0008098,0.0008802,0.000943,0.00101,0.001101,0.001236,0.001313,0.001376,0.001415,0.001471,0.0013734666666666618,0.0014105200000000002,0.0014644099999999998
0.336,0.0006259,0.0007264,0.0008066,0.0008769,0.0009389,0.001005,0.001096,0.001227,0.001304,0.001367,0.001406,0.001461,0.0013665566666666684,0.0014057100000000034,0.001459119999999995
0.34,0.0006237,0.0007235,0.0008034,0.0008736,0.0009348,0.001001,0.001091,0.001219,0.001295,0.001357,0.001396,0.001451,0.001355486666666665,0.0013927233333333386,0.001446566666666662
0.344,0.0006217,0.0007209,0.0008004,0.0008706,0.0009309,0.0009964,0.001086,0.001211,0.001286,0.001348,0.001387,0.001442,0.0013470600000000004,0.0013863633333333404,0.00144057
0.348,0.0006198,0.0007184,0.0007974,0.0008677,0.0009271,0.0009922,0.00108,0.001204,0.001277,0.001339,0.001378,0.001433,0.0013377133333333298,0.0013770599999999977,0.0014350066666666702
0.352,0.0006179,0.000716,0.0007946,0.0008649,0.0009234,0.000988,0.001075,0.001197,0.001269,0.00133,0.001369,0.001423,0.0013295399999999971,0.0013665733333333371,0.0014201300000000032
0.356,0.0006162,0.0007138,0.0007919,0.0008623,0.00092,0.0009842,0.001071,0.001191,0.00126,0.001322,0.001361,0.001415,0.0013204233333333282,0.0013597800000000005,0.0014122366666666662
0.36,0.0006146,0.0007116,0.0007894,0.0008599,0.0009167,0.0009804,0.001066,0.001184,0.001253,0.001314,0.001353,0.001407,0.0013129499999999955,0.0013511499999999971,0.0014090799999999966
0.364,0.0006131,0.0007094,0.000787,0.0008576,0.0009136,0.000977,0.001062,0.001177,0.001246,0.001306,0.001345,0.001399,0.0013034599999999948,0.0013470166666666645,0.001418816666666665
0.368,0.0006117,0.0007074,0.0007847,0.0008555,0.0009107,0.0009736,0.001058,0.00117,0.001238,0.001298,0.001337,0.001392,0.0012968300000000003,0.0013371266666666623,0.0013883733333333354
0.372,0.0006102,0.0007055,0.0007823,0.0008534,0.0009078,0.0009704,0.001053,0.001164,0.001231,0.001291,0.00133,0.001384,0.0012899199999999932,0.0013296833333333328,0.0013872166666666656
0.376,0.0006088,0.0007036,0.00078,0.0008512,0.0009048,0.000967,0.001049,0.001158,0.001224,0.001283,0.001323,0.001377,0.0012798833333333298,0.001322126666666671,0.0013769733333333337
0.38,0.0006076,0.0007017,0.0007777,0.000849,0.0009021,0.0009639,0.001045,0.001152,0.001218,0.001276,0.001317,0.00137,0.0012746733333333315,0.0013230933333333384,0.001412756666666663
0.384,0.0006063,0.0006998,0.0007754,0.000847,0.0008992,0.0009608,0.001041,0.001147,0.001212,0.00127,0.00131,0.001364,0.00126612333333333,0.0013106666666666661,0.0013770189999999952
0.388,0.000605,0.0006981,0.0007734,0.0008447,0.0008963,0.0009579,0.001038,0.001141,0.001206,0.001263,0.001304,0.001357,0.0012631433333333334,0.0013045233333333394,0.00136056033333333
0.392,0.0006037,0.0006963,0.0007712,0.0008424,0.0008936,0.000955,0.001034,0.001136,0.0012,0.001257,0.001298,0.001351,0.0012501000000000016,0.0012936300000000018,0.0013377843333333295
0.396,0.0006024,0.0006947,0.000769,0.0008401,0.000891,0.0009523,0.001031,0.001132,0.001195,0.001252,0.001293,0.001345,0.001250809999999998,0.0012930999999999978,0.001342173333333332
0.4,0.0006013,0.0006928,0.0007668,0.0008378,0.0008883,0.0009494,0.001027,0.001127,0.001189,0.001246,0.001288,0.00134,0.001241473333333336,0.0012887000000000029,0.0013429466666666694
0.404,0.0006002,0.000691,0.0007644,0.0008353,0.0008857,0.0009466,0.001024,0.001122,0.001185,0.001241,0.001283,0.001334,0.0012374033333333314,0.0012791666666666648,0.0013242203333333345
0.408,0.000599,0.0006891,0.0007621,0.0008329,0.000883,0.0009437,0.001021,0.001117,0.00118,0.001236,0.001278,0.00133,0.0012308933333333343,0.0012749666666666685,0.0013191600000000002
0.412,0.0005981,0.0006872,0.0007598,0.0008302,0.0008802,0.0009409,0.001017,0.001112,0.001175,0.00123,0.001273,0.001325,0.0012279766666666698,0.001271516666666671,0.0013211196666666715
0.416,0.000597,0.0006853,0.0007575,0.0008277,0.0008774,0.000938,0.001014,0.001108,0.00117,0.001225,0.001268,0.001321,0.0012225133333333324,0.0012668566666666635,0.0013170066666666688
0.42,0.000596,0.0006835,0.0007552,0.000825,0.0008747,0.0009351,0.00101,0.001103,0.001165,0.001221,0.001264,0.001316,0.001215026666666671,0.001261926666666663,0.0013088800000000001
0.424,0.000595,0.0006817,0.0007529,0.0008224,0.000872,0.0009322,0.001007,0.001098,0.00116,0.001216,0.001259,0.001311,0.0012122066666666652,0.001257030000000004,0.0013059466666666705
0.428,0.0005942,0.0006801,0.0007509,0.0008198,0.0008694,0.0009293,0.001004,0.001093,0.001155,0.001211,0.001255,0.001307,0.0012075433333333353,0.0012539500000000022,0.0013020033333333348
0.432,0.0005934,0.0006786,0.0007487,0.0008173,0.0008667,0.0009264,0.001,0.001088,0.001151,0.001206,0.00125,0.001303,0.001201633333333333,0.0012494533333333286,0.0012975733333333334
0.436,0.0005928,0.0006771,0.0007465,0.0008148,0.000864,0.0009234,0.0009969,0.001083,0.001146,0.001202,0.001245,0.001298,0.0011990866666666653,0.001244253333333331,0.0012944433333333344
0.44,0.0005921,0.0006755,0.0007444,0.0008124,0.0008613,0.0009204,0.0009933,0.001078,0.001141,0.001197,0.00124,0.001293,0.0011930533333333357,0.0012375700000000008,0.0012846779999999955
0.444,0.0005915,0.0006737,0.0007422,0.0008099,0.0008585,0.0009174,0.0009897,0.001073,0.001136,0.001192,0.001235,0.001289,0.0011881133333333368,0.0012344833333333299,0.0012852299999999985
0.448,0.000591,0.0006721,0.0007402,0.0008073,0.0008557,0.0009145,0.0009862,0.001068,0.00113,0.001187,0.00123,0.001284,0.0011834266666666644,0.0012284100000000012,0.001278963333333334
0.452,0.0005906,0.0006707,0.0007384,0.0008048,0.000853,0.0009115,0.0009827,0.001063,0.001125,0.001182,0.001225,0.001279,0.0011771600000000007,0.0012227466666666633,0.001270740666666662
0.456,0.0005902,0.0006693,0.0007365,0.0008024,0.0008505,0.0009086,0.0009791,0.001057,0.001119,0.001177,0.00122,0.001274,0.0011700166666666666,0.0012178833333333318,0.0012644133333333308
0.46,0.0005898,0.0006683,0.0007348,0.0008001,0.0008481,0.0009057,0.0009758,0.001052,0.001114,0.001172,0.001214,0.001268,0.001165743333333337,0.0012119299999999982,0.0012571719999999974
0.464,0.0005895,0.0006674,0.0007332,0.000798,0.0008459,0.0009029,0.0009724,0.001047,0.001109,0.001166,0.001209,0.001263,0.001157570000000001,0.0012068533333333342,0.0012504933333333328
0.468,0.0005892,0.0006664,0.0007317,0.000796,0.0008437,0.0009003,0.0009689,0.001042,0.001103,0.001161,0.001203,0.001258,0.0011552266666666692,0.0011965333333333365,0.0012469266666666635
0.472,0.0005891,0.0006655,0.0007302,0.0007941,0.0008415,0.0008978,0.0009653,0.001038,0.001098,0.001156,0.001198,0.001252,0.001153356666666665,0.0011958799999999983,0.0012477466666666619
0.476,0.000589,0.0006646,0.0007289,0.0007922,0.0008394,0.0008955,0.0009614,0.001034,0.001093,0.001151,0.001192,0.001247,0.0011493766666666708,0.0011903500000000034,0.0012436233333333311
0.48,0.0005889,0.0006637,0.0007276,0.0007906,0.0008374,0.0008931,0.0009573,0.00103,0.001087,0.001146,0.001187,0.001241,0.0011438366666666664,0.001185289999999996,0.0012379799999999968
0.484,0.0005888,0.000663,0.0007266,0.000789,0.0008356,0.0008909,0.0009536,0.001026,0.001083,0.001141,0.001181,0.001236,0.0011395033333333358,0.0011809599999999948,0.0012341266666666658
0.488,0.000589,0.0006624,0.0007256,0.0007877,0.000834,0.0008889,0.0009498,0.001021,0.001078,0.001136,0.001176,0.001231,0.0011325333333333366,0.0011745600000000022,0.0012270733333333307
0.492,0.0005891,0.0006621,0.0007248,0.0007864,0.0008325,0.000887,0.0009466,0.001017,0.001073,0.001131,0.001171,0.001227,0.001128379999999998,0.0011705399999999966,0.0012239533333333306
0.496,0.0005892,0.0006616,0.0007239,0.0007853,0.0008312,0.0008852,0.0009438,0.001013,0.001069,0.001126,0.001167,0.001222,0.0011240566666666685,0.0011657299999999948,0.0012184193333333335
0.5,0.0005894,0.0006613,0.0007231,0.0007842,0.00083,0.0008836,0.0009413,0.001009,0.001065,0.001122,0.001162,0.001218,0.0011210966666666722,0.0011613466666666632,0.001216699999999999
0.504,0.0005896,0.000661,0.0007224,0.0007834,0.0008287,0.000882,0.0009393,0.001006,0.001061,0.001118,0.001158,0.001213,0.001117753333333337,0.0011573033333333296,0.0012090080000000025
0.508,0.0005898,0.0006607,0.0007218,0.0007826,0.0008277,0.0008805,0.0009373,0.001003,0.001057,0.001114,0.001154,0.001209,0.0011137766666666688,0.0011529199999999954,0.0012054140000000027
0.512,0.0005901,0.0006605,0.0007213,0.0007818,0.0008266,0.0008792,0.0009351,0.0009996,0.001053,0.00111,0.00115,0.001205,0.001109723333333334,0.0011498699999999988,0.0012026523333333386
0.516,0.0005905,0.0006603,0.0007207,0.0007811,0.0008255,0.0008781,0.000933,0.0009966,0.00105,0.001107,0.001146,0.001202,0.0011058900000000022,0.0011436099999999987,0.001191346999999998
0.52,0.0005907,0.00066,0.0007203,0.0007804,0.0008246,0.000877,0.0009309,0.0009937,0.001046,0.001104,0.001143,0.001198,0.001102919999999997,0.0011404866666666687,0.0011939099999999966
0.524,0.000591,0.0006599,0.0007198,0.0007799,0.0008239,0.000876,0.0009291,0.0009911,0.001043,0.001101,0.00114,0.001195,0.001100026666666667,0.0011388533333333306,0.0011936933333333332
0.528,0.0005914,0.00066,0.0007194,0.0007794,0.0008231,0.0008749,0.0009275,0.0009882,0.001041,0.001097,0.001136,0.001191,0.001097003333333333,0.001135693333333336,0.001187528999999999
0.532,0.0005919,0.00066,0.0007192,0.0007789,0.0008223,0.0008739,0.0009261,0.0009849,0.001038,0.001094,0.001133,0.001188,0.0010933966666666671,0.001131963333333332,0.0011846323333333348
0.536,0.0005923,0.0006599,0.0007189,0.0007786,0.0008216,0.0008729,0.0009249,0.000983,0.001035,0.001091,0.00113,0.001185,0.001090923333333336,0.0011293733333333337,0.0011822289999999975
0.54,0.0005927,0.0006599,0.0007186,0.0007782,0.0008208,0.0008721,0.0009236,0.0009804,0.001032,0.001088,0.001127,0.001182,0.0010880133333333317,0.0011268966666666616,0.0011818900000000014
0.544,0.0005932,0.0006599,0.0007183,0.0007779,0.0008202,0.0008711,0.0009223,0.000978,0.001029,0.001086,0.001125,0.001179,0.0010858366666666635,0.0011243333333333277,0.0011772640000000014
0.548,0.0005937,0.00066,0.0007179,0.0007774,0.0008196,0.0008704,0.0009211,0.0009761,0.001026,0.001084,0.001123,0.001177,0.001083869999999996,0.0011227666666666668,0.0011756973333333334
0.552,0.0005944,0.00066,0.0007176,0.000777,0.000819,0.0008695,0.0009196,0.0009737,0.001024,0.001081,0.00112,0.001174,0.0010804466666666655,0.0011192886666666693,0.0011732500000000024
0.556,0.0005948,0.0006601,0.0007174,0.0007767,0.0008184,0.0008687,0.0009184,0.0009706,0.001021,0.001078,0.001117,0.001171,0.0010771800000000014,0.001116011999999999,0.0011701066666666637
0.56,0.0005952,0.0006601,0.0007172,0.0007764,0.0008177,0.0008679,0.0009173,0.0009687,0.001019,0.001075,0.001114,0.001169,0.0010742426666666652,0.0011131096666666671,0.00116588533333333
0.564,0.0005958,0.0006603,0.0007172,0.0007761,0.0008171,0.0008671,0.0009162,0.0009656,0.001016,0.001072,0.001111,0.001166,0.0010712266666666663,0.00110929633333333,0.0011606980000000002
0.568,0.0005965,0.0006605,0.000717,0.0007758,0.0008165,0.0008664,0.0009151,0.0009631,0.001014,0.00107,0.001108,0.001163,0.0010690133333333327,0.0011072219999999984,0.0011618966666666704
0.572,0.0005971,0.0006607,0.000717,0.0007755,0.000816,0.0008657,0.0009141,0.0009607,0.001012,0.001067,0.001106,0.001161,0.0010664666666666677,0.001105243333333331,0.001160243333333336
0.576,0.0005979,0.0006609,0.0007169,0.0007752,0.0008154,0.0008648,0.0009129,0.0009584,0.00101,0.001064,0.001103,0.001158,0.0010633733333333367,0.0011019633333333343,0.0011572066666666635
0.58,0.0005985,0.000661,0.0007169,0.0007751,0.0008149,0.000864,0.0009117,0.0009558,0.001007,0.001062,0.0011,0.001156,0.001061580000000002,0.0010995699999999963,0.0011543099999999959
0.584,0.0005991,0.0006611,0.0007168,0.0007749,0.0008142,0.0008631,0.0009106,0.0009538,0.001004,0.001059,0.001097,0.001153,0.0010589599999999988,0.0010968133333333326,0.0011532466666666667
0.588,0.0005998,0.0006615,0.0007165,0.0007748,0.0008137,0.0008625,0.0009094,0.0009515,0.001002,0.001057,0.001095,0.001151,0.0010556866666666636,0.0010933366666666712,0.0011488933333333382
0.592,0.0006005,0.0006617,0.0007164,0.0007745,0.0008132,0.0008617,0.0009082,0.0009491,0.0009995,0.001054,0.001092,0.001148,0.0010532799999999982,0.0010904000000000014,0.0011449006666666673
0.596,0.0006012,0.000662,0.0007162,0.0007743,0.0008127,0.0008609,0.0009069,0.0009467,0.0009972,0.001052,0.001089,0.001145,0.0010510499999999985,0.00108793666666667,0.0011446366666666677
0.6,0.0006019,0.0006622,0.0007163,0.0007741,0.0008122,0.0008599,0.0009058,0.000944,0.0009947,0.001049,0.001087,0.001142,0.0010480663333333339,0.0010862400000000022,0.0011395459999999982
0.604,0.0006026,0.0006623,0.0007164,0.0007739,0.0008116,0.0008589,0.0009047,0.0009417,0.0009923,0.001047,0.001084,0.001139,0.0010464233333333335,0.0010831199999999973,0.0011390300000000016
0.608,0.0006033,0.0006625,0.0007163,0.0007737,0.000811,0.000858,0.0009036,0.0009395,0.00099,0.001044,0.001081,0.001136,0.001044093333333329,0.0010804573333333318,0.0011335683333333374
0.612,0.000604,0.0006627,0.0007162,0.0007736,0.0008104,0.0008573,0.0009023,0.0009376,0.0009879,0.001042,0.001079,0.001134,0.0010416266666666621,0.001077254666666664,0.001126508666666669
0.616,0.0006046,0.0006628,0.000716,0.0007733,0.0008098,0.0008564,0.0009011,0.0009352,0.0009855,0.00104,0.001077,0.001131,0.0010395806666666679,0.0010740706666666645,0.001120292333333329
0.62,0.0006052,0.0006631,0.0007158,0.0007733,0.0008093,0.0008556,0.0008996,0.000933,0.0009832,0.001038,0.001074,0.001129,0.0010376200000000008,0.0010720780000000006,0.0011227119999999962
0.624,0.0006059,0.0006633,0.0007157,0.0007732,0.0008088,0.0008548,0.0008983,0.0009305,0.0009806,0.001036,0.001072,0.001126,0.0010353903333333336,0.0010714766666666666,0.0011250656666666665
0.628,0.0006066,0.0006636,0.0007156,0.000773,0.0008082,0.000854,0.0008971,0.0009272,0.0009781,0.001033,0.001069,0.001123,0.0010326566666666699,0.0010683233333333298,0.001121933333333335
0.632,0.0006073,0.0006639,0.0007156,0.0007729,0.000808,0.0008533,0.0008959,0.0009243,0.000976,0.001031,0.001066,0.00112,0.0010306400000000028,0.001065813333333337,0.0011196033333333375
0.636,0.000608,0.0006641,0.0007156,0.0007729,0.0008075,0.0008526,0.0008945,0.0009226,0.000974,0.001029,0.001064,0.001118,0.0010286000000000015,0.0010636733333333375,0.0011172000000000029
0.64,0.0006086,0.0006643,0.0007156,0.0007728,0.000807,0.0008517,0.0008933,0.0009209,0.000972,0.001027,0.001062,0.001115,0.0010268499999999997,0.0010618900000000015,0.0011138053333333328
0.644,0.0006092,0.0006646,0.0007156,0.0007728,0.0008065,0.0008508,0.0008919,0.0009199,0.0009702,0.001025,0.001061,0.001112,0.0010247236666666652,0.0010608533333333323,0.0011117200000000012
0.648,0.00061,0.0006648,0.0007155,0.0007728,0.0008059,0.0008499,0.0008907,0.0009186,0.0009682,0.001023,0.001059,0.001109,0.0010225769999999972,0.0010586733333333318,0.0011084900000000032
0.652,0.0006106,0.000665,0.0007155,0.0007727,0.0008053,0.0008491,0.0008895,0.000916,0.0009664,0.001021,0.001056,0.001106,0.001021159999999996,0.00105625,0.0011058566666666653
0.656,0.0006113,0.0006653,0.0007155,0.0007725,0.0008048,0.0008483,0.0008882,0.000914,0.0009647,0.001019,0.001054,0.001104,0.0010191833333333296,0.0010540999999999999,0.0011032899999999964
0.66,0.000612,0.0006656,0.0007154,0.0007722,0.0008043,0.0008475,0.000887,0.0009119,0.0009628,0.001017,0.001052,0.001102,0.0010170966666666619,0.0010522633333333326,0.0011013033333333304
0.664,0.0006127,0.0006659,0.0007153,0.0007721,0.0008039,0.0008466,0.0008857,0.0009099,0.0009611,0.001015,0.001051,0.001099,0.0010144346666666616,0.0010503900000000026,0.0010982089999999997
0.668,0.0006135,0.0006661,0.0007153,0.0007719,0.0008036,0.0008458,0.0008845,0.000908,0.0009594,0.001014,0.001049,0.001097,0.001013504666666665,0.0010486000000000013,0.0010963566666666654
0.672,0.0006144,0.0006665,0.0007154,0.0007717,0.0008032,0.000845,0.0008834,0.0009063,0.0009577,0.001012,0.001047,0.001094,0.0010115230000000046,0.0010462466666666679,0.0010933166666666663
0.676,0.0006153,0.0006668,0.0007155,0.0007715,0.0008028,0.0008447,0.0008824,0.0009046,0.0009562,0.001011,0.001045,0.001092,0.0010105326666666685,0.0010447100000000001,0.0010917066666666655
0.68,0.0006161,0.0006673,0.0007157,0.000771,0.0008023,0.0008443,0.0008813,0.0009035,0.0009548,0.001009,0.001043,0.00109,0.0010083190000000006,0.0010420139999999987,0.0010878719999999995
0.684,0.0006169,0.0006677,0.0007157,0.0007705,0.0008018,0.0008441,0.0008803,0.0009021,0.0009533,0.001007,0.001041,0.001089,0.0010068186666666672,0.0010408133333333314,0.001088400000000004
0.688,0.0006175,0.000668,0.0007157,0.0007701,0.0008014,0.0008436,0.0008792,0.0009009,0.0009518,0.001006,0.00104,0.001087,0.00100555466666667,0.0010392273333333347,0.001085062000000003
0.692,0.0006181,0.0006683,0.0007157,0.0007701,0.0008011,0.0008429,0.0008782,0.0008996,0.0009503,0.001004,0.001038,0.001085,0.0010039936666666693,0.001037570666666667,0.0010832653333333352
0.696,0.0006189,0.0006688,0.0007159,0.0007701,0.0008009,0.0008421,0.0008772,0.0008984,0.000949,0.001003,0.001036,0.001083,0.001002599333333332,0.001035876666666667,0.0010826500000000003
0.7,0.0006198,0.0006693,0.000716,0.0007704,0.0008006,0.0008417,0.0008765,0.0008972,0.0009477,0.001001,0.001035,0.001081,0.0010007053333333307,0.0010344866666666696,0.0010804899999999988
0.704,0.0006208,0.0006699,0.0007163,0.0007707,0.0008006,0.0008413,0.000876,0.0008961,0.0009467,0.0009997,0.001033,0.001079,0.0009993833333333327,0.0010328533333333367,0.0010785733333333305
0.708,0.0006221,0.0006705,0.0007166,0.0007713,0.0008008,0.0008408,0.0008756,0.0008949,0.0009456,0.0009985,0.001032,0.001077,0.0009981610000000044,0.0010316966666666669,0.0010767899999999972
0.712,0.0006232,0.0006711,0.0007171,0.0007719,0.0008012,0.0008404,0.0008752,0.000894,0.0009447,0.0009973,0.001031,0.001076,0.0009970270000000017,0.001030676666666668,0.0010755966666666662
0.716,0.0006242,0.0006718,0.0007176,0.0007729,0.0008017,0.0008401,0.0008746,0.0008935,0.0009437,0.0009963,0.00103,0.001075,0.0009959160000000032,0.001029453333333331,0.0010743999999999968
0.72,0.0006253,0.0006726,0.0007183,0.0007736,0.0008021,0.0008399,0.000874,0.0008933,0.0009429,0.0009951,0.001028,0.001073,0.0009949380000000016,0.001028046666666664,0.0010728499999999965
0.724,0.0006265,0.0006736,0.0007189,0.0007745,0.0008025,0.0008399,0.0008734,0.0008935,0.0009424,0.000994,0.001027,0.001072,0.0009940356666666651,0.0010271999999999996,0.001072043333333332
0.728,0.0006278,0.0006746,0.0007197,0.0007756,0.0008029,0.0008397,0.0008733,0.0008938,0.0009419,0.0009931,0.001027,0.001071,0.0009932103333333345,0.0010269566666666668,0.0010711766666666614
0.732,0.0006294,0.0006759,0.0007207,0.0007772,0.0008036,0.0008397,0.0008732,0.0008943,0.0009415,0.0009925,0.001026,0.001071,0.000992375666666668,0.0010262666666666699,0.0010706213333333279
0.736,0.000631,0.0006775,0.0007219,0.0007792,0.0008047,0.0008401,0.0008736,0.0008956,0.0009415,0.0009921,0.001026,0.00107,0.0009919773333333319,0.0010260400000000039,0.0010699679999999975
0.74,0.0006327,0.0006793,0.0007237,0.0007817,0.0008062,0.0008411,0.0008745,0.0008972,0.0009418,0.0009922,0.001026,0.00107,0.0009923663333333327,0.0010261400000000037,0.0010701866666666653
0.744,0.0006346,0.0006813,0.0007257,0.0007846,0.000808,0.0008425,0.0008759,0.000899,0.0009423,0.0009924,0.001026,0.00107,0.0009929676666666685,0.0010259746666666707,0.001068074999999999
0.748,0.0006366,0.000684,0.000728,0.0007881,0.0008103,0.0008442,0.0008778,0.0009013,0.0009433,0.000993,0.001026,0.00107,0.0009939379999999998,0.0010268866666666699,0.0010700796666666653
0.752,0.0006389,0.0006869,0.0007307,0.0007922,0.0008128,0.0008461,0.00088,0.0009043,0.0009444,0.0009939,0.001028,0.001071,0.0009951743333333311,0.0010286766666666655,0.001071312999999996
0.756,0.0006415,0.0006897,0.0007336,0.0007971,0.000816,0.0008486,0.0008821,0.000908,0.0009462,0.0009954,0.001029,0.001072,0.000997075999999998,0.0010308566666666682,0.0010738633333333334
0.76,0.0006447,0.0006931,0.0007371,0.0008028,0.0008198,0.000852,0.000885,0.0009141,0.0009487,0.0009972,0.001031,0.001074,0.0009989343333333314,0.0010321580000000026,0.0010740660000000011
0.764,0.0006477,0.0006969,0.0007413,0.0008092,0.0008242,0.000856,0.0008885,0.0009192,0.0009518,0.0009996,0.001033,0.001077,0.001001948999999996,0.0010354033333333376,0.0010792066666666655
0.768,0.000651,0.0007015,0.0007462,0.0008167,0.0008296,0.0008605,0.0008932,0.0009259,0.0009556,0.001003,0.001037,0.00108,0.0010055419999999975,0.0010395500000000034,0.0010827500000000021
0.772,0.0006542,0.0007072,0.000752,0.0008253,0.0008359,0.0008655,0.0008987,0.0009343,0.0009603,0.001007,0.001042,0.001084,0.001009042666666665,0.0010437333333333308,0.0010861766666666658
0.776,0.0006575,0.0007133,0.0007584,0.0008348,0.0008431,0.0008707,0.0009051,0.0009447,0.0009656,0.001011,0.001047,0.001089,0.0010130283333333334,0.0010481616666666678,0.0010909833333333364
0.78,0.0006611,0.0007196,0.0007652,0.0008453,0.0008514,0.0008768,0.0009122,0.0009567,0.0009721,0.001017,0.001053,0.001094,0.001019429999999996,0.0010540466666666708,0.0010961766666666662
0.784,0.0006655,0.0007263,0.0007724,0.0008565,0.00086,0.0008839,0.0009203,0.0009709,0.0009795,0.001024,0.00106,0.001101,0.0010263966666666687,0.001059213000000004,0.0010994060000000005
0.788,0.0006698,0.000733,0.0007801,0.0008682,0.0008687,0.0008919,0.000929,0.0009844,0.0009876,0.001031,0.001068,0.001108,0.0010331380000000029,0.0010656036666666724,0.001105940666666666
0.792,0.0006737,0.00074,0.0007887,0.0008804,0.0008779,0.0009007,0.0009387,0.0009996,0.0009968,0.001039,0.001077,0.001116,0.0010414283333333376,0.0010738919999999977,0.0011173800000000027
0.796,0.0006772,0.0007473,0.0007977,0.000893,0.0008873,0.0009102,0.0009491,0.001016,0.001007,0.001048,0.001088,0.001125,0.0010523199999999963,0.001084091999999998,0.0011363333333333286
0.8,0.0006806,0.0007542,0.0008066,0.0009056,0.000897,0.0009202,0.0009602,0.001033,0.001018,0.001058,0.001098,0.001135,0.0010645900000000026,0.0010946453333333288,0.0011309366666666654
0.804,0.0006839,0.0007607,0.0008147,0.0009176,0.0009076,0.0009306,0.0009718,0.00105,0.001029,0.001068,0.00111,0.001146,0.0010736366666666715,0.0010968043333333328,0.0010891213333333327
0.808,0.0006873,0.0007664,0.000822,0.0009289,0.0009176,0.0009412,0.0009835,0.001067,0.001041,0.001079,0.001123,0.001157,0.001082859999999998,0.0011092833333333333,0.0010898466666666672
0.812,0.0006905,0.0007707,0.0008282,0.0009391,0.0009275,0.0009518,0.0009951,0.001084,0.001052,0.00109,0.001135,0.001169,0.0010954866666666653,0.001132982999999998,0.0011484946666666628
0.816,0.0006926,0.0007738,0.0008333,0.0009478,0.0009362,0.0009617,0.001006,0.0011,0.001064,0.001101,0.001148,0.001181,0.0011061700000000014,0.0011505999999999997,0.0011792766666666617
0.82,0.0006942,0.0007757,0.000837,0.000955,0.0009437,0.0009707,0.001016,0.001115,0.001075,0.001112,0.001161,0.001193,0.0011161400000000022,0.0011599700000000032,0.001185026666666667
0.824,0.0006956,0.000777,0.0008392,0.0009597,0.0009498,0.0009787,0.001024,0.001128,0.001086,0.001122,0.001172,0.001203,0.0011238000000000038,0.0011706400000000032,0.0011950080000000043
0.828,0.0006968,0.0007769,0.0008402,0.0009619,0.0009547,0.000985,0.001031,0.001138,0.001095,0.001131,0.001183,0.001213,0.0011325366666666643,0.001180793333333332,0.0012062956666666705
0.832,0.000698,0.0007765,0.0008403,0.0009616,0.0009577,0.0009895,0.001037,0.001145,0.001102,0.001139,0.001192,0.001222,0.0011387833333333336,0.0011872166666666716,0.001211039000000001
0.836,0.000699,0.000775,0.0008394,0.0009595,0.0009593,0.0009922,0.001041,0.00115,0.001108,0.001145,0.0012,0.00123,0.001146113333333335,0.0011997599999999985,0.0012294966666666692
0.84,0.0007,0.0007733,0.0008377,0.0009559,0.0009588,0.0009931,0.001043,0.001151,0.001112,0.00115,0.001206,0.001235,0.0011499899999999996,0.0012051133333333328,0.001234733333333328
0.844,0.0007011,0.0007715,0.0008352,0.0009515,0.0009566,0.0009923,0.001043,0.001151,0.001115,0.001153,0.001209,0.001239,0.0011530399999999997,0.001207733333333333,0.0012338689999999955
0.848,0.0007025,0.0007701,0.0008323,0.0009461,0.000953,0.0009906,0.001041,0.001147,0.001115,0.001154,0.00121,0.00124,0.0011540366666666633,0.0012077433333333297,0.0012299356666666662
0.852,0.0007041,0.0007687,0.0008292,0.00094,0.0009482,0.0009879,0.001038,0.001142,0.001115,0.001153,0.00121,0.001239,0.0011531766666666662,0.001208069999999996,0.0012349856666666625
0.856,0.0007062,0.0007678,0.0008262,0.0009338,0.0009431,0.0009844,0.001034,0.001135,0.001113,0.001151,0.001207,0.001237,0.0011501100000000045,0.0012040366666666727,0.001228785666666663
0.86,0.0007082,0.0007671,0.0008237,0.000928,0.000938,0.0009803,0.00103,0.001128,0.00111,0.001148,0.001203,0.001234,0.0011477266666666665,0.0012002900000000047,0.0012276110000000048
0.864,0.0007104,0.000767,0.0008216,0.0009227,0.0009333,0.0009761,0.001025,0.00112,0.001106,0.001144,0.001199,0.00123,0.001142716666666665,0.0011931266666666699,0.001219327666666669
0.868,0.0007127,0.0007672,0.0008197,0.0009184,0.000929,0.0009719,0.00102,0.001111,0.001103,0.00114,0.001193,0.001225,0.0011378866666666644,0.0011849533333333343,0.0012121799999999965
0.872,0.0007152,0.0007669,0.0008183,0.0009148,0.0009251,0.000968,0.001016,0.001103,0.0011,0.001136,0.001188,0.00122,0.0011349266666666694,0.0011817233333333362,0.001209653666666665
0.876,0.000718,0.000767,0.0008169,0.0009119,0.0009219,0.0009645,0.001012,0.001096,0.001097,0.001132,0.001182,0.001214,0.0011318566666666686,0.0011766866666666682,0.0012059266666666639
0.88,0.0007207,0.0007669,0.0008158,0.0009097,0.0009193,0.0009615,0.001008,0.001089,0.001094,0.001128,0.001177,0.00121,0.0011283266666666676,0.0011744299999999995,0.0012062899999999962
0.884,0.0007234,0.0007674,0.0008155,0.000908,0.0009171,0.0009591,0.001004,0.001083,0.001091,0.001125,0.001172,0.001205,0.00112532333333333,0.0011706200000000029,0.0012038333333333374
0.888,0.0007263,0.0007688,0.0008157,0.0009067,0.0009153,0.0009572,0.001001,0.001078,0.001089,0.001123,0.001168,0.001201,0.0011232300000000007,0.001167076666666668,0.0012000800000000033
0.892,0.0007296,0.0007706,0.0008163,0.0009058,0.000914,0.0009558,0.0009978,0.001073,0.001088,0.00112,0.001164,0.001197,0.0011209000000000034,0.0011642166666666657,0.001197516666666669
0.896,0.0007332,0.0007724,0.0008173,0.0009051,0.0009128,0.0009543,0.0009956,0.001068,0.001086,0.001119,0.001162,0.001195,0.0011195799999999996,0.0011611299999999983,0.001193650000000002
0.9,0.0007362,0.0007745,0.0008183,0.000905,0.0009123,0.0009534,0.000994,0.001064,0.001086,0.001118,0.001159,0.001192,0.0011180000000000025,0.0011588000000000008,0.0011913466666666724
0.904,0.0007389,0.0007766,0.0008197,0.0009052,0.0009121,0.0009527,0.0009924,0.001061,0.001085,0.001117,0.001158,0.00119,0.0011171966666666652,0.0011574233333333298,0.0011894700000000039
0.908,0.0007414,0.0007792,0.0008215,0.0009059,0.0009123,0.0009525,0.0009914,0.001058,0.001085,0.001117,0.001156,0.001189,0.0011173299999999984,0.0011562333333333288,0.00118884
0.912,0.0007439,0.0007819,0.0008236,0.0009068,0.000913,0.0009526,0.0009906,0.001056,0.001084,0.001117,0.001156,0.001188,0.0011171233333333317,0.0011560099999999957,0.0011883766666666692
0.916,0.0007466,0.0007848,0.0008261,0.000908,0.0009142,0.0009529,0.0009902,0.001054,0.001084,0.001117,0.001155,0.001188,0.0011171899999999984,0.0011553233333333334,0.0011881533333333372
0.92,0.0007503,0.0007879,0.0008288,0.0009094,0.0009152,0.0009535,0.0009901,0.001052,0.001084,0.001118,0.001155,0.001188,0.0011180800000000022,0.0011550666666666682,0.0011882366666666699
0.924,0.0007536,0.0007912,0.0008314,0.0009112,0.0009168,0.0009544,0.0009903,0.001051,0.001084,0.001119,0.001155,0.001189,0.0011189999999999998,0.0011551200000000014,0.001188929999999998
0.928,0.0007574,0.0007947,0.0008342,0.0009132,0.0009184,0.0009555,0.0009905,0.001051,0.001085,0.00112,0.001155,0.001189,0.0011198033333333364,0.001155210000000001,0.0011891133333333307
0.932,0.0007618,0.0007987,0.000837,0.0009156,0.0009203,0.0009571,0.0009909,0.00105,0.001086,0.001121,0.001156,0.001189,0.0011210400000000017,0.0011562066666666645,0.0011897599999999987
0.936,0.0007662,0.0008025,0.0008399,0.0009181,0.0009225,0.0009586,0.0009922,0.00105,0.001086,0.001122,0.001157,0.00119,0.0011218133333333374,0.0011569500000000006,0.001190646666666669
0.94,0.0007707,0.0008068,0.0008432,0.0009207,0.0009251,0.0009606,0.0009936,0.001051,0.001087,0.001123,0.001157,0.001191,0.0011231633333333346,0.0011573600000000016,0.0011908436666666655
0.944,0.0007757,0.0008105,0.0008463,0.0009234,0.0009276,0.0009626,0.0009952,0.001051,0.001088,0.001124,0.001158,0.001193,0.001124593333333337,0.0011591033333333309,0.0011951399999999988
0.948,0.0007804,0.0008148,0.0008496,0.0009264,0.0009303,0.0009647,0.0009968,0.001052,0.001089,0.001125,0.001159,0.001194,0.0011258733333333291,0.001160403333333335,0.0011965466666666615
0.952,0.0007854,0.0008189,0.0008529,0.0009295,0.0009334,0.0009673,0.0009986,0.001053,0.00109,0.001126,0.00116,0.001195,0.001127126666666666,0.0011613433333333314,0.0011973200000000008
0.956,0.0007903,0.0008231,0.0008564,0.0009329,0.0009365,0.0009699,0.001001,0.001054,0.001091,0.001128,0.001161,0.001197,0.0011288366666666672,0.0011627966666666696,0.0011994133333333348
0.96,0.0007947,0.0008274,0.0008605,0.0009363,0.0009398,0.0009726,0.001003,0.001055,0.001093,0.001129,0.001163,0.001198,0.0011306366666666637,0.001164993333333337,0.0012013266666666637
0.964,0.0007989,0.0008318,0.0008645,0.0009395,0.0009432,0.0009755,0.001006,0.001057,0.001094,0.001131,0.001164,0.0012,0.001131809999999997,0.0011655900000000006,0.001202296666666664
0.968,0.0008027,0.0008356,0.0008684,0.0009429,0.0009465,0.0009783,0.001008,0.001059,0.001095,0.001132,0.001165,0.001202,0.0011323566666666676,0.001165920000000004,0.0012027966666666638
0.972,0.0008067,0.0008397,0.000873,0.0009463,0.0009497,0.0009813,0.001011,0.001061,0.001097,0.001134,0.001167,0.001204,0.0011343600000000035,0.0011675633333333303,0.0012048766666666647
0.976,0.0008118,0.0008434,0.000877,0.0009498,0.0009532,0.0009847,0.001014,0.001063,0.001099,0.001136,0.001168,0.001206,0.0011371366666666706,0.0011697166666666675,0.0012083299999999983
0.98,0.0008171,0.0008479,0.0008816,0.0009537,0.000957,0.0009881,0.001018,0.001065,0.001102,0.001138,0.00117,0.001209,0.0011393533333333306,0.0011715800000000028,0.0012094099999999995
0.984,0.0008224,0.0008532,0.0008863,0.0009576,0.0009609,0.0009919,0.001021,0.001069,0.001104,0.001141,0.001172,0.001212,0.0011425766666666687,0.0011723466666666708,0.00120790333333333
0.988,0.0008277,0.0008584,0.0008909,0.0009617,0.0009649,0.0009956,0.001024,0.001072,0.001106,0.001143,0.001174,0.001214,0.0011440066666666697,0.0011749366666666712,0.0012129799999999972
0.992,0.0008325,0.0008634,0.0008956,0.0009661,0.0009686,0.0009995,0.001028,0.001075,0.001109,0.001145,0.001176,0.001217,0.0011467233333333348,0.0011776300000000046,0.001217660000000002
0.996,0.0008377,0.0008681,0.0009005,0.0009706,0.0009726,0.001003,0.001031,0.001077,0.001111,0.001148,0.001178,0.00122,0.0011487599999999995,0.0011792166666666707,0.001219426666666666
1.0,0.0008429,0.0008718,0.0009051,0.0009748,0.0009771,0.001007,0.001035,0.00108,0.001114,0.00115,0.001181,0.001223,0.0011510399999999992,0.001181963333333329,0.0012234066666666635
1.004,0.0008475,0.0008759,0.00091,0.0009791,0.0009818,0.001011,0.001039,0.001083,0.001117,0.001153,0.001183,0.001226,0.0011530199999999996,0.0011823399999999957,0.0012208376666666683
1.008,0.0008517,0.0008807,0.0009146,0.0009833,0.0009866,0.001015,0.001043,0.001087,0.00112,0.001156,0.001186,0.00123,0.0011572033333333296,0.0011869366666666682,0.0012287370000000038
1.012,0.0008562,0.0008861,0.0009198,0.0009875,0.0009912,0.001019,0.001047,0.001091,0.001124,0.001159,0.001189,0.001233,0.0011595633333333346,0.0011897366666666653,0.001232963333333333
1.016,0.0008611,0.000891,0.0009245,0.000992,0.0009956,0.001023,0.001052,0.001095,0.001127,0.001162,0.001192,0.001236,0.001163043333333333,0.001192166666666671,0.0012323333333333331
1.02,0.0008671,0.0008965,0.0009292,0.0009966,0.001,0.001028,0.001056,0.001098,0.001131,0.001165,0.001195,0.001239,0.001166606666666671,0.0011963700000000013,0.0012398233333333303
1.024,0.0008725,0.0009015,0.0009341,0.001001,0.001005,0.001032,0.00106,0.001103,0.001135,0.001169,0.001198,0.001242,0.0011694999999999993,0.001198769999999998,0.0012427733333333349
1.028,0.0008779,0.0009066,0.0009393,0.001006,0.00101,0.001037,0.001065,0.001107,0.001139,0.001172,0.001201,0.001245,0.001173176666666669,0.001202096666666668,0.0012442920000000004
1.032,0.0008825,0.000912,0.000945,0.00101,0.001015,0.001042,0.001069,0.001111,0.001143,0.001176,0.001205,0.001248,0.0011760300000000041,0.0012056233333333371,0.0012485400000000054
1.036,0.0008875,0.0009177,0.0009511,0.001015,0.001019,0.001047,0.001074,0.001115,0.001146,0.00118,0.001208,0.001251,0.001180543333333333,0.0012090399999999948,0.0012520400000000018
1.04,0.0008925,0.0009226,0.0009564,0.001021,0.001024,0.001052,0.001079,0.00112,0.00115,0.001183,0.001212,0.001254,0.0011845133333333285,0.0012132099999999952,0.001254219999999996
1.044,0.0008982,0.0009276,0.0009614,0.001026,0.001029,0.001056,0.001083,0.001125,0.001155,0.001187,0.001216,0.001258,0.001188549999999996,0.0012177899999999968,0.0012596399999999974
1.048,0.0009031,0.0009323,0.0009664,0.001031,0.001035,0.001061,0.001088,0.00113,0.001159,0.001191,0.00122,0.001261,0.0011926499999999978,0.001221763333333332,0.0012625533333333377
1.052,0.0009089,0.0009374,0.0009717,0.001035,0.00104,0.001067,0.001094,0.001135,0.001164,0.001195,0.001224,0.001265,0.0011976966666666666,0.0012263200000000008,0.0012638833333333357
1.056,0.0009136,0.0009425,0.0009772,0.00104,0.001046,0.001072,0.001099,0.001139,0.001169,0.0012,0.001229,0.001269,0.0012021599999999981,0.0012298866666666651,0.0012635633333333378
1.06,0.0009187,0.0009479,0.0009831,0.001046,0.001052,0.001077,0.001104,0.001144,0.001174,0.001204,0.001234,0.001273,0.0012067033333333322,0.0012341700000000056,0.0012601483333333384
1.064,0.0009243,0.0009543,0.000989,0.001052,0.001057,0.001083,0.001109,0.001149,0.001179,0.001209,0.001238,0.001278,0.0012117800000000013,0.001238646666666669,0.0012668360000000017
1.068,0.0009301,0.0009605,0.0009955,0.001058,0.001064,0.001088,0.001115,0.001155,0.001184,0.001214,0.001243,0.001282,0.0012177533333333317,0.001244566666666664,0.0012716000000000027
1.072,0.0009356,0.0009668,0.001002,0.001065,0.00107,0.001094,0.00112,0.001161,0.001189,0.001219,0.001249,0.001287,0.0012221900000000045,0.0012505966666666658,0.001281023333333332
1.076,0.0009421,0.0009735,0.001008,0.001071,0.001076,0.0011,0.001126,0.001168,0.001195,0.001224,0.001254,0.001292,0.0012278133333333357,0.0012567066666666633,0.001286223333333333
1.08,0.0009491,0.0009806,0.001015,0.001078,0.001083,0.001106,0.001132,0.001173,0.001201,0.001229,0.00126,0.001297,0.0012315033333333296,0.0012623333333333306,0.0012962833333333321
1.084,0.0009573,0.0009878,0.001021,0.001084,0.00109,0.001113,0.001138,0.001179,0.001207,0.001235,0.001266,0.001302,0.0012379533333333275,0.001268273333333328,0.0013007700000000032
1.088,0.0009657,0.000996,0.001028,0.00109,0.001097,0.001119,0.001145,0.001185,0.001213,0.001241,0.001272,0.001308,0.0012425299999999956,0.0012725466666666627,0.0013041599999999967
1.092,0.0009735,0.001004,0.001036,0.001097,0.001104,0.001126,0.001152,0.001192,0.00122,0.001247,0.001278,0.001314,0.0012495699999999991,0.0012799599999999988,0.0013116099999999958
1.096,0.0009817,0.001012,0.001043,0.001105,0.001112,0.001133,0.001158,0.001199,0.001226,0.001253,0.001285,0.00132,0.0012551633333333348,0.0012863733333333296,0.0013177166666666596
1.1,0.0009908,0.00102,0.001052,0.001113,0.001119,0.00114,0.001165,0.001206,0.001233,0.00126,0.001293,0.001326,0.001262213333333333,0.0012948666666666609,0.001327636666666661
1.104,0.001001,0.001028,0.001061,0.001122,0.001127,0.001147,0.001173,0.001213,0.00124,0.001267,0.0013,0.001333,0.001269990000000002,0.0013019066666666679,0.0013295533333333278
1.108,0.001014,0.001038,0.00107,0.001131,0.001135,0.001155,0.00118,0.00122,0.001248,0.001274,0.001308,0.00134,0.0012766599999999996,0.0013093666666666624,0.0013353600000000024
1.112,0.001026,0.00105,0.00108,0.00114,0.001143,0.001163,0.001188,0.001228,0.001256,0.001282,0.001317,0.001348,0.001286123333333336,0.0013191133333333366,0.0013375400000000025
1.116,0.001038,0.001062,0.001091,0.00115,0.001152,0.001171,0.001196,0.001236,0.001265,0.00129,0.001326,0.001356,0.0012937900000000047,0.0013285066666666651,0.0013499533333333385
1.12,0.001052,0.001075,0.001101,0.00116,0.001161,0.00118,0.001205,0.001245,0.001274,0.001299,0.001336,0.001365,0.0013013833333333307,0.0013370833333333355,0.0013523200000000032
1.124,0.001066,0.001087,0.001112,0.00117,0.001171,0.001189,0.001214,0.001255,0.001283,0.001308,0.001346,0.001374,0.0013125466666666617,0.001348300000000005,0.0013605399999999945
1.128,0.001081,0.0011,0.001124,0.001182,0.001181,0.001199,0.001224,0.001264,0.001293,0.001318,0.001357,0.001384,0.0013207999999999974,0.0013582433333333324,0.001371956666666664
1.132,0.001097,0.001113,0.001135,0.001193,0.001192,0.001209,0.001234,0.001275,0.001303,0.001328,0.001368,0.001394,0.001328749999999997,0.0013688733333333284,0.0013802366666666689
1.136,0.001113,0.001127,0.001147,0.001206,0.001203,0.00122,0.001245,0.001285,0.001314,0.001339,0.00138,0.001405,0.0013406966666666632,0.0013800333333333311,0.0013831733333333303
1.14,0.001127,0.001141,0.00116,0.001219,0.001215,0.001231,0.001256,0.001296,0.001325,0.00135,0.001392,0.001417,0.001352350000000001,0.0013925733333333358,0.0013961633333333346
1.144,0.001141,0.001155,0.001173,0.001232,0.001227,0.001243,0.001268,0.001308,0.001337,0.001362,0.001404,0.001429,0.001362406666666661,0.0014057966666666702,0.0014122800000000062
1.148,0.001155,0.001169,0.001186,0.001246,0.001239,0.001255,0.00128,0.001321,0.001349,0.001374,0.001417,0.001442,0.0013752166666666603,0.0014189600000000019,0.0014191066666666683
1.152,0.001169,0.001182,0.001201,0.00126,0.001252,0.001267,0.001292,0.001334,0.001362,0.001387,0.001431,0.001456,0.0013880533333333377,0.0014335400000000014,0.0014398566666666737
1.156,0.001182,0.001196,0.001215,0.001274,0.001265,0.001279,0.001305,0.001348,0.001375,0.001401,0.001445,0.00147,0.0014015966666666648,0.0014461999999999956,0.0014508266666666742
1.16,0.001195,0.001209,0.001228,0.001288,0.001278,0.001292,0.001318,0.001362,0.001389,0.001416,0.00146,0.001485,0.001416896666666659,0.0014615100000000029,0.001469463333333335
1.164,0.001208,0.001222,0.00124,0.001301,0.001291,0.001305,0.001332,0.001376,0.001404,0.001431,0.001475,0.001501,0.0014323300000000003,0.00147998666666667,0.0014948699999999928
1.168,0.00122,0.001234,0.001253,0.001315,0.001304,0.001319,0.001345,0.001391,0.001419,0.001447,0.001491,0.001517,0.001447866666666661,0.0014947066666666704,0.0015067699999999954
1.172,0.001232,0.001246,0.001265,0.001329,0.001318,0.001333,0.001359,0.001405,0.001434,0.001463,0.001507,0.001533,0.0014637933333333292,0.00150865333333333,0.0015038033333333366
1.176,0.001243,0.001258,0.001277,0.001342,0.001332,0.001347,0.001373,0.00142,0.00145,0.00148,0.001524,0.00155,0.001478376666666662,0.0015214833333333398,0.001504539999999999
1.18,0.001255,0.00127,0.00129,0.001356,0.001346,0.001362,0.001387,0.001436,0.001467,0.001498,0.001541,0.001567,0.0015007499999999995,0.0015435533333333354,0.0015473766666666644
1.184,0.001266,0.001282,0.001302,0.00137,0.001359,0.001376,0.001402,0.001451,0.001484,0.001516,0.001559,0.001585,0.001515703333333337,0.0015597766666666615,0.0015579666666666672
1.188,0.001278,0.001294,0.001314,0.001383,0.001373,0.001391,0.001417,0.001467,0.001502,0.001535,0.001577,0.001604,0.0015403766666666713,0.0015832899999999967,0.0015817466666666643
1.192,0.001289,0.001305,0.001325,0.001395,0.001387,0.001405,0.001432,0.001483,0.00152,0.001554,0.001594,0.001622,0.0015605466666666669,0.0016006633333333297,0.0015938666666666706
1.196,0.0013,0.001316,0.001337,0.001407,0.001401,0.001419,0.001447,0.001499,0.001537,0.001573,0.001612,0.00164,0.0015770733333333306,0.0016142466666666682,0.0016289099999999928
1.2,0.001309,0.001326,0.001349,0.001419,0.001414,0.001433,0.001462,0.001516,0.001555,0.001593,0.00163,0.001658,0.0015964933333333378,0.001634350000000003,0.0016526233333333303
1.204,0.00132,0.001337,0.00136,0.001431,0.001427,0.001447,0.001476,0.001531,0.001572,0.001612,0.001648,0.001676,0.0016155366666666699,0.0016520566666666622,0.0016682966666666699
1.208,0.001329,0.001347,0.001371,0.001442,0.00144,0.001461,0.001492,0.001548,0.001591,0.001632,0.001667,0.001694,0.001636506666666673,0.0016676266666666606,0.0016751233333333275
1.212,0.001339,0.001357,0.001382,0.001454,0.001453,0.001475,0.001507,0.001564,0.001609,0.001651,0.001686,0.001713,0.0016533533333333399,0.0016901700000000034,0.0017040533333333371
1.216,0.001348,0.001367,0.001393,0.001466,0.001467,0.00149,0.001522,0.001581,0.001627,0.001671,0.001705,0.001731,0.0016737366666666623,0.0017054266666666703,0.0017263199999999978
1.22,0.001358,0.001377,0.001405,0.001478,0.00148,0.001504,0.001537,0.001599,0.001646,0.001691,0.001725,0.001751,0.0016922833333333324,0.0017219199999999953,0.0017465933333333328
1.224,0.001367,0.001388,0.001417,0.00149,0.001494,0.001519,0.001553,0.001616,0.001664,0.001711,0.001744,0.00177,0.0017099866666666723,0.001738966666666671,0.001745809999999998
1.228,0.001377,0.001399,0.001429,0.001503,0.001508,0.001533,0.001568,0.001632,0.001683,0.00173,0.001763,0.00179,0.0017304000000000041,0.0017564100000000027,0.0017686366666666696
1.232,0.001387,0.001409,0.001441,0.001515,0.001522,0.001548,0.001585,0.00165,0.001702,0.001749,0.001782,0.001809,0.0017475000000000019,0.001771153333333337,0.0017876266666666685
1.236,0.001395,0.00142,0.001453,0.001528,0.001535,0.001563,0.001601,0.001667,0.00172,0.001767,0.0018,0.001827,0.0017662233333333366,0.0018001533333333408,0.0018152866666666738
1.24,0.001404,0.001431,0.001465,0.00154,0.001549,0.001578,0.001617,0.001684,0.001739,0.001786,0.001819,0.001845,0.0017860466666666693,0.0018187400000000031,0.0018297366666666644
1.244,0.001413,0.001441,0.001477,0.001552,0.001563,0.001594,0.001634,0.001701,0.001757,0.001805,0.001837,0.001863,0.0018015766666666648,0.0018297799999999953,0.0018464599999999975
1.248,0.001421,0.001451,0.00149,0.001565,0.001578,0.001609,0.001651,0.001718,0.001776,0.001823,0.001856,0.001882,0.0018235000000000052,0.0018534433333333366,0.0018416233333333344
1.252,0.00143,0.001461,0.001501,0.001578,0.001593,0.001625,0.001668,0.001735,0.001794,0.001842,0.001874,0.0019,0.0018374300000000053,0.0018603733333333317,0.0018712533333333393
1.256,0.001439,0.001471,0.001513,0.00159,0.001608,0.001641,0.001685,0.001753,0.001813,0.00186,0.001893,0.001919,0.0018512266666666595,0.0018738299999999971,0.0018810533333333363
1.26,0.001448,0.001483,0.001526,0.001604,0.001623,0.001656,0.001701,0.00177,0.001832,0.001878,0.001911,0.001937,0.0018736933333333321,0.0019024266666666633,0.0018941800000000031
1.264,0.001457,0.001493,0.001539,0.001617,0.001638,0.001672,0.001719,0.001788,0.001851,0.001897,0.00193,0.001956,0.001896929999999999,0.0019308066666666598,0.001908666666666668
1.268,0.001466,0.001504,0.001551,0.001631,0.001653,0.001689,0.001736,0.001805,0.001869,0.001915,0.001948,0.001974,0.001910489999999999,0.0019428233333333314,0.0019362566666666625
1.272,0.001476,0.001516,0.001564,0.001645,0.001668,0.001705,0.001753,0.001822,0.001888,0.001933,0.001967,0.001993,0.0019253233333333334,0.0019547833333333374,0.001961030000000006
1.276,0.001485,0.001527,0.001577,0.00166,0.001684,0.001722,0.001771,0.00184,0.001906,0.00195,0.001985,0.002011,0.001945903333333336,0.00198111666666667,0.001970403333333331
1.28,0.001495,0.001539,0.00159,0.001674,0.0017,0.001739,0.001789,0.001857,0.001924,0.001968,0.002003,0.002029,0.001962200000000004,0.0019979533333333264,0.0019938499999999954
1.284,0.001505,0.001552,0.001604,0.001689,0.001716,0.001756,0.001806,0.001875,0.001942,0.001986,0.002021,0.002047,0.0019800633333333342,0.0020166400000000036,0.002029096666666673
1.288,0.001515,0.001564,0.001617,0.001704,0.001733,0.001774,0.001825,0.001892,0.00196,0.002004,0.002039,0.002065,0.0020012466666666714,0.002039393333333341,0.002029369999999996
1.292,0.001525,0.001576,0.001631,0.001719,0.001749,0.001791,0.001843,0.00191,0.001978,0.002022,0.002057,0.002082,0.0020197033333333382,0.0020570666666666604,0.00202870666666666
1.296,0.001536,0.001589,0.001646,0.001735,0.001766,0.001808,0.00186,0.001927,0.001996,0.002039,0.002075,0.0021,0.0020372466666666745,0.002077946666666669,0.002035303333333327
1.3,0.001548,0.001603,0.00166,0.001751,0.001783,0.001825,0.001878,0.001945,0.002014,0.002056,0.002092,0.002117,0.002054799999999998,0.0020959799999999956,0.002068173333333331
1.304,0.00156,0.001616,0.001675,0.001767,0.0018,0.001842,0.001895,0.001962,0.002031,0.002074,0.00211,0.002135,0.002072286666666672,0.0021120633333333253,0.0020855099999999988
1.308,0.001572,0.00163,0.00169,0.001784,0.001816,0.00186,0.001913,0.001979,0.002049,0.002092,0.002128,0.002153,0.002086943333333328,0.0021257433333333395,0.0021025299999999957
1.312,0.001584,0.001644,0.001705,0.0018,0.001833,0.001878,0.001931,0.001996,0.002067,0.00211,0.002146,0.00217,0.0021071999999999914,0.002146256666666662,0.002133356666666668
1.316,0.001597,0.001659,0.001721,0.001817,0.001851,0.001896,0.001949,0.002013,0.002084,0.002127,0.002164,0.002188,0.002126596666666659,0.002167226666666672,0.0021399766666666685
1.32,0.001611,0.001673,0.001737,0.001833,0.001869,0.001914,0.001967,0.00203,0.002102,0.002145,0.002181,0.002205,0.0021431166666666616,0.0021822133333333285,0.00215304333333334
1.324,0.001625,0.001688,0.001754,0.00185,0.001887,0.001933,0.001985,0.002048,0.002119,0.002162,0.002198,0.002222,0.00215574333333333,0.0021934066666666648,0.00216768333333333
1.328,0.001639,0.001704,0.00177,0.001867,0.001905,0.001951,0.002003,0.002066,0.002137,0.002179,0.002216,0.00224,0.002179210000000001,0.0022207566666666654,0.002188786666666673
1.332,0.001654,0.00172,0.001787,0.001884,0.001923,0.001969,0.002021,0.002084,0.002154,0.002197,0.002233,0.002257,0.0021931466666666698,0.0022330766666666703,0.0022104266666666673
1.336,0.001669,0.001736,0.001804,0.001901,0.001942,0.001987,0.002039,0.002101,0.002172,0.002214,0.002251,0.002275,0.0022072433333333408,0.0022471900000000013,0.0022285133333333437
1.34,0.001685,0.001753,0.001821,0.001918,0.001961,0.002006,0.002058,0.002118,0.00219,0.002232,0.002269,0.002293,0.002231866666666674,0.0022748466666666655,0.0022199899999999968
1.344,0.001701,0.00177,0.001839,0.001937,0.001979,0.002025,0.002076,0.002136,0.002208,0.00225,0.002287,0.002311,0.002254099999999991,0.002296900000000002,0.002252286666666662
1.348,0.001717,0.001787,0.001857,0.001955,0.001999,0.002045,0.002096,0.002154,0.002226,0.002269,0.002306,0.002329,0.0022666099999999966,0.002307103333333334,0.0022851033333333424
1.352,0.001734,0.001805,0.001876,0.001975,0.002018,0.002066,0.002115,0.002173,0.002245,0.002287,0.002325,0.002348,0.002285900000000003,0.0023278333333333406,0.002293430000000008
1.356,0.001751,0.001824,0.001895,0.001994,0.002038,0.002086,0.002135,0.002191,0.002264,0.002306,0.002344,0.002367,0.0022995100000000016,0.0023406300000000085,0.002307583333333339
1.36,0.001769,0.001843,0.001915,0.002013,0.002059,0.002106,0.002156,0.002211,0.002283,0.002326,0.002363,0.002387,0.00232911333333334,0.002372183333333338,0.002328163333333334
1.364,0.001788,0.001862,0.001934,0.002034,0.00208,0.002127,0.002176,0.00223,0.002303,0.002346,0.002383,0.002406,0.0023455499999999953,0.002388633333333343,0.0023355766666666744
1.368,0.001808,0.001883,0.001955,0.002053,0.002101,0.002149,0.002196,0.00225,0.002323,0.002366,0.002403,0.002426,0.002360453333333326,0.002403156666666675,0.002355626666666673
1.372,0.001828,0.001903,0.001975,0.002074,0.002123,0.00217,0.002217,0.00227,0.002343,0.002386,0.002422,0.002445,0.0023775966666666646,0.002415513333333339,0.002387510000000003
1.376,0.001849,0.001924,0.001996,0.002095,0.002145,0.002192,0.002239,0.002291,0.002363,0.002405,0.002442,0.002465,0.0024040666666666627,0.002444906666666678,0.002414696666666674
1.38,0.001869,0.001944,0.002018,0.002117,0.002167,0.002214,0.00226,0.002312,0.002384,0.002426,0.002463,0.002485,0.0024226666666666724,0.002464466666666665,0.002423003333333329
1.384,0.001891,0.001966,0.00204,0.002139,0.00219,0.002237,0.002282,0.002333,0.002405,0.002447,0.002483,0.002506,0.0024520099999999915,0.0024931066666666717,0.0024496933333333377
1.388,0.001913,0.001988,0.002063,0.002161,0.002214,0.002259,0.002305,0.002355,0.002426,0.002468,0.002504,0.002526,0.0024761600000000085,0.0025187399999999907,0.002466286666666667
1.392,0.001935,0.002011,0.002086,0.002184,0.002238,0.002283,0.002327,0.002377,0.002448,0.002489,0.002525,0.002547,0.00249396333333333,0.002534103333333332,0.0025258033333333298
1.396,0.001958,0.002034,0.00211,0.002208,0.002261,0.002306,0.00235,0.002399,0.00247,0.002511,0.002547,0.002568,0.002516276666666673,0.0025546233333333303,0.00252906666666667
1.4,0.001982,0.002058,0.002134,0.002232,0.002285,0.00233,0.002373,0.002421,0.002492,0.002533,0.002568,0.00259,0.0025342833333333366,0.002572106666666669,0.0025492666666666604
1.404,0.002006,0.002083,0.002158,0.002256,0.002309,0.002354,0.002396,0.002444,0.002515,0.002555,0.00259,0.002612,0.002552793333333322,0.0025911566666666584,0.002562323333333322
1.408,0.002031,0.002108,0.002183,0.002281,0.002334,0.002378,0.00242,0.002466,0.002537,0.002577,0.002613,0.002634,0.0025786600000000095,0.002613753333333321,0.00258562000000001
1.412,0.002056,0.002133,0.002208,0.002306,0.002359,0.002401,0.002443,0.002489,0.00256,0.0026,0.002636,0.002657,0.0026034466666666773,0.0026354333333333296,0.0026048666666666767
1.416,0.002081,0.002158,0.002233,0.002331,0.002384,0.002426,0.002467,0.002513,0.002584,0.002623,0.002659,0.00268,0.0026270866666666722,0.0026598033333333293,0.0026084200000000067
1.42,0.002107,0.002183,0.002259,0.002356,0.002409,0.002451,0.002492,0.002537,0.002608,0.002647,0.002682,0.002703,0.002643769999999991,0.0026804299999999923,0.002643406666666673
1.424,0.002133,0.002209,0.002284,0.002382,0.002434,0.002476,0.002517,0.002561,0.002632,0.00267,0.002706,0.002727,0.002680346666666655,0.002718499999999996,0.0026175100000000034
1.428,0.002159,0.002236,0.00231,0.002408,0.002459,0.002501,0.002542,0.002586,0.002656,0.002695,0.00273,0.00275,0.0027068233333333346,0.002740283333333339,0.002661433333333335
1.432,0.002186,0.002263,0.002336,0.002435,0.002485,0.002527,0.002568,0.002611,0.002681,0.00272,0.002755,0.002775,0.002729580000000009,0.0027643199999999907,0.0027022533333333322
1.436,0.002213,0.00229,0.002362,0.002462,0.002511,0.002553,0.002593,0.002636,0.002706,0.002744,0.002779,0.002799,0.002741216666666664,0.002778113333333323,0.0027248100000000007
1.44,0.00224,0.002316,0.002388,0.002489,0.002537,0.002579,0.002619,0.002662,0.002732,0.002769,0.002803,0.002823,0.0027638933333333404,0.002795659999999999,0.002773383333333344
1.444,0.002267,0.002343,0.002415,0.002517,0.002563,0.002606,0.002645,0.002688,0.002757,0.002794,0.002827,0.002847,0.0027857199999999954,0.0028127633333333403,0.0027891633333333426
1.448,0.002295,0.00237,0.002442,0.002544,0.00259,0.002632,0.002672,0.002714,0.002782,0.002818,0.002852,0.002871,0.0028085799999999937,0.002836523333333328,0.0028213066666666602
1.452,0.002323,0.002398,0.002469,0.002572,0.002617,0.002659,0.002698,0.00274,0.002806,0.002843,0.002876,0.002895,0.0028334266666666733,0.0028545833333333288,0.0028238866666666592
1.456,0.002351,0.002426,0.002497,0.0026,0.002644,0.002686,0.002724,0.002765,0.002832,0.002867,0.002901,0.00292,0.0028475833333333287,0.0028503700000000053,0.002831860000000004
1.46,0.00238,0.002454,0.002524,0.002628,0.002671,0.002712,0.00275,0.002791,0.002858,0.002893,0.002926,0.002945,0.0028768300000000047,0.002891039999999995,0.0028654866666666568
1.464,0.002409,0.002483,0.002552,0.002655,0.002698,0.002738,0.002776,0.002817,0.002883,0.002918,0.002951,0.00297,0.0029083633333333247,0.0029351866666666713,0.002905140000000001
1.468,0.002439,0.002511,0.002581,0.002683,0.002724,0.002764,0.002802,0.002843,0.002909,0.002943,0.002976,0.002994,0.0029358466666666674,0.0029630699999999917,0.0029265100000000137
1.472,0.002469,0.002541,0.002609,0.00271,0.002751,0.002791,0.002829,0.002869,0.002935,0.002968,0.003002,0.003019,0.0029573466666666646,0.0029886899999999835,0.002939786666666668
1.476,0.0025,0.002571,0.002638,0.002739,0.002777,0.002818,0.002856,0.002896,0.002961,0.002994,0.003027,0.003044,0.0029914866666666796,0.003017279999999997,0.002930273333333345
1.48,0.002531,0.002601,0.002667,0.002767,0.002804,0.002845,0.002882,0.002923,0.002987,0.003019,0.003052,0.003069,0.0030126099999999998,0.003030343333333348,0.002954329999999997
1.484,0.002562,0.002632,0.002696,0.002796,0.002831,0.002872,0.002909,0.002949,0.003013,0.003044,0.003077,0.003094,0.003034420000000012,0.003036120000000001,0.0029972266666666763
1.488,0.002593,0.002662,0.002725,0.002824,0.002859,0.0029,0.002936,0.002976,0.003039,0.00307,0.003102,0.003118,0.003067726666666676,0.0030811733333333457,0.0030328499999999928
1.492,0.002624,0.002692,0.002754,0.002852,0.002886,0.002927,0.002963,0.003003,0.003065,0.003095,0.003127,0.003143,0.0030956399999999937,0.0031200399999999993,0.003064690000000001
1.496,0.002656,0.002722,0.002783,0.002881,0.002914,0.002954,0.002991,0.003029,0.003091,0.003121,0.003152,0.003168,0.0031170933333333427,0.0031491533333333436,0.0030725733333333196
1.5,0.002687,0.002752,0.002813,0.00291,0.002941,0.002981,0.003018,0.003056,0.003117,0.003146,0.003177,0.003193,0.0031613399999999925,0.0031939599999999957,0.0029901433333333325
